time,x_state,y_state,z_state,psi_state,mpc_cmd_psi,mpc_cmd_omega,mpc_cmd_vel
1744878805279619.0,-1320.97,-2440.41,0.603288,0.0,6.13163,-0.151559,60.0
1744878805299207.0,-1320.97,-2440.41,0.603288,0.0,6.12653,-0.156655,60.0
1744878805319777.0,-1320.97,-2440.41,0.603288,0.0,6.12608,-0.157101,60.0
1744878805340363.0,-1320.97,-2440.41,0.603288,0.0,6.15042,-0.132761,60.0
1744878805361017.0,-1320.97,-2440.41,0.603288,0.0,6.18807,-0.0951201,60.0
1744878805381797.0,-1320.97,-2440.41,0.603288,0.0,6.13184,-0.151342,60.0
1744878805402639.0,-1320.97,-2440.41,0.603288,0.0,6.27686,-0.00632688,60.0
1744878805423162.0,-1320.97,-2440.41,0.603288,0.0,6.23628,-0.0469042,60.0
1744878805443792.0,-1320.97,-2440.41,0.603288,0.0,6.20203,-0.081158,60.0
1744878805464320.0,-1320.97,-2440.41,0.603288,0.0,0.0123921,0.0123921,60.0
1744878805485046.0,-1320.97,-2440.41,0.603288,0.0,6.13103,-0.152156,60.0
1744878805505710.0,-1320.97,-2440.41,0.603288,0.0,6.13901,-0.144173,60.0
1744878805526682.0,-1320.97,-2440.41,0.603288,0.0,6.22696,-0.0562278,60.0
1744878805547258.0,-1320.97,-2440.41,0.603288,0.0,6.1276,-0.155589,60.0
1744878805567765.0,-1320.97,-2440.41,0.603288,0.0,6.12363,-0.159554,60.0
1744878805588387.0,-1320.97,-2440.41,0.603288,0.0,0.124189,0.124189,60.0
1744878805608964.0,-1320.97,-2440.41,0.603288,0.0,6.1893,-0.0938884,60.0
1744878805629724.0,-1320.97,-2440.41,0.603288,0.0,6.14161,-0.141575,60.0
1744878805650887.0,-1320.97,-2440.41,0.603288,0.0,6.20087,-0.082315,60.0
1744878805671520.0,-1320.97,-2440.41,0.603288,0.0,6.19654,-0.0866489,60.0
1744878805692071.0,-1320.97,-2440.41,0.603288,0.0,0.00875476,0.00875476,60.0
1744878805713628.0,-1320.97,-2440.41,0.603288,0.0,6.14115,-0.142034,60.0
1744878805734384.0,-1320.97,-2440.41,0.603288,0.0,6.16811,-0.115077,60.0
1744878805755166.0,-1320.97,-2440.41,0.603288,0.0,6.21023,-0.0729599,60.0
1744878805775907.0,-1320.97,-2440.41,0.603288,0.0,6.24753,-0.0356525,60.0
1744878805797295.0,-1320.97,-2440.41,0.603288,0.0,0.152638,0.152638,60.0
1744878805818133.0,-1320.97,-2440.41,0.603288,0.0,0.038073,0.038073,60.0
1744878805838493.0,-1320.97,-2440.41,0.603288,0.0,6.14243,-0.140755,60.0
1744878805859714.0,-1320.97,-2440.41,0.603288,0.0,6.16193,-0.121254,60.0
1744878805880599.0,-1320.97,-2440.41,0.603288,0.0,6.18479,-0.0983971,60.0
1744878805901312.0,-1320.97,-2440.41,0.603288,0.0,6.13145,-0.151733,60.0
1744878805922148.0,-1320.97,-2440.41,0.603288,0.0,6.27538,-0.00780808,60.0
1744878805942990.0,-1320.97,-2440.41,0.603288,0.0,6.18384,-0.099346,60.0
1744878805963619.0,-1320.97,-2440.41,0.603288,0.0,6.19542,-0.0877693,60.0
1744878805984499.0,-1320.97,-2440.41,0.603288,0.0,6.13895,-0.14423,60.0
1744878806005273.0,-1320.97,-2440.41,0.603288,0.0,6.12295,-0.160237,60.0
1744878806025989.0,-1320.97,-2440.41,0.603288,0.0,6.28102,-0.0021631,60.0
1744878806046889.0,-1320.97,-2440.41,0.603288,0.0,0.12498,0.12498,60.0
1744878806071656.0,-1320.97,-2440.41,0.603288,0.0,6.2068,-0.0763843,60.0
1744878806092230.0,-1320.97,-2440.41,0.603288,0.0,6.24723,-0.0359558,60.0
1744878806112802.0,-1320.97,-2440.41,0.603288,0.0,0.0364355,0.0364355,60.0
1744878806133595.0,-1320.97,-2440.41,0.603288,0.0,6.14041,-0.142779,60.0
1744878806154283.0,-1320.97,-2440.41,0.603288,0.0,0.0889126,0.0889126,60.0
1744878806174928.0,-1320.97,-2440.41,0.603288,0.0,6.19164,-0.0915483,60.0
1744878806195766.0,-1320.97,-2440.41,0.603288,0.0,6.18106,-0.102128,60.0
1744878806216238.0,-1320.97,-2440.41,0.603288,0.0,0.0399307,0.0399307,60.0
1744878806236927.0,-1320.97,-2440.41,0.603288,0.0,6.12125,-0.161939,60.0
1744878806257642.0,-1320.97,-2440.41,0.603288,0.0,6.13429,-0.148896,60.0
1744878806278515.0,-1320.97,-2440.41,0.603288,0.0,0.0659742,0.0659742,60.0
1744878806299349.0,-1320.97,-2440.41,0.603288,0.0,0.15417,0.15417,60.0
1744878806320070.0,-1320.97,-2440.41,0.603288,0.0,0.0258099,0.0258099,60.0
1744878806341050.0,-1320.97,-2440.41,0.603288,0.0,6.22498,-0.0582025,60.0
1744878806361803.0,-1320.97,-2440.41,0.603288,0.0,6.20768,-0.0755089,60.0
1744878806382947.0,-1320.97,-2440.41,0.603288,0.0,6.2565,-0.0266819,60.0
1744878806404659.0,-1320.97,-2440.41,0.603288,0.0,6.13063,-0.152559,60.0
1744878806425859.0,-1320.97,-2440.41,0.603288,0.0,6.19357,-0.0896178,60.0
1744878806446412.0,-1320.97,-2440.41,0.603288,0.0,6.15656,-0.12662,60.0
1744878806467222.0,-1320.97,-2440.41,0.603288,0.0,6.13005,-0.153138,60.0
1744878806487942.0,-1320.97,-2440.41,0.603288,0.0,6.19803,-0.0851564,60.0
1744878806508859.0,-1320.97,-2440.41,0.603288,0.0,0.0239728,0.0239728,60.0
1744878806529904.0,-1320.97,-2440.41,0.603288,0.0,6.14774,-0.135447,60.0
1744878806550768.0,-1320.97,-2440.41,0.603288,0.0,6.14345,-0.139734,60.0
1744878806571821.0,-1320.97,-2440.41,0.603288,0.0,6.16078,-0.122405,60.0
1744878806592620.0,-1320.97,-2440.41,0.603288,0.0,6.17295,-0.110231,60.0
1744878806613445.0,-1320.97,-2440.41,0.603288,0.0,6.16639,-0.116795,60.0
1744878806636476.0,-1320.97,-2440.41,0.603288,0.0,6.18705,-0.096134,60.0
1744878806657865.0,-1320.97,-2440.41,0.603288,0.0,6.12845,-0.154732,60.0
1744878806678686.0,-1320.97,-2440.41,0.603288,0.0,6.18043,-0.102756,60.0
1744878806699583.0,-1320.97,-2440.41,0.603288,0.0,6.18534,-0.0978432,60.0
1744878806720249.0,-1320.97,-2440.41,0.603288,0.0,6.14239,-0.140796,60.0
1744878806742205.0,-1320.97,-2440.41,0.603288,0.0,0.0143306,0.0143306,60.0
1744878806762927.0,-1320.97,-2440.41,0.603288,0.0,6.14814,-0.135042,60.0
1744878806783579.0,-1320.97,-2440.41,0.603288,0.0,6.18959,-0.0935999,60.0
1744878806804379.0,-1320.97,-2440.41,0.603288,0.0,6.1314,-0.151781,60.0
1744878806825057.0,-1320.97,-2440.41,0.603288,0.0,6.16354,-0.119649,60.0
1744878806846633.0,-1320.97,-2440.41,0.603288,0.0,6.158,-0.125185,60.0
1744878806867055.0,-1320.97,-2440.41,0.603288,0.0,6.14505,-0.138136,60.0
1744878806887628.0,-1320.97,-2440.41,0.603288,0.0,6.12397,-0.159214,60.0
1744878806908343.0,-1320.97,-2440.41,0.603288,0.0,6.26615,-0.0170392,60.0
1744878806929136.0,-1320.97,-2440.41,0.603288,0.0,0.0307887,0.0307887,60.0
1744878806950085.0,-1320.97,-2440.41,0.603288,0.0,6.17946,-0.103727,60.0
1744878806970770.0,-1320.97,-2440.41,0.603288,0.0,6.19348,-0.0897007,60.0
1744878806991577.0,-1320.97,-2440.41,0.603288,0.0,6.13567,-0.147514,60.0
1744878807012402.0,-1320.97,-2440.41,0.603288,0.0,0.0636252,0.0636252,60.0
1744878807033116.0,-1320.97,-2440.41,0.603288,0.0,6.129,-0.154184,60.0
1744878807053799.0,-1320.97,-2440.41,0.603288,0.0,6.16558,-0.117602,60.0
1744878807074524.0,-1320.97,-2440.41,0.603288,0.0,6.12803,-0.155156,60.0
1744878807096968.0,-1320.97,-2440.41,0.603288,0.0,6.1358,-0.147386,60.0
1744878807117682.0,-1320.97,-2440.41,0.603288,0.0,6.13326,-0.14993,60.0
1744878807138851.0,-1320.97,-2440.41,0.603288,0.0,6.20502,-0.0781672,60.0
1744878807160722.0,-1320.97,-2440.41,0.603288,0.0,0.0797179,0.0797179,60.0
1744878807181409.0,-1320.97,-2440.41,0.603288,0.0,6.15464,-0.128542,60.0
1744878807202422.0,-1320.97,-2440.41,0.603288,0.0,6.1223,-0.160882,60.0
1744878807222872.0,-1320.97,-2440.41,0.603288,0.0,6.13743,-0.14576,60.0
1744878807243589.0,-1320.97,-2440.41,0.603288,0.0,0.0439289,0.0439289,60.0
1744878807264233.0,-1320.97,-2440.41,0.603288,0.0,6.16112,-0.122062,60.0
1744878807285118.0,-1320.97,-2440.41,0.603288,0.0,6.1332,-0.149988,60.0
1744878807307561.0,-1320.97,-2440.41,0.603288,0.0,0.0504129,0.0504129,60.0
1744878807328526.0,-1320.97,-2440.41,0.603288,0.0,6.20497,-0.0782197,60.0
1744878807349117.0,-1320.97,-2440.41,0.603288,0.0,6.13933,-0.143859,60.0
1744878807370886.0,-1320.97,-2440.41,0.603288,0.0,6.26676,-0.0164251,60.0
1744878807391708.0,-1320.97,-2440.41,0.603288,0.0,6.16939,-0.113792,60.0
1744878807415317.0,-1320.97,-2440.41,0.603288,0.0,0.15453,0.15453,60.0
1744878807436266.0,-1320.97,-2440.41,0.603288,0.0,0.0267581,0.0267581,60.0
1744878807456736.0,-1320.97,-2440.41,0.603288,0.0,6.12725,-0.155934,60.0
1744878807477808.0,-1320.97,-2440.41,0.603288,0.0,6.19258,-0.0906045,60.0
1744878807498506.0,-1320.97,-2440.41,0.603288,0.0,6.16843,-0.114753,60.0
1744878807519232.0,-1320.97,-2440.41,0.603288,0.0,6.22919,-0.0539905,60.0
1744878807539928.0,-1320.97,-2440.41,0.603288,0.0,0.00937335,0.00937335,60.0
1744878807560867.0,-1320.97,-2440.41,0.603288,0.0,6.13102,-0.152162,60.0
1744878807581705.0,-1320.97,-2440.41,0.603288,0.0,6.13915,-0.144035,60.0
1744878807602593.0,-1320.97,-2440.41,0.603288,0.0,6.18733,-0.0958555,60.0
1744878807623378.0,-1320.97,-2440.41,0.603288,0.0,6.11897,-0.164211,60.0
1744878807644353.0,-1320.97,-2440.41,0.603288,0.0,6.19335,-0.0898322,60.0
1744878807664910.0,-1320.97,-2440.41,0.603288,0.0,6.24563,-0.0375541,60.0
1744878807687474.0,-1320.97,-2440.41,0.603288,0.0,0.123057,0.123057,60.0
1744878807708005.0,-1320.97,-2440.41,0.603288,0.0,6.2297,-0.053485,60.0
1744878807728844.0,-1320.97,-2440.41,0.603288,0.0,6.20969,-0.0734971,60.0
1744878807749810.0,-1320.97,-2440.41,0.603288,0.0,6.24103,-0.0421526,60.0
1744878807770571.0,-1320.97,-2440.41,0.603288,0.0,0.0339478,0.0339478,60.0
1744878807791879.0,-1320.97,-2440.41,0.603288,0.0,6.14769,-0.135498,60.0
1744878807813036.0,-1320.97,-2440.41,0.603288,0.0,0.0171623,0.0171623,60.0
1744878807833546.0,-1320.97,-2440.41,0.603288,0.0,6.13014,-0.153046,60.0
1744878807854285.0,-1320.97,-2440.41,0.603288,0.0,6.18958,-0.0936028,60.0
1744878807875193.0,-1320.97,-2440.41,0.603288,0.0,6.156,-0.127181,60.0
1744878807895738.0,-1320.97,-2440.41,0.603288,0.0,6.13036,-0.152827,60.0
1744878807916203.0,-1320.97,-2440.41,0.603288,0.0,6.13168,-0.151508,60.0
1744878807937364.0,-1320.97,-2440.41,0.603288,0.0,6.12188,-0.161307,60.0
1744878807958251.0,-1320.97,-2440.41,0.603288,0.0,6.17354,-0.109646,60.0
1744878807978559.0,-1320.97,-2440.41,0.603288,0.0,6.23912,-0.0440682,60.0
1744878807999232.0,-1320.97,-2440.41,0.603288,0.0,6.22525,-0.0579397,60.0
1744878808020163.0,-1320.97,-2440.41,0.603288,0.0,6.21999,-0.0631938,60.0
1744878808040988.0,-1320.97,-2440.41,0.603288,0.0,6.16446,-0.118725,60.0
1744878808061546.0,-1320.97,-2440.41,0.603288,0.0,6.25445,-0.0287339,60.0
1744878808083001.0,-1320.97,-2440.41,0.603288,0.0,6.21971,-0.0634735,60.0
1744878808103743.0,-1320.97,-2440.41,0.603288,0.0,6.12063,-0.16256,60.0
1744878808124656.0,-1320.97,-2440.41,0.603288,0.0,0.115774,0.115774,60.0
1744878808145433.0,-1320.97,-2440.41,0.603288,0.0,6.19188,-0.0913076,60.0
1744878808166321.0,-1320.97,-2440.41,0.603288,0.0,6.1469,-0.136286,60.0
1744878808187174.0,-1320.97,-2440.41,0.603288,0.0,6.15938,-0.123804,60.0
1744878808207675.0,-1320.97,-2440.41,0.603288,0.0,6.11966,-0.163527,60.0
1744878808228378.0,-1320.97,-2440.41,0.603288,0.0,6.15804,-0.12515,60.0
1744878808249154.0,-1320.97,-2440.41,0.603288,0.0,6.25066,-0.0325291,60.0
1744878808270042.0,-1320.97,-2440.41,0.603288,0.0,6.23475,-0.0484319,60.0
1744878808290876.0,-1320.97,-2440.41,0.603288,0.0,6.24235,-0.0408373,60.0
1744878808311474.0,-1320.97,-2440.41,0.603288,0.0,6.12237,-0.160819,60.0
1744878808332280.0,-1320.97,-2440.41,0.603288,0.0,6.13814,-0.145047,60.0
1744878808353166.0,-1320.97,-2440.41,0.603288,0.0,6.17658,-0.106609,60.0
1744878808373688.0,-1320.97,-2440.41,0.603288,0.0,0.0632679,0.0632679,60.0
1744878808394505.0,-1320.97,-2440.41,0.603288,0.0,6.13693,-0.146259,60.0
1744878808415212.0,-1320.97,-2440.41,0.603288,0.0,6.20818,-0.0750017,60.0
1744878808436025.0,-1320.97,-2440.41,0.603288,0.0,6.20704,-0.0761449,60.0
1744878808456761.0,-1320.97,-2440.41,0.603288,0.0,6.22381,-0.0593773,60.0
1744878808477408.0,-1320.97,-2440.41,0.603288,0.0,6.1503,-0.132882,60.0
1744878808498115.0,-1320.97,-2440.41,0.603288,0.0,6.13455,-0.148636,60.0
1744878808519079.0,-1320.97,-2440.41,0.603288,0.0,6.13256,-0.15063,60.0
1744878808539643.0,-1320.97,-2440.41,0.603288,0.0,6.2528,-0.0303897,60.0
1744878808560947.0,-1320.97,-2440.41,0.603288,0.0,6.18955,-0.093632,60.0
1744878808581756.0,-1320.97,-2440.41,0.603288,0.0,6.1591,-0.124081,60.0
1744878808602647.0,-1320.97,-2440.41,0.603288,0.0,6.1743,-0.108886,60.0
1744878808623521.0,-1320.97,-2440.41,0.603288,0.0,6.16441,-0.118771,60.0
1744878808644429.0,-1320.97,-2440.41,0.603288,0.0,6.13099,-0.152195,60.0
1744878808664947.0,-1320.97,-2440.41,0.603288,0.0,6.14367,-0.13952,60.0
1744878808686235.0,-1320.97,-2440.41,0.603288,0.0,6.15351,-0.129674,60.0
1744878808707128.0,-1320.97,-2440.41,0.603288,0.0,6.16841,-0.114775,60.0
1744878808727915.0,-1320.97,-2440.41,0.603288,0.0,6.12877,-0.154415,60.0
1744878808748509.0,-1320.97,-2440.41,0.603288,0.0,6.13256,-0.150625,60.0
1744878808769833.0,-1320.97,-2440.41,0.603288,0.0,6.13821,-0.144975,60.0
1744878808790503.0,-1320.97,-2440.41,0.603288,0.0,6.2356,-0.0475834,60.0
1744878808811298.0,-1320.97,-2440.41,0.603288,0.0,6.12187,-0.161311,60.0
1744878808832013.0,-1320.97,-2440.41,0.603288,0.0,6.11919,-0.163993,60.0
1744878808852737.0,-1320.97,-2440.41,0.603288,0.0,6.14641,-0.136773,60.0
1744878808873650.0,-1320.97,-2440.41,0.603288,0.0,6.13464,-0.148542,60.0
1744878808894526.0,-1320.97,-2440.41,0.603288,0.0,6.21331,-0.0698771,60.0
1744878808915273.0,-1320.97,-2440.41,0.603288,0.0,6.12053,-0.162652,60.0
1744878808936492.0,-1320.97,-2440.41,0.603288,0.0,6.14017,-0.143015,60.0
1744878808956825.0,-1320.97,-2440.41,0.603288,0.0,6.12054,-0.16265,60.0
1744878808977969.0,-1320.97,-2440.41,0.603288,0.0,6.18682,-0.0963666,60.0
1744878808998219.0,-1320.97,-2440.41,0.603288,0.0,6.12626,-0.156929,60.0
1744878809019337.0,-1320.97,-2440.41,0.603288,0.0,6.14181,-0.141375,60.0
1744878809039665.0,-1320.97,-2440.41,0.603288,0.0,6.17601,-0.107171,60.0
1744878809060434.0,-1320.97,-2440.41,0.603288,0.0,6.15224,-0.130943,60.0
1744878809082437.0,-1320.97,-2440.41,0.603288,0.0,6.17497,-0.108213,60.0
1744878809103172.0,-1320.97,-2440.41,0.603288,0.0,6.19278,-0.0904102,60.0
1744878809124027.0,-1320.97,-2440.41,0.603288,0.0,6.12328,-0.159904,60.0
1744878809144945.0,-1320.97,-2440.41,0.603288,0.0,6.12356,-0.159629,60.0
1744878809165411.0,-1320.97,-2440.41,0.603288,0.0,6.16342,-0.119763,60.0
1744878809186257.0,-1320.97,-2440.41,0.603288,0.0,6.13707,-0.146117,60.0
1744878809207303.0,-1320.97,-2440.41,0.603288,0.0,6.12275,-0.16044,60.0
1744878809227928.0,-1320.97,-2440.41,0.603288,0.0,6.16564,-0.117549,60.0
1744878809248375.0,-1320.97,-2440.41,0.603288,0.0,6.18966,-0.0935269,60.0
1744878809269098.0,-1320.97,-2440.41,0.603288,0.0,6.14035,-0.142835,60.0
1744878809290251.0,-1320.97,-2440.41,0.603288,0.0,6.14865,-0.134536,60.0
1744878809310550.0,-1320.97,-2440.41,0.603288,0.0,6.15195,-0.131231,60.0
1744878809332614.0,-1320.97,-2440.41,0.603288,0.0,6.15617,-0.127019,60.0
1744878809353456.0,-1320.97,-2440.41,0.603288,0.0,6.16397,-0.119216,60.0
1744878809374184.0,-1320.97,-2440.41,0.603288,0.0,6.12124,-0.161944,60.0
1744878809394730.0,-1320.97,-2440.41,0.603288,0.0,6.13539,-0.147798,60.0
1744878809415516.0,-1320.97,-2440.41,0.603288,0.0,6.13206,-0.151123,60.0
1744878809437137.0,-1320.97,-2440.41,0.603288,0.0,6.12621,-0.156973,60.0
1744878809457932.0,-1320.97,-2440.41,0.603288,0.0,6.12817,-0.155014,60.0
1744878809478673.0,-1320.97,-2440.41,0.603288,0.0,6.19333,-0.0898562,60.0
1744878809499595.0,-1320.97,-2440.41,0.603288,0.0,6.16258,-0.120607,60.0
1744878809520346.0,-1320.97,-2440.41,0.603288,0.0,6.24061,-0.0425757,60.0
1744878809541497.0,-1320.97,-2440.41,0.603288,0.0,6.15819,-0.124991,60.0
1744878809562014.0,-1320.97,-2440.41,0.603288,0.0,6.17278,-0.110403,60.0
1744878809582614.0,-1320.97,-2440.41,0.603288,0.0,6.13222,-0.150966,60.0
1744878809603306.0,-1320.97,-2440.41,0.603288,0.0,6.16936,-0.113826,60.0
1744878809623971.0,-1320.97,-2440.41,0.603288,0.0,6.16824,-0.114944,60.0
1744878809646198.0,-1320.97,-2440.41,0.603288,0.0,0.0300495,0.0300495,60.0
1744878809666922.0,-1320.97,-2440.41,0.603288,0.0,6.14296,-0.140221,60.0
1744878809687521.0,-1320.97,-2440.41,0.603288,0.0,6.1414,-0.141782,60.0
1744878809708193.0,-1320.97,-2440.41,0.603288,0.0,6.18364,-0.0995478,60.0
1744878809728947.0,-1320.97,-2440.41,0.603288,0.0,6.1234,-0.159781,60.0
1744878809749714.0,-1320.97,-2440.41,0.603288,0.0,6.12275,-0.160431,60.0
1744878809770405.0,-1320.97,-2440.41,0.603288,0.0,6.13024,-0.152945,60.0
1744878809791800.0,-1320.97,-2440.41,0.603288,0.0,6.13959,-0.1436,60.0
1744878809812473.0,-1320.97,-2440.41,0.603288,0.0,6.26475,-0.018432,60.0
1744878809833369.0,-1320.97,-2440.41,0.603288,0.0,6.27028,-0.0129091,60.0
1744878809853959.0,-1320.97,-2440.41,0.603288,0.0,6.15135,-0.131834,60.0
1744878809874696.0,-1320.97,-2440.41,0.603288,0.0,6.18387,-0.0993139,60.0
1744878809895753.0,-1320.97,-2440.41,0.603288,0.0,6.21992,-0.0632688,60.0
1744878809916654.0,-1320.97,-2440.41,0.603288,0.0,6.1235,-0.159683,60.0
1744878809937470.0,-1320.97,-2440.41,0.603288,0.0,6.16761,-0.11558,60.0
1744878809958258.0,-1320.97,-2440.41,0.603288,0.0,6.15794,-0.125248,60.0
1744878809979119.0,-1320.97,-2440.41,0.603288,0.0,6.23009,-0.0530966,60.0
1744878809999991.0,-1320.97,-2440.41,0.603288,0.0,6.17417,-0.10902,60.0
1744878810020872.0,-1320.97,-2440.41,0.603288,0.0,6.17268,-0.110508,60.0
1744878810042002.0,-1320.97,-2440.41,0.603288,0.0,6.14744,-0.135743,60.0
1744878810062755.0,-1320.97,-2440.41,0.603288,0.0,6.11896,-0.164224,60.0
1744878810083693.0,-1320.97,-2440.41,0.603288,0.0,6.16149,-0.121693,60.0
1744878810104607.0,-1320.97,-2440.41,0.603288,0.0,6.16124,-0.121941,60.0
1744878810125268.0,-1320.97,-2440.41,0.603288,0.0,0.00318865,0.00318865,60.0
1744878810146222.0,-1318.85,-2442.46,0.603631,6.16124,6.02084,-0.140399,60.0
1744878810167514.0,-1318.85,-2442.46,0.603631,6.16124,6.01756,-0.143687,60.0
1744878810188353.0,-1318.85,-2442.46,0.603631,6.16124,6.06544,-0.0958002,60.0
1744878810208860.0,-1316.73,-2444.51,0.603975,6.01756,5.87411,-0.14345,60.0
1744878810229466.0,-1316.73,-2444.51,0.603975,6.01756,5.87959,-0.137963,60.0
1744878810250459.0,-1314.61,-2446.55,0.604321,5.87411,5.74655,-0.127557,60.0
1744878810271255.0,-1314.61,-2446.55,0.604321,5.87411,5.80255,-0.0715568,60.0
1744878810291836.0,-1312.49,-2448.6,0.604668,5.74655,5.64967,-0.0968778,60.0
1744878810312684.0,-1312.49,-2448.6,0.604668,5.74655,5.59653,-0.150015,60.0
1744878810333562.0,-1312.49,-2448.6,0.604668,5.74655,5.71653,-0.0300151,60.0
1744878810354347.0,-1309.95,-2450.65,0.604929,5.59653,5.45649,-0.140041,60.0
1744878810375348.0,-1309.95,-2450.65,0.604929,5.59653,5.47108,-0.125453,60.0
1744878810396235.0,-1307.83,-2452.7,0.60528,5.45649,5.38103,-0.0754593,60.0
1744878810416977.0,-1307.83,-2452.7,0.60528,5.45649,5.32577,-0.130718,60.0
1744878810437685.0,-1307.83,-2452.7,0.60528,5.45649,5.30997,-0.146527,60.0
1744878810458433.0,-1305.72,-2454.75,0.605631,5.32577,5.21401,-0.111769,60.0
1744878810479182.0,-1305.72,-2454.75,0.605631,5.32577,5.17559,-0.150181,60.0
1744878810499991.0,-1303.6,-2456.79,0.605984,5.214,5.07176,-0.142245,60.0
1744878810520798.0,-1303.6,-2456.79,0.605984,5.214,5.05587,-0.158135,60.0
1744878810541725.0,-1303.6,-2456.79,0.605984,5.214,5.13347,-0.0805398,60.0
1744878810562428.0,-1301.48,-2458.84,0.606338,5.05587,5.00669,-0.0491838,60.0
1744878810583108.0,-1301.48,-2458.84,0.606338,5.05587,5.03748,-0.0183907,60.0
1744878810603708.0,-1299.36,-2460.89,0.606693,5.00669,4.85521,-0.151471,60.0
1744878810624603.0,-1299.36,-2460.89,0.606693,5.00669,4.84279,-0.1639,60.0
1744878810645840.0,-1297.24,-2462.94,0.60705,4.85521,4.7673,-0.0879193,60.0
1744878810666412.0,-1297.24,-2462.94,0.60705,4.85521,4.78401,-0.0712059,60.0
1744878810687162.0,-1297.24,-2462.94,0.60705,4.85521,4.76572,-0.0894985,60.0
1744878810707914.0,-1295.13,-2464.99,0.607408,4.78401,4.707,-0.077005,60.0
1744878810728531.0,-1295.13,-2464.99,0.607408,4.78401,4.64369,-0.140321,60.0
1744878810749367.0,-1293.01,-2467.03,0.607768,4.707,4.61193,-0.0950782,60.0
1744878810770110.0,-1293.01,-2467.03,0.607768,4.707,4.56727,-0.13973,60.0
1744878810790935.0,-1293.01,-2467.03,0.607768,4.707,4.55563,-0.151375,60.0
1744878810811782.0,-1290.89,-2469.76,0.608393,4.56727,4.43549,-0.131784,60.0
1744878810832495.0,-1290.89,-2469.76,0.608393,4.56727,4.4175,-0.149771,60.0
1744878810853387.0,-1288.77,-2471.81,0.608755,4.43549,4.27635,-0.15914,60.0
1744878810874030.0,-1288.77,-2471.81,0.608755,4.43549,4.30367,-0.131822,60.0
1744878810894886.0,-1288.77,-2471.81,0.608755,4.43549,4.43823,0.0027362,60.0
1744878810915854.0,-1287.08,-2473.86,0.609205,4.30367,4.36593,0.062259,60.0
1744878810937743.0,-1287.08,-2473.86,0.609205,4.30367,4.19828,-0.105385,60.0
1744878810958446.0,-1284.96,-2475.91,0.60957,4.36593,4.22046,-0.145465,60.0
1744878810979206.0,-1284.96,-2475.91,0.60957,4.36593,4.20402,-0.161902,60.0
1744878811000043.0,-1282.84,-2478.64,0.610201,4.22046,4.23018,0.00971772,60.0
1744878811020599.0,-1282.84,-2478.64,0.610201,4.22046,4.31746,0.096995,60.0
1744878811041312.0,-1282.84,-2478.64,0.610201,4.22046,4.13097,-0.0894937,60.0
1744878811062179.0,-1281.15,-2480.69,0.610655,4.31746,4.19374,-0.123718,60.0
1744878811083010.0,-1281.15,-2480.69,0.610655,4.31746,4.2058,-0.111653,60.0
1744878811103617.0,-1279.03,-2482.73,0.611024,4.19374,4.10826,-0.0854811,60.0
1744878811124509.0,-1279.03,-2482.73,0.611024,4.19374,4.2834,0.0896668,60.0
1744878811145669.0,-1279.03,-2482.73,0.611024,4.19374,4.15107,-0.0426677,60.0
1744878811166547.0,-1276.91,-2485.46,0.61166,4.2834,4.30001,0.0166028,60.0
1744878811187309.0,-1276.91,-2485.46,0.61166,4.2834,4.29823,0.0148203,60.0
1744878811207947.0,-1275.22,-2487.51,0.612118,4.30001,4.2028,-0.0972083,60.0
1744878811229033.0,-1275.22,-2487.51,0.612118,4.30001,4.35941,0.0594004,60.0
1744878811249692.0,-1275.22,-2487.51,0.612118,4.30001,4.26055,-0.0394543,60.0
1744878811270376.0,-1273.1,-2489.56,0.612491,4.35941,4.41356,0.0541526,60.0
1744878811291090.0,-1273.1,-2489.56,0.612491,4.35941,4.19917,-0.160237,60.0
1744878811311900.0,-1271.4,-2492.29,0.613217,4.41356,4.36967,-0.0438876,60.0
1744878811332505.0,-1271.4,-2492.29,0.613217,4.41356,4.39492,-0.0186355,60.0
1744878811353154.0,-1271.4,-2492.29,0.613217,4.41356,4.26116,-0.152398,60.0
1744878811373976.0,-1269.71,-2494.34,0.613678,4.39492,4.44892,0.0539958,60.0
1744878811394842.0,-1269.71,-2494.34,0.613678,4.39492,4.33681,-0.0581178,60.0
1744878811415558.0,-1267.59,-2497.07,0.614322,4.44892,4.31934,-0.129581,60.0
1744878811436070.0,-1267.59,-2497.07,0.614322,4.44892,4.31947,-0.129455,60.0
1744878811456983.0,-1265.89,-2499.12,0.614785,4.31934,4.23136,-0.0879785,60.0
1744878811477801.0,-1265.89,-2499.12,0.614785,4.31934,4.15822,-0.161123,60.0
1744878811498555.0,-1265.89,-2499.12,0.614785,4.31934,4.26538,-0.0539641,60.0
1744878811519334.0,-1264.2,-2501.85,0.615517,4.15822,4.03029,-0.127932,60.0
1744878811539974.0,-1264.2,-2501.85,0.615517,4.15822,4.15874,0.000523567,60.0
1744878811560784.0,-1262.51,-2503.9,0.615983,4.03029,4.05931,0.0290208,60.0
1744878811581316.0,-1262.51,-2503.9,0.615983,4.03029,4.07675,0.0464652,60.0
1744878811602222.0,-1262.51,-2503.9,0.615983,4.03029,4.11538,0.0850964,60.0
1744878811622878.0,-1260.81,-2506.63,0.616717,4.07675,4.21639,0.139638,60.0
1744878811643945.0,-1260.81,-2506.63,0.616717,4.07675,4.16685,0.0901032,60.0
1744878811664775.0,-1258.69,-2509.36,0.61737,4.21639,4.20107,-0.0153139,60.0
1744878811685533.0,-1258.69,-2509.36,0.61737,4.21639,4.16343,-0.0529538,60.0
1744878811706339.0,-1258.69,-2509.36,0.61737,4.21639,4.31764,0.101253,60.0
1744878811728347.0,-1257.0,-2511.41,0.61784,4.16343,4.09813,-0.0653059,60.0
1744878811748954.0,-1257.0,-2511.41,0.61784,4.16343,4.0401,-0.123335,60.0
1744878811769371.0,-1255.3,-2514.14,0.618579,4.09813,4.10347,0.00533742,60.0
1744878811790046.0,-1255.3,-2514.14,0.618579,4.09813,4.25758,0.159454,60.0
1744878811811015.0,-1253.61,-2516.19,0.619051,4.10347,4.13198,0.0285186,60.0
1744878811831868.0,-1253.61,-2516.19,0.619051,4.10347,4.16275,0.059287,60.0
1744878811852467.0,-1253.61,-2516.19,0.619051,4.10347,4.12327,0.0198083,60.0
1744878811873039.0,-1252.34,-2518.92,0.619877,4.16275,4.29545,0.132694,60.0
1744878811893954.0,-1252.34,-2518.92,0.619877,4.16275,4.19496,0.0322028,60.0
1744878811914447.0,-1250.64,-2521.65,0.620621,4.29545,4.17873,-0.116714,60.0
1744878811935223.0,-1250.64,-2521.65,0.620621,4.29545,4.26214,-0.0333092,60.0
1744878811956127.0,-1250.64,-2521.65,0.620621,4.29545,4.23825,-0.0571951,60.0
1744878811976995.0,-1248.95,-2523.69,0.621097,4.26214,4.26788,0.00573839,60.0
1744878811997303.0,-1248.95,-2523.69,0.621097,4.26214,4.17124,-0.0908969,60.0
1744878812018014.0,-1247.25,-2526.43,0.621843,4.26788,4.29512,0.0272433,60.0
1744878812038654.0,-1247.25,-2526.43,0.621843,4.26788,4.30622,0.0383479,60.0
1744878812059390.0,-1247.25,-2526.43,0.621843,4.26788,4.26547,-0.00240159,60.0
1744878812080365.0,-1245.56,-2529.16,0.622592,4.30622,4.20082,-0.105402,60.0
1744878812101076.0,-1245.56,-2529.16,0.622592,4.30622,4.28969,-0.0165335,60.0
1744878812121805.0,-1244.29,-2531.89,0.623425,4.20082,4.06893,-0.13189,60.0
1744878812142682.0,-1244.29,-2531.89,0.623425,4.20082,4.08662,-0.114206,60.0
1744878812163575.0,-1244.29,-2531.89,0.623425,4.20082,4.13746,-0.0633577,60.0
1744878812184176.0,-1242.59,-2534.62,0.624176,4.08662,4.15236,0.0657409,60.0
1744878812205049.0,-1242.59,-2534.62,0.624176,4.08662,4.17244,0.0858201,60.0
1744878812225770.0,-1241.32,-2536.67,0.624741,4.15236,4.04372,-0.108636,60.0
1744878812246575.0,-1241.32,-2536.67,0.624741,4.15236,4.22239,0.0700363,60.0
1744878812267281.0,-1239.63,-2539.4,0.625495,4.04372,4.02593,-0.0177928,60.0
1744878812288027.0,-1239.63,-2539.4,0.625495,4.04372,4.09311,0.0493886,60.0
1744878812308561.0,-1239.63,-2539.4,0.625495,4.04372,4.07907,0.0353485,60.0
1744878812329213.0,-1238.35,-2542.13,0.626334,4.09311,4.0787,-0.0144047,60.0
1744878812349927.0,-1238.35,-2542.13,0.626334,4.09311,4.25127,0.158159,60.0
1744878812370917.0,-1236.66,-2544.86,0.627091,4.0787,3.96118,-0.117523,60.0
1744878812391474.0,-1236.66,-2544.86,0.627091,4.0787,4.06371,-0.0149906,60.0
1744878812412424.0,-1236.66,-2544.86,0.627091,4.0787,4.0403,-0.0384047,60.0
1744878812433143.0,-1235.39,-2547.59,0.627933,4.06371,4.18976,0.126044,60.0
1744878812453860.0,-1235.39,-2547.59,0.627933,4.06371,4.11317,0.0494557,60.0
1744878812474502.0,-1234.12,-2550.32,0.628776,4.18976,4.08477,-0.104991,60.0
1744878812495438.0,-1234.12,-2550.32,0.628776,4.18976,4.299,0.109246,60.0
1744878812516742.0,-1234.12,-2550.32,0.628776,4.18976,4.1897,-5.62474e-05,60.0
1744878812537572.0,-1232.42,-2552.37,0.629265,4.299,4.22385,-0.0751577,60.0
1744878812558339.0,-1232.42,-2552.37,0.629265,4.299,4.3437,0.0446967,60.0
1744878812580348.0,-1231.15,-2555.1,0.63011,4.22385,4.17989,-0.0439572,60.0
1744878812600952.0,-1231.15,-2555.1,0.63011,4.22385,4.25593,0.0320848,60.0
1744878812621928.0,-1229.88,-2557.83,0.630957,4.17989,4.05501,-0.124876,60.0
1744878812642524.0,-1229.88,-2557.83,0.630957,4.17989,4.28208,0.102187,60.0
1744878812663419.0,-1229.88,-2557.83,0.630957,4.17989,4.24756,0.0676715,60.0
1744878812684294.0,-1228.61,-2560.56,0.631806,4.28208,4.15502,-0.127059,60.0
1744878812705324.0,-1228.61,-2560.56,0.631806,4.28208,4.37043,0.0883558,60.0
1744878812725867.0,-1227.34,-2563.29,0.632655,4.15502,4.12844,-0.0265757,60.0
1744878812747004.0,-1227.34,-2563.29,0.632655,4.15502,4.22283,0.0678127,60.0
1744878812767826.0,-1227.34,-2563.29,0.632655,4.15502,4.08806,-0.0669569,60.0
1744878812788731.0,-1226.07,-2566.02,0.633506,4.22283,4.30021,0.0773762,60.0
1744878812809680.0,-1226.07,-2566.02,0.633506,4.22283,4.32492,0.102089,60.0
1744878812830524.0,-1224.8,-2568.75,0.634359,4.30021,4.28387,-0.0163332,60.0
1744878812851439.0,-1224.8,-2568.75,0.634359,4.30021,4.37349,0.0732809,60.0
1744878812872063.0,-1224.8,-2568.75,0.634359,4.30021,4.24986,-0.0503434,60.0
1744878812893205.0,-1223.52,-2571.48,0.635213,4.37349,4.2958,-0.0776914,60.0
1744878812913746.0,-1223.52,-2571.48,0.635213,4.37349,4.29708,-0.0764076,60.0
1744878812934703.0,-1222.25,-2574.22,0.636068,4.2958,4.25339,-0.0424049,60.0
1744878812955215.0,-1222.25,-2574.22,0.636068,4.2958,4.25769,-0.03811,60.0
1744878812975858.0,-1220.98,-2576.95,0.636925,4.25339,4.15248,-0.100908,60.0
1744878812996870.0,-1220.98,-2576.95,0.636925,4.25339,4.23046,-0.0229361,60.0
1744878813017715.0,-1220.98,-2576.95,0.636925,4.25339,4.30369,0.050297,60.0
1744878813038159.0,-1220.13,-2579.68,0.637865,4.23046,4.14689,-0.0835682,60.0
1744878813058955.0,-1220.13,-2579.68,0.637865,4.23046,4.37549,0.145036,60.0
1744878813080031.0,-1218.86,-2582.41,0.638724,4.14689,4.14381,-0.00307394,60.0
1744878813100793.0,-1218.86,-2582.41,0.638724,4.14689,4.19876,0.051869,60.0
1744878813121424.0,-1218.86,-2582.41,0.638724,4.14689,4.2574,0.110514,60.0
1744878813142434.0,-1217.59,-2585.82,0.639862,4.19876,4.18742,-0.0113328,60.0
1744878813162890.0,-1217.59,-2585.82,0.639862,4.19876,4.03449,-0.164265,60.0
1744878813183409.0,-1216.74,-2588.55,0.640805,4.18742,4.35001,0.162583,60.0
1744878813204406.0,-1216.74,-2588.55,0.640805,4.18742,4.06915,-0.118272,60.0
1744878813224667.0,-1216.74,-2588.55,0.640805,4.18742,4.2997,0.112273,60.0
1744878813245172.0,-1215.47,-2591.28,0.641669,4.06915,4.16621,0.0970566,60.0
1744878813266275.0,-1215.47,-2591.28,0.641669,4.06915,4.22612,0.156967,60.0
1744878813286828.0,-1214.62,-2594.01,0.642616,4.16621,4.21363,0.047423,60.0
1744878813307300.0,-1214.62,-2594.01,0.642616,4.16621,4.22165,0.0554385,60.0
1744878813327831.0,-1214.62,-2594.01,0.642616,4.16621,4.2049,0.0386879,60.0
1744878813348301.0,-1213.78,-2596.75,0.643564,4.22165,4.08325,-0.138398,60.0
1744878813368803.0,-1213.78,-2596.75,0.643564,4.22165,4.22242,0.00077672,60.0
1744878813389474.0,-1212.5,-2599.48,0.644432,4.08325,4.23714,0.153888,60.0
1744878813410233.0,-1212.5,-2599.48,0.644432,4.08325,4.18056,0.0973102,60.0
1744878813430600.0,-1212.5,-2599.48,0.644432,4.08325,4.21904,0.135793,60.0
1744878813451282.0,-1211.66,-2602.21,0.645382,4.18056,4.17293,-0.00762674,60.0
1744878813471927.0,-1211.66,-2602.21,0.645382,4.18056,4.21302,0.0324634,60.0
1744878813492598.0,-1210.81,-2604.94,0.646334,4.17293,4.05738,-0.115554,60.0
1744878813513300.0,-1210.81,-2604.94,0.646334,4.17293,4.12395,-0.0489859,60.0
1744878813533954.0,-1209.96,-2608.35,0.647565,4.05738,4.08452,0.0271459,60.0
1744878813554728.0,-1209.96,-2608.35,0.647565,4.05738,4.13706,0.0796857,60.0
1744878813575619.0,-1209.96,-2608.35,0.647565,4.05738,4.02094,-0.0364422,60.0
1744878813596608.0,-1208.69,-2611.08,0.648439,4.13706,4.15302,0.0159566,60.0
1744878813617033.0,-1208.69,-2611.08,0.648439,4.13706,4.19982,0.0627518,60.0
1744878813637777.0,-1207.84,-2613.81,0.649395,4.15302,4.21482,0.0617988,60.0
1744878813658724.0,-1207.84,-2613.81,0.649395,4.15302,4.26446,0.111436,60.0
1744878813679608.0,-1207.84,-2613.81,0.649395,4.15302,4.1637,0.0106812,60.0
1744878813700314.0,-1206.99,-2616.55,0.650352,4.26446,4.18869,-0.0757632,60.0
1744878813721283.0,-1206.99,-2616.55,0.650352,4.26446,4.18124,-0.0832152,60.0
1744878813741756.0,-1206.15,-2619.28,0.65131,4.18869,4.2743,0.0856046,60.0
1744878813762510.0,-1206.15,-2619.28,0.65131,4.18869,4.15562,-0.033073,60.0
1744878813783473.0,-1206.15,-2619.28,0.65131,4.18869,4.34665,0.157952,60.0
1744878813804092.0,-1205.72,-2622.69,0.65263,4.15562,4.31865,0.163031,60.0
1744878813824683.0,-1205.72,-2622.69,0.65263,4.15562,4.24029,0.0846719,60.0
1744878813845312.0,-1204.87,-2625.42,0.653591,4.31865,4.20062,-0.118035,60.0
1744878813866030.0,-1204.87,-2625.42,0.653591,4.31865,4.34725,0.0285987,60.0
1744878813886870.0,-1204.03,-2628.15,0.654554,4.20062,4.21542,0.0148055,60.0
1744878813907606.0,-1204.03,-2628.15,0.654554,4.20062,4.05973,-0.14089,60.0
1744878813928311.0,-1204.03,-2628.15,0.654554,4.20062,4.29909,0.0984739,60.0
1744878813949211.0,-1203.18,-2630.88,0.655517,4.05973,4.02987,-0.0298554,60.0
1744878813970205.0,-1203.18,-2630.88,0.655517,4.05973,3.90732,-0.152407,60.0
1744878813990907.0,-1202.33,-2634.3,0.656764,4.02987,3.97223,-0.057639,60.0
1744878814011583.0,-1202.33,-2634.3,0.656764,4.02987,4.13211,0.102239,60.0
1744878814032062.0,-1202.33,-2634.3,0.656764,4.02987,4.08238,0.0525071,60.0
1744878814052703.0,-1201.91,-2637.03,0.65781,4.13211,4.09544,-0.0366722,60.0
1744878814073369.0,-1201.91,-2637.03,0.65781,4.13211,4.23735,0.105239,60.0
1744878814093990.0,-1201.06,-2639.76,0.658778,4.09544,4.17662,0.081185,60.0
1744878814114761.0,-1201.06,-2639.76,0.658778,4.09544,4.07685,-0.018586,60.0
1744878814135405.0,-1201.06,-2639.76,0.658778,4.09544,4.09825,0.00281704,60.0
1744878814156259.0,-1200.63,-2643.17,0.66011,4.07685,3.99736,-0.0794872,60.0
1744878814176961.0,-1200.63,-2643.17,0.66011,4.07685,4.21181,0.134958,60.0
1744878814197641.0,-1199.79,-2645.9,0.66108,3.99736,4.05261,0.0552441,60.0
1744878814218672.0,-1199.79,-2645.9,0.66108,3.99736,3.84129,-0.156077,60.0
1744878814239117.0,-1199.79,-2645.9,0.66108,3.99736,3.84248,-0.15488,60.0
1744878814259640.0,-1199.36,-2648.64,0.662132,3.84129,3.98971,0.148425,60.0
1744878814280349.0,-1199.36,-2648.64,0.662132,3.84129,3.96008,0.118794,60.0
1744878814301192.0,-1198.94,-2652.05,0.663468,3.98971,3.98403,-0.00568496,60.0
1744878814321950.0,-1198.94,-2652.05,0.663468,3.98971,4.04551,0.0557986,60.0
1744878814342652.0,-1198.94,-2652.05,0.663468,3.98971,4.0921,0.102388,60.0
1744878814363429.0,-1198.09,-2654.78,0.664443,4.04551,4.14187,0.0963624,60.0
1744878814384068.0,-1198.09,-2654.78,0.664443,4.04551,4.03899,-0.00651668,60.0
1744878814404467.0,-1197.66,-2657.51,0.665498,4.14187,4.21491,0.0730389,60.0
1744878814425148.0,-1197.66,-2657.51,0.665498,4.14187,4.20971,0.0678401,60.0
1744878814445836.0,-1197.24,-2660.93,0.666839,4.21491,4.09854,-0.116375,60.0
1744878814466484.0,-1197.24,-2660.93,0.666839,4.21491,4.10847,-0.106444,60.0
1744878814487230.0,-1197.24,-2660.93,0.666839,4.21491,4.09701,-0.1179,60.0
1744878814507958.0,-1196.82,-2663.66,0.667898,4.10847,4.04958,-0.0588907,60.0
1744878814528920.0,-1196.82,-2663.66,0.667898,4.10847,4.03251,-0.0759612,60.0
1744878814549794.0,-1196.39,-2666.39,0.668957,4.04958,4.10435,0.0547684,60.0
1744878814570442.0,-1196.39,-2666.39,0.668957,4.04958,4.04764,-0.00193504,60.0
1744878814591088.0,-1196.39,-2666.39,0.668957,4.04958,4.21198,0.1624,60.0
1744878814611653.0,-1195.97,-2669.8,0.670303,4.04764,4.0015,-0.046141,60.0
1744878814632691.0,-1195.97,-2669.8,0.670303,4.04764,4.21127,0.16363,60.0
1744878814653068.0,-1195.54,-2672.53,0.671365,4.0015,4.15223,0.150731,60.0
1744878814673970.0,-1195.54,-2672.53,0.671365,4.0015,4.08399,0.0824913,60.0
1744878814694392.0,-1195.54,-2672.53,0.671365,4.0015,4.09327,0.0917676,60.0
1744878814715269.0,-1195.12,-2675.26,0.672429,4.08399,4.04532,-0.0386778,60.0
1744878814735728.0,-1195.12,-2675.26,0.672429,4.08399,3.99857,-0.0854246,60.0
1744878814756403.0,-1194.69,-2678.68,0.67378,4.04532,4.11078,0.065461,60.0
1744878814777229.0,-1194.69,-2678.68,0.67378,4.04532,4.09228,0.0469629,60.0
1744878814797978.0,-1194.69,-2678.68,0.67378,4.04532,4.17412,0.128808,60.0
1744878814818656.0,-1194.69,-2681.41,0.674925,4.09228,4.0371,-0.0551824,60.0
1744878814839327.0,-1194.69,-2681.41,0.674925,4.09228,4.09497,0.00269204,60.0
1744878814859910.0,-1194.27,-2684.14,0.675993,4.0371,4.19827,0.16117,60.0
1744878814880511.0,-1194.27,-2684.14,0.675993,4.0371,4.02098,-0.0161161,60.0
1744878814901104.0,-1193.84,-2687.55,0.677348,4.19827,4.13027,-0.0679972,60.0
1744878814922204.0,-1193.84,-2687.55,0.677348,4.19827,4.12547,-0.0727952,60.0
1744878814942600.0,-1193.84,-2687.55,0.677348,4.19827,4.0394,-0.158864,60.0
1744878814963277.0,-1193.84,-2690.29,0.678498,4.12547,4.18215,0.0566838,60.0
1744878814983928.0,-1193.84,-2690.29,0.678498,4.12547,4.08281,-0.0426602,60.0
1744878815004585.0,-1193.42,-2693.7,0.679856,4.18215,4.13476,-0.0473984,60.0
1744878815025278.0,-1193.42,-2693.7,0.679856,4.18215,4.16038,-0.0217739,60.0
1744878815046001.0,-1193.42,-2693.7,0.679856,4.18215,4.31726,0.13511,60.0
1744878815066954.0,-1193.42,-2696.43,0.681009,4.16038,4.09667,-0.0637114,60.0
1744878815087299.0,-1193.42,-2696.43,0.681009,4.16038,4.06784,-0.0925378,60.0
1744878815107936.0,-1192.99,-2699.16,0.682082,4.09667,4.00918,-0.0874871,60.0
1744878815128628.0,-1192.99,-2699.16,0.682082,4.09667,4.1017,0.00503362,60.0
1744878815149282.0,-1192.99,-2699.16,0.682082,4.09667,4.15696,0.0602921,60.0
1744878815170057.0,-1192.99,-2702.58,0.683525,4.1017,4.02494,-0.076762,60.0
1744878815190719.0,-1192.99,-2702.58,0.683525,4.1017,4.1014,-0.000300916,60.0
1744878815211790.0,-1192.99,-2705.31,0.684681,4.02494,4.1416,0.116664,60.0
1744878815232000.0,-1192.99,-2705.31,0.684681,4.02494,3.90677,-0.118176,60.0
1744878815252723.0,-1192.99,-2705.31,0.684681,4.02494,4.17572,0.150778,60.0
1744878815273345.0,-1192.57,-2708.04,0.685759,3.90677,3.96337,0.0566092,60.0
1744878815294128.0,-1192.57,-2708.04,0.685759,3.90677,3.92876,0.0219936,60.0
1744878815314782.0,-1192.57,-2711.45,0.687207,3.96337,4.08963,0.126253,60.0
1744878815335936.0,-1192.57,-2711.45,0.687207,3.96337,4.02653,0.0631546,60.0
1744878815356570.0,-1192.56,-2714.18,0.688366,4.08963,4.20707,0.117441,60.0
1744878815377147.0,-1192.56,-2714.18,0.688366,4.08963,4.15196,0.0623316,60.0
1744878815397878.0,-1192.56,-2714.18,0.688366,4.08963,4.14258,0.0529527,60.0
1744878815418637.0,-1192.56,-2717.6,0.689818,4.15196,4.11277,-0.0391924,60.0
1744878815439510.0,-1192.56,-2717.6,0.689818,4.15196,4.2287,0.0767388,60.0
1744878815460011.0,-1192.56,-2720.33,0.69098,4.11277,4.00287,-0.1099,60.0
1744878815480886.0,-1192.56,-2720.33,0.69098,4.11277,4.21305,0.10028,60.0
1744878815501575.0,-1192.56,-2720.33,0.69098,4.11277,4.04265,-0.0701153,60.0
1744878815522445.0,-1192.56,-2723.06,0.692143,4.21305,4.16447,-0.048574,60.0
1744878815542922.0,-1192.56,-2723.06,0.692143,4.21305,4.07154,-0.141503,60.0
1744878815563877.0,-1192.56,-2726.47,0.693599,4.16447,4.19987,0.035399,60.0
1744878815584526.0,-1192.56,-2726.47,0.693599,4.16447,4.01452,-0.149956,60.0
1744878815605553.0,-1192.56,-2726.47,0.693599,4.16447,4.30104,0.136567,60.0
1744878815626118.0,-1192.56,-2729.21,0.694765,4.01452,4.02069,0.00616851,60.0
1744878815647101.0,-1192.56,-2729.21,0.694765,4.01452,4.10217,0.0876554,60.0
1744878815667921.0,-1192.98,-2732.62,0.696304,4.02069,4.06791,0.0472292,60.0
1744878815688534.0,-1192.98,-2732.62,0.696304,4.02069,4.15667,0.135986,60.0
1744878815709207.0,-1192.98,-2732.62,0.696304,4.02069,4.09403,0.0733422,60.0
1744878815730199.0,-1192.98,-2735.35,0.697473,4.15667,4.0068,-0.149872,60.0
1744878815750676.0,-1192.98,-2735.35,0.697473,4.15667,4.2361,0.0794285,60.0
1744878815771794.0,-1192.98,-2738.08,0.698643,4.0068,4.10202,0.0952237,60.0
1744878815792506.0,-1192.98,-2738.08,0.698643,4.0068,4.10422,0.0974211,60.0
1744878815812954.0,-1193.4,-2741.5,0.700186,4.10202,4.16462,0.0625981,60.0
1744878815834214.0,-1193.4,-2741.5,0.700186,4.10202,4.0243,-0.0777219,60.0
1744878815854645.0,-1193.4,-2741.5,0.700186,4.10202,4.23675,0.13473,60.0
1744878815875116.0,-1193.4,-2744.23,0.701359,4.0243,4.13005,0.105753,60.0
1744878815895991.0,-1193.4,-2744.23,0.701359,4.0243,4.10667,0.0823646,60.0
1744878815916679.0,-1193.82,-2747.64,0.702905,4.13005,3.98366,-0.146399,60.0
1744878815937513.0,-1193.82,-2747.64,0.702905,4.13005,4.09166,-0.0383931,60.0
1744878815958211.0,-1193.82,-2747.64,0.702905,4.13005,4.24743,0.117375,60.0
1744878815979250.0,-1193.82,-2750.37,0.704081,4.09166,4.04838,-0.0432796,60.0
1744878815999905.0,-1193.82,-2750.37,0.704081,4.09166,4.07197,-0.0196893,60.0
1744878816020623.0,-1194.25,-2753.1,0.705336,4.04838,4.15799,0.109612,60.0
1744878816041328.0,-1194.25,-2753.1,0.705336,4.04838,4.20253,0.154153,60.0
1744878816061861.0,-1194.25,-2753.1,0.705336,4.04838,4.05107,0.00268892,60.0
1744878816082612.0,-1194.67,-2756.52,0.706888,4.20253,4.1543,-0.0482368,60.0
1744878816103393.0,-1194.67,-2756.52,0.706888,4.20253,4.26807,0.0655393,60.0
1744878816123964.0,-1194.67,-2759.25,0.708067,4.1543,4.1566,0.00230194,60.0
1744878816144638.0,-1194.67,-2759.25,0.708067,4.1543,4.21053,0.0562315,60.0
1744878816165611.0,-1194.67,-2759.25,0.708067,4.1543,4.07666,-0.077634,60.0
1744878816186116.0,-1195.09,-2761.98,0.709327,4.21053,4.10842,-0.102111,60.0
1744878816206590.0,-1195.09,-2761.98,0.709327,4.21053,4.18188,-0.0286518,60.0
1744878816227490.0,-1195.51,-2765.4,0.710883,4.10842,4.08355,-0.024872,60.0
1744878816248164.0,-1195.51,-2765.4,0.710883,4.10842,4.17484,0.0664226,60.0
1744878816268751.0,-1195.94,-2768.13,0.712145,4.08355,3.99946,-0.0840875,60.0
1744878816289539.0,-1195.94,-2768.13,0.712145,4.08355,4.08659,0.00303941,60.0
1744878816310212.0,-1195.94,-2768.13,0.712145,4.08355,3.98187,-0.101674,60.0
1744878816330746.0,-1196.36,-2770.86,0.713409,4.08659,4.09186,0.00527873,60.0
1744878816351794.0,-1196.36,-2770.86,0.713409,4.08659,4.04916,-0.0374259,60.0
1744878816372492.0,-1196.78,-2774.27,0.71497,4.09186,4.24858,0.156719,60.0
1744878816393111.0,-1196.78,-2774.27,0.71497,4.09186,4.24629,0.154429,60.0
1744878816413844.0,-1196.78,-2774.27,0.71497,4.09186,3.98287,-0.108998,60.0
1744878816434253.0,-1197.2,-2777.0,0.716236,4.24629,4.12038,-0.12591,60.0
1744878816454964.0,-1197.2,-2777.0,0.716236,4.24629,4.16685,-0.0794473,60.0
1744878816475778.0,-1197.63,-2779.74,0.717504,4.12038,4.03688,-0.0835023,60.0
1744878816496504.0,-1197.63,-2779.74,0.717504,4.12038,4.08033,-0.0400579,60.0
1744878816517366.0,-1197.63,-2779.74,0.717504,4.12038,4.12702,0.00663337,60.0
1744878816537760.0,-1198.05,-2783.15,0.71907,4.08033,4.13531,0.0549884,60.0
1744878816558680.0,-1198.05,-2783.15,0.71907,4.08033,4.08223,0.0019006,60.0
1744878816579409.0,-1198.89,-2785.88,0.72042,4.13531,4.03114,-0.104176,60.0
1744878816600164.0,-1198.89,-2785.88,0.72042,4.13531,4.15035,0.0150376,60.0
1744878816620928.0,-1198.89,-2785.88,0.72042,4.13531,4.21183,0.0765177,60.0
1744878816641542.0,-1199.32,-2788.61,0.721691,4.15035,4.19914,0.0487911,60.0
1744878816662971.0,-1199.32,-2788.61,0.721691,4.15035,4.01462,-0.135735,60.0
1744878816683802.0,-1199.74,-2792.03,0.723262,4.19914,4.11391,-0.0852323,60.0
1744878816704537.0,-1199.74,-2792.03,0.723262,4.19914,4.27768,0.0785423,60.0
1744878816725139.0,-1200.59,-2794.76,0.724616,4.11391,4.00216,-0.111746,60.0
1744878816745856.0,-1200.59,-2794.76,0.724616,4.11391,4.18078,0.0668655,60.0
1744878816766648.0,-1200.59,-2794.76,0.724616,4.11391,4.20562,0.0917086,60.0
1744878816787545.0,-1201.01,-2797.49,0.725892,4.18078,4.03846,-0.142317,60.0
1744878816808336.0,-1201.01,-2797.49,0.725892,4.18078,4.32797,0.147191,60.0
1744878816828960.0,-1201.85,-2800.9,0.727547,4.03846,4.1171,0.0786413,60.0
1744878816849657.0,-1201.85,-2800.9,0.727547,4.03846,4.10137,0.062912,60.0
1744878816870352.0,-1201.85,-2800.9,0.727547,4.03846,4.11356,0.0751008,60.0
1744878816891183.0,-1202.7,-2803.64,0.728905,4.10137,4.06719,-0.0341857,60.0
1744878816912028.0,-1202.7,-2803.64,0.728905,4.10137,4.13608,0.0347074,60.0
1744878816932812.0,-1203.12,-2806.37,0.730185,4.06719,3.94312,-0.124063,60.0
1744878816953509.0,-1203.12,-2806.37,0.730185,4.06719,4.12023,0.0530437,60.0
1744878816974236.0,-1203.12,-2806.37,0.730185,4.06719,4.00443,-0.0627567,60.0
1744878816995034.0,-1203.97,-2809.1,0.731545,4.12023,4.1443,0.024069,60.0
1744878817016004.0,-1203.97,-2809.1,0.731545,4.12023,3.99913,-0.121096,60.0
1744878817036678.0,-1204.81,-2812.51,0.733208,4.1443,4.05511,-0.089191,60.0
1744878817057823.0,-1204.81,-2812.51,0.733208,4.1443,4.08545,-0.0588492,60.0
1744878817078513.0,-1205.66,-2815.24,0.734571,4.05511,3.95251,-0.102596,60.0
1744878817099075.0,-1205.66,-2815.24,0.734571,4.05511,4.10703,0.0519257,60.0
1744878817120450.0,-1205.66,-2815.24,0.734571,4.05511,4.20896,0.153852,60.0
1744878817140636.0,-1206.51,-2817.98,0.735936,4.10703,4.12367,0.016633,60.0
1744878817162008.0,-1206.51,-2817.98,0.735936,4.10703,3.96938,-0.137648,60.0
1744878817183077.0,-1207.35,-2820.71,0.737302,4.12367,4.13424,0.0105709,60.0
1744878817204098.0,-1207.35,-2820.71,0.737302,4.12367,4.00135,-0.122314,60.0
1744878817224665.0,-1207.35,-2820.71,0.737302,4.12367,4.1685,0.0448372,60.0
1744878817245577.0,-1208.2,-2824.12,0.738971,4.00135,4.11969,0.118335,60.0
1744878817267713.0,-1208.2,-2824.12,0.738971,4.00135,3.9956,-0.00574856,60.0
1744878817288596.0,-1209.04,-2826.85,0.74034,4.11969,3.97355,-0.146138,60.0
1744878817309470.0,-1209.04,-2826.85,0.74034,4.11969,4.03548,-0.0842074,60.0
1744878817330025.0,-1209.04,-2826.85,0.74034,4.11969,4.0876,-0.0320872,60.0
1744878817350532.0,-1209.89,-2829.59,0.74171,4.03548,4.03648,0.000995543,60.0
1744878817371395.0,-1209.89,-2829.59,0.74171,4.03548,4.16959,0.134113,60.0
1744878817392210.0,-1210.74,-2832.32,0.743082,4.03648,4.07587,0.0393904,60.0
1744878817412854.0,-1210.74,-2832.32,0.743082,4.03648,3.92255,-0.113925,60.0
1744878817433467.0,-1211.58,-2835.05,0.744454,4.07587,4.06055,-0.0153202,60.0
1744878817454220.0,-1211.58,-2835.05,0.744454,4.07587,3.94425,-0.131613,60.0
1744878817475062.0,-1211.58,-2835.05,0.744454,4.07587,4.20248,0.126618,60.0
1744878817495723.0,-1212.43,-2837.78,0.745828,3.94425,4.0964,0.152151,60.0
1744878817516370.0,-1212.43,-2837.78,0.745828,3.94425,4.04144,0.0971875,60.0
1744878817537077.0,-1213.7,-2841.19,0.747588,4.0964,4.08315,-0.013257,60.0
1744878817557925.0,-1213.7,-2841.19,0.747588,4.0964,4.12381,0.0274068,60.0
1744878817578647.0,-1213.7,-2841.19,0.747588,4.0964,4.00953,-0.0868724,60.0
1744878817599299.0,-1214.54,-2843.93,0.748965,4.12381,4.08625,-0.0375623,60.0
1744878817620067.0,-1214.54,-2843.93,0.748965,4.12381,4.05467,-0.0691407,60.0
1744878817640813.0,-1215.81,-2846.66,0.750424,4.08625,4.1452,0.0589482,60.0
1744878817661849.0,-1215.81,-2846.66,0.750424,4.08625,4.12998,0.0437355,60.0
1744878817682649.0,-1215.81,-2846.66,0.750424,4.08625,4.15279,0.0665431,60.0
1744878817703748.0,-1216.66,-2849.39,0.751804,4.12998,4.17928,0.0492946,60.0
1744878817724637.0,-1216.66,-2849.39,0.751804,4.12998,4.16163,0.0316418,60.0
1744878817745382.0,-1217.93,-2852.12,0.753266,4.17928,4.18856,0.00928148,60.0
1744878817766320.0,-1217.93,-2852.12,0.753266,4.17928,4.10598,-0.0733024,60.0
1744878817787094.0,-1218.78,-2854.85,0.754648,4.18856,4.1222,-0.0663626,60.0
1744878817807732.0,-1218.78,-2854.85,0.754648,4.18856,4.14194,-0.046623,60.0
1744878817828508.0,-1218.78,-2854.85,0.754648,4.18856,4.06555,-0.123011,60.0
1744878817849360.0,-1220.05,-2857.58,0.756112,4.14194,4.09123,-0.0507057,60.0
1744878817869995.0,-1220.05,-2857.58,0.756112,4.14194,4.14951,0.00757642,60.0
1744878817890643.0,-1221.31,-2860.32,0.757579,4.09123,4.02063,-0.0706003,60.0
1744878817911457.0,-1221.31,-2860.32,0.757579,4.09123,4.03152,-0.0597105,60.0
1744878817932339.0,-1221.31,-2860.32,0.757579,4.09123,4.16858,0.0773519,60.0
1744878817953156.0,-1222.16,-2863.05,0.758965,4.03152,4.00364,-0.0278797,60.0
1744878817973712.0,-1222.16,-2863.05,0.758965,4.03152,4.18565,0.154129,60.0
1744878817994634.0,-1223.43,-2865.78,0.760433,4.00364,4.03949,0.0358476,60.0
1744878818015296.0,-1223.43,-2865.78,0.760433,4.00364,4.16735,0.16371,60.0
1744878818036031.0,-1223.43,-2865.78,0.760433,4.00364,4.07585,0.0722127,60.0
1744878818056915.0,-1224.7,-2868.51,0.761904,4.16735,4.21597,0.0486166,60.0
1744878818077276.0,-1224.7,-2868.51,0.761904,4.16735,4.05917,-0.10818,60.0
1744878818098112.0,-1225.97,-2871.24,0.763376,4.21597,4.2821,0.0661356,60.0
1744878818119036.0,-1225.97,-2871.24,0.763376,4.21597,4.08032,-0.135652,60.0
1744878818139803.0,-1225.97,-2871.24,0.763376,4.21597,4.13575,-0.0802216,60.0
1744878818160475.0,-1227.24,-2873.97,0.764849,4.08032,4.03309,-0.0472228,60.0
1744878818181378.0,-1227.24,-2873.97,0.764849,4.08032,4.02651,-0.0538034,60.0
1744878818202194.0,-1228.51,-2876.71,0.766323,4.03309,4.18718,0.154086,60.0
1744878818223009.0,-1228.51,-2876.71,0.766323,4.03309,4.00694,-0.0261499,60.0
1744878818243436.0,-1229.78,-2879.44,0.767799,4.18718,4.2265,0.0393214,60.0
1744878818264323.0,-1229.78,-2879.44,0.767799,4.18718,4.22485,0.0376731,60.0
1744878818285111.0,-1229.78,-2879.44,0.767799,4.18718,4.04553,-0.141646,60.0
1744878818306340.0,-1231.05,-2882.17,0.769277,4.22485,4.11004,-0.11481,60.0
1744878818327272.0,-1231.05,-2882.17,0.769277,4.22485,4.07865,-0.146203,60.0
1744878818347872.0,-1232.32,-2884.9,0.770755,4.11004,4.06746,-0.042578,60.0
1744878818368697.0,-1232.32,-2884.9,0.770755,4.11004,4.10104,-0.00900318,60.0
1744878818389536.0,-1232.32,-2884.9,0.770755,4.11004,3.98535,-0.124695,60.0
1744878818410477.0,-1233.59,-2887.63,0.772236,4.10104,4.17938,0.0783407,60.0
1744878818431319.0,-1233.59,-2887.63,0.772236,4.10104,3.9841,-0.11694,60.0
1744878818452302.0,-1235.28,-2890.36,0.7738,4.17938,4.16256,-0.0168194,60.0
1744878818473096.0,-1235.28,-2890.36,0.7738,4.17938,4.19274,0.0133602,60.0
1744878818494033.0,-1235.28,-2890.36,0.7738,4.17938,4.22404,0.0446567,60.0
1744878818514458.0,-1236.55,-2893.1,0.775283,4.19274,4.06708,-0.125655,60.0
1744878818535429.0,-1236.55,-2893.1,0.775283,4.19274,4.155,-0.0377345,60.0
1744878818555970.0,-1237.82,-2895.83,0.776768,4.06708,4.18758,0.120492,60.0
1744878818576875.0,-1237.82,-2895.83,0.776768,4.06708,4.04962,-0.0174605,60.0
1744878818597393.0,-1239.09,-2898.56,0.778254,4.18758,4.14533,-0.0422465,60.0
1744878818618030.0,-1239.09,-2898.56,0.778254,4.18758,4.05685,-0.130722,60.0
1744878818638806.0,-1239.09,-2898.56,0.778254,4.18758,4.05177,-0.135802,60.0
1744878818659973.0,-1240.78,-2901.29,0.779824,4.05685,3.9942,-0.0626545,60.0
1744878818680812.0,-1240.78,-2901.29,0.779824,4.05685,4.18263,0.125774,60.0
1744878818701169.0,-1242.05,-2904.02,0.781313,3.9942,3.97198,-0.0222246,60.0
1744878818722095.0,-1242.05,-2904.02,0.781313,3.9942,4.152,0.157796,60.0
1744878818742880.0,-1242.05,-2904.02,0.781313,3.9942,4.14468,0.150477,60.0
1744878818763699.0,-1243.32,-2906.07,0.782492,4.152,4.12749,-0.0245049,60.0
1744878818784388.0,-1243.32,-2906.07,0.782492,4.152,4.14015,-0.011841,60.0
1744878818805533.0,-1245.01,-2908.8,0.784067,4.12749,4.22691,0.0994228,60.0
1744878818825840.0,-1245.01,-2908.8,0.784067,4.12749,4.16887,0.0413839,60.0
1744878818846493.0,-1245.01,-2908.8,0.784067,4.12749,4.15101,0.0235204,60.0
1744878818867391.0,-1246.28,-2911.54,0.78556,4.16887,4.10714,-0.0617342,60.0
1744878818888160.0,-1246.28,-2911.54,0.78556,4.16887,4.24185,0.0729726,60.0
1744878818908911.0,-1247.98,-2914.27,0.787137,4.10714,4.07762,-0.0295192,60.0
1744878818929721.0,-1247.98,-2914.27,0.787137,4.10714,4.1926,0.0854556,60.0
1744878818950713.0,-1247.98,-2914.27,0.787137,4.10714,4.11023,0.00309253,60.0
1744878818971451.0,-1249.25,-2917.0,0.788633,4.1926,4.19093,-0.0016642,60.0
1744878818992271.0,-1249.25,-2917.0,0.788633,4.1926,4.06646,-0.126132,60.0
1744878819013104.0,-1250.52,-2919.73,0.790131,4.19093,4.03566,-0.155275,60.0
1744878819033970.0,-1250.52,-2919.73,0.790131,4.19093,4.0726,-0.118329,60.0
1744878819055000.0,-1252.21,-2921.78,0.791401,4.03566,3.91723,-0.118422,60.0
1744878819075422.0,-1252.21,-2921.78,0.791401,4.03566,4.15257,0.116913,60.0
1744878819096514.0,-1252.21,-2921.78,0.791401,4.03566,4.00573,-0.0299237,60.0
1744878819117303.0,-1253.9,-2924.51,0.792984,4.15257,4.16469,0.0121163,60.0
1744878819137770.0,-1253.9,-2924.51,0.792984,4.15257,3.99404,-0.158525,60.0
1744878819159173.0,-1255.17,-2927.24,0.794486,4.16469,4.16487,0.000185808,60.0
1744878819179641.0,-1255.17,-2927.24,0.794486,4.16469,4.03396,-0.13073,60.0
1744878819200509.0,-1255.17,-2927.24,0.794486,4.16469,4.14508,-0.0196015,60.0
1744878819221279.0,-1256.87,-2929.98,0.796072,4.03396,4.03303,-0.000922281,60.0
1744878819242092.0,-1256.87,-2929.98,0.796072,4.03396,4.14386,0.109908,60.0
1744878819262791.0,-1258.13,-2932.71,0.797577,4.03303,4.12391,0.090881,60.0
1744878819283691.0,-1258.13,-2932.71,0.797577,4.03303,4.10373,0.0706924,60.0
1744878819304350.0,-1258.13,-2932.71,0.797577,4.03303,4.18115,0.148113,60.0
1744878819325489.0,-1259.83,-2934.76,0.798853,4.10373,3.96151,-0.142219,60.0
1744878819346105.0,-1259.83,-2934.76,0.798853,4.10373,4.16482,0.0610979,60.0
1744878819366983.0,-1261.52,-2937.49,0.800444,3.96151,4.02643,0.0649221,60.0
1744878819387517.0,-1261.52,-2937.49,0.800444,3.96151,4.11692,0.155418,60.0
1744878819408338.0,-1262.79,-2940.22,0.801953,4.02643,4.07318,0.0467528,60.0
1744878819429096.0,-1262.79,-2940.22,0.801953,4.02643,3.9723,-0.0541322,60.0
1744878819449934.0,-1262.79,-2940.22,0.801953,4.02643,4.08159,0.0551612,60.0
1744878819470613.0,-1264.48,-2942.95,0.803547,3.9723,3.95021,-0.0220884,60.0
1744878819491526.0,-1264.48,-2942.95,0.803547,3.9723,3.93875,-0.033543,60.0
1744878819512239.0,-1266.18,-2945.0,0.804828,3.95021,3.94616,-0.00404565,60.0
1744878819533241.0,-1266.18,-2945.0,0.804828,3.95021,3.92759,-0.0226191,60.0
1744878819553863.0,-1266.18,-2945.0,0.804828,3.95021,4.01024,0.060031,60.0
1744878819574720.0,-1267.87,-2947.73,0.806425,3.92759,4.08231,0.154724,60.0
1744878819595659.0,-1267.87,-2947.73,0.806425,3.92759,3.90289,-0.0246957,60.0
1744878819616235.0,-1269.56,-2950.46,0.808024,4.08231,4.035,-0.0473151,60.0
1744878819637328.0,-1269.56,-2950.46,0.808024,4.08231,4.06927,-0.0130393,60.0
1744878819658367.0,-1269.56,-2950.46,0.808024,4.08231,4.12909,0.046781,60.0
1744878819679074.0,-1271.26,-2952.51,0.809309,4.06927,4.122,0.0527259,60.0
1744878819700904.0,-1271.26,-2952.51,0.809309,4.06927,4.05048,-0.0187949,60.0
1744878819721396.0,-1272.53,-2955.24,0.810826,4.122,4.06412,-0.0578793,60.0
1744878819742092.0,-1272.53,-2955.24,0.810826,4.122,3.99005,-0.131948,60.0
1744878819762622.0,-1274.22,-2957.98,0.812429,4.06412,4.20764,0.143517,60.0
1744878819783397.0,-1274.22,-2957.98,0.812429,4.06412,4.05552,-0.00859546,60.0
1744878819804528.0,-1274.22,-2957.98,0.812429,4.06412,4.09382,0.0296999,60.0
1744878819825179.0,-1275.91,-2960.03,0.813718,4.05552,4.12542,0.0698951,60.0
1744878819846122.0,-1275.91,-2960.03,0.813718,4.05552,4.16871,0.113182,60.0
1744878819867138.0,-1277.61,-2962.76,0.815324,4.12542,4.10259,-0.0228293,60.0
1744878819887789.0,-1277.61,-2962.76,0.815324,4.12542,4.0107,-0.114718,60.0
1744878819908379.0,-1277.61,-2962.76,0.815324,4.12542,4.15427,0.0288476,60.0
1744878819929001.0,-1279.3,-2965.49,0.816932,4.0107,3.92571,-0.0849925,60.0
1744878819950025.0,-1279.3,-2965.49,0.816932,4.0107,4.03265,0.0219473,60.0
1744878819971010.0,-1280.99,-2967.54,0.818224,3.92571,3.98796,0.0622551,60.0
1744878819991791.0,-1280.99,-2967.54,0.818224,3.92571,3.99243,0.0667184,60.0
1744878820012420.0,-1280.99,-2967.54,0.818224,3.92571,3.95005,0.0243446,60.0
1744878820033112.0,-1282.68,-2970.27,0.819835,3.99243,3.89335,-0.0990781,60.0
1744878820053809.0,-1282.68,-2970.27,0.819835,3.99243,4.03967,0.0472431,60.0
1744878820074528.0,-1284.38,-2972.32,0.821129,3.89335,3.99378,0.100428,60.0
1744878820095250.0,-1284.38,-2972.32,0.821129,3.89335,3.9612,0.0678523,60.0
1744878820116108.0,-1284.38,-2972.32,0.821129,3.89335,3.96316,0.0698143,60.0
1744878820136827.0,-1286.49,-2975.05,0.822829,3.9612,4.02581,0.0646039,60.0
1744878820157964.0,-1286.49,-2975.05,0.822829,3.9612,4.03912,0.0779165,60.0
1744878820178841.0,-1288.19,-2977.78,0.824444,4.02581,4.02293,-0.00287181,60.0
1744878820201427.0,-1288.19,-2977.78,0.824444,4.02581,4.04782,0.0220103,60.0
1744878820222107.0,-1289.88,-2979.83,0.825743,4.02293,4.04146,0.0185298,60.0
1744878820243029.0,-1289.88,-2979.83,0.825743,4.02293,4.14436,0.121429,60.0
1744878820263665.0,-1289.88,-2979.83,0.825743,4.02293,4.09346,0.0705245,60.0
1744878820284391.0,-1291.57,-2982.56,0.827361,4.14436,4.13949,-0.00486928,60.0
1744878820305408.0,-1291.57,-2982.56,0.827361,4.14436,4.15621,0.0118511,60.0
1744878820326126.0,-1293.27,-2984.61,0.828662,4.13949,4.25997,0.120472,60.0
1744878820347109.0,-1293.27,-2984.61,0.828662,4.13949,4.12647,-0.0130279,60.0
1744878820367647.0,-1293.27,-2984.61,0.828662,4.13949,4.08428,-0.0552159,60.0
1744878820388245.0,-1294.96,-2987.35,0.830284,4.12647,4.11066,-0.015804,60.0
1744878820409017.0,-1294.96,-2987.35,0.830284,4.12647,4.09037,-0.0360951,60.0
1744878820429768.0,-1297.08,-2989.39,0.831673,4.11066,4.12205,0.0113866,60.0
1744878820450673.0,-1297.08,-2989.39,0.831673,4.11066,3.99232,-0.118338,60.0
1744878820471347.0,-1298.77,-2992.13,0.833298,3.99232,4.09302,0.1007,60.0
1744878820492301.0,-1298.77,-2992.13,0.833298,3.99232,4.09178,0.0994533,60.0
1744878820513103.0,-1298.77,-2992.13,0.833298,3.99232,4.02933,0.0370033,60.0
1744878820533956.0,-1300.46,-2994.18,0.834604,4.09178,4.05685,-0.0349262,60.0
1744878820555466.0,-1300.46,-2994.18,0.834604,4.09178,3.94498,-0.146798,60.0
1744878820576099.0,-1302.16,-2996.91,0.836231,4.05685,4.0269,-0.0299474,60.0
1744878820596794.0,-1302.16,-2996.91,0.836231,4.05685,3.97796,-0.078893,60.0
1744878820617534.0,-1302.16,-2996.91,0.836231,4.05685,3.95897,-0.0978781,60.0
1744878820638632.0,-1303.85,-2998.96,0.83754,3.97796,4.11482,0.136864,60.0
1744878820659556.0,-1303.85,-2998.96,0.83754,3.97796,4.13414,0.156177,60.0
1744878820680305.0,-1305.54,-3001.69,0.83917,4.11482,4.09309,-0.0217277,60.0
1744878820701163.0,-1305.54,-3001.69,0.83917,4.11482,4.19825,0.0834238,60.0
1744878820721901.0,-1305.54,-3001.69,0.83917,4.11482,3.95409,-0.160736,60.0
1744878820742734.0,-1307.66,-3004.42,0.840889,4.19825,4.27309,0.074845,60.0
1744878820763380.0,-1307.66,-3004.42,0.840889,4.19825,4.09986,-0.0983892,60.0
1744878820784079.0,-1309.35,-3006.47,0.842201,4.27309,4.24788,-0.0252053,60.0
1744878820805303.0,-1309.35,-3006.47,0.842201,4.27309,4.33502,0.0619345,60.0
1744878820826212.0,-1311.05,-3009.2,0.843836,4.24788,4.17938,-0.0685009,60.0
1744878820846731.0,-1311.05,-3009.2,0.843836,4.24788,4.12101,-0.126872,60.0
1744878820867247.0,-1311.05,-3009.2,0.843836,4.24788,4.13641,-0.111477,60.0
1744878820888392.0,-1312.74,-3011.25,0.845151,4.12101,4.14137,0.0203604,60.0
1744878820909279.0,-1312.74,-3011.25,0.845151,4.12101,4.01244,-0.108577,60.0
1744878820929656.0,-1314.43,-3013.98,0.846789,4.14137,4.23112,0.0897452,60.0
1744878820950693.0,-1314.43,-3013.98,0.846789,4.14137,4.01513,-0.126248,60.0
1744878820971386.0,-1314.43,-3013.98,0.846789,4.14137,4.12165,-0.0197225,60.0
1744878820992289.0,-1316.13,-3016.71,0.848428,4.01513,4.08988,0.0747551,60.0
1744878821013024.0,-1316.13,-3016.71,0.848428,4.01513,3.96139,-0.0537364,60.0
1744878821033821.0,-1317.82,-3018.76,0.849747,4.08988,4.04496,-0.0449171,60.0
1744878821054401.0,-1317.82,-3018.76,0.849747,4.08988,3.98131,-0.108574,60.0
1744878821075070.0,-1317.82,-3018.76,0.849747,4.08988,4.12141,0.0315255,60.0
1744878821095757.0,-1319.51,-3021.5,0.851389,3.98131,4.12892,0.147617,60.0
1744878821116825.0,-1319.51,-3021.5,0.851389,3.98131,3.96609,-0.0152118,60.0
1744878821137472.0,-1321.2,-3023.54,0.85271,4.12892,4.05061,-0.0783167,60.0
1744878821158454.0,-1321.2,-3023.54,0.85271,4.12892,4.20878,0.079854,60.0
1744878821178977.0,-1321.2,-3023.54,0.85271,4.12892,4.02719,-0.101738,60.0
1744878821200129.0,-1322.9,-3026.28,0.854356,4.20878,4.10357,-0.10521,60.0
1744878821220536.0,-1322.9,-3026.28,0.854356,4.20878,4.24355,0.0347713,60.0
1744878821241213.0,-1324.59,-3028.33,0.855679,4.10357,4.11833,0.0147655,60.0
1744878821261806.0,-1324.59,-3028.33,0.855679,4.10357,4.14777,0.0441976,60.0
1744878821282468.0,-1326.71,-3031.06,0.857416,4.11833,4.18365,0.0653213,60.0
1744878821303429.0,-1326.71,-3031.06,0.857416,4.11833,3.97741,-0.140927,60.0
1744878821324165.0,-1326.71,-3031.06,0.857416,4.11833,4.09694,-0.021391,60.0
1744878821344665.0,-1328.4,-3033.79,0.859066,3.97741,4.13923,0.161826,60.0
1744878821365619.0,-1328.4,-3033.79,0.859066,3.97741,4.07738,0.0999706,60.0
1744878821386450.0,-1330.09,-3035.84,0.860393,4.13923,4.10344,-0.035796,60.0
1744878821407336.0,-1330.09,-3035.84,0.860393,4.13923,4.21913,0.0798948,60.0
1744878821427731.0,-1330.09,-3035.84,0.860393,4.13923,4.18551,0.0462814,60.0
1744878821448606.0,-1331.79,-3038.57,0.862046,4.21913,4.11036,-0.108763,60.0
1744878821469298.0,-1331.79,-3038.57,0.862046,4.21913,4.22934,0.0102114,60.0
1744878821490033.0,-1333.48,-3040.62,0.863376,4.11036,4.02671,-0.0836588,60.0
1744878821510721.0,-1333.48,-3040.62,0.863376,4.11036,4.25881,0.148443,60.0
1744878821531378.0,-1333.48,-3040.62,0.863376,4.11036,3.95599,-0.154374,60.0
1744878821552491.0,-1335.17,-3043.35,0.865032,4.25881,4.26134,0.00252832,60.0
1744878821572774.0,-1335.17,-3043.35,0.865032,4.25881,4.25951,0.00070117,60.0
1744878821593384.0,-1336.87,-3046.08,0.86669,4.26134,4.22427,-0.0370657,60.0
1744878821614041.0,-1336.87,-3046.08,0.86669,4.26134,4.24611,-0.0152236,60.0
1744878821634640.0,-1338.56,-3048.13,0.868023,4.22427,4.27403,0.0497606,60.0
1744878821655627.0,-1338.56,-3048.13,0.868023,4.22427,4.18349,-0.0407817,60.0
1744878821676659.0,-1338.56,-3048.13,0.868023,4.22427,4.08755,-0.136715,60.0
1744878821697217.0,-1340.25,-3050.86,0.869684,4.18349,4.14824,-0.0352506,60.0
1744878821717954.0,-1340.25,-3050.86,0.869684,4.18349,4.24239,0.0589007,60.0
1744878821738651.0,-1341.95,-3053.6,0.871346,4.14824,4.16908,0.020838,60.0
1744878821759840.0,-1341.95,-3053.6,0.871346,4.14824,4.0425,-0.10574,60.0
1744878821780322.0,-1341.95,-3053.6,0.871346,4.14824,4.16477,0.0165334,60.0
1744878821801178.0,-1343.64,-3055.64,0.872683,4.0425,3.92155,-0.120944,60.0
1744878821821650.0,-1343.64,-3055.64,0.872683,4.0425,4.17379,0.131291,60.0
1744878821842233.0,-1345.33,-3058.38,0.874348,3.92155,3.98966,0.0681017,60.0
1744878821863072.0,-1345.33,-3058.38,0.874348,3.92155,4.00988,0.0883299,60.0
1744878821883865.0,-1345.33,-3058.38,0.874348,3.92155,4.05866,0.137111,60.0
1744878821904858.0,-1347.02,-3061.11,0.876015,4.00988,4.0957,0.0858152,60.0
1744878821925518.0,-1347.02,-3061.11,0.876015,4.00988,4.10705,0.0971638,60.0
1744878821946192.0,-1348.72,-3063.16,0.877356,4.0957,4.095,-0.000701537,60.0
1744878821966940.0,-1348.72,-3063.16,0.877356,4.0957,4.04507,-0.0506241,60.0
1744878821987656.0,-1350.41,-3065.89,0.879026,4.095,4.20947,0.114478,60.0
1744878822008866.0,-1350.41,-3065.89,0.879026,4.095,3.99424,-0.100757,60.0
1744878822029737.0,-1350.41,-3065.89,0.879026,4.095,4.2067,0.111703,60.0
1744878822050301.0,-1352.1,-3067.94,0.880369,3.99424,4.14106,0.146817,60.0
1744878822071081.0,-1352.1,-3067.94,0.880369,3.99424,3.96173,-0.0325118,60.0
1744878822091869.0,-1353.8,-3070.67,0.882042,4.14106,4.13671,-0.00434245,60.0
1744878822112550.0,-1353.8,-3070.67,0.882042,4.14106,4.03541,-0.105647,60.0
1744878822133281.0,-1353.8,-3070.67,0.882042,4.14106,4.02592,-0.115137,60.0
1744878822154194.0,-1355.49,-3073.4,0.883716,4.03541,4.01308,-0.0223257,60.0
1744878822175008.0,-1355.49,-3073.4,0.883716,4.03541,4.16746,0.132054,60.0
1744878822195946.0,-1357.18,-3075.45,0.885063,4.01308,4.12234,0.109252,60.0
1744878822216813.0,-1357.18,-3075.45,0.885063,4.01308,4.13124,0.118159,60.0
1744878822237940.0,-1357.18,-3075.45,0.885063,4.01308,3.97897,-0.0341155,60.0
1744878822258579.0,-1358.88,-3078.18,0.88674,4.13124,4.09318,-0.038064,60.0
1744878822279346.0,-1358.88,-3078.18,0.88674,4.13124,4.08955,-0.0416911,60.0
1744878822300256.0,-1360.57,-3080.23,0.88809,4.09318,4.0658,-0.0273823,60.0
1744878822321104.0,-1360.57,-3080.23,0.88809,4.09318,4.18675,0.0935714,60.0
1744878822341746.0,-1362.26,-3082.96,0.88977,4.18675,4.13336,-0.053395,60.0
1744878822362528.0,-1362.26,-3082.96,0.88977,4.18675,4.18008,-0.00666991,60.0
1744878822382944.0,-1362.26,-3082.96,0.88977,4.18675,4.2298,0.0430484,60.0
1744878822403618.0,-1363.96,-3085.7,0.891452,4.18008,4.12881,-0.0512707,60.0
1744878822424380.0,-1363.96,-3085.7,0.891452,4.18008,4.18908,0.00900185,60.0
1744878822445053.0,-1365.65,-3087.75,0.892805,4.12881,4.0796,-0.0492074,60.0
1744878822465751.0,-1365.65,-3087.75,0.892805,4.12881,4.15178,0.022971,60.0
1744878822486412.0,-1365.65,-3087.75,0.892805,4.12881,4.19741,0.0686001,60.0
1744878822507528.0,-1367.34,-3090.48,0.89449,4.15178,4.02702,-0.124765,60.0
1744878822527901.0,-1367.34,-3090.48,0.89449,4.15178,4.03647,-0.115315,60.0
1744878822548947.0,-1369.04,-3092.53,0.895846,4.02702,4.08806,0.061045,60.0
1744878822569623.0,-1369.04,-3092.53,0.895846,4.02702,4.07232,0.0453017,60.0
1744878822590260.0,-1369.04,-3092.53,0.895846,4.02702,4.1202,0.0931858,60.0
1744878822610854.0,-1370.73,-3095.26,0.897533,4.07232,4.22153,0.149218,60.0
1744878822631696.0,-1370.73,-3095.26,0.897533,4.07232,3.97547,-0.0968511,60.0
1744878822652435.0,-1372.42,-3097.99,0.899223,4.22153,4.14572,-0.0758178,60.0
1744878822674755.0,-1372.42,-3097.99,0.899223,4.22153,4.20733,-0.014206,60.0
1744878822695310.0,-1372.42,-3097.99,0.899223,4.22153,4.24127,0.019734,60.0
1744878822716414.0,-1374.11,-3100.04,0.900582,4.20733,4.19759,-0.0097368,60.0
1744878822736936.0,-1374.11,-3100.04,0.900582,4.20733,4.20456,-0.00277145,60.0
1744878822757727.0,-1375.81,-3102.77,0.902275,4.19759,4.06426,-0.133335,60.0
1744878822779597.0,-1375.81,-3102.77,0.902275,4.19759,4.17132,-0.0262738,60.0
1744878822799665.0,-1377.5,-3105.5,0.903968,4.06426,4.04815,-0.0161111,60.0
1744878822820355.0,-1377.5,-3105.5,0.903968,4.06426,4.0049,-0.0593567,60.0
1744878822841091.0,-1377.5,-3105.5,0.903968,4.06426,4.03726,-0.0269949,60.0
1744878822862078.0,-1379.19,-3107.55,0.905332,4.0049,3.99598,-0.00892214,60.0
1744878822882686.0,-1379.19,-3107.55,0.905332,4.0049,4.09779,0.0928851,60.0
1744878822903387.0,-1380.89,-3110.28,0.907029,3.99598,3.97084,-0.0251419,60.0
1744878822923873.0,-1380.89,-3110.28,0.907029,3.99598,3.99852,0.00254445,60.0
1744878822944669.0,-1380.89,-3110.28,0.907029,3.99598,4.08243,0.0864475,60.0
1744878822965357.0,-1382.58,-3112.33,0.908394,3.99852,3.98452,-0.0140069,60.0
1744878822986473.0,-1382.58,-3112.33,0.908394,3.99852,4.10573,0.107211,60.0
1744878823006947.0,-1384.27,-3115.07,0.910094,3.98452,4.04902,0.0645045,60.0
1744878823027699.0,-1384.27,-3115.07,0.910094,3.98452,4.07458,0.0900606,60.0
1744878823048480.0,-1384.27,-3115.07,0.910094,3.98452,3.99948,0.014964,60.0
1744878823069409.0,-1385.97,-3117.8,0.911795,4.07458,4.18602,0.111449,60.0
1744878823089902.0,-1385.97,-3117.8,0.911795,4.07458,4.07586,0.00128266,60.0
1744878823110668.0,-1388.08,-3119.85,0.913257,4.18603,4.14413,-0.0418985,60.0
1744878823131382.0,-1388.08,-3119.85,0.913257,4.18603,4.30071,0.11468,60.0
1744878823152116.0,-1389.78,-3122.58,0.914962,4.14413,4.16774,0.023611,60.0
1744878823174022.0,-1389.78,-3122.58,0.914962,4.14413,4.21918,0.0750501,60.0
1744878823194878.0,-1389.78,-3122.58,0.914962,4.14413,4.12341,-0.0207197,60.0
1744878823215802.0,-1391.47,-3124.63,0.916334,4.21918,4.08913,-0.130047,60.0
1744878823236309.0,-1391.47,-3124.63,0.916334,4.21918,4.07,-0.149173,60.0
1744878823257072.0,-1393.16,-3127.36,0.918041,4.08913,4.15161,0.0624771,60.0
1744878823277786.0,-1393.16,-3127.36,0.918041,4.08913,4.0798,-0.00932767,60.0
1744878823298699.0,-1393.16,-3127.36,0.918041,4.08913,4.1372,0.0480752,60.0
1744878823319402.0,-1394.86,-3130.09,0.91975,4.0798,4.02924,-0.0505641,60.0
1744878823340042.0,-1394.86,-3130.09,0.91975,4.0798,4.21557,0.135772,60.0
1744878823360771.0,-1396.55,-3132.14,0.921126,4.02924,4.15727,0.128032,60.0
1744878823381542.0,-1396.55,-3132.14,0.921126,4.02924,3.94418,-0.0850558,60.0
1744878823402251.0,-1396.55,-3132.14,0.921126,4.02924,3.96179,-0.0674447,60.0
1744878823423043.0,-1398.24,-3134.87,0.922838,3.94418,3.97694,0.0327599,60.0
1744878823443958.0,-1398.24,-3134.87,0.922838,3.94418,4.05447,0.110292,60.0
1744878823464439.0,-1399.93,-3136.92,0.924216,3.97694,3.96717,-0.00977531,60.0
1744878823485227.0,-1399.93,-3136.92,0.924216,3.97694,4.10549,0.128544,60.0
1744878823505957.0,-1399.93,-3136.92,0.924216,3.97694,4.01954,0.0426028,60.0
1744878823526585.0,-1401.63,-3139.65,0.925931,4.10549,4.01198,-0.0935037,60.0
1744878823547420.0,-1401.63,-3139.65,0.925931,4.10549,4.09672,-0.0087616,60.0
1744878823568331.0,-1403.32,-3141.7,0.927312,4.01198,4.16608,0.154102,60.0
1744878823589003.0,-1403.32,-3141.7,0.927312,4.01198,4.06133,0.049347,60.0
1744878823610179.0,-1405.01,-3144.43,0.92903,4.16608,4.05082,-0.115269,60.0
1744878823630892.0,-1405.01,-3144.43,0.92903,4.16608,4.0716,-0.0944868,60.0
1744878823651199.0,-1405.01,-3144.43,0.92903,4.16608,4.15704,-0.00904602,60.0
1744878823672025.0,-1407.13,-3147.17,0.930843,4.0716,3.95717,-0.114426,60.0
1744878823693117.0,-1407.13,-3147.17,0.930843,4.0716,3.97175,-0.0998448,60.0
1744878823713607.0,-1408.82,-3149.22,0.932228,3.95717,4.0779,0.120733,60.0
1744878823734397.0,-1408.82,-3149.22,0.932228,3.95717,4.12142,0.164247,60.0
1744878823755255.0,-1408.82,-3149.22,0.932228,3.95717,4.11025,0.153078,60.0
1744878823775895.0,-1410.52,-3151.95,0.93395,4.12142,4.04418,-0.0772332,60.0
1744878823796856.0,-1410.52,-3151.95,0.93395,4.12142,4.09714,-0.0242737,60.0
1744878823817877.0,-1412.21,-3154.0,0.935337,4.04418,4.15938,0.115193,60.0
1744878823838485.0,-1412.21,-3154.0,0.935337,4.04418,4.11062,0.0664334,60.0
1744878823859084.0,-1412.21,-3154.0,0.935337,4.04418,3.99373,-0.0504568,60.0
1744878823880113.0,-1413.9,-3156.73,0.937063,4.11062,3.95716,-0.153455,60.0
1744878823900678.0,-1413.9,-3156.73,0.937063,4.11062,4.17743,0.0668147,60.0
1744878823921561.0,-1416.02,-3158.78,0.938546,3.95716,3.98209,0.0249297,60.0
1744878823942380.0,-1416.02,-3158.78,0.938546,3.95716,3.99918,0.0420169,60.0
1744878823963896.0,-1416.02,-3158.78,0.938546,3.95716,4.11752,0.160361,60.0
1744878823983673.0,-1417.71,-3161.51,0.940275,3.99918,4.16261,0.163429,60.0
1744878824004495.0,-1417.71,-3161.51,0.940275,3.99918,3.86677,-0.132411,60.0
1744878824025256.0,-1419.41,-3163.56,0.941667,4.16261,4.11294,-0.0496666,60.0
1744878824045988.0,-1419.41,-3163.56,0.941667,4.16261,4.20171,0.0391034,60.0
1744878824067203.0,-1421.1,-3166.29,0.943398,4.11294,4.17825,0.0653088,60.0
1744878824087488.0,-1421.1,-3166.29,0.943398,4.11294,4.17806,0.065121,60.0
1744878824108327.0,-1421.1,-3166.29,0.943398,4.11294,4.08174,-0.0312034,60.0
1744878824129289.0,-1422.79,-3168.34,0.944793,4.17806,4.33851,0.160441,60.0
1744878824150077.0,-1422.79,-3168.34,0.944793,4.17806,4.12898,-0.0490805,60.0
1744878824170824.0,-1424.91,-3171.07,0.946622,4.33851,4.18275,-0.155757,60.0
1744878824191872.0,-1424.91,-3171.07,0.946622,4.33851,4.19151,-0.146998,60.0
1744878824212533.0,-1424.91,-3171.07,0.946622,4.33851,4.26379,-0.0747178,60.0
1744878824233264.0,-1426.6,-3173.8,0.948358,4.19151,4.32502,0.133507,60.0
1744878824254032.0,-1426.6,-3173.8,0.948358,4.19151,4.03927,-0.152241,60.0
1744878824274833.0,-1428.29,-3175.85,0.949757,4.32502,4.22745,-0.0975631,60.0
1744878824295393.0,-1428.29,-3175.85,0.949757,4.32502,4.19117,-0.133848,60.0
1744878824316167.0,-1428.29,-3175.85,0.949757,4.32502,4.30802,-0.016999,60.0
1744878824336806.0,-1429.99,-3178.59,0.951496,4.19117,4.17069,-0.020476,60.0
1744878824357903.0,-1429.99,-3178.59,0.951496,4.19117,4.21838,0.0272115,60.0
1744878824378519.0,-1431.68,-3180.63,0.952897,4.17069,4.19148,0.0207855,60.0
1744878824399125.0,-1431.68,-3180.63,0.952897,4.17069,4.21262,0.0419265,60.0
1744878824419875.0,-1433.37,-3183.37,0.954639,4.19148,4.12695,-0.0645297,60.0
1744878824440747.0,-1433.37,-3183.37,0.954639,4.19148,4.14452,-0.0469526,60.0
1744878824461815.0,-1433.37,-3183.37,0.954639,4.19148,4.1961,0.00462703,60.0
1744878824482246.0,-1435.07,-3186.1,0.956382,4.14452,4.05317,-0.0913551,60.0
1744878824505167.0,-1435.07,-3186.1,0.956382,4.14452,4.05545,-0.0890776,60.0
1744878824525855.0,-1436.76,-3188.15,0.957787,4.05317,4.06652,0.0133473,60.0
1744878824546482.0,-1436.76,-3188.15,0.957787,4.05317,4.04765,-0.00552274,60.0
1744878824567835.0,-1436.76,-3188.15,0.957787,4.05317,4.1162,0.0630293,60.0
1744878824588652.0,-1438.45,-3190.88,0.959533,4.04765,3.92453,-0.123113,60.0
1744878824609042.0,-1438.45,-3190.88,0.959533,4.04765,4.11495,0.067309,60.0
1744878824629763.0,-1440.15,-3193.61,0.961282,3.92453,3.95677,0.0322411,60.0
1744878824650472.0,-1440.15,-3193.61,0.961282,3.92453,3.94702,0.0224891,60.0
1744878824671295.0,-1440.15,-3193.61,0.961282,3.92453,4.04153,0.116997,60.0
1744878824692012.0,-1441.84,-3195.66,0.96269,3.94702,3.94387,-0.00315241,60.0
1744878824712841.0,-1441.84,-3195.66,0.96269,3.94702,4.02672,0.0796967,60.0
1744878824733715.0,-1443.53,-3198.39,0.964441,3.94387,3.9455,0.00163476,60.0
1744878824754522.0,-1443.53,-3198.39,0.964441,3.94387,3.99765,0.0537779,60.0
1744878824774995.0,-1445.23,-3200.44,0.965852,3.9455,4.0749,0.129397,60.0
1744878824795949.0,-1445.23,-3200.44,0.965852,3.9455,3.93941,-0.0060978,60.0
1744878824816212.0,-1445.23,-3200.44,0.965852,3.9455,3.93796,-0.00754573,60.0
1744878824837180.0,-1446.92,-3203.17,0.967606,3.93941,4.08982,0.150415,60.0
1744878824857789.0,-1446.92,-3203.17,0.967606,3.93941,3.89941,-0.0399916,60.0
1744878824878276.0,-1449.04,-3205.22,0.969116,4.08982,4.03721,-0.0526081,60.0
1744878824898839.0,-1449.04,-3205.22,0.969116,4.08982,4.22667,0.136846,60.0
1744878824920053.0,-1449.04,-3205.22,0.969116,4.08982,3.96809,-0.121735,60.0
1744878824940719.0,-1450.73,-3207.96,0.970873,4.22667,4.15366,-0.0730063,60.0
1744878824961218.0,-1450.73,-3207.96,0.970873,4.22667,4.16744,-0.0592263,60.0
1744878824982028.0,-1452.42,-3210.0,0.972288,4.15366,4.1241,-0.0295588,60.0
1744878825002531.0,-1452.42,-3210.0,0.972288,4.15366,4.09131,-0.0623483,60.0
1744878825022960.0,-1452.42,-3210.0,0.972288,4.15366,4.18807,0.0344119,60.0
1744878825043709.0,-1454.11,-3212.74,0.974049,4.09131,4.18141,0.0900986,60.0
1744878825064657.0,-1454.11,-3212.74,0.974049,4.09131,4.08604,-0.00526839,60.0
1744878825085054.0,-1455.81,-3215.47,0.97581,4.18141,4.18014,-0.00126586,60.0
1744878825106095.0,-1455.81,-3215.47,0.97581,4.18141,4.09505,-0.0863637,60.0
1744878825126968.0,-1455.81,-3215.47,0.97581,4.18141,4.15197,-0.029441,60.0
1744878825147689.0,-1457.5,-3217.52,0.97723,4.09505,4.19195,0.0969042,60.0
1744878825168582.0,-1457.5,-3217.52,0.97723,4.09505,4.11997,0.0249254,60.0
1744878825189497.0,-1459.19,-3220.25,0.978995,4.19195,4.0736,-0.118348,60.0
1744878825210103.0,-1459.19,-3220.25,0.978995,4.19195,4.08681,-0.105146,60.0
1744878825230836.0,-1461.31,-3222.3,0.980514,4.0736,4.23318,0.159578,60.0
1744878825251520.0,-1461.31,-3222.3,0.980514,4.0736,4.10381,0.0302039,60.0
1744878825272178.0,-1461.31,-3222.3,0.980514,4.0736,3.94564,-0.127959,60.0
1744878825293089.0,-1463.0,-3225.03,0.982282,4.10381,3.9545,-0.149307,60.0
1744878825313628.0,-1463.0,-3225.03,0.982282,4.10381,4.10274,-0.0010712,60.0
1744878825334431.0,-1464.7,-3227.08,0.983706,3.9545,4.02339,0.0688949,60.0
1744878825355408.0,-1464.7,-3227.08,0.983706,3.9545,4.03781,0.0833138,60.0
1744878825376003.0,-1464.7,-3227.08,0.983706,3.9545,3.86446,-0.0900407,60.0
1744878825396825.0,-1466.39,-3229.81,0.985477,4.03781,4.01424,-0.0235776,60.0
1744878825417423.0,-1466.39,-3229.81,0.985477,4.03781,3.97879,-0.0590194,60.0
1744878825437884.0,-1468.08,-3232.54,0.987249,4.01424,4.06496,0.0507239,60.0
1744878825458774.0,-1468.08,-3232.54,0.987249,4.01424,3.95997,-0.0542667,60.0
1744878825479619.0,-1468.08,-3232.54,0.987249,4.01424,4.12636,0.112122,60.0
1744878825500151.0,-1469.78,-3234.59,0.988677,3.95997,4.12395,0.163985,60.0
1744878825520908.0,-1469.78,-3234.59,0.988677,3.95997,4.10283,0.142856,60.0
1744878825541526.0,-1471.47,-3237.33,0.990452,4.12395,4.08667,-0.0372839,60.0
1744878825562432.0,-1471.47,-3237.33,0.990452,4.12395,4.1156,-0.00835573,60.0
1744878825583383.0,-1471.47,-3237.33,0.990452,4.12395,4.13543,0.0114773,60.0
1744878825603993.0,-1473.59,-3239.37,0.991981,4.1156,4.23876,0.123158,60.0
1744878825624726.0,-1473.59,-3239.37,0.991981,4.1156,4.10466,-0.0109385,60.0
1744878825645405.0,-1475.28,-3242.11,0.99376,4.23876,4.15505,-0.0837096,60.0
1744878825666239.0,-1475.28,-3242.11,0.99376,4.23876,4.18842,-0.0503324,60.0
1744878825687114.0,-1476.97,-3244.16,0.995193,4.15505,4.29208,0.137033,60.0
1744878825707757.0,-1476.97,-3244.16,0.995193,4.15505,4.14048,-0.014569,60.0
1744878825728459.0,-1476.97,-3244.16,0.995193,4.15505,4.30111,0.146064,60.0
1744878825749225.0,-1478.66,-3246.89,0.996974,4.14048,4.06403,-0.0764446,60.0
1744878825769993.0,-1478.66,-3246.89,0.996974,4.14048,4.28798,0.147501,60.0
1744878825791134.0,-1480.36,-3248.94,0.99841,4.06403,4.19174,0.127704,60.0
1744878825811725.0,-1480.36,-3248.94,0.99841,4.06403,3.98254,-0.0814969,60.0
1744878825832467.0,-1480.36,-3248.94,0.99841,4.06403,4.19946,0.135423,60.0
1744878825853294.0,-1482.05,-3251.67,1.00019,3.98254,3.97104,-0.0114996,60.0
1744878825874311.0,-1482.05,-3251.67,1.00019,3.98254,4.13215,0.14961,60.0
1744878825895127.0,-1483.74,-3254.4,1.00198,3.97104,4.11189,0.140857,60.0
1744878825915768.0,-1483.74,-3254.4,1.00198,3.97104,3.93181,-0.0392255,60.0
1744878825936744.0,-1483.74,-3254.4,1.00198,3.97104,4.03447,0.0634379,60.0
1744878825957383.0,-1485.86,-3256.45,1.00352,3.93181,3.94463,0.0128177,60.0
1744878825978150.0,-1485.86,-3256.45,1.00352,3.93181,4.04603,0.114224,60.0
1744878825998859.0,-1487.55,-3259.18,1.00531,3.94463,4.02494,0.080307,60.0
1744878826019744.0,-1487.55,-3259.18,1.00531,3.94463,3.92418,-0.0204533,60.0
1744878826040434.0,-1489.25,-3261.23,1.00675,4.02494,4.05611,0.0311758,60.0
1744878826060857.0,-1489.25,-3261.23,1.00675,4.02494,3.98749,-0.0374472,60.0
1744878826081575.0,-1489.25,-3261.23,1.00675,4.02494,4.1561,0.131168,60.0
1744878826102432.0,-1490.94,-3263.96,1.00854,3.98749,4.08451,0.0970191,60.0
1744878826123163.0,-1490.94,-3263.96,1.00854,3.98749,4.05988,0.072388,60.0
1744878826143780.0,-1493.06,-3266.01,1.01008,4.08451,3.94143,-0.143078,60.0
1744878826164559.0,-1493.06,-3266.01,1.01008,4.08451,3.98908,-0.0954262,60.0
1744878826186130.0,-1493.06,-3266.01,1.01008,4.08451,4.11976,0.0352524,60.0
1744878826206749.0,-1494.75,-3268.74,1.01188,3.98908,4.125,0.135914,60.0
1744878826227419.0,-1494.75,-3268.74,1.01188,3.98908,3.91668,-0.072406,60.0
1744878826248231.0,-1496.44,-3270.79,1.01333,4.125,4.05171,-0.0732864,60.0
1744878826268687.0,-1496.44,-3270.79,1.01333,4.125,3.96722,-0.157775,60.0
1744878826289589.0,-1496.44,-3270.79,1.01333,4.125,4.04964,-0.0753508,60.0
1744878826310579.0,-1498.56,-3273.53,1.01522,3.96722,4.05624,0.0890215,60.0
1744878826331350.0,-1498.56,-3273.53,1.01522,3.96722,3.90321,-0.064015,60.0
1744878826351944.0,-1500.25,-3275.57,1.01667,4.05624,4.09731,0.0410682,60.0
1744878826372388.0,-1500.25,-3275.57,1.01667,4.05624,4.07753,0.0212902,60.0
1744878826393202.0,-1500.25,-3275.57,1.01667,4.05624,4.06135,0.00511275,60.0
1744878826414085.0,-1501.94,-3278.31,1.01847,4.07753,3.96319,-0.114346,60.0
1744878826434960.0,-1501.94,-3278.31,1.01847,4.07753,4.14067,0.063135,60.0
1744878826455642.0,-1504.06,-3280.36,1.02003,3.96319,4.00771,0.0445253,60.0
1744878826476095.0,-1504.06,-3280.36,1.02003,3.96319,4.0114,0.0482155,60.0
1744878826496641.0,-1505.75,-3283.09,1.02183,4.00771,4.0388,0.0310929,60.0
1744878826517483.0,-1505.75,-3283.09,1.02183,4.00771,4.00858,0.000871935,60.0
1744878826538149.0,-1505.75,-3283.09,1.02183,4.00771,3.88996,-0.117751,60.0
1744878826558827.0,-1507.45,-3285.14,1.02329,4.00858,4.01269,0.00411041,60.0
1744878826579579.0,-1507.45,-3285.14,1.02329,4.00858,4.06837,0.0597855,60.0
1744878826599956.0,-1509.56,-3287.19,1.02484,4.01269,3.90423,-0.108467,60.0
1744878826620580.0,-1509.56,-3287.19,1.02484,4.01269,4.13388,0.121188,60.0
1744878826641357.0,-1509.56,-3287.19,1.02484,4.01269,4.15556,0.142862,60.0
1744878826662077.0,-1511.26,-3289.92,1.02665,4.13388,3.97261,-0.161273,60.0
1744878826682850.0,-1511.26,-3289.92,1.02665,4.13388,4.03241,-0.101476,60.0
1744878826703637.0,-1512.95,-3291.97,1.02811,3.97261,3.9853,0.0126918,60.0
1744878826724572.0,-1512.95,-3291.97,1.02811,3.97261,4.11623,0.143621,60.0
1744878826745060.0,-1512.95,-3291.97,1.02811,3.97261,4.02803,0.0554181,60.0
1744878826765737.0,-1515.07,-3294.7,1.03002,4.11623,4.04413,-0.0721006,60.0
1744878826786434.0,-1515.07,-3294.7,1.03002,4.11623,4.04351,-0.0727217,60.0
1744878826808791.0,-1516.76,-3296.75,1.03148,4.04413,4.0893,0.0451733,60.0
1744878826829100.0,-1516.76,-3296.75,1.03148,4.04413,4.20016,0.156031,60.0
1744878826849896.0,-1516.76,-3296.75,1.03148,4.04413,4.06883,0.0246969,60.0
1744878826870759.0,-1518.45,-3299.48,1.03329,4.20016,4.11909,-0.081068,60.0
1744878826891250.0,-1518.45,-3299.48,1.03329,4.20016,4.15888,-0.0412788,60.0
1744878826912030.0,-1520.57,-3301.53,1.03486,4.11909,4.21805,0.0989576,60.0
1744878826933135.0,-1520.57,-3301.53,1.03486,4.11909,4.21687,0.0977809,60.0
1744878826953673.0,-1520.57,-3301.53,1.03486,4.11909,4.26776,0.148666,60.0
1744878826974352.0,-1522.26,-3304.26,1.03668,4.21687,4.14858,-0.0682877,60.0
1744878826994943.0,-1522.26,-3304.26,1.03668,4.21687,4.23487,0.0179962,60.0
1744878827015593.0,-1523.96,-3306.31,1.03814,4.14858,4.08157,-0.067013,60.0
1744878827036473.0,-1523.96,-3306.31,1.03814,4.14858,4.13778,-0.0108023,60.0
1744878827057979.0,-1526.07,-3309.04,1.04006,4.08157,4.10496,0.0233882,60.0
1744878827078509.0,-1526.07,-3309.04,1.04006,4.08157,4.10866,0.0270866,60.0
1744878827099193.0,-1526.07,-3309.04,1.04006,4.08157,4.03755,-0.0440228,60.0
1744878827120120.0,-1527.77,-3311.09,1.04153,4.10866,4.04366,-0.0649963,60.0
1744878827140880.0,-1527.77,-3311.09,1.04153,4.10866,4.02439,-0.0842643,60.0
1744878827161859.0,-1529.46,-3313.83,1.04336,4.04366,4.02756,-0.0161011,60.0
1744878827182620.0,-1529.46,-3313.83,1.04336,4.04366,4.00889,-0.0347693,60.0
1744878827203101.0,-1529.46,-3313.83,1.04336,4.04366,4.02996,-0.0136997,60.0
1744878827223873.0,-1531.15,-3315.87,1.04483,4.00889,3.93919,-0.0696986,60.0
1744878827244333.0,-1531.15,-3315.87,1.04483,4.00889,4.06056,0.0516658,60.0
1744878827265231.0,-1532.84,-3318.61,1.04665,3.93919,4.06099,0.121792,60.0
1744878827285878.0,-1532.84,-3318.61,1.04665,3.93919,3.99182,0.0526255,60.0
1744878827306833.0,-1532.84,-3318.61,1.04665,3.93919,3.96395,0.0247524,60.0
1744878827327799.0,-1534.96,-3320.66,1.04823,3.99182,4.07134,0.0795212,60.0
1744878827348783.0,-1534.96,-3320.66,1.04823,3.99182,4.08595,0.0941333,60.0
1744878827369354.0,-1536.65,-3323.39,1.05006,4.07134,4.00133,-0.0700125,60.0
1744878827390155.0,-1536.65,-3323.39,1.05006,4.07134,4.20066,0.129322,60.0
1744878827410887.0,-1538.35,-3325.44,1.05153,4.00133,4.05283,0.0515028,60.0
1744878827431638.0,-1538.35,-3325.44,1.05153,4.00133,4.04492,0.0435923,60.0
1744878827452412.0,-1538.35,-3325.44,1.05153,4.00133,3.92117,-0.0801594,60.0
1744878827473029.0,-1540.46,-3328.17,1.05347,4.04492,3.90045,-0.144474,60.0
1744878827493828.0,-1540.46,-3328.17,1.05347,4.04492,3.97069,-0.0742257,60.0
1744878827514543.0,-1542.16,-3330.22,1.05495,3.90045,4.04161,0.141165,60.0
1744878827535616.0,-1542.16,-3330.22,1.05495,3.90045,3.89605,-0.00439487,60.0
1744878827556036.0,-1542.16,-3330.22,1.05495,3.90045,3.99502,0.0945689,60.0
1744878827576762.0,-1543.85,-3332.95,1.05678,3.89605,3.98725,0.0911968,60.0
1744878827597484.0,-1543.85,-3332.95,1.05678,3.89605,3.94507,0.0490144,60.0
1744878827618189.0,-1545.97,-3335.0,1.05837,3.98725,3.83463,-0.152616,60.0
1744878827638974.0,-1545.97,-3335.0,1.05837,3.98725,4.02083,0.0335809,60.0
1744878827659806.0,-1545.97,-3335.0,1.05837,3.98725,4.11096,0.123708,60.0
1744878827680700.0,-1547.66,-3337.73,1.0602,4.02083,4.05307,0.0322443,60.0
1744878827701403.0,-1547.66,-3337.73,1.0602,4.02083,4.14641,0.125578,60.0
1744878827722139.0,-1549.78,-3339.78,1.06179,4.05307,3.98842,-0.0646552,60.0
1744878827742864.0,-1549.78,-3339.78,1.06179,4.05307,4.20832,0.15525,60.0
1744878827763636.0,-1549.78,-3339.78,1.06179,4.05307,4.14956,0.0964899,60.0
1744878827784371.0,-1551.47,-3342.51,1.06363,4.20832,4.16487,-0.0434578,60.0
1744878827805321.0,-1551.47,-3342.51,1.06363,4.20832,4.1866,-0.0217209,60.0
1744878827826138.0,-1553.16,-3344.56,1.06512,4.16487,4.03391,-0.130953,60.0
1744878827848390.0,-1553.16,-3344.56,1.06512,4.16487,4.12878,-0.0360897,60.0
1744878827868587.0,-1555.28,-3346.61,1.06671,4.03391,4.07872,0.0448121,60.0
1744878827889833.0,-1555.28,-3346.61,1.06671,4.03391,4.1956,0.161691,60.0
1744878827910454.0,-1555.28,-3346.61,1.06671,4.03391,4.03899,0.00507717,60.0
1744878827931152.0,-1556.97,-3349.34,1.06855,4.1956,4.04399,-0.151612,60.0
1744878827953239.0,-1556.97,-3349.34,1.06855,4.1956,4.0569,-0.138702,60.0
1744878827973225.0,-1558.67,-3351.39,1.07004,4.04399,3.98983,-0.0541635,60.0
1744878827993844.0,-1558.67,-3351.39,1.07004,4.04399,3.9861,-0.0578934,60.0
1744878828014366.0,-1558.67,-3351.39,1.07004,4.04399,4.10379,0.0598024,60.0
1744878828035410.0,-1560.78,-3354.13,1.072,3.9861,4.02206,0.0359601,60.0
1744878828055998.0,-1560.78,-3354.13,1.072,3.9861,4.10831,0.122209,60.0
1744878828076688.0,-1562.47,-3356.17,1.07349,4.02206,4.17059,0.148529,60.0
1744878828097656.0,-1562.47,-3356.17,1.07349,4.02206,3.95102,-0.0710417,60.0
1744878828118539.0,-1562.47,-3356.17,1.07349,4.02206,4.0019,-0.0201543,60.0
1744878828139453.0,-1564.17,-3358.91,1.07534,3.95102,4.01998,0.0689644,60.0
1744878828160794.0,-1564.17,-3358.91,1.07534,3.95102,4.07944,0.128425,60.0
1744878828181533.0,-1566.28,-3360.96,1.07694,4.01998,4.02286,0.00287578,60.0
1744878828202426.0,-1566.28,-3360.96,1.07694,4.01998,4.1468,0.126821,60.0
1744878828223324.0,-1567.98,-3363.69,1.07879,4.02286,4.0604,0.0375401,60.0
1744878828233775.0,-1567.98,-3363.69,1.07879,4.02286,4.13923,0.116371,60.0
1744878828254488.0,-1567.98,-3363.69,1.07879,4.02286,4.04135,0.0184939,60.0
1744878828275173.0,-1570.09,-3365.74,1.0804,4.13923,4.26374,0.124514,60.0
1744878828296117.0,-1570.09,-3365.74,1.0804,4.13923,4.27588,0.136652,60.0
1744878828316890.0,-1570.09,-3365.74,1.0804,4.13923,3.99142,-0.147811,60.0
1744878828337461.0,-1571.79,-3368.47,1.08225,4.27588,4.1446,-0.131275,60.0
1744878828357981.0,-1571.79,-3368.47,1.08225,4.27588,4.22256,-0.0533161,60.0
1744878828378704.0,-1573.48,-3370.52,1.08375,4.1446,4.03392,-0.110688,60.0
1744878828399671.0,-1573.48,-3370.52,1.08375,4.1446,4.03477,-0.109832,60.0
1744878828420558.0,-1573.48,-3370.52,1.08375,4.1446,4.07716,-0.0674412,60.0
1744878828441217.0,-1575.17,-3373.25,1.08561,4.03477,4.03693,0.00216168,60.0
1744878828462027.0,-1575.17,-3373.25,1.08561,4.03477,4.1245,0.089727,60.0
1744878828482904.0,-1577.29,-3375.3,1.08722,4.03693,3.94355,-0.0933828,60.0
1744878828505440.0,-1577.29,-3375.3,1.08722,4.03693,4.16434,0.127408,60.0
1744878828525899.0,-1578.98,-3378.03,1.08909,3.94355,4.02992,0.0863667,60.0
1744878828546936.0,-1578.98,-3378.03,1.08909,3.94355,3.97836,0.0348047,60.0
1744878828569162.0,-1578.98,-3378.03,1.08909,3.94355,3.95482,0.0112713,60.0
1744878828589387.0,-1580.68,-3380.08,1.09059,3.97836,4.10032,0.12196,60.0
1744878828611325.0,-1580.68,-3380.08,1.09059,3.97836,4.01378,0.0354264,60.0
1744878828631882.0,-1582.79,-3382.81,1.09256,4.10032,4.13936,0.0390447,60.0
1744878828652534.0,-1582.79,-3382.81,1.09256,4.10032,4.12342,0.023105,60.0
1744878828674042.0,-1582.79,-3382.81,1.09256,4.10032,4.06747,-0.0328485,60.0
1744878828694493.0,-1584.49,-3384.86,1.09407,4.12342,4.22641,0.102988,60.0
1744878828715026.0,-1584.49,-3384.86,1.09407,4.12342,4.01717,-0.106255,60.0
1744878828735885.0,-1586.18,-3387.59,1.09594,4.22641,4.14219,-0.0842178,60.0
1744878828756591.0,-1586.18,-3387.59,1.09594,4.22641,4.15139,-0.0750201,60.0
1744878828777032.0,-1588.3,-3389.64,1.09755,4.14219,4.20749,0.0652952,60.0
1744878828798020.0,-1588.3,-3389.64,1.09755,4.14219,4.07175,-0.0704405,60.0
1744878828818542.0,-1588.3,-3389.64,1.09755,4.14219,4.04719,-0.0949982,60.0
1744878828839267.0,-1589.99,-3392.38,1.09943,4.07175,4.12486,0.0531124,60.0
1744878828860295.0,-1589.99,-3392.38,1.09943,4.07175,4.18272,0.110968,60.0
1744878828880669.0,-1591.68,-3394.43,1.10094,4.12486,4.2251,0.100241,60.0
1744878828901466.0,-1591.68,-3394.43,1.10094,4.12486,4.22793,0.10307,60.0
1744878828922377.0,-1591.68,-3394.43,1.10094,4.12486,4.13502,0.0101545,60.0
1744878828943098.0,-1593.37,-3397.16,1.10282,4.22793,4.13803,-0.0899063,60.0
1744878828963838.0,-1593.37,-3397.16,1.10282,4.22793,4.1835,-0.0444357,60.0
1744878828984645.0,-1595.49,-3399.21,1.10444,4.13803,4.14154,0.00351733,60.0
1744878829005474.0,-1595.49,-3399.21,1.10444,4.13803,4.26798,0.129955,60.0
1744878829027325.0,-1595.49,-3399.21,1.10444,4.13803,4.18616,0.0481344,60.0
1744878829048125.0,-1597.18,-3401.94,1.10632,4.26798,4.11935,-0.148631,60.0
1744878829069047.0,-1597.18,-3401.94,1.10632,4.26798,4.30631,0.0383302,60.0
1744878829089694.0,-1598.88,-3403.99,1.10783,4.11935,4.11669,-0.00266061,60.0
1744878829110327.0,-1598.88,-3403.99,1.10783,4.11935,3.96849,-0.150864,60.0
1744878829131015.0,-1600.57,-3406.72,1.10971,4.11669,4.09084,-0.0258522,60.0
1744878829151572.0,-1600.57,-3406.72,1.10971,4.11669,3.97001,-0.14668,60.0
1744878829172571.0,-1600.57,-3406.72,1.10971,4.11669,4.10838,-0.00831319,60.0
1744878829193597.0,-1602.26,-3408.77,1.11123,3.97001,3.95,-0.0200152,60.0
1744878829214038.0,-1602.26,-3408.77,1.11123,3.97001,4.11135,0.141335,60.0
1744878829234793.0,-1603.96,-3411.5,1.11312,3.95,3.87853,-0.0714629,60.0
1744878829255816.0,-1603.96,-3411.5,1.11312,3.95,4.01217,0.0621771,60.0
1744878829276499.0,-1603.96,-3411.5,1.11312,3.95,4.06648,0.116486,60.0
1744878829297223.0,-1605.65,-3414.23,1.11501,4.01217,4.08644,0.07427,60.0
1744878829317813.0,-1605.65,-3414.23,1.11501,4.01217,4.15616,0.14399,60.0
1744878829338682.0,-1607.77,-3416.28,1.11664,4.08644,4.22495,0.138505,60.0
1744878829359332.0,-1607.77,-3416.28,1.11664,4.08644,4.22819,0.141747,60.0
1744878829379805.0,-1607.77,-3416.28,1.11664,4.08644,4.1374,0.0509559,60.0
1744878829400672.0,-1609.46,-3419.01,1.11853,4.22819,4.16267,-0.0655228,60.0
1744878829421351.0,-1609.46,-3419.01,1.11853,4.22819,4.08098,-0.147209,60.0
1744878829442160.0,-1611.15,-3421.06,1.12005,4.16267,4.01603,-0.146639,60.0
1744878829464863.0,-1611.15,-3421.06,1.12005,4.16267,4.14267,-0.0199987,60.0
1744878829485509.0,-1612.84,-3423.8,1.12194,4.01603,4.04693,0.0308993,60.0
1744878829506410.0,-1612.84,-3423.8,1.12194,4.01603,4.14925,0.133222,60.0
1744878829527330.0,-1612.84,-3423.8,1.12194,4.01603,3.8916,-0.124423,60.0
1744878829547925.0,-1614.54,-3425.85,1.12347,4.14925,4.08071,-0.068542,60.0
1744878829570967.0,-1614.54,-3425.85,1.12347,4.14925,4.06649,-0.0827639,60.0
1744878829592229.0,-1616.23,-3428.58,1.12537,4.08071,4.19965,0.11894,60.0
1744878829613107.0,-1616.23,-3428.58,1.12537,4.08071,4.17508,0.0943769,60.0
1744878829634200.0,-1616.23,-3428.58,1.12537,4.08071,4.16157,0.0808641,60.0
1744878829654734.0,-1618.35,-3430.63,1.12701,4.17508,4.28505,0.109963,60.0
1744878829676733.0,-1618.35,-3430.63,1.12701,4.17508,4.04113,-0.133957,60.0
1744878829697447.0,-1620.04,-3433.36,1.1289,4.28505,4.16417,-0.120881,60.0
1744878829718331.0,-1620.04,-3433.36,1.1289,4.28505,4.14541,-0.139639,60.0
1744878829738942.0,-1621.73,-3436.09,1.1308,4.16417,4.0828,-0.0813688,60.0
1744878829759828.0,-1621.73,-3436.09,1.1308,4.16417,4.15165,-0.0125199,60.0
1744878829780355.0,-1621.73,-3436.09,1.1308,4.16417,4.10828,-0.0558903,60.0
1744878829801230.0,-1623.43,-3438.14,1.13234,4.15165,4.20878,0.0571361,60.0
1744878829822007.0,-1623.43,-3438.14,1.13234,4.15165,4.12206,-0.0295908,60.0
1744878829843738.0,-1625.12,-3440.87,1.13424,4.20878,4.1842,-0.0245796,60.0
1744878829864446.0,-1625.12,-3440.87,1.13424,4.20878,4.04956,-0.159221,60.0
1744878829885325.0,-1625.12,-3440.87,1.13424,4.20878,4.19695,-0.011832,60.0
1744878829906036.0,-1626.81,-3442.92,1.13578,4.04956,4.13098,0.0814228,60.0
1744878829926921.0,-1626.81,-3442.92,1.13578,4.04956,4.03429,-0.015269,60.0
1744878829947787.0,-1628.51,-3445.65,1.13769,4.13098,4.09212,-0.0388646,60.0
1744878829968650.0,-1628.51,-3445.65,1.13769,4.13098,4.08694,-0.0440415,60.0
1744878829989585.0,-1628.51,-3445.65,1.13769,4.13098,4.24855,0.11757,60.0
1744878830010580.0,-1630.2,-3448.39,1.13959,4.08694,4.08363,-0.00330879,60.0
1744878830031460.0,-1630.2,-3448.39,1.13959,4.08694,3.98944,-0.097499,60.0
1744878830052357.0,-1631.89,-3450.43,1.14113,4.08363,3.95764,-0.125994,60.0
1744878830073074.0,-1631.89,-3450.43,1.14113,4.08363,4.00146,-0.0821775,60.0
1744878830093936.0,-1633.58,-3453.17,1.14304,3.95764,3.956,-0.00163791,60.0
1744878830114931.0,-1633.58,-3453.17,1.14304,3.95764,3.94742,-0.0102228,60.0
1744878830135848.0,-1633.58,-3453.17,1.14304,3.95764,3.93778,-0.0198569,60.0
1744878830156480.0,-1635.28,-3455.22,1.14459,3.94742,3.91353,-0.0338833,60.0
1744878830176900.0,-1635.28,-3455.22,1.14459,3.94742,3.97379,0.0263762,60.0
1744878830197817.0,-1636.97,-3457.95,1.1465,3.91353,4.07694,0.163407,60.0
1744878830218351.0,-1636.97,-3457.95,1.1465,3.91353,4.03797,0.124431,60.0
1744878830240270.0,-1636.97,-3457.95,1.1465,3.91353,3.97581,0.0622797,60.0
1744878830260785.0,-1638.66,-3460.68,1.14842,4.03797,4.11776,0.0797962,60.0
1744878830281629.0,-1638.66,-3460.68,1.14842,4.03797,4.09939,0.0614255,60.0
1744878830302259.0,-1640.78,-3462.73,1.15007,4.11776,4.14788,0.0301156,60.0
1744878830322923.0,-1640.78,-3462.73,1.15007,4.11776,4.02071,-0.0970552,60.0
1744878830343413.0,-1640.78,-3462.73,1.15007,4.11776,4.07951,-0.038252,60.0
1744878830364000.0,-1642.47,-3465.46,1.15199,4.02071,4.12943,0.108723,60.0
1744878830385158.0,-1642.47,-3465.46,1.15199,4.02071,4.125,0.104297,60.0
1744878830405717.0,-1644.17,-3467.51,1.15354,4.12943,4.01497,-0.114457,60.0
1744878830426263.0,-1644.17,-3467.51,1.15354,4.12943,4.15616,0.0267296,60.0
1744878830447049.0,-1644.17,-3467.51,1.15354,4.12943,3.98833,-0.141095,60.0
1744878830467887.0,-1645.86,-3470.24,1.15546,4.15616,4.22695,0.0707876,60.0
1744878830488922.0,-1645.86,-3470.24,1.15546,4.15616,4.06229,-0.0938739,60.0
1744878830509348.0,-1647.55,-3472.29,1.15701,4.22695,4.23106,0.00411463,60.0
1744878830530271.0,-1647.55,-3472.29,1.15701,4.22695,4.1329,-0.0940461,60.0
1744878830550489.0,-1649.24,-3475.02,1.15894,4.23106,4.07271,-0.158349,60.0
1744878830571709.0,-1649.24,-3475.02,1.15894,4.23106,4.11883,-0.112233,60.0
1744878830592244.0,-1649.24,-3475.02,1.15894,4.23106,4.18333,-0.0477323,60.0
1744878830612909.0,-1650.94,-3477.76,1.16086,4.11883,3.98651,-0.132317,60.0
1744878830634042.0,-1650.94,-3477.76,1.16086,4.11883,4.0241,-0.094733,60.0
1744878830654733.0,-1652.63,-3479.81,1.16242,3.98651,4.08571,0.0992001,60.0
1744878830676032.0,-1652.63,-3479.81,1.16242,3.98651,4.08718,0.100674,60.0
1744878830696854.0,-1652.63,-3479.81,1.16242,3.98651,4.00601,0.0195025,60.0
1744878830717494.0,-1654.75,-3482.54,1.16446,4.08718,4.1911,0.103917,60.0
1744878830738092.0,-1654.75,-3482.54,1.16446,4.08718,3.93059,-0.156597,60.0
1744878830758763.0,-1656.44,-3484.59,1.16602,4.1911,4.20846,0.01736,60.0
1744878830779573.0,-1656.44,-3484.59,1.16602,4.1911,4.24554,0.0544388,60.0
1744878830800372.0,-1656.44,-3484.59,1.16602,4.1911,4.05104,-0.140065,60.0
1744878830821075.0,-1658.13,-3487.32,1.16795,4.24554,4.1022,-0.143341,60.0
1744878830841826.0,-1658.13,-3487.32,1.16795,4.24554,4.10875,-0.136789,60.0
1744878830862363.0,-1659.83,-3489.37,1.16951,4.1022,4.01953,-0.0826714,60.0
1744878830883422.0,-1659.83,-3489.37,1.16951,4.1022,4.09904,-0.00315582,60.0
1744878830904440.0,-1659.83,-3489.37,1.16951,4.1022,4.10564,0.00343865,60.0
1744878830925479.0,-1661.52,-3492.1,1.17144,4.09904,3.95739,-0.141656,60.0
1744878830946040.0,-1661.52,-3492.1,1.17144,4.09904,4.13752,0.0384808,60.0
1744878830966936.0,-1663.21,-3494.83,1.17338,3.95739,3.96759,0.0101981,60.0
1744878830988052.0,-1663.21,-3494.83,1.17338,3.95739,3.99664,0.0392537,60.0
1744878831008850.0,-1663.21,-3494.83,1.17338,3.95739,4.03029,0.0729062,60.0
1744878831029264.0,-1664.91,-3496.88,1.17494,3.99664,4.13059,0.133951,60.0
1744878831049832.0,-1664.91,-3496.88,1.17494,3.99664,4.05991,0.063273,60.0
1744878831070604.0,-1666.6,-3499.61,1.17688,4.13059,4.13431,0.00371479,60.0
1744878831091292.0,-1666.6,-3499.61,1.17688,4.13059,4.18624,0.0556465,60.0
1744878831112212.0,-1668.29,-3501.66,1.17845,4.13431,4.07087,-0.0634339,60.0
1744878831132661.0,-1668.29,-3501.66,1.17845,4.13431,4.17764,0.0433367,60.0
1744878831153342.0,-1668.29,-3501.66,1.17845,4.13431,4.24542,0.111114,60.0
1744878831174425.0,-1669.98,-3504.4,1.18039,4.17764,4.10163,-0.0760135,60.0
1744878831195090.0,-1669.98,-3504.4,1.18039,4.17764,4.21981,0.0421686,60.0
1744878831215681.0,-1671.68,-3507.13,1.18234,4.10163,4.05575,-0.0458836,60.0
1744878831236355.0,-1671.68,-3507.13,1.18234,4.10163,4.0924,-0.0092334,60.0
1744878831257220.0,-1671.68,-3507.13,1.18234,4.10163,4.06066,-0.0409749,60.0
1744878831277856.0,-1673.37,-3509.18,1.18391,4.0924,4.25522,0.162827,60.0
1744878831298412.0,-1673.37,-3509.18,1.18391,4.0924,4.10993,0.0175315,60.0
1744878831319114.0,-1675.06,-3511.91,1.18585,4.25522,4.19677,-0.058451,60.0
1744878831339800.0,-1675.06,-3511.91,1.18585,4.25522,4.22908,-0.0261419,60.0
1744878831360450.0,-1675.06,-3511.91,1.18585,4.25522,4.15437,-0.100857,60.0
1744878831381327.0,-1676.76,-3513.96,1.18743,4.22908,4.25344,0.0243556,60.0
1744878831401739.0,-1676.76,-3513.96,1.18743,4.22908,4.0938,-0.135278,60.0
1744878831422307.0,-1678.45,-3516.69,1.18938,4.25344,4.24052,-0.0129227,60.0
1744878831443026.0,-1678.45,-3516.69,1.18938,4.25344,4.26421,0.0107693,60.0
1744878831464141.0,-1678.45,-3516.69,1.18938,4.25344,4.23158,-0.0218574,60.0
1744878831484619.0,-1680.14,-3519.42,1.19133,4.26421,4.39649,0.132282,60.0
1744878831505105.0,-1680.14,-3519.42,1.19133,4.26421,4.28787,0.0236598,60.0
1744878831525508.0,-1681.84,-3521.47,1.19291,4.39649,4.32375,-0.0727413,60.0
1744878831546340.0,-1681.84,-3521.47,1.19291,4.39649,4.31978,-0.0767143,60.0
1744878831566895.0,-1683.53,-3524.2,1.19486,4.32375,4.2352,-0.0885478,60.0
1744878831587653.0,-1683.53,-3524.2,1.19486,4.32375,4.35871,0.0349626,60.0
1744878831608428.0,-1683.53,-3524.2,1.19486,4.32375,4.20252,-0.121224,60.0
1744878831628992.0,-1685.22,-3526.94,1.19682,4.35871,4.32741,-0.031301,60.0
1744878831649669.0,-1685.22,-3526.94,1.19682,4.35871,4.37304,0.0143302,60.0
1744878831670484.0,-1686.91,-3529.67,1.19877,4.32741,4.31369,-0.0137226,60.0
1744878831691335.0,-1686.91,-3529.67,1.19877,4.32741,4.22318,-0.104226,60.0
1744878831711957.0,-1686.91,-3529.67,1.19877,4.32741,4.31635,-0.0110644,60.0
1744878831732493.0,-1688.18,-3531.72,1.20024,4.22318,4.0778,-0.145388,60.0
1744878831753248.0,-1688.18,-3531.72,1.20024,4.22318,4.3873,0.16412,60.0
1744878831774154.0,-1689.88,-3534.45,1.2022,4.0778,4.00538,-0.0724145,60.0
1744878831794670.0,-1689.88,-3534.45,1.2022,4.0778,4.21043,0.132631,60.0
1744878831815524.0,-1689.88,-3534.45,1.2022,4.0778,4.19523,0.117431,60.0
1744878831836161.0,-1691.57,-3537.18,1.20417,4.21043,4.06236,-0.148063,60.0
1744878831856827.0,-1691.57,-3537.18,1.20417,4.21043,4.08757,-0.122861,60.0
1744878831877387.0,-1692.84,-3539.91,1.20602,4.06236,4.14472,0.0823559,60.0
1744878831897873.0,-1692.84,-3539.91,1.20602,4.06236,4.01157,-0.0507914,60.0
1744878831918605.0,-1692.84,-3539.91,1.20602,4.06236,4.15128,0.0889198,60.0
1744878831939211.0,-1694.53,-3541.96,1.2076,4.01157,3.96256,-0.0490151,60.0
1744878831959755.0,-1694.53,-3541.96,1.2076,4.01157,4.10797,0.0963957,60.0
1744878831980543.0,-1696.22,-3544.69,1.20957,3.96256,3.91346,-0.0490956,60.0
1744878832001185.0,-1696.22,-3544.69,1.20957,3.96256,4.00038,0.0378235,60.0
1744878832021835.0,-1697.92,-3547.43,1.21154,3.91346,3.96097,0.0475111,60.0
1744878832042558.0,-1697.92,-3547.43,1.21154,3.91346,3.79333,-0.120129,60.0
1744878832063274.0,-1697.92,-3547.43,1.21154,3.91346,4.07351,0.160049,60.0
1744878832084079.0,-1699.61,-3549.48,1.21313,3.79333,3.70235,-0.0909824,60.0
1744878832104733.0,-1699.61,-3549.48,1.21313,3.79333,3.94133,0.147992,60.0
1744878832125433.0,-1701.3,-3552.21,1.2151,3.70235,3.86558,0.163231,60.0
1744878832146132.0,-1701.3,-3552.21,1.2151,3.70235,3.82862,0.126268,60.0
1744878832167215.0,-1701.3,-3552.21,1.2151,3.70235,3.85326,0.150908,60.0
1744878832187722.0,-1703.0,-3554.94,1.21707,3.82862,3.82986,0.00124349,60.0
1744878832208465.0,-1703.0,-3554.94,1.21707,3.82862,3.77166,-0.0569613,60.0
1744878832229118.0,-1704.69,-3556.99,1.21867,3.82986,3.94962,0.119754,60.0
1744878832249780.0,-1704.69,-3556.99,1.21867,3.82986,3.76295,-0.0669144,60.0
1744878832270434.0,-1704.69,-3556.99,1.21867,3.82986,3.96135,0.131491,60.0
1744878832291015.0,-1706.38,-3559.72,1.22064,3.76295,3.92718,0.164236,60.0
1744878832311678.0,-1706.38,-3559.72,1.22064,3.76295,3.9018,0.138857,60.0
1744878832332647.0,-1708.08,-3561.77,1.22224,3.92718,4.01666,0.0894734,60.0
1744878832353208.0,-1708.08,-3561.77,1.22224,3.92718,3.93019,0.00301073,60.0
1744878832373957.0,-1708.08,-3561.77,1.22224,3.92718,4.08188,0.154692,60.0
1744878832395584.0,-1709.77,-3564.5,1.22422,3.93019,3.87184,-0.0583543,60.0
1744878832416208.0,-1709.77,-3564.5,1.22422,3.93019,3.83746,-0.0927306,60.0
1744878832437382.0,-1711.46,-3566.55,1.22582,3.87184,4.00758,0.135738,60.0
1744878832458182.0,-1711.46,-3566.55,1.22582,3.87184,4.01529,0.143449,60.0
1744878832478909.0,-1713.58,-3569.28,1.22791,4.00758,4.02847,0.0208922,60.0
1744878832499549.0,-1713.58,-3569.28,1.22791,4.00758,4.06359,0.0560083,60.0
1744878832520225.0,-1713.58,-3569.28,1.22791,4.00758,4.11505,0.107477,60.0
1744878832541087.0,-1715.27,-3571.33,1.22951,4.06359,4.1477,0.0841149,60.0
1744878832561696.0,-1715.27,-3571.33,1.22951,4.06359,4.00212,-0.0614665,60.0
1744878832583140.0,-1716.96,-3574.07,1.2315,4.1477,4.09808,-0.0496247,60.0
1744878832603639.0,-1716.96,-3574.07,1.2315,4.1477,4.25092,0.103222,60.0
1744878832624293.0,-1716.96,-3574.07,1.2315,4.1477,4.02327,-0.124432,60.0
1744878832645235.0,-1718.66,-3576.8,1.23348,4.25092,4.18651,-0.0644126,60.0
1744878832665829.0,-1718.66,-3576.8,1.23348,4.25092,4.14275,-0.108169,60.0
1744878832686901.0,-1720.77,-3578.85,1.2352,4.18651,4.04336,-0.143153,60.0
1744878832707721.0,-1720.77,-3578.85,1.2352,4.18651,4.16831,-0.018205,60.0
1744878832728340.0,-1720.77,-3578.85,1.2352,4.18651,4.04085,-0.145656,60.0
1744878832748864.0,-1722.47,-3581.58,1.23719,4.16831,4.20367,0.0353689,60.0
1744878832769537.0,-1722.47,-3581.58,1.23719,4.16831,4.0878,-0.0805029,60.0
1744878832790267.0,-1724.16,-3583.63,1.2388,4.20367,4.06983,-0.133842,60.0
1744878832810915.0,-1724.16,-3583.63,1.2388,4.20367,4.18966,-0.0140165,60.0
1744878832831720.0,-1725.85,-3586.36,1.24079,4.06983,4.19634,0.126506,60.0
1744878832852501.0,-1725.85,-3586.36,1.24079,4.06983,4.10699,0.0371593,60.0
1744878832873225.0,-1725.85,-3586.36,1.24079,4.06983,4.17741,0.107577,60.0
1744878832893641.0,-1727.55,-3588.41,1.2424,4.10699,4.20288,0.0958899,60.0
1744878832914193.0,-1727.55,-3588.41,1.2424,4.10699,4.04951,-0.0574822,60.0
1744878832934846.0,-1729.24,-3591.14,1.2444,4.20288,4.26747,0.0645925,60.0
1744878832955256.0,-1729.24,-3591.14,1.2444,4.20288,4.15971,-0.043167,60.0
1744878832976298.0,-1729.24,-3591.14,1.2444,4.20288,4.20277,-0.000109046,60.0
1744878832997055.0,-1730.93,-3593.87,1.2464,4.15971,4.08151,-0.0782041,60.0
1744878833017938.0,-1730.93,-3593.87,1.2464,4.15971,4.20093,0.0412129,60.0
1744878833038481.0,-1732.62,-3595.92,1.24801,4.08151,4.02437,-0.0571428,60.0
1744878833059139.0,-1732.62,-3595.92,1.24801,4.08151,4.10078,0.0192725,60.0
1744878833079849.0,-1732.62,-3595.92,1.24801,4.08151,3.95552,-0.125991,60.0
1744878833100383.0,-1734.32,-3598.66,1.25001,4.10078,4.17843,0.0776454,60.0
1744878833121113.0,-1734.32,-3598.66,1.25001,4.10078,3.98584,-0.114939,60.0
1744878833141806.0,-1736.01,-3600.71,1.25163,4.17843,4.05589,-0.12254,60.0
1744878833162571.0,-1736.01,-3600.71,1.25163,4.17843,4.1648,-0.0136267,60.0
1744878833183353.0,-1736.01,-3600.71,1.25163,4.17843,4.12069,-0.0577358,60.0
1744878833204039.0,-1737.7,-3603.44,1.25363,4.1648,4.05973,-0.105076,60.0
1744878833224724.0,-1737.7,-3603.44,1.25363,4.1648,4.17902,0.0142184,60.0
1744878833245402.0,-1739.4,-3606.17,1.25563,4.05973,3.99196,-0.0677635,60.0
1744878833266417.0,-1739.4,-3606.17,1.25563,4.05973,4.08861,0.0288832,60.0
1744878833286731.0,-1741.51,-3608.22,1.25737,3.99196,3.89811,-0.0938488,60.0
1744878833307509.0,-1741.51,-3608.22,1.25737,3.99196,4.08692,0.0949566,60.0
1744878833328091.0,-1741.51,-3608.22,1.25737,3.99196,4.15177,0.159808,60.0
1744878833348465.0,-1743.21,-3610.95,1.25938,4.08692,4.03611,-0.0508063,60.0
1744878833369107.0,-1743.21,-3610.95,1.25938,4.08692,4.12143,0.0345084,60.0
1744878833389745.0,-1744.9,-3613.0,1.261,4.03611,4.13169,0.0955749,60.0
1744878833410323.0,-1744.9,-3613.0,1.261,4.03611,4.19291,0.156797,60.0
1744878833430920.0,-1744.9,-3613.0,1.261,4.03611,4.00752,-0.0285945,60.0
1744878833451504.0,-1746.59,-3615.73,1.26301,4.19291,4.27641,0.0835,60.0
1744878833472072.0,-1746.59,-3615.73,1.26301,4.19291,4.24211,0.0491986,60.0
1744878833492704.0,-1748.28,-3617.78,1.26464,4.27641,4.20582,-0.0705916,60.0
1744878833513300.0,-1748.28,-3617.78,1.26464,4.27641,4.16869,-0.107718,60.0
1744878833533923.0,-1748.28,-3617.78,1.26464,4.27641,4.24179,-0.0346211,60.0
1744878833554486.0,-1749.98,-3620.51,1.26665,4.16869,4.04278,-0.125908,60.0
1744878833575137.0,-1749.98,-3620.51,1.26665,4.16869,4.07613,-0.0925658,60.0
1744878833595702.0,-1751.67,-3623.25,1.26867,4.04278,4.11794,0.0751541,60.0
1744878833616268.0,-1751.67,-3623.25,1.26867,4.04278,4.03122,-0.0115651,60.0
1744878833636845.0,-1751.67,-3623.25,1.26867,4.04278,4.08198,0.0391925,60.0
1744878833657399.0,-1753.36,-3625.3,1.27029,4.03122,4.07167,0.04045,60.0
1744878833678358.0,-1753.36,-3625.3,1.27029,4.03122,4.08355,0.0523315,60.0
1744878833699686.0,-1755.06,-3628.03,1.27231,4.07167,4.05102,-0.0206476,60.0
1744878833720386.0,-1755.06,-3628.03,1.27231,4.07167,3.95564,-0.116032,60.0
1744878833741203.0,-1755.06,-3628.03,1.27231,4.07167,4.19021,0.118542,60.0
1744878833761689.0,-1756.75,-3630.76,1.27433,3.95564,3.84323,-0.112407,60.0
1744878833782417.0,-1756.75,-3630.76,1.27433,3.95564,3.91573,-0.0399063,60.0
1744878833803134.0,-1758.44,-3632.81,1.27596,3.84323,3.97907,0.135844,60.0
1744878833823811.0,-1758.44,-3632.81,1.27596,3.84323,3.83338,-0.00984695,60.0
1744878833844500.0,-1760.13,-3635.54,1.27799,3.97907,4.0584,0.0793273,60.0
1744878833865291.0,-1760.13,-3635.54,1.27799,3.97907,4.1255,0.146425,60.0
1744878833885986.0,-1760.13,-3635.54,1.27799,3.97907,3.94485,-0.0342263,60.0
1744878833906705.0,-1761.83,-3637.59,1.27962,4.1255,4.0355,-0.0899992,60.0
1744878833927412.0,-1761.83,-3637.59,1.27962,4.1255,4.11189,-0.0136119,60.0
1744878833948068.0,-1763.94,-3640.32,1.28177,4.0355,4.0815,0.0460045,60.0
1744878833968823.0,-1763.94,-3640.32,1.28177,4.0355,4.03696,0.00146258,60.0
1744878833989525.0,-1763.94,-3640.32,1.28177,4.0355,4.10126,0.0657653,60.0
1744878834010168.0,-1765.64,-3642.37,1.2834,4.03696,4.00438,-0.0325786,60.0
1744878834030855.0,-1765.64,-3642.37,1.2834,4.03696,4.11613,0.0791717,60.0
1744878834051532.0,-1767.33,-3645.1,1.28543,4.00438,4.10002,0.0956369,60.0
1744878834072271.0,-1767.33,-3645.1,1.28543,4.00438,3.93179,-0.0725952,60.0
1744878834092995.0,-1767.33,-3645.1,1.28543,4.00438,4.12339,0.119008,60.0
1744878834113705.0,-1769.02,-3647.15,1.28707,3.93179,4.03926,0.107469,60.0
1744878834134500.0,-1769.02,-3647.15,1.28707,3.93179,3.98531,0.0535238,60.0
1744878834155170.0,-1771.14,-3649.89,1.28922,4.03926,4.19951,0.160253,60.0
1744878834176006.0,-1771.14,-3649.89,1.28922,4.03926,4.07252,0.033261,60.0
1744878834196682.0,-1771.14,-3649.89,1.28922,4.03926,3.89124,-0.148016,60.0
1744878834217266.0,-1772.83,-3651.94,1.29086,4.07252,3.92801,-0.144506,60.0
1744878834237828.0,-1772.83,-3651.94,1.29086,4.07252,3.97152,-0.100993,60.0
1744878834258536.0,-1774.53,-3654.67,1.2929,3.92801,3.93543,0.00741397,60.0
1744878834279201.0,-1774.53,-3654.67,1.2929,3.92801,3.95742,0.0294041,60.0
1744878834299891.0,-1776.22,-3656.72,1.29454,3.93543,3.9564,0.0209753,60.0
1744878834320856.0,-1776.22,-3656.72,1.29454,3.93543,4.03855,0.103128,60.0
1744878834341302.0,-1776.22,-3656.72,1.29454,3.93543,3.92328,-0.0121479,60.0
1744878834362088.0,-1778.33,-3659.45,1.2967,4.03855,4.14312,0.104563,60.0
1744878834382689.0,-1778.33,-3659.45,1.2967,4.03855,4.09919,0.0606363,60.0
1744878834403338.0,-1780.03,-3661.5,1.29835,4.14312,4.06448,-0.0786409,60.0
1744878834423939.0,-1780.03,-3661.5,1.29835,4.14312,4.18164,0.0385213,60.0
1744878834444601.0,-1780.03,-3661.5,1.29835,4.14312,4.00983,-0.13329,60.0
1744878834465233.0,-1781.72,-3664.23,1.30039,4.18164,4.07346,-0.108182,60.0
1744878834486052.0,-1781.72,-3664.23,1.30039,4.18164,4.08157,-0.100065,60.0
1744878834506713.0,-1783.84,-3666.28,1.30216,4.07346,4.11404,0.0405852,60.0
1744878834527431.0,-1783.84,-3666.28,1.30216,4.07346,4.03108,-0.0423748,60.0
1744878834548113.0,-1783.84,-3666.28,1.30216,4.07346,4.06641,-0.00704326,60.0
1744878834568741.0,-1785.53,-3669.01,1.3042,4.03108,4.03534,0.00426019,60.0
1744878834589492.0,-1785.53,-3669.01,1.3042,4.03108,4.10549,0.0744119,60.0
1744878834610174.0,-1787.22,-3671.06,1.30585,4.03534,4.19945,0.16411,60.0
1744878834630948.0,-1787.22,-3671.06,1.30585,4.03534,4.07543,0.0400902,60.0
1744878834651547.0,-1787.22,-3671.06,1.30585,4.03534,4.17569,0.140351,60.0
1744878834672259.0,-1789.34,-3673.79,1.30802,4.07543,4.0885,0.01307,60.0
1744878834692988.0,-1789.34,-3673.79,1.30802,4.07543,4.03861,-0.0368161,60.0
1744878834713920.0,-1791.03,-3675.84,1.30967,4.0885,4.23784,0.149343,60.0
1744878834734463.0,-1791.03,-3675.84,1.30967,4.0885,4.11662,0.0281178,60.0
1744878834755024.0,-1792.73,-3678.58,1.31172,4.23784,4.07817,-0.15967,60.0
1744878834775864.0,-1792.73,-3678.58,1.31172,4.23784,4.20891,-0.028937,60.0
1744878834796599.0,-1792.73,-3678.58,1.31172,4.23784,4.24454,0.00669683,60.0
1744878834817218.0,-1794.42,-3680.62,1.31338,4.20891,4.19028,-0.0186296,60.0
1744878834838116.0,-1794.42,-3680.62,1.31338,4.20891,4.12371,-0.0851966,60.0
1744878834858955.0,-1796.11,-3683.36,1.31543,4.19028,4.19249,0.00220831,60.0
1744878834879695.0,-1796.11,-3683.36,1.31543,4.19028,4.13805,-0.0522305,60.0
1744878834900908.0,-1796.11,-3683.36,1.31543,4.19028,4.19374,0.00346551,60.0
1744878834921240.0,-1798.23,-3685.41,1.31721,4.13805,4.19328,0.0552342,60.0
1744878834941903.0,-1798.23,-3685.41,1.31721,4.13805,4.15722,0.0191753,60.0
1744878834962529.0,-1799.92,-3688.14,1.31927,4.19328,4.06696,-0.126323,60.0
1744878834983378.0,-1799.92,-3688.14,1.31927,4.19328,4.13451,-0.0587755,60.0
1744878835003929.0,-1799.92,-3688.14,1.31927,4.19328,4.10808,-0.0851991,60.0
1744878835024606.0,-1801.61,-3690.87,1.32133,4.13451,4.06304,-0.0714605,60.0
1744878835045348.0,-1801.61,-3690.87,1.32133,4.13451,3.972,-0.162501,60.0
1744878835066016.0,-1803.31,-3692.92,1.32299,4.06304,4.17907,0.116029,60.0
1744878835086687.0,-1803.31,-3692.92,1.32299,4.06304,4.08183,0.0187833,60.0
1744878835107308.0,-1803.31,-3692.92,1.32299,4.06304,4.19015,0.127105,60.0
1744878835128197.0,-1805.0,-3695.65,1.32505,4.08183,4.08648,0.0046562,60.0
1744878835148705.0,-1805.0,-3695.65,1.32505,4.08183,4.14518,0.0633533,60.0
1744878835169404.0,-1806.69,-3697.7,1.32672,4.08648,4.06946,-0.0170241,60.0
1744878835190351.0,-1806.69,-3697.7,1.32672,4.08648,4.11189,0.0254096,60.0
1744878835210972.0,-1808.39,-3700.43,1.32878,4.06946,4.03954,-0.0299167,60.0
1744878835231636.0,-1808.39,-3700.43,1.32878,4.06946,3.94735,-0.12211,60.0
1744878835252221.0,-1808.39,-3700.43,1.32878,4.06946,4.07582,0.00635552,60.0
1744878835272812.0,-1810.5,-3702.48,1.33057,3.94735,3.99767,0.050317,60.0
1744878835293655.0,-1810.5,-3702.48,1.33057,3.94735,4.01046,0.0631146,60.0
1744878835314254.0,-1812.2,-3705.22,1.33264,3.99767,4.06039,0.0627198,60.0
1744878835334907.0,-1812.2,-3705.22,1.33264,3.99767,3.96152,-0.0361481,60.0
1744878835355544.0,-1812.2,-3705.22,1.33264,3.99767,4.12442,0.126755,60.0
1744878835375838.0,-1813.89,-3707.95,1.3347,3.96152,4.01295,0.0514305,60.0
1744878835396659.0,-1813.89,-3707.95,1.3347,3.96152,3.99573,0.0342085,60.0
1744878835417489.0,-1815.58,-3710.0,1.33638,4.01295,3.91207,-0.100882,60.0
1744878835437880.0,-1815.58,-3710.0,1.33638,4.01295,4.00715,-0.0057982,60.0
1744878835458632.0,-1815.58,-3710.0,1.33638,4.01295,4.15262,0.139671,60.0
1744878835479370.0,-1817.27,-3712.73,1.33845,4.00715,4.00473,-0.00242462,60.0
1744878835500114.0,-1817.27,-3712.73,1.33845,4.00715,4.11304,0.10589,60.0
1744878835520831.0,-1819.39,-3714.78,1.34024,4.00473,4.08407,0.0793426,60.0
1744878835541283.0,-1819.39,-3714.78,1.34024,4.00473,4.13922,0.134496,60.0
1744878835562033.0,-1819.39,-3714.78,1.34024,4.00473,4.14047,0.135741,60.0
1744878835582923.0,-1821.08,-3717.51,1.34232,4.13922,4.20561,0.0663893,60.0
1744878835604015.0,-1821.08,-3717.51,1.34232,4.13922,4.22257,0.0833464,60.0
1744878835624488.0,-1822.78,-3719.56,1.344,4.20561,4.16173,-0.0438867,60.0
1744878835645152.0,-1822.78,-3719.56,1.344,4.20561,4.16098,-0.0446344,60.0
1744878835666169.0,-1824.47,-3722.29,1.34607,4.16098,4.11473,-0.0462505,60.0
1744878835686884.0,-1824.47,-3722.29,1.34607,4.16098,4.31957,0.158593,60.0
1744878835707610.0,-1824.47,-3722.29,1.34607,4.16098,4.02725,-0.133727,60.0
1744878835728306.0,-1826.59,-3724.34,1.34787,4.31957,4.23644,-0.0831318,60.0
1744878835748979.0,-1826.59,-3724.34,1.34787,4.31957,4.2884,-0.0311675,60.0
1744878835769761.0,-1828.28,-3727.07,1.34995,4.23644,4.11843,-0.11801,60.0
1744878835790622.0,-1828.28,-3727.07,1.34995,4.23644,4.18667,-0.049774,60.0
1744878835811512.0,-1828.28,-3727.07,1.34995,4.23644,4.18543,-0.0510128,60.0
1744878835832294.0,-1829.97,-3729.12,1.35164,4.18667,4.18307,-0.00359069,60.0
1744878835853137.0,-1829.97,-3729.12,1.35164,4.18667,4.04348,-0.143185,60.0
1744878835874046.0,-1831.66,-3731.86,1.35372,4.18307,4.13053,-0.0525429,60.0
1744878835894802.0,-1831.66,-3731.86,1.35372,4.18307,4.08912,-0.0939593,60.0
1744878835915416.0,-1831.66,-3731.86,1.35372,4.18307,4.08219,-0.100881,60.0
1744878835936431.0,-1833.36,-3734.59,1.3558,4.08912,4.1768,0.0876883,60.0
1744878835956901.0,-1833.36,-3734.59,1.3558,4.08912,4.04139,-0.0477253,60.0
1744878835977502.0,-1835.05,-3736.64,1.35749,4.1768,4.15361,-0.0231906,60.0
1744878835998296.0,-1835.05,-3736.64,1.35749,4.1768,4.16285,-0.0139565,60.0
1744878836018673.0,-1835.05,-3736.64,1.35749,4.1768,4.2325,0.0556984,60.0
1744878836039255.0,-1836.74,-3739.37,1.35958,4.16285,4.02419,-0.138654,60.0
1744878836060160.0,-1836.74,-3739.37,1.35958,4.16285,4.22472,0.0618684,60.0
1744878836080665.0,-1838.44,-3741.42,1.36127,4.02419,4.08949,0.0652938,60.0
1744878836101348.0,-1838.44,-3741.42,1.36127,4.02419,4.11959,0.095398,60.0
1744878836122040.0,-1840.13,-3744.15,1.36336,4.08949,4.03053,-0.0589545,60.0
1744878836142404.0,-1840.13,-3744.15,1.36336,4.08949,4.21861,0.129124,60.0
1744878836163148.0,-1840.13,-3744.15,1.36336,4.08949,4.21748,0.127989,60.0
1744878836183992.0,-1841.82,-3746.88,1.36545,4.21861,4.1719,-0.0467081,60.0
1744878836204950.0,-1841.82,-3746.88,1.36545,4.21861,4.05519,-0.163425,60.0
1744878836225624.0,-1843.52,-3748.93,1.36714,4.1719,4.16181,-0.0100895,60.0
1744878836246243.0,-1843.52,-3748.93,1.36714,4.1719,4.17156,-0.000341966,60.0
1744878836266968.0,-1843.52,-3748.93,1.36714,4.1719,4.06206,-0.10984,60.0
1744878836287443.0,-1845.21,-3751.66,1.36924,4.17156,4.19749,0.0259322,60.0
1744878836308508.0,-1845.21,-3751.66,1.36924,4.17156,4.04033,-0.131231,60.0
1744878836328922.0,-1846.9,-3753.71,1.37093,4.19749,4.11757,-0.0799203,60.0
1744878836349830.0,-1846.9,-3753.71,1.37093,4.19749,4.15522,-0.0422744,60.0
1744878836370596.0,-1846.9,-3753.71,1.37093,4.19749,4.13824,-0.0592542,60.0
1744878836391240.0,-1848.59,-3756.45,1.37303,4.15522,4.17532,0.020099,60.0
1744878836411507.0,-1848.59,-3756.45,1.37303,4.15522,4.16866,0.0134447,60.0
1744878836432313.0,-1850.29,-3759.18,1.37513,4.17532,4.11063,-0.0646826,60.0
1744878836452913.0,-1850.29,-3759.18,1.37513,4.17532,4.23778,0.0624653,60.0
1744878836473221.0,-1850.29,-3759.18,1.37513,4.17532,4.14124,-0.0340721,60.0
1744878836493745.0,-1851.98,-3761.23,1.37683,4.23778,4.27373,0.0359469,60.0
1744878836514299.0,-1851.98,-3761.23,1.37683,4.23778,4.19841,-0.0393723,60.0
1744878836535097.0,-1853.67,-3763.96,1.37893,4.27373,4.17522,-0.0985112,60.0
1744878836555904.0,-1853.67,-3763.96,1.37893,4.27373,4.15319,-0.120542,60.0
1744878836576612.0,-1853.67,-3763.96,1.37893,4.27373,4.12946,-0.144273,60.0
1744878836597138.0,-1855.37,-3766.69,1.38103,4.15319,4.07159,-0.0815975,60.0
1744878836617974.0,-1855.37,-3766.69,1.38103,4.15319,4.10416,-0.0490234,60.0
1744878836638657.0,-1856.63,-3768.74,1.38261,4.07159,3.98912,-0.0824665,60.0
1744878836659706.0,-1856.63,-3768.74,1.38261,4.07159,4.08669,0.015096,60.0
1744878836680641.0,-1858.33,-3771.47,1.38472,3.98912,4.08891,0.0997911,60.0
1744878836701212.0,-1858.33,-3771.47,1.38472,3.98912,3.92309,-0.0660341,60.0
1744878836721936.0,-1858.33,-3771.47,1.38472,3.98912,4.08477,0.0956482,60.0
1744878836742727.0,-1860.02,-3774.21,1.38683,3.92309,3.99404,0.0709476,60.0
1744878836763544.0,-1860.02,-3774.21,1.38683,3.92309,3.85713,-0.0659602,60.0
1744878836784164.0,-1861.71,-3776.26,1.38853,3.99404,4.03235,0.0383093,60.0
1744878836804735.0,-1861.71,-3776.26,1.38853,3.99404,3.97086,-0.0231763,60.0
1744878836825502.0,-1861.71,-3776.26,1.38853,3.99404,4.13946,0.145424,60.0
1744878836846172.0,-1863.41,-3778.99,1.39064,3.97086,4.09012,0.119262,60.0
1744878836866905.0,-1863.41,-3778.99,1.39064,3.97086,4.01949,0.0486335,60.0
1744878836887448.0,-1865.1,-3781.72,1.39276,4.09012,4.0896,-0.000524153,60.0
1744878836908289.0,-1865.1,-3781.72,1.39276,4.09012,4.22396,0.133842,60.0
1744878836928994.0,-1865.1,-3781.72,1.39276,4.09012,4.02239,-0.0677299,60.0
1744878836949588.0,-1866.79,-3783.77,1.39447,4.22396,4.11921,-0.104753,60.0
1744878836970311.0,-1866.79,-3783.77,1.39447,4.22396,4.09094,-0.133027,60.0
1744878836990930.0,-1868.48,-3786.5,1.39658,4.11921,4.1477,0.0284899,60.0
1744878837011716.0,-1868.48,-3786.5,1.39658,4.11921,4.01198,-0.107229,60.0
1744878837032689.0,-1870.18,-3789.23,1.3987,4.01198,3.89128,-0.120708,60.0
1744878837053046.0,-1870.18,-3789.23,1.3987,4.01198,4.09162,0.0796338,60.0
1744878837073811.0,-1870.18,-3789.23,1.3987,4.01198,4.0984,0.0864184,60.0
1744878837094493.0,-1871.87,-3791.28,1.40042,4.09162,4.13118,0.0395676,60.0
1744878837115141.0,-1871.87,-3791.28,1.40042,4.09162,4.03719,-0.054426,60.0
1744878837135843.0,-1873.56,-3794.01,1.40254,4.13118,4.11633,-0.0148507,60.0
1744878837156550.0,-1873.56,-3794.01,1.40254,4.13118,4.01374,-0.117441,60.0
1744878837177536.0,-1873.56,-3794.01,1.40254,4.13118,4.10425,-0.0269355,60.0
1744878837198282.0,-1875.26,-3796.06,1.40425,4.01374,3.8607,-0.153044,60.0
1744878837219152.0,-1875.26,-3796.06,1.40425,4.01374,4.06577,0.0520258,60.0
1744878837239754.0,-1877.37,-3798.8,1.4065,3.8607,3.94171,0.081008,60.0
1744878837260491.0,-1877.37,-3798.8,1.4065,3.8607,4.01433,0.153633,60.0
1744878837281051.0,-1877.37,-3798.8,1.4065,3.8607,4.02008,0.159375,60.0
1744878837302004.0,-1879.07,-3800.85,1.40822,4.01433,4.13695,0.122621,60.0
1744878837322857.0,-1879.07,-3800.85,1.40822,4.01433,3.96124,-0.0530916,60.0
1744878837343301.0,-1880.76,-3803.58,1.41035,4.13695,4.03586,-0.10109,60.0
1744878837363989.0,-1880.76,-3803.58,1.41035,4.13695,4.23016,0.0932028,60.0
1744878837384835.0,-1880.76,-3803.58,1.41035,4.13695,4.04197,-0.0949861,60.0
1744878837405596.0,-1882.45,-3806.31,1.41247,4.23016,4.16116,-0.0689933,60.0
1744878837426144.0,-1882.45,-3806.31,1.41247,4.23016,4.16654,-0.0636206,60.0
1744878837446743.0,-1884.14,-3808.36,1.4142,4.16116,4.00015,-0.161013,60.0
1744878837467471.0,-1884.14,-3808.36,1.4142,4.16116,4.29379,0.132631,60.0
1744878837488486.0,-1885.84,-3811.09,1.41633,4.00015,4.1196,0.119447,60.0
1744878837508876.0,-1885.84,-3811.09,1.41633,4.00015,4.00844,0.00828737,60.0
1744878837529963.0,-1885.84,-3811.09,1.41633,4.00015,4.04075,0.0406013,60.0
1744878837550385.0,-1887.53,-3813.14,1.41805,4.00844,4.01796,0.00951892,60.0
1744878837571060.0,-1887.53,-3813.14,1.41805,4.00844,4.03342,0.0249781,60.0
1744878837592010.0,-1889.22,-3815.87,1.42019,4.01796,4.1131,0.0951472,60.0
1744878837612694.0,-1889.22,-3815.87,1.42019,4.01796,4.03376,0.0158003,60.0
1744878837633375.0,-1889.22,-3815.87,1.42019,4.01796,4.12414,0.10618,60.0
1744878837653849.0,-1890.92,-3818.61,1.42232,4.03376,4.06778,0.0340238,60.0
1744878837674662.0,-1890.92,-3818.61,1.42232,4.03376,4.10906,0.0753051,60.0
1744878837695686.0,-1893.03,-3820.66,1.42418,4.06778,4.18616,0.118383,60.0
1744878837716399.0,-1893.03,-3820.66,1.42418,4.06778,4.14287,0.0750922,60.0
1744878837737096.0,-1893.03,-3820.66,1.42418,4.06778,4.02371,-0.044067,60.0
1744878837757926.0,-1894.73,-3823.39,1.42632,4.14287,4.09744,-0.0454279,60.0
1744878837778268.0,-1894.73,-3823.39,1.42632,4.14287,4.24937,0.106497,60.0
1744878837798889.0,-1896.42,-3825.44,1.42805,4.09744,4.2011,0.103652,60.0
1744878837819707.0,-1896.42,-3825.44,1.42805,4.09744,4.18447,0.0870272,60.0
1744878837840084.0,-1896.42,-3825.44,1.42805,4.09744,4.02219,-0.0752512,60.0
1744878837860795.0,-1898.11,-3828.17,1.43019,4.18447,4.03761,-0.146866,60.0
1744878837881494.0,-1898.11,-3828.17,1.43019,4.18447,4.23018,0.0457101,60.0
1744878837902498.0,-1899.8,-3830.22,1.43192,4.03761,4.06834,0.0307367,60.0
1744878837923071.0,-1899.8,-3830.22,1.43192,4.03761,3.91009,-0.127517,60.0
1744878837944041.0,-1901.5,-3832.95,1.43407,4.06834,4.18007,0.111725,60.0
1744878837964788.0,-1901.5,-3832.95,1.43407,4.06834,4.22066,0.152322,60.0
1744878837985471.0,-1901.5,-3832.95,1.43407,4.06834,4.12016,0.0518198,60.0
1744878838006262.0,-1903.19,-3835.68,1.43621,4.22066,4.17638,-0.0442828,60.0
1744878838027026.0,-1903.19,-3835.68,1.43621,4.22066,4.2926,0.0719337,60.0
1744878838047595.0,-1904.88,-3837.73,1.43795,4.17638,4.18845,0.0120633,60.0
1744878838068202.0,-1904.88,-3837.73,1.43795,4.17638,4.07997,-0.0964158,60.0
1744878838088946.0,-1904.88,-3837.73,1.43795,4.17638,4.22329,0.0469042,60.0
1744878838109564.0,-1907.0,-3840.46,1.44023,4.07997,4.17323,0.093263,60.0
1744878838130548.0,-1907.0,-3840.46,1.44023,4.07997,4.11381,0.0338439,60.0
1744878838151212.0,-1908.69,-3842.51,1.44197,4.17323,4.17556,0.0023327,60.0
1744878838171676.0,-1908.69,-3842.51,1.44197,4.17323,4.01634,-0.15689,60.0
1744878838192430.0,-1908.69,-3842.51,1.44197,4.17323,4.08946,-0.0837665,60.0
1744878838213376.0,-1910.39,-3845.25,1.44412,4.01634,4.07878,0.0624439,60.0
1744878838233984.0,-1910.39,-3845.25,1.44412,4.01634,4.09425,0.0779123,60.0
1744878838254615.0,-1912.08,-3847.3,1.44586,4.07878,4.18598,0.107195,60.0
1744878838275308.0,-1912.08,-3847.3,1.44586,4.07878,4.19465,0.115871,60.0
1744878838295721.0,-1912.08,-3847.3,1.44586,4.07878,4.04043,-0.038349,60.0
1744878838316646.0,-1913.77,-3850.03,1.44802,4.19466,4.23923,0.0445771,60.0
1744878838337357.0,-1913.77,-3850.03,1.44802,4.19466,4.08702,-0.107638,60.0
1744878838357728.0,-1915.46,-3852.76,1.45017,4.23923,4.30543,0.0661939,60.0
1744878838378574.0,-1915.46,-3852.76,1.45017,4.23923,4.1887,-0.0505318,60.0
1744878838399232.0,-1917.16,-3854.81,1.45192,4.30543,4.20816,-0.0972702,60.0
1744878838419685.0,-1917.16,-3854.81,1.45192,4.30543,4.22693,-0.0785008,60.0
1744878838440442.0,-1917.16,-3854.81,1.45192,4.30543,4.30907,0.00364084,60.0
1744878838460930.0,-1918.85,-3857.54,1.45408,4.22693,4.13764,-0.0892883,60.0
1744878838481627.0,-1918.85,-3857.54,1.45408,4.22693,4.24842,0.0214914,60.0
1744878838502569.0,-1920.54,-3860.27,1.45624,4.13764,4.05814,-0.0794965,60.0
1744878838523392.0,-1920.54,-3860.27,1.45624,4.13764,4.20105,0.0634161,60.0
1744878838544132.0,-1920.54,-3860.27,1.45624,4.13764,4.07801,-0.0596269,60.0
1744878838564628.0,-1922.24,-3862.32,1.45799,4.20105,4.22663,0.0255761,60.0
1744878838585205.0,-1922.24,-3862.32,1.45799,4.20105,4.04902,-0.15203,60.0
1744878838605739.0,-1923.93,-3865.06,1.46016,4.22663,4.13959,-0.0870363,60.0
1744878838626649.0,-1923.93,-3865.06,1.46016,4.22663,4.28315,0.0565217,60.0
1744878838647089.0,-1923.93,-3865.06,1.46016,4.22663,4.21538,-0.0112454,60.0
1744878838668064.0,-1925.2,-3867.79,1.46219,4.28315,4.1333,-0.149855,60.0
1744878838688651.0,-1925.2,-3867.79,1.46219,4.28315,4.23971,-0.0434414,60.0
1744878838709343.0,-1926.89,-3869.84,1.46395,4.1333,4.10645,-0.0268468,60.0
1744878838730144.0,-1926.89,-3869.84,1.46395,4.1333,4.01991,-0.113383,60.0
1744878838751170.0,-1926.89,-3869.84,1.46395,4.1333,4.07889,-0.0544032,60.0
1744878838771704.0,-1928.58,-3872.57,1.46612,4.01991,3.95922,-0.060696,60.0
1744878838792298.0,-1928.58,-3872.57,1.46612,4.01991,4.05211,0.032195,60.0
1744878838813037.0,-1930.28,-3875.3,1.46829,3.95922,4.03584,0.0766183,60.0
1744878838833802.0,-1930.28,-3875.3,1.46829,3.95922,4.03013,0.0709134,60.0
1744878838854441.0,-1931.97,-3877.35,1.47004,4.03584,4.05813,0.022297,60.0
1744878838875110.0,-1931.97,-3877.35,1.47004,4.03584,4.15775,0.121915,60.0
1744878838895590.0,-1931.97,-3877.35,1.47004,4.03584,4.19123,0.155392,60.0
1744878838916355.0,-1933.66,-3880.08,1.47222,4.15775,4.23672,0.0789693,60.0
1744878838937211.0,-1933.66,-3880.08,1.47222,4.15775,4.15838,0.000629629,60.0
1744878838957823.0,-1935.35,-3882.82,1.47439,4.23672,4.12745,-0.109268,60.0
1744878838978565.0,-1935.35,-3882.82,1.47439,4.23672,4.16376,-0.0729613,60.0
1744878838999315.0,-1935.35,-3882.82,1.47439,4.23672,4.07565,-0.161067,60.0
1744878839020055.0,-1937.05,-3884.87,1.47615,4.16376,4.30663,0.142875,60.0
1744878839040777.0,-1937.05,-3884.87,1.47615,4.16376,4.03837,-0.125393,60.0
1744878839061497.0,-1938.74,-3887.6,1.47833,4.30663,4.16334,-0.143289,60.0
1744878839082138.0,-1938.74,-3887.6,1.47833,4.30663,4.21641,-0.0902214,60.0
1744878839103020.0,-1938.74,-3887.6,1.47833,4.30663,4.16555,-0.14108,60.0
1744878839123675.0,-1940.01,-3890.33,1.48038,4.21641,4.11986,-0.0965539,60.0
1744878839144200.0,-1940.01,-3890.33,1.48038,4.21641,4.11358,-0.102834,60.0
1744878839164723.0,-1941.7,-3892.38,1.48215,4.11986,4.09902,-0.0208342,60.0
1744878839186019.0,-1941.7,-3892.38,1.48215,4.11986,4.13893,0.0190744,60.0
1744878839206672.0,-1941.7,-3892.38,1.48215,4.11986,4.07925,-0.0406056,60.0
1744878839227361.0,-1943.4,-3895.11,1.48433,4.13893,4.15241,0.0134826,60.0
1744878839248124.0,-1943.4,-3895.11,1.48433,4.13893,4.13709,-0.00183817,60.0
1744878839268687.0,-1945.09,-3897.84,1.48651,4.15241,4.01006,-0.142359,60.0
1744878839289381.0,-1945.09,-3897.84,1.48651,4.15241,4.16295,0.0105352,60.0
1744878839309964.0,-1946.78,-3899.89,1.48828,4.01006,3.91824,-0.0918198,60.0
1744878839330714.0,-1946.78,-3899.89,1.48828,4.01006,4.10389,0.0938357,60.0
1744878839351451.0,-1946.78,-3899.89,1.48828,4.01006,4.12495,0.114892,60.0
1744878839372264.0,-1948.47,-3902.63,1.49047,4.10389,4.04044,-0.0634465,60.0
1744878839392663.0,-1948.47,-3902.63,1.49047,4.10389,4.11877,0.0148825,60.0
1744878839413500.0,-1950.17,-3905.36,1.49266,4.04044,4.11629,0.0758433,60.0
1744878839434188.0,-1950.17,-3905.36,1.49266,4.04044,4.03332,-0.00712332,60.0
1744878839454858.0,-1950.17,-3905.36,1.49266,4.04044,4.02301,-0.0174375,60.0
1744878839475507.0,-1951.44,-3907.41,1.4943,4.03332,4.18923,0.155909,60.0
1744878839496126.0,-1951.44,-3907.41,1.4943,4.03332,3.92834,-0.104986,60.0
1744878839516884.0,-1953.13,-3910.14,1.49649,4.18923,4.09859,-0.0906419,60.0
1744878839537683.0,-1953.13,-3910.14,1.49649,4.18923,4.13805,-0.0511829,60.0
1744878839558296.0,-1953.13,-3910.14,1.49649,4.18923,4.10798,-0.0812489,60.0
1744878839579087.0,-1954.82,-3912.87,1.49868,4.13805,4.13958,0.001536,60.0
1744878839599721.0,-1954.82,-3912.87,1.49868,4.13805,3.9744,-0.163643,60.0
1744878839620531.0,-1956.51,-3914.92,1.50046,4.13958,4.19914,0.0595521,60.0
1744878839641246.0,-1956.51,-3914.92,1.50046,4.13958,4.1081,-0.0314836,60.0
1744878839661869.0,-1956.51,-3914.92,1.50046,4.13958,4.22893,0.0893432,60.0
1744878839682677.0,-1958.21,-3917.65,1.50265,4.1081,4.0842,-0.0238952,60.0
1744878839703350.0,-1958.21,-3917.65,1.50265,4.1081,4.01016,-0.0979358,60.0
1744878839724067.0,-1959.9,-3920.39,1.50485,4.0842,4.03951,-0.0446985,60.0
1744878839744811.0,-1959.9,-3920.39,1.50485,4.0842,4.12377,0.0395608,60.0
1744878839765489.0,-1961.59,-3922.43,1.50663,4.03951,4.0328,-0.00670863,60.0
1744878839786089.0,-1961.59,-3922.43,1.50663,4.03951,4.03465,-0.0048515,60.0
1744878839806965.0,-1961.59,-3922.43,1.50663,4.03951,4.02795,-0.0115557,60.0
1744878839827548.0,-1963.29,-3925.17,1.50883,4.03465,4.09611,0.0614592,60.0
1744878839848459.0,-1963.29,-3925.17,1.50883,4.03465,4.06278,0.0281286,60.0
1744878839868908.0,-1964.98,-3927.9,1.51103,4.09611,4.12045,0.0243343,60.0
1744878839889853.0,-1964.98,-3927.9,1.51103,4.09611,4.02482,-0.0712981,60.0
1744878839910452.0,-1964.98,-3927.9,1.51103,4.09611,4.14673,0.0506155,60.0
1744878839931245.0,-1966.67,-3929.95,1.51282,4.02482,3.94179,-0.08303,60.0
1744878839951890.0,-1966.67,-3929.95,1.51282,4.02482,4.03036,0.00554812,60.0
1744878839972658.0,-1968.36,-3932.68,1.51502,3.94179,4.10281,0.161026,60.0
1744878839993467.0,-1968.36,-3932.68,1.51502,3.94179,4.01039,0.0686019,60.0
1744878840014039.0,-1968.36,-3932.68,1.51502,3.94179,3.9599,0.018112,60.0
1744878840034760.0,-1970.06,-3935.41,1.51723,4.01039,4.01234,0.00194952,60.0
1744878840055473.0,-1970.06,-3935.41,1.51723,4.01039,4.07726,0.0668698,60.0
1744878840076115.0,-1971.75,-3937.46,1.51902,4.01234,3.91841,-0.0939267,60.0
1744878840096750.0,-1971.75,-3937.46,1.51902,4.01234,3.92634,-0.0860003,60.0
1744878840117471.0,-1971.75,-3937.46,1.51902,4.01234,4.12377,0.111429,60.0
1744878840138241.0,-1973.44,-3940.19,1.52123,3.92634,3.95423,0.0278978,60.0
1744878840158780.0,-1973.44,-3940.19,1.52123,3.92634,3.9198,-0.0065388,60.0
1744878840179749.0,-1975.14,-3942.24,1.52302,3.95423,4.07603,0.121792,60.0
1744878840200403.0,-1975.14,-3942.24,1.52302,3.95423,4.04505,0.0908181,60.0
1744878840221367.0,-1977.25,-3944.98,1.52536,4.07603,3.93214,-0.143888,60.0
1744878840241914.0,-1977.25,-3944.98,1.52536,4.07603,4.0984,0.022375,60.0
1744878840262631.0,-1977.25,-3944.98,1.52536,4.07603,4.06167,-0.0143608,60.0
1744878840283249.0,-1978.95,-3947.03,1.52715,4.0984,4.21957,0.12117,60.0
1744878840303862.0,-1978.95,-3947.03,1.52715,4.0984,4.03274,-0.0656651,60.0
1744878840324827.0,-1980.64,-3949.76,1.52937,4.21957,4.27914,0.0595649,60.0
1744878840345217.0,-1980.64,-3949.76,1.52937,4.21957,4.13226,-0.0873116,60.0
1744878840366090.0,-1980.64,-3949.76,1.52937,4.21957,4.19615,-0.0234226,60.0
1744878840386755.0,-1982.33,-3951.81,1.53116,4.13226,4.25374,0.121483,60.0
1744878840407621.0,-1982.33,-3951.81,1.53116,4.13226,4.0656,-0.0666568,60.0
1744878840428235.0,-1984.02,-3954.54,1.53338,4.25374,4.15607,-0.0976754,60.0
1744878840448967.0,-1984.02,-3954.54,1.53338,4.25374,4.27263,0.0188874,60.0
1744878840469715.0,-1984.02,-3954.54,1.53338,4.25374,4.21983,-0.0339134,60.0
1744878840490389.0,-1985.72,-3957.27,1.5356,4.27263,4.23694,-0.0356933,60.0
1744878840511026.0,-1985.72,-3957.27,1.5356,4.27263,4.14462,-0.128015,60.0
1744878840531783.0,-1987.41,-3959.32,1.5374,4.23694,4.1901,-0.0468333,60.0
1744878840552308.0,-1987.41,-3959.32,1.5374,4.23694,4.12052,-0.116417,60.0
1744878840572999.0,-1987.41,-3959.32,1.5374,4.23694,4.1578,-0.0791377,60.0
1744878840593798.0,-1989.1,-3962.05,1.53962,4.12052,4.00179,-0.118729,60.0
1744878840614139.0,-1989.1,-3962.05,1.53962,4.12052,4.17976,0.0592371,60.0
1744878840634910.0,-1990.8,-3964.1,1.54142,4.00179,4.14363,0.141841,60.0
1744878840655856.0,-1990.8,-3964.1,1.54142,4.00179,4.07139,0.0696031,60.0
1744878840676445.0,-1992.49,-3966.84,1.54365,4.14363,4.13769,-0.00593996,60.0
1744878840697426.0,-1992.49,-3966.84,1.54365,4.14363,4.22345,0.0798231,60.0
1744878840718339.0,-1992.49,-3966.84,1.54365,4.14363,4.17445,0.0308146,60.0
1744878840738985.0,-1994.18,-3969.57,1.54588,4.22345,4.14411,-0.0793491,60.0
1744878840759377.0,-1994.18,-3969.57,1.54588,4.22345,4.28354,0.060086,60.0
1744878840780169.0,-1995.87,-3971.62,1.54768,4.14411,4.09962,-0.044482,60.0
1744878840800848.0,-1995.87,-3971.62,1.54768,4.14411,4.06756,-0.0765502,60.0
1744878840821552.0,-1995.87,-3971.62,1.54768,4.14411,4.22494,0.0808345,60.0
1744878840842188.0,-1997.57,-3974.35,1.54991,4.06756,4.04832,-0.0192334,60.0
1744878840862929.0,-1997.57,-3974.35,1.54991,4.06756,4.18537,0.117818,60.0
1744878840883482.0,-1999.26,-3977.08,1.55215,4.04832,4.14329,0.094972,60.0
1744878840904181.0,-1999.26,-3977.08,1.55215,4.04832,4.10907,0.0607483,60.0
1744878840924950.0,-1999.26,-3977.08,1.55215,4.04832,4.16908,0.120762,60.0
1744878840945631.0,-2000.95,-3979.13,1.55395,4.10907,4.08959,-0.0194792,60.0
1744878840966332.0,-2000.95,-3979.13,1.55395,4.10907,4.11289,0.00382216,60.0
1744878840987035.0,-2002.65,-3981.86,1.55619,4.08959,3.95702,-0.132567,60.0
1744878841007717.0,-2002.65,-3981.86,1.55619,4.08959,4.13861,0.0490217,60.0
1744878841028399.0,-2002.65,-3981.86,1.55619,4.08959,4.13704,0.047452,60.0
1744878841049063.0,-2004.34,-3983.91,1.558,4.13861,3.99998,-0.138633,60.0
1744878841069771.0,-2004.34,-3983.91,1.558,4.13861,4.0585,-0.0801151,60.0
1744878841090360.0,-2006.03,-3986.65,1.56024,3.99998,3.88538,-0.1146,60.0
1744878841111126.0,-2006.03,-3986.65,1.56024,3.99998,3.84655,-0.153434,60.0
1744878841131617.0,-2008.15,-3989.38,1.56261,3.88538,3.74608,-0.139303,60.0
1744878841152607.0,-2008.15,-3989.38,1.56261,3.88538,3.80735,-0.0780303,60.0
1744878841173297.0,-2008.15,-3989.38,1.56261,3.88538,3.74579,-0.139594,60.0
1744878841194031.0,-2009.84,-3991.43,1.56443,3.80735,3.64708,-0.160274,60.0
1744878841214588.0,-2009.84,-3991.43,1.56443,3.80735,3.68359,-0.123761,60.0
1744878841235115.0,-2011.53,-3994.16,1.56667,3.64708,3.54703,-0.100041,60.0
1744878841255913.0,-2011.53,-3994.16,1.56667,3.64708,3.49743,-0.149649,60.0
1744878841276605.0,-2011.53,-3994.16,1.56667,3.64708,3.52237,-0.124709,60.0
1744878841297325.0,-2013.23,-3996.21,1.56849,3.49743,3.36633,-0.131093,60.0
1744878841317978.0,-2013.23,-3996.21,1.56849,3.49743,3.35335,-0.14408,60.0
1744878841338653.0,-2014.92,-3998.94,1.57073,3.36633,3.25951,-0.106822,60.0
1744878841359332.0,-2014.92,-3998.94,1.57073,3.36633,3.23125,-0.135087,60.0
1744878841380198.0,-2014.92,-3998.94,1.57073,3.36633,3.28538,-0.0809496,60.0
1744878841405504.0,-2017.04,-4000.99,1.57269,3.23125,3.08355,-0.147702,60.0
1744878841426252.0,-2017.04,-4000.99,1.57269,3.23125,3.11352,-0.117722,60.0
1744878841446892.0,-2018.73,-4003.72,1.57494,3.08355,2.91929,-0.16426,60.0
1744878841467670.0,-2018.73,-4003.72,1.57494,3.08355,2.93866,-0.14489,60.0
1744878841487987.0,-2020.42,-4005.77,1.57676,2.91929,2.81028,-0.109003,60.0
1744878841508685.0,-2020.42,-4005.77,1.57676,2.91929,2.93068,0.011391,60.0
1744878841529144.0,-2020.42,-4005.77,1.57676,2.91929,2.76596,-0.153327,60.0
1744878841549673.0,-2022.54,-4008.51,1.57914,2.93068,2.79531,-0.135363,60.0
1744878841570374.0,-2022.54,-4008.51,1.57914,2.93068,2.80945,-0.121232,60.0
1744878841590903.0,-2024.23,-4010.55,1.58097,2.79531,2.71642,-0.0788926,60.0
1744878841611800.0,-2024.23,-4010.55,1.58097,2.79531,2.74686,-0.0484523,60.0
1744878841632708.0,-2024.23,-4010.55,1.58097,2.79531,2.71268,-0.0826371,60.0
1744878841653456.0,-2026.35,-4012.6,1.58293,2.74686,2.71259,-0.0342723,60.0
1744878841673923.0,-2026.35,-4012.6,1.58293,2.74686,2.61356,-0.133297,60.0
1744878841694591.0,-2028.04,-4015.34,1.58519,2.71259,2.70899,-0.00359534,60.0
1744878841715350.0,-2028.04,-4015.34,1.58519,2.71259,2.66753,-0.0450564,60.0
1744878841735988.0,-2028.04,-4015.34,1.58519,2.71259,2.70557,-0.00702099,60.0
1744878841756849.0,-2030.16,-4017.39,1.58715,2.66753,2.5579,-0.109637,60.0
1744878841777424.0,-2030.16,-4017.39,1.58715,2.66753,2.57387,-0.0936597,60.0
1744878841798269.0,-2032.27,-4019.44,1.58911,2.5579,2.5397,-0.0181994,60.0
1744878841818937.0,-2032.27,-4019.44,1.58911,2.5579,2.59937,0.0414714,60.0
1744878841839562.0,-2033.97,-4022.17,1.59138,2.5397,2.65492,0.115222,60.0
1744878841860309.0,-2033.97,-4022.17,1.59138,2.5397,2.4899,-0.0497995,60.0
1744878841881049.0,-2033.97,-4022.17,1.59138,2.5397,2.69502,0.15532,60.0
1744878841901585.0,-2036.08,-4024.22,1.59334,2.4899,2.5523,0.0624058,60.0
1744878841922342.0,-2036.08,-4024.22,1.59334,2.4899,2.62304,0.133148,60.0
1744878841942928.0,-2038.2,-4026.27,1.59531,2.5523,2.56813,0.015828,60.0
1744878841963679.0,-2038.2,-4026.27,1.59531,2.5523,2.4831,-0.0692029,60.0
1744878841984476.0,-2038.2,-4026.27,1.59531,2.5523,2.41121,-0.141093,60.0
1744878842005147.0,-2040.32,-4028.32,1.59728,2.4831,2.57318,0.090081,60.0
1744878842025721.0,-2040.32,-4028.32,1.59728,2.4831,2.52241,0.0393133,60.0
1744878842046475.0,-2042.43,-4031.05,1.59969,2.57318,2.60139,0.0282136,60.0
1744878842067081.0,-2042.43,-4031.05,1.59969,2.57318,2.51709,-0.0560886,60.0
1744878842087851.0,-2042.43,-4031.05,1.59969,2.57318,2.54423,-0.0289519,60.0
1744878842108451.0,-2044.55,-4033.1,1.60166,2.51709,2.56005,0.0429621,60.0
1744878842129264.0,-2044.55,-4033.1,1.60166,2.51709,2.60918,0.0920925,60.0
1744878842149981.0,-2046.24,-4035.15,0.603499,2.56005,2.61684,0.0567825,60.0
1744878842170777.0,-2046.24,-4035.15,0.603499,2.56005,2.65809,0.098038,60.0
1744878842191497.0,-2046.24,-4035.15,0.603499,2.56005,2.67528,0.115222,60.0
1744878842212230.0,-2048.36,-4037.2,0.605475,2.65809,2.63375,-0.0243397,60.0
1744878842232874.0,-2048.36,-4037.2,0.605475,2.65809,2.50637,-0.151722,60.0
1744878842253369.0,-2050.9,-4039.25,0.607589,2.63375,2.7157,0.0819456,60.0
1744878842274197.0,-2050.9,-4039.25,0.607589,2.63375,2.49171,-0.142042,60.0
1744878842294786.0,-2053.01,-4041.3,0.609568,2.7157,2.60223,-0.113468,60.0
1744878842315431.0,-2053.01,-4041.3,0.609568,2.7157,2.7092,-0.00649858,60.0
1744878842336117.0,-2053.01,-4041.3,0.609568,2.7157,2.55901,-0.156691,60.0
1744878842357010.0,-2055.13,-4043.35,0.611549,2.7092,2.70892,-0.000281601,60.0
1744878842377762.0,-2055.13,-4043.35,0.611549,2.7092,2.67111,-0.038088,60.0
1744878842398274.0,-2057.25,-4045.4,0.61353,2.70892,2.69051,-0.0184089,60.0
1744878842418653.0,-2057.25,-4045.4,0.61353,2.70892,2.59082,-0.118103,60.0
1744878842439458.0,-2057.25,-4045.4,0.61353,2.70892,2.70254,-0.00638081,60.0
1744878842459898.0,-2059.36,-4047.45,0.615513,2.59081,2.46218,-0.128638,60.0
1744878842480485.0,-2059.36,-4047.45,0.615513,2.59081,2.49691,-0.0939046,60.0
1744878842501587.0,-2061.48,-4049.5,0.617498,2.46218,2.56635,0.104174,60.0
1744878842522103.0,-2061.48,-4049.5,0.617498,2.46218,2.48928,0.0271033,60.0
1744878842542598.0,-2061.48,-4049.5,0.617498,2.46218,2.61815,0.155969,60.0
1744878842562990.0,-2064.02,-4051.55,0.619621,2.48928,2.6463,0.157021,60.0
1744878842583656.0,-2064.02,-4051.55,0.619621,2.48928,2.49607,0.00679145,60.0
1744878842604119.0,-2066.14,-4053.6,0.621609,2.6463,2.64658,0.000273708,60.0
1744878842624730.0,-2066.14,-4053.6,0.621609,2.6463,2.73963,0.0933327,60.0
1744878842645366.0,-2066.14,-4053.6,0.621609,2.6463,2.4949,-0.151399,60.0
1744878842665933.0,-2068.25,-4055.65,0.623597,2.73963,2.60111,-0.138528,60.0
1744878842687075.0,-2068.25,-4055.65,0.623597,2.73963,2.69112,-0.0485125,60.0
1744878842707517.0,-2070.79,-4057.7,0.625725,2.60111,2.63959,0.0384881,60.0
1744878842727986.0,-2070.79,-4057.7,0.625725,2.60111,2.59155,-0.00955212,60.0
1744878842748635.0,-2070.79,-4057.7,0.625725,2.60111,2.47624,-0.124868,60.0
1744878842769248.0,-2072.91,-4059.06,0.627283,2.59155,2.61581,0.0242524,60.0
1744878842789833.0,-2072.91,-4059.06,0.627283,2.59155,2.46378,-0.12777,60.0
1744878842810428.0,-2075.45,-4061.11,0.629414,2.61581,2.53114,-0.0846614,60.0
1744878842830994.0,-2075.45,-4061.11,0.629414,2.61581,2.76021,0.1444,60.0
1744878842851544.0,-2077.57,-4063.16,0.631409,2.53114,2.52273,-0.00841684,60.0
1744878842872093.0,-2077.57,-4063.16,0.631409,2.53114,2.38262,-0.148529,60.0
1744878842892697.0,-2077.57,-4063.16,0.631409,2.53114,2.61647,0.0853225,60.0
1744878842913709.0,-2080.11,-4065.21,0.633543,2.38262,2.52928,0.146667,60.0
1744878842934277.0,-2080.11,-4065.21,0.633543,2.38262,2.47086,0.0882472,60.0
1744878842954889.0,-2082.22,-4066.58,0.635105,2.52928,2.48146,-0.0478186,60.0
1744878842975440.0,-2082.22,-4066.58,0.635105,2.52928,2.62649,0.0972061,60.0
1744878842996124.0,-2082.22,-4066.58,0.635105,2.52928,2.56221,0.0329289,60.0
1744878843016759.0,-2084.76,-4068.63,0.637242,2.62649,2.67924,0.0527474,60.0
1744878843037508.0,-2084.76,-4068.63,0.637242,2.62649,2.61837,-0.00811498,60.0
1744878843058047.0,-2087.3,-4070.68,0.639381,2.67924,2.80602,0.126784,60.0
1744878843078736.0,-2087.3,-4070.68,0.639381,2.67924,2.7819,0.102665,60.0
1744878843099796.0,-2087.3,-4070.68,0.639381,2.67924,2.61566,-0.0635772,60.0
1744878843120417.0,-2089.42,-4072.05,0.640947,2.7819,2.66668,-0.115222,60.0
1744878843140877.0,-2089.42,-4072.05,0.640947,2.7819,2.63483,-0.147071,60.0
1744878843161562.0,-2091.96,-4074.1,0.643089,2.66668,2.55719,-0.109485,60.0
1744878843182417.0,-2091.96,-4074.1,0.643089,2.66668,2.656,-0.0106748,60.0
1744878843203194.0,-2091.96,-4074.1,0.643089,2.66668,2.69103,0.0243528,60.0
1744878843223742.0,-2094.5,-4076.15,0.645232,2.656,2.70597,0.0499675,60.0
1744878843244361.0,-2094.5,-4076.15,0.645232,2.656,2.53143,-0.124578,60.0
1744878843264964.0,-2097.04,-4077.51,0.646942,2.70597,2.59144,-0.114531,60.0
1744878843286007.0,-2097.04,-4077.51,0.646942,2.70597,2.66757,-0.0384049,60.0
1744878843307012.0,-2097.04,-4077.51,0.646942,2.70597,2.60446,-0.101515,60.0
1744878843327532.0,-2099.16,-4079.56,0.648948,2.66757,2.6982,0.030635,60.0
1744878843348402.0,-2099.16,-4079.56,0.648948,2.66757,2.57478,-0.0927835,60.0
1744878843368959.0,-2101.7,-4080.93,0.65066,2.6982,2.54193,-0.156267,60.0
1744878843389613.0,-2101.7,-4080.93,0.65066,2.6982,2.65822,-0.039985,60.0
1744878843410422.0,-2104.24,-4082.3,0.652374,2.54193,2.43548,-0.106454,60.0
1744878843431169.0,-2104.24,-4082.3,0.652374,2.54193,2.60727,0.0653349,60.0
1744878843451762.0,-2104.24,-4082.3,0.652374,2.54193,2.54938,0.00744389,60.0
1744878843472186.0,-2106.78,-4084.35,0.654525,2.60727,2.62372,0.0164521,60.0
1744878843492851.0,-2106.78,-4084.35,0.654525,2.60727,2.5372,-0.0700741,60.0
1744878843513502.0,-2109.32,-4085.71,0.656241,2.62372,2.54209,-0.0816342,60.0
1744878843534092.0,-2109.32,-4085.71,0.656241,2.62372,2.77433,0.150607,60.0
1744878843554671.0,-2109.32,-4085.71,0.656241,2.62372,2.51139,-0.112336,60.0
1744878843575278.0,-2111.86,-4087.76,0.658395,2.77433,2.68059,-0.0937433,60.0
1744878843596283.0,-2111.86,-4087.76,0.658395,2.77433,2.715,-0.059326,60.0
1744878843616916.0,-2114.4,-4089.13,0.660114,2.68059,2.52573,-0.154858,60.0
1744878843637723.0,-2114.4,-4089.13,0.660114,2.68059,2.67057,-0.0100148,60.0
1744878843658049.0,-2114.4,-4089.13,0.660114,2.68059,2.62912,-0.0514655,60.0
1744878843679072.0,-2116.94,-4090.5,0.661834,2.67057,2.73265,0.0620841,60.0
1744878843699657.0,-2116.94,-4090.5,0.661834,2.67057,2.52916,-0.141415,60.0
1744878843720802.0,-2119.48,-4091.86,0.663555,2.73265,2.68169,-0.0509681,60.0
1744878843741328.0,-2119.48,-4091.86,0.663555,2.73265,2.70635,-0.0263035,60.0
1744878843762000.0,-2119.48,-4091.86,0.663555,2.73265,2.68976,-0.0428974,60.0
1744878843782552.0,-2122.02,-4093.91,0.665715,2.70635,2.56053,-0.145818,60.0
1744878843803214.0,-2122.02,-4093.91,0.665715,2.70635,2.61628,-0.0900715,60.0
1744878843823845.0,-2124.56,-4095.28,0.667439,2.56053,2.7239,0.163367,60.0
1744878843844498.0,-2124.56,-4095.28,0.667439,2.56053,2.49599,-0.0645446,60.0
1744878843865432.0,-2127.1,-4096.65,0.669165,2.7239,2.69632,-0.0275791,60.0
1744878843885956.0,-2127.1,-4096.65,0.669165,2.7239,2.65604,-0.067864,60.0
1744878843906652.0,-2127.1,-4096.65,0.669165,2.7239,2.57027,-0.153629,60.0
1744878843927221.0,-2130.06,-4098.01,0.671033,2.65604,2.73411,0.0780735,60.0
1744878843947857.0,-2130.06,-4098.01,0.671033,2.65604,2.57677,-0.079269,60.0
1744878843968509.0,-2132.6,-4099.38,0.672762,2.73411,2.66446,-0.0696518,60.0
1744878843989616.0,-2132.6,-4099.38,0.672762,2.73411,2.64953,-0.0845828,60.0
1744878844010023.0,-2132.6,-4099.38,0.672762,2.73411,2.66587,-0.0682407,60.0
1744878844030721.0,-2135.14,-4100.75,0.674491,2.64953,2.54497,-0.104556,60.0
1744878844051381.0,-2135.14,-4100.75,0.674491,2.64953,2.61845,-0.0310745,60.0
1744878844072015.0,-2137.68,-4102.12,0.676222,2.54497,2.41361,-0.131363,60.0
1744878844092722.0,-2137.68,-4102.12,0.676222,2.54497,2.46911,-0.0758596,60.0
1744878844113429.0,-2137.68,-4102.12,0.676222,2.54497,2.44686,-0.09811,60.0
1744878844134127.0,-2140.65,-4103.48,0.678097,2.46911,2.58688,0.117764,60.0
1744878844154840.0,-2140.65,-4103.48,0.678097,2.46911,2.46064,-0.00847609,60.0
1744878844175488.0,-2143.19,-4104.85,0.67983,2.58688,2.48981,-0.0970643,60.0
1744878844197210.0,-2143.19,-4104.85,0.67983,2.58688,2.6255,0.0386294,60.0
1744878844217945.0,-2143.19,-4104.85,0.67983,2.58688,2.59224,0.00536887,60.0
1744878844238349.0,-2145.73,-4106.22,0.681565,2.6255,2.62583,0.000327731,60.0
1744878844258988.0,-2145.73,-4106.22,0.681565,2.6255,2.74959,0.124081,60.0
1744878844279627.0,-2148.69,-4107.58,0.683445,2.62583,2.57008,-0.0557493,60.0
1744878844300286.0,-2148.69,-4107.58,0.683445,2.62583,2.50663,-0.119198,60.0
1744878844320999.0,-2151.23,-4108.95,0.685183,2.57008,2.72923,0.159144,60.0
1744878844342145.0,-2151.23,-4108.95,0.685183,2.57008,2.53057,-0.0395129,60.0
1744878844362407.0,-2151.23,-4108.95,0.685183,2.57008,2.73349,0.163406,60.0
1744878844383498.0,-2154.2,-4110.32,0.687065,2.53057,2.42066,-0.109912,60.0
1744878844404122.0,-2154.2,-4110.32,0.687065,2.53057,2.63298,0.102407,60.0
1744878844424506.0,-2156.74,-4111.69,0.688806,2.42066,2.44088,0.0202197,60.0
1744878844445329.0,-2156.74,-4111.69,0.688806,2.42066,2.52812,0.107465,60.0
1744878844465919.0,-2156.74,-4111.69,0.688806,2.42066,2.57459,0.153936,60.0
1744878844486622.0,-2159.7,-4113.05,0.690691,2.52812,2.67488,0.146757,60.0
1744878844507194.0,-2159.7,-4113.05,0.690691,2.52812,2.51922,-0.00890387,60.0
1744878844528289.0,-2162.24,-4113.74,0.691995,2.67488,2.57258,-0.102298,60.0
1744878844548408.0,-2162.24,-4113.74,0.691995,2.67488,2.69332,0.0184424,60.0
1744878844569361.0,-2162.24,-4113.74,0.691995,2.67488,2.63387,-0.0410128,60.0
1744878844590033.0,-2165.21,-4115.1,0.693884,2.69332,2.70402,0.0107026,60.0
1744878844610329.0,-2165.21,-4115.1,0.693884,2.69332,2.59423,-0.0990902,60.0
1744878844631358.0,-2167.75,-4116.47,0.69563,2.70402,2.72173,0.0177033,60.0
1744878844651982.0,-2167.75,-4116.47,0.69563,2.70402,2.71052,0.00649682,60.0
1744878844672548.0,-2167.75,-4116.47,0.69563,2.70402,2.77806,0.0740376,60.0
1744878844693753.0,-2170.71,-4117.15,0.697081,2.71052,2.55942,-0.151098,60.0
1744878844714266.0,-2170.71,-4117.15,0.697081,2.71052,2.63994,-0.070578,60.0
1744878844734849.0,-2173.25,-4118.52,0.69883,2.55942,2.52856,-0.0308612,60.0
1744878844755473.0,-2173.25,-4118.52,0.69883,2.55942,2.71346,0.154038,60.0
1744878844776175.0,-2176.21,-4119.89,0.700725,2.52856,2.44411,-0.084457,60.0
1744878844796865.0,-2176.21,-4119.89,0.700725,2.52856,2.49192,-0.0366382,60.0
1744878844817639.0,-2176.21,-4119.89,0.700725,2.52856,2.5074,-0.0211672,60.0
1744878844838576.0,-2179.18,-4120.57,0.702181,2.49192,2.52726,0.0353365,60.0
1744878844858982.0,-2179.18,-4120.57,0.702181,2.49192,2.63979,0.147861,60.0
1744878844879734.0,-2181.72,-4121.94,0.703934,2.52726,2.48205,-0.045212,60.0
1744878844900434.0,-2181.72,-4121.94,0.703934,2.52726,2.62263,0.0953729,60.0
1744878844921093.0,-2181.72,-4121.94,0.703934,2.52726,2.6678,0.140536,60.0
1744878844941753.0,-2184.68,-4122.62,0.705393,2.62263,2.72616,0.103527,60.0
1744878844962650.0,-2184.68,-4122.62,0.705393,2.62263,2.56084,-0.0617957,60.0
1744878844983171.0,-2187.65,-4123.99,0.707294,2.72616,2.69836,-0.0277991,60.0
1744878845004040.0,-2187.65,-4123.99,0.707294,2.72616,2.6142,-0.111961,60.0
1744878845024669.0,-2187.65,-4123.99,0.707294,2.72616,2.68395,-0.0422099,60.0
1744878845045330.0,-2190.19,-4124.68,0.70861,2.6142,2.60176,-0.0124377,60.0
1744878845065813.0,-2190.19,-4124.68,0.70861,2.6142,2.67017,0.0559699,60.0
1744878845086817.0,-2193.15,-4125.36,0.710073,2.60176,2.54726,-0.0545003,60.0
1744878845107739.0,-2193.15,-4125.36,0.710073,2.60176,2.69911,0.0973441,60.0
1744878845128117.0,-2193.15,-4125.36,0.710073,2.60176,2.54303,-0.0587303,60.0
1744878845148723.0,-2196.12,-4126.73,0.711979,2.69911,2.60376,-0.0953457,60.0
1744878845169408.0,-2196.12,-4126.73,0.711979,2.69911,2.65181,-0.0472916,60.0
1744878845190744.0,-2198.66,-4127.41,0.713298,2.60376,2.45303,-0.150732,60.0
1744878845211155.0,-2198.66,-4127.41,0.713298,2.60376,2.56071,-0.0430502,60.0
1744878845232151.0,-2201.62,-4128.1,0.714766,2.45303,2.49923,0.0462041,60.0
1744878845252988.0,-2201.62,-4128.1,0.714766,2.45303,2.46392,0.0108917,60.0
1744878845273533.0,-2201.62,-4128.1,0.714766,2.45303,2.61455,0.161519,60.0
1744878845294224.0,-2204.58,-4128.78,0.716234,2.46392,2.39562,-0.0683027,60.0
1744878845314917.0,-2204.58,-4128.78,0.716234,2.46392,2.60403,0.140114,60.0
1744878845335856.0,-2207.55,-4130.15,0.718146,2.39562,2.50536,0.109741,60.0
1744878845356515.0,-2207.55,-4130.15,0.718146,2.39562,2.52965,0.134037,60.0
1744878845377290.0,-2207.55,-4130.15,0.718146,2.39562,2.47265,0.0770346,60.0
1744878845398185.0,-2210.51,-4130.83,0.719618,2.52965,2.4314,-0.098252,60.0
1744878845419104.0,-2210.51,-4130.83,0.719618,2.52965,2.46585,-0.0638074,60.0
1744878845439868.0,-2213.48,-4131.52,0.721091,2.4314,2.41565,-0.0157573,60.0
1744878845460316.0,-2213.48,-4131.52,0.721091,2.4314,2.51869,0.0872911,60.0
1744878845481341.0,-2213.48,-4131.52,0.721091,2.4314,2.53705,0.105644,60.0
1744878845501906.0,-2216.02,-4132.2,0.722418,2.51869,2.60002,0.0813285,60.0
1744878845522606.0,-2216.02,-4132.2,0.722418,2.51869,2.65219,0.133492,60.0
1744878845543407.0,-2218.98,-4132.88,0.723894,2.60002,2.55611,-0.0439117,60.0
1744878845564188.0,-2218.98,-4132.88,0.723894,2.60002,2.54001,-0.0600105,60.0
1744878845585399.0,-2221.95,-4133.57,0.725372,2.54001,2.58441,0.0443948,60.0
1744878845605823.0,-2221.95,-4133.57,0.725372,2.54001,2.62338,0.0833644,60.0
1744878845626450.0,-2221.95,-4133.57,0.725372,2.54001,2.48163,-0.0583855,60.0
1744878845647166.0,-2224.91,-4134.25,0.726851,2.62338,2.62198,-0.00139326,60.0
1744878845667886.0,-2224.91,-4134.25,0.726851,2.62338,2.5167,-0.106681,60.0
1744878845688598.0,-2227.87,-4134.94,0.728331,2.62198,2.62004,-0.00194282,60.0
1744878845709316.0,-2227.87,-4134.94,0.728331,2.62198,2.6283,0.00631412,60.0
1744878845730127.0,-2227.87,-4134.94,0.728331,2.62198,2.52624,-0.0957415,60.0
1744878845750799.0,-2230.84,-4135.62,0.729813,2.6283,2.7377,0.109399,60.0
1744878845771363.0,-2230.84,-4135.62,0.729813,2.6283,2.61387,-0.0144268,60.0
1744878845792023.0,-2233.8,-4136.31,0.731296,2.7377,2.75078,0.013084,60.0
1744878845813207.0,-2233.8,-4136.31,0.731296,2.7377,2.69052,-0.047181,60.0
1744878845833884.0,-2233.8,-4136.31,0.731296,2.7377,2.70385,-0.033847,60.0
1744878845854681.0,-2236.77,-4136.99,0.732781,2.69052,2.60922,-0.0812907,60.0
1744878845875145.0,-2236.77,-4136.99,0.732781,2.69052,2.62483,-0.0656843,60.0
1744878845895776.0,-2239.73,-4137.67,0.734267,2.60922,2.68443,0.0752102,60.0
1744878845916510.0,-2239.73,-4137.67,0.734267,2.60922,2.55776,-0.0514609,60.0
1744878845937153.0,-2239.73,-4137.67,0.734267,2.60922,2.509,-0.100221,60.0
1744878845957885.0,-2242.7,-4137.68,0.735313,2.55776,2.42391,-0.133856,60.0
1744878845978571.0,-2242.7,-4137.68,0.735313,2.55776,2.4224,-0.135363,60.0
1744878845999378.0,-2245.66,-4138.36,0.736802,2.42391,2.5006,0.0766878,60.0
1744878846019996.0,-2245.66,-4138.36,0.736802,2.42391,2.52154,0.0976368,60.0
1744878846040792.0,-2248.62,-4139.04,0.738292,2.52154,2.62249,0.100946,60.0
1744878846061547.0,-2248.62,-4139.04,0.738292,2.52154,2.46738,-0.0541637,60.0
1744878846082139.0,-2248.62,-4139.04,0.738292,2.52154,2.66075,0.139201,60.0
1744878846102815.0,-2251.59,-4139.05,0.739342,2.46738,2.55797,0.09059,60.0
1744878846123498.0,-2251.59,-4139.05,0.739342,2.46738,2.51284,0.0454541,60.0
1744878846144204.0,-2254.55,-4139.73,0.740835,2.55797,2.42488,-0.133095,60.0
1744878846165209.0,-2254.55,-4139.73,0.740835,2.55797,2.53559,-0.0223805,60.0
1744878846186114.0,-2254.55,-4139.73,0.740835,2.55797,2.60367,0.0456952,60.0
1744878846206973.0,-2257.52,-4140.42,0.74233,2.53559,2.6553,0.119707,60.0
1744878846227477.0,-2257.52,-4140.42,0.74233,2.53559,2.63707,0.10148,60.0
1744878846248445.0,-2260.48,-4140.42,0.743384,2.6553,2.63822,-0.0170747,60.0
1744878846268946.0,-2260.48,-4140.42,0.743384,2.6553,2.57581,-0.0794848,60.0
1744878846289537.0,-2260.48,-4140.42,0.743384,2.6553,2.65825,0.00295055,60.0
1744878846310532.0,-2263.44,-4141.1,0.744882,2.57581,2.65051,0.074694,60.0
1744878846330931.0,-2263.44,-4141.1,0.744882,2.57581,2.42315,-0.152662,60.0
1744878846351928.0,-2266.41,-4141.1,0.745938,2.65051,2.57614,-0.0743711,60.0
1744878846372250.0,-2266.41,-4141.1,0.745938,2.65051,2.65298,0.00247408,60.0
1744878846392996.0,-2266.41,-4141.1,0.745938,2.65051,2.60091,-0.0495985,60.0
1744878846413643.0,-2269.37,-4141.79,0.747439,2.65298,2.61719,-0.0357882,60.0
1744878846434363.0,-2269.37,-4141.79,0.747439,2.65298,2.58457,-0.068406,60.0
1744878846455433.0,-2269.37,-4141.79,0.747439,2.65298,2.49829,-0.154692,60.0
1744878846475959.0,-2272.34,-4141.79,0.748498,2.58457,2.49113,-0.0934398,60.0
1744878846496749.0,-2272.34,-4141.79,0.748498,2.58457,2.66079,0.0762157,60.0
1744878846517179.0,-2275.3,-4142.47,0.750001,2.49113,2.61369,0.122555,60.0
1744878846537875.0,-2275.3,-4142.47,0.750001,2.49113,2.61833,0.127196,60.0
1744878846558617.0,-2278.27,-4142.47,0.751063,2.61369,2.51643,-0.0972554,60.0
1744878846579602.0,-2278.27,-4142.47,0.751063,2.61369,2.55762,-0.056066,60.0
1744878846600299.0,-2278.27,-4142.47,0.751063,2.61369,2.62851,0.0148243,60.0
1744878846621066.0,-2281.23,-4142.48,0.752127,2.55762,2.45141,-0.106208,60.0
1744878846641506.0,-2281.23,-4142.48,0.752127,2.55762,2.68396,0.126336,60.0
1744878846662575.0,-2284.2,-4142.48,0.753191,2.45142,2.49601,0.0445988,60.0
1744878846683312.0,-2284.2,-4142.48,0.753191,2.45142,2.58355,0.132132,60.0
1744878846704523.0,-2284.2,-4142.48,0.753191,2.45142,2.52445,0.0730342,60.0
1744878846725267.0,-2287.16,-4143.16,0.7547,2.58355,2.72924,0.145696,60.0
1744878846745903.0,-2287.16,-4143.16,0.7547,2.58355,2.73257,0.149022,60.0
1744878846766612.0,-2290.12,-4143.16,0.755768,2.72924,2.65395,-0.0752971,60.0
1744878846787652.0,-2290.12,-4143.16,0.755768,2.72924,2.70901,-0.0202338,60.0
1744878846808272.0,-2290.12,-4143.16,0.755768,2.72924,2.67838,-0.050867,60.0
1744878846829073.0,-2293.09,-4143.16,0.756837,2.70901,2.54743,-0.161578,60.0
1744878846849704.0,-2293.09,-4143.16,0.756837,2.70901,2.59291,-0.116097,60.0
1744878846870365.0,-2296.05,-4143.17,0.757907,2.54743,2.50024,-0.0471873,60.0
1744878846891014.0,-2296.05,-4143.17,0.757907,2.54743,2.64827,0.100836,60.0
1744878846911994.0,-2299.44,-4143.17,0.759132,2.50024,2.56657,0.0663274,60.0
1744878846932510.0,-2299.44,-4143.17,0.759132,2.50024,2.49636,-0.00388017,60.0
1744878846953420.0,-2299.44,-4143.17,0.759132,2.50024,2.57125,0.0710023,60.0
1744878846973890.0,-2302.41,-4143.17,0.760205,2.49636,2.45069,-0.0456689,60.0
1744878846994817.0,-2302.41,-4143.17,0.760205,2.49636,2.58717,0.0908058,60.0
1744878847015603.0,-2305.37,-4143.17,0.76128,2.45069,2.60519,0.154494,60.0
1744878847036295.0,-2305.37,-4143.17,0.76128,2.45069,2.48425,0.0335578,60.0
1744878847057105.0,-2305.37,-4143.17,0.76128,2.45069,2.57823,0.127531,60.0
1744878847077898.0,-2308.33,-4143.17,0.762356,2.48425,2.49953,0.0152731,60.0
1744878847098848.0,-2308.33,-4143.17,0.762356,2.48425,2.40422,-0.0800343,60.0
1744878847119962.0,-2311.3,-4143.17,0.763433,2.49953,2.46789,-0.0316341,60.0
1744878847140453.0,-2311.3,-4143.17,0.763433,2.49953,2.60619,0.106663,60.0
1744878847161455.0,-2311.3,-4143.17,0.763433,2.49953,2.63624,0.136711,60.0
1744878847182185.0,-2314.26,-4143.17,0.764512,2.60619,2.54229,-0.0638949,60.0
1744878847203088.0,-2314.26,-4143.17,0.764512,2.60619,2.47849,-0.127702,60.0
1744878847223950.0,-2317.23,-4143.18,0.765592,2.54229,2.40682,-0.135471,60.0
1744878847244335.0,-2317.23,-4143.18,0.765592,2.54229,2.49788,-0.044413,60.0
1744878847264944.0,-2317.23,-4143.18,0.765592,2.54229,2.57532,0.0330277,60.0
1744878847285634.0,-2320.19,-4143.18,0.766674,2.49788,2.53298,0.0351026,60.0
1744878847306299.0,-2320.19,-4143.18,0.766674,2.49788,2.50705,0.00916417,60.0
1744878847326991.0,-2323.16,-4143.18,0.767757,2.53298,2.53846,0.0054775,60.0
1744878847347622.0,-2323.16,-4143.18,0.767757,2.53298,2.44948,-0.0834994,60.0
1744878847368356.0,-2326.12,-4143.18,0.768841,2.53846,2.48983,-0.0486267,60.0
1744878847389007.0,-2326.12,-4143.18,0.768841,2.53846,2.69181,0.153348,60.0
1744878847410806.0,-2326.12,-4143.18,0.768841,2.53846,2.60774,0.0692814,60.0
1744878847431581.0,-2329.09,-4142.5,0.769484,2.69181,2.5591,-0.13271,60.0
1744878847452255.0,-2329.09,-4142.5,0.769484,2.69181,2.72294,0.0311276,60.0
1744878847472895.0,-2332.05,-4142.5,0.770571,2.5591,2.40303,-0.156067,60.0
1744878847494027.0,-2332.05,-4142.5,0.770571,2.5591,2.65974,0.100637,60.0
1744878847514729.0,-2332.05,-4142.5,0.770571,2.5591,2.57301,0.0139122,60.0
1744878847535055.0,-2335.02,-4142.5,0.77166,2.65974,2.50472,-0.155013,60.0
1744878847556191.0,-2335.02,-4142.5,0.77166,2.65974,2.57351,-0.0862213,60.0
1744878847576825.0,-2338.4,-4141.82,0.772463,2.50472,2.63966,0.134934,60.0
1744878847597246.0,-2338.4,-4141.82,0.772463,2.50472,2.64963,0.144909,60.0
1744878847617512.0,-2338.4,-4141.82,0.772463,2.50472,2.61224,0.107518,60.0
1744878847638042.0,-2341.37,-4141.82,0.773554,2.64963,2.54761,-0.102025,60.0
1744878847658588.0,-2341.37,-4141.82,0.773554,2.64963,2.51778,-0.131852,60.0
1744878847679149.0,-2344.33,-4141.14,0.774204,2.54761,2.44667,-0.100935,60.0
1744878847700368.0,-2344.33,-4141.14,0.774204,2.54761,2.50907,-0.0385417,60.0
1744878847720874.0,-2344.33,-4141.14,0.774204,2.54761,2.53198,-0.0156243,60.0
1744878847741183.0,-2347.3,-4141.14,0.775299,2.50906,2.36029,-0.148779,60.0
1744878847761701.0,-2347.3,-4141.14,0.775299,2.50906,2.6216,0.112539,60.0
1744878847782268.0,-2350.26,-4140.46,0.775952,2.36029,2.44207,0.0817852,60.0
1744878847802771.0,-2350.26,-4140.46,0.775952,2.36029,2.40736,0.0470776,60.0
1744878847823820.0,-2353.23,-4140.46,0.777049,2.44207,2.52883,0.0867602,60.0
1744878847844232.0,-2353.23,-4140.46,0.777049,2.44207,2.56859,0.126518,60.0
1744878847865061.0,-2353.23,-4140.46,0.777049,2.44207,2.50466,0.0625887,60.0
1744878847885951.0,-2356.19,-4139.78,0.777705,2.56859,2.5568,-0.0117904,60.0
1744878847906391.0,-2356.19,-4139.78,0.777705,2.56859,2.64089,0.0722977,60.0
1744878847927227.0,-2359.16,-4139.78,0.778804,2.5568,2.56828,0.0114817,60.0
1744878847947856.0,-2359.16,-4139.78,0.778804,2.5568,2.61467,0.0578699,60.0
1744878847968746.0,-2359.16,-4139.78,0.778804,2.5568,2.59651,0.0397126,60.0
1744878847989782.0,-2362.12,-4139.1,0.779463,2.61467,2.69801,0.0833453,60.0
1744878848010270.0,-2362.12,-4139.1,0.779463,2.61467,2.45558,-0.159091,60.0
1744878848030781.0,-2365.09,-4138.42,0.780123,2.69801,2.56843,-0.129582,60.0
1744878848051451.0,-2365.09,-4138.42,0.780123,2.69801,2.55509,-0.142924,60.0
1744878848072162.0,-2365.09,-4138.42,0.780123,2.69801,2.67063,-0.027379,60.0
1744878848092794.0,-2368.05,-4138.42,0.781227,2.55509,2.44789,-0.107205,60.0
1744878848113501.0,-2368.05,-4138.42,0.781227,2.55509,2.54393,-0.0111641,60.0
1744878848134179.0,-2371.01,-4137.74,0.78189,2.44788,2.46831,0.0204205,60.0
1744878848154789.0,-2371.01,-4137.74,0.78189,2.44788,2.298,-0.14988,60.0
1744878848175800.0,-2371.01,-4137.74,0.78189,2.44788,2.56426,0.116378,60.0
1744878848196564.0,-2373.98,-4137.06,0.782555,2.298,2.23693,-0.0610751,60.0
1744878848217759.0,-2373.98,-4137.06,0.782555,2.298,2.40586,0.107854,60.0
1744878848238354.0,-2376.94,-4136.38,0.78322,2.23693,2.39572,0.158793,60.0
1744878848258980.0,-2376.94,-4136.38,0.78322,2.23693,2.3932,0.156266,60.0
1744878848279654.0,-2379.91,-4135.69,0.783888,2.39572,2.45301,0.0572883,60.0
1744878848300858.0,-2379.91,-4135.69,0.783888,2.39572,2.53385,0.138126,60.0
1744878848321497.0,-2379.91,-4135.69,0.783888,2.39572,2.42058,0.0248582,60.0
1744878848342272.0,-2382.87,-4135.01,0.784557,2.53385,2.52365,-0.0102011,60.0
1744878848363367.0,-2382.87,-4135.01,0.784557,2.53385,2.67078,0.136927,60.0
1744878848383880.0,-2385.42,-4135.01,0.78551,2.52365,2.3978,-0.125848,60.0
1744878848404689.0,-2385.42,-4135.01,0.78551,2.52365,2.6431,0.119449,60.0
1744878848425644.0,-2385.42,-4135.01,0.78551,2.52365,2.5379,0.0142536,60.0
1744878848446408.0,-2388.38,-4134.33,0.786181,2.6431,2.49686,-0.14624,60.0
1744878848466830.0,-2388.38,-4134.33,0.786181,2.6431,2.5139,-0.129197,60.0
1744878848487546.0,-2391.34,-4133.65,0.786854,2.49686,2.65845,0.161594,60.0
1744878848508250.0,-2391.34,-4133.65,0.786854,2.49686,2.62756,0.130706,60.0
1744878848529571.0,-2391.34,-4133.65,0.786854,2.49686,2.541,0.0441413,60.0
1744878848549925.0,-2394.31,-4132.29,0.787087,2.62756,2.51831,-0.109258,60.0
1744878848570604.0,-2394.31,-4132.29,0.787087,2.62756,2.53159,-0.0959744,60.0
1744878848591285.0,-2397.27,-4131.6,0.787763,2.51831,2.47488,-0.0434217,60.0
1744878848611744.0,-2397.27,-4131.6,0.787763,2.51831,2.576,0.0576962,60.0
1744878848632408.0,-2397.27,-4131.6,0.787763,2.51831,2.4244,-0.0939031,60.0
1744878848653331.0,-2400.24,-4130.92,0.78844,2.576,2.60089,0.0248841,60.0
1744878848673839.0,-2400.24,-4130.92,0.78844,2.576,2.62688,0.0508783,60.0
1744878848694786.0,-2403.2,-4130.24,0.789119,2.60089,2.63135,0.0304635,60.0
1744878848715683.0,-2403.2,-4130.24,0.789119,2.60089,2.51867,-0.0822199,60.0
1744878848736533.0,-2406.17,-4129.56,0.789799,2.63135,2.61213,-0.0192179,60.0
1744878848757289.0,-2406.17,-4129.56,0.789799,2.63135,2.48018,-0.151169,60.0
1744878848778141.0,-2406.17,-4129.56,0.789799,2.63135,2.71752,0.0861724,60.0
1744878848798987.0,-2408.71,-4128.88,0.790321,2.48018,2.55995,0.0797679,60.0
1744878848819705.0,-2408.71,-4128.88,0.790321,2.48018,2.51456,0.0343758,60.0
1744878848840423.0,-2411.68,-4127.51,0.790563,2.55995,2.49374,-0.0662085,60.0
1744878848861382.0,-2411.68,-4127.51,0.790563,2.55995,2.53546,-0.0244833,60.0
1744878848882067.0,-2411.68,-4127.51,0.790563,2.55995,2.67575,0.115805,60.0
1744878848902862.0,-2414.64,-4126.83,0.791247,2.53546,2.69909,0.163623,60.0
1744878848923650.0,-2414.64,-4126.83,0.791247,2.53546,2.4821,-0.053366,60.0
1744878848944413.0,-2417.61,-4126.15,0.791933,2.69909,2.62516,-0.0739264,60.0
1744878848965105.0,-2417.61,-4126.15,0.791933,2.69909,2.54975,-0.149338,60.0
1744878848985779.0,-2417.61,-4126.15,0.791933,2.69909,2.56742,-0.131666,60.0
1744878849006407.0,-2420.15,-4124.79,0.792018,2.54975,2.55359,0.00384322,60.0
1744878849027374.0,-2420.15,-4124.79,0.792018,2.54975,2.58214,0.0323856,60.0
1744878849047859.0,-2423.11,-4124.1,0.792707,2.55359,2.51264,-0.0409567,60.0
1744878849068415.0,-2423.11,-4124.1,0.792707,2.55359,2.68779,0.134199,60.0
1744878849089050.0,-2426.08,-4123.42,0.793397,2.51264,2.49587,-0.0167695,60.0
1744878849109743.0,-2426.08,-4123.42,0.793397,2.51264,2.4252,-0.0874368,60.0
1744878849130280.0,-2426.08,-4123.42,0.793397,2.51264,2.58196,0.0693251,60.0
1744878849150911.0,-2428.62,-4122.06,0.793487,2.4252,2.41488,-0.010322,60.0
1744878849171630.0,-2428.62,-4122.06,0.793487,2.4252,2.37845,-0.0467467,60.0
1744878849192637.0,-2431.58,-4121.38,0.79418,2.41488,2.53776,0.122886,60.0
1744878849213085.0,-2431.58,-4121.38,0.79418,2.41488,2.53622,0.12134,60.0
1744878849234082.0,-2431.58,-4121.38,0.79418,2.41488,2.49012,0.0752463,60.0
1744878849254750.0,-2434.55,-4120.01,0.794434,2.53622,2.47449,-0.0617228,60.0
1744878849275309.0,-2434.55,-4120.01,0.794434,2.53622,2.47772,-0.0584966,60.0
1744878849296049.0,-2437.09,-4119.33,0.794967,2.47449,2.60455,0.130051,60.0
1744878849316760.0,-2437.09,-4119.33,0.794967,2.47449,2.54517,0.0706755,60.0
1744878849337554.0,-2437.09,-4119.33,0.794967,2.47449,2.49785,0.0233564,60.0
1744878849358378.0,-2440.05,-4117.97,0.795224,2.54517,2.64383,0.0986621,60.0
1744878849379184.0,-2440.05,-4117.97,0.795224,2.54517,2.4563,-0.0888671,60.0
1744878849400072.0,-2443.02,-4116.6,0.795483,2.64383,2.67535,0.0315169,60.0
1744878849420972.0,-2443.02,-4116.6,0.795483,2.64383,2.48377,-0.160064,60.0
1744878849441851.0,-2443.02,-4116.6,0.795483,2.64383,2.522,-0.121831,60.0
1744878849462526.0,-2445.56,-4115.92,0.79602,2.48377,2.42454,-0.059229,60.0
1744878849483305.0,-2445.56,-4115.92,0.79602,2.48377,2.54374,0.0599761,60.0
1744878849503986.0,-2448.53,-4114.56,0.796282,2.42454,2.38721,-0.0373276,60.0
1744878849524847.0,-2448.53,-4114.56,0.796282,2.42454,2.5734,0.148859,60.0
1744878849545773.0,-2451.07,-4113.19,0.796382,2.38721,2.45216,0.0649532,60.0
1744878849566588.0,-2451.07,-4113.19,0.796382,2.38721,2.538,0.15079,60.0
1744878849587565.0,-2451.07,-4113.19,0.796382,2.38721,2.46346,0.0762454,60.0
1744878849608530.0,-2454.03,-4112.51,0.797087,2.538,2.51204,-0.0259616,60.0
1744878849628834.0,-2454.03,-4112.51,0.797087,2.538,2.60056,0.0625629,60.0
1744878849649468.0,-2456.57,-4111.15,0.79719,2.51204,2.52964,0.017596,60.0
1744878849670083.0,-2456.57,-4111.15,0.79719,2.51204,2.53645,0.024414,60.0
1744878849690902.0,-2456.57,-4111.15,0.79719,2.51204,2.39049,-0.121554,60.0
1744878849711400.0,-2459.54,-4109.78,0.797457,2.53645,2.54899,0.01254,60.0
1744878849731981.0,-2459.54,-4109.78,0.797457,2.53645,2.40692,-0.129534,60.0
1744878849752597.0,-2462.08,-4108.42,0.797563,2.54899,2.60653,0.0575321,60.0
1744878849773446.0,-2462.08,-4108.42,0.797563,2.54899,2.50428,-0.0447113,60.0
1744878849794035.0,-2462.08,-4108.42,0.797563,2.54899,2.39996,-0.149031,60.0
1744878849814657.0,-2464.62,-4107.05,0.79767,2.50428,2.61335,0.109065,60.0
1744878849835456.0,-2464.62,-4107.05,0.79767,2.50428,2.46531,-0.0389768,60.0
1744878849856177.0,-2467.59,-4105.69,0.797942,2.61335,2.559,-0.0543464,60.0
1744878849876816.0,-2467.59,-4105.69,0.797942,2.61335,2.65744,0.0440944,60.0
1744878849897504.0,-2470.13,-4104.32,0.798052,2.559,2.50049,-0.0585124,60.0
1744878849918211.0,-2470.13,-4104.32,0.798052,2.559,2.42374,-0.135264,60.0
1744878849938929.0,-2470.13,-4104.32,0.798052,2.559,2.4918,-0.0672048,60.0
1744878849959627.0,-2473.09,-4102.96,0.798328,2.42374,2.49686,0.0731208,60.0
1744878849980324.0,-2473.09,-4102.96,0.798328,2.42374,2.57514,0.151406,60.0
1744878850001003.0,-2475.64,-4101.59,0.79844,2.49686,2.51632,0.0194591,60.0
1744878850021713.0,-2475.64,-4101.59,0.79844,2.49686,2.56144,0.0645794,60.0
1744878850042528.0,-2475.64,-4101.59,0.79844,2.49686,2.44409,-0.0527661,60.0
1744878850063133.0,-2478.18,-4100.23,0.798554,2.56144,2.59651,0.0350732,60.0
1744878850083933.0,-2478.18,-4100.23,0.798554,2.56144,2.44258,-0.118854,60.0
1744878850104636.0,-2480.72,-4098.86,0.798669,2.59651,2.66218,0.0656708,60.0
1744878850125155.0,-2480.72,-4098.86,0.798669,2.59651,2.57721,-0.0192949,60.0
1744878850145817.0,-2480.72,-4098.86,0.798669,2.59651,2.58968,-0.00683041,60.0
1744878850166450.0,-2483.68,-4097.5,0.798951,2.57722,2.46642,-0.110791,60.0
1744878850186987.0,-2483.68,-4097.5,0.798951,2.57722,2.63665,0.0594328,60.0
1744878850208293.0,-2486.23,-4096.14,0.799069,2.46642,2.46867,0.00225104,60.0
1744878850228887.0,-2486.23,-4096.14,0.799069,2.46642,2.59861,0.132187,60.0
1744878850249436.0,-2486.23,-4096.14,0.799069,2.46642,2.42979,-0.0366306,60.0
1744878850270133.0,-2488.77,-4094.77,0.799188,2.59861,2.44748,-0.15113,60.0
1744878850290832.0,-2488.77,-4094.77,0.799188,2.59861,2.48374,-0.114875,60.0
1744878850311696.0,-2491.31,-4093.41,0.799308,2.44748,2.46908,0.0215971,60.0
1744878850332469.0,-2491.31,-4093.41,0.799308,2.44748,2.59354,0.14606,60.0
1744878850353350.0,-2494.27,-4092.04,0.799596,2.46908,2.52911,0.0600299,60.0
1744878850374011.0,-2494.27,-4092.04,0.799596,2.46908,2.41922,-0.0498561,60.0
1744878850394768.0,-2494.27,-4092.04,0.799596,2.46908,2.51062,0.0415394,60.0
1744878850415599.0,-2496.82,-4090.68,0.799719,2.41922,2.45268,0.0334595,60.0
1744878850436167.0,-2496.82,-4090.68,0.799719,2.41922,2.57637,0.157152,60.0
1744878850457008.0,-2499.36,-4089.31,0.799844,2.45268,2.59229,0.139611,60.0
1744878850477633.0,-2499.36,-4089.31,0.799844,2.45268,2.54211,0.0894299,60.0
1744878850498284.0,-2499.36,-4089.31,0.799844,2.45268,2.43732,-0.0153671,60.0
1744878850518932.0,-2501.9,-4087.26,0.799533,2.54211,2.49785,-0.0442625,60.0
1744878850539574.0,-2501.9,-4087.26,0.799533,2.54211,2.60554,0.0634305,60.0
1744878850560268.0,-2504.44,-4085.9,0.79966,2.49785,2.5364,0.038555,60.0
1744878850580854.0,-2504.44,-4085.9,0.79966,2.49785,2.44154,-0.0563062,60.0
1744878850601293.0,-2504.44,-4085.9,0.79966,2.49785,2.40408,-0.0937729,60.0
1744878850622142.0,-2506.98,-4084.54,0.799789,2.44154,2.4342,-0.00733837,60.0
1744878850642836.0,-2506.98,-4084.54,0.799789,2.44154,2.45172,0.0101738,60.0
1744878850663502.0,-2509.52,-4083.17,0.799918,2.4342,2.51837,0.0841632,60.0
1744878850684195.0,-2509.52,-4083.17,0.799918,2.4342,2.55239,0.118184,60.0
1744878850704964.0,-2509.52,-4083.17,0.799918,2.4342,2.52244,0.0882375,60.0
1744878850725654.0,-2512.07,-4081.12,0.799614,2.55239,2.4908,-0.0615876,60.0
1744878850746479.0,-2512.07,-4081.12,0.799614,2.55239,2.52911,-0.0232828,60.0
1744878850767269.0,-2514.61,-4079.76,0.799746,2.4908,2.56658,0.0757744,60.0
1744878850787807.0,-2514.61,-4079.76,0.799746,2.4908,2.64261,0.151807,60.0
1744878850808795.0,-2517.15,-4078.39,0.79988,2.56658,2.59995,0.0333779,60.0
1744878850829451.0,-2517.15,-4078.39,0.79988,2.56658,2.63776,0.0711846,60.0
1744878850850267.0,-2517.15,-4078.39,0.79988,2.56658,2.61466,0.0480819,60.0
1744878850870830.0,-2519.69,-4076.35,0.79958,2.63776,2.51923,-0.118527,60.0
1744878850891772.0,-2519.69,-4076.35,0.79958,2.63776,2.5736,-0.0641589,60.0
1744878850912398.0,-2522.23,-4074.98,0.799716,2.51923,2.55593,0.036692,60.0
1744878850933104.0,-2522.23,-4074.98,0.799716,2.51923,2.43883,-0.0804012,60.0
1744878850953743.0,-2522.23,-4074.98,0.799716,2.51923,2.57377,0.0545412,60.0
1744878850974780.0,-2524.77,-4073.62,0.799854,2.43883,2.28786,-0.150972,60.0
1744878850995176.0,-2524.77,-4073.62,0.799854,2.43883,2.5106,0.0717694,60.0
1744878851015800.0,-2527.32,-4071.57,0.799559,2.28786,2.34542,0.0575585,60.0
1744878851036558.0,-2527.32,-4071.57,0.799559,2.28786,2.43412,0.146265,60.0
1744878851057485.0,-2527.32,-4071.57,0.799559,2.28786,2.44275,0.154886,60.0
1744878851078195.0,-2529.86,-4070.21,0.799699,2.43412,2.36575,-0.0683769,60.0
1744878851098975.0,-2529.86,-4070.21,0.799699,2.43412,2.45035,0.016225,60.0
1744878851119671.0,-2532.4,-4068.16,0.799407,2.36575,2.4087,0.0429522,60.0
1744878851140368.0,-2532.4,-4068.16,0.799407,2.36575,2.35365,-0.0120971,60.0
1744878851161003.0,-2532.4,-4068.16,0.799407,2.36575,2.35688,-0.00886378,60.0
1744878851181770.0,-2534.94,-4066.79,0.79955,2.35365,2.47146,0.117808,60.0
1744878851202738.0,-2534.94,-4066.79,0.79955,2.35365,2.50226,0.148609,60.0
1744878851223364.0,-2537.48,-4064.75,0.799261,2.47146,2.45683,-0.0146329,60.0
1744878851244129.0,-2537.48,-4064.75,0.799261,2.47146,2.5341,0.0626401,60.0
1744878851264827.0,-2539.6,-4063.38,0.799238,2.45683,2.5341,0.0772697,60.0
1744878851285480.0,-2539.6,-4063.38,0.799238,2.45683,2.52185,0.0650265,60.0
1744878851306205.0,-2539.6,-4063.38,0.799238,2.45683,2.5137,0.056874,60.0
1744878851327075.0,-2542.14,-4061.33,0.798951,2.52185,2.53707,0.0152184,60.0
1744878851347663.0,-2542.14,-4061.33,0.798951,2.52185,2.42113,-0.100724,60.0
1744878851368521.0,-2544.69,-4059.97,0.7991,2.53707,2.66682,0.129745,60.0
1744878851389257.0,-2544.69,-4059.97,0.7991,2.53707,2.51442,-0.02265,60.0
1744878851410083.0,-2544.69,-4059.97,0.7991,2.53707,2.54647,0.00939707,60.0
1744878851430707.0,-2547.23,-4057.92,0.798816,2.51442,2.38032,-0.1341,60.0
1744878851451439.0,-2547.23,-4057.92,0.798816,2.51442,2.56589,0.0514665,60.0
1744878851472183.0,-2549.77,-4056.56,0.798968,2.38032,2.46358,0.0832578,60.0
1744878851492768.0,-2549.77,-4056.56,0.798968,2.38032,2.47927,0.0989498,60.0
1744878851513375.0,-2549.77,-4056.56,0.798968,2.38032,2.48805,0.107729,60.0
1744878851534000.0,-2551.89,-4054.51,0.798518,2.47927,2.58676,0.107485,60.0
1744878851554610.0,-2551.89,-4054.51,0.798518,2.47927,2.42864,-0.0506319,60.0
1744878851575262.0,-2554.43,-4053.14,0.798672,2.58676,2.50844,-0.0783179,60.0
1744878851595903.0,-2554.43,-4053.14,0.798672,2.58676,2.58032,-0.00643177,60.0
1744878851616520.0,-2554.43,-4053.14,0.798672,2.58676,2.46998,-0.116775,60.0
1744878851637100.0,-2556.97,-4051.1,0.798394,2.58032,2.63447,0.0541513,60.0
1744878851657743.0,-2556.97,-4051.1,0.798394,2.58032,2.52586,-0.0544657,60.0
1744878851668718.0,-2556.97,-4051.1,0.798394,2.58032,2.46064,-0.119686,60.0
1744878851689860.0,-2559.51,-4049.73,0.798551,2.52586,2.52348,-0.00237374,60.0
1744878851710786.0,-2559.51,-4049.73,0.798551,2.52586,2.63671,0.11085,60.0
1744878851731802.0,-2562.05,-4047.68,0.798277,2.52348,2.51969,-0.0037957,60.0
1744878851752746.0,-2562.05,-4047.68,0.798277,2.52348,2.53207,0.00858764,60.0
1744878851773278.0,-2564.17,-4046.32,0.798266,2.51969,2.62108,0.101392,60.0
1744878851794350.0,-2564.17,-4046.32,0.798266,2.51969,2.4437,-0.0759882,60.0
1744878851814939.0,-2564.17,-4046.32,0.798266,2.51969,2.48824,-0.031446,60.0
1744878851835583.0,-2566.72,-4044.27,0.797995,2.4437,2.46401,0.020309,60.0
1744878851856529.0,-2566.72,-4044.27,0.797995,2.4437,2.46448,0.0207781,60.0
1744878851877362.0,-2569.26,-4042.22,0.797725,2.46401,2.61634,0.152332,60.0
1744878851898141.0,-2569.26,-4042.22,0.797725,2.46401,2.41883,-0.045176,60.0
1744878851918736.0,-2569.26,-4042.22,0.797725,2.46401,2.32484,-0.139167,60.0
1744878851939282.0,-2571.8,-4040.86,0.797889,2.41883,2.36665,-0.0521795,60.0
1744878851959945.0,-2571.8,-4040.86,0.797889,2.41883,2.47495,0.0561218,60.0
1744878851980798.0,-2573.92,-4038.81,0.797451,2.36665,2.52469,0.158034,60.0
1744878852001461.0,-2573.92,-4038.81,0.797451,2.36665,2.4193,0.0526424,60.0
1744878852022184.0,-2573.92,-4038.81,0.797451,2.36665,2.4949,0.128245,60.0
1744878852043205.0,-2576.46,-4037.45,0.797617,2.4193,2.48371,0.0644163,60.0
1744878852063957.0,-2576.46,-4037.45,0.797617,2.4193,2.50166,0.0823608,60.0
1744878852084698.0,-2579.0,-4035.4,0.797353,2.48371,2.62873,0.145016,60.0
1744878852105236.0,-2579.0,-4035.4,0.797353,2.48371,2.53181,0.0480941,60.0
1744878852126188.0,-2581.12,-4033.35,0.79692,2.62873,2.7649,0.13617,60.0
1744878852146804.0,-2581.12,-4033.35,0.79692,2.62873,2.70324,0.0745127,60.0
1744878852167592.0,-2581.12,-4033.35,0.79692,2.62873,2.52283,-0.105894,60.0
1744878852188249.0,-2583.66,-4031.99,0.79709,2.70324,2.74259,0.0393471,60.0
1744878852209052.0,-2583.66,-4031.99,0.79709,2.70324,2.60127,-0.101969,60.0
1744878852229705.0,-2586.2,-4029.94,0.796831,2.74259,2.67432,-0.0682645,60.0
1744878852250630.0,-2586.2,-4029.94,0.796831,2.74259,2.68835,-0.0542398,60.0
1744878852271308.0,-2586.2,-4029.94,0.796831,2.74259,2.69876,-0.0438313,60.0
1744878852292168.0,-2588.74,-4028.57,0.797004,2.68835,2.61704,-0.0713101,60.0
1744878852312414.0,-2588.74,-4028.57,0.797004,2.68835,2.55688,-0.131464,60.0
1744878852333513.0,-2591.29,-4026.53,0.796748,2.61704,2.49729,-0.119747,60.0
1744878852354192.0,-2591.29,-4026.53,0.796748,2.61704,2.68561,0.0685752,60.0
1744878852374645.0,-2591.29,-4026.53,0.796748,2.61704,2.6282,0.0111574,60.0
1744878852395367.0,-2593.4,-4025.16,0.796751,2.68561,2.55551,-0.130105,60.0
1744878852416456.0,-2593.4,-4025.16,0.796751,2.68561,2.60348,-0.0821315,60.0
1744878852437113.0,-2595.95,-4023.11,0.796499,2.55551,2.59047,0.034962,60.0
1744878852458011.0,-2595.95,-4023.11,0.796499,2.55551,2.59629,0.0407839,60.0
1744878852478595.0,-2595.95,-4023.11,0.796499,2.55551,2.51652,-0.0389922,60.0
1744878852499161.0,-2598.49,-4021.75,0.796677,2.59629,2.47354,-0.122751,60.0
1744878852519825.0,-2598.49,-4021.75,0.796677,2.59629,2.66026,0.063972,60.0
1744878852540956.0,-2601.03,-4019.7,0.796427,2.47354,2.47869,0.00514784,60.0
1744878852561397.0,-2601.03,-4019.7,0.796427,2.47354,2.37998,-0.0935584,60.0
1744878852582088.0,-2603.57,-4018.34,0.796609,2.47869,2.54091,0.0622187,60.0
1744878852603100.0,-2603.57,-4018.34,0.796609,2.47869,2.56669,0.0880003,60.0
1744878852623731.0,-2603.57,-4018.34,0.796609,2.47869,2.6016,0.122913,60.0
1744878852644616.0,-2606.11,-4016.29,0.796362,2.56669,2.5086,-0.0580864,60.0
1744878852665159.0,-2606.11,-4016.29,0.796362,2.56669,2.4674,-0.0992946,60.0
1744878852685704.0,-2608.23,-4014.93,0.796372,2.5086,2.42987,-0.0787296,60.0
1744878852706681.0,-2608.23,-4014.93,0.796372,2.5086,2.5386,0.0299989,60.0
1744878852727566.0,-2608.23,-4014.93,0.796372,2.5086,2.65346,0.144857,60.0
1744878852748562.0,-2610.77,-4012.88,0.796128,2.5386,2.66474,0.126142,60.0
1744878852769214.0,-2610.77,-4012.88,0.796128,2.5386,2.60832,0.0697154,60.0
1744878852789951.0,-2613.32,-4011.51,0.796315,2.66474,2.61156,-0.0531802,60.0
1744878852810802.0,-2613.32,-4011.51,0.796315,2.66474,2.68843,0.0236893,60.0
1744878852831678.0,-2613.32,-4011.51,0.796315,2.66474,2.63089,-0.0338553,60.0
1744878852852483.0,-2615.86,-4010.15,0.796503,2.68843,2.6266,-0.0618356,60.0
1744878852873289.0,-2615.86,-4010.15,0.796503,2.68843,2.5988,-0.0896304,60.0
1744878852893951.0,-2618.4,-4008.1,0.796264,2.6266,2.61129,-0.0153119,60.0
1744878852914641.0,-2618.4,-4008.1,0.796264,2.6266,2.61563,-0.010972,60.0
1744878852935470.0,-2620.94,-4006.74,0.796455,2.61129,2.57418,-0.0371099,60.0
1744878852955992.0,-2620.94,-4006.74,0.796455,2.61129,2.55359,-0.0576942,60.0
1744878852976599.0,-2620.94,-4006.74,0.796455,2.61129,2.53808,-0.0732086,60.0
1744878852997579.0,-2623.48,-4004.69,0.796219,2.55359,2.54208,-0.0115111,60.0
1744878853017987.0,-2623.48,-4004.69,0.796219,2.55359,2.57711,0.0235163,60.0
1744878853038798.0,-2626.02,-4003.32,0.796412,2.54208,2.6468,0.104717,60.0
1744878853059368.0,-2626.02,-4003.32,0.796412,2.54208,2.39865,-0.143434,60.0
1744878853080141.0,-2626.02,-4003.32,0.796412,2.54208,2.68227,0.140187,60.0
1744878853100768.0,-2628.57,-4001.28,0.796179,2.39865,2.5368,0.138148,60.0
1744878853121554.0,-2628.57,-4001.28,0.796179,2.39865,2.27994,-0.118706,60.0
1744878853142123.0,-2630.68,-3999.91,0.7962,2.5368,2.54274,0.00594,60.0
1744878853163062.0,-2630.68,-3999.91,0.7962,2.5368,2.61715,0.0803553,60.0
1744878853183955.0,-2630.68,-3999.91,0.7962,2.5368,2.62408,0.0872839,60.0
1744878853204853.0,-2633.23,-3998.55,0.796398,2.61715,2.60193,-0.0152235,60.0
1744878853225764.0,-2633.23,-3998.55,0.796398,2.61715,2.54793,-0.0692163,60.0
1744878853246269.0,-2635.77,-3996.5,0.796169,2.60193,2.53154,-0.0703902,60.0
1744878853267057.0,-2635.77,-3996.5,0.796169,2.60193,2.54664,-0.0552925,60.0
1744878853287619.0,-2635.77,-3996.5,0.796169,2.60193,2.58076,-0.0211723,60.0
1744878853318038.0,-2638.31,-3995.13,0.796369,2.54664,2.63616,0.0895299,60.0
1744878853338724.0,-2638.31,-3995.13,0.796369,2.54664,2.63623,0.0895991,60.0
1744878853359413.0,-2640.85,-3993.09,0.796144,2.63616,2.59875,-0.0374144,60.0
1744878853380233.0,-2640.85,-3993.09,0.796144,2.63616,2.57147,-0.0646937,60.0
1744878853400839.0,-2643.39,-3991.72,0.796347,2.59875,2.46055,-0.138196,60.0
1744878853421503.0,-2643.39,-3991.72,0.796347,2.59875,2.4885,-0.110247,60.0
1744878853442151.0,-2645.93,-3989.67,0.796124,2.46055,2.44226,-0.018294,60.0
1744878853462864.0,-2645.93,-3989.67,0.796124,2.46055,2.46472,0.00416809,60.0
1744878853483563.0,-2645.93,-3989.67,0.796124,2.46055,2.56645,0.1059,60.0
1744878853504211.0,-2648.48,-3988.31,0.79633,2.46472,2.39866,-0.0660642,60.0
1744878853524968.0,-2648.48,-3988.31,0.79633,2.46472,2.35741,-0.107318,60.0
1744878853545562.0,-2651.02,-3986.94,0.796537,2.39866,2.43228,0.0336177,60.0
1744878853566381.0,-2651.02,-3986.94,0.796537,2.39866,2.47051,0.0718566,60.0
1744878853587502.0,-2651.02,-3986.94,0.796537,2.39866,2.5429,0.144242,60.0
1744878853608472.0,-2653.56,-3984.9,0.796319,2.47051,2.54865,0.0781378,60.0
1744878853629102.0,-2653.56,-3984.9,0.796319,2.47051,2.39349,-0.07702,60.0
1744878853649775.0,-2655.68,-3983.53,0.796352,2.54865,2.65261,0.103953,60.0
1744878853670228.0,-2655.68,-3983.53,0.796352,2.54865,2.41977,-0.128884,60.0
1744878853691009.0,-2655.68,-3983.53,0.796352,2.54865,2.66923,0.120575,60.0
1744878853711979.0,-2658.22,-3981.48,0.796137,2.41977,2.58173,0.161958,60.0
1744878853732884.0,-2658.22,-3981.48,0.796137,2.41977,2.45573,0.0359654,60.0
1744878853753802.0,-2660.76,-3980.12,0.79635,2.58173,2.68597,0.104242,60.0
1744878853774710.0,-2660.76,-3980.12,0.79635,2.58173,2.42575,-0.155975,60.0
1744878853795545.0,-2660.76,-3980.12,0.79635,2.58173,2.7347,0.152969,60.0
1744878853816272.0,-2663.3,-3978.07,0.796138,2.42575,2.49395,0.0681998,60.0
1744878853836867.0,-2663.3,-3978.07,0.796138,2.42575,2.42892,0.00316711,60.0
1744878853857385.0,-2665.84,-3976.71,0.796353,2.49395,2.52269,0.0287427,60.0
1744878853877919.0,-2665.84,-3976.71,0.796353,2.49395,2.64356,0.14961,60.0
1744878853898461.0,-2667.96,-3974.66,0.795967,2.52269,2.35881,-0.163881,60.0
1744878853919402.0,-2667.96,-3974.66,0.795967,2.52269,2.6042,0.0815064,60.0
1744878853939727.0,-2667.96,-3974.66,0.795967,2.52269,2.48955,-0.033143,60.0
1744878853960300.0,-2670.51,-3972.61,0.79576,2.6042,2.469,-0.135198,60.0
1744878853980818.0,-2670.51,-3972.61,0.79576,2.6042,2.66698,0.0627787,60.0
1744878854001622.0,-2673.05,-3971.25,0.795979,2.469,2.37202,-0.0969813,60.0
1744878854022087.0,-2673.05,-3971.25,0.795979,2.469,2.42449,-0.0445125,60.0
1744878854042676.0,-2673.05,-3971.25,0.795979,2.469,2.61402,0.145019,60.0
1744878854063151.0,-2675.59,-3969.2,0.795775,2.42449,2.57477,0.150277,60.0
1744878854083730.0,-2675.59,-3969.2,0.795775,2.42449,2.42247,-0.00202386,60.0
1744878854104347.0,-2678.13,-3967.84,0.795997,2.57477,2.53331,-0.0414593,60.0
1744878854125327.0,-2678.13,-3967.84,0.795997,2.57477,2.55773,-0.0170327,60.0
1744878854146325.0,-2678.13,-3967.84,0.795997,2.57477,2.60765,0.0328845,60.0
1744878854166954.0,-2680.25,-3965.79,0.795618,2.55773,2.61072,0.0529855,60.0
1744878854187752.0,-2680.25,-3965.79,0.795618,2.55773,2.48855,-0.0691889,60.0
1744878854208417.0,-2682.79,-3964.42,0.795842,2.61072,2.76041,0.149686,60.0
1744878854229296.0,-2682.79,-3964.42,0.795842,2.61072,2.48524,-0.125477,60.0
1744878854249911.0,-2682.79,-3964.42,0.795842,2.61072,2.56529,-0.0454284,60.0
1744878854270807.0,-2685.33,-3962.38,0.795645,2.48524,2.61,0.124755,60.0
1744878854291399.0,-2685.33,-3962.38,0.795645,2.48524,2.46352,-0.021718,60.0
1744878854312093.0,-2687.87,-3961.01,0.795872,2.61,2.48173,-0.128263,60.0
1744878854332903.0,-2687.87,-3961.01,0.795872,2.61,2.55786,-0.0521377,60.0
1744878854353957.0,-2687.87,-3961.01,0.795872,2.61,2.66202,0.0520216,60.0
1744878854374076.0,-2690.42,-3958.96,0.795677,2.55786,2.46282,-0.0950356,60.0
1744878854394797.0,-2690.42,-3958.96,0.795677,2.55786,2.65579,0.0979282,60.0
1744878854415733.0,-2692.53,-3957.6,0.795728,2.46282,2.56281,0.0999842,60.0
1744878854436284.0,-2692.53,-3957.6,0.795728,2.46282,2.57708,0.114259,60.0
1744878854456587.0,-2695.08,-3955.55,0.795536,2.56281,2.4287,-0.134106,60.0
1744878854477154.0,-2695.08,-3955.55,0.795536,2.56281,2.47604,-0.0867687,60.0
1744878854498222.0,-2695.08,-3955.55,0.795536,2.56281,2.60493,0.042119,60.0
1744878854518758.0,-2697.62,-3954.19,0.795769,2.47604,2.59312,0.117076,60.0
1744878854539537.0,-2697.62,-3954.19,0.795769,2.47604,2.61358,0.137536,60.0
1744878854560023.0,-2700.16,-3952.14,0.79558,2.59312,2.48796,-0.105156,60.0
1744878854580729.0,-2700.16,-3952.14,0.79558,2.59312,2.43973,-0.153384,60.0
1744878854601253.0,-2700.16,-3952.14,0.79558,2.59312,2.63514,0.0420268,60.0
1744878854621784.0,-2702.7,-3950.77,0.795815,2.43973,2.48719,0.047457,60.0
1744878854642920.0,-2702.7,-3950.77,0.795815,2.43973,2.53698,0.0972447,60.0
1744878854663518.0,-2704.82,-3948.73,0.79545,2.48719,2.6435,0.156308,60.0
1744878854684074.0,-2704.82,-3948.73,0.79545,2.48719,2.37237,-0.114817,60.0
1744878854704847.0,-2704.82,-3948.73,0.79545,2.48719,2.53165,0.044456,60.0
1744878854725518.0,-2707.36,-3947.36,0.795688,2.37237,2.53251,0.16014,60.0
1744878854745944.0,-2707.36,-3947.36,0.795688,2.37237,2.46286,0.090492,60.0
1744878854766466.0,-2709.9,-3945.31,0.795505,2.53251,2.37681,-0.155704,60.0
1744878854787046.0,-2709.9,-3945.31,0.795505,2.53251,2.42109,-0.111418,60.0
1744878854807650.0,-2709.9,-3945.31,0.795505,2.53251,2.4571,-0.0754089,60.0
1744878854828687.0,-2712.44,-3943.95,0.795746,2.42109,2.4449,0.0238041,60.0
1744878854849029.0,-2712.44,-3943.95,0.795746,2.42109,2.52566,0.104565,60.0
1744878854869863.0,-2714.56,-3941.9,0.795386,2.4449,2.60925,0.164348,60.0
1744878854890661.0,-2714.56,-3941.9,0.795386,2.4449,2.46739,0.0224883,60.0
1744878854911395.0,-2717.1,-3939.85,0.795208,2.60925,2.54302,-0.0662228,60.0
1744878854931879.0,-2717.1,-3939.85,0.795208,2.60925,2.55151,-0.0577335,60.0
1744878854952477.0,-2717.1,-3939.85,0.795208,2.60925,2.57378,-0.035467,60.0
1744878854973038.0,-2719.65,-3938.49,0.795452,2.55151,2.53623,-0.0152811,60.0
1744878854993793.0,-2719.65,-3938.49,0.795452,2.55151,2.41302,-0.13849,60.0
1744878855014547.0,-2722.19,-3936.44,0.795278,2.53623,2.62066,0.084431,60.0
1744878855035414.0,-2722.19,-3936.44,0.795278,2.53623,2.47976,-0.05647,60.0
1744878855055906.0,-2722.19,-3936.44,0.795278,2.53623,2.49404,-0.0421903,60.0
1744878855076739.0,-2724.31,-3935.08,0.795344,2.47976,2.57571,0.0959482,60.0
1744878855097513.0,-2724.31,-3935.08,0.795344,2.47976,2.50116,0.0213994,60.0
1744878855118176.0,-2726.85,-3933.03,0.795172,2.57571,2.43206,-0.143647,60.0
1744878855138938.0,-2726.85,-3933.03,0.795172,2.57571,2.73183,0.156121,60.0
1744878855160317.0,-2726.85,-3933.03,0.795172,2.57571,2.52136,-0.0543515,60.0
1744878855180585.0,-2729.39,-3931.66,0.795422,2.73183,2.573,-0.158829,60.0
1744878855201730.0,-2729.39,-3931.66,0.795422,2.73183,2.61958,-0.112248,60.0
1744878855222745.0,-2731.93,-3929.62,0.795253,2.573,2.65095,0.0779451,60.0
1744878855243566.0,-2731.93,-3929.62,0.795253,2.573,2.52982,-0.0431857,60.0
1744878855264238.0,-2734.47,-3927.57,0.795086,2.52982,2.68838,0.158565,60.0
1744878855285096.0,-2734.47,-3927.57,0.795086,2.52982,2.51153,-0.0182879,60.0
1744878855305588.0,-2734.47,-3927.57,0.795086,2.52982,2.52902,-0.000791809,60.0
1744878855326261.0,-2736.59,-3926.2,0.795158,2.51153,2.53428,0.0227491,60.0
1744878855347092.0,-2736.59,-3926.2,0.795158,2.51153,2.51372,0.00218997,60.0
1744878855368054.0,-2739.13,-3924.16,0.794994,2.53428,2.38898,-0.145298,60.0
1744878855388591.0,-2739.13,-3924.16,0.794994,2.53428,2.62248,0.0881994,60.0
1744878855409304.0,-2739.13,-3924.16,0.794994,2.53428,2.56809,0.0338162,60.0
1744878855430232.0,-2741.68,-3922.79,0.795251,2.62248,2.57072,-0.0517575,60.0
1744878855451044.0,-2741.68,-3922.79,0.795251,2.62248,2.57768,-0.0447973,60.0
1744878855471768.0,-2744.22,-3920.74,0.79509,2.57072,2.57811,0.00739061,60.0
1744878855492501.0,-2744.22,-3920.74,0.79509,2.57072,2.41476,-0.155961,60.0
1744878855513456.0,-2744.22,-3920.74,0.79509,2.57072,2.57137,0.000650217,60.0
1744878855534162.0,-2746.76,-3919.38,0.79535,2.41476,2.5728,0.158046,60.0
1744878855555226.0,-2746.76,-3919.38,0.79535,2.41476,2.4455,0.0307375,60.0
1744878855575752.0,-2748.88,-3917.33,0.795009,2.5728,2.46198,-0.110826,60.0
1744878855596294.0,-2748.88,-3917.33,0.795009,2.5728,2.49528,-0.0775236,60.0
1744878855617054.0,-2748.88,-3917.33,0.795009,2.5728,2.72591,0.15311,60.0
1744878855637779.0,-2751.42,-3915.97,0.795271,2.49528,2.41355,-0.0817297,60.0
1744878855658588.0,-2751.42,-3915.97,0.795271,2.49528,2.58234,0.0870604,60.0
1744878855679305.0,-2753.96,-3913.92,0.795116,2.41355,2.47449,0.0609363,60.0
1744878855700604.0,-2753.96,-3913.92,0.795116,2.41355,2.54354,0.129991,60.0
1744878855721147.0,-2756.5,-3912.55,0.795381,2.47449,2.3198,-0.154683,60.0
1744878855741891.0,-2756.5,-3912.55,0.795381,2.47449,2.57009,0.0956038,60.0
1744878855762580.0,-2756.5,-3912.55,0.795381,2.47449,2.48752,0.013038,60.0
1744878855783334.0,-2759.04,-3910.51,0.79523,2.57009,2.60549,0.0354031,60.0
1744878855804121.0,-2759.04,-3910.51,0.79523,2.57009,2.40843,-0.161664,60.0
1744878855824913.0,-2761.16,-3909.14,0.795313,2.60549,2.59415,-0.011343,60.0
1744878855845560.0,-2761.16,-3909.14,0.795313,2.60549,2.74185,0.136352,60.0
1744878855866180.0,-2761.16,-3909.14,0.795313,2.60549,2.64239,0.036894,60.0
1744878855886672.0,-2763.7,-3907.09,0.795165,2.74185,2.66105,-0.0807941,60.0
1744878855907694.0,-2763.7,-3907.09,0.795165,2.74185,2.60566,-0.136184,60.0
1744878855928255.0,-2766.25,-3905.73,0.795435,2.66105,2.50876,-0.15229,60.0
1744878855949112.0,-2766.25,-3905.73,0.795435,2.66105,2.62477,-0.0362832,60.0
1744878855969890.0,-2768.79,-3903.68,0.795289,2.62477,2.5445,-0.080273,60.0
1744878855990743.0,-2768.79,-3903.68,0.795289,2.62477,2.54867,-0.0761013,60.0
1744878856011304.0,-2768.79,-3903.68,0.795289,2.62477,2.46708,-0.157685,60.0
1744878856031911.0,-2771.33,-3902.32,0.795562,2.54867,2.5822,0.0335295,60.0
1744878856052652.0,-2771.33,-3902.32,0.795562,2.54867,2.51967,-0.0289948,60.0
1744878856073319.0,-2773.87,-3900.27,0.79542,2.5822,2.57152,-0.0106811,60.0
1744878856093991.0,-2773.87,-3900.27,0.79542,2.5822,2.46048,-0.121721,60.0
1744878856115004.0,-2773.87,-3900.27,0.79542,2.5822,2.62928,0.0470874,60.0
1744878856135616.0,-2775.99,-3898.9,0.795511,2.46048,2.41191,-0.0485627,60.0
1744878856156060.0,-2775.99,-3898.9,0.795511,2.46048,2.59955,0.139074,60.0
1744878856177170.0,-2778.53,-3896.86,0.795371,2.41191,2.49619,0.0842807,60.0
1744878856198188.0,-2778.53,-3896.86,0.795371,2.41191,2.45711,0.0451981,60.0
1744878856219049.0,-2778.53,-3896.86,0.795371,2.41191,2.41316,0.00124843,60.0
1744878856239683.0,-2781.07,-3895.49,0.79565,2.45711,2.56808,0.110968,60.0
1744878856260527.0,-2781.07,-3895.49,0.79565,2.45711,2.5026,0.0454929,60.0
1744878856281258.0,-2783.62,-3893.44,0.795513,2.56808,2.63,0.0619229,60.0
1744878856302057.0,-2783.62,-3893.44,0.795513,2.56808,2.65298,0.0848973,60.0
1744878856322854.0,-2783.62,-3893.44,0.795513,2.56808,2.50695,-0.0611296,60.0
1744878856343780.0,-2786.16,-3892.08,0.795794,2.65298,2.65005,-0.00292726,60.0
1744878856364789.0,-2786.16,-3892.08,0.795794,2.65298,2.64787,-0.0051104,60.0
1744878856385436.0,-2788.7,-3890.03,0.795661,2.65005,2.52649,-0.123561,60.0
1744878856406222.0,-2788.7,-3890.03,0.795661,2.65005,2.57968,-0.0703673,60.0
1744878856427139.0,-2790.82,-3888.67,0.795759,2.52649,2.68215,0.155666,60.0
1744878856447866.0,-2790.82,-3888.67,0.795759,2.52649,2.39829,-0.128201,60.0
1744878856468593.0,-2790.82,-3888.67,0.795759,2.52649,2.49866,-0.0278295,60.0
1744878856489277.0,-2793.36,-3886.62,0.795629,2.39829,2.56252,0.164233,60.0
1744878856510132.0,-2793.36,-3886.62,0.795629,2.39829,2.48765,0.0893582,60.0
1744878856530790.0,-2795.9,-3885.25,0.795915,2.56252,2.60981,0.0472892,60.0
1744878856551359.0,-2795.9,-3885.25,0.795915,2.56252,2.67198,0.109459,60.0
1744878856572435.0,-2795.9,-3885.25,0.795915,2.56252,2.5606,-0.00192289,60.0
1744878856593567.0,-2798.44,-3883.21,0.795788,2.67198,2.60781,-0.0641658,60.0
1744878856614192.0,-2798.44,-3883.21,0.795788,2.67198,2.5828,-0.0891755,60.0
1744878856634947.0,-2800.98,-3881.84,0.796077,2.60781,2.4569,-0.150916,60.0
1744878856655709.0,-2800.98,-3881.84,0.796077,2.60781,2.67682,0.0690018,60.0
1744878856676331.0,-2800.98,-3881.84,0.796077,2.60781,2.53534,-0.0724723,60.0
1744878856697126.0,-2803.53,-3880.48,0.796368,2.67682,2.61201,-0.0648088,60.0
1744878856717545.0,-2803.53,-3880.48,0.796368,2.67682,2.5905,-0.0863196,60.0
1744878856738158.0,-2806.07,-3878.43,0.796245,2.61201,2.70762,0.095618,60.0
1744878856758889.0,-2806.07,-3878.43,0.796245,2.61201,2.53372,-0.0782813,60.0
1744878856779850.0,-2808.61,-3877.06,0.796539,2.70762,2.74894,0.0413131,60.0
1744878856800193.0,-2808.61,-3877.06,0.796539,2.70762,2.79608,0.0884543,60.0
1744878856820940.0,-2808.61,-3877.06,0.796539,2.70762,2.69672,-0.0109074,60.0
1744878856841619.0,-2811.15,-3875.02,0.796419,2.79608,2.76064,-0.035438,60.0
1744878856863200.0,-2811.15,-3875.02,0.796419,2.79608,2.73225,-0.0638255,60.0
1744878856883368.0,-2813.27,-3873.65,0.796528,2.76064,2.66875,-0.0918857,60.0
1744878856904180.0,-2813.27,-3873.65,0.796528,2.76064,2.64886,-0.111783,60.0
1744878856926622.0,-2813.27,-3873.65,0.796528,2.76064,2.70768,-0.052963,60.0
1744878856947273.0,-2816.23,-3872.29,0.797013,2.64886,2.69757,0.0487082,60.0
1744878856968004.0,-2816.23,-3872.29,0.797013,2.64886,2.49057,-0.158283,60.0
1744878856988683.0,-2818.78,-3870.24,0.796898,2.69757,2.55349,-0.144078,60.0
1744878857009830.0,-2818.78,-3870.24,0.796898,2.69757,2.76205,0.0644826,60.0
1744878857030947.0,-2818.78,-3870.24,0.796898,2.69757,2.60529,-0.0922747,60.0
1744878857052940.0,-2821.32,-3868.87,0.797198,2.76205,2.7145,-0.0475498,60.0
1744878857073894.0,-2821.32,-3868.87,0.797198,2.76205,2.60836,-0.153685,60.0
1744878857094783.0,-2823.86,-3867.51,0.797499,2.7145,2.56954,-0.144958,60.0
1744878857115727.0,-2823.86,-3867.51,0.797499,2.7145,2.61081,-0.103693,60.0
1744878857136799.0,-2826.4,-3866.15,0.797802,2.56954,2.5712,0.00165581,60.0
1744878857156996.0,-2826.4,-3866.15,0.797802,2.56954,2.43287,-0.136666,60.0
1744878857177708.0,-2826.4,-3866.15,0.797802,2.56954,2.64035,0.0708132,60.0
1744878857199187.0,-2828.94,-3864.1,0.797693,2.43287,2.31629,-0.11658,60.0
1744878857219898.0,-2828.94,-3864.1,0.797693,2.43287,2.52502,0.0921436,60.0
1744878857241584.0,-2831.48,-3862.73,0.797999,2.31629,2.45909,0.1428,60.0
1744878857262473.0,-2831.48,-3862.73,0.797999,2.31629,2.47098,0.154683,60.0
1744878857282921.0,-2831.48,-3862.73,0.797999,2.31629,2.35964,0.043351,60.0
1744878857303999.0,-2834.03,-3861.37,0.798306,2.47098,2.38841,-0.0825673,60.0
1744878857324778.0,-2834.03,-3861.37,0.798306,2.47098,2.40283,-0.0681437,60.0
1744878857345401.0,-2836.57,-3859.32,0.798201,2.38841,2.45663,0.0682167,60.0
1744878857365861.0,-2836.57,-3859.32,0.798201,2.38841,2.45791,0.0695035,60.0
1744878857386864.0,-2836.57,-3859.32,0.798201,2.38841,2.54685,0.158443,60.0
1744878857407403.0,-2839.11,-3857.96,0.798511,2.45791,2.59838,0.140466,60.0
1744878857428631.0,-2839.11,-3857.96,0.798511,2.45791,2.43686,-0.0210566,60.0
1744878857449065.0,-2841.65,-3856.59,0.798822,2.59838,2.58448,-0.0139016,60.0
1744878857469890.0,-2841.65,-3856.59,0.798822,2.59838,2.56043,-0.0379449,60.0
1744878857490614.0,-2844.19,-3854.54,0.798722,2.58448,2.47732,-0.10716,60.0
1744878857511344.0,-2844.19,-3854.54,0.798722,2.58448,2.5359,-0.0485773,60.0
1744878857531997.0,-2844.19,-3854.54,0.798722,2.58448,2.48285,-0.10163,60.0
1744878857552846.0,-2846.73,-3853.18,0.799036,2.5359,2.65526,0.119358,60.0
1744878857573430.0,-2846.73,-3853.18,0.799036,2.5359,2.43927,-0.0966321,60.0
1744878857594135.0,-2849.28,-3851.13,0.798939,2.65526,2.66906,0.0138048,60.0
1744878857614768.0,-2849.28,-3851.13,0.798939,2.65526,2.49392,-0.161338,60.0
1744878857635360.0,-2849.28,-3851.13,0.798939,2.65526,2.55737,-0.0978917,60.0
1744878857656173.0,-2851.82,-3849.77,0.799255,2.49392,2.44528,-0.0486431,60.0
1744878857676747.0,-2851.82,-3849.77,0.799255,2.49392,2.54654,0.052616,60.0
1744878857697600.0,-2854.36,-3848.4,0.799573,2.44528,2.5178,0.0725217,60.0
1744878857718189.0,-2854.36,-3848.4,0.799573,2.44528,2.43133,-0.0139498,60.0
1744878857740799.0,-2854.36,-3848.4,0.799573,2.44528,2.42814,-0.0171326,60.0
1744878857761700.0,-2856.48,-3846.35,0.799291,2.43133,2.52306,0.0917294,60.0
1744878857782168.0,-2856.48,-3846.35,0.799291,2.43133,2.34038,-0.0909478,60.0
1744878857802832.0,-2859.02,-3844.99,0.799611,2.52306,2.52505,0.00199417,60.0
1744878857823353.0,-2859.02,-3844.99,0.799611,2.52306,2.485,-0.0380522,60.0
1744878857843875.0,-2861.56,-3842.94,0.799522,2.52505,2.61202,0.086967,60.0
1744878857864664.0,-2861.56,-3842.94,0.799522,2.52505,2.45757,-0.0674807,60.0
1744878857885396.0,-2861.56,-3842.94,0.799522,2.52505,2.57575,0.0506963,60.0
1744878857906019.0,-2864.1,-3841.58,0.799845,2.45757,2.31201,-0.145559,60.0
1744878857926710.0,-2864.1,-3841.58,0.799845,2.45757,2.45032,-0.00724537,60.0
1744878857947502.0,-2866.64,-3839.53,0.799759,2.31201,2.43892,0.126914,60.0
1744878857968005.0,-2866.64,-3839.53,0.799759,2.31201,2.40206,0.0900505,60.0
1744878857988746.0,-2866.64,-3839.53,0.799759,2.31201,2.35622,0.0442102,60.0
1744878858009552.0,-2869.19,-3838.16,0.800085,2.40206,2.46955,0.067489,60.0
1744878858030432.0,-2869.19,-3838.16,0.800085,2.40206,2.48286,0.0808027,60.0
1744878858051005.0,-2871.73,-3836.12,0.800002,2.46955,2.59975,0.130197,60.0
1744878858072119.0,-2871.73,-3836.12,0.800002,2.46955,2.45577,-0.0137831,60.0
1744878858092530.0,-2871.73,-3836.12,0.800002,2.46955,2.59512,0.125568,60.0
1744878858113303.0,-2873.85,-3834.75,0.800139,2.45577,2.52916,0.0733948,60.0
1744878858133974.0,-2873.85,-3834.75,0.800139,2.45577,2.41993,-0.035833,60.0
1744878858154609.0,-2876.39,-3832.7,0.800059,2.52916,2.64981,0.120653,60.0
1744878858175238.0,-2876.39,-3832.7,0.800059,2.52916,2.56409,0.0349269,60.0
1744878858195901.0,-2876.39,-3832.7,0.800059,2.52916,2.63202,0.102855,60.0
1744878858217109.0,-2878.93,-3831.34,0.800391,2.56409,2.6733,0.109207,60.0
1744878858237653.0,-2878.93,-3831.34,0.800391,2.56409,2.46301,-0.101075,60.0
1744878858258724.0,-2881.47,-3829.29,0.800314,2.6733,2.62778,-0.0455204,60.0
1744878858279535.0,-2881.47,-3829.29,0.800314,2.6733,2.62686,-0.0464344,60.0
1744878858300187.0,-2884.01,-3827.93,0.800648,2.62778,2.55187,-0.0759092,60.0
1744878858321133.0,-2884.01,-3827.93,0.800648,2.62778,2.63996,0.0121836,60.0
1744878858341813.0,-2884.01,-3827.93,0.800648,2.62778,2.6371,0.00932629,60.0
1744878858362411.0,-2886.13,-3825.88,0.800382,2.63996,2.53986,-0.100102,60.0
1744878858383191.0,-2886.13,-3825.88,0.800382,2.63996,2.72887,0.0889068,60.0
1744878858403647.0,-2888.67,-3824.51,0.800718,2.53986,2.65759,0.117734,60.0
1744878858424861.0,-2888.67,-3824.51,0.800718,2.53986,2.61004,0.070178,60.0
1744878858445239.0,-2888.67,-3824.51,0.800718,2.53986,2.65977,0.119915,60.0
1744878858466011.0,-2891.22,-3822.47,0.800648,2.61004,2.64782,0.0377823,60.0
1744878858486762.0,-2891.22,-3822.47,0.800648,2.61004,2.61864,0.00860892,60.0
1744878858507417.0,-2893.76,-3821.1,0.800987,2.64782,2.66344,0.0156178,60.0
1744878858528229.0,-2893.76,-3821.1,0.800987,2.64782,2.48806,-0.159762,60.0
1744878858548926.0,-2893.76,-3821.1,0.800987,2.64782,2.63146,-0.0163606,60.0
1744878858569646.0,-2896.3,-3819.05,0.800919,2.48806,2.50027,0.0122105,60.0
1744878858590161.0,-2896.3,-3819.05,0.800919,2.48806,2.4394,-0.0486596,60.0
1744878858610931.0,-2898.84,-3817.69,0.801261,2.50027,2.39671,-0.103557,60.0
1744878858631679.0,-2898.84,-3817.69,0.801261,2.50027,2.46209,-0.0381754,60.0
1744878858652474.0,-2901.38,-3816.32,0.801605,2.39671,2.54453,0.147821,60.0
1744878858673227.0,-2901.38,-3816.32,0.801605,2.39671,2.3191,-0.0776124,60.0
1744878858693927.0,-2901.38,-3816.32,0.801605,2.39671,2.49045,0.0937373,60.0
1744878858714620.0,-2903.5,-3814.28,0.801348,2.3191,2.48222,0.163122,60.0
1744878858735884.0,-2903.5,-3814.28,0.801348,2.3191,2.45081,0.131714,60.0
1744878858756494.0,-2906.04,-3812.91,0.801694,2.48222,2.4403,-0.0419196,60.0
1744878858777228.0,-2906.04,-3812.91,0.801694,2.48222,2.4469,-0.0353146,60.0
1744878858798018.0,-2906.04,-3812.91,0.801694,2.48222,2.47343,-0.00879269,60.0
1744878858818774.0,-2908.58,-3810.86,0.801634,2.4469,2.4312,-0.0157064,60.0
1744878858839506.0,-2908.58,-3810.86,0.801634,2.4469,2.55803,0.11113,60.0
1744878858860136.0,-2911.13,-3808.82,0.801576,2.4312,2.57838,0.147184,60.0
1744878858880728.0,-2911.13,-3808.82,0.801576,2.4312,2.35362,-0.0775759,60.0
1744878858901618.0,-2911.13,-3808.82,0.801576,2.4312,2.57462,0.143428,60.0
1744878858922253.0,-2913.67,-3807.45,0.801926,2.35362,2.39304,0.0394191,60.0
1744878858942727.0,-2913.67,-3807.45,0.801926,2.35362,2.47227,0.118647,60.0
1744878858963654.0,-2915.79,-3805.4,0.801677,2.39304,2.4188,0.0257586,60.0
1744878858984259.0,-2915.79,-3805.4,0.801677,2.39304,2.48149,0.0884467,60.0
1744878859005136.0,-2915.79,-3805.4,0.801677,2.39304,2.48445,0.0914077,60.0
1744878859025914.0,-2918.33,-3804.04,0.802029,2.48149,2.50949,0.0280036,60.0
1744878859046550.0,-2918.33,-3804.04,0.802029,2.48149,2.42123,-0.0602601,60.0
1744878859067177.0,-2920.87,-3801.99,0.801977,2.50949,2.57958,0.0700895,60.0
1744878859088076.0,-2920.87,-3801.99,0.801977,2.50949,2.54873,0.0392395,60.0
1744878859108521.0,-2922.99,-3799.94,0.801732,2.57958,2.57376,-0.00582388,60.0
1744878859129227.0,-2922.99,-3799.94,0.801732,2.57958,2.59504,0.015462,60.0
1744878859149927.0,-2922.99,-3799.94,0.801732,2.57958,2.46037,-0.119209,60.0
1744878859170679.0,-2925.53,-3798.58,0.802088,2.59504,2.44701,-0.148031,60.0
1744878859191553.0,-2925.53,-3798.58,0.802088,2.59504,2.53146,-0.0635805,60.0
1744878859212469.0,-2928.07,-3796.53,0.802041,2.44701,2.59382,0.14681,60.0
1744878859233334.0,-2928.07,-3796.53,0.802041,2.44701,2.55879,0.111776,60.0
1744878859253893.0,-2928.07,-3796.53,0.802041,2.44701,2.59587,0.148858,60.0
1744878859274621.0,-2930.19,-3795.16,0.802205,2.55879,2.48994,-0.0688485,60.0
1744878859295395.0,-2930.19,-3795.16,0.802205,2.55879,2.42045,-0.138342,60.0
1744878859316011.0,-2932.73,-3793.12,0.80216,2.48994,2.63977,0.149828,60.0
1744878859336815.0,-2932.73,-3793.12,0.80216,2.48994,2.62181,0.131873,60.0
1744878859357524.0,-2932.73,-3793.12,0.80216,2.48994,2.58437,0.0944326,60.0
1744878859378001.0,-2935.27,-3791.07,0.802117,2.62181,2.59376,-0.0280549,60.0
1744878859398456.0,-2935.27,-3791.07,0.802117,2.62181,2.4887,-0.13311,60.0
1744878859419433.0,-2937.81,-3789.7,0.802481,2.59376,2.44689,-0.146862,60.0
1744878859440387.0,-2937.81,-3789.7,0.802481,2.59376,2.43812,-0.155637,60.0
1744878859460800.0,-2937.81,-3789.7,0.802481,2.59376,2.57987,-0.0138843,60.0
1744878859481515.0,-2939.93,-3787.66,0.802245,2.43812,2.48571,0.0475936,60.0
1744878859502170.0,-2939.93,-3787.66,0.802245,2.43812,2.58781,0.149689,60.0
1744878859523062.0,-2942.47,-3786.29,0.802611,2.48571,2.62214,0.13643,60.0
1744878859543872.0,-2942.47,-3786.29,0.802611,2.48571,2.59029,0.104577,60.0
1744878859564337.0,-2945.02,-3784.24,0.802574,2.62214,2.55887,-0.0632728,60.0
1744878859585034.0,-2945.02,-3784.24,0.802574,2.62214,2.67559,0.0534449,60.0
1744878859605653.0,-2945.02,-3784.24,0.802574,2.62214,2.4878,-0.134348,60.0
1744878859626387.0,-2947.56,-3782.88,0.802943,2.67559,2.64588,-0.0297103,60.0
1744878859647194.0,-2947.56,-3782.88,0.802943,2.67559,2.53761,-0.137982,60.0
1744878859667771.0,-2950.1,-3780.83,0.80291,2.64588,2.55535,-0.0905249,60.0
1744878859688546.0,-2950.1,-3780.83,0.80291,2.64588,2.52069,-0.125188,60.0
1744878859709381.0,-2950.1,-3780.83,0.80291,2.64588,2.61377,-0.0321056,60.0
1744878859730406.0,-2952.22,-3779.47,0.803085,2.52069,2.4538,-0.0668944,60.0
1744878859751188.0,-2952.22,-3779.47,0.803085,2.52069,2.5972,0.0765142,60.0
1744878859771848.0,-2954.76,-3777.42,0.803054,2.4538,2.54454,0.0907426,60.0
1744878859792361.0,-2954.76,-3777.42,0.803054,2.4538,2.33727,-0.116527,60.0
1744878859813460.0,-2954.76,-3777.42,0.803054,2.4538,2.61214,0.158341,60.0
1744878859833846.0,-2957.3,-3776.05,0.803428,2.33727,2.4295,0.0922295,60.0
1744878859854534.0,-2957.3,-3776.05,0.803428,2.33727,2.42211,0.0848395,60.0
1744878859875285.0,-2959.84,-3774.01,0.8034,2.4295,2.54704,0.117539,60.0
1744878859896072.0,-2959.84,-3774.01,0.8034,2.4295,2.47399,0.0444966,60.0
1744878859917012.0,-2959.84,-3774.01,0.8034,2.4295,2.4321,0.00259793,60.0
1744878859937754.0,-2961.96,-3771.96,0.803177,2.47399,2.51872,0.0447245,60.0
1744878859958823.0,-2961.96,-3771.96,0.803177,2.47399,2.50415,0.0301599,60.0
1744878859979154.0,-2964.5,-3770.59,0.803555,2.51872,2.44849,-0.0702325,60.0
1744878859999843.0,-2964.5,-3770.59,0.803555,2.51872,2.63726,0.118544,60.0
1744878860020479.0,-2967.04,-3768.55,0.803532,2.44849,2.42457,-0.0239181,60.0
1744878860041015.0,-2967.04,-3768.55,0.803532,2.44849,2.41083,-0.03766,60.0
1744878860061960.0,-2967.04,-3768.55,0.803532,2.44849,2.37992,-0.0685683,60.0
1744878860082762.0,-2969.59,-3767.18,0.803913,2.41083,2.53908,0.128253,60.0
1744878860103579.0,-2969.59,-3767.18,0.803913,2.41083,2.53797,0.12714,60.0
1744878860124415.0,-2971.7,-3765.13,0.803695,2.53908,2.69554,0.156461,60.0
1744878860145064.0,-2971.7,-3765.13,0.803695,2.53908,2.6442,0.105122,60.0
1744878860165836.0,-2971.7,-3765.13,0.803695,2.53908,2.55823,0.0191485,60.0
1744878860186532.0,-2974.25,-3763.08,0.803677,2.6442,2.61518,-0.0290243,60.0
1744878860207743.0,-2974.25,-3763.08,0.803677,2.6442,2.55098,-0.0932216,60.0
1744878860228648.0,-2976.79,-3761.72,0.804062,2.61518,2.65393,0.0387514,60.0
1744878860249302.0,-2976.79,-3761.72,0.804062,2.61518,2.62963,0.0144505,60.0
1744878860270036.0,-2976.79,-3761.72,0.804062,2.61518,2.47345,-0.141722,60.0
1744878860290801.0,-2978.91,-3759.67,0.803848,2.62963,2.55929,-0.0703359,60.0
1744878860311388.0,-2978.91,-3759.67,0.803848,2.62963,2.52417,-0.10546,60.0
1744878860331983.0,-2981.45,-3758.31,0.804236,2.55929,2.51598,-0.0433082,60.0
1744878860352969.0,-2981.45,-3758.31,0.804236,2.55929,2.41622,-0.143073,60.0
1744878860373830.0,-2983.99,-3756.26,0.804223,2.51598,2.43158,-0.0844053,60.0
1744878860394704.0,-2983.99,-3756.26,0.804223,2.51598,2.43156,-0.0844258,60.0
1744878860415401.0,-2983.99,-3756.26,0.804223,2.51598,2.50142,-0.0145584,60.0
1744878860436067.0,-2986.53,-3754.89,0.804614,2.43156,2.51801,0.0864543,60.0
1744878860456862.0,-2986.53,-3754.89,0.804614,2.43156,2.59252,0.160965,60.0
1744878860477489.0,-2989.07,-3752.85,0.804604,2.51801,2.47008,-0.0479335,60.0
1744878860498122.0,-2989.07,-3752.85,0.804604,2.51801,2.37035,-0.147661,60.0
1744878860518913.0,-2989.07,-3752.85,0.804604,2.51801,2.54038,0.0223714,60.0
1744878860539548.0,-2991.19,-3751.48,0.804798,2.37035,2.39055,0.0202009,60.0
1744878860560351.0,-2991.19,-3751.48,0.804798,2.37035,2.48949,0.119139,60.0
1744878860581020.0,-2993.73,-3749.43,0.804792,2.39055,2.40932,0.0187684,60.0
1744878860601754.0,-2993.73,-3749.43,0.804792,2.39055,2.54658,0.156032,60.0
1744878860622266.0,-2993.73,-3749.43,0.804792,2.39055,2.35686,-0.0336919,60.0
1744878860643288.0,-2996.28,-3747.39,0.804787,2.54658,2.60992,0.0633384,60.0
1744878860664038.0,-2996.28,-3747.39,0.804787,2.54658,2.44411,-0.102469,60.0
1744878860684756.0,-2998.39,-3746.02,0.804985,2.60992,2.49634,-0.113583,60.0
1744878860705763.0,-2998.39,-3746.02,0.804985,2.60992,2.55106,-0.0588615,60.0
1744878860726529.0,-3000.94,-3743.97,0.804983,2.55106,2.45783,-0.0932349,60.0
1744878860747233.0,-3000.94,-3743.97,0.804983,2.55106,2.59997,0.0489133,60.0
1744878860767781.0,-3000.94,-3743.97,0.804983,2.55106,2.6294,0.0783401,60.0
1744878860788636.0,-3003.48,-3742.61,0.805383,2.59997,2.55451,-0.0454614,60.0
1744878860809360.0,-3003.48,-3742.61,0.805383,2.59997,2.47299,-0.126981,60.0
1744878860829708.0,-3006.02,-3740.56,0.805384,2.55451,2.56364,0.00912357,60.0
1744878860850643.0,-3006.02,-3740.56,0.805384,2.55451,2.52265,-0.0318591,60.0
1744878860871391.0,-3006.02,-3740.56,0.805384,2.55451,2.57098,0.016467,60.0
1744878860892140.0,-3008.56,-3739.2,0.805787,2.52265,2.37356,-0.149094,60.0
1744878860912774.0,-3008.56,-3739.2,0.805787,2.52265,2.44181,-0.0808396,60.0
1744878860933469.0,-3010.68,-3737.15,0.805591,2.37356,2.39967,0.0261108,60.0
1744878860954260.0,-3010.68,-3737.15,0.805591,2.37356,2.35872,-0.0148413,60.0
1744878860974933.0,-3010.68,-3737.15,0.805591,2.37356,2.53602,0.162459,60.0
1744878860995516.0,-3013.22,-3735.1,0.805597,2.35872,2.43265,0.0739358,60.0
1744878861016392.0,-3013.22,-3735.1,0.805597,2.35872,2.47775,0.119034,60.0
1744878861037124.0,-3015.76,-3733.74,0.806004,2.43265,2.53761,0.10496,60.0
1744878861057696.0,-3015.76,-3733.74,0.806004,2.43265,2.301,-0.13165,60.0
1744878861078709.0,-3015.76,-3733.74,0.806004,2.43265,2.46111,0.028452,60.0
1744878861099411.0,-3017.88,-3731.69,0.805812,2.301,2.44049,0.139484,60.0
1744878861120115.0,-3017.88,-3731.69,0.805812,2.301,2.30023,-0.000771137,60.0
1744878861140816.0,-3020.42,-3730.32,0.806221,2.44049,2.35134,-0.0891472,60.0
1744878861161741.0,-3020.42,-3730.32,0.806221,2.44049,2.55813,0.117645,60.0
1744878861182600.0,-3022.96,-3728.28,0.806233,2.35134,2.5106,0.159259,60.0
1744878861203747.0,-3022.96,-3728.28,0.806233,2.35134,2.47941,0.128068,60.0
1744878861224383.0,-3022.96,-3728.28,0.806233,2.35134,2.3523,0.000957659,60.0
1744878861245060.0,-3025.08,-3726.23,0.806045,2.47941,2.54498,0.0655702,60.0
1744878861265946.0,-3025.08,-3726.23,0.806045,2.47941,2.52056,0.0411545,60.0
1744878861286421.0,-3027.62,-3724.86,0.806459,2.54498,2.65791,0.112936,60.0
1744878861307181.0,-3027.62,-3724.86,0.806459,2.54498,2.63783,0.0928468,60.0
1744878861328116.0,-3027.62,-3724.86,0.806459,2.54498,2.67661,0.131635,60.0
1744878861348959.0,-3029.74,-3722.81,0.806274,2.63783,2.54015,-0.0976743,60.0
1744878861369628.0,-3029.74,-3722.81,0.806274,2.63783,2.52309,-0.114734,60.0
1744878861390493.0,-3032.28,-3720.77,0.806292,2.54015,2.6922,0.152051,60.0
1744878861411370.0,-3032.28,-3720.77,0.806292,2.54015,2.63864,0.0984877,60.0
1744878861432108.0,-3032.28,-3720.77,0.806292,2.54015,2.43713,-0.103022,60.0
1744878861452946.0,-3034.83,-3719.4,0.806709,2.63864,2.6396,0.000963468,60.0
1744878861473883.0,-3034.83,-3719.4,0.806709,2.63864,2.65057,0.0119293,60.0
1744878861494725.0,-3037.37,-3717.35,0.806731,2.6396,2.56961,-0.0699896,60.0
1744878861516102.0,-3037.37,-3717.35,0.806731,2.6396,2.64083,0.00122804,60.0
1744878861536939.0,-3039.49,-3715.31,0.806551,2.64083,2.56023,-0.0806012,60.0
1744878861557581.0,-3039.49,-3715.31,0.806551,2.64083,2.56617,-0.0746628,60.0
1744878861578063.0,-3039.49,-3715.31,0.806551,2.64083,2.49684,-0.143995,60.0
1744878861598681.0,-3042.03,-3713.94,0.806972,2.56617,2.64971,0.0835418,60.0
1744878861619827.0,-3042.03,-3713.94,0.806972,2.56617,2.52438,-0.0417833,60.0
1744878861640475.0,-3044.57,-3711.89,0.806998,2.64971,2.50642,-0.143294,60.0
1744878861660999.0,-3044.57,-3711.89,0.806998,2.64971,2.60719,-0.0425198,60.0
1744878861682053.0,-3044.57,-3711.89,0.806998,2.64971,2.65678,0.00707183,60.0
1744878861702653.0,-3047.11,-3710.53,0.807423,2.60719,2.66187,0.0546789,60.0
1744878861723698.0,-3047.11,-3710.53,0.807423,2.60719,2.63502,0.0278281,60.0
1744878861744194.0,-3049.23,-3708.48,0.807249,2.66187,2.5004,-0.161469,60.0
1744878861764992.0,-3049.23,-3708.48,0.807249,2.66187,2.6696,0.00772698,60.0
1744878861785698.0,-3049.23,-3708.48,0.807249,2.66187,2.5718,-0.0900723,60.0
1744878861806421.0,-3051.77,-3707.12,0.807675,2.6696,2.59644,-0.0731545,60.0
1744878861827127.0,-3051.77,-3707.12,0.807675,2.6696,2.6077,-0.0618948,60.0
1744878861847916.0,-3054.31,-3705.07,0.807707,2.59644,2.54416,-0.0522775,60.0
1744878861868640.0,-3054.31,-3705.07,0.807707,2.59644,2.60168,0.00524422,60.0
1744878861889347.0,-3054.31,-3705.07,0.807707,2.59644,2.73565,0.139212,60.0
1744878861910137.0,-3056.85,-3703.7,0.808137,2.60168,2.74173,0.140042,60.0
1744878861930699.0,-3056.85,-3703.7,0.808137,2.60168,2.50408,-0.0976096,60.0
1744878861951471.0,-3059.4,-3701.66,0.808172,2.74173,2.58881,-0.152913,60.0
1744878861972147.0,-3059.4,-3701.66,0.808172,2.74173,2.58809,-0.153637,60.0
1744878861992678.0,-3061.94,-3700.29,0.808604,2.58881,2.57983,-0.00898233,60.0
1744878862013302.0,-3061.94,-3700.29,0.808604,2.58881,2.51794,-0.070874,60.0
1744878862034151.0,-3061.94,-3700.29,0.808604,2.58881,2.65129,0.062478,60.0
1744878862055075.0,-3064.48,-3698.93,0.809038,2.51794,2.49749,-0.0204529,60.0
1744878862075735.0,-3064.48,-3698.93,0.809038,2.51794,2.50774,-0.0101956,60.0
1744878862096506.0,-3067.02,-3696.88,0.809078,2.49749,2.34295,-0.154541,60.0
1744878862117208.0,-3067.02,-3696.88,0.809078,2.49749,2.63696,0.13947,60.0
1744878862137686.0,-3067.02,-3696.88,0.809078,2.49749,2.50747,0.00998391,60.0
1744878862158364.0,-3069.14,-3695.51,0.809309,2.63696,2.53345,-0.103503,60.0
1744878862178918.0,-3069.14,-3695.51,0.809309,2.63696,2.61252,-0.024436,60.0
1744878862199852.0,-3071.68,-3693.47,0.809352,2.53345,2.59562,0.0621612,60.0
1744878862221050.0,-3071.68,-3693.47,0.809352,2.53345,2.63485,0.101395,60.0
1744878862241962.0,-3071.68,-3693.47,0.809352,2.53345,2.68844,0.154981,60.0
1744878862262670.0,-3074.22,-3692.1,0.809791,2.63485,2.64496,0.0101067,60.0
1744878862283453.0,-3074.22,-3692.1,0.809791,2.63485,2.69302,0.0581737,60.0
1744878862304444.0,-3076.76,-3690.05,0.809837,2.64496,2.4853,-0.159654,60.0
1744878862325147.0,-3076.76,-3690.05,0.809837,2.64496,2.75411,0.109155,60.0
1744878862346012.0,-3076.76,-3690.05,0.809837,2.64496,2.60758,-0.0373744,60.0
1744878862366632.0,-3079.31,-3688.69,0.810279,2.75411,2.66386,-0.0902554,60.0
1744878862387285.0,-3079.31,-3688.69,0.810279,2.75411,2.69991,-0.0542012,60.0
1744878862407816.0,-3081.85,-3687.32,0.810722,2.66386,2.65749,-0.00636913,60.0
1744878862429062.0,-3081.85,-3687.32,0.810722,2.66386,2.60443,-0.0594245,60.0
1744878862449612.0,-3084.39,-3685.28,0.810772,2.65749,2.62101,-0.0364794,60.0
1744878862470257.0,-3084.39,-3685.28,0.810772,2.65749,2.49434,-0.163142,60.0
1744878862490909.0,-3084.39,-3685.28,0.810772,2.65749,2.50007,-0.157417,60.0
1744878862511707.0,-3086.93,-3683.91,0.811218,2.49434,2.37749,-0.116853,60.0
1744878862532707.0,-3086.93,-3683.91,0.811218,2.49434,2.5732,0.0788544,60.0
1744878862553266.0,-3089.47,-3682.55,0.811665,2.37749,2.481,0.10351,60.0
1744878862574016.0,-3089.47,-3682.55,0.811665,2.37749,2.5035,0.126007,60.0
1744878862594655.0,-3089.47,-3682.55,0.811665,2.37749,2.3279,-0.049592,60.0
1744878862615455.0,-3092.01,-3680.5,0.81172,2.5035,2.53665,0.0331517,60.0
1744878862636059.0,-3092.01,-3680.5,0.81172,2.5035,2.55345,0.0499509,60.0
1744878862656759.0,-3094.56,-3679.13,0.81217,2.53665,2.54215,0.00549423,60.0
1744878862677433.0,-3094.56,-3679.13,0.81217,2.53665,2.49896,-0.0376948,60.0
1744878862698143.0,-3094.56,-3679.13,0.81217,2.53665,2.60049,0.0638379,60.0
1744878862718948.0,-3097.1,-3677.77,0.812621,2.49896,2.56252,0.0635642,60.0
1744878862739786.0,-3097.1,-3677.77,0.812621,2.49896,2.4183,-0.0806556,60.0
1744878862760406.0,-3099.64,-3675.72,0.81268,2.56252,2.64058,0.078058,60.0
1744878862781368.0,-3099.64,-3675.72,0.81268,2.56252,2.49277,-0.0697534,60.0
1744878862801914.0,-3102.18,-3674.36,0.813134,2.64058,2.61375,-0.0268239,60.0
1744878862822718.0,-3102.18,-3674.36,0.813134,2.64058,2.57279,-0.0677878,60.0
1744878862843420.0,-3102.18,-3674.36,0.813134,2.64058,2.58506,-0.0555199,60.0
1744878862864010.0,-3104.72,-3672.31,0.813197,2.57279,2.46269,-0.110095,60.0
1744878862884890.0,-3104.72,-3672.31,0.813197,2.57279,2.43499,-0.137795,60.0
1744878862905608.0,-3107.26,-3670.94,0.813653,2.46269,2.52904,0.0663434,60.0
1744878862926143.0,-3107.26,-3670.94,0.813653,2.46269,2.52857,0.0658716,60.0
1744878862946783.0,-3107.26,-3670.94,0.813653,2.46269,2.41772,-0.0449749,60.0
1744878862967584.0,-3109.81,-3668.89,0.813719,2.52857,2.60858,0.0800098,60.0
1744878862988249.0,-3109.81,-3668.89,0.813719,2.52857,2.50058,-0.0279823,60.0
1744878863009236.0,-3112.35,-3667.53,0.814179,2.60858,2.53913,-0.0694418,60.0
1744878863029942.0,-3112.35,-3667.53,0.814179,2.60858,2.65034,0.041761,60.0
1744878863050822.0,-3112.35,-3667.53,0.814179,2.60858,2.44652,-0.162051,60.0
1744878863071420.0,-3114.47,-3666.16,0.814432,2.65034,2.55253,-0.0978029,60.0
1744878863092174.0,-3114.47,-3666.16,0.814432,2.65034,2.6076,-0.0427386,60.0
1744878863112670.0,-3117.01,-3664.12,0.814502,2.55253,2.54815,-0.0043872,60.0
1744878863133380.0,-3117.01,-3664.12,0.814502,2.55253,2.53608,-0.0164562,60.0
1744878863154089.0,-3117.01,-3664.12,0.814502,2.55253,2.64401,0.0914723,60.0
1744878863174733.0,-3119.55,-3662.75,0.814965,2.53608,2.58765,0.0515748,60.0
1744878863195833.0,-3119.55,-3662.75,0.814965,2.53608,2.39787,-0.138211,60.0
1744878863217012.0,-3122.09,-3660.7,0.815039,2.58765,2.53594,-0.0517156,60.0
1744878863237695.0,-3122.09,-3660.7,0.815039,2.58765,2.66393,0.0762733,60.0
1744878863258276.0,-3124.63,-3659.34,0.815505,2.53594,2.44629,-0.0896458,60.0
1744878863279058.0,-3124.63,-3659.34,0.815505,2.53594,2.61877,0.0828368,60.0
1744878863299660.0,-3124.63,-3659.34,0.815505,2.53594,2.51438,-0.021561,60.0
1744878863320338.0,-3127.17,-3657.97,0.815972,2.61877,2.47603,-0.142748,60.0
1744878863341042.0,-3127.17,-3657.97,0.815972,2.61877,2.69215,0.0733765,60.0
1744878863361676.0,-3129.72,-3655.93,0.81605,2.47603,2.57548,0.0994537,60.0
1744878863382505.0,-3129.72,-3655.93,0.81605,2.47603,2.61867,0.142647,60.0
1744878863403334.0,-3129.72,-3655.93,0.81605,2.47603,2.4391,-0.0369308,60.0
1744878863423703.0,-3132.26,-3654.56,0.81652,2.61867,2.47115,-0.147524,60.0
1744878863444548.0,-3132.26,-3654.56,0.81652,2.61867,2.56244,-0.0562348,60.0
1744878863465200.0,-3134.8,-3652.51,0.816601,2.47115,2.60759,0.136437,60.0
1744878863485871.0,-3134.8,-3652.51,0.816601,2.47115,2.49435,0.0232058,60.0
1744878863506450.0,-3134.8,-3652.51,0.816601,2.47115,2.36579,-0.105359,60.0
1744878863527256.0,-3137.34,-3651.15,0.817074,2.49435,2.60332,0.108969,60.0
1744878863548232.0,-3137.34,-3651.15,0.817074,2.49435,2.63399,0.139631,60.0
1744878863568908.0,-3139.88,-3649.78,0.817548,2.60332,2.67549,0.0721663,60.0
1744878863589547.0,-3139.88,-3649.78,0.817548,2.60332,2.57202,-0.0313075,60.0
1744878863610263.0,-3139.88,-3649.78,0.817548,2.60332,2.61622,0.0128973,60.0
1744878863631225.0,-3142.42,-3647.74,0.817634,2.57202,2.45415,-0.117867,60.0
1744878863651658.0,-3142.42,-3647.74,0.817634,2.57202,2.63527,0.0632511,60.0
1744878863672687.0,-3144.97,-3646.37,0.818111,2.45415,2.58537,0.131225,60.0
1744878863693424.0,-3144.97,-3646.37,0.818111,2.45415,2.57366,0.119514,60.0
1744878863714254.0,-3147.08,-3644.32,0.81799,2.58537,2.61236,0.0269848,60.0
1744878863735078.0,-3147.08,-3644.32,0.81799,2.58537,2.45127,-0.134102,60.0
1744878863755810.0,-3147.08,-3644.32,0.81799,2.58537,2.53057,-0.0548057,60.0
1744878863776344.0,-3149.63,-3642.96,0.818469,2.45127,2.60368,0.152404,60.0
1744878863797030.0,-3149.63,-3642.96,0.818469,2.45127,2.4697,0.0184228,60.0
1744878863818108.0,-3152.17,-3640.91,0.818561,2.60368,2.59464,-0.00904061,60.0
1744878863838794.0,-3152.17,-3640.91,0.818561,2.60368,2.53505,-0.068629,60.0
1744878863859393.0,-3152.17,-3640.91,0.818561,2.60368,2.58196,-0.02172,60.0
1744878863880338.0,-3154.71,-3639.55,0.819043,2.53505,2.59358,0.0585274,60.0
1744878863900797.0,-3154.71,-3639.55,0.819043,2.53505,2.67919,0.144141,60.0
1744878863921640.0,-3157.25,-3638.18,0.819527,2.59358,2.47094,-0.122631,60.0
1744878863942371.0,-3157.25,-3638.18,0.819527,2.59358,2.51611,-0.0774665,60.0
1744878863963374.0,-3157.25,-3638.18,0.819527,2.59358,2.55528,-0.0382939,60.0
1744878863983906.0,-3159.79,-3636.13,0.819623,2.51611,2.46403,-0.0520776,60.0
1744878864004446.0,-3159.79,-3636.13,0.819623,2.51611,2.51983,0.00371748,60.0
1744878864025085.0,-3162.33,-3634.77,0.820109,2.46403,2.4993,0.0352694,60.0
1744878864045617.0,-3162.33,-3634.77,0.820109,2.46403,2.47201,0.00798245,60.0
1744878864066613.0,-3162.33,-3634.77,0.820109,2.46403,2.50984,0.0458043,60.0
1744878864087255.0,-3164.88,-3632.72,0.820209,2.47201,2.55648,0.0844626,60.0
1744878864107753.0,-3164.88,-3632.72,0.820209,2.47201,2.5979,0.125888,60.0
1744878864128510.0,-3166.99,-3631.36,0.820487,2.55648,2.64742,0.0909439,60.0
1744878864149395.0,-3166.99,-3631.36,0.820487,2.55648,2.52639,-0.0300887,60.0
1744878864169799.0,-3169.54,-3629.31,0.820589,2.64742,2.71354,0.0661191,60.0
1744878864190598.0,-3169.54,-3629.31,0.820589,2.64742,2.52053,-0.126893,60.0
1744878864211721.0,-3169.54,-3629.31,0.820589,2.64742,2.65516,0.00774365,60.0
1744878864232275.0,-3172.08,-3627.94,0.821081,2.52053,2.43859,-0.0819338,60.0
1744878864252750.0,-3172.08,-3627.94,0.821081,2.52053,2.59772,0.0771892,60.0
1744878864273642.0,-3174.62,-3625.9,0.821187,2.43859,2.52137,0.0827747,60.0
1744878864294426.0,-3174.62,-3625.9,0.821187,2.43859,2.57568,0.137083,60.0
1744878864314879.0,-3174.62,-3625.9,0.821187,2.43859,2.53556,0.0969674,60.0
1744878864335865.0,-3177.16,-3624.53,0.821681,2.57568,2.60242,0.0267471,60.0
1744878864356397.0,-3177.16,-3624.53,0.821681,2.57568,2.57282,-0.00285424,60.0
1744878864377042.0,-3179.7,-3622.48,0.82179,2.60242,2.55293,-0.0494971,60.0
1744878864397772.0,-3179.7,-3622.48,0.82179,2.60242,2.54401,-0.0584159,60.0
1744878864418754.0,-3179.7,-3622.48,0.82179,2.60242,2.53377,-0.06865,60.0
1744878864439247.0,-3182.24,-3621.12,0.822287,2.54401,2.42262,-0.121392,60.0
1744878864460031.0,-3182.24,-3621.12,0.822287,2.54401,2.43903,-0.104978,60.0
1744878864480921.0,-3184.79,-3619.75,0.822785,2.42262,2.45162,0.0290024,60.0
1744878864501306.0,-3184.79,-3619.75,0.822785,2.42262,2.52145,0.0988386,60.0
1744878864521852.0,-3184.79,-3619.75,0.822785,2.42262,2.38495,-0.0376686,60.0
1744878864542731.0,-3186.9,-3617.7,0.822686,2.52145,2.66798,0.146525,60.0
1744878864563704.0,-3186.9,-3617.7,0.822686,2.52145,2.50317,-0.0182808,60.0
1744878864584361.0,-3189.45,-3616.34,0.823187,2.66798,2.5471,-0.120883,60.0
1744878864604999.0,-3189.45,-3616.34,0.823187,2.66798,2.53957,-0.128408,60.0
1744878864625836.0,-3191.99,-3614.29,0.823303,2.5471,2.62785,0.0807504,60.0
1744878864646435.0,-3191.99,-3614.29,0.823303,2.5471,2.47649,-0.0706035,60.0
1744878864667299.0,-3191.99,-3614.29,0.823303,2.5471,2.56628,0.0191814,60.0
1744878864688219.0,-3194.53,-3612.93,0.823807,2.47649,2.55754,0.0810453,60.0
1744878864709154.0,-3194.53,-3612.93,0.823807,2.47649,2.50238,0.0258889,60.0
1744878864729638.0,-3197.07,-3610.88,0.823927,2.55754,2.64379,0.0862507,60.0
1744878864750368.0,-3197.07,-3610.88,0.823927,2.55754,2.53536,-0.0221802,60.0
1744878864771072.0,-3197.07,-3610.88,0.823927,2.55754,2.56625,0.00871651,60.0
1744878864791849.0,-3199.61,-3609.51,0.824433,2.53536,2.41684,-0.118519,60.0
1744878864812687.0,-3199.61,-3609.51,0.824433,2.53536,2.53017,-0.00519169,60.0
1744878864833566.0,-3202.15,-3607.47,0.824556,2.41684,2.36259,-0.0542499,60.0
1744878864854164.0,-3202.15,-3607.47,0.824556,2.41684,2.5087,0.0918622,60.0
1744878864874792.0,-3202.15,-3607.47,0.824556,2.41684,2.54435,0.12751,60.0
1744878864895520.0,-3204.27,-3606.1,0.824851,2.5087,2.51998,0.011275,60.0
1744878864916342.0,-3204.27,-3606.1,0.824851,2.5087,2.65884,0.150138,60.0
1744878864937062.0,-3206.81,-3604.05,0.824977,2.51998,2.63713,0.117149,60.0
1744878864957721.0,-3206.81,-3604.05,0.824977,2.51998,2.48213,-0.0378422,60.0
1744878864978407.0,-3209.36,-3602.69,0.825489,2.63713,2.66671,0.0295832,60.0
1744878864999072.0,-3209.36,-3602.69,0.825489,2.63713,2.57373,-0.0633914,60.0
1744878865019766.0,-3209.36,-3602.69,0.825489,2.63713,2.50676,-0.130366,60.0
1744878865040450.0,-3211.9,-3600.64,0.825617,2.57373,2.71522,0.14149,60.0
1744878865061438.0,-3211.9,-3600.64,0.825617,2.57373,2.44156,-0.132174,60.0
1744878865082042.0,-3214.44,-3599.28,0.826132,2.71522,2.63285,-0.0823703,60.0
1744878865102575.0,-3214.44,-3599.28,0.826132,2.71522,2.61714,-0.0980815,60.0
1744878865123328.0,-3214.44,-3599.28,0.826132,2.71522,2.76113,0.0459061,60.0
1744878865143947.0,-3216.98,-3597.23,0.826264,2.61714,2.72957,0.112425,60.0
1744878865164615.0,-3216.98,-3597.23,0.826264,2.61714,2.72946,0.112313,60.0
1744878865185112.0,-3219.1,-3595.86,0.826567,2.72957,2.60504,-0.124527,60.0
1744878865206352.0,-3219.1,-3595.86,0.826567,2.72957,2.68866,-0.0409052,60.0
1744878865227052.0,-3219.1,-3595.86,0.826567,2.72957,2.67515,-0.0544203,60.0
1744878865247921.0,-3221.64,-3593.82,0.826701,2.68866,2.56102,-0.127648,60.0
1744878865268635.0,-3221.64,-3593.82,0.826701,2.68866,2.54736,-0.141307,60.0
1744878865289128.0,-3224.18,-3592.45,0.827221,2.56102,2.46099,-0.100028,60.0
1744878865309840.0,-3224.18,-3592.45,0.827221,2.56102,2.52804,-0.0329749,60.0
1744878865330877.0,-3226.72,-3591.09,0.827743,2.52804,2.49055,-0.0374909,60.0
1744878865351708.0,-3226.72,-3591.09,0.827743,2.52804,2.57562,0.0475805,60.0
1744878865372478.0,-3226.72,-3591.09,0.827743,2.52804,2.48695,-0.0410945,60.0
1744878865393160.0,-3229.27,-3589.04,0.827882,2.57562,2.57278,-0.00283898,60.0
1744878865413920.0,-3229.27,-3589.04,0.827882,2.57562,2.65123,0.0756083,60.0
1744878865434529.0,-3231.81,-3587.67,0.828406,2.57278,2.53624,-0.0365431,60.0
1744878865455362.0,-3231.81,-3587.67,0.828406,2.57278,2.64613,0.0733433,60.0
1744878865476107.0,-3231.81,-3587.67,0.828406,2.57278,2.62887,0.0560927,60.0
1744878865496664.0,-3234.35,-3586.31,0.828931,2.64613,2.56764,-0.0784883,60.0
1744878865517651.0,-3234.35,-3586.31,0.828931,2.64613,2.75776,0.11163,60.0
1744878865538267.0,-3236.89,-3584.26,0.829075,2.56764,2.65865,0.0910078,60.0
1744878865558937.0,-3236.89,-3584.26,0.829075,2.56764,2.5204,-0.0472415,60.0
1744878865579541.0,-3236.89,-3584.26,0.829075,2.56764,2.45053,-0.117111,60.0
1744878865600255.0,-3239.43,-3582.89,0.829603,2.5204,2.63122,0.110824,60.0
1744878865621049.0,-3239.43,-3582.89,0.829603,2.5204,2.52127,0.000873924,60.0
1744878865641596.0,-3241.97,-3580.85,0.82975,2.63122,2.59687,-0.0343511,60.0
1744878865662253.0,-3241.97,-3580.85,0.82975,2.63122,2.62177,-0.00944663,60.0
1744878865683066.0,-3241.97,-3580.85,0.82975,2.63122,2.54627,-0.0849544,60.0
1744878865703734.0,-3244.52,-3579.48,0.830281,2.62177,2.55441,-0.0673668,60.0
1744878865725178.0,-3244.52,-3579.48,0.830281,2.62177,2.56134,-0.0604291,60.0
1744878865746282.0,-3247.06,-3578.12,0.830813,2.55441,2.50982,-0.0445902,60.0
1744878865766976.0,-3247.06,-3578.12,0.830813,2.55441,2.51597,-0.0384376,60.0
1744878865787692.0,-3249.6,-3576.07,0.830965,2.50982,2.51892,0.00910748,60.0
1744878865808354.0,-3249.6,-3576.07,0.830965,2.50982,2.51272,0.00290679,60.0
1744878865829250.0,-3249.6,-3576.07,0.830965,2.50982,2.66047,0.150652,60.0
1744878865849794.0,-3252.14,-3574.7,0.8315,2.51272,2.35524,-0.157485,60.0
1744878865870565.0,-3252.14,-3574.7,0.8315,2.51272,2.56139,0.0486693,60.0
1744878865891126.0,-3254.68,-3572.66,0.831654,2.35524,2.46612,0.11088,60.0
1744878865911812.0,-3254.68,-3572.66,0.831654,2.35524,2.4009,0.0456579,60.0
1744878865932436.0,-3254.68,-3572.66,0.831654,2.35524,2.50447,0.149235,60.0
1744878865953314.0,-3257.22,-3571.29,0.832192,2.4009,2.5056,0.104707,60.0
1744878865973950.0,-3257.22,-3571.29,0.832192,2.4009,2.43415,0.0332568,60.0
1744878865994735.0,-3259.77,-3569.93,0.832731,2.5056,2.54058,0.0349758,60.0
1744878866015402.0,-3259.77,-3569.93,0.832731,2.5056,2.59652,0.0909226,60.0
1744878866036053.0,-3259.77,-3569.93,0.832731,2.5056,2.47341,-0.0321922,60.0
1744878866056555.0,-3261.88,-3567.88,0.832673,2.59652,2.62594,0.029418,60.0
1744878866077206.0,-3261.88,-3567.88,0.832673,2.59652,2.49101,-0.105512,60.0
1744878866098087.0,-3264.43,-3566.51,0.833215,2.62594,2.58533,-0.04061,60.0
1744878866118638.0,-3264.43,-3566.51,0.833215,2.62594,2.50795,-0.117991,60.0
1744878866139530.0,-3264.43,-3566.51,0.833215,2.62594,2.55632,-0.0696251,60.0
1744878866160396.0,-3266.97,-3564.47,0.833377,2.50795,2.56717,0.0592233,60.0
1744878866181045.0,-3266.97,-3564.47,0.833377,2.50795,2.4067,-0.101249,60.0
1744878866201682.0,-3269.51,-3563.1,0.833921,2.56717,2.54912,-0.0180507,60.0
1744878866222804.0,-3269.51,-3563.1,0.833921,2.56717,2.43615,-0.13103,60.0
1744878866243605.0,-3272.05,-3561.05,0.834086,2.54912,2.65279,0.103664,60.0
1744878866264436.0,-3272.05,-3561.05,0.834086,2.54912,2.44029,-0.108832,60.0
1744878866285066.0,-3272.05,-3561.05,0.834086,2.54912,2.512,-0.0371272,60.0
1744878866305717.0,-3274.59,-3559.69,0.834633,2.44029,2.56296,0.122673,60.0
1744878866326622.0,-3274.59,-3559.69,0.834633,2.44029,2.55572,0.115432,60.0
1744878866347244.0,-3277.13,-3557.64,0.834802,2.56296,2.42819,-0.13477,60.0
1744878866368506.0,-3277.13,-3557.64,0.834802,2.56296,2.58637,0.0234094,60.0
1744878866389241.0,-3277.13,-3557.64,0.834802,2.56296,2.57949,0.0165304,60.0
1744878866410016.0,-3279.68,-3556.28,0.835352,2.58637,2.46101,-0.12536,60.0
1744878866430632.0,-3279.68,-3556.28,0.835352,2.58637,2.57537,-0.0110078,60.0
1744878866451339.0,-3281.79,-3554.91,0.835684,2.46101,2.42843,-0.0325871,60.0
1744878866472116.0,-3281.79,-3554.91,0.835684,2.46101,2.51808,0.0570686,60.0
1744878866492813.0,-3281.79,-3554.91,0.835684,2.46101,2.40433,-0.0566792,60.0
1744878866513667.0,-3284.34,-3552.86,0.835857,2.51808,2.66692,0.148843,60.0
1744878866534355.0,-3284.34,-3552.86,0.835857,2.51808,2.51247,-0.00561441,60.0
1744878866554715.0,-3286.88,-3551.5,0.836411,2.66692,2.68855,0.0216244,60.0
1744878866575474.0,-3286.88,-3551.5,0.836411,2.66692,2.57753,-0.0893974,60.0
1744878866596222.0,-3289.42,-3549.45,0.836587,2.68855,2.75502,0.0664721,60.0
1744878866616840.0,-3289.42,-3549.45,0.836587,2.68855,2.74556,0.0570154,60.0
1744878866637520.0,-3289.42,-3549.45,0.836587,2.68855,2.73875,0.0502027,60.0
1744878866658213.0,-3291.96,-3548.08,0.837143,2.74556,2.67275,-0.0728149,60.0
1744878866678892.0,-3291.96,-3548.08,0.837143,2.74556,2.58157,-0.163998,60.0
1744878866699569.0,-3294.5,-3546.04,0.837322,2.67275,2.57566,-0.0970856,60.0
1744878866720537.0,-3294.5,-3546.04,0.837322,2.67275,2.51397,-0.158783,60.0
1744878866741457.0,-3294.5,-3546.04,0.837322,2.67275,2.59872,-0.0740342,60.0
1744878866762162.0,-3297.04,-3544.67,0.837882,2.51397,2.5473,0.033329,60.0
1744878866782943.0,-3297.04,-3544.67,0.837882,2.51397,2.48191,-0.0320524,60.0
1744878866803878.0,-3299.59,-3543.31,0.838442,2.5473,2.53086,-0.0164336,60.0
1744878866824318.0,-3299.59,-3543.31,0.838442,2.5473,2.49572,-0.0515764,60.0
1744878866845306.0,-3299.59,-3543.31,0.838442,2.5473,2.42732,-0.119975,60.0
1744878866865591.0,-3302.13,-3541.26,0.838626,2.49572,2.36959,-0.126133,60.0
1744878866886323.0,-3302.13,-3541.26,0.838626,2.49572,2.58549,0.0897671,60.0
1744878866906974.0,-3304.67,-3539.89,0.839189,2.36959,2.52198,0.152397,60.0
1744878866927719.0,-3304.67,-3539.89,0.839189,2.36959,2.49459,0.125001,60.0
1744878866948391.0,-3304.67,-3539.89,0.839189,2.36959,2.44942,0.0798297,60.0
1744878866969460.0,-3307.21,-3537.85,0.839376,2.49459,2.5087,0.0141124,60.0
1744878866989866.0,-3307.21,-3537.85,0.839376,2.49459,2.61458,0.119996,60.0
1744878867010527.0,-3309.33,-3536.48,0.839722,2.5087,2.48394,-0.0247641,60.0
1744878867031321.0,-3309.33,-3536.48,0.839722,2.5087,2.57538,0.066679,60.0
1744878867052248.0,-3311.87,-3534.43,0.839911,2.57538,2.43244,-0.142935,60.0
1744878867072963.0,-3311.87,-3534.43,0.839911,2.57538,2.56177,-0.013609,60.0
1744878867093741.0,-3311.87,-3534.43,0.839911,2.57538,2.65533,0.0799481,60.0
1744878867114374.0,-3314.41,-3533.07,0.84048,2.56177,2.4767,-0.0850669,60.0
1744878867135120.0,-3314.41,-3533.07,0.84048,2.56177,2.53077,-0.0310019,60.0
1744878867155812.0,-3316.95,-3531.7,0.84105,2.4767,2.6053,0.128594,60.0
1744878867176509.0,-3316.95,-3531.7,0.84105,2.4767,2.36249,-0.114214,60.0
1744878867197565.0,-3316.95,-3531.7,0.84105,2.4767,2.53672,0.0600194,60.0
1744878867218697.0,-3319.5,-3529.66,0.841244,2.36249,2.46598,0.10349,60.0
1744878867239645.0,-3319.5,-3529.66,0.841244,2.36249,2.43292,0.0704258,60.0
1744878867260378.0,-3322.04,-3528.29,0.841817,2.46598,2.45104,-0.0149424,60.0
1744878867280875.0,-3322.04,-3528.29,0.841817,2.46598,2.60181,0.135829,60.0
1744878867301503.0,-3322.04,-3528.29,0.841817,2.46598,2.59222,0.126242,60.0
1744878867322559.0,-3324.58,-3526.24,0.842015,2.60181,2.5123,-0.0895086,60.0
1744878867343024.0,-3324.58,-3526.24,0.842015,2.60181,2.49557,-0.106237,60.0
1744878867363860.0,-3326.7,-3524.88,0.842369,2.5123,2.64822,0.135915,60.0
1744878867384895.0,-3326.7,-3524.88,0.842369,2.5123,2.40503,-0.107266,60.0
1744878867405989.0,-3329.24,-3522.83,0.842569,2.64822,2.62692,-0.0212924,60.0
1744878867426576.0,-3329.24,-3522.83,0.842569,2.64822,2.657,0.00878081,60.0
1744878867447272.0,-3329.24,-3522.83,0.842569,2.64822,2.62541,-0.0228045,60.0
1744878867467822.0,-3331.78,-3521.46,0.843147,2.657,2.6957,0.0387081,60.0
1744878867488461.0,-3331.78,-3521.46,0.843147,2.657,2.76489,0.107896,60.0
1744878867509469.0,-3334.32,-3519.42,0.84335,2.6957,2.73717,0.0414617,60.0
1744878867530250.0,-3334.32,-3519.42,0.84335,2.6957,2.63373,-0.0619746,60.0
1744878867550959.0,-3334.32,-3519.42,0.84335,2.6957,2.61816,-0.0775461,60.0
1744878867572040.0,-3336.86,-3518.05,0.843931,2.63373,2.47325,-0.160482,60.0
1744878867592599.0,-3336.86,-3518.05,0.843931,2.63373,2.54774,-0.0859848,60.0
1744878867613068.0,-3339.41,-3516.0,0.844138,2.47325,2.63587,0.162617,60.0
1744878867633678.0,-3339.41,-3516.0,0.844138,2.47325,2.46098,-0.0122723,60.0
1744878867654378.0,-3339.41,-3516.0,0.844138,2.47325,2.63256,0.15931,60.0
1744878867675141.0,-3341.95,-3514.64,0.844722,2.46098,2.41355,-0.0474254,60.0
1744878867695771.0,-3341.95,-3514.64,0.844722,2.46098,2.54428,0.0833087,60.0
1744878867716883.0,-3344.49,-3512.59,0.844931,2.41355,2.56792,0.154371,60.0
1744878867737443.0,-3344.49,-3512.59,0.844931,2.41355,2.34692,-0.066626,60.0
1744878867758012.0,-3344.49,-3512.59,0.844931,2.41355,2.51237,0.0988225,60.0
1744878867779000.0,-3346.61,-3511.23,0.845295,2.34692,2.31446,-0.0324607,60.0
1744878867799677.0,-3346.61,-3511.23,0.845295,2.34692,2.49256,0.145632,60.0
1744878867820522.0,-3349.15,-3509.18,0.845507,2.31446,2.47425,0.159788,60.0
1744878867841529.0,-3349.15,-3509.18,0.845507,2.31446,2.39547,0.0810062,60.0
1744878867861884.0,-3351.69,-3507.81,0.846096,2.47425,2.4325,-0.0417491,60.0
1744878867882573.0,-3351.69,-3507.81,0.846096,2.47425,2.41956,-0.0546917,60.0
1744878867903656.0,-3351.69,-3507.81,0.846096,2.47425,2.57344,0.099192,60.0
1744878867924369.0,-3354.23,-3505.77,0.846312,2.41956,2.5569,0.137339,60.0
1744878867944765.0,-3354.23,-3505.77,0.846312,2.41956,2.32033,-0.0992331,60.0
1744878867965768.0,-3356.77,-3504.4,0.846904,2.5569,2.51465,-0.042253,60.0
1744878867986510.0,-3356.77,-3504.4,0.846904,2.5569,2.62734,0.0704434,60.0
1744878868007082.0,-3356.77,-3504.4,0.846904,2.5569,2.64497,0.0880722,60.0
1744878868027858.0,-3358.89,-3502.35,0.846899,2.62734,2.59883,-0.0285168,60.0
1744878868048604.0,-3358.89,-3502.35,0.846899,2.62734,2.54053,-0.0868072,60.0
1744878868069228.0,-3361.43,-3500.99,0.847494,2.59882,2.48983,-0.108999,60.0
1744878868089916.0,-3361.43,-3500.99,0.847494,2.59882,2.51935,-0.0794719,60.0
1744878868110632.0,-3361.43,-3500.99,0.847494,2.59882,2.55421,-0.0446145,60.0
1744878868131439.0,-3363.98,-3498.94,0.847715,2.51935,2.54518,0.0258268,60.0
1744878868152313.0,-3363.98,-3498.94,0.847715,2.51935,2.51953,0.000179831,60.0
1744878868173138.0,-3366.52,-3497.57,0.848312,2.54518,2.51162,-0.0335562,60.0
1744878868194131.0,-3366.52,-3497.57,0.848312,2.54518,2.55209,0.00690939,60.0
1744878868214979.0,-3366.52,-3497.57,0.848312,2.54518,2.67992,0.134738,60.0
1744878868235654.0,-3369.06,-3495.53,0.848537,2.55209,2.61726,0.06517,60.0
1744878868256445.0,-3369.06,-3495.53,0.848537,2.55209,2.6094,0.057314,60.0
1744878868277393.0,-3371.18,-3494.16,0.848913,2.61726,2.4735,-0.143757,60.0
1744878868298089.0,-3371.18,-3494.16,0.848913,2.61726,2.62645,0.00919567,60.0
1744878868318826.0,-3373.72,-3492.11,0.849141,2.4735,2.42016,-0.0533378,60.0
1744878868339397.0,-3373.72,-3492.11,0.849141,2.4735,2.62171,0.148206,60.0
1744878868360121.0,-3373.72,-3492.11,0.849141,2.4735,2.5095,0.0359982,60.0
1744878868380803.0,-3376.26,-3490.75,0.849743,2.62171,2.72817,0.106463,60.0
1744878868401439.0,-3376.26,-3490.75,0.849743,2.62171,2.66328,0.0415691,60.0
1744878868422149.0,-3378.8,-3488.7,0.849974,2.72817,2.66687,-0.0613021,60.0
1744878868443103.0,-3378.8,-3488.7,0.849974,2.72817,2.58362,-0.144545,60.0
1744878868464065.0,-3378.8,-3488.7,0.849974,2.72817,2.59369,-0.134479,60.0
1744878868484676.0,-3381.34,-3487.34,0.850579,2.58362,2.6613,0.0776741,60.0
1744878868505430.0,-3381.34,-3487.34,0.850579,2.58362,2.56502,-0.0186049,60.0
1744878868526166.0,-3383.89,-3485.29,0.850814,2.6613,2.58461,-0.0766843,60.0
1744878868547243.0,-3383.89,-3485.29,0.850814,2.6613,2.51795,-0.143351,60.0
1744878868567762.0,-3383.89,-3485.29,0.850814,2.6613,2.50746,-0.153841,60.0
1744878868588419.0,-3386.0,-3483.92,0.851196,2.51795,2.56016,0.0422138,60.0
1744878868609275.0,-3386.0,-3483.92,0.851196,2.51795,2.4893,-0.0286476,60.0
1744878868629825.0,-3388.55,-3481.87,0.851433,2.56016,2.40654,-0.153626,60.0
1744878868650591.0,-3388.55,-3481.87,0.851433,2.56016,2.60377,0.0436068,60.0
1744878868671677.0,-3391.09,-3480.51,0.852044,2.40654,2.47046,0.0639223,60.0
1744878868692337.0,-3391.09,-3480.51,0.852044,2.40654,2.5651,0.158569,60.0
1744878868713024.0,-3391.09,-3480.51,0.852044,2.40654,2.55797,0.151438,60.0
1744878868733777.0,-3393.63,-3478.46,0.852284,2.5651,2.65643,0.0913298,60.0
1744878868754432.0,-3393.63,-3478.46,0.852284,2.5651,2.52395,-0.0411537,60.0
1744878868775157.0,-3396.17,-3477.1,0.852897,2.65643,2.55783,-0.0985994,60.0
1744878868796155.0,-3396.17,-3477.1,0.852897,2.65643,2.58211,-0.0743241,60.0
1744878868816883.0,-3396.17,-3477.1,0.852897,2.65643,2.5447,-0.11173,60.0
1744878868837370.0,-3398.71,-3475.73,0.853512,2.58211,2.57358,-0.00852917,60.0
1744878868858019.0,-3398.71,-3475.73,0.853512,2.58211,2.62176,0.0396522,60.0
1744878868878787.0,-3401.25,-3473.68,0.853757,2.57358,2.43102,-0.14256,60.0
1744878868899396.0,-3401.25,-3473.68,0.853757,2.57358,2.57721,0.00363161,60.0
1744878868920165.0,-3401.25,-3473.68,0.853757,2.57358,2.4482,-0.125381,60.0
1744878868940837.0,-3403.79,-3472.32,0.854374,2.57721,2.68893,0.111713,60.0
1744878868961567.0,-3403.79,-3472.32,0.854374,2.57721,2.48691,-0.0903064,60.0
1744878868982206.0,-3406.34,-3470.27,0.854622,2.68893,2.6233,-0.0656204,60.0
1744878869002896.0,-3406.34,-3470.27,0.854622,2.68893,2.78548,0.0965562,60.0
1744878869023587.0,-3406.34,-3470.27,0.854622,2.68893,2.81636,0.127431,60.0
1744878869044481.0,-3408.45,-3468.91,0.855015,2.78548,2.64251,-0.142971,60.0
1744878869065233.0,-3408.45,-3468.91,0.855015,2.78548,2.67777,-0.107707,60.0
1744878869085785.0,-3411.0,-3466.86,0.855266,2.64251,2.56728,-0.0752339,60.0
1744878869106704.0,-3411.0,-3466.86,0.855266,2.64251,2.65481,0.0123008,60.0
1744878869127285.0,-3413.54,-3465.49,0.855889,2.56728,2.69977,0.132492,60.0
1744878869147812.0,-3413.54,-3465.49,0.855889,2.56728,2.48119,-0.0860854,60.0
1744878869168801.0,-3413.54,-3465.49,0.855889,2.56728,2.4991,-0.0681795,60.0
1744878869189184.0,-3416.08,-3464.13,0.856513,2.48119,2.4737,-0.00748688,60.0
1744878869209948.0,-3416.08,-3464.13,0.856513,2.48119,2.48311,0.00191604,60.0
1744878869230913.0,-3418.62,-3462.08,0.856769,2.4737,2.43373,-0.039978,60.0
1744878869251537.0,-3418.62,-3462.08,0.856769,2.4737,2.37651,-0.0971937,60.0
1744878869272246.0,-3418.62,-3462.08,0.856769,2.4737,2.46761,-0.006095,60.0
1744878869292888.0,-3421.16,-3460.71,0.857395,2.37651,2.27577,-0.100743,60.0
1744878869313550.0,-3421.16,-3460.71,0.857395,2.37651,2.50821,0.131704,60.0
1744878869334312.0,-3423.7,-3459.35,0.858024,2.27577,2.38875,0.112983,60.0
1744878869355091.0,-3423.7,-3459.35,0.858024,2.27577,2.41834,0.142571,60.0
1744878869375621.0,-3423.7,-3459.35,0.858024,2.27577,2.38601,0.110239,60.0
1744878869396325.0,-3426.25,-3457.3,0.858284,2.41834,2.43677,0.0184335,60.0
1744878869417032.0,-3426.25,-3457.3,0.858284,2.41834,2.53159,0.113255,60.0
1744878869437705.0,-3428.79,-3455.94,0.858915,2.43677,2.46557,0.0287971,60.0
1744878869458463.0,-3428.79,-3455.94,0.858915,2.43677,2.59252,0.155749,60.0
1744878869479195.0,-3428.79,-3455.94,0.858915,2.43677,2.56736,0.130588,60.0
1744878869500130.0,-3431.33,-3453.89,0.859178,2.59252,2.58537,-0.00715396,60.0
1744878869520755.0,-3431.33,-3453.89,0.859178,2.59252,2.58706,-0.00546204,60.0
1744878869541542.0,-3433.45,-3452.52,0.859583,2.58537,2.66466,0.079297,60.0
1744878869562065.0,-3433.45,-3452.52,0.859583,2.58537,2.55816,-0.0272073,60.0
1744878869582876.0,-3435.99,-3450.48,0.859849,2.66466,2.54658,-0.118081,60.0
1744878869603801.0,-3435.99,-3450.48,0.859849,2.66466,2.62154,-0.0431201,60.0
1744878869624308.0,-3435.99,-3450.48,0.859849,2.66466,2.59501,-0.0696565,60.0
1744878869644964.0,-3438.53,-3449.11,0.860485,2.62154,2.61545,-0.00609267,60.0
1744878869665639.0,-3438.53,-3449.11,0.860485,2.62154,2.51078,-0.110766,60.0
1744878869686560.0,-3441.07,-3447.06,0.860754,2.61545,2.49616,-0.119293,60.0
1744878869707172.0,-3441.07,-3447.06,0.860754,2.61545,2.61338,-0.00207538,60.0
1744878869728445.0,-3441.07,-3447.06,0.860754,2.61545,2.49637,-0.119085,60.0
1744878869748995.0,-3443.61,-3445.7,0.861393,2.61338,2.62115,0.00777012,60.0
1744878869769680.0,-3443.61,-3445.7,0.861393,2.61338,2.54834,-0.06504,60.0
1744878869790279.0,-3446.16,-3443.65,0.861666,2.62115,2.53478,-0.0863692,60.0
1744878869810937.0,-3446.16,-3443.65,0.861666,2.62115,2.55523,-0.0659133,60.0
1744878869831799.0,-3446.16,-3443.65,0.861666,2.62115,2.47597,-0.145173,60.0
1744878869852471.0,-3448.7,-3442.29,0.862307,2.55523,2.66073,0.105497,60.0
1744878869873174.0,-3448.7,-3442.29,0.862307,2.55523,2.46544,-0.0897887,60.0
1744878869894125.0,-3451.24,-3440.92,0.862951,2.66073,2.54838,-0.112347,60.0
1744878869914664.0,-3451.24,-3440.92,0.862951,2.66073,2.5224,-0.138328,60.0
1744878869935394.0,-3451.24,-3440.92,0.862951,2.66073,2.59371,-0.0670224,60.0
1744878869956134.0,-3453.78,-3438.87,0.863227,2.5224,2.54503,0.0226311,60.0
1744878869976744.0,-3453.78,-3438.87,0.863227,2.5224,2.48929,-0.0331107,60.0
1744878869997480.0,-3456.32,-3437.51,0.863873,2.54503,2.63343,0.0883972,60.0
1744878870018273.0,-3456.32,-3437.51,0.863873,2.54503,2.40911,-0.135922,60.0
1744878870038878.0,-3458.86,-3435.46,0.864153,2.63343,2.61854,-0.0148841,60.0
1744878870059649.0,-3458.86,-3435.46,0.864153,2.63343,2.49432,-0.139105,60.0
1744878870080878.0,-3458.86,-3435.46,0.864153,2.63343,2.65825,0.0248246,60.0
1744878870101271.0,-3460.98,-3434.09,0.864571,2.49432,2.55852,0.0641965,60.0
1744878870122333.0,-3460.98,-3434.09,0.864571,2.49432,2.54905,0.0547227,60.0
1744878870143028.0,-3463.52,-3432.05,0.864854,2.55852,2.55636,-0.00215777,60.0
1744878870163691.0,-3463.52,-3432.05,0.864854,2.55852,2.60373,0.0452085,60.0
1744878870184607.0,-3463.52,-3432.05,0.864854,2.55852,2.46637,-0.0921522,60.0
1744878870205240.0,-3466.07,-3430.68,0.865506,2.60373,2.46271,-0.141019,60.0
1744878870226459.0,-3466.07,-3430.68,0.865506,2.60373,2.46749,-0.136235,60.0
1744878870247017.0,-3468.61,-3429.32,0.866158,2.46271,2.50911,0.0464027,60.0
1744878870268177.0,-3468.61,-3429.32,0.866158,2.46271,2.46039,-0.00231736,60.0
1744878870288610.0,-3468.61,-3429.32,0.866158,2.46271,2.52982,0.0671109,60.0
1744878870309242.0,-3471.15,-3427.27,0.866446,2.46039,2.51469,0.0543017,60.0
1744878870330228.0,-3471.15,-3427.27,0.866446,2.46039,2.37222,-0.0881679,60.0
1744878870350760.0,-3473.69,-3425.9,0.867101,2.51469,2.58566,0.0709635,60.0
1744878870371438.0,-3473.69,-3425.9,0.867101,2.51469,2.50999,-0.00470345,60.0
1744878870392261.0,-3476.23,-3423.86,0.867392,2.50999,2.48415,-0.0258381,60.0
1744878870412874.0,-3476.23,-3423.86,0.867392,2.50999,2.45034,-0.05965,60.0
1744878870433866.0,-3476.23,-3423.86,0.867392,2.50999,2.64704,0.137049,60.0
1744878870454749.0,-3478.77,-3422.49,0.86805,2.45034,2.58826,0.137924,60.0
1744878870475704.0,-3478.77,-3422.49,0.86805,2.45034,2.41545,-0.0348919,60.0
1744878870496177.0,-3481.32,-3420.44,0.868344,2.58826,2.52768,-0.060582,60.0
1744878870517103.0,-3481.32,-3420.44,0.868344,2.58826,2.53613,-0.0521296,60.0
1744878870537925.0,-3481.32,-3420.44,0.868344,2.58826,2.60395,0.0156895,60.0
1744878870558486.0,-3483.86,-3419.08,0.869004,2.53613,2.55373,0.0175909,60.0
1744878870579265.0,-3483.86,-3419.08,0.869004,2.53613,2.45354,-0.0825957,60.0
1744878870599896.0,-3485.98,-3417.71,0.869434,2.55373,2.54084,-0.01289,60.0
1744878870620817.0,-3485.98,-3417.71,0.869434,2.55373,2.42571,-0.128012,60.0
1744878870641551.0,-3485.98,-3417.71,0.869434,2.55373,2.69587,0.142144,60.0
1744878870662242.0,-3488.52,-3415.66,0.869732,2.42571,2.36721,-0.0585035,60.0
1744878870683021.0,-3488.52,-3415.66,0.869732,2.42571,2.44833,0.0226129,60.0
1744878870704057.0,-3491.06,-3414.3,0.870397,2.36721,2.45566,0.0884451,60.0
1744878870725135.0,-3491.06,-3414.3,0.870397,2.36721,2.51483,0.147618,60.0
1744878870745897.0,-3491.06,-3414.3,0.870397,2.36721,2.38156,0.0143463,60.0
1744878870766739.0,-3493.6,-3412.25,0.870698,2.51483,2.57994,0.0651083,60.0
1744878870787277.0,-3493.6,-3412.25,0.870698,2.51483,2.56371,0.0488776,60.0
1744878870808139.0,-3496.14,-3410.89,0.871366,2.57994,2.67519,0.0952539,60.0
1744878870828890.0,-3496.14,-3410.89,0.871366,2.57994,2.57384,-0.00609844,60.0
1744878870849738.0,-3498.68,-3408.84,0.87167,2.67519,2.6458,-0.0293905,60.0
1744878870870404.0,-3498.68,-3408.84,0.87167,2.67519,2.56217,-0.113021,60.0
1744878870891254.0,-3498.68,-3408.84,0.87167,2.67519,2.5317,-0.143491,60.0
1744878870912235.0,-3500.8,-3407.47,0.872107,2.56217,2.55235,-0.00982143,60.0
1744878870932756.0,-3500.8,-3407.47,0.872107,2.56217,2.48007,-0.0821043,60.0
1744878870953596.0,-3503.34,-3405.43,0.872415,2.55235,2.56177,0.00942205,60.0
1744878870974377.0,-3503.34,-3405.43,0.872415,2.55235,2.40492,-0.147428,60.0
1744878870994927.0,-3503.34,-3405.43,0.872415,2.55235,2.56222,0.009874,60.0
1744878871015632.0,-3505.88,-3404.06,0.873088,2.40492,2.5127,0.107782,60.0
1744878871036334.0,-3505.88,-3404.06,0.873088,2.40492,2.54041,0.135487,60.0
1744878871057138.0,-3508.43,-3402.01,0.873398,2.5127,2.52252,0.00981454,60.0
1744878871077810.0,-3508.43,-3402.01,0.873398,2.5127,2.53839,0.0256852,60.0
1744878871098671.0,-3508.43,-3402.01,0.873398,2.5127,2.48573,-0.0269686,60.0
1744878871119178.0,-3510.97,-3400.65,0.874074,2.53839,2.49833,-0.0400543,60.0
1744878871139922.0,-3510.97,-3400.65,0.874074,2.53839,2.48529,-0.053099,60.0
1744878871160652.0,-3513.09,-3398.6,0.874153,2.49833,2.591,0.0926719,60.0
1744878871181657.0,-3513.09,-3398.6,0.874153,2.49833,2.56605,0.0677151,60.0
1744878871202027.0,-3513.09,-3398.6,0.874153,2.49833,2.50913,0.0108,60.0
1744878871223214.0,-3515.63,-3397.23,0.874832,2.56605,2.50424,-0.061807,60.0
1744878871244181.0,-3515.63,-3397.23,0.874832,2.56605,2.46144,-0.104612,60.0
1744878871264986.0,-3518.17,-3395.19,0.875148,2.50424,2.62182,0.117574,60.0
1744878871285545.0,-3518.17,-3395.19,0.875148,2.50424,2.65901,0.154771,60.0
1744878871306210.0,-3520.71,-3393.82,0.875829,2.62182,2.62136,-0.000456592,60.0
1744878871327305.0,-3520.71,-3393.82,0.875829,2.62182,2.63514,0.0133267,60.0
1744878871347857.0,-3520.71,-3393.82,0.875829,2.62182,2.63919,0.0173775,60.0
1744878871368596.0,-3523.25,-3391.77,0.876149,2.63514,2.52697,-0.108167,60.0
1744878871389331.0,-3523.25,-3391.77,0.876149,2.63514,2.54877,-0.086368,60.0
1744878871409929.0,-3525.79,-3390.41,0.876833,2.52698,2.61971,0.0927359,60.0
1744878871431026.0,-3525.79,-3390.41,0.876833,2.52698,2.57619,0.0492183,60.0
1744878871451512.0,-3525.79,-3390.41,0.876833,2.52698,2.48484,-0.0421385,60.0
1744878871472288.0,-3527.91,-3388.36,0.87692,2.57619,2.5743,-0.00189698,60.0
1744878871493039.0,-3527.91,-3388.36,0.87692,2.57619,2.48734,-0.0888565,60.0
1744878871513757.0,-3530.45,-3386.99,0.877607,2.5743,2.42509,-0.149204,60.0
1744878871534366.0,-3530.45,-3386.99,0.877607,2.5743,2.63584,0.0615476,60.0
1744878871555001.0,-3530.45,-3386.99,0.877607,2.5743,2.5764,0.00210428,60.0
1744878871575731.0,-3533.0,-3384.95,0.877932,2.63584,2.78803,0.15219,60.0
1744878871599070.0,-3533.0,-3384.95,0.877932,2.63584,2.54592,-0.0899284,60.0
1744878871619742.0,-3535.54,-3383.58,0.878622,2.78803,2.68892,-0.0991184,60.0
1744878871640620.0,-3535.54,-3383.58,0.878622,2.78803,2.71152,-0.0765131,60.0
1744878871661263.0,-3538.08,-3381.53,0.87895,2.68892,2.63534,-0.0535722,60.0
1744878871681945.0,-3538.08,-3381.53,0.87895,2.68892,2.54168,-0.147238,60.0
1744878871702803.0,-3538.08,-3381.53,0.87895,2.68892,2.73287,0.0439584,60.0
1744878871723698.0,-3540.62,-3380.17,0.879642,2.54168,2.52265,-0.0190231,60.0
1744878871744452.0,-3540.62,-3380.17,0.879642,2.54168,2.62903,0.0873489,60.0
1744878871765352.0,-3543.16,-3378.12,0.879974,2.52265,2.59291,0.0702539,60.0
1744878871785906.0,-3543.16,-3378.12,0.879974,2.52265,2.63231,0.109658,60.0
1744878871806703.0,-3543.16,-3378.12,0.879974,2.52265,2.45536,-0.0672948,60.0
1744878871827568.0,-3545.7,-3376.76,0.880669,2.63231,2.5055,-0.126811,60.0
1744878871848455.0,-3545.7,-3376.76,0.880669,2.63231,2.51562,-0.116689,60.0
1744878871869263.0,-3548.25,-3375.39,0.881365,2.5055,2.53457,0.0290716,60.0
1744878871890112.0,-3548.25,-3375.39,0.881365,2.5055,2.46572,-0.0397848,60.0
1744878871910942.0,-3548.25,-3375.39,0.881365,2.5055,2.56397,0.0584697,60.0
1744878871931814.0,-3550.79,-3373.34,0.881701,2.46572,2.60146,0.135739,60.0
1744878871952911.0,-3550.79,-3373.34,0.881701,2.46572,2.49623,0.0305108,60.0
1744878871973744.0,-3553.33,-3371.98,0.8824,2.60146,2.57275,-0.0287074,60.0
1744878871994678.0,-3553.33,-3371.98,0.8824,2.60146,2.6451,0.0436458,60.0
1744878872015244.0,-3555.45,-3369.93,0.882503,2.57275,2.5735,0.000754855,60.0
1744878872036319.0,-3555.45,-3369.93,0.882503,2.57275,2.46438,-0.108367,60.0
1744878872056840.0,-3555.45,-3369.93,0.882503,2.57275,2.65731,0.0845659,60.0
1744878872077672.0,-3557.99,-3368.56,0.883204,2.46438,2.58949,0.125106,60.0
1744878872098331.0,-3557.99,-3368.56,0.883204,2.46438,2.40629,-0.0580948,60.0
1744878872119090.0,-3560.53,-3367.2,0.883907,2.58949,2.598,0.00850971,60.0
1744878872139928.0,-3560.53,-3367.2,0.883907,2.58949,2.42701,-0.162482,60.0
1744878872161675.0,-3560.53,-3367.2,0.883907,2.58949,2.51756,-0.0719265,60.0
1744878872182549.0,-3563.07,-3365.15,0.884251,2.42701,2.54853,0.121527,60.0
1744878872203510.0,-3563.07,-3365.15,0.884251,2.42701,2.42978,0.0027715,60.0
1744878872224463.0,-3565.61,-3363.79,0.884956,2.54853,2.71181,0.163277,60.0
1744878872245734.0,-3565.61,-3363.79,0.884956,2.54853,2.58744,0.038907,60.0
1744878872266861.0,-3568.16,-3361.74,0.885303,2.58744,2.63793,0.0504951,60.0
1744878872287595.0,-3568.16,-3361.74,0.885303,2.58744,2.62665,0.0392116,60.0
1744878872308331.0,-3568.16,-3361.74,0.885303,2.58744,2.62001,0.0325685,60.0
1744878872329029.0,-3570.7,-3360.37,0.886011,2.62665,2.47747,-0.149182,60.0
1744878872349980.0,-3570.7,-3360.37,0.886011,2.62665,2.55504,-0.0716105,60.0
1744878872370579.0,-3573.24,-3358.33,0.886362,2.47747,2.60042,0.12295,60.0
1744878872391388.0,-3573.24,-3358.33,0.886362,2.47747,2.48858,0.0111139,60.0
1744878872412384.0,-3573.24,-3358.33,0.886362,2.47747,2.48396,0.00649441,60.0
1744878872433569.0,-3575.78,-3356.96,0.887073,2.48858,2.60796,0.119381,60.0
1744878872454067.0,-3575.78,-3356.96,0.887073,2.48858,2.50832,0.0197348,60.0
1744878872474933.0,-3577.9,-3354.91,0.887188,2.60796,2.62226,0.0143007,60.0
1744878872495377.0,-3577.9,-3354.91,0.887188,2.60796,2.69916,0.0911968,60.0
1744878872516052.0,-3577.9,-3354.91,0.887188,2.60796,2.52305,-0.0849181,60.0
1744878872536671.0,-3580.44,-3353.55,0.887901,2.69916,2.60694,-0.0922181,60.0
1744878872557957.0,-3580.44,-3353.55,0.887901,2.69916,2.54422,-0.154938,60.0
1744878872579847.0,-3582.98,-3352.18,0.888616,2.60694,2.53181,-0.075131,60.0
1744878872600341.0,-3582.98,-3352.18,0.888616,2.60694,2.58404,-0.0229033,60.0
1744878872623193.0,-3585.52,-3350.13,0.888974,2.53181,2.43639,-0.0954174,60.0
1744878872642082.0,-3585.52,-3350.13,0.888974,2.53181,2.6833,0.151484,60.0
1744878872662851.0,-3585.52,-3350.13,0.888974,2.53181,2.39011,-0.141698,60.0
1744878872684704.0,-3588.06,-3348.77,0.889691,2.6833,2.67076,-0.0125336,60.0
1744878872705454.0,-3588.06,-3348.77,0.889691,2.6833,2.55238,-0.130917,60.0
1744878872726546.0,-3590.61,-3346.72,0.890052,2.67076,2.54126,-0.129506,60.0
1744878872747183.0,-3590.61,-3346.72,0.890052,2.67076,2.75921,0.0884433,60.0
1744878872767841.0,-3590.61,-3346.72,0.890052,2.67076,2.54255,-0.128214,60.0
1744878872788542.0,-3593.15,-3345.36,0.890772,2.75921,2.65709,-0.10212,60.0
1744878872809377.0,-3593.15,-3345.36,0.890772,2.75921,2.669,-0.0902042,60.0
1744878872830665.0,-3595.69,-3343.99,0.891494,2.65709,2.51765,-0.139436,60.0
1744878872851011.0,-3595.69,-3343.99,0.891494,2.65709,2.50851,-0.148571,60.0
1744878872871968.0,-3595.69,-3343.99,0.891494,2.65709,2.65068,-0.00640359,60.0
1744878872892771.0,-3598.23,-3341.94,0.89186,2.50851,2.59395,0.0854367,60.0
1744878872913576.0,-3598.23,-3341.94,0.89186,2.50851,2.59034,0.0818285,60.0
1744878872934323.0,-3600.77,-3340.58,0.892584,2.59395,2.54279,-0.0511564,60.0
1744878872955354.0,-3600.77,-3340.58,0.892584,2.59395,2.66539,0.0714424,60.0
1744878872978159.0,-3603.31,-3339.21,0.89331,2.54279,2.6698,0.12701,60.0
1744878872997749.0,-3603.31,-3339.21,0.89331,2.54279,2.57332,0.0305213,60.0
1744878873019826.0,-3603.31,-3339.21,0.89331,2.54279,2.45923,-0.0835644,60.0
1744878873040836.0,-3605.86,-3337.16,0.89368,2.57332,2.51727,-0.0560438,60.0
1744878873061472.0,-3605.86,-3337.16,0.89368,2.57332,2.61557,0.0422595,60.0
1744878873083444.0,-3608.4,-3335.8,0.894408,2.51727,2.43725,-0.0800197,60.0
1744878873103866.0,-3608.4,-3335.8,0.894408,2.51727,2.51838,0.00110635,60.0
1744878873124790.0,-3608.4,-3335.8,0.894408,2.51727,2.53996,0.0226929,60.0
1744878873145567.0,-3610.94,-3334.43,0.895138,2.51838,2.64626,0.127879,60.0
1744878873166122.0,-3610.94,-3334.43,0.895138,2.51838,2.46199,-0.0563906,60.0
1744878873186773.0,-3613.48,-3332.39,0.895512,2.64626,2.54972,-0.0965357,60.0
1744878873207582.0,-3613.48,-3332.39,0.895512,2.64626,2.71334,0.0670865,60.0
1744878873228500.0,-3613.48,-3332.39,0.895512,2.64626,2.55981,-0.0864471,60.0
1744878873249231.0,-3616.02,-3331.02,0.896245,2.71334,2.56256,-0.15078,60.0
1744878873269890.0,-3616.02,-3331.02,0.896245,2.71334,2.62685,-0.0864955,60.0
1744878873290899.0,-3618.56,-3329.66,0.896979,2.56256,2.50289,-0.0596728,60.0
1744878873311319.0,-3618.56,-3329.66,0.896979,2.56256,2.6783,0.115737,60.0
1744878873332240.0,-3621.11,-3327.61,0.897358,2.50289,2.37723,-0.12566,60.0
1744878873352831.0,-3621.11,-3327.61,0.897358,2.50289,2.4426,-0.0602867,60.0
1744878873373887.0,-3621.11,-3327.61,0.897358,2.50289,2.58308,0.080194,60.0
1744878873394352.0,-3623.65,-3326.24,0.898094,2.4426,2.57418,0.131581,60.0
1744878873415248.0,-3623.65,-3326.24,0.898094,2.4426,2.57698,0.134379,60.0
1744878873435716.0,-3626.19,-3324.88,0.898832,2.57418,2.48314,-0.0910402,60.0
1744878873456406.0,-3626.19,-3324.88,0.898832,2.57418,2.66908,0.0948936,60.0
1744878873477092.0,-3626.19,-3324.88,0.898832,2.57418,2.43821,-0.135973,60.0
1744878873498016.0,-3628.73,-3322.83,0.899216,2.66908,2.51115,-0.157931,60.0
1744878873518507.0,-3628.73,-3322.83,0.899216,2.66908,2.55713,-0.111949,60.0
1744878873539211.0,-3631.27,-3321.47,0.899957,2.51115,2.52497,0.0138223,60.0
1744878873559943.0,-3631.27,-3321.47,0.899957,2.51115,2.58207,0.0709255,60.0
1744878873580609.0,-3631.27,-3321.47,0.899957,2.51115,2.42916,-0.081982,60.0
1744878873601352.0,-3633.81,-3319.42,0.900344,2.58207,2.45673,-0.125346,60.0
1744878873622159.0,-3633.81,-3319.42,0.900344,2.58207,2.43623,-0.145841,60.0
1744878873642631.0,-3636.36,-3318.05,0.901087,2.45673,2.5321,0.075376,60.0
1744878873663603.0,-3636.36,-3318.05,0.901087,2.45673,2.52394,0.0672139,60.0
1744878873684512.0,-3636.36,-3318.05,0.901087,2.45673,2.39326,-0.0634642,60.0
1744878873705397.0,-3638.9,-3316.69,0.901832,2.52394,2.648,0.124059,60.0
1744878873726305.0,-3638.9,-3316.69,0.901832,2.52394,2.51426,-0.00967789,60.0
1744878873747210.0,-3641.44,-3314.64,0.902223,2.648,2.49884,-0.149155,60.0
1744878873767870.0,-3641.44,-3314.64,0.902223,2.648,2.79061,0.142613,60.0
1744878873788605.0,-3643.98,-3313.27,0.902971,2.49884,2.42858,-0.0702647,60.0
1744878873809220.0,-3643.98,-3313.27,0.902971,2.49884,2.58639,0.0875465,60.0
1744878873830026.0,-3643.98,-3313.27,0.902971,2.49884,2.36397,-0.134875,60.0
1744878873850739.0,-3646.52,-3311.91,0.903719,2.58639,2.65223,0.0658357,60.0
1744878873871458.0,-3646.52,-3311.91,0.903719,2.58639,2.44793,-0.138461,60.0
1744878873892118.0,-3649.06,-3309.86,0.904116,2.65223,2.5926,-0.0596248,60.0
1744878873912600.0,-3649.06,-3309.86,0.904116,2.65223,2.5074,-0.144828,60.0
1744878873933401.0,-3649.06,-3309.86,0.904116,2.65223,2.59305,-0.0591766,60.0
1744878873954141.0,-3651.18,-3308.5,0.904624,2.5074,2.52686,0.0194604,60.0
1744878873974947.0,-3651.18,-3308.5,0.904624,2.5074,2.55993,0.0525326,60.0
1744878873995552.0,-3653.72,-3306.45,0.905023,2.52686,2.6053,0.0784411,60.0
1744878874016153.0,-3653.72,-3306.45,0.905023,2.52686,2.65656,0.129703,60.0
1744878874036914.0,-3653.72,-3306.45,0.905023,2.52686,2.4757,-0.0511553,60.0
1744878874057583.0,-3656.26,-3305.08,0.905777,2.65656,2.63359,-0.0229746,60.0
1744878874078321.0,-3656.26,-3305.08,0.905777,2.65656,2.53847,-0.118095,60.0
1744878874099101.0,-3658.81,-3303.72,0.906532,2.63359,2.58891,-0.0446727,60.0
1744878874120136.0,-3658.81,-3303.72,0.906532,2.63359,2.52631,-0.107272,60.0
1744878874140753.0,-3658.81,-3303.72,0.906532,2.63359,2.62112,-0.012465,60.0
1744878874161555.0,-3661.35,-3301.67,0.906936,2.52631,2.53262,0.00630532,60.0
1744878874182319.0,-3661.35,-3301.67,0.906936,2.52631,2.67597,0.149653,60.0
1744878874202997.0,-3663.89,-3300.3,0.907694,2.53262,2.41756,-0.115059,60.0
1744878874223945.0,-3663.89,-3300.3,0.907694,2.53262,2.4961,-0.0365213,60.0
1744878874244918.0,-3666.43,-3298.26,0.908101,2.41756,2.38023,-0.0373351,60.0
1744878874265499.0,-3666.43,-3298.26,0.908101,2.41756,2.56228,0.144714,60.0
1744878874286146.0,-3666.43,-3298.26,0.908101,2.41756,2.43317,0.0156129,60.0
1744878874306884.0,-3668.97,-3296.89,0.908862,2.56228,2.54814,-0.014135,60.0
1744878874327625.0,-3668.97,-3296.89,0.908862,2.56228,2.53887,-0.0234055,60.0
1744878874348158.0,-3671.51,-3295.53,0.909624,2.54814,2.5622,0.0140599,60.0
1744878874369022.0,-3671.51,-3295.53,0.909624,2.54814,2.4339,-0.114237,60.0
1744878874389756.0,-3671.51,-3295.53,0.909624,2.54814,2.50498,-0.0431567,60.0
1744878874410435.0,-3674.06,-3293.48,0.910035,2.4339,2.53733,0.103422,60.0
1744878874431067.0,-3674.06,-3293.48,0.910035,2.4339,2.5575,0.123593,60.0
1744878874451956.0,-3676.6,-3292.11,0.9108,2.53733,2.50325,-0.0340766,60.0
1744878874472773.0,-3676.6,-3292.11,0.9108,2.53733,2.5296,-0.00772241,60.0
1744878874493224.0,-3676.6,-3292.11,0.9108,2.53733,2.52349,-0.0138384,60.0
1744878874514236.0,-3679.14,-3290.07,0.911215,2.5296,2.57231,0.0427076,60.0
1744878874534778.0,-3679.14,-3290.07,0.911215,2.5296,2.45319,-0.0764107,60.0
1744878874555243.0,-3681.68,-3288.7,0.911983,2.57231,2.51924,-0.0530735,60.0
1744878874575691.0,-3681.68,-3288.7,0.911983,2.57231,2.51307,-0.0592405,60.0
1744878874596984.0,-3684.22,-3286.65,0.9124,2.51924,2.50823,-0.0110034,60.0
1744878874617777.0,-3684.22,-3286.65,0.9124,2.51924,2.54411,0.0248686,60.0
1744878874638510.0,-3684.22,-3286.65,0.9124,2.51924,2.5192,-3.51641e-05,60.0
1744878874659631.0,-3686.34,-3285.29,0.912925,2.54411,2.5093,-0.0348068,60.0
1744878874680100.0,-3686.34,-3285.29,0.912925,2.54411,2.61316,0.0690524,60.0
1744878874701014.0,-3688.88,-3283.92,0.913697,2.5093,2.56807,0.0587746,60.0
1744878874721724.0,-3688.88,-3283.92,0.913697,2.5093,2.49391,-0.015392,60.0
1744878874742579.0,-3688.88,-3283.92,0.913697,2.5093,2.51613,0.00682717,60.0
1744878874763365.0,-3691.42,-3281.87,0.914119,2.49391,2.51634,0.0224374,60.0
1744878874783958.0,-3691.42,-3281.87,0.914119,2.49391,2.47926,-0.0146481,60.0
1744878874804619.0,-3693.97,-3280.51,0.914893,2.51634,2.55109,0.0347465,60.0
1744878874825214.0,-3693.97,-3280.51,0.914893,2.51634,2.44064,-0.0757054,60.0
1744878874846192.0,-3693.97,-3280.51,0.914893,2.51634,2.60945,0.0931024,60.0
1744878874866937.0,-3696.51,-3278.46,0.915318,2.44064,2.44903,0.00839574,60.0
1744878874887491.0,-3696.51,-3278.46,0.915318,2.44064,2.56748,0.126837,60.0
1744878874908220.0,-3699.05,-3277.1,0.916095,2.44903,2.46318,0.014141,60.0
1744878874928889.0,-3699.05,-3277.1,0.916095,2.44903,2.4492,0.000161374,60.0
1744878874949580.0,-3699.05,-3277.1,0.916095,2.44903,2.38954,-0.0594975,60.0
1744878874970258.0,-3701.59,-3275.05,0.916524,2.4492,2.38333,-0.0658667,60.0
1744878874991323.0,-3701.59,-3275.05,0.916524,2.4492,2.38075,-0.0684476,60.0
1744878875011777.0,-3703.71,-3273.68,0.917057,2.38333,2.26251,-0.120824,60.0
1744878875032698.0,-3703.71,-3273.68,0.917057,2.38333,2.52189,0.13856,60.0
1744878875057601.0,-3706.25,-3271.63,0.917488,2.26251,2.40124,0.138733,60.0
1744878875078282.0,-3706.25,-3271.63,0.917488,2.26251,2.36047,0.0979664,60.0
1744878875098684.0,-3706.25,-3271.63,0.917488,2.26251,2.31747,0.0549634,60.0
1744878875119104.0,-3708.79,-3270.27,0.918271,2.36047,2.45982,0.0993519,60.0
1744878875140189.0,-3708.79,-3270.27,0.918271,2.36047,2.4728,0.112325,60.0
1744878875160698.0,-3710.91,-3268.22,0.918458,2.45982,2.38139,-0.0784304,60.0
1744878875181552.0,-3710.91,-3268.22,0.918458,2.45982,2.57988,0.120052,60.0
1744878875202248.0,-3710.91,-3268.22,0.918458,2.45982,2.45363,-0.0061977,60.0
1744878875223476.0,-3713.45,-3266.17,0.918894,2.57988,2.65135,0.0714768,60.0
1744878875244318.0,-3713.45,-3266.17,0.918894,2.57988,2.58337,0.00349071,60.0
1744878875265062.0,-3715.99,-3264.81,0.91968,2.65135,2.5775,-0.0738472,60.0
1744878875285591.0,-3715.99,-3264.81,0.91968,2.65135,2.59128,-0.0600718,60.0
1744878875306480.0,-3718.53,-3262.76,0.920119,2.5775,2.52875,-0.0487561,60.0
1744878875327095.0,-3718.53,-3262.76,0.920119,2.5775,2.49022,-0.0872897,60.0
1744878875347855.0,-3718.53,-3262.76,0.920119,2.5775,2.71459,0.137089,60.0
1744878875368378.0,-3720.65,-3261.39,0.920661,2.49022,2.42,-0.0702159,60.0
1744878875389125.0,-3720.65,-3261.39,0.920661,2.49022,2.62847,0.138253,60.0
1744878875409947.0,-3723.19,-3259.35,0.921103,2.42,2.40511,-0.0148885,60.0
1744878875430558.0,-3723.19,-3259.35,0.921103,2.42,2.48718,0.0671793,60.0
1744878875451340.0,-3723.19,-3259.35,0.921103,2.42,2.55694,0.136942,60.0
1744878875472084.0,-3725.74,-3257.3,0.921547,2.48718,2.57567,0.0884916,60.0
1744878875492638.0,-3725.74,-3257.3,0.921547,2.48718,2.49132,0.00414028,60.0
1744878875513254.0,-3728.28,-3255.93,0.92234,2.57567,2.61312,0.0374502,60.0
1744878875533863.0,-3728.28,-3255.93,0.92234,2.57567,2.7083,0.13263,60.0
1744878875554626.0,-3728.28,-3255.93,0.92234,2.57567,2.47106,-0.104612,60.0
1744878875575295.0,-3730.4,-3253.89,0.922538,2.7083,2.63492,-0.0733797,60.0
1744878875596333.0,-3730.4,-3253.89,0.922538,2.7083,2.63601,-0.0722917,60.0
1744878875616803.0,-3732.94,-3252.52,0.923334,2.63492,2.56616,-0.0687627,60.0
1744878875637390.0,-3732.94,-3252.52,0.923334,2.63492,2.5131,-0.121821,60.0
1744878875658219.0,-3732.94,-3252.52,0.923334,2.63492,2.4751,-0.159825,60.0
1744878875678677.0,-3735.48,-3250.47,0.923784,2.5131,2.43186,-0.0812435,60.0
1744878875699491.0,-3735.48,-3250.47,0.923784,2.5131,2.55608,0.0429784,60.0
1744878875720211.0,-3738.02,-3249.11,0.924582,2.43186,2.29534,-0.136512,60.0
1744878875741129.0,-3738.02,-3249.11,0.924582,2.43186,2.59611,0.164257,60.0
1744878875761786.0,-3740.14,-3247.06,0.924786,2.29534,2.42861,0.133268,60.0
1744878875782509.0,-3740.14,-3247.06,0.924786,2.29534,2.31856,0.0232194,60.0
1744878875803740.0,-3740.14,-3247.06,0.924786,2.29534,2.41795,0.122603,60.0
1744878875824289.0,-3742.68,-3245.69,0.925587,2.31856,2.44339,0.124824,60.0
1744878875844814.0,-3742.68,-3245.69,0.925587,2.31856,2.36298,0.0444191,60.0
1744878875865239.0,-3745.22,-3243.65,0.926043,2.44339,2.48472,0.0413319,60.0
1744878875885872.0,-3745.22,-3243.65,0.926043,2.44339,2.48391,0.0405185,60.0
1744878875906466.0,-3745.22,-3243.65,0.926043,2.44339,2.53331,0.0899201,60.0
1744878875927203.0,-3747.76,-3241.6,0.926501,2.48391,2.39872,-0.0851904,60.0
1744878875947798.0,-3747.76,-3241.6,0.926501,2.48391,2.53864,0.0547333,60.0
1744878875968369.0,-3749.88,-3240.23,0.927056,2.39872,2.52991,0.131192,60.0
1744878875988905.0,-3749.88,-3240.23,0.927056,2.39872,2.51126,0.112541,60.0
1744878876009556.0,-3749.88,-3240.23,0.927056,2.39872,2.48856,0.0898475,60.0
1744878876030187.0,-3752.42,-3238.18,0.927517,2.51126,2.61832,0.107068,60.0
1744878876050782.0,-3752.42,-3238.18,0.927517,2.51126,2.57316,0.0619016,60.0
1744878876071395.0,-3754.97,-3236.14,0.927979,2.61832,2.53301,-0.0853184,60.0
1744878876091992.0,-3754.97,-3236.14,0.927979,2.61832,2.5539,-0.0644228,60.0
1744878876112571.0,-3754.97,-3236.14,0.927979,2.61832,2.52772,-0.0906016,60.0
1744878876133673.0,-3757.08,-3234.77,0.928538,2.5539,2.55186,-0.0020417,60.0
1744878876153978.0,-3757.08,-3234.77,0.928538,2.5539,2.57942,0.0255208,60.0
1744878876174462.0,-3759.63,-3232.72,0.929003,2.55186,2.48912,-0.0627445,60.0
1744878876195074.0,-3759.63,-3232.72,0.929003,2.55186,2.41899,-0.132874,60.0
1744878876215607.0,-3762.17,-3231.36,0.929815,2.48912,2.54036,0.0512415,60.0
1744878876236689.0,-3762.17,-3231.36,0.929815,2.48912,2.39712,-0.0920001,60.0
1744878876257289.0,-3762.17,-3231.36,0.929815,2.48912,2.63441,0.145291,60.0
1744878876278377.0,-3764.29,-3229.31,0.930033,2.39712,2.50145,0.104332,60.0
1744878876298737.0,-3764.29,-3229.31,0.930033,2.39712,2.55615,0.159036,60.0
1744878876319343.0,-3766.83,-3227.26,0.930503,2.50145,2.62248,0.121037,60.0
1744878876339956.0,-3766.83,-3227.26,0.930503,2.50145,2.49729,-0.00416089,60.0
1744878876360854.0,-3766.83,-3227.26,0.930503,2.50145,2.44819,-0.0532615,60.0
1744878876381180.0,-3769.37,-3225.9,0.931319,2.49729,2.61154,0.114251,60.0
1744878876401956.0,-3769.37,-3225.9,0.931319,2.49729,2.46243,-0.0348606,60.0
1744878876422688.0,-3771.49,-3223.85,0.93154,2.61154,2.48137,-0.130168,60.0
1744878876443182.0,-3771.49,-3223.85,0.93154,2.61154,2.60498,-0.00655408,60.0
1744878876463673.0,-3771.49,-3223.85,0.93154,2.61154,2.48058,-0.130955,60.0
1744878876484712.0,-3774.03,-3222.48,0.932359,2.60498,2.54082,-0.0641606,60.0
1744878876505227.0,-3774.03,-3222.48,0.932359,2.60498,2.64609,0.0411103,60.0
1744878876525727.0,-3776.57,-3220.43,0.932835,2.54082,2.37697,-0.163854,60.0
1744878876546798.0,-3776.57,-3220.43,0.932835,2.54082,2.61117,0.0703498,60.0
1744878876567473.0,-3776.57,-3220.43,0.932835,2.54082,2.50456,-0.0362674,60.0
1744878876588056.0,-3779.11,-3218.39,0.933312,2.61117,2.4473,-0.163868,60.0
1744878876608641.0,-3779.11,-3218.39,0.933312,2.61117,2.58617,-0.0250048,60.0
1744878876629296.0,-3781.23,-3217.02,0.933883,2.4473,2.38443,-0.0628757,60.0
1744878876650088.0,-3781.23,-3217.02,0.933883,2.4473,2.37502,-0.0722894,60.0
1744878876670667.0,-3783.77,-3214.97,0.934364,2.38443,2.22333,-0.161095,60.0
1744878876691431.0,-3783.77,-3214.97,0.934364,2.38443,2.47158,0.0871503,60.0
1744878876712200.0,-3783.77,-3214.97,0.934364,2.38443,2.41273,0.028298,60.0
1744878876733198.0,-3786.31,-3213.61,0.935189,2.47158,2.5643,0.0927232,60.0
1744878876754032.0,-3786.31,-3213.61,0.935189,2.47158,2.5583,0.0867202,60.0
1744878876774620.0,-3788.43,-3211.56,0.935421,2.5643,2.53117,-0.0331289,60.0
1744878876795333.0,-3788.43,-3211.56,0.935421,2.5643,2.54067,-0.023635,60.0
1744878876815878.0,-3788.43,-3211.56,0.935421,2.5643,2.55042,-0.0138835,60.0
1744878876836383.0,-3790.97,-3209.51,0.935906,2.54067,2.49513,-0.0455412,60.0
1744878876857036.0,-3790.97,-3209.51,0.935906,2.54067,2.4629,-0.0777677,60.0
1744878876877774.0,-3793.51,-3208.15,0.936735,2.49513,2.62851,0.133384,60.0
1744878876898432.0,-3793.51,-3208.15,0.936735,2.49513,2.43077,-0.0643584,60.0
1744878876919149.0,-3793.51,-3208.15,0.936735,2.49513,2.59674,0.101609,60.0
1744878876940240.0,-3796.06,-3206.1,0.937223,2.43077,2.46403,0.033257,60.0
1744878876960750.0,-3796.06,-3206.1,0.937223,2.43077,2.54086,0.110092,60.0
1744878876981650.0,-3798.17,-3204.73,0.937803,2.46403,2.41949,-0.0445361,60.0
1744878877002152.0,-3798.17,-3204.73,0.937803,2.46403,2.40219,-0.0618375,60.0
1744878877022861.0,-3798.17,-3204.73,0.937803,2.46403,2.5103,0.0462776,60.0
1744878877043391.0,-3800.72,-3202.69,0.938294,2.40219,2.40004,-0.00214716,60.0
1744878877064038.0,-3800.72,-3202.69,0.938294,2.40219,2.35615,-0.046037,60.0
1744878877084698.0,-3803.26,-3200.64,0.938787,2.40004,2.47075,0.0707107,60.0
1744878877105468.0,-3803.26,-3200.64,0.938787,2.40004,2.4546,0.0545624,60.0
1744878877126116.0,-3805.38,-3199.27,0.939369,2.47075,2.5155,0.0447525,60.0
1744878877146937.0,-3805.38,-3199.27,0.939369,2.47075,2.46726,-0.00349121,60.0
1744878877167571.0,-3805.38,-3199.27,0.939369,2.47075,2.518,0.0472494,60.0
1744878877188316.0,-3807.92,-3197.22,0.939865,2.46726,2.55346,0.0862041,60.0
1744878877208998.0,-3807.92,-3197.22,0.939865,2.46726,2.62403,0.156773,60.0
1744878877229835.0,-3810.46,-3195.18,0.940363,2.55346,2.50413,-0.0493331,60.0
1744878877250498.0,-3810.46,-3195.18,0.940363,2.55346,2.55482,0.00135208,60.0
1744878877271144.0,-3810.46,-3195.18,0.940363,2.55346,2.56992,0.0164592,60.0
1744878877292036.0,-3812.58,-3193.81,0.940949,2.55482,2.54521,-0.00960263,60.0
1744878877312584.0,-3812.58,-3193.81,0.940949,2.55482,2.44763,-0.107184,60.0
1744878877333134.0,-3815.12,-3191.76,0.941449,2.54521,2.54303,-0.0021799,60.0
1744878877354098.0,-3815.12,-3191.76,0.941449,2.54521,2.50532,-0.0398967,60.0
1744878877374689.0,-3815.12,-3191.76,0.941449,2.54521,2.53825,-0.00696282,60.0
1744878877395476.0,-3817.66,-3189.71,0.941952,2.50532,2.3847,-0.120622,60.0
1744878877416121.0,-3817.66,-3189.71,0.941952,2.50532,2.37657,-0.128746,60.0
1744878877436874.0,-3819.78,-3188.35,0.942542,2.3847,2.48376,0.09906,60.0
1744878877457654.0,-3819.78,-3188.35,0.942542,2.3847,2.51103,0.126338,60.0
1744878877478431.0,-3819.78,-3188.35,0.942542,2.3847,2.47328,0.0885832,60.0
1744878877499471.0,-3822.32,-3186.3,0.943047,2.51103,2.44457,-0.0664613,60.0
1744878877519837.0,-3822.32,-3186.3,0.943047,2.51103,2.39473,-0.116302,60.0
1744878877540993.0,-3824.86,-3184.94,0.943894,2.44457,2.52389,0.0793143,60.0
1744878877561381.0,-3824.86,-3184.94,0.943894,2.44457,2.56726,0.122685,60.0
1744878877582139.0,-3826.98,-3182.89,0.944147,2.52389,2.62579,0.101904,60.0
1744878877603055.0,-3826.98,-3182.89,0.944147,2.52389,2.62074,0.0968533,60.0
1744878877623618.0,-3826.98,-3182.89,0.944147,2.52389,2.51422,-0.00966792,60.0
1744878877644626.0,-3829.52,-3180.84,0.944656,2.62074,2.4908,-0.129944,60.0
1744878877665044.0,-3829.52,-3180.84,0.944656,2.62074,2.53307,-0.087666,60.0
1744878877685778.0,-3832.06,-3179.47,0.945507,2.4908,2.65492,0.164127,60.0
1744878877706451.0,-3832.06,-3179.47,0.945507,2.4908,2.53352,0.0427224,60.0
1744878877727425.0,-3832.06,-3179.47,0.945507,2.4908,2.42249,-0.068302,60.0
1744878877748368.0,-3834.18,-3177.43,0.945765,2.53352,2.56726,0.0337406,60.0
1744878877769069.0,-3834.18,-3177.43,0.945765,2.53352,2.66154,0.128024,60.0
1744878877789752.0,-3836.72,-3175.38,0.946279,2.56726,2.56341,-0.00384586,60.0
1744878877810403.0,-3836.72,-3175.38,0.946279,2.56726,2.5112,-0.0560555,60.0
1744878877831096.0,-3836.72,-3175.38,0.946279,2.56726,2.41582,-0.151441,60.0
1744878877851729.0,-3839.26,-3174.01,0.947134,2.5112,2.48417,-0.0270299,60.0
1744878877872411.0,-3839.26,-3174.01,0.947134,2.5112,2.632,0.1208,60.0
1744878877893153.0,-3841.38,-3171.96,0.947396,2.48417,2.53391,0.049738,60.0
1744878877913858.0,-3841.38,-3171.96,0.947396,2.48417,2.48803,0.00385719,60.0
1744878877934789.0,-3841.38,-3171.96,0.947396,2.48417,2.51261,0.0284354,60.0
1744878877955056.0,-3843.92,-3170.6,0.948253,2.48803,2.48742,-0.000610877,60.0
1744878877976014.0,-3843.92,-3170.6,0.948253,2.48803,2.45451,-0.0335219,60.0
1744878877996644.0,-3846.47,-3168.55,0.948774,2.48742,2.60202,0.114598,60.0
1744878878017218.0,-3846.47,-3168.55,0.948774,2.48742,2.46578,-0.0216361,60.0
1744878878038012.0,-3848.58,-3166.5,0.949039,2.60202,2.58322,-0.0188,60.0
1744878878058722.0,-3848.58,-3166.5,0.949039,2.60202,2.53269,-0.069328,60.0
1744878878080780.0,-3848.58,-3166.5,0.949039,2.60202,2.63014,0.0281248,60.0
1744878878101531.0,-3851.13,-3165.14,0.949901,2.53269,2.37869,-0.154,60.0
1744878878122264.0,-3851.13,-3165.14,0.949901,2.53269,2.46794,-0.0647449,60.0
1744878878142861.0,-3853.67,-3163.09,0.950426,2.37869,2.30364,-0.0750469,60.0
1744878878163797.0,-3853.67,-3163.09,0.950426,2.37869,2.46601,0.08732,60.0
1744878878184352.0,-3853.67,-3163.09,0.950426,2.37869,2.33742,-0.0412688,60.0
1744878878204995.0,-3855.79,-3161.04,0.950696,2.46601,2.51494,0.0489281,60.0
1744878878225760.0,-3855.79,-3161.04,0.950696,2.46601,2.43688,-0.0291338,60.0
1744878878246631.0,-3858.33,-3159.68,0.951562,2.51494,2.4484,-0.0665398,60.0
1744878878267530.0,-3858.33,-3159.68,0.951562,2.51494,2.41885,-0.0960902,60.0
1744878878288103.0,-3858.33,-3159.68,0.951562,2.51494,2.63316,0.118218,60.0
1744878878308740.0,-3860.87,-3157.63,0.952091,2.41885,2.43106,0.0122106,60.0
1744878878329286.0,-3860.87,-3157.63,0.952091,2.41885,2.53092,0.112077,60.0
1744878878349880.0,-3862.99,-3156.26,0.952703,2.43106,2.56204,0.130979,60.0
1744878878370525.0,-3862.99,-3156.26,0.952703,2.43106,2.5541,0.123044,60.0
1744878878391204.0,-3865.53,-3154.21,0.953235,2.56204,2.53639,-0.0256477,60.0
1744878878411841.0,-3865.53,-3154.21,0.953235,2.56204,2.57646,0.014422,60.0
1744878878432917.0,-3865.53,-3154.21,0.953235,2.56204,2.67989,0.117857,60.0
1744878878453744.0,-3868.07,-3152.17,0.953769,2.57646,2.54842,-0.0280384,60.0
1744878878474503.0,-3868.07,-3152.17,0.953769,2.57646,2.73895,0.162489,60.0
1744878878495422.0,-3870.19,-3150.8,0.954384,2.54842,2.55325,0.00483459,60.0
1744878878515833.0,-3870.19,-3150.8,0.954384,2.54842,2.57638,0.0279588,60.0
1744878878536951.0,-3870.19,-3150.8,0.954384,2.54842,2.49396,-0.0544559,60.0
1744878878557420.0,-3872.73,-3148.75,0.954921,2.57638,2.61506,0.0386807,60.0
1744878878578051.0,-3872.73,-3148.75,0.954921,2.57638,2.53528,-0.0410997,60.0
1744878878598518.0,-3875.27,-3146.7,0.95546,2.61506,2.53656,-0.0784996,60.0
1744878878619208.0,-3875.27,-3146.7,0.95546,2.61506,2.71027,0.0952099,60.0
1744878878640167.0,-3875.27,-3146.7,0.95546,2.61506,2.46738,-0.147676,60.0
1744878878660726.0,-3877.81,-3145.34,0.956337,2.71027,2.56859,-0.141682,60.0
1744878878681320.0,-3877.81,-3145.34,0.956337,2.71027,2.58095,-0.129325,60.0
1744878878702242.0,-3879.93,-3143.29,0.95662,2.56859,2.57875,0.0101574,60.0
1744878878722742.0,-3879.93,-3143.29,0.95662,2.56859,2.5996,0.0310087,60.0
1744878878743782.0,-3879.93,-3143.29,0.95662,2.56859,2.45372,-0.114866,60.0
1744878878764397.0,-3882.47,-3141.93,0.9575,2.5996,2.67777,0.0781772,60.0
1744878878785368.0,-3882.47,-3141.93,0.9575,2.5996,2.49338,-0.106217,60.0
1744878878805827.0,-3885.01,-3139.88,0.958044,2.67777,2.59879,-0.078987,60.0
1744878878826743.0,-3885.01,-3139.88,0.958044,2.67777,2.6563,-0.0214721,60.0
1744878878847255.0,-3887.56,-3138.51,0.958926,2.59879,2.45903,-0.139754,60.0
1744878878868022.0,-3887.56,-3138.51,0.958926,2.59879,2.59248,-0.00630901,60.0
1744878878888840.0,-3887.56,-3138.51,0.958926,2.59879,2.73936,0.140575,60.0
1744878878909255.0,-3890.1,-3136.46,0.959474,2.59248,2.57741,-0.0150693,60.0
1744878878929965.0,-3890.1,-3136.46,0.959474,2.59248,2.73804,0.14556,60.0
1744878878950766.0,-3892.64,-3135.1,0.960359,2.57741,2.69751,0.120099,60.0
1744878878971489.0,-3892.64,-3135.1,0.960359,2.57741,2.5612,-0.0162097,60.0
1744878878992162.0,-3892.64,-3135.1,0.960359,2.57741,2.55211,-0.0252955,60.0
1744878879012884.0,-3894.76,-3133.05,0.960651,2.5612,2.54004,-0.0211601,60.0
1744878879033584.0,-3894.76,-3133.05,0.960651,2.5612,2.715,0.153803,60.0
1744878879054209.0,-3897.3,-3131.69,0.961538,2.54004,2.67738,0.137341,60.0
1744878879074998.0,-3897.3,-3131.69,0.961538,2.54004,2.65143,0.111393,60.0
1744878879095757.0,-3897.3,-3131.69,0.961538,2.54004,2.51568,-0.0243631,60.0
1744878879116473.0,-3899.84,-3129.64,0.962092,2.65143,2.68489,0.033454,60.0
1744878879137214.0,-3899.84,-3129.64,0.962092,2.65143,2.61942,-0.0320065,60.0
1744878879157953.0,-3902.38,-3128.27,0.962982,2.68489,2.59692,-0.0879627,60.0
1744878879178875.0,-3902.38,-3128.27,0.962982,2.68489,2.66448,-0.0204078,60.0
1744878879199460.0,-3902.38,-3128.27,0.962982,2.68489,2.62527,-0.0596165,60.0
1744878879220134.0,-3904.92,-3126.91,0.963874,2.66448,2.62568,-0.0388002,60.0
1744878879241022.0,-3904.92,-3126.91,0.963874,2.66448,2.77854,0.114063,60.0
1744878879262029.0,-3907.47,-3124.86,0.964433,2.62568,2.53065,-0.0950229,60.0
1744878879282433.0,-3907.47,-3124.86,0.964433,2.62568,2.67936,0.0536839,60.0
1744878879303152.0,-3910.01,-3123.49,0.965327,2.53065,2.68287,0.152215,60.0
1744878879324069.0,-3910.01,-3123.49,0.965327,2.53065,2.56996,0.0393027,60.0
1744878879344866.0,-3910.01,-3123.49,0.965327,2.53065,2.6429,0.112244,60.0
1744878879365504.0,-3912.55,-3121.45,0.965889,2.56996,2.67992,0.109959,60.0
1744878879386138.0,-3912.55,-3121.45,0.965889,2.56996,2.43485,-0.135105,60.0
1744878879406750.0,-3915.09,-3120.08,0.966785,2.67992,2.55664,-0.123278,60.0
1744878879427324.0,-3915.09,-3120.08,0.966785,2.67992,2.52477,-0.155145,60.0
1744878879448041.0,-3915.09,-3120.08,0.966785,2.67992,2.59924,-0.0806786,60.0
1744878879468703.0,-3917.63,-3118.72,0.967684,2.52477,2.50249,-0.0222802,60.0
1744878879489374.0,-3917.63,-3118.72,0.967684,2.52477,2.55756,0.0327922,60.0
1744878879510031.0,-3919.75,-3116.67,0.967989,2.50249,2.48851,-0.013982,60.0
1744878879530679.0,-3919.75,-3116.67,0.967989,2.50249,2.43165,-0.070843,60.0
1744878879551533.0,-3919.75,-3116.67,0.967989,2.50249,2.44896,-0.0535341,60.0
1744878879572253.0,-3922.29,-3115.3,0.96889,2.43165,2.563,0.131354,60.0
1744878879592919.0,-3922.29,-3115.3,0.96889,2.43165,2.38297,-0.0486791,60.0
1744878879613482.0,-3924.83,-3113.25,0.969459,2.563,2.49049,-0.0725112,60.0
1744878879634249.0,-3924.83,-3113.25,0.969459,2.563,2.48778,-0.0752208,60.0
1744878879654949.0,-3924.83,-3113.25,0.969459,2.563,2.58806,0.0250539,60.0
1744878879675626.0,-3927.37,-3111.89,0.970363,2.48778,2.64882,0.161037,60.0
1744878879696441.0,-3927.37,-3111.89,0.970363,2.48778,2.5361,0.048319,60.0
1744878879717202.0,-3929.92,-3109.84,0.970935,2.64882,2.67668,0.0278671,60.0
1744878879738012.0,-3929.92,-3109.84,0.970935,2.64882,2.55864,-0.0901752,60.0
1744878879758672.0,-3932.46,-3108.48,0.971841,2.67668,2.51904,-0.15765,60.0
1744878879779455.0,-3932.46,-3108.48,0.971841,2.67668,2.57326,-0.103421,60.0
1744878879800406.0,-3932.46,-3108.48,0.971841,2.67668,2.5675,-0.109182,60.0
1744878879821149.0,-3935.0,-3107.11,0.972749,2.57326,2.54893,-0.0243328,60.0
1744878879841700.0,-3935.0,-3107.11,0.972749,2.57326,2.49006,-0.0831996,60.0
1744878879862340.0,-3937.54,-3105.06,0.973326,2.54893,2.67911,0.130182,60.0
1744878879883226.0,-3937.54,-3105.06,0.973326,2.54893,2.40049,-0.148445,60.0
1744878879903984.0,-3937.54,-3105.06,0.973326,2.54893,2.40693,-0.141997,60.0
1744878879924691.0,-3940.08,-3103.7,0.974237,2.40049,2.53022,0.129733,60.0
1744878879945463.0,-3940.08,-3103.7,0.974237,2.40049,2.49811,0.097625,60.0
1744878879966234.0,-3942.62,-3101.65,0.974817,2.53022,2.52003,-0.0101869,60.0
1744878879986784.0,-3942.62,-3101.65,0.974817,2.53022,2.58012,0.0499024,60.0
1744878880007445.0,-3942.62,-3101.65,0.974817,2.53022,2.53334,0.00312522,60.0
1744878880028205.0,-3945.17,-3100.28,0.97573,2.58012,2.48783,-0.0922928,60.0
1744878880057983.0,-3945.17,-3100.28,0.97573,2.58012,2.59963,0.0195113,60.0
1744878880078692.0,-3947.71,-3098.92,0.976644,2.48783,2.51991,0.0320815,60.0
1744878880099924.0,-3947.71,-3098.92,0.976644,2.48783,2.64392,0.156095,60.0
1744878880120377.0,-3949.83,-3096.87,0.976966,2.51991,2.50664,-0.0132706,60.0
1744878880141332.0,-3949.83,-3096.87,0.976966,2.51991,2.57377,0.0538566,60.0
1744878880162147.0,-3949.83,-3096.87,0.976966,2.51991,2.5049,-0.0150131,60.0
1744878880183089.0,-3952.37,-3095.51,0.977883,2.57377,2.59465,0.0208807,60.0
1744878880203591.0,-3952.37,-3095.51,0.977883,2.57377,2.65082,0.077052,60.0
1744878880224486.0,-3954.91,-3093.46,0.978471,2.59465,2.46881,-0.125834,60.0
1744878880245367.0,-3954.91,-3093.46,0.978471,2.59465,2.5771,-0.0175456,60.0
1744878880266346.0,-3957.45,-3092.09,0.979391,2.46881,2.59365,0.124835,60.0
1744878880287072.0,-3957.45,-3092.09,0.979391,2.46881,2.57654,0.107732,60.0
1744878880307844.0,-3957.45,-3092.09,0.979391,2.46881,2.4196,-0.0492081,60.0
1744878880328492.0,-3959.99,-3090.04,0.979981,2.57654,2.69487,0.118329,60.0
1744878880349178.0,-3959.99,-3090.04,0.979981,2.57654,2.61667,0.0401221,60.0
1744878880369936.0,-3962.53,-3088.68,0.980904,2.69487,2.68173,-0.0131465,60.0
1744878880390771.0,-3962.53,-3088.68,0.980904,2.69487,2.53683,-0.158045,60.0
1744878880411633.0,-3962.53,-3088.68,0.980904,2.69487,2.56966,-0.125212,60.0
1744878880432133.0,-3965.07,-3086.63,0.981498,2.53683,2.69442,0.15759,60.0
1744878880452702.0,-3965.07,-3086.63,0.981498,2.53683,2.53024,-0.00659082,60.0
1744878880473256.0,-3967.62,-3085.27,0.982423,2.69442,2.71052,0.0161034,60.0
1744878880494205.0,-3967.62,-3085.27,0.982423,2.69442,2.72622,0.0318045,60.0
1744878880515026.0,-3967.62,-3085.27,0.982423,2.69442,2.63473,-0.0596909,60.0
1744878880535730.0,-3970.16,-3083.9,0.98335,2.72622,2.86349,0.137271,60.0
1744878880556316.0,-3970.16,-3083.9,0.98335,2.72622,2.63283,-0.0933989,60.0
1744878880576959.0,-3972.7,-3081.85,0.983948,2.86349,2.73463,-0.128865,60.0
1744878880597806.0,-3972.7,-3081.85,0.983948,2.86349,2.71682,-0.146672,60.0
1744878880618411.0,-3975.24,-3080.49,0.984878,2.73463,2.68234,-0.0522935,60.0
1744878880638984.0,-3975.24,-3080.49,0.984878,2.73463,2.723,-0.0116313,60.0
1744878880659766.0,-3975.24,-3080.49,0.984878,2.73463,2.57041,-0.164221,60.0
1744878880680411.0,-3977.78,-3079.12,0.985808,2.723,2.78662,0.063618,60.0
1744878880701228.0,-3977.78,-3079.12,0.985808,2.723,2.60431,-0.118686,60.0
1744878880721687.0,-3980.32,-3077.07,0.986411,2.78662,2.67709,-0.109525,60.0
1744878880742781.0,-3980.32,-3077.07,0.986411,2.78662,2.69648,-0.0901399,60.0
1744878880763410.0,-3980.32,-3077.07,0.986411,2.78662,2.76095,-0.0256697,60.0
1744878880784185.0,-3982.87,-3075.71,0.987345,2.69648,2.69733,0.000851536,60.0
1744878880804787.0,-3982.87,-3075.71,0.987345,2.69648,2.71612,0.0196421,60.0
1744878880825493.0,-3985.41,-3074.34,0.98828,2.69733,2.56875,-0.128577,60.0
1744878880846432.0,-3985.41,-3074.34,0.98828,2.69733,2.76533,0.067997,60.0
1744878880866749.0,-3985.41,-3074.34,0.98828,2.69733,2.66056,-0.0367669,60.0
1744878880887641.0,-3987.95,-3072.98,0.989216,2.76533,2.62919,-0.136132,60.0
1744878880908471.0,-3987.95,-3072.98,0.989216,2.76533,2.71044,-0.054881,60.0
1744878880929157.0,-3990.49,-3071.61,0.990153,2.62919,2.54616,-0.0830341,60.0
1744878880949903.0,-3990.49,-3071.61,0.990153,2.62919,2.60839,-0.0207992,60.0
1744878880970507.0,-3990.49,-3071.61,0.990153,2.62919,2.48884,-0.140356,60.0
1744878880991603.0,-3993.03,-3069.56,0.990764,2.60839,2.62922,0.0208235,60.0
1744878881012323.0,-3993.03,-3069.56,0.990764,2.60839,2.64902,0.040624,60.0
1744878881033288.0,-3995.57,-3068.2,0.991704,2.62922,2.56526,-0.0639583,60.0
1744878881053939.0,-3995.57,-3068.2,0.991704,2.62922,2.4751,-0.154112,60.0
1744878881074586.0,-3998.54,-3066.83,0.992912,2.56526,2.70388,0.138624,60.0
1744878881095708.0,-3998.54,-3066.83,0.992912,2.56526,2.53595,-0.0293122,60.0
1744878881116407.0,-3998.54,-3066.83,0.992912,2.56526,2.52273,-0.0425244,60.0
1744878881137011.0,-4001.08,-3065.47,0.993854,2.53595,2.50441,-0.0315399,60.0
1744878881157870.0,-4001.08,-3065.47,0.993854,2.53595,2.41915,-0.116798,60.0
1744878881178609.0,-4003.62,-3064.1,0.994799,2.50441,2.47161,-0.0328002,60.0
1744878881199669.0,-4003.62,-3064.1,0.994799,2.50441,2.5527,0.0482948,60.0
1744878881220229.0,-4003.62,-3064.1,0.994799,2.50441,2.46254,-0.0418715,60.0
1744878881241587.0,-4006.16,-3062.06,0.995417,2.5527,2.44704,-0.105665,60.0
1744878881262290.0,-4006.16,-3062.06,0.995417,2.5527,2.47289,-0.0798144,60.0
1744878881282988.0,-4008.7,-3060.69,0.996364,2.44704,2.58196,0.134923,60.0
1744878881303586.0,-4008.7,-3060.69,0.996364,2.44704,2.4719,0.0248656,60.0
1744878881323982.0,-4008.7,-3060.69,0.996364,2.44704,2.4685,0.0214592,60.0
1744878881345121.0,-4011.25,-3059.33,0.997312,2.4719,2.53138,0.0594801,60.0
1744878881365420.0,-4011.25,-3059.33,0.997312,2.4719,2.53018,0.0582748,60.0
1744878881386457.0,-4013.79,-3057.28,0.997935,2.53138,2.44697,-0.0844121,60.0
1744878881407204.0,-4013.79,-3057.28,0.997935,2.53138,2.5458,0.0144189,60.0
1744878881428039.0,-4016.33,-3055.91,0.998886,2.44697,2.43775,-0.00922408,60.0
1744878881448921.0,-4016.33,-3055.91,0.998886,2.44697,2.4951,0.0481301,60.0
1744878881470152.0,-4016.33,-3055.91,0.998886,2.44697,2.45263,0.00565607,60.0
1744878881490528.0,-4018.87,-3054.55,0.999838,2.4951,2.60377,0.108667,60.0
1744878881511378.0,-4018.87,-3054.55,0.999838,2.4951,2.53359,0.0384885,60.0
1744878881532173.0,-4021.41,-3052.5,1.00047,2.60377,2.52771,-0.0760616,60.0
1744878881553083.0,-4021.41,-3052.5,1.00047,2.60377,2.56338,-0.0403844,60.0
1744878881573668.0,-4021.41,-3052.5,1.00047,2.60377,2.51121,-0.0925567,60.0
1744878881594583.0,-4023.95,-3051.13,1.00142,2.56338,2.56908,0.00569452,60.0
1744878881615343.0,-4023.95,-3051.13,1.00142,2.56338,2.70726,0.143875,60.0
1744878881635918.0,-4026.49,-3049.77,1.00238,2.56908,2.66981,0.100733,60.0
1744878881656668.0,-4026.49,-3049.77,1.00238,2.56908,2.635,0.065926,60.0
1744878881677345.0,-4026.49,-3049.77,1.00238,2.56908,2.60994,0.0408612,60.0
1744878881698128.0,-4029.04,-3047.72,1.00301,2.635,2.54148,-0.0935266,60.0
1744878881718726.0,-4029.04,-3047.72,1.00301,2.635,2.60517,-0.0298365,60.0
1744878881739762.0,-4031.58,-3046.35,1.00397,2.54148,2.50073,-0.0407479,60.0
1744878881760671.0,-4031.58,-3046.35,1.00397,2.54148,2.55643,0.014948,60.0
1744878881781607.0,-4034.12,-3044.99,1.00493,2.50073,2.4191,-0.081628,60.0
1744878881802260.0,-4034.12,-3044.99,1.00493,2.50073,2.58319,0.0824625,60.0
1744878881823006.0,-4034.12,-3044.99,1.00493,2.50073,2.44572,-0.0550136,60.0
1744878881843636.0,-4036.66,-3042.94,1.00557,2.58319,2.5685,-0.0146938,60.0
1744878881864199.0,-4036.66,-3042.94,1.00557,2.58319,2.62714,0.0439498,60.0
1744878881884781.0,-4039.2,-3041.58,1.00653,2.5685,2.41652,-0.151979,60.0
1744878881905620.0,-4039.2,-3041.58,1.00653,2.5685,2.55743,-0.0110644,60.0
1744878881926158.0,-4039.2,-3041.58,1.00653,2.5685,2.57205,0.00354842,60.0
1744878881946921.0,-4041.74,-3040.21,1.00749,2.55743,2.62673,0.0692938,60.0
1744878881967873.0,-4041.74,-3040.21,1.00749,2.55743,2.47332,-0.0841158,60.0
1744878881988580.0,-4044.29,-3038.16,1.00813,2.62673,2.58175,-0.0449733,60.0
1744878882009264.0,-4044.29,-3038.16,1.00813,2.62673,2.56119,-0.0655421,60.0
1744878882030172.0,-4044.29,-3038.16,1.00813,2.62673,2.56608,-0.0606449,60.0
1744878882051013.0,-4046.83,-3036.8,1.0091,2.56119,2.53801,-0.0231719,60.0
1744878882071731.0,-4046.83,-3036.8,1.0091,2.56119,2.57343,0.0122484,60.0
1744878882092610.0,-4049.37,-3034.75,1.00975,2.53801,2.53231,-0.00570634,60.0
1744878882113328.0,-4049.37,-3034.75,1.00975,2.53801,2.43906,-0.0989577,60.0
1744878882136254.0,-4051.91,-3033.38,1.01072,2.43906,2.58139,0.142336,60.0
1744878882157273.0,-4051.91,-3033.38,1.01072,2.43906,2.43855,-0.000503497,60.0
1744878882177587.0,-4051.91,-3033.38,1.01072,2.43906,2.4736,0.0345486,60.0
1744878882198281.0,-4054.45,-3032.02,1.01169,2.43855,2.52795,0.0893995,60.0
1744878882218741.0,-4054.45,-3032.02,1.01169,2.43855,2.41632,-0.0222341,60.0
1744878882239818.0,-4056.99,-3029.97,1.01234,2.52795,2.43224,-0.0957171,60.0
1744878882260373.0,-4056.99,-3029.97,1.01234,2.52795,2.54715,0.0191958,60.0
1744878882281121.0,-4056.99,-3029.97,1.01234,2.52795,2.53725,0.00929979,60.0
1744878882301783.0,-4059.53,-3028.61,1.01331,2.54715,2.63071,0.0835608,60.0
1744878882322507.0,-4059.53,-3028.61,1.01331,2.54715,2.435,-0.112145,60.0
1744878882343274.0,-4061.65,-3026.56,1.01369,2.63071,2.52035,-0.110357,60.0
1744878882364360.0,-4061.65,-3026.56,1.01369,2.63071,2.54968,-0.0810281,60.0
1744878882384819.0,-4061.65,-3026.56,1.01369,2.63071,2.48676,-0.143952,60.0
1744878882405444.0,-4064.19,-3025.19,1.01467,2.54968,2.57915,0.0294667,60.0
1744878882426062.0,-4064.19,-3025.19,1.01467,2.54968,2.47579,-0.0738874,60.0
1744878882446647.0,-4066.74,-3023.83,1.01565,2.57915,2.57849,-0.000661275,60.0
1744878882467514.0,-4066.74,-3023.83,1.01565,2.57915,2.52479,-0.0543586,60.0
1744878882488317.0,-4066.74,-3023.83,1.01565,2.57915,2.57218,-0.0069668,60.0
1744878882509078.0,-4069.28,-3021.78,1.0163,2.52479,2.36667,-0.158122,60.0
1744878882529413.0,-4069.28,-3021.78,1.0163,2.52479,2.50781,-0.0169814,60.0
1744878882550024.0,-4071.82,-3020.41,1.01728,2.36667,2.2886,-0.0780641,60.0
1744878882570674.0,-4071.82,-3020.41,1.01728,2.36667,2.45151,0.0848476,60.0
1744878882591514.0,-4071.82,-3020.41,1.01728,2.36667,2.44855,0.0818798,60.0
1744878882611972.0,-4074.36,-3018.37,1.01794,2.45151,2.49739,0.0458756,60.0
1744878882632574.0,-4074.36,-3018.37,1.01794,2.45151,2.48981,0.038292,60.0
1744878882653345.0,-4076.9,-3017.0,1.01893,2.49739,2.4644,-0.0329944,60.0
1744878882673924.0,-4076.9,-3017.0,1.01893,2.49739,2.64439,0.147003,60.0
1744878882694318.0,-4079.44,-3014.95,1.01959,2.46439,2.52565,0.0612553,60.0
1744878882715016.0,-4079.44,-3014.95,1.01959,2.46439,2.49054,0.0261447,60.0
1744878882736008.0,-4079.44,-3014.95,1.01959,2.46439,2.33169,-0.132709,60.0
1744878882756796.0,-4081.99,-3013.59,1.02058,2.49054,2.39356,-0.0969814,60.0
1744878882777607.0,-4081.99,-3013.59,1.02058,2.49054,2.551,0.0604603,60.0
1744878882798210.0,-4084.1,-3011.54,1.02097,2.39356,2.50244,0.108879,60.0
1744878882818801.0,-4084.1,-3011.54,1.02097,2.39356,2.31482,-0.0787363,60.0
1744878882839329.0,-4084.1,-3011.54,1.02097,2.39356,2.45991,0.0663484,60.0
1744878882860298.0,-4086.65,-3010.17,1.02196,2.31482,2.36951,0.0546845,60.0
1744878882880869.0,-4086.65,-3010.17,1.02196,2.31482,2.29874,-0.0160776,60.0
1744878882901418.0,-4089.19,-3008.12,1.02263,2.36951,2.53276,0.163256,60.0
1744878882922186.0,-4089.19,-3008.12,1.02263,2.36951,2.43083,0.0613257,60.0
1744878882942790.0,-4089.19,-3008.12,1.02263,2.36951,2.45174,0.0822342,60.0
1744878882963667.0,-4091.73,-3006.76,1.02362,2.43083,2.43449,0.00365986,60.0
1744878882984087.0,-4091.73,-3006.76,1.02362,2.43083,2.4916,0.0607676,60.0
1744878883004745.0,-4093.85,-3004.71,1.02402,2.43449,2.4175,-0.0169879,60.0
1744878883025882.0,-4093.85,-3004.71,1.02402,2.43449,2.45717,0.0226801,60.0
1744878883046422.0,-4093.85,-3004.71,1.02402,2.43449,2.51177,0.0772732,60.0
1744878883067398.0,-4096.39,-3003.35,1.02501,2.45717,2.50058,0.0434034,60.0
1744878883087723.0,-4096.39,-3003.35,1.02501,2.45717,2.5255,0.0683327,60.0
1744878883108290.0,-4098.93,-3001.3,1.02569,2.50058,2.47111,-0.029465,60.0
1744878883129270.0,-4098.93,-3001.3,1.02569,2.50058,2.42275,-0.0778233,60.0
1744878883150091.0,-4098.93,-3001.3,1.02569,2.50058,2.45039,-0.050186,60.0
1744878883170905.0,-4101.05,-2999.25,1.02609,2.42275,2.57095,0.148197,60.0
1744878883191687.0,-4101.05,-2999.25,1.02609,2.42275,2.39074,-0.0320076,60.0
1744878883212442.0,-4103.59,-2997.88,1.02709,2.57095,2.53428,-0.0366736,60.0
1744878883233275.0,-4103.59,-2997.88,1.02709,2.57095,2.59227,0.0213231,60.0
1744878883254145.0,-4106.13,-2995.84,1.02777,2.53428,2.44772,-0.0865597,60.0
1744878883274795.0,-4106.13,-2995.84,1.02777,2.53428,2.52124,-0.0130336,60.0
1744878883295698.0,-4106.13,-2995.84,1.02777,2.53428,2.62782,0.0935436,60.0
1744878883316615.0,-4108.25,-2993.79,1.02818,2.52124,2.67733,0.156092,60.0
1744878883337486.0,-4108.25,-2993.79,1.02818,2.52124,2.62677,0.105529,60.0
1744878883358359.0,-4110.79,-2992.42,1.02918,2.67733,2.52509,-0.152248,60.0
1744878883379249.0,-4110.79,-2992.42,1.02918,2.67733,2.70756,0.0302239,60.0
1744878883400095.0,-4110.79,-2992.42,1.02918,2.67733,2.71946,0.0421228,60.0
1744878883420599.0,-4113.33,-2990.37,1.02986,2.70756,2.77809,0.0705323,60.0
1744878883441353.0,-4113.33,-2990.37,1.02986,2.70756,2.73974,0.0321845,60.0
1744878883461949.0,-4115.87,-2989.01,1.03087,2.77809,2.71634,-0.0617547,60.0
1744878883482866.0,-4115.87,-2989.01,1.03087,2.77809,2.66272,-0.115369,60.0
1744878883503656.0,-4115.87,-2989.01,1.03087,2.77809,2.66241,-0.115679,60.0
1744878883524428.0,-4118.42,-2986.96,1.03155,2.66272,2.56221,-0.100507,60.0
1744878883545211.0,-4118.42,-2986.96,1.03155,2.66272,2.61575,-0.0469722,60.0
1744878883565830.0,-4120.53,-2985.6,1.03229,2.56221,2.59248,0.0302641,60.0
1744878883586822.0,-4120.53,-2985.6,1.03229,2.56221,2.63383,0.0716127,60.0
1744878883607511.0,-4123.08,-2983.55,1.03298,2.59248,2.49092,-0.10156,60.0
1744878883628148.0,-4123.08,-2983.55,1.03298,2.59248,2.52606,-0.0664208,60.0
1744878883648854.0,-4123.08,-2983.55,1.03298,2.59248,2.63165,0.0391729,60.0
1744878883669390.0,-4125.62,-2982.18,1.03399,2.52606,2.55002,0.0239626,60.0
1744878883690242.0,-4125.62,-2982.18,1.03399,2.52606,2.36608,-0.159982,60.0
1744878883710630.0,-4128.16,-2980.13,1.03468,2.55002,2.50121,-0.048815,60.0
1744878883731544.0,-4128.16,-2980.13,1.03468,2.55002,2.4567,-0.0933189,60.0
1744878883752284.0,-4128.16,-2980.13,1.03468,2.55002,2.64749,0.0974706,60.0
1744878883773146.0,-4130.7,-2978.77,1.03569,2.4567,2.46268,0.00597999,60.0
1744878883793681.0,-4130.7,-2978.77,1.03569,2.4567,2.43809,-0.0186075,60.0
1744878883814655.0,-4133.24,-2976.72,1.03639,2.46268,2.31575,-0.14693,60.0
1744878883835284.0,-4133.24,-2976.72,1.03639,2.46268,2.57126,0.108577,60.0
1744878883855932.0,-4133.24,-2976.72,1.03639,2.46268,2.45045,-0.0122355,60.0
1744878883876569.0,-4135.36,-2975.35,1.03713,2.57126,2.50394,-0.0673189,60.0
1744878883897224.0,-4135.36,-2975.35,1.03713,2.57126,2.4418,-0.12946,60.0
1744878883917999.0,-4137.9,-2973.31,1.03783,2.50394,2.53015,0.0262067,60.0
1744878883938728.0,-4137.9,-2973.31,1.03783,2.50394,2.49105,-0.0128927,60.0
1744878883959490.0,-4137.9,-2973.31,1.03783,2.50394,2.52568,0.0217425,60.0
1744878883980092.0,-4140.44,-2971.94,1.03885,2.49105,2.59142,0.100375,60.0
1744878884000840.0,-4140.44,-2971.94,1.03885,2.49105,2.37563,-0.115422,60.0
1744878884021539.0,-4142.98,-2969.89,1.03955,2.59142,2.44729,-0.144136,60.0
1744878884042340.0,-4142.98,-2969.89,1.03955,2.59142,2.55992,-0.0315022,60.0
1744878884062994.0,-4145.53,-2968.53,1.04057,2.44729,2.55039,0.1031,60.0
1744878884083587.0,-4145.53,-2968.53,1.04057,2.44729,2.51921,0.0719225,60.0
1744878884104108.0,-4145.53,-2968.53,1.04057,2.44729,2.55205,0.104764,60.0
1744878884124814.0,-4147.64,-2966.48,1.041,2.51921,2.56818,0.048976,60.0
1744878884145435.0,-4147.64,-2966.48,1.041,2.51921,2.47012,-0.0490855,60.0
1744878884166009.0,-4150.19,-2965.11,1.04203,2.56818,2.69029,0.12211,60.0
1744878884186696.0,-4150.19,-2965.11,1.04203,2.56818,2.621,0.0528121,60.0
1744878884207440.0,-4150.19,-2965.11,1.04203,2.56818,2.53602,-0.0321601,60.0
1744878884228121.0,-4152.73,-2963.07,1.04273,2.621,2.62715,0.00615068,60.0
1744878884249115.0,-4152.73,-2963.07,1.04273,2.621,2.57268,-0.0483166,60.0
1744878884270014.0,-4155.27,-2961.7,1.04376,2.62715,2.51316,-0.113992,60.0
1744878884290597.0,-4155.27,-2961.7,1.04376,2.62715,2.48323,-0.143913,60.0
1744878884311174.0,-4155.27,-2961.7,1.04376,2.62715,2.49215,-0.134995,60.0
1744878884331739.0,-4157.81,-2959.65,1.04447,2.48323,2.51478,0.0315507,60.0
1744878884352393.0,-4157.81,-2959.65,1.04447,2.48323,2.62581,0.142572,60.0
1744878884373137.0,-4159.93,-2958.29,1.04522,2.51478,2.50031,-0.0144771,60.0
1744878884394528.0,-4159.93,-2958.29,1.04522,2.51478,2.66708,0.152298,60.0
1744878884418890.0,-4162.47,-2956.24,1.04594,2.50031,2.61736,0.117057,60.0
1744878884439678.0,-4162.47,-2956.24,1.04594,2.50031,2.61388,0.113573,60.0
1744878884460173.0,-4162.47,-2956.24,1.04594,2.50031,2.62988,0.129572,60.0
1744878884480899.0,-4165.01,-2954.87,1.04697,2.61388,2.6038,-0.0100777,60.0
1744878884502169.0,-4165.01,-2954.87,1.04697,2.61388,2.71388,0.0999973,60.0
1744878884522949.0,-4167.55,-2952.82,1.04769,2.6038,2.48073,-0.123072,60.0
1744878884543643.0,-4167.55,-2952.82,1.04769,2.6038,2.45551,-0.148296,60.0
1744878884564613.0,-4167.55,-2952.82,1.04769,2.6038,2.49205,-0.111753,60.0
1744878884585347.0,-4170.09,-2951.46,1.04872,2.45551,2.56734,0.111834,60.0
1744878884606043.0,-4170.09,-2951.46,1.04872,2.45551,2.56555,0.110042,60.0
1744878884627010.0,-4172.64,-2949.41,1.04944,2.56734,2.49172,-0.0756258,60.0
1744878884647586.0,-4172.64,-2949.41,1.04944,2.56734,2.55531,-0.0120297,60.0
1744878884668274.0,-4172.64,-2949.41,1.04944,2.56734,2.55879,-0.00854659,60.0
1744878884688700.0,-4174.75,-2948.05,1.0502,2.55531,2.4769,-0.0784158,60.0
1744878884709723.0,-4174.75,-2948.05,1.0502,2.55531,2.45033,-0.104985,60.0
1744878884730433.0,-4177.3,-2946.0,1.05093,2.4769,2.56595,0.0890514,60.0
1744878884751721.0,-4177.3,-2946.0,1.05093,2.4769,2.52503,0.0481334,60.0
1744878884772165.0,-4179.84,-2944.63,1.05197,2.56595,2.58815,0.0221994,60.0
1744878884793131.0,-4179.84,-2944.63,1.05197,2.56595,2.4529,-0.113046,60.0
1744878884813917.0,-4179.84,-2944.63,1.05197,2.56595,2.42096,-0.144989,60.0
1744878884834498.0,-4182.38,-2942.58,1.05269,2.4529,2.49926,0.0463636,60.0
1744878884855152.0,-4182.38,-2942.58,1.05269,2.4529,2.33939,-0.113513,60.0
1744878884875862.0,-4184.92,-2941.22,1.05374,2.49926,2.44225,-0.0570163,60.0
1744878884896480.0,-4184.92,-2941.22,1.05374,2.49926,2.49801,-0.00125845,60.0
1744878884917134.0,-4184.92,-2941.22,1.05374,2.49926,2.65515,0.15589,60.0
1744878884937733.0,-4187.46,-2939.17,1.05447,2.49801,2.61995,0.121944,60.0
1744878884958492.0,-4187.46,-2939.17,1.05447,2.49801,2.49458,-0.00343107,60.0
1744878884979065.0,-4189.58,-2937.81,1.05523,2.61995,2.59034,-0.0296104,60.0
1744878884999812.0,-4189.58,-2937.81,1.05523,2.61995,2.49633,-0.123625,60.0
1744878885020615.0,-4189.58,-2937.81,1.05523,2.61995,2.52065,-0.0992989,60.0
1744878885041579.0,-4192.12,-2935.76,1.05597,2.49633,2.6266,0.130272,60.0
1744878885062509.0,-4192.12,-2935.76,1.05597,2.49633,2.44026,-0.0560635,60.0
1744878885083272.0,-4194.66,-2934.39,1.05702,2.6266,2.56388,-0.0627219,60.0
1744878885104055.0,-4194.66,-2934.39,1.05702,2.6266,2.56652,-0.0600732,60.0
1744878885124895.0,-4194.66,-2934.39,1.05702,2.6266,2.53924,-0.0873598,60.0
1744878885146288.0,-4197.2,-2932.34,1.05775,2.56652,2.61085,0.0443262,60.0
1744878885167530.0,-4197.2,-2932.34,1.05775,2.56652,2.50364,-0.0628881,60.0
1744878885188315.0,-4199.75,-2930.98,1.0588,2.61085,2.61857,0.00772463,60.0
1744878885211731.0,-4199.75,-2930.98,1.0588,2.61085,2.68768,0.0768338,60.0
1744878885232389.0,-4202.29,-2928.93,1.05954,2.61857,2.58326,-0.035318,60.0
1744878885252941.0,-4202.29,-2928.93,1.05954,2.61857,2.52655,-0.092027,60.0
1744878885273819.0,-4202.29,-2928.93,1.05954,2.61857,2.57504,-0.0435319,60.0
1744878885294662.0,-4204.41,-2927.56,1.06032,2.52655,2.38977,-0.136776,60.0
1744878885315259.0,-4204.41,-2927.56,1.06032,2.52655,2.57591,0.0493608,60.0
1744878885336021.0,-4206.95,-2925.52,1.06106,2.38977,2.52395,0.134177,60.0
1744878885356858.0,-4206.95,-2925.52,1.06106,2.38977,2.44099,0.0512208,60.0
1744878885377510.0,-4206.95,-2925.52,1.06106,2.38977,2.46064,0.0708696,60.0
1744878885398335.0,-4209.49,-2924.15,1.06211,2.44099,2.32276,-0.118232,60.0
1744878885419445.0,-4209.49,-2924.15,1.06211,2.44099,2.49825,0.0572559,60.0
1744878885440093.0,-4212.03,-2922.1,1.06286,2.32276,2.47471,0.151953,60.0
1744878885460896.0,-4212.03,-2922.1,1.06286,2.32276,2.43174,0.108976,60.0
1744878885481673.0,-4214.57,-2920.74,1.06392,2.47471,2.57705,0.102338,60.0
1744878885502537.0,-4214.57,-2920.74,1.06392,2.47471,2.45136,-0.0233544,60.0
1744878885523431.0,-4214.57,-2920.74,1.06392,2.47471,2.46811,-0.00660524,60.0
1744878885543759.0,-4216.69,-2918.69,1.06439,2.45136,2.56715,0.115794,60.0
1744878885564482.0,-4216.69,-2918.69,1.06439,2.45136,2.42694,-0.0244177,60.0
1744878885585293.0,-4219.23,-2917.32,1.06545,2.56715,2.58896,0.0218097,60.0
1744878885605962.0,-4219.23,-2917.32,1.06545,2.56715,2.6168,0.0496443,60.0
1744878885626668.0,-4219.23,-2917.32,1.06545,2.56715,2.44237,-0.124784,60.0
1744878885647429.0,-4221.77,-2915.28,1.0662,2.6168,2.66333,0.0465303,60.0
1744878885668097.0,-4221.77,-2915.28,1.0662,2.6168,2.53418,-0.0826186,60.0
1744878885688797.0,-4224.31,-2913.91,1.06726,2.66333,2.72092,0.0575965,60.0
1744878885709858.0,-4224.31,-2913.91,1.06726,2.66333,2.64925,-0.0140817,60.0
1744878885730525.0,-4224.31,-2913.91,1.06726,2.66333,2.52576,-0.137565,60.0
1744878885751335.0,-4226.86,-2911.86,1.06802,2.64925,2.66856,0.0193124,60.0
1744878885772548.0,-4226.86,-2911.86,1.06802,2.64925,2.51937,-0.12988,60.0
1744878885793107.0,-4228.97,-2910.5,1.0688,2.66856,2.5048,-0.163755,60.0
1744878885813713.0,-4228.97,-2910.5,1.0688,2.66856,2.62621,-0.0423489,60.0
1744878885834421.0,-4228.97,-2910.5,1.0688,2.66856,2.53019,-0.138364,60.0
1744878885855410.0,-4231.52,-2908.45,1.06956,2.62621,2.55159,-0.0746241,60.0
1744878885876103.0,-4231.52,-2908.45,1.06956,2.62621,2.57446,-0.0517526,60.0
1744878885896827.0,-4234.06,-2907.08,1.07063,2.55159,2.52059,-0.0309955,60.0
1744878885917580.0,-4234.06,-2907.08,1.07063,2.55159,2.52046,-0.031129,60.0
1744878885938865.0,-4236.6,-2905.03,1.07139,2.52059,2.39473,-0.125864,60.0
1744878885959361.0,-4236.6,-2905.03,1.07139,2.52059,2.47194,-0.0486526,60.0
1744878885979830.0,-4236.6,-2905.03,1.07139,2.52059,2.4043,-0.116287,60.0
1744878886000512.0,-4239.14,-2903.67,1.07246,2.47194,2.45154,-0.0203932,60.0
1744878886021171.0,-4239.14,-2903.67,1.07246,2.47194,2.6156,0.143659,60.0
1744878886041825.0,-4241.68,-2901.62,1.07323,2.45154,2.47769,0.0261417,60.0
1744878886062505.0,-4241.68,-2901.62,1.07323,2.45154,2.40195,-0.0495959,60.0
1744878886083246.0,-4241.68,-2901.62,1.07323,2.45154,2.4895,0.0379544,60.0
1744878886104209.0,-4244.22,-2900.26,1.0743,2.40195,2.52434,0.122392,60.0
1744878886124578.0,-4244.22,-2900.26,1.0743,2.40195,2.51699,0.115039,60.0
1744878886145336.0,-4246.34,-2898.21,1.07479,2.52434,2.4693,-0.0550389,60.0
1744878886166448.0,-4246.34,-2898.21,1.07479,2.52434,2.45225,-0.0720912,60.0
1744878886187075.0,-4246.34,-2898.21,1.07479,2.52434,2.45908,-0.0652603,60.0
1744878886207658.0,-4248.88,-2896.84,1.07587,2.45225,2.54886,0.0966097,60.0
1744878886228538.0,-4248.88,-2896.84,1.07587,2.45225,2.60216,0.149908,60.0
1744878886249213.0,-4251.42,-2894.79,1.07663,2.54886,2.41618,-0.132674,60.0
1744878886269981.0,-4251.42,-2894.79,1.07663,2.54886,2.54392,-0.00493359,60.0
1744878886290735.0,-4253.97,-2893.43,1.07772,2.41618,2.36273,-0.053457,60.0
1744878886311577.0,-4253.97,-2893.43,1.07772,2.41618,2.57033,0.15415,60.0
1744878886332384.0,-4253.97,-2893.43,1.07772,2.41618,2.51381,0.0976304,60.0
1744878886353073.0,-4256.08,-2891.38,1.0782,2.57033,2.57368,0.00334725,60.0
1744878886373816.0,-4256.08,-2891.38,1.0782,2.57033,2.43472,-0.135612,60.0
1744878886394461.0,-4258.63,-2890.01,1.07929,2.57368,2.67973,0.106046,60.0
1744878886415182.0,-4258.63,-2890.01,1.07929,2.57368,2.65564,0.0819591,60.0
1744878886436202.0,-4258.63,-2890.01,1.07929,2.57368,2.45035,-0.123329,60.0
1744878886456713.0,-4261.17,-2887.97,1.08006,2.65564,2.70884,0.0532028,60.0
1744878886477209.0,-4261.17,-2887.97,1.08006,2.65564,2.53915,-0.116491,60.0
1744878886497953.0,-4263.71,-2886.6,1.08115,2.70884,2.61754,-0.0912993,60.0
1744878886518779.0,-4263.71,-2886.6,1.08115,2.70884,2.61483,-0.0940155,60.0
1744878886539468.0,-4263.71,-2886.6,1.08115,2.70884,2.67734,-0.0315047,60.0
1744878886560160.0,-4266.25,-2884.55,1.08193,2.61483,2.67635,0.0615203,60.0
1744878886581404.0,-4266.25,-2884.55,1.08193,2.61483,2.49753,-0.1173,60.0
1744878886602048.0,-4268.79,-2883.19,1.08302,2.67635,2.70149,0.0251386,60.0
1744878886622826.0,-4268.79,-2883.19,1.08302,2.67635,2.7014,0.0250532,60.0
1744878886643520.0,-4268.79,-2883.19,1.08302,2.67635,2.53246,-0.143888,60.0
1744878886664064.0,-4271.33,-2881.14,1.0838,2.7014,2.71675,0.0153445,60.0
1744878886685109.0,-4271.33,-2881.14,1.0838,2.7014,2.59528,-0.106122,60.0
1744878886705691.0,-4273.45,-2879.77,1.08461,2.71675,2.5641,-0.152642,60.0
1744878886728107.0,-4273.45,-2879.77,1.08461,2.71675,2.65659,-0.0601571,60.0
1744878886749163.0,-4275.99,-2877.73,1.08539,2.5641,2.49482,-0.069289,60.0
1744878886770013.0,-4275.99,-2877.73,1.08539,2.5641,2.52211,-0.0419921,60.0
1744878886790770.0,-4275.99,-2877.73,1.08539,2.5641,2.59742,0.0333173,60.0
1744878886811153.0,-4278.53,-2876.36,1.08649,2.52211,2.5018,-0.020316,60.0
1744878886832393.0,-4278.53,-2876.36,1.08649,2.52211,2.43965,-0.0824643,60.0
1744878886853103.0,-4281.08,-2874.99,1.08758,2.5018,2.65656,0.15476,60.0
1744878886873851.0,-4281.08,-2874.99,1.08758,2.5018,2.51426,0.0124596,60.0
1744878886894756.0,-4281.08,-2874.99,1.08758,2.5018,2.34157,-0.160229,60.0
1744878886915385.0,-4283.62,-2872.95,1.08837,2.51426,2.44509,-0.0691688,60.0
1744878886936365.0,-4283.62,-2872.95,1.08837,2.51426,2.62327,0.109011,60.0
1744878886956823.0,-4286.16,-2871.58,1.08947,2.44509,2.51369,0.068605,60.0
1744878886977579.0,-4286.16,-2871.58,1.08947,2.44509,2.3177,-0.127383,60.0
1744878886998337.0,-4286.16,-2871.58,1.08947,2.44509,2.48091,0.035828,60.0
1744878887018961.0,-4288.7,-2869.53,1.09026,2.3177,2.44148,0.123774,60.0
1744878887039625.0,-4288.7,-2869.53,1.09026,2.3177,2.34933,0.0316236,60.0
1744878887060587.0,-4291.24,-2868.17,1.09136,2.44148,2.29654,-0.144939,60.0
1744878887081234.0,-4291.24,-2868.17,1.09136,2.44148,2.37534,-0.0661371,60.0
1744878887102145.0,-4293.78,-2866.12,1.09216,2.29654,2.38035,0.0838071,60.0
1744878887122988.0,-4293.78,-2866.12,1.09216,2.29654,2.44536,0.14882,60.0
1744878887143717.0,-4293.78,-2866.12,1.09216,2.29654,2.40532,0.108787,60.0
1744878887164459.0,-4296.33,-2864.75,1.09326,2.44536,2.38189,-0.0634693,60.0
1744878887185076.0,-4296.33,-2864.75,1.09326,2.44536,2.44515,-0.000210174,60.0
1744878887205697.0,-4298.44,-2862.71,1.09378,2.38189,2.46418,0.0822861,60.0
1744878887226148.0,-4298.44,-2862.71,1.09378,2.38189,2.53592,0.154027,60.0
1744878887247189.0,-4298.44,-2862.71,1.09378,2.38189,2.35881,-0.0230764,60.0
1744878887267776.0,-4300.98,-2861.34,1.09488,2.53592,2.4078,-0.128114,60.0
1744878887288077.0,-4300.98,-2861.34,1.09488,2.53592,2.56031,0.0243948,60.0
1744878887308699.0,-4303.53,-2859.29,1.09568,2.4078,2.53704,0.129236,60.0
1744878887329403.0,-4303.53,-2859.29,1.09568,2.4078,2.51,0.102199,60.0
1744878887350171.0,-4303.53,-2859.29,1.09568,2.4078,2.53984,0.132039,60.0
1744878887370733.0,-4306.07,-2857.93,1.09679,2.51,2.4198,-0.0901971,60.0
1744878887391511.0,-4306.07,-2857.93,1.09679,2.51,2.3829,-0.127104,60.0
1744878887412419.0,-4308.19,-2855.88,1.09731,2.4198,2.55716,0.137354,60.0
1744878887433368.0,-4308.19,-2855.88,1.09731,2.4198,2.56227,0.142469,60.0
1744878887453840.0,-4308.19,-2855.88,1.09731,2.4198,2.38401,-0.0357983,60.0
1744878887474465.0,-4310.73,-2853.83,1.09812,2.56227,2.52142,-0.0408524,60.0
1744878887495006.0,-4310.73,-2853.83,1.09812,2.56227,2.58866,0.0263835,60.0
1744878887515824.0,-4313.27,-2852.46,1.09923,2.52142,2.55317,0.0317465,60.0
1744878887536495.0,-4313.27,-2852.46,1.09923,2.52142,2.41569,-0.105734,60.0
1744878887557089.0,-4315.39,-2850.42,1.09975,2.55317,2.52299,-0.0301748,60.0
1744878887577887.0,-4315.39,-2850.42,1.09975,2.55317,2.63751,0.0843412,60.0
1744878887598509.0,-4315.39,-2850.42,1.09975,2.55317,2.47643,-0.0767326,60.0
1744878887619234.0,-4317.93,-2849.05,1.10087,2.63751,2.78686,0.149355,60.0
1744878887640209.0,-4317.93,-2849.05,1.10087,2.63751,2.61694,-0.0205689,60.0
1744878887660887.0,-4320.47,-2847.0,1.10168,2.78686,2.66842,-0.118439,60.0
1744878887681323.0,-4320.47,-2847.0,1.10168,2.78686,2.69496,-0.0919052,60.0
1744878887702024.0,-4320.47,-2847.0,1.10168,2.78686,2.68017,-0.106694,60.0
1744878887722546.0,-4323.01,-2845.64,1.1028,2.69496,2.65158,-0.0433786,60.0
1744878887743471.0,-4323.01,-2845.64,1.1028,2.69496,2.65706,-0.0378934,60.0
1744878887764483.0,-4325.55,-2843.59,1.10362,2.65158,2.53072,-0.120858,60.0
1744878887785657.0,-4325.55,-2843.59,1.10362,2.65158,2.65841,0.00683083,60.0
1744878887805925.0,-4325.55,-2843.59,1.10362,2.65158,2.50946,-0.14212,60.0
1744878887826709.0,-4328.1,-2842.22,1.10474,2.65841,2.56052,-0.0978851,60.0
1744878887847768.0,-4328.1,-2842.22,1.10474,2.65841,2.60444,-0.0539716,60.0
1744878887868154.0,-4330.21,-2840.18,1.10527,2.56052,2.60419,0.0436663,60.0
1744878887889013.0,-4330.21,-2840.18,1.10527,2.56052,2.50915,-0.0513776,60.0
1744878887910329.0,-4330.21,-2840.18,1.10527,2.56052,2.6596,0.0990746,60.0
1744878887930389.0,-4332.75,-2838.81,1.10639,2.50915,2.38609,-0.123059,60.0
1744878887951096.0,-4332.75,-2838.81,1.10639,2.50915,2.52089,0.0117447,60.0
1744878887971786.0,-4335.3,-2836.76,1.10721,2.38609,2.47934,0.0932538,60.0
1744878887992540.0,-4335.3,-2836.76,1.10721,2.38609,2.47762,0.0915292,60.0
1744878888013505.0,-4337.84,-2835.4,1.10834,2.47934,2.61356,0.134214,60.0
1744878888033895.0,-4337.84,-2835.4,1.10834,2.47934,2.43754,-0.0417991,60.0
1744878888054614.0,-4337.84,-2835.4,1.10834,2.47934,2.59667,0.117326,60.0
1744878888075636.0,-4340.38,-2833.35,1.10916,2.43754,2.56725,0.129706,60.0
1744878888095993.0,-4340.38,-2833.35,1.10916,2.43754,2.58908,0.151536,60.0
1744878888116857.0,-4342.92,-2831.98,1.11029,2.56725,2.41835,-0.148894,60.0
1744878888137735.0,-4342.92,-2831.98,1.11029,2.56725,2.4637,-0.103553,60.0
1744878888158349.0,-4342.92,-2831.98,1.11029,2.56725,2.51781,-0.0494338,60.0
1744878888179113.0,-4345.04,-2829.93,1.11083,2.4637,2.3273,-0.136396,60.0
1744878888199768.0,-4345.04,-2829.93,1.11083,2.4637,2.55195,0.0882555,60.0
1744878888220519.0,-4347.58,-2828.57,1.11196,2.3273,2.32621,-0.00108998,60.0
1744878888241408.0,-4347.58,-2828.57,1.11196,2.3273,2.36098,0.0336754,60.0
1744878888262335.0,-4347.58,-2828.57,1.11196,2.3273,2.46937,0.142071,60.0
1744878888283111.0,-4350.12,-2826.52,1.1128,2.36098,2.52379,0.162819,60.0
1744878888303560.0,-4350.12,-2826.52,1.1128,2.36098,2.51051,0.149537,60.0
1744878888324079.0,-4352.66,-2825.16,1.11393,2.52379,2.61319,0.0893928,60.0
1744878888344614.0,-4352.66,-2825.16,1.11393,2.52379,2.5664,0.0426013,60.0
1744878888365424.0,-4352.66,-2825.16,1.11393,2.52379,2.5597,0.0359015,60.0
1744878888385938.0,-4354.78,-2823.11,1.11447,2.5664,2.53396,-0.0324361,60.0
1744878888406852.0,-4354.78,-2823.11,1.11447,2.5664,2.50149,-0.0649063,60.0
1744878888427586.0,-4357.32,-2821.06,1.11531,2.53396,2.49717,-0.0367917,60.0
1744878888448100.0,-4357.32,-2821.06,1.11531,2.53396,2.57759,0.0436336,60.0
1744878888468746.0,-4357.32,-2821.06,1.11531,2.53396,2.54611,0.012154,60.0
1744878888489319.0,-4359.86,-2819.69,1.11645,2.57759,2.57647,-0.00112531,60.0
1744878888510003.0,-4359.86,-2819.69,1.11645,2.57759,2.57893,0.00133679,60.0
1744878888530672.0,-4362.41,-2817.64,1.11729,2.57647,2.63729,0.0608239,60.0
1744878888551417.0,-4362.41,-2817.64,1.11729,2.57647,2.46856,-0.107908,60.0
1744878888572240.0,-4364.52,-2816.28,1.11814,2.63729,2.49661,-0.140678,60.0
1744878888592891.0,-4364.52,-2816.28,1.11814,2.63729,2.59789,-0.039398,60.0
1744878888613535.0,-4364.52,-2816.28,1.11814,2.63729,2.49473,-0.142557,60.0
1744878888634206.0,-4367.07,-2814.23,1.11898,2.59789,2.47143,-0.126468,60.0
1744878888654983.0,-4367.07,-2814.23,1.11898,2.59789,2.51972,-0.0781693,60.0
1744878888675484.0,-4369.61,-2812.87,1.12012,2.47143,2.44388,-0.027541,60.0
1744878888696405.0,-4369.61,-2812.87,1.12012,2.47143,2.56636,0.094933,60.0
1744878888717064.0,-4369.61,-2812.87,1.12012,2.47143,2.61604,0.144614,60.0
1744878888738084.0,-4372.15,-2810.82,1.12097,2.56636,2.5675,0.00114269,60.0
1744878888759134.0,-4372.15,-2810.82,1.12097,2.56636,2.56554,-0.000819399,60.0
1744878888780654.0,-4374.69,-2809.45,1.12212,2.5675,2.4731,-0.094399,60.0
1744878888801250.0,-4374.69,-2809.45,1.12212,2.5675,2.49646,-0.0710425,60.0
1744878888822044.0,-4374.69,-2809.45,1.12212,2.5675,2.68344,0.115934,60.0
1744878888843051.0,-4376.81,-2807.4,1.12267,2.49646,2.37957,-0.116893,60.0
1744878888863805.0,-4376.81,-2807.4,1.12267,2.49646,2.48014,-0.0163141,60.0
1744878888884423.0,-4379.35,-2806.04,1.12382,2.37957,2.42686,0.0472947,60.0
1744878888905262.0,-4379.35,-2806.04,1.12382,2.37957,2.47924,0.0996786,60.0
1744878888925994.0,-4381.89,-2803.99,1.12467,2.42686,2.51654,0.0896813,60.0
1744878888946642.0,-4381.89,-2803.99,1.12467,2.42686,2.54196,0.115104,60.0
1744878888967177.0,-4381.89,-2803.99,1.12467,2.42686,2.43651,0.00965143,60.0
1744878888988199.0,-4384.43,-2802.62,1.12583,2.54196,2.60987,0.0679074,60.0
1744878889008574.0,-4384.43,-2802.62,1.12583,2.54196,2.59993,0.0579631,60.0
1744878889029365.0,-4386.97,-2800.58,1.12668,2.60987,2.57526,-0.0346075,60.0
1744878889049968.0,-4386.97,-2800.58,1.12668,2.60987,2.58247,-0.0274008,60.0
1744878889070654.0,-4386.97,-2800.58,1.12668,2.60987,2.72353,0.113661,60.0
1744878889091344.0,-4389.09,-2799.21,1.12754,2.58247,2.54501,-0.0374637,60.0
1744878889112040.0,-4389.09,-2799.21,1.12754,2.58247,2.71492,0.13245,60.0
1744878889132744.0,-4391.63,-2797.16,1.1284,2.54501,2.53034,-0.0146657,60.0
1744878889153426.0,-4391.63,-2797.16,1.1284,2.54501,2.51408,-0.03093,60.0
1744878889174097.0,-4391.63,-2797.16,1.1284,2.54501,2.60761,0.062602,60.0
1744878889194775.0,-4394.18,-2795.11,1.12926,2.51408,2.61681,0.10273,60.0
1744878889215282.0,-4394.18,-2795.11,1.12926,2.51408,2.35533,-0.158753,60.0
1744878889235854.0,-4396.72,-2793.75,1.13042,2.61681,2.57142,-0.0453916,60.0
1744878889257289.0,-4396.72,-2793.75,1.13042,2.61681,2.53517,-0.0816352,60.0
1744878889277687.0,-4396.72,-2793.75,1.13042,2.61681,2.72489,0.108085,60.0
1744878889298713.0,-4399.26,-2791.7,1.13128,2.53517,2.62766,0.0924859,60.0
1744878889319215.0,-4399.26,-2791.7,1.13128,2.53517,2.54185,0.0066795,60.0
1744878889339584.0,-4401.38,-2790.33,1.13215,2.62766,2.50524,-0.122415,60.0
1744878889360152.0,-4401.38,-2790.33,1.13215,2.62766,2.65257,0.0249103,60.0
1744878889381015.0,-4403.92,-2788.29,1.13301,2.50524,2.64952,0.144273,60.0
1744878889401828.0,-4403.92,-2788.29,1.13301,2.50524,2.58814,0.0828983,60.0
1744878889422360.0,-4403.92,-2788.29,1.13301,2.50524,2.45681,-0.0484345,60.0
1744878889442991.0,-4406.46,-2786.92,1.13418,2.58814,2.50128,-0.0868611,60.0
1744878889463703.0,-4406.46,-2786.92,1.13418,2.58814,2.48122,-0.106923,60.0
1744878889484406.0,-4409.0,-2784.87,1.13504,2.50128,2.45832,-0.0429638,60.0
1744878889505123.0,-4409.0,-2784.87,1.13504,2.50128,2.59196,0.0906777,60.0
1744878889525917.0,-4409.0,-2784.87,1.13504,2.50128,2.60188,0.100595,60.0
1744878889546573.0,-4411.54,-2783.51,1.13621,2.59196,2.43997,-0.151993,60.0
1744878889567227.0,-4411.54,-2783.51,1.13621,2.59196,2.67926,0.0872984,60.0
1744878889588149.0,-4413.66,-2781.46,1.13679,2.43997,2.48051,0.0405441,60.0
1744878889609074.0,-4413.66,-2781.46,1.13679,2.43997,2.44203,0.00206341,60.0
1744878889629726.0,-4413.66,-2781.46,1.13679,2.43997,2.35509,-0.0848713,60.0
1744878889650422.0,-4416.2,-2780.09,1.13796,2.44203,2.60568,0.163651,60.0
1744878889670976.0,-4416.2,-2780.09,1.13796,2.44203,2.54023,0.0981966,60.0
1744878889691686.0,-4418.74,-2778.04,1.13883,2.60568,2.45471,-0.150971,60.0
1744878889712556.0,-4418.74,-2778.04,1.13883,2.60568,2.45097,-0.154711,60.0
1744878889733317.0,-4418.74,-2778.04,1.13883,2.60568,2.63554,0.0298643,60.0
1744878889754415.0,-4421.29,-2776.68,1.14,2.45097,2.60572,0.154749,60.0
1744878889774923.0,-4421.29,-2776.68,1.14,2.45097,2.57436,0.123393,60.0
1744878889795798.0,-4423.83,-2774.63,1.14088,2.60572,2.68691,0.0811911,60.0
1744878889816947.0,-4423.83,-2774.63,1.14088,2.60572,2.62818,0.0224662,60.0
1744878889837959.0,-4426.37,-2773.27,1.14206,2.68691,2.54555,-0.141356,60.0
1744878889858554.0,-4426.37,-2773.27,1.14206,2.68691,2.61012,-0.0767923,60.0
1744878889879245.0,-4426.37,-2773.27,1.14206,2.68691,2.57023,-0.116675,60.0
1744878889899818.0,-4428.49,-2771.22,1.14264,2.61012,2.64468,0.0345662,60.0
1744878889920498.0,-4428.49,-2771.22,1.14264,2.61012,2.59783,-0.0122869,60.0
1744878889941176.0,-4431.03,-2769.85,1.14382,2.64468,2.75431,0.109623,60.0
1744878889961938.0,-4431.03,-2769.85,1.14382,2.64468,2.51045,-0.134236,60.0
1744878889982724.0,-4431.03,-2769.85,1.14382,2.64468,2.71004,0.0653572,60.0
1744878890003400.0,-4433.57,-2767.8,1.1447,2.51045,2.49049,-0.0199531,60.0
1744878890024109.0,-4433.57,-2767.8,1.1447,2.51045,2.57328,0.0628346,60.0
1744878890044888.0,-4436.11,-2766.44,1.14588,2.49049,2.38828,-0.102214,60.0
1744878890065921.0,-4436.11,-2766.44,1.14588,2.49049,2.55853,0.0680323,60.0
1744878890086275.0,-4436.11,-2766.44,1.14588,2.49049,2.51932,0.0288256,60.0
1744878890106850.0,-4438.65,-2765.07,1.14707,2.55853,2.41132,-0.14721,60.0
1744878890127625.0,-4438.65,-2765.07,1.14707,2.55853,2.66027,0.101738,60.0
1744878890148560.0,-4441.19,-2763.02,1.14795,2.41132,2.49073,0.0794161,60.0
1744878890169012.0,-4441.19,-2763.02,1.14795,2.41132,2.40352,-0.00779725,60.0
1744878890190086.0,-4443.74,-2761.66,1.14914,2.40352,2.5291,0.125579,60.0
1744878890210725.0,-4443.74,-2761.66,1.14914,2.40352,2.44481,0.0412934,60.0
1744878890231602.0,-4443.74,-2761.66,1.14914,2.40352,2.40482,0.00130419,60.0
1744878890252470.0,-4445.85,-2759.61,1.14973,2.44481,2.49823,0.0534125,60.0
1744878890273022.0,-4445.85,-2759.61,1.14973,2.44481,2.40704,-0.0377713,60.0
1744878890293775.0,-4448.4,-2757.56,1.15063,2.49823,2.61514,0.11691,60.0
1744878890314532.0,-4448.4,-2757.56,1.15063,2.49823,2.41675,-0.0814782,60.0
1744878890335140.0,-4448.4,-2757.56,1.15063,2.49823,2.38113,-0.1171,60.0
1744878890356226.0,-4450.94,-2756.2,1.15181,2.41675,2.56576,0.149016,60.0
1744878890376876.0,-4450.94,-2756.2,1.15181,2.41675,2.39561,-0.02114,60.0
1744878890397546.0,-4453.48,-2754.15,1.15271,2.56576,2.67883,0.113062,60.0
1744878890417942.0,-4453.48,-2754.15,1.15271,2.56576,2.46273,-0.10303,60.0
1744878890438674.0,-4453.48,-2754.15,1.15271,2.56576,2.5075,-0.0582641,60.0
1744878890459383.0,-4455.6,-2752.78,1.1536,2.46273,2.4686,0.0058676,60.0
1744878890480381.0,-4455.6,-2752.78,1.1536,2.46273,2.43651,-0.0262233,60.0
1744878890497674.0,-4458.14,-2750.73,1.1545,2.4686,2.43609,-0.0325082,60.0
1744878890518032.0,-4458.14,-2750.73,1.1545,2.4686,2.59881,0.13021,60.0
1744878890538945.0,-4458.14,-2750.73,1.1545,2.4686,2.53411,0.0655075,60.0
1744878890559490.0,-4460.68,-2749.37,1.1557,2.59881,2.54006,-0.0587477,60.0
1744878890580073.0,-4460.68,-2749.37,1.1557,2.59881,2.60444,0.00562946,60.0
1744878890600920.0,-4463.22,-2747.32,1.1566,2.54006,2.40978,-0.130282,60.0
1744878890623238.0,-4463.22,-2747.32,1.1566,2.54006,2.6537,0.113634,60.0
1744878890643659.0,-4463.22,-2747.32,1.1566,2.54006,2.4055,-0.134565,60.0
1744878890664457.0,-4465.34,-2745.96,1.1575,2.6537,2.501,-0.152698,60.0
1744878890685309.0,-4465.34,-2745.96,1.1575,2.6537,2.61137,-0.042329,60.0
1744878890706120.0,-4467.88,-2743.91,1.1584,2.501,2.54873,0.0477319,60.0
1744878890727989.0,-4467.88,-2743.91,1.1584,2.501,2.57554,0.0745368,60.0
1744878890749279.0,-4470.42,-2742.54,1.1596,2.54873,2.55982,0.0110918,60.0
1744878890770093.0,-4470.42,-2742.54,1.1596,2.54873,2.45303,-0.0957061,60.0
1744878890790865.0,-4470.42,-2742.54,1.1596,2.54873,2.70201,0.153283,60.0
1744878890811793.0,-4472.96,-2740.49,1.16051,2.45303,2.59952,0.146499,60.0
1744878890832665.0,-4472.96,-2740.49,1.16051,2.45303,2.50219,0.0491653,60.0
1744878890853526.0,-4475.51,-2738.44,1.16142,2.59952,2.5096,-0.0899257,60.0
1744878890874404.0,-4475.51,-2738.44,1.16142,2.59952,2.47564,-0.123881,60.0
1744878890895209.0,-4475.51,-2738.44,1.16142,2.59952,2.72198,0.12245,60.0
1744878890915936.0,-4477.62,-2737.08,1.16232,2.47564,2.46018,-0.0154612,60.0
1744878890937005.0,-4477.62,-2737.08,1.16232,2.47564,2.43492,-0.0407265,60.0
1744878890957301.0,-4480.16,-2735.03,1.16324,2.46018,2.53862,0.0784418,60.0
1744878890978131.0,-4480.16,-2735.03,1.16324,2.46018,2.50499,0.0448071,60.0
1744878890998899.0,-4480.16,-2735.03,1.16324,2.46018,2.4294,-0.0307818,60.0
1744878891019616.0,-4482.71,-2733.67,1.16444,2.50499,2.60405,0.0990587,60.0
1744878891040364.0,-4482.71,-2733.67,1.16444,2.50499,2.49324,-0.0117474,60.0
1744878891060889.0,-4485.25,-2731.62,1.16536,2.60405,2.50314,-0.100904,60.0
1744878891081560.0,-4485.25,-2731.62,1.16536,2.60405,2.55474,-0.0493066,60.0
1744878891102319.0,-4487.37,-2730.25,1.16627,2.50314,2.56233,0.059181,60.0
1744878891123033.0,-4487.37,-2730.25,1.16627,2.50314,2.5828,0.0796605,60.0
1744878891144329.0,-4487.37,-2730.25,1.16627,2.50314,2.64236,0.139218,60.0
1744878891167893.0,-4489.91,-2728.2,1.16719,2.5828,2.59522,0.0124182,60.0
1744878891188765.0,-4489.91,-2728.2,1.16719,2.5828,2.55058,-0.0322224,60.0
1744878891209464.0,-4492.45,-2726.84,1.1684,2.59522,2.55517,-0.0400532,60.0
1744878891230199.0,-4492.45,-2726.84,1.1684,2.59522,2.61574,0.0205214,60.0
1744878891250796.0,-4492.45,-2726.84,1.1684,2.59522,2.50463,-0.0905885,60.0
1744878891271849.0,-4494.99,-2724.79,1.16932,2.61574,2.53361,-0.0821332,60.0
1744878891292624.0,-4494.99,-2724.79,1.16932,2.61574,2.51618,-0.0995651,60.0
1744878891313447.0,-4497.53,-2723.42,1.17053,2.53361,2.52468,-0.00892638,60.0
1744878891334279.0,-4497.53,-2723.42,1.17053,2.53361,2.53307,-0.000537368,60.0
1744878891355117.0,-4499.65,-2721.38,1.17116,2.52468,2.5246,-8.69508e-05,60.0
1744878891375918.0,-4499.65,-2721.38,1.17116,2.52468,2.57705,0.0523647,60.0
1744878891396503.0,-4499.65,-2721.38,1.17116,2.52468,2.55033,0.0256418,60.0
1744878891417199.0,-4502.19,-2720.01,1.17238,2.57705,2.45206,-0.124988,60.0
1744878891437969.0,-4502.19,-2720.01,1.17238,2.57705,2.46195,-0.115098,60.0
1744878891458606.0,-4504.73,-2717.96,1.1733,2.45206,2.59382,0.141764,60.0
1744878891479539.0,-4504.73,-2717.96,1.1733,2.45206,2.60551,0.153453,60.0
1744878891501320.0,-4504.73,-2717.96,1.1733,2.45206,2.39531,-0.0567484,60.0
1744878891522096.0,-4507.27,-2716.6,1.17452,2.60551,2.6204,0.0148847,60.0
1744878891542787.0,-4507.27,-2716.6,1.17452,2.60551,2.57808,-0.0274287,60.0
1744878891563298.0,-4509.82,-2714.55,1.17545,2.6204,2.73576,0.115358,60.0
1744878891584306.0,-4509.82,-2714.55,1.17545,2.6204,2.55012,-0.0702775,60.0
1744878891604903.0,-4509.82,-2714.55,1.17545,2.6204,2.6033,-0.0170959,60.0
1744878891625573.0,-4512.36,-2713.18,1.17668,2.55012,2.58819,0.0380696,60.0
1744878891646022.0,-4512.36,-2713.18,1.17668,2.55012,2.64395,0.0938251,60.0
1744878891666908.0,-4514.48,-2711.13,1.17731,2.58819,2.56183,-0.0263584,60.0
1744878891687481.0,-4514.48,-2711.13,1.17731,2.58819,2.45503,-0.133157,60.0
1744878891708275.0,-4517.02,-2709.77,1.17853,2.56183,2.48863,-0.0732055,60.0
1744878891728990.0,-4517.02,-2709.77,1.17853,2.56183,2.55071,-0.0111171,60.0
1744878891750049.0,-4517.02,-2709.77,1.17853,2.56183,2.606,0.0441701,60.0
1744878891770563.0,-4519.56,-2707.72,1.17947,2.55071,2.55068,-3.83581e-05,60.0
1744878891791154.0,-4519.56,-2707.72,1.17947,2.55071,2.44998,-0.100735,60.0
1744878891811753.0,-4522.1,-2706.35,1.1807,2.55068,2.44336,-0.107319,60.0
1744878891832493.0,-4522.1,-2706.35,1.1807,2.55068,2.56099,0.0103086,60.0
1744878891853317.0,-4522.1,-2706.35,1.1807,2.55068,2.6832,0.132521,60.0
1744878891874168.0,-4524.64,-2704.31,1.18164,2.56099,2.5492,-0.0117837,60.0
1744878891894997.0,-4524.64,-2704.31,1.18164,2.56099,2.49088,-0.0701042,60.0
1744878891916147.0,-4527.18,-2702.94,1.18287,2.5492,2.68883,0.139629,60.0
1744878891936723.0,-4527.18,-2702.94,1.18287,2.5492,2.53245,-0.0167562,60.0
1744878891957566.0,-4527.18,-2702.94,1.18287,2.5492,2.58224,0.0330393,60.0
1744878891978036.0,-4529.72,-2700.89,1.18381,2.53245,2.4468,-0.0856417,60.0
1744878891998918.0,-4529.72,-2700.89,1.18381,2.53245,2.64097,0.108529,60.0
1744878892019613.0,-4531.84,-2699.53,1.18474,2.4468,2.53182,0.0850212,60.0
1744878892040045.0,-4531.84,-2699.53,1.18474,2.4468,2.56716,0.120351,60.0
1744878892060628.0,-4531.84,-2699.53,1.18474,2.4468,2.5343,0.0874939,60.0
1744878892081215.0,-4534.38,-2697.48,1.18569,2.56715,2.46217,-0.104988,60.0
1744878892101694.0,-4534.38,-2697.48,1.18569,2.56715,2.55398,-0.0131748,60.0
1744878892122308.0,-4536.93,-2696.11,1.18693,2.46217,2.5634,0.101233,60.0
1744878892143050.0,-4536.93,-2696.11,1.18693,2.46217,2.59268,0.130509,60.0
1744878892163630.0,-4539.47,-2694.06,1.18787,2.5634,2.6113,0.0479027,60.0
1744878892184448.0,-4539.47,-2694.06,1.18787,2.5634,2.63962,0.0762159,60.0
1744878892205280.0,-4539.47,-2694.06,1.18787,2.5634,2.56944,0.0060364,60.0
1744878892225825.0,-4542.01,-2692.7,1.18911,2.63962,2.64669,0.00707836,60.0
1744878892246482.0,-4542.01,-2692.7,1.18911,2.63962,2.54701,-0.0926058,60.0
1744878892267455.0,-4544.55,-2691.33,1.19035,2.64669,2.69294,0.046245,60.0
1744878892287872.0,-4544.55,-2691.33,1.19035,2.64669,2.71921,0.0725135,60.0
1744878892308544.0,-4544.55,-2691.33,1.19035,2.64669,2.50023,-0.146467,60.0
1744878892329004.0,-4547.09,-2689.29,1.19131,2.71921,2.63492,-0.0842833,60.0
1744878892349474.0,-4547.09,-2689.29,1.19131,2.71921,2.67754,-0.0416643,60.0
1744878892370383.0,-4549.21,-2687.92,1.19225,2.63492,2.47224,-0.162684,60.0
1744878892391053.0,-4549.21,-2687.92,1.19225,2.63492,2.5216,-0.113323,60.0
1744878892411822.0,-4549.21,-2687.92,1.19225,2.63492,2.59103,-0.0438982,60.0
1744878892432341.0,-4551.75,-2685.87,1.1932,2.5216,2.4802,-0.0413989,60.0
1744878892452870.0,-4551.75,-2685.87,1.1932,2.5216,2.44289,-0.0787158,60.0
1744878892473621.0,-4554.29,-2684.51,1.19445,2.4802,2.53038,0.0501811,60.0
1744878892494339.0,-4554.29,-2684.51,1.19445,2.4802,2.53341,0.0532069,60.0
1744878892515056.0,-4554.29,-2684.51,1.19445,2.4802,2.51669,0.0364896,60.0
1744878892535906.0,-4556.83,-2682.46,1.19541,2.53341,2.5648,0.0313873,60.0
1744878892556349.0,-4556.83,-2682.46,1.19541,2.53341,2.43681,-0.0966047,60.0
1744878892576971.0,-4559.38,-2681.09,1.19666,2.5648,2.45943,-0.105367,60.0
1744878892598283.0,-4559.38,-2681.09,1.19666,2.5648,2.50373,-0.0610669,60.0
1744878892618689.0,-4559.38,-2681.09,1.19666,2.5648,2.60684,0.0420405,60.0
1744878892639328.0,-4561.92,-2679.73,1.19791,2.50373,2.55038,0.046648,60.0
1744878892659894.0,-4561.92,-2679.73,1.19791,2.50373,2.37829,-0.125437,60.0
1744878892680572.0,-4564.46,-2677.68,1.19887,2.55038,2.62337,0.0729956,60.0
1744878892701175.0,-4564.46,-2677.68,1.19887,2.55038,2.46435,-0.0860259,60.0
1744878892721763.0,-4567.0,-2676.31,1.20012,2.62337,2.48398,-0.139397,60.0
1744878892742658.0,-4567.0,-2676.31,1.20012,2.62337,2.54459,-0.0787847,60.0
1744878892763329.0,-4567.0,-2676.31,1.20012,2.62337,2.55852,-0.064853,60.0
1744878892784002.0,-4569.54,-2674.26,1.20109,2.54459,2.41283,-0.13176,60.0
1744878892804611.0,-4569.54,-2674.26,1.20109,2.54459,2.50706,-0.0375272,60.0
1744878892825025.0,-4572.08,-2672.9,1.20234,2.41283,2.46523,0.0523963,60.0
1744878892846583.0,-4572.08,-2672.9,1.20234,2.41283,2.49742,0.084591,60.0
1744878892867149.0,-4572.08,-2672.9,1.20234,2.41283,2.52638,0.113555,60.0
1744878892887609.0,-4574.2,-2670.85,1.20301,2.49742,2.57136,0.0739437,60.0
1744878892908530.0,-4574.2,-2670.85,1.20301,2.49742,2.5962,0.0987796,60.0
1744878892929217.0,-4576.74,-2669.49,1.20427,2.57136,2.56331,-0.00805837,60.0
1744878892949991.0,-4576.74,-2669.49,1.20427,2.57136,2.57956,0.00819427,60.0
1744878892970491.0,-4576.74,-2669.49,1.20427,2.57136,2.62518,0.0538116,60.0
1744878892991294.0,-4579.28,-2667.44,1.20524,2.57956,2.44185,-0.137711,60.0
1744878893012042.0,-4579.28,-2667.44,1.20524,2.57956,2.50262,-0.0769391,60.0
1744878893032878.0,-4581.83,-2666.07,1.2065,2.44185,2.49071,0.0488604,60.0
1744878893053535.0,-4581.83,-2666.07,1.2065,2.44185,2.38236,-0.0594862,60.0
1744878893074373.0,-4581.83,-2666.07,1.2065,2.44185,2.33866,-0.103191,60.0
1744878893095073.0,-4584.37,-2664.02,1.20748,2.38236,2.45479,0.0724344,60.0
1744878893115861.0,-4584.37,-2664.02,1.20748,2.38236,2.38603,0.00366641,60.0
1744878893136631.0,-4586.91,-2662.66,1.20874,2.4548,2.51485,0.0600518,60.0
1744878893157406.0,-4586.91,-2662.66,1.20874,2.4548,2.57731,0.122516,60.0
1744878893178144.0,-4589.03,-2660.61,1.20942,2.51485,2.53343,0.0185785,60.0
1744878893198819.0,-4589.03,-2660.61,1.20942,2.51485,2.60365,0.088803,60.0
1744878893219818.0,-4589.03,-2660.61,1.20942,2.51485,2.56713,0.0522817,60.0
1744878893240154.0,-4591.57,-2659.24,1.21068,2.60365,2.57628,-0.0273675,60.0
1744878893261214.0,-4591.57,-2659.24,1.21068,2.60365,2.46749,-0.136163,60.0
1744878893281783.0,-4594.11,-2657.2,1.21166,2.57628,2.64255,0.0662714,60.0
1744878893302675.0,-4594.11,-2657.2,1.21166,2.57628,2.61035,0.0340643,60.0
1744878893323214.0,-4594.11,-2657.2,1.21166,2.57628,2.51239,-0.0638917,60.0
1744878893343908.0,-4596.65,-2655.83,1.21293,2.61035,2.50351,-0.106838,60.0
1744878893364625.0,-4596.65,-2655.83,1.21293,2.61035,2.61815,0.00780749,60.0
1744878893385447.0,-4599.19,-2653.78,1.21392,2.50351,2.5181,0.0145878,60.0
1744878893405998.0,-4599.19,-2653.78,1.21392,2.50351,2.56325,0.0597437,60.0
1744878893426664.0,-4599.19,-2653.78,1.21392,2.50351,2.36704,-0.136464,60.0
1744878893447435.0,-4601.73,-2652.42,1.21519,2.56325,2.48795,-0.0753009,60.0
1744878893468515.0,-4601.73,-2652.42,1.21519,2.56325,2.4506,-0.112657,60.0
1744878893488971.0,-4603.85,-2650.37,1.21587,2.48795,2.58982,0.101866,60.0
1744878893510002.0,-4603.85,-2650.37,1.21587,2.48795,2.50365,0.0157015,60.0
1744878893530635.0,-4606.39,-2649.0,1.21715,2.58982,2.46174,-0.128077,60.0
1744878893551251.0,-4606.39,-2649.0,1.21715,2.58982,2.5055,-0.0843204,60.0
1744878893571971.0,-4606.39,-2649.0,1.21715,2.58982,2.50762,-0.0822,60.0
1744878893592767.0,-4608.94,-2646.95,1.21814,2.5055,2.6473,0.141804,60.0
1744878893613526.0,-4608.94,-2646.95,1.21814,2.5055,2.54226,0.0367591,60.0
1744878893634190.0,-4611.48,-2645.59,1.21941,2.6473,2.60523,-0.0420745,60.0
1744878893654971.0,-4611.48,-2645.59,1.21941,2.6473,2.56048,-0.0868173,60.0
1744878893675774.0,-4611.48,-2645.59,1.21941,2.6473,2.56853,-0.0787667,60.0
1744878893696438.0,-4614.02,-2643.54,1.22041,2.56048,2.53546,-0.0250202,60.0
1744878893717137.0,-4614.02,-2643.54,1.22041,2.56048,2.48469,-0.0757958,60.0
1744878893737772.0,-4616.56,-2642.17,1.22169,2.53546,2.61302,0.0775599,60.0
1744878893758617.0,-4616.56,-2642.17,1.22169,2.53546,2.68317,0.147707,60.0
1744878893779678.0,-4616.56,-2642.17,1.22169,2.53546,2.53019,-0.00527601,60.0
1744878893800335.0,-4618.68,-2640.81,1.22266,2.68317,2.5272,-0.15597,60.0
1744878893820651.0,-4618.68,-2640.81,1.22266,2.68317,2.65229,-0.0308772,60.0
1744878893841318.0,-4621.22,-2638.76,1.22366,2.5272,2.49822,-0.0289786,60.0
1744878893861947.0,-4621.22,-2638.76,1.22366,2.5272,2.60383,0.0766265,60.0
1744878893882544.0,-4621.22,-2638.76,1.22366,2.5272,2.37934,-0.147857,60.0
1744878893903296.0,-4623.76,-2637.39,1.22494,2.60383,2.71207,0.108245,60.0
1744878893924317.0,-4623.76,-2637.39,1.22494,2.60383,2.50338,-0.10045,60.0
1744878893944950.0,-4626.3,-2635.35,1.22595,2.71207,2.60389,-0.108181,60.0
1744878893965600.0,-4626.3,-2635.35,1.22595,2.71207,2.57075,-0.141318,60.0
1744878893986341.0,-4628.84,-2633.98,1.22723,2.60389,2.46749,-0.136396,60.0
1744878894007013.0,-4628.84,-2633.98,1.22723,2.60389,2.56132,-0.0425737,60.0
1744878894027772.0,-4628.84,-2633.98,1.22723,2.60389,2.44706,-0.156834,60.0
1744878894048406.0,-4631.39,-2631.93,1.22824,2.56132,2.43154,-0.129775,60.0
1744878894069142.0,-4631.39,-2631.93,1.22824,2.56132,2.5603,-0.00101825,60.0
1744878894089729.0,-4633.93,-2630.57,1.22953,2.43154,2.42039,-0.0111529,60.0
1744878894110315.0,-4633.93,-2630.57,1.22953,2.43154,2.57845,0.146909,60.0
1744878894131257.0,-4633.93,-2630.57,1.22953,2.43154,2.54262,0.111074,60.0
1744878894151701.0,-4636.47,-2629.2,1.23082,2.57845,2.57073,-0.00772209,60.0
1744878894172782.0,-4636.47,-2629.2,1.23082,2.57845,2.71452,0.136065,60.0
1744878894193027.0,-4639.01,-2627.15,1.23183,2.57073,2.45463,-0.116096,60.0
1744878894214037.0,-4639.01,-2627.15,1.23183,2.57073,2.53729,-0.033436,60.0
1744878894234719.0,-4639.01,-2627.15,1.23183,2.57073,2.60933,0.0385981,60.0
1744878894255911.0,-4641.55,-2625.79,1.23312,2.53729,2.61827,0.0809812,60.0
1744878894276559.0,-4641.55,-2625.79,1.23312,2.53729,2.51159,-0.0257031,60.0
1744878894297200.0,-4644.09,-2623.74,1.23413,2.61827,2.54126,-0.077016,60.0
1744878894317824.0,-4644.09,-2623.74,1.23413,2.61827,2.58302,-0.0352555,60.0
1744878894338582.0,-4644.09,-2623.74,1.23413,2.61827,2.45397,-0.164301,60.0
1744878894359628.0,-4646.21,-2622.37,1.23512,2.58302,2.61435,0.0313331,60.0
1744878894380255.0,-4646.21,-2622.37,1.23512,2.58302,2.49631,-0.0867054,60.0
1744878894400789.0,-4648.75,-2620.33,1.23613,2.61435,2.49765,-0.116701,60.0
1744878894421432.0,-4648.75,-2620.33,1.23613,2.61435,2.64016,0.0258076,60.0
1744878894441859.0,-4651.29,-2618.96,1.23743,2.49765,2.59248,0.0948266,60.0
1744878894462722.0,-4651.29,-2618.96,1.23743,2.49765,2.49466,-0.00299366,60.0
1744878894483345.0,-4651.29,-2618.96,1.23743,2.49765,2.5384,0.0407527,60.0
1744878894503975.0,-4653.83,-2617.59,1.23873,2.49466,2.52842,0.0337657,60.0
1744878894524831.0,-4653.83,-2617.59,1.23873,2.49466,2.37795,-0.116709,60.0
1744878894545471.0,-4656.38,-2615.55,1.23975,2.52842,2.61247,0.0840452,60.0
1744878894566103.0,-4656.38,-2615.55,1.23975,2.52842,2.54624,0.0178138,60.0
1744878894586785.0,-4656.38,-2615.55,1.23975,2.52842,2.458,-0.070426,60.0
1744878894607420.0,-4658.92,-2614.18,1.24105,2.54624,2.63053,0.0842887,60.0
1744878894628244.0,-4658.92,-2614.18,1.24105,2.54624,2.68699,0.140751,60.0
1744878894648797.0,-4661.46,-2612.13,1.24208,2.63053,2.62711,-0.00341193,60.0
1744878894669456.0,-4661.46,-2612.13,1.24208,2.63053,2.54583,-0.0846988,60.0
1744878894689973.0,-4661.46,-2612.13,1.24208,2.63053,2.5604,-0.0701257,60.0
1744878894710583.0,-4664.0,-2610.77,1.24338,2.54583,2.61522,0.0693904,60.0
1744878894731505.0,-4664.0,-2610.77,1.24338,2.54583,2.58544,0.039611,60.0
1744878894752456.0,-4666.54,-2608.72,1.24441,2.61522,2.60597,-0.00924175,60.0
1744878894773132.0,-4666.54,-2608.72,1.24441,2.61522,2.63249,0.0172752,60.0
1744878894793633.0,-4666.54,-2608.72,1.24441,2.61522,2.62192,0.00670151,60.0
1744878894814342.0,-4669.08,-2607.35,1.24572,2.63249,2.52678,-0.105708,60.0
1744878894835388.0,-4669.08,-2607.35,1.24572,2.63249,2.48837,-0.144122,60.0
1744878894856098.0,-4671.63,-2605.99,1.24703,2.52678,2.39449,-0.132293,60.0
1744878894876789.0,-4671.63,-2605.99,1.24703,2.52678,2.60107,0.0742912,60.0
1744878894897641.0,-4674.17,-2603.94,1.24806,2.60107,2.50836,-0.0927163,60.0
1744878894918224.0,-4674.17,-2603.94,1.24806,2.60107,2.71418,0.113106,60.0
1744878894938910.0,-4674.17,-2603.94,1.24806,2.60107,2.44156,-0.159513,60.0
1744878894959558.0,-4676.71,-2602.57,1.24937,2.71418,2.65666,-0.0575217,60.0
1744878894980212.0,-4676.71,-2602.57,1.24937,2.71418,2.61016,-0.104024,60.0
1744878895001069.0,-4678.83,-2601.21,1.25037,2.65666,2.67289,0.0162339,60.0
1744878895021638.0,-4678.83,-2601.21,1.25037,2.65666,2.60017,-0.0564886,60.0
1744878895042343.0,-4678.83,-2601.21,1.25037,2.65666,2.54148,-0.115175,60.0
1744878895063542.0,-4681.37,-2599.16,1.25141,2.60017,2.59818,-0.00198575,60.0
1744878895084045.0,-4681.37,-2599.16,1.25141,2.60017,2.49346,-0.106713,60.0
1744878895104770.0,-4683.91,-2597.79,1.25272,2.59818,2.67259,0.0744049,60.0
1744878895125414.0,-4683.91,-2597.79,1.25272,2.59818,2.60802,0.00983762,60.0
1744878895146229.0,-4683.91,-2597.79,1.25272,2.59818,2.45176,-0.146422,60.0
1744878895166914.0,-4686.45,-2595.75,1.25376,2.60802,2.44986,-0.158165,60.0
1744878895187716.0,-4686.45,-2595.75,1.25376,2.60802,2.70199,0.0939709,60.0
1744878895208283.0,-4688.99,-2594.38,1.25508,2.44986,2.58223,0.132373,60.0
1744878895229015.0,-4688.99,-2594.38,1.25508,2.44986,2.44427,-0.00558703,60.0
1744878895250125.0,-4688.99,-2594.38,1.25508,2.44986,2.47429,0.0244288,60.0
1744878895270905.0,-4691.53,-2593.01,1.2564,2.44427,2.52728,0.0830124,60.0
1744878895291590.0,-4691.53,-2593.01,1.2564,2.44427,2.58434,0.140069,60.0
1744878895312346.0,-4694.07,-2590.97,1.25745,2.52728,2.53976,0.0124815,60.0
1744878895333144.0,-4694.07,-2590.97,1.25745,2.52728,2.42642,-0.100859,60.0
1744878895353878.0,-4696.62,-2589.6,1.25877,2.53976,2.46431,-0.0754571,60.0
1744878895374406.0,-4696.62,-2589.6,1.25877,2.53976,2.58154,0.0417723,60.0
1744878895395224.0,-4696.62,-2589.6,1.25877,2.53976,2.39282,-0.14694,60.0
1744878895415827.0,-4699.16,-2588.24,1.26009,2.58154,2.65301,0.071477,60.0
1744878895436445.0,-4699.16,-2588.24,1.26009,2.58154,2.49692,-0.0846171,60.0
1744878895456853.0,-4701.7,-2586.19,1.26114,2.65301,2.79452,0.141508,60.0
1744878895477740.0,-4701.7,-2586.19,1.26114,2.65301,2.57148,-0.0815384,60.0
1744878895498328.0,-4701.7,-2586.19,1.26114,2.65301,2.53815,-0.114862,60.0
1744878895518977.0,-4704.24,-2584.82,1.26247,2.57148,2.59541,0.0239354,60.0
1744878895539556.0,-4704.24,-2584.82,1.26247,2.57148,2.56739,-0.00408846,60.0
1744878895560371.0,-4706.78,-2582.77,1.26352,2.59541,2.43686,-0.158555,60.0
1744878895581120.0,-4706.78,-2582.77,1.26352,2.59541,2.61099,0.0155795,60.0
1744878895601919.0,-4706.78,-2582.77,1.26352,2.59541,2.65028,0.0548738,60.0
1744878895622509.0,-4709.32,-2581.41,1.26485,2.61099,2.5763,-0.0346928,60.0
1744878895643472.0,-4709.32,-2581.41,1.26485,2.61099,2.5546,-0.0563922,60.0
1744878895663907.0,-4711.86,-2580.04,1.26618,2.5763,2.50183,-0.0744679,60.0
1744878895684743.0,-4711.86,-2580.04,1.26618,2.5763,2.65568,0.0793807,60.0
1744878895705445.0,-4711.86,-2580.04,1.26618,2.5763,2.43715,-0.139144,60.0
1744878895726143.0,-4714.41,-2577.99,1.26723,2.65568,2.55107,-0.104608,60.0
1744878895746969.0,-4714.41,-2577.99,1.26723,2.65568,2.51292,-0.142757,60.0
1744878895768181.0,-4716.95,-2576.63,1.26857,2.55107,2.60066,0.0495922,60.0
1744878895788402.0,-4716.95,-2576.63,1.26857,2.55107,2.66601,0.114942,60.0
1744878895808975.0,-4719.49,-2575.26,1.2699,2.60066,2.45813,-0.142534,60.0
1744878895829594.0,-4719.49,-2575.26,1.2699,2.60066,2.57425,-0.0264091,60.0
1744878895850225.0,-4719.49,-2575.26,1.2699,2.60066,2.51126,-0.089401,60.0
1744878895870845.0,-4722.03,-2573.21,1.27096,2.57425,2.67341,0.0991592,60.0
1744878895891902.0,-4722.03,-2573.21,1.27096,2.57425,2.6594,0.0851438,60.0
1744878895912577.0,-4724.57,-2571.85,1.2723,2.67341,2.62719,-0.0462172,60.0
1744878895933116.0,-4724.57,-2571.85,1.2723,2.67341,2.56017,-0.113243,60.0
1744878895953952.0,-4724.57,-2571.85,1.2723,2.67341,2.55063,-0.122783,60.0
1744878895974324.0,-4727.11,-2570.48,1.27364,2.56017,2.49174,-0.0684294,60.0
1744878895995039.0,-4727.11,-2570.48,1.27364,2.56017,2.68511,0.124942,60.0
1744878896015700.0,-4729.66,-2568.43,1.2747,2.49174,2.45932,-0.0324204,60.0
1744878896036283.0,-4729.66,-2568.43,1.2747,2.49174,2.62551,0.133769,60.0
1744878896056868.0,-4729.66,-2568.43,1.2747,2.49174,2.65597,0.164235,60.0
1744878896077762.0,-4732.2,-2567.07,1.27604,2.62551,2.72479,0.0992825,60.0
1744878896098306.0,-4732.2,-2567.07,1.27604,2.62551,2.57579,-0.049722,60.0
1744878896118871.0,-4734.74,-2565.7,1.27739,2.72479,2.60674,-0.118055,60.0
1744878896139792.0,-4734.74,-2565.7,1.27739,2.72479,2.62955,-0.0952451,60.0
1744878896159973.0,-4734.74,-2565.7,1.27739,2.72479,2.7176,-0.0071928,60.0
1744878896180984.0,-4737.28,-2563.66,1.27846,2.62955,2.57299,-0.0565548,60.0
1744878896201612.0,-4737.28,-2563.66,1.27846,2.62955,2.50842,-0.121129,60.0
1744878896222389.0,-4739.82,-2562.29,1.2798,2.57299,2.58039,0.00740283,60.0
1744878896242910.0,-4739.82,-2562.29,1.2798,2.57299,2.53814,-0.0348483,60.0
1744878896264312.0,-4742.36,-2560.92,1.28115,2.53814,2.38565,-0.152496,60.0
1744878896284963.0,-4742.36,-2560.92,1.28115,2.53814,2.43979,-0.0983566,60.0
1744878896305638.0,-4742.36,-2560.92,1.28115,2.53814,2.47296,-0.0651876,60.0
1744878896326106.0,-4744.9,-2558.88,1.28222,2.43979,2.56893,0.129142,60.0
1744878896346736.0,-4744.9,-2558.88,1.28222,2.43979,2.46163,0.0218398,60.0
1744878896367411.0,-4747.45,-2557.51,1.28357,2.56893,2.41222,-0.156706,60.0
1744878896388145.0,-4747.45,-2557.51,1.28357,2.56893,2.65717,0.0882453,60.0
1744878896408785.0,-4747.45,-2557.51,1.28357,2.56893,2.58697,0.0180419,60.0
1744878896429257.0,-4749.99,-2556.14,1.28492,2.65717,2.5575,-0.0996697,60.0
1744878896450198.0,-4749.99,-2556.14,1.28492,2.65717,2.55927,-0.097904,60.0
1744878896470677.0,-4752.53,-2554.1,1.286,2.5575,2.4477,-0.109804,60.0
1744878896491227.0,-4752.53,-2554.1,1.286,2.5575,2.5111,-0.0464042,60.0
1744878896512174.0,-4752.53,-2554.1,1.286,2.5575,2.48506,-0.072441,60.0
1744878896532509.0,-4755.07,-2552.73,1.28736,2.5111,2.58626,0.0751588,60.0
1744878896553489.0,-4755.07,-2552.73,1.28736,2.5111,2.54586,0.0347579,60.0
1744878896574089.0,-4757.61,-2551.37,1.28871,2.58626,2.54776,-0.0384956,60.0
1744878896594800.0,-4757.61,-2551.37,1.28871,2.58626,2.503,-0.0832616,60.0
1744878896615252.0,-4757.61,-2551.37,1.28871,2.58626,2.44575,-0.140508,60.0
1744878896636301.0,-4760.15,-2549.32,1.2898,2.503,2.56452,0.0615276,60.0
1744878896656728.0,-4760.15,-2549.32,1.2898,2.503,2.56281,0.0598087,60.0
1744878896677413.0,-4762.69,-2547.95,1.29115,2.56452,2.64543,0.0809044,60.0
1744878896698102.0,-4762.69,-2547.95,1.29115,2.56452,2.52531,-0.039212,60.0
1744878896718719.0,-4762.69,-2547.95,1.29115,2.56452,2.54937,-0.0151589,60.0
1744878896739379.0,-4765.24,-2545.9,1.29224,2.52531,2.62106,0.0957519,60.0
1744878896760351.0,-4765.24,-2545.9,1.29224,2.52531,2.46742,-0.0578941,60.0
1744878896781096.0,-4767.78,-2544.54,1.2936,2.62106,2.58415,-0.0369185,60.0
1744878896801739.0,-4767.78,-2544.54,1.2936,2.62106,2.50663,-0.114434,60.0
1744878896822416.0,-4770.32,-2543.17,1.29496,2.58415,2.45745,-0.126695,60.0
1744878896843374.0,-4770.32,-2543.17,1.29496,2.58415,2.56504,-0.0191054,60.0
1744878896863856.0,-4770.32,-2543.17,1.29496,2.58415,2.49831,-0.0858346,60.0
1744878896884510.0,-4772.86,-2541.12,1.29605,2.56504,2.64688,0.0818428,60.0
1744878896905270.0,-4772.86,-2541.12,1.29605,2.56504,2.57182,0.00678266,60.0
1744878896925956.0,-4775.4,-2539.76,1.29742,2.64688,2.65847,0.0115882,60.0
1744878896946633.0,-4775.4,-2539.76,1.29742,2.64688,2.49068,-0.156202,60.0
1744878896967353.0,-4775.4,-2539.76,1.29742,2.64688,2.64221,-0.00466981,60.0
1744878896988306.0,-4777.94,-2538.39,1.29878,2.49068,2.53835,0.0476656,60.0
1744878897009060.0,-4777.94,-2538.39,1.29878,2.49068,2.46802,-0.0226621,60.0
1744878897029599.0,-4780.48,-2536.34,1.29988,2.53835,2.58006,0.0417117,60.0
1744878897050220.0,-4780.48,-2536.34,1.29988,2.53835,2.44588,-0.0924651,60.0
1744878897070953.0,-4780.48,-2536.34,1.29988,2.53835,2.56772,0.0293787,60.0
1744878897091460.0,-4783.03,-2534.98,1.30125,2.44588,2.45955,0.0136683,60.0
1744878897112524.0,-4783.03,-2534.98,1.30125,2.44588,2.48994,0.0440549,60.0
1744878897132799.0,-4785.14,-2532.93,1.30203,2.45955,2.34356,-0.115987,60.0
1744878897153422.0,-4785.14,-2532.93,1.30203,2.45955,2.53851,0.0789589,60.0
1744878897174480.0,-4787.69,-2531.56,1.3034,2.53851,2.38437,-0.154137,60.0
1744878897194801.0,-4787.69,-2531.56,1.3034,2.53851,2.44594,-0.0925666,60.0
1744878897215727.0,-4787.69,-2531.56,1.3034,2.53851,2.53915,0.000639897,60.0
1744878897236253.0,-4790.23,-2530.2,1.30477,2.44594,2.53165,0.085705,60.0
1744878897257393.0,-4790.23,-2530.2,1.30477,2.44594,2.53897,0.0930325,60.0
1744878897278270.0,-4792.77,-2528.15,1.30588,2.53165,2.57144,0.0397969,60.0
1744878897298604.0,-4792.77,-2528.15,1.30588,2.53165,2.6117,0.0800531,60.0
1744878897319331.0,-4792.77,-2528.15,1.30588,2.53165,2.47508,-0.0565621,60.0
1744878897339957.0,-4795.31,-2526.79,1.30725,2.6117,2.46196,-0.149737,60.0
1744878897360928.0,-4795.31,-2526.79,1.30725,2.6117,2.62816,0.0164556,60.0
1744878897381398.0,-4797.85,-2524.74,1.30836,2.46196,2.45438,-0.00758803,60.0
1744878897402108.0,-4797.85,-2524.74,1.30836,2.46196,2.53627,0.0743068,60.0
1744878897422719.0,-4797.85,-2524.74,1.30836,2.46196,2.43196,-0.0300045,60.0
1744878897443723.0,-4800.39,-2523.37,1.30974,2.53627,2.55964,0.0233709,60.0
1744878897464245.0,-4800.39,-2523.37,1.30974,2.53627,2.44185,-0.0944181,60.0
1744878897484844.0,-4802.93,-2521.32,1.31085,2.55964,2.63228,0.0726406,60.0
1744878897505469.0,-4802.93,-2521.32,1.31085,2.55964,2.55618,-0.00346052,60.0
1744878897526217.0,-4802.93,-2521.32,1.31085,2.55964,2.60608,0.0464366,60.0
1744878897547100.0,-4805.48,-2519.96,1.31223,2.55618,2.60827,0.0520865,60.0
1744878897567606.0,-4805.48,-2519.96,1.31223,2.55618,2.47227,-0.0839107,60.0
1744878897588313.0,-4807.59,-2518.59,1.31329,2.60827,2.63373,0.0254593,60.0
1744878897609275.0,-4807.59,-2518.59,1.31329,2.60827,2.5188,-0.0894703,60.0
1744878897629897.0,-4810.13,-2516.54,1.3144,2.63373,2.77325,0.139523,60.0
1744878897650708.0,-4810.13,-2516.54,1.3144,2.63373,2.68177,0.0480419,60.0
1744878897671133.0,-4810.13,-2516.54,1.3144,2.63373,2.53342,-0.100308,60.0
1744878897691818.0,-4812.68,-2515.18,1.31579,2.68177,2.72201,0.0402374,60.0
1744878897712538.0,-4812.68,-2515.18,1.31579,2.68177,2.62327,-0.0585023,60.0
1744878897733219.0,-4815.22,-2513.13,1.3169,2.72201,2.58375,-0.138256,60.0
1744878897754189.0,-4815.22,-2513.13,1.3169,2.72201,2.60294,-0.119067,60.0
1744878897775036.0,-4815.22,-2513.13,1.3169,2.72201,2.79337,0.0713677,60.0
1744878897795674.0,-4817.76,-2511.76,1.31829,2.60294,2.52948,-0.0734538,60.0
1744878897816369.0,-4817.76,-2511.76,1.31829,2.60294,2.51915,-0.0837882,60.0
1744878897837018.0,-4820.3,-2510.4,1.31968,2.52948,2.55436,0.0248802,60.0
1744878897857682.0,-4820.3,-2510.4,1.31968,2.52948,2.41226,-0.11722,60.0
1744878897878503.0,-4820.3,-2510.4,1.31968,2.52948,2.6385,0.109021,60.0
1744878897899354.0,-4822.84,-2508.35,1.3208,2.41226,2.46022,0.04796,60.0
1744878897919991.0,-4822.84,-2508.35,1.3208,2.41226,2.32535,-0.0869187,60.0
1744878897940683.0,-4825.38,-2506.98,1.32219,2.46022,2.53504,0.0748135,60.0
1744878897961358.0,-4825.38,-2506.98,1.32219,2.46022,2.51764,0.0574111,60.0
1744878897982207.0,-4825.38,-2506.98,1.32219,2.46022,2.47176,0.011534,60.0
1744878898002852.0,-4827.92,-2504.94,1.32332,2.51764,2.51193,-0.00570195,60.0
1744878898023530.0,-4827.92,-2504.94,1.32332,2.51764,2.56373,0.046094,60.0
1744878898044248.0,-4830.47,-2503.57,1.32471,2.51193,2.56712,0.0551893,60.0
1744878898064852.0,-4830.47,-2503.57,1.32471,2.51193,2.56413,0.0521923,60.0
1744878898085596.0,-4833.01,-2501.52,1.32584,2.56712,2.56371,-0.00341337,60.0
1744878898106275.0,-4833.01,-2501.52,1.32584,2.56712,2.45354,-0.113579,60.0
1744878898127290.0,-4833.01,-2501.52,1.32584,2.56712,2.44645,-0.120674,60.0
1744878898147730.0,-4835.55,-2500.16,1.32724,2.45354,2.47859,0.0250457,60.0
1744878898168510.0,-4835.55,-2500.16,1.32724,2.45354,2.5503,0.0967568,60.0
1744878898189403.0,-4837.67,-2498.79,1.32831,2.47859,2.47284,-0.00575037,60.0
1744878898210152.0,-4837.67,-2498.79,1.32831,2.47859,2.53932,0.0607314,60.0
1744878898230832.0,-4837.67,-2498.79,1.32831,2.47859,2.47672,-0.00187182,60.0
1744878898252005.0,-4840.21,-2496.74,1.32945,2.53932,2.4237,-0.11562,60.0
1744878898272405.0,-4840.21,-2496.74,1.32945,2.53932,2.54241,0.00309396,60.0
1744878898293113.0,-4842.75,-2495.38,1.33085,2.4237,2.46282,0.0391154,60.0
1744878898313850.0,-4842.75,-2495.38,1.33085,2.4237,2.50051,0.0768084,60.0
1744878898334512.0,-4842.75,-2495.38,1.33085,2.4237,2.54392,0.120221,60.0
1744878898355400.0,-4845.29,-2493.33,1.33198,2.50051,2.53624,0.0357309,60.0
1744878898376071.0,-4845.29,-2493.33,1.33198,2.50051,2.63569,0.135183,60.0
1744878898396649.0,-4847.83,-2491.96,1.33339,2.53624,2.42468,-0.111564,60.0
1744878898417488.0,-4847.83,-2491.96,1.33339,2.53624,2.49301,-0.0432324,60.0
1744878898438385.0,-4847.83,-2491.96,1.33339,2.53624,2.62888,0.0926387,60.0
1744878898458830.0,-4850.37,-2489.91,1.33452,2.49301,2.61396,0.12095,60.0
1744878898479900.0,-4850.37,-2489.91,1.33452,2.49301,2.55341,0.0604042,60.0
1744878898500416.0,-4852.49,-2488.55,1.33561,2.61396,2.46178,-0.152174,60.0
1744878898520903.0,-4852.49,-2488.55,1.33561,2.61396,2.69972,0.0857618,60.0
1744878898541590.0,-4855.03,-2486.5,1.33675,2.46178,2.41157,-0.0502101,60.0
1744878898562377.0,-4855.03,-2486.5,1.33675,2.46178,2.52962,0.0678381,60.0
1744878898582715.0,-4855.03,-2486.5,1.33675,2.46178,2.59728,0.135493,60.0
1744878898603667.0,-4857.58,-2485.13,1.33816,2.52962,2.59148,0.0618547,60.0
1744878898624476.0,-4857.58,-2485.13,1.33816,2.52962,2.45051,-0.0791067,60.0
1744878898644881.0,-4860.12,-2483.09,1.3393,2.59148,2.51144,-0.0800327,60.0
1744878898665743.0,-4860.12,-2483.09,1.3393,2.59148,2.68897,0.0974959,60.0
1744878898686419.0,-4860.12,-2483.09,1.3393,2.59148,2.48322,-0.108257,60.0
1744878898707290.0,-4862.66,-2481.72,1.34072,2.68897,2.70016,0.0111831,60.0
1744878898728012.0,-4862.66,-2481.72,1.34072,2.68897,2.56594,-0.123032,60.0
1744878898748748.0,-4865.2,-2479.67,1.34186,2.70016,2.76206,0.0619094,60.0
1744878898769792.0,-4865.2,-2479.67,1.34186,2.70016,2.59363,-0.106521,60.0
1744878898790454.0,-4865.2,-2479.67,1.34186,2.70016,2.63617,-0.0639858,60.0
1744878898812116.0,-4867.74,-2478.31,1.34328,2.59363,2.48986,-0.103769,60.0
1744878898832936.0,-4867.74,-2478.31,1.34328,2.59363,2.60171,0.00807549,60.0
1744878898853646.0,-4869.86,-2476.26,1.3441,2.48986,2.52938,0.0395131,60.0
1744878898874375.0,-4869.86,-2476.26,1.3441,2.48986,2.48391,-0.0059547,60.0
1744878898895200.0,-4872.4,-2474.89,1.34552,2.48391,2.60205,0.118135,60.0
1744878898915755.0,-4872.4,-2474.89,1.34552,2.48391,2.56049,0.0765788,60.0
1744878898936853.0,-4872.4,-2474.89,1.34552,2.48391,2.57364,0.0897287,60.0
1744878898957611.0,-4874.94,-2472.84,1.34668,2.56049,2.49873,-0.0617578,60.0
1744878898978039.0,-4874.94,-2472.84,1.34668,2.56049,2.47005,-0.0904386,60.0
1744878898998823.0,-4877.48,-2471.48,1.3481,2.49873,2.56399,0.0652574,60.0
1744878899019772.0,-4877.48,-2471.48,1.3481,2.49873,2.51779,0.019059,60.0
1744878899040396.0,-4877.48,-2471.48,1.3481,2.49873,2.44261,-0.0561165,60.0
1744878899061077.0,-4880.03,-2469.43,1.34925,2.51779,2.41954,-0.0982508,60.0
1744878899081611.0,-4880.03,-2469.43,1.34925,2.51779,2.45181,-0.0659835,60.0
1744878899102265.0,-4882.57,-2468.06,1.35068,2.41954,2.5785,0.15896,60.0
1744878899122985.0,-4882.57,-2468.06,1.35068,2.41954,2.31406,-0.105477,60.0
1744878899143644.0,-4882.57,-2468.06,1.35068,2.41954,2.55813,0.138591,60.0
1744878899164279.0,-4885.11,-2466.01,1.35184,2.31406,2.3996,0.0855325,60.0
1744878899185542.0,-4885.11,-2466.01,1.35184,2.31406,2.40508,0.0910157,60.0
1744878899206086.0,-4887.23,-2464.65,1.35294,2.3996,2.42915,0.029559,60.0
1744878899226493.0,-4887.23,-2464.65,1.35294,2.3996,2.46894,0.0693407,60.0
1744878899247037.0,-4887.23,-2464.65,1.35294,2.3996,2.44288,0.0432874,60.0
1744878899268071.0,-4889.77,-2462.6,1.3541,2.46894,2.48321,0.0142703,60.0
1744878899288781.0,-4889.77,-2462.6,1.3541,2.46894,2.49706,0.0281236,60.0
1744878899309141.0,-4892.31,-2461.24,1.35553,2.48321,2.52915,0.0459471,60.0
1744878899329947.0,-4892.31,-2461.24,1.35553,2.48321,2.40913,-0.0740812,60.0
1744878899350884.0,-4894.85,-2459.19,1.35669,2.40913,2.42742,0.0182959,60.0
1744878899371738.0,-4894.85,-2459.19,1.35669,2.40913,2.51257,0.10345,60.0
1744878899392287.0,-4894.85,-2459.19,1.35669,2.40913,2.5269,0.117778,60.0
1744878899412723.0,-4896.97,-2457.82,1.3578,2.51257,2.42487,-0.0877003,60.0
1744878899433679.0,-4896.97,-2457.82,1.3578,2.51257,2.63049,0.117916,60.0
1744878899454401.0,-4899.51,-2455.77,1.35897,2.42487,2.49606,0.071187,60.0
1744878899475001.0,-4899.51,-2455.77,1.35897,2.42487,2.41891,-0.00596722,60.0
1744878899495554.0,-4899.51,-2455.77,1.35897,2.42487,2.5314,0.106524,60.0
1744878899516363.0,-4902.05,-2453.72,1.36014,2.41891,2.51346,0.0945514,60.0
1744878899537400.0,-4902.05,-2453.72,1.36014,2.41891,2.4016,-0.0173024,60.0
1744878899557948.0,-4904.59,-2452.36,1.36157,2.51346,2.47438,-0.0390739,60.0
1744878899578427.0,-4904.59,-2452.36,1.36157,2.51346,2.66443,0.150971,60.0
1744878899599404.0,-4904.59,-2452.36,1.36157,2.51346,2.59566,0.0822026,60.0
1744878899619833.0,-4906.71,-2450.31,1.36242,2.66443,2.61591,-0.0485187,60.0
1744878899640972.0,-4906.71,-2450.31,1.36242,2.66443,2.52205,-0.142382,60.0
1744878899661575.0,-4909.25,-2448.94,1.36386,2.61591,2.45975,-0.156156,60.0
1744878899682421.0,-4909.25,-2448.94,1.36386,2.61591,2.55695,-0.0589652,60.0
1744878899702904.0,-4909.25,-2448.94,1.36386,2.61591,2.48043,-0.135477,60.0
1744878899723916.0,-4911.79,-2446.9,1.36503,2.55695,2.43172,-0.12523,60.0
1744878899744303.0,-4911.79,-2446.9,1.36503,2.55695,2.62732,0.0703778,60.0
1744878899765448.0,-4913.91,-2445.53,1.36615,2.43172,2.40346,-0.0282596,60.0
1744878899785984.0,-4913.91,-2445.53,1.36615,2.43172,2.54505,0.113335,60.0
1744878899806803.0,-4916.45,-2443.48,1.36733,2.40346,2.47961,0.0761551,60.0
1744878899827453.0,-4916.45,-2443.48,1.36733,2.40346,2.38,-0.0234594,60.0
1744878899848347.0,-4916.45,-2443.48,1.36733,2.40346,2.48694,0.0834845,60.0
1744878899868856.0,-4918.99,-2441.43,1.36851,2.38,2.48554,0.105539,60.0
1744878899889726.0,-4918.99,-2441.43,1.36851,2.38,2.3375,-0.0424952,60.0
1744878899910511.0,-4921.54,-2440.07,1.36995,2.48554,2.5781,0.092569,60.0
1744878899931364.0,-4921.54,-2440.07,1.36995,2.48554,2.53426,0.0487261,60.0
1744878899951954.0,-4921.54,-2440.07,1.36995,2.48554,2.60212,0.11658,60.0
1744878899972595.0,-4923.65,-2438.02,1.37081,2.53426,2.4784,-0.0558572,60.0
1744878899993204.0,-4923.65,-2438.02,1.37081,2.53426,2.41402,-0.120242,60.0
1744878900014135.0,-4926.2,-2436.65,1.37226,2.4784,2.58795,0.109547,60.0
1744878900034991.0,-4926.2,-2436.65,1.37226,2.4784,2.39456,-0.0838459,60.0
1744878900055965.0,-4926.2,-2436.65,1.37226,2.4784,2.47339,-0.00501098,60.0
1744878900076532.0,-4928.74,-2434.6,1.37344,2.39456,2.40891,0.014355,60.0
1744878900097474.0,-4928.74,-2434.6,1.37344,2.39456,2.54451,0.149949,60.0
1744878900118104.0,-4930.86,-2432.56,1.37431,2.40891,2.56984,0.160924,60.0
1744878900138606.0,-4930.86,-2432.56,1.37431,2.40891,2.47088,0.0619668,60.0
1744878900159487.0,-4930.86,-2432.56,1.37431,2.40891,2.34436,-0.064557,60.0
1744878900180254.0,-4933.4,-2431.19,1.37576,2.47088,2.36656,-0.10432,60.0
1744878900200983.0,-4933.4,-2431.19,1.37576,2.47088,2.57972,0.108841,60.0
1744878900221704.0,-4935.94,-2429.14,1.37695,2.36656,2.4638,0.0972369,60.0
1744878900242525.0,-4935.94,-2429.14,1.37695,2.36656,2.50792,0.141361,60.0
1744878900263298.0,-4938.06,-2427.09,1.37781,2.4638,2.61273,0.148932,60.0
1744878900284055.0,-4938.06,-2427.09,1.37781,2.4638,2.60775,0.143957,60.0
1744878900305065.0,-4938.06,-2427.09,1.37781,2.4638,2.56031,0.0965113,60.0
1744878900325695.0,-4940.6,-2425.73,1.37927,2.60775,2.67401,0.0662595,60.0
1744878900346425.0,-4940.6,-2425.73,1.37927,2.60775,2.58683,-0.0209215,60.0
1744878900367330.0,-4942.72,-2423.68,1.38014,2.67401,2.5941,-0.079913,60.0
1744878900388173.0,-4942.72,-2423.68,1.38014,2.67401,2.61445,-0.0595672,60.0
1744878900408893.0,-4942.72,-2423.68,1.38014,2.67401,2.60731,-0.0667039,60.0
1744878900429793.0,-4945.26,-2421.63,1.38134,2.61445,2.45373,-0.160718,60.0
1744878900450641.0,-4945.26,-2421.63,1.38134,2.61445,2.48578,-0.128664,60.0
1744878900471391.0,-4947.8,-2420.26,1.38279,2.45373,2.58333,0.129601,60.0
1744878900492313.0,-4947.8,-2420.26,1.38279,2.45373,2.4712,0.0174737,60.0
1744878900513343.0,-4947.8,-2420.26,1.38279,2.45373,2.43609,-0.0176342,60.0
1744878900533934.0,-4950.34,-2418.22,1.384,2.4712,2.43382,-0.0373795,60.0
1744878900554799.0,-4950.34,-2418.22,1.384,2.4712,2.57443,0.103229,60.0
1744878900575500.0,-4952.46,-2416.17,1.38487,2.43382,2.5356,0.101779,60.0
1744878900596214.0,-4952.46,-2416.17,1.38487,2.43382,2.49372,0.0598932,60.0
1744878900616808.0,-4955.0,-2414.8,1.38633,2.5356,2.47024,-0.0653631,60.0
1744878900637769.0,-4955.0,-2414.8,1.38633,2.5356,2.41239,-0.123215,60.0
1744878900658552.0,-4955.0,-2414.8,1.38633,2.5356,2.55551,0.0199089,60.0
1744878900679355.0,-4957.54,-2412.75,1.38754,2.41239,2.42851,0.0161183,60.0
1744878900699734.0,-4957.54,-2412.75,1.38754,2.41239,2.28911,-0.123282,60.0
1744878900720418.0,-4959.66,-2411.39,1.38867,2.42851,2.42239,-0.00611797,60.0
1744878900741134.0,-4959.66,-2411.39,1.38867,2.42851,2.54986,0.121355,60.0
1744878900762411.0,-4959.66,-2411.39,1.38867,2.42851,2.44083,0.0123201,60.0
1744878900783281.0,-4962.2,-2409.34,1.38988,2.54986,2.53165,-0.018214,60.0
1744878900804164.0,-4962.2,-2409.34,1.38988,2.54986,2.417,-0.132864,60.0
1744878900825000.0,-4964.32,-2407.29,1.39076,2.53165,2.56224,0.0305944,60.0
1744878900845699.0,-4964.32,-2407.29,1.39076,2.53165,2.44881,-0.0828353,60.0
1744878900866555.0,-4964.32,-2407.29,1.39076,2.53165,2.61814,0.0864917,60.0
1744878900887339.0,-4966.86,-2405.92,1.39223,2.44881,2.52554,0.07673,60.0
1744878900908058.0,-4966.86,-2405.92,1.39223,2.44881,2.51559,0.0667803,60.0
1744878900928770.0,-4969.4,-2403.88,1.39345,2.52554,2.50487,-0.0206759,60.0
1744878900949355.0,-4969.4,-2403.88,1.39345,2.52554,2.49586,-0.0296834,60.0
1744878900970310.0,-4969.4,-2403.88,1.39345,2.52554,2.54533,0.0197906,60.0
1744878900991076.0,-4971.52,-2401.83,1.39433,2.49586,2.45484,-0.0410166,60.0
1744878901012038.0,-4971.52,-2401.83,1.39433,2.49586,2.60851,0.112654,60.0
1744878901032737.0,-4974.06,-2400.46,1.3958,2.45484,2.46514,0.0102978,60.0
1744878901053542.0,-4974.06,-2400.46,1.3958,2.45484,2.51326,0.058419,60.0
1744878901073960.0,-4976.6,-2398.41,1.39702,2.46514,2.60104,0.1359,60.0
1744878901094727.0,-4976.6,-2398.41,1.39702,2.46514,2.57246,0.107324,60.0
1744878901115453.0,-4976.6,-2398.41,1.39702,2.46514,2.58743,0.122287,60.0
1744878901136056.0,-4978.72,-2396.36,1.39791,2.57246,2.47207,-0.100393,60.0
1744878901156922.0,-4978.72,-2396.36,1.39791,2.57246,2.72804,0.155581,60.0
1744878901177565.0,-4981.26,-2395.0,1.39939,2.47207,2.55996,0.08789,60.0
1744878901198372.0,-4981.26,-2395.0,1.39939,2.47207,2.4443,-0.0277685,60.0
1744878901219188.0,-4981.26,-2395.0,1.39939,2.47207,2.40489,-0.0671815,60.0
1744878901239909.0,-4983.8,-2392.95,1.40061,2.4443,2.49548,0.0511805,60.0
1744878901261012.0,-4983.8,-2392.95,1.40061,2.4443,2.56839,0.124091,60.0
1744878901281955.0,-4985.92,-2390.9,1.40151,2.49548,2.57994,0.0844534,60.0
1744878901302689.0,-4985.92,-2390.9,1.40151,2.49548,2.39095,-0.104533,60.0
1744878901323552.0,-4985.92,-2390.9,1.40151,2.49548,2.4474,-0.0480775,60.0
1744878901344272.0,-4988.46,-2389.54,1.40299,2.39095,2.3785,-0.0124488,60.0
1744878901365030.0,-4988.46,-2389.54,1.40299,2.39095,2.40452,0.0135741,60.0
1744878901385862.0,-4991.0,-2387.49,1.40421,2.3785,2.48451,0.106009,60.0
1744878901406722.0,-4991.0,-2387.49,1.40421,2.3785,2.35617,-0.0223341,60.0
1744878901427578.0,-4993.12,-2385.44,1.40511,2.48451,2.37851,-0.105998,60.0
1744878901448140.0,-4993.12,-2385.44,1.40511,2.48451,2.48844,0.00393241,60.0
1744878901468913.0,-4993.12,-2385.44,1.40511,2.48451,2.48672,0.0022122,60.0
1744878901492076.0,-4995.66,-2384.07,1.4066,2.48844,2.59611,0.10767,60.0
1744878901513007.0,-4995.66,-2384.07,1.4066,2.48844,2.45277,-0.0356696,60.0
1744878901533858.0,-4997.78,-2382.02,1.4075,2.59611,2.67553,0.0794141,60.0
1744878901554723.0,-4997.78,-2382.02,1.4075,2.59611,2.60037,0.00426237,60.0
1744878901575432.0,-4997.78,-2382.02,1.4075,2.59611,2.64162,0.0455115,60.0
1744878901596438.0,-5000.32,-2379.97,1.40873,2.60037,2.6335,0.0331234,60.0
1744878901617272.0,-5000.32,-2379.97,1.40873,2.60037,2.61421,0.0138373,60.0
1744878901638015.0,-5002.86,-2378.61,1.41022,2.6335,2.50478,-0.128714,60.0
1744878901658730.0,-5002.86,-2378.61,1.41022,2.6335,2.53981,-0.0936886,60.0
1744878901679552.0,-5002.86,-2378.61,1.41022,2.6335,2.58275,-0.0507443,60.0
1744878901700229.0,-5004.98,-2376.56,1.41112,2.53981,2.61642,0.0766149,60.0
1744878901720954.0,-5004.98,-2376.56,1.41112,2.53981,2.54021,0.000397072,60.0
1744878901741756.0,-5007.52,-2374.51,1.41236,2.61642,2.53014,-0.0862858,60.0
1744878901762715.0,-5007.52,-2374.51,1.41236,2.61642,2.5685,-0.0479242,60.0
1744878901784362.0,-5010.07,-2373.15,1.41386,2.53014,2.3747,-0.155439,60.0
1744878901805069.0,-5010.07,-2373.15,1.41386,2.53014,2.56412,0.0339824,60.0
1744878901825796.0,-5010.07,-2373.15,1.41386,2.53014,2.53131,0.00117084,60.0
1744878901846473.0,-5012.18,-2371.1,1.41476,2.56412,2.46979,-0.0943354,60.0
1744878901867195.0,-5012.18,-2371.1,1.41476,2.56412,2.59186,0.0277434,60.0
1744878901888103.0,-5014.72,-2369.73,1.41626,2.46979,2.49162,0.0218328,60.0
1744878901908956.0,-5014.72,-2369.73,1.41626,2.46979,2.60199,0.132209,60.0
1744878901929642.0,-5014.72,-2369.73,1.41626,2.46979,2.44562,-0.0241614,60.0
1744878901950374.0,-5017.27,-2367.68,1.41751,2.60199,2.60353,0.00153135,60.0
1744878901971205.0,-5017.27,-2367.68,1.41751,2.60199,2.43994,-0.162052,60.0
1744878901991731.0,-5019.81,-2366.32,1.419,2.60353,2.69918,0.0956554,60.0
1744878902012449.0,-5019.81,-2366.32,1.419,2.60353,2.59918,-0.00434886,60.0
1744878902033239.0,-5019.81,-2366.32,1.419,2.60353,2.53894,-0.0645856,60.0
1744878902053975.0,-5021.93,-2364.27,1.41992,2.59918,2.63232,0.0331445,60.0
1744878902074974.0,-5021.93,-2364.27,1.41992,2.59918,2.52325,-0.0759248,60.0
1744878902098590.0,-5024.47,-2362.22,1.42117,2.63232,2.59691,-0.0354148,60.0
1744878902119375.0,-5024.47,-2362.22,1.42117,2.63232,2.47416,-0.15816,60.0
1744878902140235.0,-5027.01,-2360.85,1.42267,2.59691,2.61138,0.014476,60.0
1744878902163021.0,-5027.01,-2360.85,1.42267,2.59691,2.51861,-0.0782924,60.0
1744878902183735.0,-5027.01,-2360.85,1.42267,2.59691,2.46211,-0.134792,60.0
1744878902204441.0,-5029.55,-2358.81,1.42392,2.51861,2.42454,-0.0940717,60.0
1744878902225179.0,-5029.55,-2358.81,1.42392,2.51861,2.48567,-0.032948,60.0
1744878902245892.0,-5032.09,-2357.44,1.42543,2.42454,2.41923,-0.00531318,60.0
1744878902266995.0,-5032.09,-2357.44,1.42543,2.42454,2.551,0.126459,60.0
1744878902288145.0,-5034.21,-2355.39,1.42635,2.551,2.48872,-0.0622807,60.0
1744878902309242.0,-5034.21,-2355.39,1.42635,2.551,2.45238,-0.0986183,60.0
1744878902329633.0,-5034.21,-2355.39,1.42635,2.551,2.6288,0.0777989,60.0
1744878902350502.0,-5036.75,-2354.03,1.42786,2.45238,2.54864,0.0962612,60.0
1744878902371216.0,-5036.75,-2354.03,1.42786,2.45238,2.47712,0.0247409,60.0
1744878902391963.0,-5039.29,-2351.98,1.42912,2.54864,2.58005,0.0314044,60.0
1744878902412759.0,-5039.29,-2351.98,1.42912,2.54864,2.69038,0.141739,60.0
1744878902433525.0,-5039.29,-2351.98,1.42912,2.54864,2.48522,-0.0634268,60.0
1744878902454197.0,-5041.83,-2350.61,1.43063,2.69038,2.60618,-0.0841994,60.0
1744878902475041.0,-5041.83,-2350.61,1.43063,2.69038,2.56618,-0.124199,60.0
1744878902495847.0,-5044.38,-2348.56,1.43189,2.60618,2.72638,0.120197,60.0
1744878902516665.0,-5044.38,-2348.56,1.43189,2.60618,2.61831,0.0121283,60.0
1744878902537381.0,-5044.38,-2348.56,1.43189,2.60618,2.48677,-0.119414,60.0
1744878902558143.0,-5046.49,-2347.2,1.43307,2.61831,2.63497,0.0166559,60.0
1744878902579180.0,-5046.49,-2347.2,1.43307,2.61831,2.4721,-0.146212,60.0
1744878902600026.0,-5049.03,-2345.15,1.43433,2.63497,2.75534,0.120371,60.0
1744878902620840.0,-5049.03,-2345.15,1.43433,2.63497,2.63234,-0.00263017,60.0
1744878902642070.0,-5049.03,-2345.15,1.43433,2.63497,2.55323,-0.0817419,60.0
1744878902662469.0,-5051.58,-2343.78,1.43585,2.63234,2.49847,-0.13387,60.0
1744878902683679.0,-5051.58,-2343.78,1.43585,2.63234,2.65178,0.0194369,60.0
1744878902704442.0,-5054.12,-2341.74,1.43712,2.49847,2.40748,-0.0909921,60.0
1744878902725289.0,-5054.12,-2341.74,1.43712,2.49847,2.64506,0.146596,60.0
1744878902746448.0,-5056.66,-2340.37,1.43863,2.40748,2.53604,0.128564,60.0
1744878902768148.0,-5056.66,-2340.37,1.43863,2.40748,2.50646,0.0989834,60.0
1744878902788938.0,-5056.66,-2340.37,1.43863,2.40748,2.5606,0.153126,60.0
1744878902809923.0,-5059.2,-2338.32,1.43991,2.50646,2.46728,-0.0391781,60.0
1744878902831237.0,-5059.2,-2338.32,1.43991,2.50646,2.65964,0.153182,60.0
1744878902852829.0,-5061.32,-2336.96,1.44109,2.46728,2.53922,0.071942,60.0
1744878902877124.0,-5061.32,-2336.96,1.44109,2.46728,2.42559,-0.0416907,60.0
1744878902898349.0,-5063.86,-2334.91,1.44236,2.53922,2.57252,0.033293,60.0
1744878902925754.0,-5063.86,-2334.91,1.44236,2.53922,2.68221,0.142984,60.0
1744878902954244.0,-5066.4,-2333.54,1.44389,2.57252,2.59107,0.0185576,60.0
1744878902978145.0,-5066.4,-2333.54,1.44389,2.57252,2.71756,0.145039,60.0
1744878903000224.0,-5068.94,-2331.49,1.44517,2.59107,2.4906,-0.100471,60.0
1744878903024620.0,-5068.94,-2331.49,1.44517,2.59107,2.7329,0.141829,60.0
1744878903048489.0,-5068.94,-2331.49,1.44517,2.59107,2.63322,0.0421429,60.0
1744878903072288.0,-5071.48,-2330.13,1.44669,2.7329,2.59394,-0.138966,60.0
1744878903103377.0,-5074.03,-2328.08,1.44797,2.63322,2.52547,-0.107744,60.0
1744878903127221.0,-5074.03,-2328.08,1.44797,2.63322,2.59167,-0.0415426,60.0
1744878903151353.0,-5074.03,-2328.08,1.44797,2.63322,2.50216,-0.131055,60.0
1744878903176838.0,-5076.57,-2326.71,1.4495,2.59167,2.46648,-0.125191,60.0
1744878903203108.0,-5076.57,-2326.71,1.4495,2.59167,2.71087,0.119198,60.0
1744878903228969.0,-5078.68,-2325.35,1.4507,2.46648,2.44916,-0.0173246,60.0
1744878903257194.0,-5078.68,-2325.35,1.4507,2.46648,2.4216,-0.0448881,60.0
1744878903302709.0,-5081.23,-2323.3,1.45198,2.44916,2.36149,-0.0876734,60.0
1744878903328617.0,-5083.77,-2321.93,1.45352,2.4216,2.29044,-0.131159,60.0
1744878903368496.0,-5086.31,-2319.88,1.4548,2.36149,2.49771,0.136229,60.0
1744878903404709.0,-5086.31,-2319.88,1.4548,2.36149,2.48705,0.125569,60.0
1744878903441077.0,-5088.85,-2318.52,1.45634,2.49771,2.59066,0.0929486,60.0
1744878903481325.0,-5091.39,-2316.47,1.45763,2.48705,2.62127,0.134213,60.0
1744878903543189.0,-5093.51,-2315.1,1.45883,2.59066,2.59874,0.00807387,60.0
1744878903597307.0,-5096.05,-2313.06,1.46012,2.62127,2.56871,-0.0525578,60.0
1744878903641279.0,-5098.59,-2311.69,1.46167,2.59874,2.52911,-0.0696238,60.0
1744878903707196.0,-5101.13,-2309.64,1.46296,2.56871,2.42947,-0.139236,60.0
1744878903737524.0,-5101.13,-2309.64,1.46296,2.56871,2.53173,-0.0369801,60.0
1744878903775089.0,-5103.68,-2308.28,1.46451,2.42947,2.54832,0.118847,60.0
1744878903810436.0,-5105.79,-2306.23,1.46547,2.53173,2.57792,0.0461925,60.0
1744878903844169.0,-5105.79,-2306.23,1.46547,2.53173,2.48534,-0.0463853,60.0
1744878903883557.0,-5108.33,-2304.86,1.46702,2.57792,2.50767,-0.0702508,60.0
1744878903914878.0,-5110.88,-2302.81,1.46832,2.48534,2.62245,0.137106,60.0
1744878903946460.0,-5110.88,-2302.81,1.46832,2.48534,2.56514,0.0797924,60.0
1744878903987450.0,-5113.42,-2301.45,1.46987,2.62245,2.53869,-0.0837566,60.0
1744878904018199.0,-5115.96,-2299.4,1.47117,2.56514,2.4346,-0.130539,60.0
1744878904055080.0,-5115.96,-2299.4,1.47117,2.56514,2.6161,0.0509599,60.0
1744878904109379.0,-5118.5,-2298.03,1.47273,2.4346,2.57924,0.144644,60.0
1744878904168701.0,-5123.16,-2294.62,1.47525,2.6161,2.55552,-0.0605717,60.0
1744878904223608.0,-5123.16,-2294.62,1.47525,2.6161,2.51391,-0.102189,60.0
1744878904291758.0,-5128.24,-2291.2,1.47812,2.51391,2.45025,-0.0636567,60.0
1744878904324795.0,-5128.24,-2291.2,1.47812,2.51391,2.38672,-0.127184,60.0
1744878904364255.0,-5130.78,-2289.16,1.47944,2.45025,2.46631,0.016056,60.0
1744878904405493.0,-5133.33,-2287.79,1.481,2.38672,2.34788,-0.0388472,60.0
1744878904457786.0,-5135.44,-2285.74,1.48197,2.46631,2.59701,0.1307,60.0
1744878904521625.0,-5137.99,-2283.69,1.48329,2.34788,2.51081,0.162938,60.0
1744878904552240.0,-5137.99,-2283.69,1.48329,2.34788,2.44761,0.0997365,60.0
1744878904587389.0,-5140.53,-2282.33,1.48486,2.51081,2.56756,0.0567448,60.0
1744878904642988.0,-5143.07,-2280.28,1.48618,2.44761,2.46857,0.0209616,60.0
1744878904675110.0,-5145.19,-2278.91,1.48741,2.56756,2.5468,-0.0207568,60.0
1744878904707926.0,-5145.19,-2278.91,1.48741,2.56756,2.43112,-0.136438,60.0
1744878904740578.0,-5147.73,-2276.86,1.48873,2.5468,2.60826,0.061461,60.0
1744878904773931.0,-5147.73,-2276.86,1.48873,2.5468,2.64797,0.101172,60.0
1744878904813651.0,-5150.27,-2275.5,1.4903,2.60826,2.60282,-0.00544353,60.0
1744878904844833.0,-5152.81,-2273.45,1.49163,2.64797,2.50305,-0.144923,60.0
1744878904877539.0,-5152.81,-2273.45,1.49163,2.64797,2.73429,0.0863165,60.0
1744878904928838.0,-5154.93,-2272.08,1.49286,2.50305,2.46931,-0.0337375,60.0
1744878904983519.0,-5157.47,-2270.03,1.4942,2.73429,2.64688,-0.0874077,60.0
1744878905016694.0,-5160.01,-2268.67,1.49577,2.46931,2.54873,0.0794153,60.0
1744878905067556.0,-5162.55,-2266.62,1.49711,2.64688,2.7159,0.069021,60.0
1744878905110023.0,-5165.09,-2265.25,1.49869,2.54873,2.52906,-0.019669,60.0
1744878905141517.0,-5165.09,-2265.25,1.49869,2.54873,2.44151,-0.107217,60.0
1744878905178850.0,-5167.64,-2263.21,1.50002,2.52906,2.58889,0.0598267,60.0
1744878905229730.0,-5169.75,-2261.84,1.50126,2.44151,2.58383,0.142321,60.0
1744878905272227.0,-5172.29,-2259.79,1.5026,2.58889,2.64349,0.0546022,60.0
1744878905323687.0,-5174.84,-2258.43,1.50419,2.58383,2.63415,0.0503128,60.0
1744878905361203.0,-5174.84,-2258.43,1.50419,2.58383,2.44397,-0.13986,60.0
1744878905394934.0,-5177.38,-2256.38,1.50553,2.63414,2.6177,-0.0164426,60.0
1744878905426188.0,-5179.92,-2255.01,1.50712,2.44397,2.57631,0.132334,60.0
1744878905471751.0,-5179.92,-2255.01,1.50712,2.44397,2.39608,-0.0478964,60.0
1744878905503992.0,-5182.46,-2252.96,1.50846,2.57631,2.49031,-0.0859925,60.0
1744878905533791.0,-5184.58,-2251.6,1.50971,2.39608,2.41509,0.0190119,60.0
1744878905588047.0,-5187.12,-2249.55,1.51106,2.41509,2.49732,0.0822316,60.0
1744878905618532.0,-5187.12,-2249.55,1.51106,2.41509,2.42321,0.00812338,60.0
1744878905653738.0,-5189.66,-2248.18,1.51265,2.49732,2.57427,0.0769529,60.0
1744878905695624.0,-5192.2,-2246.13,1.514,2.42321,2.56281,0.139596,60.0
1744878905758993.0,-5194.74,-2244.09,1.51536,2.57427,2.51856,-0.055713,60.0
1744878905819202.0,-5196.86,-2242.72,1.51661,2.56281,2.47333,-0.0894828,60.0
1744878905849864.0,-5196.86,-2242.72,1.51661,2.56281,2.51605,-0.0467567,60.0
1744878905883400.0,-5199.4,-2240.67,1.51797,2.47333,2.56614,0.0928127,60.0
1744878905917962.0,-5199.4,-2240.67,1.51797,2.47333,2.40954,-0.0637851,60.0
1744878905958133.0,-5201.94,-2239.31,1.51957,2.56614,2.42389,-0.142252,60.0
1744878905988906.0,-5204.49,-2237.26,1.52093,2.40954,2.43922,0.0296813,60.0
1744878906029654.0,-5206.6,-2235.89,1.52218,2.42389,2.5549,0.13101,60.0
1744878906063143.0,-5206.6,-2235.89,1.52218,2.42389,2.57476,0.150874,60.0
1744878906083990.0,-5209.15,-2233.84,1.52355,2.5549,2.4804,-0.0744921,60.0
1744878906104740.0,-5209.15,-2233.84,1.52355,2.5549,2.62819,0.073297,60.0
1744878906125578.0,-5209.15,-2233.84,1.52355,2.5549,2.4009,-0.153998,60.0
1744878906146374.0,-5211.69,-2232.48,1.52515,2.62819,2.55823,-0.0699614,60.0
1744878906167200.0,-5211.69,-2232.48,1.52515,2.62819,2.5159,-0.112294,60.0
1744878906188163.0,-5214.23,-2230.43,1.52652,2.55823,2.55796,-0.000267794,60.0
1744878906209188.0,-5214.23,-2230.43,1.52652,2.55823,2.6895,0.131271,60.0
1744878906230199.0,-5214.23,-2230.43,1.52652,2.55823,2.55001,-0.00821709,60.0
1744878906254032.0,-5216.35,-2228.38,1.52754,2.6895,2.71447,0.024966,60.0
1744878906276589.0,-5216.35,-2228.38,1.52754,2.6895,2.58567,-0.103829,60.0
1744878906299964.0,-5218.89,-2227.01,1.52915,2.71447,2.65547,-0.0590018,60.0
1744878906321282.0,-5218.89,-2227.01,1.52915,2.71447,2.6354,-0.0790641,60.0
1744878906342283.0,-5221.43,-2225.65,1.53076,2.65547,2.60313,-0.0523408,60.0
1744878906364685.0,-5221.43,-2225.65,1.53076,2.65547,2.65482,-0.000649814,60.0
1744878906390862.0,-5223.97,-2223.6,1.53213,2.60313,2.44503,-0.158092,60.0
1744878906414650.0,-5223.97,-2223.6,1.53213,2.60313,2.57514,-0.0279812,60.0
1744878906446094.0,-5226.51,-2222.23,1.53374,2.44503,2.4829,0.0378683,60.0
1744878906468562.0,-5226.51,-2222.23,1.53374,2.44503,2.5615,0.116468,60.0
1744878906492147.0,-5229.05,-2220.18,1.53512,2.4829,2.377,-0.105903,60.0
1744878906521107.0,-5229.05,-2220.18,1.53512,2.4829,2.42455,-0.0583521,60.0
1744878906554230.0,-5231.17,-2218.82,1.53639,2.377,2.42536,0.0483594,60.0
1744878906580536.0,-5231.17,-2218.82,1.53639,2.377,2.37154,-0.00545715,60.0
1744878906608831.0,-5233.71,-2216.77,1.53777,2.42536,2.37132,-0.0540428,60.0
1744878906636033.0,-5233.71,-2216.77,1.53777,2.42536,2.44015,0.0147951,60.0
1744878906680358.0,-5236.25,-2215.4,1.53938,2.37132,2.42412,0.052805,60.0
1744878906711979.0,-5238.8,-2213.36,1.54077,2.44015,2.56572,0.125564,60.0
1744878906752516.0,-5238.8,-2213.36,1.54077,2.44015,2.56556,0.125403,60.0
1744878906778247.0,-5241.34,-2211.31,1.54215,2.56572,2.58076,0.0150389,60.0
1744878906824936.0,-5243.45,-2209.94,1.54342,2.58076,2.65989,0.0791307,60.0
1744878906872201.0,-5243.45,-2209.94,1.54342,2.58076,2.55767,-0.0230836,60.0
1744878906901228.0,-5246.0,-2207.89,1.54481,2.65989,2.70258,0.04269,60.0
1744878906942252.0,-5248.54,-2206.53,1.54644,2.55767,2.48625,-0.0714223,60.0
1744878906995729.0,-5248.54,-2206.53,1.54644,2.55767,2.54697,-0.0106984,60.0
1744878907026572.0,-5251.08,-2204.48,1.54783,2.48625,2.60222,0.115966,60.0
1744878907064537.0,-5253.2,-2203.11,1.5491,2.54697,2.46943,-0.0775466,60.0
1744878907104498.0,-5253.2,-2203.11,1.5491,2.54697,2.44556,-0.101418,60.0
1744878907134712.0,-5255.74,-2201.06,1.5505,2.46943,2.48075,0.0113246,60.0
1744878907191935.0,-5258.28,-2199.7,1.55213,2.44556,2.60211,0.156554,60.0
1744878907230626.0,-5260.82,-2197.65,1.55352,2.48075,2.52229,0.0415336,60.0
1744878907258148.0,-5260.82,-2197.65,1.55352,2.48075,2.57786,0.0971082,60.0
1744878907293250.0,-5263.36,-2196.28,1.55516,2.52229,2.50743,-0.0148539,60.0
1744878907343279.0,-5265.48,-2194.23,1.55621,2.57786,2.49043,-0.0874284,60.0
1744878907374715.0,-5268.02,-2192.19,1.55761,2.50743,2.4393,-0.0681305,60.0
1744878907410414.0,-5268.02,-2192.19,1.55761,2.50743,2.46129,-0.0461441,60.0
1744878907441380.0,-5270.56,-2190.82,1.55924,2.4393,2.52633,0.0870312,60.0
1744878907475189.0,-5273.1,-2188.77,1.56065,2.46129,2.59652,0.135231,60.0
1744878907530227.0,-5273.1,-2188.77,1.56065,2.46129,2.47262,0.0113287,60.0
1744878907580567.0,-5275.22,-2187.41,1.56194,2.59652,2.4914,-0.10512,60.0
1744878907608757.0,-5277.76,-2185.36,1.56334,2.47262,2.59766,0.12504,60.0
1744878907641071.0,-5280.31,-2183.99,1.56498,2.4914,2.39956,-0.0918375,60.0
1744878907694283.0,-5282.85,-2181.94,1.56639,2.59766,2.54373,-0.0539246,60.0
1744878907756990.0,-5284.97,-2179.89,1.56745,2.54373,2.3877,-0.156035,60.0
1744878907788469.0,-5284.97,-2179.89,1.56745,2.54373,2.6015,0.0577684,60.0
1744878907817615.0,-5287.51,-2178.53,1.5691,2.3877,2.52408,0.136383,60.0
1744878907848075.0,-5287.51,-2178.53,1.5691,2.3877,2.44785,0.0601566,60.0
1744878907879223.0,-5290.05,-2176.48,1.57052,2.52408,2.42521,-0.0988749,60.0
1744878907911096.0,-5292.17,-2175.11,1.57181,2.44785,2.5007,0.0528503,60.0
1744878907942042.0,-5292.17,-2175.11,1.57181,2.44785,2.58125,0.133394,60.0
1744878907975378.0,-5294.71,-2173.06,1.57323,2.50071,2.66112,0.160415,60.0
1744878908008210.0,-5294.71,-2173.06,1.57323,2.50071,2.56965,0.0689439,60.0
1744878908054850.0,-5297.25,-2171.7,1.57488,2.66112,2.74935,0.0882324,60.0
1744878908088938.0,-5299.79,-2169.65,1.5763,2.56965,2.4863,-0.0833484,60.0
1744878908127845.0,-5301.91,-2167.6,1.57737,2.74935,2.59537,-0.153983,60.0
1744878908169768.0,-5301.91,-2167.6,1.57737,2.74935,2.62619,-0.123163,60.0
1744878908203315.0,-5304.45,-2166.24,1.57903,2.59537,2.56048,-0.034892,60.0
1744878908234576.0,-5306.99,-2164.19,1.58045,2.62619,2.55904,-0.0671469,60.0
1744878908305738.0,-5309.53,-2162.82,1.58211,2.56048,2.4658,-0.0946759,60.0
1744878908337371.0,-5309.53,-2162.82,1.58211,2.56048,2.49568,-0.0647935,60.0
1744878908380287.0,-5312.07,-2160.77,1.58354,2.4658,2.51083,0.0450299,60.0
1744878908427914.0,-5314.61,-2159.41,1.5852,2.49568,2.5433,0.0476115,60.0
1744878908488509.0,-5316.73,-2157.36,1.58628,2.5433,2.64992,0.106628,60.0
1744878908521330.0,-5316.73,-2157.36,1.58628,2.5433,2.528,-0.0152941,60.0
1744878908559731.0,-5319.27,-2155.99,1.58794,2.64992,2.52941,-0.120516,60.0
1744878908609613.0,-5321.82,-2153.94,1.58938,2.528,2.57135,0.0433491,60.0
1744878908679834.0,-5324.36,-2152.58,1.59104,2.52941,2.58508,0.0556767,60.0
1744878908751409.0,-5326.9,-2150.53,1.59248,2.57135,2.65856,0.0872111,60.0
1744878908817070.0,-5329.44,-2149.16,1.59415,2.58508,2.64747,0.0623872,60.0
1744878908869353.0,-5331.56,-2147.11,1.59524,2.65856,2.59838,-0.0601869,60.0
1744878908900224.0,-5331.56,-2147.11,1.59524,2.65856,2.56042,-0.0981469,60.0
1744878908939237.0,-5334.1,-2145.75,1.59691,2.59838,2.70229,0.10391,60.0
1744878908982471.0,-5336.64,-2144.38,1.59858,2.56042,2.51652,-0.0439,60.0
1744878909056125.0,-5339.18,-2142.33,1.60003,2.70229,2.54984,-0.152448,60.0
1744878909107493.0,-5341.72,-2140.97,1.6017,2.51652,2.35952,-0.156998,60.0
1744878909167536.0,-5344.27,-2138.92,0.603151,2.54984,2.5224,-0.0274318,60.0
1744878909252301.0,-5346.81,-2137.55,0.60483,2.35952,2.4387,0.0791786,60.0
1744878909297043.0,-5349.35,-2135.51,0.606282,2.5224,2.59076,0.0683538,60.0
1744878909351075.0,-5349.35,-2135.51,0.606282,2.5224,2.51387,-0.00853725,60.0
1744878909381022.0,-5351.47,-2134.14,0.607607,2.59076,2.44185,-0.14891,60.0
1744878909418905.0,-5354.01,-2132.09,0.609061,2.51387,2.42033,-0.0935343,60.0
1744878909449510.0,-5354.01,-2132.09,0.609061,2.51387,2.57895,0.0650813,60.0
1744878909481714.0,-5356.55,-2130.73,0.610745,2.42033,2.5159,0.0955627,60.0
1744878909512089.0,-5359.09,-2129.36,0.61243,2.57895,2.52194,-0.0570088,60.0
1744878909541657.0,-5359.09,-2129.36,0.61243,2.57895,2.60482,0.0258707,60.0
1744878909597351.0,-5361.63,-2127.31,0.61389,2.52194,2.46704,-0.0549001,60.0
1744878909626244.0,-5364.17,-2125.95,0.615578,2.60482,2.68584,0.0810174,60.0
1744878909659261.0,-5366.71,-2123.9,0.61704,2.68584,2.63727,-0.0485631,60.0
1744878909701108.0,-5366.71,-2123.9,0.61704,2.68584,2.64984,-0.0359989,60.0
1744878909732422.0,-5369.26,-2122.53,0.618731,2.63727,2.6211,-0.0161702,60.0
1744878909762240.0,-5371.37,-2120.48,0.619838,2.64984,2.67417,0.0243332,60.0
1744878909815617.0,-5371.37,-2120.48,0.619838,2.64984,2.66818,0.0183449,60.0
1744878909849400.0,-5373.92,-2119.12,0.621532,2.67417,2.56129,-0.112886,60.0
1744878909882655.0,-5376.46,-2117.07,0.623,2.66818,2.55898,-0.109205,60.0
1744878909916538.0,-5376.46,-2117.07,0.623,2.66818,2.55223,-0.115957,60.0
1744878909953931.0,-5379.0,-2115.7,0.624696,2.55898,2.51182,-0.0471571,60.0
1744878909983069.0,-5381.54,-2114.34,0.626394,2.55223,2.70458,0.152354,60.0
1744878910015684.0,-5381.54,-2114.34,0.626394,2.55223,2.56354,0.0113112,60.0
1744878910058957.0,-5384.08,-2112.29,0.627867,2.70458,2.56236,-0.142215,60.0
1744878910132789.0,-5386.62,-2110.92,0.629567,2.56354,2.5149,-0.0486375,60.0
1744878910187009.0,-5391.7,-2107.51,0.632746,2.56236,2.56597,0.00360471,60.0
1744878910215636.0,-5391.7,-2107.51,0.632746,2.56236,2.42282,-0.139546,60.0
1744878910250082.0,-5394.25,-2106.14,0.63445,2.56597,2.43204,-0.133928,60.0
1744878910309910.0,-5396.79,-2104.78,0.636156,2.42282,2.36918,-0.0536355,60.0
1744878910369458.0,-5396.79,-2104.78,0.636156,2.42282,2.46409,0.0412745,60.0
1744878910400605.0,-5399.33,-2102.73,0.637638,2.36918,2.43972,0.0705408,60.0
1744878910442680.0,-5401.87,-2101.36,0.639346,2.46409,2.43199,-0.0320997,60.0
1744878910491811.0,-5401.87,-2101.36,0.639346,2.46409,2.39134,-0.0727492,60.0
1744878910523341.0,-5404.41,-2099.31,0.640831,2.43199,2.44776,0.0157685,60.0
1744878910559047.0,-5406.95,-2097.95,0.642542,2.39134,2.51162,0.120278,60.0
1744878910610478.0,-5409.07,-2095.9,0.643671,2.51162,2.61143,0.0998085,60.0
1744878910641189.0,-5409.07,-2095.9,0.643671,2.51162,2.51222,0.00059635,60.0
1744878910685352.0,-5411.61,-2094.53,0.645384,2.61143,2.6675,0.0560651,60.0
1744878910734633.0,-5414.15,-2092.48,0.646876,2.51222,2.53483,0.0226161,60.0
1744878910764915.0,-5416.69,-2091.12,0.648592,2.6675,2.51568,-0.151816,60.0
1744878910803952.0,-5416.69,-2091.12,0.648592,2.6675,2.53439,-0.133106,60.0
1744878910843077.0,-5419.24,-2089.07,0.650086,2.51568,2.50481,-0.0108705,60.0
1744878910873615.0,-5421.78,-2087.7,0.651806,2.53439,2.64127,0.106876,60.0
1744878910906374.0,-5421.78,-2087.7,0.651806,2.53439,2.63024,0.0958485,60.0
1744878910936206.0,-5424.32,-2085.65,0.653303,2.64127,2.52416,-0.117102,60.0
1744878910980397.0,-5426.44,-2084.29,0.654664,2.63024,2.55559,-0.0746439,60.0
1744878911032388.0,-5428.98,-2082.92,0.656387,2.52416,2.67611,0.151946,60.0
1744878911091107.0,-5428.98,-2082.92,0.656387,2.52416,2.50351,-0.02065,60.0
1744878911123025.0,-5431.52,-2080.87,0.657889,2.67611,2.53143,-0.144677,60.0
1744878911156101.0,-5434.06,-2079.51,0.659615,2.50351,2.63093,0.127414,60.0
1744878911187235.0,-5434.06,-2079.51,0.659615,2.50351,2.42965,-0.073866,60.0
1744878911217331.0,-5436.6,-2077.46,0.66112,2.63093,2.72393,0.0929984,60.0
1744878911278746.0,-5439.14,-2076.09,0.662848,2.42965,2.55285,0.123208,60.0
1744878911310015.0,-5441.69,-2074.04,0.664357,2.72393,2.62397,-0.0999504,60.0
1744878911351512.0,-5444.23,-2072.68,0.666088,2.55285,2.43528,-0.117577,60.0
1744878911381775.0,-5444.23,-2072.68,0.666088,2.55285,2.69107,0.13821,60.0
1744878911411523.0,-5446.77,-2071.31,0.667821,2.43528,2.47429,0.0390112,60.0
1744878911459445.0,-5449.31,-2069.26,0.669333,2.69107,2.668,-0.0230611,60.0
1744878911495403.0,-5449.31,-2069.26,0.669333,2.69107,2.59336,-0.097704,60.0
1744878911530461.0,-5451.85,-2067.9,0.671069,2.668,2.57499,-0.0930098,60.0
1744878911570357.0,-5454.39,-2065.85,0.672585,2.59336,2.49518,-0.0981786,60.0
1744878911626121.0,-5456.51,-2064.48,0.67396,2.57499,2.45424,-0.120755,60.0
1744878911676569.0,-5456.51,-2064.48,0.67396,2.57499,2.61131,0.0363159,60.0
1744878911731500.0,-5459.05,-2063.12,0.675699,2.45424,2.51734,0.0631017,60.0
1744878911771170.0,-5461.59,-2061.07,0.677219,2.61131,2.70552,0.0942116,60.0
1744878911804994.0,-5464.13,-2059.7,0.678961,2.51734,2.44727,-0.0700703,60.0
1744878911865163.0,-5466.68,-2057.66,0.680485,2.70552,2.56005,-0.145474,60.0
1744878911896728.0,-5466.68,-2057.66,0.680485,2.70552,2.67872,-0.0267984,60.0
1744878911933297.0,-5469.22,-2056.29,0.68223,2.56005,2.41179,-0.148257,60.0
1744878911960497.0,-5469.22,-2056.29,0.68223,2.56005,2.65051,0.0904616,60.0
1744878911990496.0,-5471.76,-2054.92,0.683976,2.41179,2.54344,0.131651,60.0
1744878912043141.0,-5474.3,-2052.88,0.685504,2.65051,2.72512,0.0746144,60.0
1744878912075738.0,-5474.3,-2052.88,0.685504,2.65051,2.61046,-0.0400467,60.0
1744878912110040.0,-5476.84,-2051.51,0.687253,2.72512,2.61339,-0.111738,60.0
1744878912152617.0,-5479.38,-2050.14,0.689003,2.61339,2.63199,0.0186045,60.0
1744878912180366.0,-5479.38,-2050.14,0.689003,2.61339,2.60931,-0.00407133,60.0
1744878912224249.0,-5481.92,-2048.09,0.690536,2.63199,2.60271,-0.0292805,60.0
1744878912261304.0,-5484.46,-2046.73,0.692288,2.60931,2.57441,-0.0349,60.0
1744878912313637.0,-5487.01,-2045.36,0.694043,2.60271,2.58311,-0.0195991,60.0
1744878912350450.0,-5487.01,-2045.36,0.694043,2.60271,2.57081,-0.0319016,60.0
1744878912383638.0,-5489.55,-2043.31,0.69558,2.58311,2.67744,0.0943337,60.0
1744878912426712.0,-5489.55,-2043.31,0.69558,2.58311,2.56968,-0.0134347,60.0
1744878912469515.0,-5492.09,-2041.95,0.697337,2.67744,2.67098,-0.00646651,60.0
1744878912501928.0,-5494.63,-2040.58,0.699095,2.56968,2.52971,-0.0399674,60.0
1744878912534859.0,-5497.17,-2038.53,0.700637,2.52971,2.59184,0.0621362,60.0
1744878912556082.0,-5497.17,-2038.53,0.700637,2.52971,2.36612,-0.163587,60.0
1744878912576428.0,-5497.17,-2038.53,0.700637,2.52971,2.53592,0.00621608,60.0
1744878912597417.0,-5499.71,-2037.17,0.702398,2.36612,2.51595,0.149828,60.0
1744878912619419.0,-5499.71,-2037.17,0.702398,2.36612,2.39144,0.0253224,60.0
1744878912640319.0,-5502.25,-2035.8,0.704161,2.51595,2.49229,-0.0236623,60.0
1744878912661484.0,-5502.25,-2035.8,0.704161,2.51595,2.48915,-0.0267949,60.0
1744878912682630.0,-5502.25,-2035.8,0.704161,2.51595,2.51501,-0.000943347,60.0
1744878912703781.0,-5504.8,-2033.75,0.705707,2.48915,2.61813,0.128976,60.0
1744878912724908.0,-5504.8,-2033.75,0.705707,2.48915,2.5179,0.0287436,60.0
1744878912746040.0,-5507.34,-2032.39,0.707472,2.61813,2.72045,0.102324,60.0
1744878912767134.0,-5507.34,-2032.39,0.707472,2.61813,2.57568,-0.0424542,60.0
1744878912788346.0,-5507.34,-2032.39,0.707472,2.61813,2.51095,-0.107178,60.0
1744878912816807.0,-5509.88,-2030.34,0.709022,2.57568,2.57072,-0.0049559,60.0
1744878912838073.0,-5509.88,-2030.34,0.709022,2.57568,2.64938,0.0737028,60.0
1744878912859736.0,-5512.42,-2028.97,0.71079,2.57072,2.56457,-0.00614683,60.0
1744878912880700.0,-5512.42,-2028.97,0.71079,2.57072,2.63959,0.0688737,60.0
1744878912908946.0,-5512.42,-2028.97,0.71079,2.57072,2.56222,-0.00850087,60.0
1744878912931904.0,-5514.96,-2027.61,0.712559,2.63959,2.63683,-0.00276721,60.0
1744878912961881.0,-5514.96,-2027.61,0.712559,2.63959,2.47638,-0.163217,60.0
1744878912984415.0,-5517.5,-2025.56,0.714113,2.63683,2.47988,-0.15695,60.0
1744878913006320.0,-5517.5,-2025.56,0.714113,2.63683,2.5386,-0.0982301,60.0
1744878913034420.0,-5520.04,-2024.19,0.715885,2.47988,2.49398,0.0141018,60.0
1744878913064844.0,-5522.59,-2022.83,0.717658,2.49398,2.45044,-0.0435424,60.0
1744878913091296.0,-5522.59,-2022.83,0.717658,2.49398,2.54495,0.0509672,60.0
1744878913119031.0,-5525.13,-2020.78,0.719217,2.54495,2.57793,0.0329847,60.0
1744878913143053.0,-5525.13,-2020.78,0.719217,2.54495,2.42107,-0.123876,60.0
1744878913167513.0,-5525.13,-2020.78,0.719217,2.54495,2.67178,0.12683,60.0
1744878913192865.0,-5527.67,-2019.41,0.720993,2.42107,2.39956,-0.0215113,60.0
1744878913222733.0,-5529.79,-2017.36,0.722186,2.67178,2.61025,-0.0615231,60.0
1744878913256461.0,-5529.79,-2017.36,0.722186,2.67178,2.75552,0.0837395,60.0
1744878913280805.0,-5532.33,-2016.0,0.723965,2.61025,2.65846,0.0482065,60.0
1744878913310447.0,-5532.33,-2016.0,0.723965,2.61025,2.45444,-0.155814,60.0
1744878913336811.0,-5534.87,-2014.63,0.725745,2.65846,2.53191,-0.126552,60.0
1744878913363798.0,-5534.87,-2014.63,0.725745,2.65846,2.49731,-0.161154,60.0
1744878913389015.0,-5537.41,-2012.58,0.727311,2.53191,2.47801,-0.0538999,60.0
1744878913420456.0,-5537.41,-2012.58,0.727311,2.53191,2.68743,0.155525,60.0
1744878913444886.0,-5539.95,-2011.22,0.729094,2.47801,2.44866,-0.0293459,60.0
1744878913480196.0,-5539.95,-2011.22,0.729094,2.47801,2.52571,0.0477007,60.0
1744878913524624.0,-5542.49,-2009.17,0.730663,2.44866,2.60156,0.152896,60.0
1744878913556756.0,-5545.03,-2007.8,0.732449,2.52571,2.45868,-0.0670316,60.0
1744878913598418.0,-5547.58,-2006.44,0.734235,2.60156,2.68578,0.0842242,60.0
1744878913642677.0,-5547.58,-2006.44,0.734235,2.60156,2.52202,-0.0795413,60.0
1744878913673686.0,-5550.12,-2004.39,0.735809,2.68578,2.60451,-0.0812712,60.0
1744878913702541.0,-5552.66,-2003.02,0.737599,2.52202,2.44142,-0.0805953,60.0
1744878913730159.0,-5552.66,-2003.02,0.737599,2.52202,2.40065,-0.121364,60.0
1744878913766832.0,-5555.2,-2000.97,0.739176,2.44142,2.58075,0.139328,60.0
1744878913805649.0,-5555.2,-2000.97,0.739176,2.44142,2.37458,-0.0668432,60.0
1744878913839994.0,-5557.74,-1999.61,0.740968,2.58075,2.67343,0.0926753,60.0
1744878913875506.0,-5560.28,-1998.24,0.742762,2.37458,2.48312,0.108539,60.0
1744878913902587.0,-5560.28,-1998.24,0.742762,2.37458,2.42916,0.0545801,60.0
1744878913932083.0,-5562.4,-1996.19,0.743973,2.48312,2.338,-0.14512,60.0
1744878913974028.0,-5564.94,-1994.83,0.745769,2.42916,2.59321,0.164049,60.0
1744878914008106.0,-5564.94,-1994.83,0.745769,2.42916,2.40818,-0.0209819,60.0
1744878914041370.0,-5567.48,-1992.78,0.747354,2.59321,2.6276,0.0343921,60.0
1744878914103105.0,-5567.48,-1992.78,0.747354,2.59321,2.53885,-0.0543579,60.0
1744878914135105.0,-5570.02,-1991.41,0.749153,2.6276,2.65475,0.027154,60.0
1744878914173875.0,-5572.57,-1989.36,0.75074,2.53885,2.40624,-0.132606,60.0
1744878914216475.0,-5572.57,-1989.36,0.75074,2.53885,2.60733,0.068482,60.0
1744878914252410.0,-5575.11,-1988.0,0.752542,2.40624,2.32051,-0.0857295,60.0
1744878914287921.0,-5577.65,-1985.95,0.754133,2.60733,2.55678,-0.050547,60.0
1744878914335896.0,-5579.77,-1984.58,0.755566,2.32051,2.38335,0.0628389,60.0
1744878914368809.0,-5579.77,-1984.58,0.755566,2.32051,2.41719,0.0966794,60.0
1744878914401130.0,-5582.31,-1982.53,0.757159,2.38335,2.51089,0.127532,60.0
1744878914442911.0,-5584.85,-1981.17,0.758966,2.41719,2.51219,0.094997,60.0
1744878914497127.0,-5587.39,-1979.12,0.760563,2.51089,2.56758,0.0566948,60.0
1744878914563408.0,-5589.93,-1977.75,0.762373,2.51219,2.52102,0.00882941,60.0
1744878914622285.0,-5589.93,-1977.75,0.762373,2.51219,2.52235,0.0101578,60.0
1744878914654782.0,-5592.05,-1975.71,0.763601,2.52102,2.65942,0.138398,60.0
1744878914707719.0,-5594.59,-1974.34,0.765413,2.52235,2.56848,0.0461327,60.0
1744878914749528.0,-5597.13,-1972.29,0.767016,2.65942,2.58947,-0.0699486,60.0
1744878914778494.0,-5599.67,-1970.24,0.768621,2.56848,2.54226,-0.0262252,60.0
1744878914815216.0,-5599.67,-1970.24,0.768621,2.56848,2.58445,0.015972,60.0
1744878914854514.0,-5601.79,-1968.88,0.770064,2.54226,2.41828,-0.123977,60.0
1744878914889026.0,-5604.33,-1966.83,0.771672,2.58445,2.49541,-0.0890423,60.0
1744878914921644.0,-5604.33,-1966.83,0.771672,2.58445,2.67063,0.0861747,60.0
1744878914957772.0,-5606.87,-1965.46,0.773491,2.49541,2.60786,0.112447,60.0
1744878914987245.0,-5609.42,-1963.41,0.775102,2.67063,2.59403,-0.0766017,60.0
1744878915024374.0,-5609.42,-1963.41,0.775102,2.67063,2.64756,-0.0230686,60.0
1744878915053920.0,-5611.96,-1962.05,0.776924,2.59403,2.69592,0.101892,60.0
1744878915082867.0,-5611.96,-1962.05,0.776924,2.59403,2.67865,0.0846274,60.0
1744878915130621.0,-5614.5,-1960.0,0.778537,2.69592,2.5805,-0.115416,60.0
1744878915164650.0,-5617.04,-1958.63,0.780362,2.67865,2.56553,-0.113123,60.0
1744878915207378.0,-5619.16,-1957.27,0.781814,2.5805,2.62047,0.0399719,60.0
1744878915261957.0,-5621.7,-1955.22,0.783432,2.56553,2.50384,-0.0616861,60.0
1744878915303276.0,-5621.7,-1955.22,0.783432,2.56553,2.41688,-0.148654,60.0
1744878915343174.0,-5624.24,-1953.85,0.785261,2.50384,2.51594,0.0120915,60.0
1744878915387693.0,-5626.78,-1951.8,0.786882,2.41688,2.53007,0.113196,60.0
1744878915422364.0,-5626.78,-1951.8,0.786882,2.41688,2.42709,0.0102091,60.0
1744878915452916.0,-5629.32,-1950.44,0.788714,2.53007,2.38645,-0.143624,60.0
1744878915502354.0,-5631.86,-1948.39,0.790338,2.42709,2.43482,0.00773045,60.0
1744878915538839.0,-5631.86,-1948.39,0.790338,2.42709,2.38046,-0.0466232,60.0
1744878915572423.0,-5634.41,-1947.02,0.792172,2.43482,2.36074,-0.0740734,60.0
1744878915615380.0,-5636.52,-1944.97,0.793425,2.38046,2.45677,0.0763054,60.0
1744878915676628.0,-5639.06,-1943.61,0.795261,2.36074,2.24483,-0.115912,60.0
1744878915731559.0,-5641.61,-1941.56,0.796892,2.24483,2.33985,0.0950205,60.0
1744878915764629.0,-5641.61,-1941.56,0.796892,2.24483,2.40267,0.157839,60.0
1744878915806200.0,-5644.15,-1940.19,0.798731,2.33985,2.47975,0.139898,60.0
1744878915863848.0,-5646.27,-1938.14,0.799989,2.40267,2.39261,-0.0100576,60.0
1744878915900800.0,-5648.81,-1936.09,0.801624,2.47975,2.5233,0.0435467,60.0
1744878915938352.0,-5651.35,-1934.73,0.803468,2.39261,2.42089,0.0282762,60.0
1744878915984002.0,-5651.35,-1934.73,0.803468,2.39261,2.47334,0.0807293,60.0
1744878916014224.0,-5653.47,-1932.68,0.80473,2.42089,2.55548,0.134591,60.0
1744878916045469.0,-5656.01,-1930.63,0.806369,2.47334,2.57553,0.102189,60.0
1744878916085321.0,-5656.01,-1930.63,0.806369,2.47334,2.38734,-0.0860023,60.0
1744878916122407.0,-5658.55,-1929.27,0.808217,2.57553,2.46489,-0.110642,60.0
1744878916150378.0,-5658.55,-1929.27,0.808217,2.57553,2.67991,0.104383,60.0
1744878916183528.0,-5660.67,-1927.22,0.809483,2.46489,2.61219,0.147302,60.0
1744878916234975.0,-5663.21,-1925.17,0.811127,2.67991,2.63614,-0.0437774,60.0
1744878916284476.0,-5663.21,-1925.17,0.811127,2.67991,2.67044,-0.00946924,60.0
1744878916343019.0,-5665.75,-1923.8,0.812979,2.63614,2.56416,-0.0719766,60.0
1744878916371299.0,-5667.87,-1921.75,0.814249,2.67044,2.67092,0.000470801,60.0
1744878916403822.0,-5667.87,-1921.75,0.814249,2.67044,2.58135,-0.0890969,60.0
1744878916459283.0,-5672.95,-1918.34,0.817754,2.58135,2.42224,-0.159109,60.0
1744878916486851.0,-5672.95,-1918.34,0.817754,2.58135,2.43751,-0.143839,60.0
1744878916526442.0,-5675.49,-1916.97,0.819611,2.42224,2.44676,0.0245185,60.0
1744878916583998.0,-5677.61,-1914.92,0.820886,2.43751,2.42359,-0.0139145,60.0
1744878916646482.0,-5680.15,-1912.87,0.822542,2.42359,2.55555,0.131951,60.0
1744878916674103.0,-5680.15,-1912.87,0.822542,2.42359,2.46571,0.0421164,60.0
1744878916702448.0,-5682.69,-1911.51,0.824403,2.55555,2.48965,-0.0658965,60.0
1744878916730022.0,-5682.69,-1911.51,0.824403,2.55555,2.529,-0.0265479,60.0
1744878916762363.0,-5684.81,-1909.46,0.825682,2.48965,2.64009,0.150439,60.0
1744878916791320.0,-5684.81,-1909.46,0.825682,2.48965,2.4605,-0.0291493,60.0
1744878916819005.0,-5687.35,-1908.09,0.827546,2.64009,2.71438,0.0742884,60.0
1744878916876453.0,-5689.89,-1906.04,0.829207,2.4605,2.58319,0.122694,60.0
1744878916904124.0,-5692.43,-1904.68,0.831074,2.71438,2.62119,-0.0931888,60.0
1744878916938101.0,-5692.43,-1904.68,0.831074,2.71438,2.65516,-0.0592212,60.0
1744878916967862.0,-5694.98,-1902.63,0.832738,2.62119,2.52964,-0.0915454,60.0
1744878917002486.0,-5694.98,-1902.63,0.832738,2.62119,2.50643,-0.11476,60.0
1744878917035532.0,-5697.09,-1900.58,0.834025,2.52964,2.65649,0.126849,60.0
1744878917073617.0,-5699.63,-1899.21,0.835895,2.50643,2.48348,-0.0229449,60.0
1744878917122587.0,-5699.63,-1899.21,0.835895,2.50643,2.5391,0.0326685,60.0
1744878917190169.0,-5704.72,-1895.8,0.839437,2.48348,2.54327,0.0597896,60.0
1744878917217798.0,-5704.72,-1895.8,0.839437,2.48348,2.54312,0.0596399,60.0
1744878917248277.0,-5706.83,-1893.75,0.840729,2.54327,2.52236,-0.0209165,60.0
1744878917276758.0,-5706.83,-1893.75,0.840729,2.54327,2.51383,-0.0294373,60.0
1744878917304946.0,-5709.38,-1892.39,0.842605,2.52236,2.56764,0.0452793,60.0
1744878917341033.0,-5711.92,-1890.34,0.84428,2.51383,2.40284,-0.110994,60.0
1744878917402897.0,-5714.46,-1888.97,0.846159,2.56764,2.51612,-0.0515107,60.0
1744878917465299.0,-5717.0,-1886.92,0.847837,2.51612,2.67393,0.157802,60.0
1744878917494453.0,-5717.0,-1886.92,0.847837,2.51612,2.50222,-0.0139066,60.0
1744878917537762.0,-5719.12,-1885.56,0.849337,2.67393,2.63073,-0.043192,60.0
1744878917569149.0,-5721.66,-1883.51,0.851018,2.50222,2.54712,0.0449048,60.0
1744878917600353.0,-5721.66,-1883.51,0.851018,2.50222,2.55683,0.0546143,60.0
1744878917631789.0,-5724.2,-1882.14,0.852902,2.54712,2.58824,0.0411159,60.0
1744878917672313.0,-5726.74,-1880.09,0.854586,2.55683,2.41696,-0.139874,60.0
1744878917726512.0,-5726.74,-1880.09,0.854586,2.55683,2.4486,-0.10823,60.0
1744878917758588.0,-5729.28,-1878.73,0.856473,2.41696,2.57062,0.153664,60.0
1744878917791520.0,-5731.4,-1876.68,0.857779,2.4486,2.41064,-0.0379662,60.0
1744878917818573.0,-5731.4,-1876.68,0.857779,2.4486,2.59882,0.150218,60.0
1744878917851718.0,-5733.94,-1874.63,0.859468,2.41064,2.39091,-0.0197311,60.0
1744878917916814.0,-5736.48,-1873.26,0.861358,2.59882,2.50492,-0.0938974,60.0
1744878917957082.0,-5739.03,-1871.21,0.86305,2.39091,2.34334,-0.0475628,60.0
1744878918006527.0,-5741.14,-1869.85,0.864562,2.50492,2.45146,-0.0534634,60.0
1744878918035877.0,-5741.14,-1869.85,0.864562,2.50492,2.58632,0.081399,60.0
1744878918107335.0,-5743.68,-1867.8,0.866256,2.45146,2.38406,-0.0673972,60.0
1744878918154569.0,-5746.23,-1866.43,0.868153,2.58632,2.46649,-0.119834,60.0
1744878918207955.0,-5748.77,-1864.38,0.869851,2.38406,2.49398,0.109913,60.0
1744878918249164.0,-5750.89,-1862.33,0.871167,2.46649,2.45714,-0.00934672,60.0
1744878918277127.0,-5750.89,-1862.33,0.871167,2.46649,2.60326,0.136775,60.0
1744878918309740.0,-5753.43,-1860.97,0.873067,2.45714,2.55739,0.100246,60.0
1744878918352830.0,-5755.97,-1858.92,0.87477,2.60326,2.4494,-0.153861,60.0
1744878918386768.0,-5758.09,-1857.55,0.87629,2.55739,2.56777,0.0103808,60.0
1744878918419541.0,-5758.09,-1857.55,0.87629,2.55739,2.51915,-0.0382328,60.0
1744878918448205.0,-5760.63,-1855.5,0.877995,2.56777,2.71814,0.15037,60.0
1744878918481989.0,-5760.63,-1855.5,0.877995,2.56777,2.63136,0.0635906,60.0
1744878918517172.0,-5763.17,-1853.46,0.879703,2.71814,2.8241,0.105961,60.0
1744878918555784.0,-5765.71,-1852.09,0.881609,2.63136,2.56953,-0.0618299,60.0
1744878918602039.0,-5767.83,-1850.04,0.882936,2.8241,2.72103,-0.103072,60.0
1744878918637566.0,-5767.83,-1850.04,0.882936,2.8241,2.67643,-0.147665,60.0
1744878918668802.0,-5770.37,-1848.68,0.884845,2.72103,2.6547,-0.0663267,60.0
1744878918722056.0,-5772.91,-1846.63,0.886559,2.67643,2.59333,-0.083109,60.0
1744878918754386.0,-5772.91,-1846.63,0.886559,2.67643,2.58889,-0.087541,60.0
1744878918789810.0,-5775.45,-1845.26,0.888471,2.59333,2.60322,0.00989469,60.0
1744878918816260.0,-5775.45,-1845.26,0.888471,2.59333,2.54235,-0.0509768,60.0
1744878918853325.0,-5777.99,-1843.89,0.890385,2.60322,2.64679,0.0435715,60.0
1744878918891425.0,-5780.53,-1841.85,0.892103,2.54235,2.42995,-0.112401,60.0
1744878918920883.0,-5780.53,-1841.85,0.892103,2.54235,2.63206,0.089716,60.0
1744878918957752.0,-5783.08,-1840.48,0.894019,2.42995,2.4154,-0.014544,60.0
1744878918985986.0,-5785.62,-1838.43,0.89574,2.63206,2.65166,0.0195915,60.0
1744878919021995.0,-5785.62,-1838.43,0.89574,2.63206,2.56411,-0.067957,60.0
1744878919049246.0,-5788.16,-1837.06,0.897659,2.65166,2.62271,-0.0289435,60.0
1744878919068450.0,-5788.16,-1837.06,0.897659,2.65166,2.7516,0.0999431,60.0
1744878919089279.0,-5790.28,-1835.02,0.898998,2.62271,2.62165,-0.00106272,60.0
1744878919110173.0,-5790.28,-1835.02,0.898998,2.62271,2.47384,-0.14887,60.0
1744878919131036.0,-5790.28,-1835.02,0.898998,2.62271,2.57138,-0.0513348,60.0
1744878919151925.0,-5792.82,-1833.65,0.900919,2.47384,2.54879,0.0749482,60.0
1744878919173042.0,-5792.82,-1833.65,0.900919,2.47384,2.59062,0.116782,60.0
1744878919193663.0,-5795.36,-1832.28,0.902842,2.54879,2.53015,-0.0186455,60.0
1744878919214516.0,-5795.36,-1832.28,0.902842,2.54879,2.58418,0.0353843,60.0
1744878919235554.0,-5797.9,-1830.24,0.904571,2.53015,2.47198,-0.0581676,60.0
1744878919256448.0,-5797.9,-1830.24,0.904571,2.53015,2.38992,-0.140223,60.0
1744878919277268.0,-5797.9,-1830.24,0.904571,2.53015,2.56805,0.0379035,60.0
1744878919299035.0,-5800.44,-1828.87,0.906497,2.38992,2.50384,0.113923,60.0
1744878919319902.0,-5800.44,-1828.87,0.906497,2.38992,2.52988,0.13996,60.0
1744878919340729.0,-5802.98,-1826.82,0.908228,2.50384,2.51187,0.008024,60.0
1744878919361842.0,-5802.98,-1826.82,0.908228,2.50384,2.56688,0.0630312,60.0
1744878919386201.0,-5802.98,-1826.82,0.908228,2.50384,2.34941,-0.154434,60.0
1744878919407617.0,-5805.52,-1825.45,0.910157,2.56688,2.64002,0.0731395,60.0
1744878919428722.0,-5805.52,-1825.45,0.910157,2.56688,2.47898,-0.0878949,60.0
1744878919450176.0,-5808.07,-1823.41,0.911892,2.64002,2.53408,-0.10594,60.0
1744878919470948.0,-5808.07,-1823.41,0.911892,2.64002,2.57866,-0.061352,60.0
1744878919492144.0,-5810.61,-1822.04,0.913823,2.53408,2.53786,0.00378308,60.0
1744878919518362.0,-5810.61,-1822.04,0.913823,2.53408,2.55224,0.0181672,60.0
1744878919547067.0,-5812.72,-1819.99,0.915174,2.55224,2.5757,0.0234538,60.0
1744878919572208.0,-5812.72,-1819.99,0.915174,2.55224,2.604,0.051759,60.0
1744878919593620.0,-5812.72,-1819.99,0.915174,2.55224,2.50241,-0.0498299,60.0
1744878919619150.0,-5815.27,-1818.62,0.917108,2.604,2.74041,0.136412,60.0
1744878919641432.0,-5815.27,-1818.62,0.917108,2.604,2.48027,-0.123732,60.0
1744878919662335.0,-5817.81,-1817.26,0.919043,2.74041,2.61386,-0.126551,60.0
1744878919684502.0,-5817.81,-1817.26,0.919043,2.74041,2.5843,-0.156116,60.0
1744878919706890.0,-5820.35,-1815.21,0.920785,2.61386,2.45505,-0.158812,60.0
1744878919728815.0,-5820.35,-1815.21,0.920785,2.61386,2.56522,-0.0486397,60.0
1744878919758873.0,-5822.89,-1813.84,0.922723,2.45505,2.58301,0.127962,60.0
1744878919785678.0,-5822.89,-1813.84,0.922723,2.45505,2.61353,0.158474,60.0
1744878919809646.0,-5825.43,-1811.8,0.924469,2.58301,2.5238,-0.0592155,60.0
1744878919831238.0,-5825.43,-1811.8,0.924469,2.58301,2.68846,0.105443,60.0
1744878919863353.0,-5827.97,-1810.43,0.92641,2.5238,2.56387,0.0400717,60.0
1744878919895189.0,-5827.97,-1810.43,0.92641,2.5238,2.62994,0.106139,60.0
1744878919920594.0,-5830.51,-1808.38,0.928158,2.56387,2.4599,-0.103974,60.0
1744878919948069.0,-5830.51,-1808.38,0.928158,2.56387,2.68106,0.117186,60.0
1744878919988097.0,-5833.06,-1807.01,0.930102,2.4599,2.59876,0.138859,60.0
1744878920028706.0,-5835.6,-1805.65,0.932046,2.68106,2.6352,-0.0458572,60.0
1744878920059766.0,-5835.6,-1805.65,0.932046,2.68106,2.61309,-0.0679684,60.0
1744878920092478.0,-5837.71,-1803.6,0.933411,2.6352,2.55486,-0.080343,60.0
1744878920124455.0,-5840.26,-1802.23,0.935358,2.61309,2.63503,0.0219461,60.0
1744878920154166.0,-5840.26,-1802.23,0.935358,2.61309,2.56599,-0.0470986,60.0
1744878920181794.0,-5842.8,-1800.18,0.937114,2.63503,2.47435,-0.160685,60.0
1744878920218227.0,-5842.8,-1800.18,0.937114,2.63503,2.60307,-0.0319617,60.0
1744878920249206.0,-5845.34,-1798.82,0.939064,2.47435,2.5753,0.100947,60.0
1744878920286671.0,-5847.88,-1797.45,0.941016,2.60307,2.44946,-0.153607,60.0
1744878920329978.0,-5850.42,-1795.4,0.942777,2.5753,2.55729,-0.0180023,60.0
1744878920358189.0,-5850.42,-1795.4,0.942777,2.5753,2.55437,-0.0209286,60.0
1744878920383879.0,-5852.96,-1794.04,0.944731,2.55729,2.51115,-0.0461386,60.0
1744878920409663.0,-5852.96,-1794.04,0.944731,2.55729,2.64551,0.0882155,60.0
1744878920436398.0,-5855.5,-1791.99,0.946495,2.51115,2.45971,-0.0514447,60.0
1744878920463800.0,-5855.5,-1791.99,0.946495,2.51115,2.53571,0.0245586,60.0
1744878920494085.0,-5858.04,-1790.62,0.948452,2.45971,2.43036,-0.0293492,60.0
1744878920519940.0,-5858.04,-1790.62,0.948452,2.45971,2.5521,0.0923859,60.0
1744878920556490.0,-5860.59,-1789.26,0.95041,2.43036,2.57608,0.145715,60.0
1744878920596091.0,-5863.13,-1787.21,0.952178,2.5521,2.45575,-0.096341,60.0
1744878920622756.0,-5863.13,-1787.21,0.952178,2.5521,2.67866,0.12656,60.0
1744878920650638.0,-5865.67,-1785.84,0.954139,2.45575,2.5939,0.138147,60.0
1744878920677738.0,-5865.67,-1785.84,0.954139,2.45575,2.38215,-0.0736051,60.0
1744878920709514.0,-5868.21,-1783.79,0.955911,2.5939,2.4879,-0.106003,60.0
1744878920764649.0,-5870.33,-1782.43,0.957484,2.38215,2.36806,-0.014088,60.0
1744878920818745.0,-5870.33,-1782.43,0.957484,2.38215,2.51156,0.129406,60.0
1744878920849636.0,-5872.87,-1780.38,0.959258,2.36806,2.49426,0.126198,60.0
1744878920889150.0,-5875.41,-1779.01,0.961225,2.51156,2.46115,-0.0504017,60.0
1744878920916755.0,-5875.41,-1779.01,0.961225,2.51156,2.48501,-0.026546,60.0
1744878920953052.0,-5877.95,-1776.96,0.963002,2.46115,2.37872,-0.0824342,60.0
1744878920997688.0,-5880.49,-1775.6,0.964971,2.48501,2.54712,0.0621139,60.0
1744878921025542.0,-5882.61,-1773.55,0.96636,2.37872,2.46606,0.0873356,60.0
1744878921071114.0,-5882.61,-1773.55,0.96636,2.37872,2.45069,0.0719676,60.0
1744878921120567.0,-5885.15,-1772.18,0.968332,2.46606,2.62895,0.162893,60.0
1744878921177205.0,-5887.69,-1770.13,0.970116,2.45069,2.56871,0.118026,60.0
1744878921206633.0,-5890.23,-1768.08,0.971901,2.62895,2.49448,-0.134472,60.0
1744878921261775.0,-5892.35,-1766.72,0.973485,2.56871,2.6941,0.125385,60.0
1744878921292325.0,-5892.35,-1766.72,0.973485,2.56871,2.47001,-0.0987018,60.0
1744878921326346.0,-5894.89,-1764.67,0.975273,2.6941,2.56979,-0.124305,60.0
1744878921370304.0,-5897.44,-1763.3,0.977252,2.47001,2.52456,0.0545493,60.0
1744878921424366.0,-5897.44,-1763.3,0.977252,2.47001,2.42912,-0.04089,60.0
1744878921463035.0,-5899.98,-1761.25,0.979043,2.52456,2.63181,0.107252,60.0
1744878921501897.0,-5902.09,-1759.89,0.980632,2.42912,2.48951,0.0603837,60.0
1744878921534828.0,-5904.64,-1757.84,0.982426,2.63181,2.48144,-0.150375,60.0
1744878921562839.0,-5904.64,-1757.84,0.982426,2.63181,2.48579,-0.146019,60.0
1744878921593209.0,-5907.18,-1756.47,0.98441,2.48144,2.4066,-0.0748328,60.0
1744878921623081.0,-5907.18,-1756.47,0.98441,2.48144,2.40972,-0.0717172,60.0
1744878921655383.0,-5909.72,-1754.42,0.986207,2.4066,2.37726,-0.0293455,60.0
1744878921703788.0,-5912.26,-1753.06,0.988194,2.40972,2.50189,0.0921684,60.0
1744878921739891.0,-5912.26,-1753.06,0.988194,2.40972,2.33909,-0.0706319,60.0
1744878921769578.0,-5914.38,-1751.01,0.989601,2.50189,2.64483,0.142946,60.0
1744878921827416.0,-5916.92,-1748.96,0.991403,2.33909,2.40775,0.0686585,60.0
1744878921891204.0,-5919.46,-1747.59,0.993394,2.64483,2.49444,-0.150392,60.0
1744878921940061.0,-5921.58,-1745.55,0.994805,2.40775,2.45874,0.0509931,60.0
1744878922017323.0,-5924.12,-1744.18,0.996798,2.49444,2.58206,0.0876203,60.0
1744878922056237.0,-5926.66,-1742.13,0.998606,2.45874,2.36938,-0.0893602,60.0
1744878922086531.0,-5926.66,-1742.13,0.998606,2.45874,2.5749,0.116163,60.0
1744878922126735.0,-5928.78,-1740.08,1.00002,2.36938,2.51556,0.146181,60.0
1744878922184770.0,-5931.32,-1738.72,1.00202,2.5749,2.69013,0.115226,60.0
1744878922215050.0,-5933.86,-1736.67,1.00383,2.51556,2.65077,0.135214,60.0
1744878922255314.0,-5936.4,-1734.62,1.00565,2.69013,2.53416,-0.155966,60.0
1744878922292256.0,-5936.4,-1734.62,1.00565,2.69013,2.68548,-0.00464971,60.0
1744878922324574.0,-5938.52,-1733.25,1.00725,2.53416,2.43052,-0.103647,60.0
1744878922376299.0,-5941.06,-1731.2,1.00907,2.68548,2.52697,-0.158505,60.0
1744878922413205.0,-5941.06,-1731.2,1.00907,2.68548,2.56689,-0.118586,60.0
1744878922439159.0,-5943.6,-1729.84,1.01107,2.52697,2.52872,0.00174289,60.0
1744878922469548.0,-5943.6,-1729.84,1.01107,2.52697,2.56671,0.0397356,60.0
1744878922518230.0,-5945.72,-1727.79,1.0125,2.52872,2.60845,0.0797296,60.0
1744878922545070.0,-5948.26,-1726.42,1.01451,2.56671,2.60318,0.0364703,60.0
1744878922578774.0,-5948.26,-1726.42,1.01451,2.56671,2.63378,0.0670652,60.0
1744878922611060.0,-5950.8,-1724.37,1.01633,2.60318,2.46086,-0.14232,60.0
1744878922641805.0,-5953.34,-1723.01,1.01834,2.63378,2.67216,0.0383837,60.0
1744878922667533.0,-5953.34,-1723.01,1.01834,2.63378,2.72528,0.0915072,60.0
1744878922710679.0,-5955.89,-1720.96,1.02017,2.67216,2.63285,-0.039311,60.0
1744878922737265.0,-5958.0,-1719.59,1.02178,2.72528,2.58172,-0.143559,60.0
1744878922767759.0,-5958.0,-1719.59,1.02178,2.72528,2.5887,-0.136579,60.0
1744878922795192.0,-5960.55,-1717.54,1.02361,2.58172,2.60447,0.0227502,60.0
1744878922824441.0,-5960.55,-1717.54,1.02361,2.58172,2.50004,-0.0816844,60.0
1744878922856737.0,-5963.09,-1716.18,1.02563,2.60447,2.59421,-0.0102641,60.0
1744878922884399.0,-5963.09,-1716.18,1.02563,2.60447,2.61864,0.0141655,60.0
1744878922919569.0,-5965.63,-1714.13,1.02746,2.59421,2.52317,-0.0710439,60.0
1744878922969188.0,-5968.17,-1712.76,1.02948,2.61864,2.5399,-0.0787351,60.0
1744878923000104.0,-5970.71,-1710.71,1.03131,2.52317,2.47821,-0.0449564,60.0
1744878923031238.0,-5970.71,-1710.71,1.03131,2.52317,2.40067,-0.122501,60.0
1744878923072132.0,-5973.25,-1709.35,1.03333,2.47821,2.44713,-0.0310793,60.0
1744878923100366.0,-5975.79,-1707.3,1.03517,2.40067,2.47245,0.0717818,60.0
1744878923143240.0,-5978.33,-1705.93,1.03719,2.44713,2.49523,0.0480983,60.0
1744878923183957.0,-5978.33,-1705.93,1.03719,2.44713,2.59871,0.151575,60.0
1744878923217371.0,-5980.45,-1704.57,1.03882,2.49523,2.50367,0.00843757,60.0
1744878923253189.0,-5980.45,-1704.57,1.03882,2.49523,2.37169,-0.123538,60.0
1744878923294292.0,-5982.99,-1702.52,1.04066,2.50367,2.63287,0.129201,60.0
1744878923323892.0,-5985.53,-1700.47,1.04251,2.37169,2.40344,0.0317487,60.0
1744878923354892.0,-5985.53,-1700.47,1.04251,2.37169,2.44717,0.0754795,60.0
1744878923392835.0,-5988.08,-1699.1,1.04454,2.40344,2.54041,0.136971,60.0
1744878923429794.0,-5990.62,-1697.05,1.04639,2.44717,2.59246,0.145291,60.0
1744878923473621.0,-5990.62,-1697.05,1.04639,2.44717,2.38722,-0.0599508,60.0
1744878923502830.0,-5992.74,-1695.69,1.04802,2.59246,2.62215,0.0296886,60.0
1744878923534432.0,-5995.28,-1693.64,1.04987,2.38722,2.49241,0.105187,60.0
1744878923566031.0,-5995.28,-1693.64,1.04987,2.38722,2.36436,-0.0228635,60.0
1744878923594525.0,-5997.82,-1692.27,1.0519,2.49241,2.58922,0.096814,60.0
1744878923622884.0,-5997.82,-1692.27,1.0519,2.49241,2.5639,0.0714969,60.0
1744878923659060.0,-6000.36,-1690.22,1.05376,2.58922,2.4475,-0.141725,60.0
1744878923715179.0,-6002.48,-1688.86,1.05539,2.5639,2.62006,0.0561533,60.0
1744878923747206.0,-6005.02,-1686.81,1.05725,2.4475,2.57487,0.127374,60.0
1744878923783157.0,-6007.56,-1684.76,1.05911,2.62006,2.47174,-0.148317,60.0
1744878923821525.0,-6007.56,-1684.76,1.05911,2.62006,2.5919,-0.0281588,60.0
1744878923851619.0,-6010.1,-1683.39,1.06115,2.47174,2.37964,-0.0920975,60.0
1744878923884765.0,-6012.22,-1681.34,1.06261,2.37964,2.52977,0.15013,60.0
1744878923937774.0,-6014.76,-1679.98,1.06466,2.37964,2.49501,0.115366,60.0
1744878923998773.0,-6017.3,-1677.93,1.06652,2.52977,2.56268,0.0329078,60.0
1744878924039456.0,-6017.3,-1677.93,1.06652,2.52977,2.4801,-0.0496678,60.0
1744878924070229.0,-6019.42,-1675.88,1.06799,2.56268,2.55844,-0.00423527,60.0
1744878924118121.0,-6021.96,-1674.51,1.07003,2.4801,2.54508,0.0649708,60.0
1744878924167352.0,-6021.96,-1674.51,1.07003,2.4801,2.4963,0.0161946,60.0
1744878924196231.0,-6024.5,-1672.46,1.0719,2.54508,2.45809,-0.0869854,60.0
1744878924227824.0,-6026.62,-1671.1,1.07355,2.4963,2.46631,-0.0299939,60.0
1744878924278402.0,-6029.16,-1669.05,1.07542,2.45809,2.54527,0.0871835,60.0
1744878924341473.0,-6031.7,-1667.0,1.0773,2.46631,2.43718,-0.0291236,60.0
1744878924370573.0,-6031.7,-1667.0,1.0773,2.46631,2.51572,0.049417,60.0
1744878924405910.0,-6034.24,-1665.63,1.07935,2.43718,2.30891,-0.128268,60.0
1744878924467644.0,-6036.36,-1663.59,1.08083,2.51572,2.61996,0.104236,60.0
1744878924510674.0,-6036.36,-1663.59,1.08083,2.51572,2.60014,0.0844223,60.0
1744878924542833.0,-6038.9,-1662.22,1.08289,2.61996,2.53266,-0.0872984,60.0
1744878924586563.0,-6041.44,-1660.17,1.08477,2.60014,2.54247,-0.0576721,60.0
1744878924636190.0,-6043.56,-1658.12,1.08625,2.53266,2.62921,0.0965509,60.0
1744878924667142.0,-6043.56,-1658.12,1.08625,2.53266,2.43082,-0.101839,60.0
1744878924705456.0,-6046.1,-1656.76,1.08831,2.62921,2.66729,0.0380804,60.0
1744878924742506.0,-6046.1,-1656.76,1.08831,2.62921,2.51927,-0.109941,60.0
1744878924772925.0,-6048.64,-1654.71,1.09019,2.66729,2.50986,-0.157426,60.0
1744878924803559.0,-6051.19,-1653.34,1.09225,2.51927,2.53695,0.017682,60.0
1744878924836152.0,-6051.19,-1653.34,1.09225,2.51927,2.52596,0.00668796,60.0
1744878924868032.0,-6053.3,-1651.29,1.09374,2.53695,2.38863,-0.148322,60.0
1744878924929158.0,-6055.84,-1649.92,1.09581,2.52596,2.64557,0.119609,60.0
1744878924959649.0,-6058.39,-1647.88,1.0977,2.38863,2.5279,0.139272,60.0
1744878925011087.0,-6058.39,-1647.88,1.0977,2.38863,2.47485,0.0862223,60.0
1744878925051082.0,-6060.93,-1646.51,1.09977,2.5279,2.47115,-0.0567537,60.0
1744878925080014.0,-6063.47,-1644.46,1.10166,2.47485,2.54877,0.0739147,60.0
1744878925107475.0,-6063.47,-1644.46,1.10166,2.47485,2.53574,0.0608932,60.0
1744878925155759.0,-6065.59,-1642.41,1.10315,2.54877,2.43906,-0.109707,60.0
1744878925188299.0,-6068.13,-1641.05,1.10522,2.53574,2.58391,0.0481612,60.0
1744878925227345.0,-6070.67,-1639.0,1.10712,2.43906,2.52223,0.0831697,60.0
1744878925268120.0,-6070.67,-1639.0,1.10712,2.43906,2.47184,0.0327856,60.0
1744878925299081.0,-6073.21,-1637.63,1.1092,2.52223,2.45791,-0.0643201,60.0
1744878925347775.0,-6075.33,-1635.58,1.1107,2.45791,2.58361,0.125701,60.0
1744878925385134.0,-6075.33,-1635.58,1.1107,2.45791,2.52854,0.0706303,60.0
1744878925441504.0,-6077.87,-1634.22,1.11277,2.58361,2.54033,-0.043282,60.0
1744878925477714.0,-6080.41,-1632.17,1.11468,2.52854,2.39008,-0.138456,60.0
1744878925515028.0,-6082.95,-1630.12,1.11659,2.39008,2.49328,0.103198,60.0
1744878925547986.0,-6082.95,-1630.12,1.11659,2.39008,2.47155,0.0814624,60.0
1744878925581518.0,-6085.07,-1628.75,1.11826,2.49328,2.59153,0.0982484,60.0
1744878925609452.0,-6085.07,-1628.75,1.11826,2.49328,2.48613,-0.00715312,60.0
1744878925646277.0,-6087.61,-1626.7,1.12017,2.59153,2.638,0.0464694,60.0
1744878925684197.0,-6090.15,-1625.34,1.12226,2.48613,2.43549,-0.050641,60.0
1744878925711887.0,-6090.15,-1625.34,1.12226,2.48613,2.60459,0.118459,60.0
1744878925742583.0,-6092.27,-1623.29,1.12376,2.43549,2.5266,0.0911103,60.0
1744878925770074.0,-6092.27,-1623.29,1.12376,2.43549,2.56216,0.126678,60.0
1744878925797128.0,-6094.81,-1621.92,1.12585,2.5266,2.47307,-0.0535258,60.0
1744878925848844.0,-6097.35,-1619.87,1.12777,2.56216,2.63832,0.0761538,60.0
1744878925878685.0,-6099.89,-1617.82,1.12969,2.47307,2.51381,0.0407436,60.0
1744878925899634.0,-6099.89,-1617.82,1.12969,2.47307,2.50776,0.0346863,60.0
1744878925920348.0,-6099.89,-1617.82,1.12969,2.47307,2.49438,0.0213111,60.0
1744878925941044.0,-6102.01,-1616.46,1.13137,2.50776,2.60732,0.0995581,60.0
1744878925961853.0,-6102.01,-1616.46,1.13137,2.50776,2.48305,-0.0247102,60.0
1744878925982630.0,-6104.55,-1614.41,1.13329,2.60732,2.48282,-0.124498,60.0
1744878926003614.0,-6104.55,-1614.41,1.13329,2.60732,2.72789,0.12057,60.0
1744878926024422.0,-6104.55,-1614.41,1.13329,2.60732,2.6245,0.0171802,60.0
1744878926045393.0,-6107.09,-1613.04,1.13539,2.72789,2.64741,-0.0804723,60.0
1744878926066446.0,-6107.09,-1613.04,1.13539,2.72789,2.58111,-0.146774,60.0
1744878926086893.0,-6109.64,-1610.99,1.13731,2.64741,2.5803,-0.0671147,60.0
1744878926107855.0,-6109.64,-1610.99,1.13731,2.64741,2.6184,-0.0290083,60.0
1744878926128609.0,-6111.75,-1609.63,1.139,2.5803,2.51826,-0.06204,60.0
1744878926149432.0,-6111.75,-1609.63,1.139,2.5803,2.53872,-0.0415773,60.0
1744878926170442.0,-6111.75,-1609.63,1.139,2.5803,2.57511,-0.00518411,60.0
1744878926191292.0,-6114.3,-1607.58,1.14093,2.53872,2.67584,0.13712,60.0
1744878926212198.0,-6114.3,-1607.58,1.14093,2.53872,2.46477,-0.0739492,60.0
1744878926233048.0,-6116.84,-1606.21,1.14303,2.67584,2.54007,-0.135774,60.0
1744878926253908.0,-6116.84,-1606.21,1.14303,2.67584,2.68845,0.0126039,60.0
1744878926274707.0,-6116.84,-1606.21,1.14303,2.67584,2.53039,-0.145451,60.0
1744878926295650.0,-6119.38,-1604.16,1.14495,2.68845,2.52537,-0.163079,60.0
1744878926316555.0,-6119.38,-1604.16,1.14495,2.68845,2.62087,-0.0675702,60.0
1744878926338172.0,-6121.92,-1602.8,1.14706,2.52537,2.62979,0.10442,60.0
1744878926358864.0,-6121.92,-1602.8,1.14706,2.52537,2.59267,0.0673017,60.0
1744878926380005.0,-6121.92,-1602.8,1.14706,2.52537,2.36265,-0.162712,60.0
1744878926400964.0,-6124.46,-1600.75,1.14899,2.59267,2.62783,0.0351653,60.0
1744878926425929.0,-6124.46,-1600.75,1.14899,2.59267,2.59083,-0.00183831,60.0
1744878926453093.0,-6126.58,-1599.38,1.15069,2.62783,2.50372,-0.124115,60.0
1744878926474267.0,-6126.58,-1599.38,1.15069,2.62783,2.68641,0.058578,60.0
1744878926500498.0,-6129.12,-1597.33,1.15262,2.50372,2.63902,0.135304,60.0
1744878926521728.0,-6129.12,-1597.33,1.15262,2.50372,2.52896,0.0252403,60.0
1744878926546110.0,-6131.66,-1595.97,1.15473,2.63902,2.54493,-0.0940959,60.0
1744878926573905.0,-6131.66,-1595.97,1.15473,2.63902,2.49364,-0.145381,60.0
1744878926601320.0,-6134.2,-1593.92,1.15667,2.54493,2.63472,0.0897976,60.0
1744878926628542.0,-6134.2,-1593.92,1.15667,2.54493,2.42147,-0.123454,60.0
1744878926650232.0,-6136.74,-1592.55,1.15878,2.63472,2.4972,-0.137519,60.0
1744878926672416.0,-6136.74,-1592.55,1.15878,2.63472,2.67106,0.0363322,60.0
1744878926695351.0,-6139.28,-1591.18,1.16089,2.4972,2.62988,0.132674,60.0
1744878926718765.0,-6139.28,-1591.18,1.16089,2.4972,2.43376,-0.0634404,60.0
1744878926748081.0,-6141.83,-1589.14,1.16283,2.62988,2.48498,-0.144901,60.0
1744878926785536.0,-6141.83,-1589.14,1.16283,2.62988,2.68912,0.0592435,60.0
1744878926810023.0,-6144.37,-1587.77,1.16495,2.48498,2.43999,-0.0449878,60.0
1744878926836767.0,-6144.37,-1587.77,1.16495,2.48498,2.57061,0.0856326,60.0
1744878926859246.0,-6146.91,-1585.72,1.1669,2.43999,2.45226,0.0122714,60.0
1744878926881008.0,-6146.91,-1585.72,1.1669,2.43999,2.60262,0.162633,60.0
1744878926903406.0,-6149.03,-1584.35,1.1686,2.45226,2.61622,0.163964,60.0
1744878926925162.0,-6149.03,-1584.35,1.1686,2.45226,2.58655,0.134292,60.0
1744878926948270.0,-6151.57,-1582.31,1.17055,2.61623,2.61851,0.00228911,60.0
1744878926971500.0,-6151.57,-1582.31,1.17055,2.61623,2.70103,0.0848009,60.0
1744878927008522.0,-6154.11,-1580.94,1.17267,2.61851,2.5898,-0.0287175,60.0
1744878927041152.0,-6154.11,-1580.94,1.17267,2.61851,2.58414,-0.0343694,60.0
1744878927067514.0,-6156.65,-1578.89,1.17463,2.5898,2.54626,-0.0435415,60.0
1744878927091291.0,-6156.65,-1578.89,1.17463,2.5898,2.58231,-0.00748326,60.0
1744878927115406.0,-6159.19,-1577.52,1.17675,2.54625,2.66715,0.120893,60.0
1744878927139442.0,-6159.19,-1577.52,1.17675,2.54625,2.65099,0.104732,60.0
1744878927162852.0,-6161.73,-1576.16,1.17887,2.66715,2.53004,-0.137107,60.0
1744878927193596.0,-6161.73,-1576.16,1.17887,2.66715,2.71741,0.0502654,60.0
1744878927219438.0,-6164.27,-1574.11,1.18083,2.53004,2.60384,0.0738004,60.0
1744878927249853.0,-6164.27,-1574.11,1.18083,2.53004,2.51981,-0.0102353,60.0
1744878927278504.0,-6166.81,-1572.74,1.18296,2.60384,2.48431,-0.119533,60.0
1744878927304354.0,-6169.36,-1570.69,1.18492,2.51981,2.51132,-0.00848145,60.0
1744878927328712.0,-6169.36,-1570.69,1.18492,2.51981,2.60954,0.0897299,60.0
1744878927357359.0,-6171.9,-1569.33,1.18705,2.51132,2.53024,0.0189168,60.0
1744878927390383.0,-6171.9,-1569.33,1.18705,2.51132,2.61442,0.103095,60.0
1744878927418669.0,-6174.02,-1567.28,1.1886,2.53024,2.42716,-0.103084,60.0
1744878927445104.0,-6174.02,-1567.28,1.1886,2.53024,2.45432,-0.0759182,60.0
1744878927471741.0,-6176.56,-1565.91,1.19073,2.42716,2.53086,0.1037,60.0
1744878927497825.0,-6176.56,-1565.91,1.19073,2.42716,2.47497,0.0478114,60.0
1744878927528474.0,-6179.1,-1564.55,1.19286,2.53086,2.46444,-0.0664183,60.0
1744878927553732.0,-6179.1,-1564.55,1.19286,2.53086,2.59671,0.0658551,60.0
1744878927584757.0,-6181.64,-1562.5,1.19483,2.46444,2.46356,-0.00088263,60.0
1744878927612420.0,-6184.18,-1561.13,1.19697,2.59671,2.61878,0.0220678,60.0
1744878927644486.0,-6184.18,-1561.13,1.19697,2.59671,2.56404,-0.0326697,60.0
1744878927682335.0,-6186.72,-1559.08,1.19894,2.61878,2.60705,-0.0117255,60.0
1744878927709609.0,-6186.72,-1559.08,1.19894,2.61878,2.59347,-0.0253081,60.0
1744878927752181.0,-6189.26,-1557.72,1.20108,2.60705,2.65322,0.046163,60.0
1744878927784911.0,-6191.8,-1555.67,1.20305,2.59347,2.53234,-0.0611289,60.0
1744878927819873.0,-6193.92,-1554.3,1.20478,2.65322,2.53676,-0.11646,60.0
1744878927868360.0,-6193.92,-1554.3,1.20478,2.65322,2.59224,-0.0609757,60.0
1744878927903350.0,-6196.46,-1552.25,1.20676,2.53676,2.43698,-0.0997738,60.0
1744878927939747.0,-6199.0,-1550.89,1.2089,2.59224,2.69589,0.10365,60.0
1744878927966217.0,-6199.0,-1550.89,1.2089,2.59224,2.55081,-0.0414325,60.0
1744878927992365.0,-6201.55,-1549.52,1.21105,2.69589,2.5693,-0.126594,60.0
1744878928029868.0,-6201.55,-1549.52,1.21105,2.69589,2.63541,-0.0604849,60.0
1744878928059079.0,-6204.09,-1547.47,1.21303,2.5693,2.44576,-0.123542,60.0
1744878928094036.0,-6206.63,-1546.11,1.21518,2.63541,2.51244,-0.12297,60.0
1744878928121369.0,-6206.63,-1546.11,1.21518,2.63541,2.53689,-0.0985153,60.0
1744878928148759.0,-6209.17,-1544.06,1.21716,2.51244,2.43122,-0.0812141,60.0
1744878928177048.0,-6209.17,-1544.06,1.21716,2.51244,2.38889,-0.123544,60.0
1744878928205436.0,-6211.71,-1542.69,1.21931,2.43122,2.59341,0.162192,60.0
1744878928243895.0,-6211.71,-1542.69,1.21931,2.43122,2.39578,-0.0354415,60.0
1744878928272145.0,-6214.25,-1541.32,1.22147,2.59341,2.60243,0.00901866,60.0
1744878928303877.0,-6216.79,-1539.28,1.22345,2.39578,2.33701,-0.0587746,60.0
1744878928356702.0,-6219.33,-1537.91,1.22561,2.60243,2.46947,-0.132959,60.0
1744878928398225.0,-6219.33,-1537.91,1.22561,2.60243,2.56194,-0.040489,60.0
1744878928444630.0,-6221.88,-1535.86,1.2276,2.46947,2.49678,0.0273038,60.0
1744878928484624.0,-6224.42,-1534.49,1.22976,2.56194,2.46933,-0.0926181,60.0
1744878928510410.0,-6224.42,-1534.49,1.22976,2.56194,2.54752,-0.0144207,60.0
1744878928536338.0,-6226.54,-1532.44,1.23134,2.46933,2.36487,-0.104457,60.0
1744878928561715.0,-6226.54,-1532.44,1.23134,2.46933,2.50214,0.0328195,60.0
1744878928592199.0,-6229.08,-1531.08,1.2335,2.36487,2.5104,0.145529,60.0
1744878928623449.0,-6229.08,-1531.08,1.2335,2.36487,2.28262,-0.0822525,60.0
1744878928660130.0,-6231.62,-1529.71,1.23566,2.5104,2.41938,-0.091021,60.0
1744878928687961.0,-6234.16,-1527.66,1.23766,2.28262,2.34322,0.0606076,60.0
1744878928716281.0,-6234.16,-1527.66,1.23766,2.28262,2.37577,0.0931529,60.0
1744878928754508.0,-6236.7,-1525.61,1.23966,2.34322,2.37732,0.0340942,60.0
1744878928783996.0,-6238.82,-1524.25,1.24142,2.37577,2.50652,0.130747,60.0
1744878928828516.0,-6238.82,-1524.25,1.24142,2.37577,2.35423,-0.0215422,60.0
1744878928866077.0,-6241.36,-1522.2,1.24342,2.50652,2.64039,0.133873,60.0
1744878928896646.0,-6243.9,-1520.83,1.24559,2.35423,2.45577,0.10154,60.0
1744878928931019.0,-6246.44,-1518.78,1.2476,2.45577,2.46181,0.00603908,60.0
1744878928964787.0,-6246.44,-1518.78,1.2476,2.45577,2.49926,0.0434938,60.0
1744878928992304.0,-6248.56,-1517.42,1.24935,2.46181,2.50339,0.0415819,60.0
1744878929028470.0,-6248.56,-1517.42,1.24935,2.46181,2.57413,0.112321,60.0
1744878929084000.0,-6251.1,-1515.37,1.25136,2.50339,2.53127,0.0278833,60.0
1744878929114921.0,-6253.64,-1513.32,1.25337,2.57413,2.55004,-0.0240873,60.0
1744878929149091.0,-6255.76,-1511.95,1.25513,2.53127,2.49992,-0.0313513,60.0
1744878929188190.0,-6258.3,-1509.9,1.25715,2.55004,2.5821,0.0320563,60.0
1744878929221494.0,-6258.3,-1509.9,1.25715,2.55004,2.52187,-0.0281703,60.0
1744878929258034.0,-6260.84,-1507.85,1.25917,2.5821,2.51352,-0.0685801,60.0
1744878929299801.0,-6263.38,-1506.49,1.26135,2.52187,2.44234,-0.079532,60.0
1744878929364326.0,-6265.5,-1504.44,1.26295,2.51352,2.48879,-0.0247222,60.0
1744878929433254.0,-6265.5,-1504.44,1.26295,2.51352,2.37683,-0.13669,60.0
1744878929464794.0,-6268.04,-1503.07,1.26513,2.48879,2.58039,0.0915976,60.0
1744878929505450.0,-6270.58,-1501.02,1.26715,2.37683,2.47685,0.100029,60.0
1744878929532541.0,-6270.58,-1501.02,1.26715,2.37683,2.39625,0.0194287,60.0
1744878929573298.0,-6272.7,-1499.66,1.26892,2.47685,2.53094,0.0540808,60.0
1744878929607885.0,-6275.24,-1497.61,1.27095,2.39625,2.51726,0.121008,60.0
1744878929636255.0,-6275.24,-1497.61,1.27095,2.39625,2.48629,0.0900377,60.0
1744878929670184.0,-6277.78,-1495.56,1.27297,2.51726,2.65027,0.133011,60.0
1744878929713449.0,-6279.9,-1494.19,1.27474,2.48629,2.61846,0.132167,60.0
1744878929746123.0,-6279.9,-1494.19,1.27474,2.48629,2.57278,0.0864873,60.0
1744878929780195.0,-6282.44,-1492.14,1.27677,2.61846,2.46409,-0.154371,60.0
1744878929810452.0,-6282.44,-1492.14,1.27677,2.61846,2.54035,-0.0781054,60.0
1744878929851107.0,-6284.98,-1490.1,1.27881,2.46409,2.38526,-0.078828,60.0
1744878929891244.0,-6287.1,-1488.73,1.28058,2.54035,2.59287,0.0525163,60.0
1744878929920326.0,-6289.64,-1486.68,1.28262,2.38526,2.31972,-0.0655416,60.0
1744878929949436.0,-6289.64,-1486.68,1.28262,2.38526,2.41917,0.0339085,60.0
1744878929988058.0,-6292.19,-1484.63,1.28465,2.31972,2.46086,0.141146,60.0
1744878930016494.0,-6292.19,-1484.63,1.28465,2.31972,2.29181,-0.0279095,60.0
1744878930043654.0,-6294.3,-1483.26,1.28643,2.46086,2.45912,-0.00174504,60.0
1744878930077055.0,-6294.3,-1483.26,1.28643,2.46086,2.46037,-0.0004942,60.0
1744878930104919.0,-6296.84,-1481.22,1.28847,2.45912,2.45868,-0.00043732,60.0
1744878930135981.0,-6296.84,-1481.22,1.28847,2.45912,2.59352,0.134404,60.0
1744878930174918.0,-6299.39,-1479.17,1.29051,2.45868,2.42093,-0.0377487,60.0
1744878930208111.0,-6301.5,-1477.8,1.29229,2.59352,2.50774,-0.0857801,60.0
1744878930251065.0,-6304.04,-1475.75,1.29434,2.42093,2.5309,0.109968,60.0
1744878930290359.0,-6304.04,-1475.75,1.29434,2.42093,2.56617,0.145237,60.0
1744878930337108.0,-6306.59,-1473.7,1.29638,2.5309,2.43683,-0.0940694,60.0
1744878930382148.0,-6308.7,-1472.34,1.29817,2.56617,2.67188,0.10571,60.0
1744878930432760.0,-6311.24,-1470.29,1.30022,2.43683,2.54905,0.112214,60.0
1744878930467065.0,-6313.36,-1468.92,1.30201,2.67188,2.58562,-0.0862619,60.0
1744878930510053.0,-6315.9,-1466.87,1.30406,2.54905,2.59079,0.0417418,60.0
1744878930549899.0,-6315.9,-1466.87,1.30406,2.54905,2.42673,-0.122313,60.0
1744878930580022.0,-6318.45,-1464.82,1.30611,2.59079,2.45581,-0.134975,60.0
1744878930615802.0,-6318.45,-1464.82,1.30611,2.59079,2.6313,0.0405088,60.0
1744878930669849.0,-6323.1,-1461.41,1.30996,2.45581,2.58679,0.130978,60.0
1744878930734798.0,-6325.65,-1459.36,1.31202,2.6313,2.56493,-0.066363,60.0
1744878930762303.0,-6325.65,-1459.36,1.31202,2.6313,2.51534,-0.115959,60.0
1744878930796900.0,-6328.19,-1457.99,1.31423,2.56493,2.48123,-0.0837021,60.0
1744878930825563.0,-6328.19,-1457.99,1.31423,2.56493,2.65269,0.0877579,60.0
1744878930864529.0,-6330.3,-1455.94,1.31587,2.48123,2.53425,0.0530161,60.0
1744878930892756.0,-6332.85,-1454.58,1.31809,2.65269,2.56826,-0.0844265,60.0
1744878930948695.0,-6335.39,-1452.53,1.32016,2.56826,2.64056,0.0722953,60.0
1744878930978838.0,-6335.39,-1452.53,1.32016,2.56826,2.58252,0.0142538,60.0
1744878931009966.0,-6337.93,-1451.16,1.32238,2.64056,2.61502,-0.0255359,60.0
1744878931043450.0,-6337.93,-1451.16,1.32238,2.64056,2.54323,-0.0973349,60.0
1744878931078217.0,-6340.05,-1449.11,1.32402,2.61502,2.54656,-0.0684635,60.0
1744878931106709.0,-6342.59,-1447.06,1.32609,2.54323,2.5434,0.000177492,60.0
1744878931146292.0,-6342.59,-1447.06,1.32609,2.54323,2.66913,0.125906,60.0
1744878931172224.0,-6345.13,-1445.7,1.32832,2.5434,2.43195,-0.111455,60.0
1744878931204592.0,-6345.13,-1445.7,1.32832,2.5434,2.65026,0.106857,60.0
1744878931235623.0,-6347.67,-1443.65,1.33039,2.43195,2.58602,0.154067,60.0
1744878931279939.0,-6350.21,-1442.28,1.33262,2.65026,2.49778,-0.152477,60.0
1744878931307311.0,-6350.21,-1442.28,1.33262,2.65026,2.56063,-0.0896258,60.0
1744878931334732.0,-6352.33,-1440.23,1.33427,2.49778,2.64948,0.151693,60.0
1744878931392778.0,-6354.87,-1438.87,1.3365,2.56063,2.67091,0.110281,60.0
1744878931421104.0,-6354.87,-1438.87,1.3365,2.56063,2.59435,0.0337152,60.0
1744878931454670.0,-6357.41,-1436.82,1.33858,2.67091,2.60275,-0.0681655,60.0
1744878931482275.0,-6357.41,-1436.82,1.33858,2.67091,2.53339,-0.137525,60.0
1744878931518183.0,-6359.95,-1435.45,1.34081,2.60275,2.64272,0.0399667,60.0
1744878931558432.0,-6362.49,-1433.4,1.34289,2.53339,2.52135,-0.0120412,60.0
1744878931592743.0,-6365.04,-1432.04,1.34513,2.64272,2.78855,0.145834,60.0
1744878931629978.0,-6365.04,-1432.04,1.34513,2.64272,2.50869,-0.134023,60.0
1744878931668233.0,-6367.15,-1429.99,1.34679,2.78855,2.62662,-0.161925,60.0
1744878931696897.0,-6369.69,-1428.62,1.34903,2.50869,2.42284,-0.0858534,60.0
1744878931724766.0,-6369.69,-1428.62,1.34903,2.50869,2.39376,-0.114934,60.0
1744878931753340.0,-6372.24,-1427.25,1.35127,2.42284,2.51873,0.0958915,60.0
1744878931782413.0,-6372.24,-1427.25,1.35127,2.42284,2.34988,-0.0729579,60.0
1744878931809448.0,-6374.78,-1425.2,1.35336,2.51873,2.55206,0.0333284,60.0
1744878931843443.0,-6374.78,-1425.2,1.35336,2.51873,2.63,0.111265,60.0
1744878931895030.0,-6377.32,-1423.84,1.3556,2.55206,2.48899,-0.0630642,60.0
1744878931947527.0,-6382.4,-1420.42,1.35994,2.63,2.67367,0.0436726,60.0
1744878931985571.0,-6382.4,-1420.42,1.35994,2.63,2.46989,-0.160105,60.0
1744878932014744.0,-6384.94,-1418.37,1.36203,2.67367,2.51402,-0.159647,60.0
1744878932051550.0,-6387.06,-1417.01,1.36385,2.46989,2.62661,0.156723,60.0
1744878932086512.0,-6387.06,-1417.01,1.36385,2.46989,2.48051,0.0106166,60.0
1744878932113892.0,-6389.6,-1414.96,1.36595,2.62661,2.61261,-0.0139996,60.0
1744878932142424.0,-6389.6,-1414.96,1.36595,2.62661,2.5646,-0.0620124,60.0
1744878932174504.0,-6392.14,-1413.59,1.3682,2.61261,2.48019,-0.132425,60.0
1744878932214251.0,-6394.68,-1412.23,1.37046,2.5646,2.59828,0.0336779,60.0
1744878932241279.0,-6394.68,-1412.23,1.37046,2.5646,2.62656,0.0619584,60.0
1744878932276096.0,-6397.22,-1410.18,1.37256,2.59828,2.53869,-0.0595937,60.0
1744878932307390.0,-6399.77,-1408.81,1.37481,2.62656,2.60956,-0.0169995,60.0
1744878932346866.0,-6399.77,-1408.81,1.37481,2.62656,2.55722,-0.0693407,60.0
1744878932396630.0,-6402.31,-1406.76,1.37692,2.60956,2.62796,0.0183954,60.0
1744878932417798.0,-6404.85,-1405.4,1.37918,2.55722,2.50977,-0.0474471,60.0
1744878932438413.0,-6404.85,-1405.4,1.37918,2.55722,2.52969,-0.0275265,60.0
1744878932459445.0,-6404.85,-1405.4,1.37918,2.55722,2.58715,0.0299299,60.0
1744878932481217.0,-6407.39,-1404.03,1.38144,2.52969,2.48834,-0.0413481,60.0
1744878932501860.0,-6407.39,-1404.03,1.38144,2.52969,2.52962,-7.01069e-05,60.0
1744878932522774.0,-6409.93,-1401.98,1.38355,2.48834,2.61079,0.122451,60.0
1744878932543721.0,-6409.93,-1401.98,1.38355,2.48834,2.54312,0.0547746,60.0
1744878932564639.0,-6409.93,-1401.98,1.38355,2.48834,2.40982,-0.0785202,60.0
1744878932585596.0,-6412.47,-1400.61,1.38581,2.54312,2.65489,0.111772,60.0
1744878932606368.0,-6412.47,-1400.61,1.38581,2.54312,2.50176,-0.0413569,60.0
1744878932627205.0,-6415.01,-1399.25,1.38807,2.65489,2.55306,-0.101835,60.0
1744878932648087.0,-6415.01,-1399.25,1.38807,2.65489,2.62688,-0.0280148,60.0
1744878932668999.0,-6417.55,-1397.2,1.39019,2.55306,2.43606,-0.116994,60.0
1744878932693548.0,-6417.55,-1397.2,1.39019,2.55306,2.54957,-0.0034828,60.0
1744878932715875.0,-6417.55,-1397.2,1.39019,2.55306,2.68446,0.131404,60.0
1744878932736855.0,-6420.1,-1395.83,1.39245,2.54957,2.56743,0.0178526,60.0
1744878932757856.0,-6420.1,-1395.83,1.39245,2.54957,2.54019,-0.00938113,60.0
1744878932778751.0,-6422.64,-1393.78,1.39457,2.56742,2.4678,-0.0996236,60.0
1744878932799683.0,-6422.64,-1393.78,1.39457,2.56742,2.58046,0.0130399,60.0
1744878932820626.0,-6424.75,-1392.42,1.39641,2.4678,2.57083,0.103033,60.0
1744878932843235.0,-6424.75,-1392.42,1.39641,2.4678,2.53588,0.0680758,60.0
1744878932864482.0,-6424.75,-1392.42,1.39641,2.4678,2.46174,-0.0060584,60.0
1744878932885711.0,-6427.3,-1391.05,1.39868,2.53588,2.61323,0.0773523,60.0
1744878932907062.0,-6427.3,-1391.05,1.39868,2.53588,2.42813,-0.107752,60.0
1744878932928259.0,-6429.84,-1389.0,1.4008,2.61323,2.44888,-0.164353,60.0
1744878932949259.0,-6429.84,-1389.0,1.4008,2.61323,2.4627,-0.150528,60.0
1744878932974754.0,-6432.38,-1387.64,1.40307,2.44888,2.50161,0.0527332,60.0
1744878933003727.0,-6432.38,-1387.64,1.40307,2.44888,2.49025,0.0413742,60.0
1744878933025091.0,-6434.92,-1385.59,1.4052,2.50161,2.48456,-0.0170538,60.0
1744878933046215.0,-6434.92,-1385.59,1.4052,2.50161,2.54141,0.0397982,60.0
1744878933067160.0,-6434.92,-1385.59,1.4052,2.50161,2.35967,-0.141938,60.0
1744878933088025.0,-6437.46,-1384.22,1.40747,2.54141,2.46224,-0.0791698,60.0
1744878933110188.0,-6437.46,-1384.22,1.40747,2.54141,2.4508,-0.0906097,60.0
1744878933139932.0,-6440.0,-1382.17,1.4096,2.46224,2.62057,0.15833,60.0
1744878933162530.0,-6440.0,-1382.17,1.4096,2.46224,2.42446,-0.0377766,60.0
1744878933188782.0,-6442.54,-1380.81,1.41188,2.62057,2.63419,0.0136229,60.0
1744878933212103.0,-6442.54,-1380.81,1.41188,2.62057,2.53532,-0.085249,60.0
1744878933239305.0,-6445.08,-1378.76,1.41401,2.63419,2.59932,-0.0348685,60.0
1744878933262088.0,-6445.08,-1378.76,1.41401,2.63419,2.54247,-0.0917192,60.0
1744878933284206.0,-6447.63,-1377.39,1.41629,2.59932,2.59628,-0.0030406,60.0
1744878933306261.0,-6447.63,-1377.39,1.41629,2.59932,2.67649,0.0771676,60.0
1744878933328959.0,-6447.63,-1377.39,1.41629,2.59932,2.58664,-0.0126864,60.0
1744878933368083.0,-6449.74,-1376.02,1.41815,2.67649,2.66323,-0.0132648,60.0
1744878933393779.0,-6452.28,-1373.97,1.42028,2.58664,2.47817,-0.10847,60.0
1744878933426372.0,-6452.28,-1373.97,1.42028,2.58664,2.5642,-0.0224369,60.0
1744878933451553.0,-6454.83,-1372.61,1.42257,2.47817,2.53165,0.0534839,60.0
1744878933483491.0,-6454.83,-1372.61,1.42257,2.47817,2.6398,0.161635,60.0
1744878933508502.0,-6457.37,-1370.56,1.42471,2.53165,2.60009,0.0684387,60.0
1744878933545118.0,-6457.37,-1370.56,1.42471,2.53165,2.5441,0.0124502,60.0
1744878933570972.0,-6459.91,-1369.19,1.42699,2.60009,2.46057,-0.139515,60.0
1744878933598390.0,-6462.45,-1367.83,1.42928,2.5441,2.44053,-0.103575,60.0
1744878933623890.0,-6462.45,-1367.83,1.42928,2.5441,2.47884,-0.0652596,60.0
1744878933654019.0,-6464.99,-1365.78,1.43143,2.44053,2.46298,0.022455,60.0
1744878933703585.0,-6464.99,-1365.78,1.43143,2.44053,2.54205,0.101523,60.0
1744878933735851.0,-6467.53,-1364.41,1.43372,2.46298,2.37076,-0.0922185,60.0
1744878933766882.0,-6470.07,-1362.36,1.43587,2.54205,2.4395,-0.102545,60.0
1744878933790154.0,-6470.07,-1362.36,1.43587,2.54205,2.52102,-0.0210311,60.0
1744878933818330.0,-6472.61,-1361.0,1.43816,2.4395,2.51515,0.075643,60.0
1744878933844537.0,-6472.61,-1361.0,1.43816,2.4395,2.51522,0.0757196,60.0
1744878933885527.0,-6474.73,-1358.95,1.43988,2.51515,2.59799,0.0828467,60.0
1744878933912403.0,-6477.27,-1357.58,1.44218,2.51522,2.419,-0.0962245,60.0
1744878933944380.0,-6477.27,-1357.58,1.44218,2.51522,2.57157,0.0563436,60.0
1744878933974007.0,-6479.81,-1355.53,1.44433,2.419,2.41979,0.000795981,60.0
1744878934016572.0,-6482.36,-1354.17,1.44663,2.57157,2.57498,0.00341701,60.0
1744878934064119.0,-6484.9,-1352.12,1.44878,2.41979,2.52965,0.109853,60.0
1744878934089732.0,-6484.9,-1352.12,1.44878,2.41979,2.46425,0.0444523,60.0
1744878934114716.0,-6487.44,-1350.75,1.45109,2.46425,2.30059,-0.163652,60.0
1744878934139745.0,-6487.44,-1350.75,1.45109,2.46425,2.5236,0.0593555,60.0
1744878934186789.0,-6489.56,-1348.7,1.45281,2.30059,2.37984,0.0792501,60.0
1744878934215523.0,-6489.56,-1348.7,1.45281,2.30059,2.43557,0.134976,60.0
1744878934241785.0,-6492.1,-1347.33,1.45512,2.37984,2.41616,0.0363152,60.0
1744878934271435.0,-6492.1,-1347.33,1.45512,2.37984,2.42305,0.0432024,60.0
1744878934316149.0,-6494.64,-1345.29,1.45728,2.41616,2.46088,0.0447192,60.0
1744878934343949.0,-6497.18,-1343.92,1.45959,2.42305,2.50186,0.0788156,60.0
1744878934372146.0,-6497.18,-1343.92,1.45959,2.42305,2.51535,0.0922986,60.0
1744878934399181.0,-6499.3,-1341.87,1.46132,2.50186,2.49118,-0.0106781,60.0
1744878934434498.0,-6499.3,-1341.87,1.46132,2.50186,2.61721,0.115343,60.0
1744878934462704.0,-6501.84,-1339.82,1.46349,2.49118,2.56786,0.0766746,60.0
1744878934499529.0,-6504.38,-1338.45,1.4658,2.61721,2.60381,-0.0133968,60.0
1744878934543937.0,-6506.5,-1336.41,1.46754,2.56786,2.47587,-0.0919919,60.0
1744878934580329.0,-6506.5,-1336.41,1.46754,2.56786,2.61106,0.0432034,60.0
1744878934609654.0,-6509.04,-1335.04,1.46985,2.47587,2.50708,0.0312178,60.0
1744878934637158.0,-6509.04,-1335.04,1.46985,2.47587,2.44003,-0.0358353,60.0
1744878934673685.0,-6511.58,-1332.99,1.47202,2.50708,2.53708,0.0299937,60.0
1744878934720764.0,-6513.7,-1330.94,1.47377,2.44003,2.42167,-0.0183613,60.0
1744878934750214.0,-6516.24,-1329.57,1.47608,2.53708,2.68707,0.149989,60.0
1744878934786260.0,-6516.24,-1329.57,1.47608,2.53708,2.59774,0.0606645,60.0
1744878934818495.0,-6518.78,-1327.53,1.47826,2.68707,2.53854,-0.148533,60.0
1744878934850928.0,-6518.78,-1327.53,1.47826,2.68707,2.561,-0.126069,60.0
1744878934885789.0,-6521.32,-1326.16,1.48058,2.53854,2.48276,-0.0557739,60.0
1744878934930933.0,-6523.44,-1324.11,1.48233,2.561,2.44161,-0.119387,60.0
1744878934981673.0,-6525.98,-1322.06,1.48451,2.48276,2.50991,0.0271443,60.0
1744878935017022.0,-6528.52,-1320.69,1.48684,2.44161,2.57903,0.137419,60.0
1744878935047129.0,-6528.52,-1320.69,1.48684,2.44161,2.51458,0.0729643,60.0
1744878935077078.0,-6531.06,-1318.64,1.48902,2.57903,2.48881,-0.0902157,60.0
1744878935115696.0,-6533.18,-1317.28,1.49091,2.51458,2.3832,-0.131371,60.0
1744878935160803.0,-6535.72,-1315.23,1.4931,2.48881,2.51669,0.0278756,60.0
1744878935188440.0,-6535.72,-1315.23,1.4931,2.48881,2.47532,-0.0134991,60.0
1744878935216867.0,-6538.26,-1313.86,1.49543,2.51669,2.54748,0.0307882,60.0
1744878935255788.0,-6538.26,-1313.86,1.49543,2.51669,2.49608,-0.0206149,60.0
1744878935283521.0,-6540.8,-1311.81,1.49763,2.54748,2.57958,0.0321033,60.0
1744878935314135.0,-6540.8,-1311.81,1.49763,2.54748,2.47404,-0.0734352,60.0
1744878935372250.0,-6542.92,-1309.76,1.49938,2.57958,2.65849,0.0789083,60.0
1744878935408759.0,-6545.46,-1308.4,1.50172,2.47404,2.55087,0.076828,60.0
1744878935446135.0,-6548.0,-1306.35,1.50391,2.65849,2.49591,-0.162585,60.0
1744878935490881.0,-6550.55,-1304.98,1.50625,2.55087,2.51112,-0.039751,60.0
1744878935553128.0,-6552.66,-1302.93,1.50801,2.49591,2.46329,-0.0326199,60.0
1744878935589644.0,-6552.66,-1302.93,1.50801,2.49591,2.61714,0.121234,60.0
1744878935621903.0,-6555.2,-1301.57,1.51035,2.46329,2.54078,0.0774918,60.0
1744878935679114.0,-6557.75,-1299.52,1.51256,2.61714,2.59525,-0.0218935,60.0
1744878935706336.0,-6557.75,-1299.52,1.51256,2.61714,2.55846,-0.0586791,60.0
1744878935745249.0,-6560.29,-1298.15,1.5149,2.59525,2.53932,-0.0559234,60.0
1744878935785333.0,-6562.83,-1296.1,1.5171,2.55846,2.59248,0.0340156,60.0
1744878935819561.0,-6562.83,-1296.1,1.5171,2.55846,2.5634,0.00494167,60.0
1744878935847826.0,-6564.95,-1294.74,1.51901,2.59248,2.55815,-0.0343275,60.0
1744878935901422.0,-6567.49,-1292.69,1.52122,2.5634,2.68021,0.116807,60.0
1744878935930549.0,-6567.49,-1292.69,1.52122,2.5634,2.63678,0.0733809,60.0
1744878935963031.0,-6570.03,-1291.32,1.52357,2.68021,2.65469,-0.0255237,60.0
1744878936005080.0,-6572.57,-1289.27,1.52578,2.63678,2.5714,-0.0653877,60.0
1744878936053612.0,-6572.57,-1289.27,1.52578,2.63678,2.74122,0.104434,60.0
1744878936083961.0,-6575.11,-1287.91,1.52813,2.5714,2.58914,0.0177457,60.0
1744878936116648.0,-6577.65,-1285.86,1.53035,2.74122,2.59659,-0.144628,60.0
1744878936170395.0,-6577.65,-1285.86,1.53035,2.74122,2.61328,-0.127942,60.0
1744878936201938.0,-6580.19,-1284.49,1.5327,2.59659,2.50584,-0.0907465,60.0
1744878936238361.0,-6582.31,-1282.44,1.53448,2.61328,2.63224,0.0189635,60.0
1744878936280528.0,-6582.31,-1282.44,1.53448,2.61328,2.4701,-0.143175,60.0
1744878936314020.0,-6584.85,-1281.07,1.53683,2.63224,2.52345,-0.108786,60.0
1744878936352087.0,-6587.39,-1279.71,1.53919,2.4701,2.5856,0.115501,60.0
1744878936383104.0,-6589.93,-1277.66,1.54141,2.5856,2.46852,-0.117086,60.0
1744878936421458.0,-6589.93,-1277.66,1.54141,2.5856,2.51934,-0.0662596,60.0
1744878936461742.0,-6592.48,-1276.29,1.54377,2.46852,2.52007,0.0515575,60.0
1744878936490592.0,-6595.02,-1274.24,1.546,2.51934,2.55509,0.035746,60.0
1744878936524865.0,-6595.02,-1274.24,1.546,2.51934,2.52896,0.00962046,60.0
1744878936561286.0,-6597.56,-1272.88,1.54836,2.55509,2.49203,-0.0630614,60.0
1744878936597186.0,-6600.1,-1270.83,1.55059,2.52896,2.42339,-0.105571,60.0
1744878936636457.0,-6600.1,-1270.83,1.55059,2.52896,2.68211,0.153148,60.0
1744878936666780.0,-6602.64,-1269.46,1.55296,2.42339,2.56514,0.14175,60.0
1744878936703759.0,-6605.18,-1268.1,1.55532,2.68211,2.60793,-0.0741753,60.0
1744878936741848.0,-6605.18,-1268.1,1.55532,2.68211,2.5681,-0.114012,60.0
1744878936796258.0,-6607.72,-1266.05,1.55756,2.60793,2.56166,-0.0462756,60.0
1744878936835658.0,-6609.84,-1264.68,1.55949,2.5681,2.7055,0.137398,60.0
1744878936861219.0,-6609.84,-1264.68,1.55949,2.5681,2.53065,-0.0374477,60.0
1744878936891019.0,-6612.38,-1262.63,1.56172,2.7055,2.63407,-0.0714276,60.0
1744878936918474.0,-6614.92,-1261.27,1.56409,2.53065,2.62698,0.0963312,60.0
1744878936948976.0,-6614.92,-1261.27,1.56409,2.53065,2.49688,-0.033775,60.0
1744878936990079.0,-6617.46,-1259.9,1.56647,2.62698,2.50242,-0.124557,60.0
1744878937048239.0,-6620.01,-1257.85,1.56871,2.49688,2.62192,0.125047,60.0
1744878937075601.0,-6622.55,-1256.48,1.57108,2.50242,2.48947,-0.0129556,60.0
1744878937114346.0,-6622.55,-1256.48,1.57108,2.50242,2.59071,0.0882837,60.0
1744878937153490.0,-6625.09,-1254.43,1.57333,2.48947,2.59276,0.103291,60.0
1744878937181442.0,-6627.63,-1253.07,1.57571,2.59071,2.54802,-0.0426844,60.0
1744878937238209.0,-6630.17,-1251.02,1.57795,2.59276,2.58709,-0.00567411,60.0
1744878937266514.0,-6630.17,-1251.02,1.57795,2.59276,2.48745,-0.105311,60.0
1744878937309996.0,-6632.71,-1249.65,1.58034,2.58709,2.46863,-0.118453,60.0
1744878937343306.0,-6635.25,-1248.29,1.58272,2.48745,2.63591,0.148457,60.0
1744878937379439.0,-6635.25,-1248.29,1.58272,2.48745,2.52278,0.0353326,60.0
1744878937407537.0,-6637.79,-1246.24,1.58497,2.63591,2.58517,-0.0507391,60.0
1744878937433220.0,-6637.79,-1246.24,1.58497,2.63591,2.61696,-0.0189466,60.0
1744878937464895.0,-6639.91,-1244.87,1.58691,2.58517,2.61535,0.0301788,60.0
1744878937491057.0,-6639.91,-1244.87,1.58691,2.58517,2.4685,-0.116663,60.0
1744878937518926.0,-6642.45,-1242.82,1.58917,2.61535,2.74671,0.131364,60.0
1744878937573103.0,-6644.99,-1241.46,1.59156,2.4685,2.41258,-0.0559208,60.0
1744878937599632.0,-6647.54,-1240.09,1.59395,2.41258,2.32157,-0.0910146,60.0
1744878937630903.0,-6647.54,-1240.09,1.59395,2.41258,2.39532,-0.0172673,60.0
1744878937668822.0,-6650.08,-1238.04,1.59621,2.32157,2.4265,0.104933,60.0
1744878937698058.0,-6650.08,-1238.04,1.59621,2.32157,2.43719,0.115618,60.0
1744878937742224.0,-6652.62,-1236.67,1.5986,2.4265,2.56302,0.13652,60.0
1744878937785293.0,-6655.16,-1234.62,1.60086,2.43719,2.54372,0.106529,60.0
1744878937820779.0,-6657.7,-1233.26,1.60326,2.56302,2.57319,0.0101693,60.0
1744878937860586.0,-6657.7,-1233.26,1.60326,2.56302,2.54769,-0.0153358,60.0
1744878937900558.0,-6659.82,-1231.21,0.605078,2.57319,2.57429,0.00109561,60.0
1744878937928571.0,-6662.36,-1229.84,0.607476,2.54769,2.55816,0.0104794,60.0
1744878937978028.0,-6664.9,-1227.79,0.609744,2.57429,2.55631,-0.0179794,60.0
1744878938035300.0,-6667.44,-1226.43,0.612145,2.55816,2.704,0.145834,60.0
1744878938070120.0,-6667.44,-1226.43,0.612145,2.55816,2.47167,-0.0864977,60.0
1744878938107076.0,-6669.98,-1224.38,0.614416,2.704,2.62959,-0.0744117,60.0
1744878938134902.0,-6669.98,-1224.38,0.614416,2.704,2.62071,-0.0832887,60.0
1744878938169592.0,-6672.53,-1223.01,0.616819,2.62959,2.5865,-0.0430822,60.0
1744878938216072.0,-6675.07,-1220.96,0.619093,2.62071,2.58439,-0.0363161,60.0
1744878938245188.0,-6677.18,-1219.6,0.621055,2.5865,2.55165,-0.0348555,60.0
1744878938275945.0,-6677.18,-1219.6,0.621055,2.5865,2.55364,-0.0328628,60.0
1744878938304267.0,-6679.73,-1217.55,0.623332,2.55165,2.50932,-0.0423281,60.0
1744878938333962.0,-6679.73,-1217.55,0.623332,2.55165,2.62499,0.0733385,60.0
1744878938366690.0,-6682.27,-1216.18,0.625741,2.50932,2.5735,0.064183,60.0
1744878938397177.0,-6684.81,-1214.81,0.628151,2.5735,2.55381,-0.0196985,60.0
1744878938436938.0,-6684.81,-1214.81,0.628151,2.5735,2.66549,0.0919813,60.0
1744878938470002.0,-6687.35,-1212.77,0.630433,2.55381,2.43355,-0.120252,60.0
1744878938501172.0,-6689.89,-1211.4,0.632846,2.66549,2.51048,-0.155005,60.0
1744878938566530.0,-6692.43,-1209.35,0.635131,2.43355,2.46477,0.0312196,60.0
1744878938633889.0,-6694.97,-1207.98,0.637547,2.46477,2.53218,0.0674105,60.0
1744878938659870.0,-6694.97,-1207.98,0.637547,2.46477,2.5937,0.128926,60.0
1744878938693301.0,-6697.51,-1205.93,0.639835,2.53218,2.39648,-0.135707,60.0
1744878938714578.0,-6697.51,-1205.93,0.639835,2.53218,2.53835,0.00616729,60.0
1744878938742355.0,-6697.51,-1205.93,0.639835,2.53218,2.60016,0.0679805,60.0
1744878938763312.0,-6700.06,-1204.57,0.642253,2.53835,2.50063,-0.0377229,60.0
1744878938785059.0,-6700.06,-1204.57,0.642253,2.53835,2.52078,-0.0175746,60.0
1744878938805773.0,-6702.17,-1203.2,0.644227,2.50063,2.56713,0.0664969,60.0
1744878938826631.0,-6702.17,-1203.2,0.644227,2.50063,2.45066,-0.0499657,60.0
1744878938847432.0,-6704.71,-1201.15,0.646519,2.56713,2.45491,-0.112219,60.0
1744878938868264.0,-6704.71,-1201.15,0.646519,2.56713,2.51161,-0.0555143,60.0
1744878938889075.0,-6704.71,-1201.15,0.646519,2.56713,2.7119,0.144777,60.0
1744878938910189.0,-6707.26,-1199.79,0.648942,2.51161,2.43376,-0.0778513,60.0
1744878938930924.0,-6707.26,-1199.79,0.648942,2.51161,2.41608,-0.0955301,60.0
1744878938952313.0,-6709.8,-1197.74,0.651237,2.43376,2.46058,0.0268212,60.0
1744878938973091.0,-6709.8,-1197.74,0.651237,2.43376,2.53548,0.101724,60.0
1744878938993937.0,-6709.8,-1197.74,0.651237,2.43376,2.43537,0.00161498,60.0
1744878939014634.0,-6712.34,-1196.37,0.653662,2.53548,2.60708,0.0715973,60.0
1744878939035373.0,-6712.34,-1196.37,0.653662,2.53548,2.52333,-0.0121523,60.0
1744878939056285.0,-6714.88,-1194.32,0.655961,2.60708,2.76598,0.158904,60.0
1744878939077035.0,-6714.88,-1194.32,0.655961,2.60708,2.56922,-0.0378563,60.0
1744878939097857.0,-6714.88,-1194.32,0.655961,2.60708,2.44631,-0.160774,60.0
1744878939118575.0,-6717.42,-1192.95,0.658389,2.56922,2.54169,-0.0275324,60.0
1744878939139425.0,-6717.42,-1192.95,0.658389,2.56922,2.65373,0.0845086,60.0
1744878939160189.0,-6719.54,-1190.91,0.660243,2.54169,2.65022,0.108529,60.0
1744878939185388.0,-6719.54,-1190.91,0.660243,2.54169,2.52975,-0.0119464,60.0
1744878939206672.0,-6722.08,-1189.54,0.662674,2.65022,2.65912,0.00890221,60.0
1744878939227418.0,-6722.08,-1189.54,0.662674,2.65022,2.50938,-0.14084,60.0
1744878939248150.0,-6722.08,-1189.54,0.662674,2.65022,2.66162,0.0113969,60.0
1744878939269491.0,-6724.62,-1187.49,0.664979,2.50938,2.57269,0.063307,60.0
1744878939290057.0,-6724.62,-1187.49,0.664979,2.50938,2.42801,-0.0813675,60.0
1744878939310646.0,-6727.16,-1186.12,0.667412,2.57269,2.50969,-0.0629961,60.0
1744878939331524.0,-6727.16,-1186.12,0.667412,2.57269,2.51404,-0.0586497,60.0
1744878939352622.0,-6729.7,-1184.07,0.66972,2.51404,2.47722,-0.0368197,60.0
1744878939373277.0,-6729.7,-1184.07,0.66972,2.51404,2.54735,0.0333085,60.0
1744878939394027.0,-6729.7,-1184.07,0.66972,2.51404,2.41458,-0.0994591,60.0
1744878939415408.0,-6732.24,-1182.71,0.672156,2.54735,2.52091,-0.0264324,60.0
1744878939435681.0,-6732.24,-1182.71,0.672156,2.54735,2.43408,-0.113272,60.0
1744878939456846.0,-6734.78,-1181.34,0.674593,2.52091,2.43477,-0.0861471,60.0
1744878939477723.0,-6734.78,-1181.34,0.674593,2.52091,2.62588,0.104961,60.0
1744878939498584.0,-6734.78,-1181.34,0.674593,2.52091,2.40893,-0.111983,60.0
1744878939519650.0,-6737.33,-1179.29,0.676906,2.62588,2.49104,-0.134834,60.0
1744878939540178.0,-6737.33,-1179.29,0.676906,2.62588,2.51679,-0.109082,60.0
1744878939560802.0,-6739.44,-1177.93,0.678897,2.49104,2.61679,0.125745,60.0
1744878939581649.0,-6739.44,-1177.93,0.678897,2.49104,2.64918,0.158139,60.0
1744878939602629.0,-6739.44,-1177.93,0.678897,2.49104,2.46841,-0.0226308,60.0
1744878939623176.0,-6741.99,-1175.88,0.681212,2.64918,2.63043,-0.0187486,60.0
1744878939643871.0,-6741.99,-1175.88,0.681212,2.64918,2.58244,-0.066737,60.0
1744878939664550.0,-6744.53,-1174.51,0.683655,2.63043,2.55669,-0.0737398,60.0
1744878939685533.0,-6744.53,-1174.51,0.683655,2.63043,2.63189,0.00145395,60.0
1744878939706070.0,-6744.53,-1174.51,0.683655,2.63043,2.47572,-0.15471,60.0
1744878939727152.0,-6747.07,-1172.46,0.685974,2.63189,2.52938,-0.102507,60.0
1744878939747967.0,-6747.07,-1172.46,0.685974,2.63189,2.53344,-0.0984421,60.0
1744878939768698.0,-6749.61,-1171.1,0.688419,2.52938,2.47493,-0.0544449,60.0
1744878939789561.0,-6749.61,-1171.1,0.688419,2.52938,2.63177,0.10239,60.0
1744878939810392.0,-6752.15,-1169.05,0.690741,2.47493,2.37388,-0.10105,60.0
1744878939831365.0,-6752.15,-1169.05,0.690741,2.47493,2.60908,0.134144,60.0
1744878939852219.0,-6752.15,-1169.05,0.690741,2.47493,2.46925,-0.00568812,60.0
1744878939873119.0,-6754.69,-1167.68,0.693189,2.60908,2.559,-0.0500781,60.0
1744878939893929.0,-6754.69,-1167.68,0.693189,2.60908,2.56219,-0.0468868,60.0
1744878939914763.0,-6757.23,-1166.31,0.695638,2.559,2.43937,-0.119628,60.0
1744878939935506.0,-6757.23,-1166.31,0.695638,2.559,2.53152,-0.0274855,60.0
1744878939956579.0,-6757.23,-1166.31,0.695638,2.559,2.63642,0.077416,60.0
1744878939977810.0,-6759.77,-1164.26,0.697965,2.53152,2.43637,-0.0951499,60.0
1744878939998094.0,-6759.77,-1164.26,0.697965,2.53152,2.39336,-0.138159,60.0
1744878940018816.0,-6762.31,-1162.9,0.700417,2.43637,2.497,0.0606335,60.0
1744878940039914.0,-6762.31,-1162.9,0.700417,2.43637,2.51432,0.0779493,60.0
1744878940060531.0,-6762.31,-1162.9,0.700417,2.43637,2.50511,0.068748,60.0
1744878940081407.0,-6764.43,-1160.85,0.702296,2.51432,2.36016,-0.154157,60.0
1744878940102255.0,-6764.43,-1160.85,0.702296,2.51432,2.61654,0.102221,60.0
1744878940123094.0,-6766.97,-1159.48,0.704751,2.36016,2.35518,-0.00497365,60.0
1744878940143814.0,-6766.97,-1159.48,0.704751,2.36016,2.38285,0.022696,60.0
1744878940164588.0,-6769.51,-1157.43,0.707083,2.35518,2.50699,0.151805,60.0
1744878940185246.0,-6769.51,-1157.43,0.707083,2.35518,2.44093,0.0857451,60.0
1744878940205924.0,-6769.51,-1157.43,0.707083,2.35518,2.3586,0.00341931,60.0
1744878940226641.0,-6772.06,-1156.07,0.709541,2.44093,2.45378,0.0128539,60.0
1744878940247495.0,-6772.06,-1156.07,0.709541,2.44093,2.50338,0.0624515,60.0
1744878940268192.0,-6774.6,-1154.02,0.711876,2.45378,2.46496,0.0111821,60.0
1744878940288817.0,-6774.6,-1154.02,0.711876,2.45378,2.59482,0.141035,60.0
1744878940309678.0,-6774.6,-1154.02,0.711876,2.45378,2.55726,0.103478,60.0
1744878940330288.0,-6776.71,-1152.65,0.713885,2.59482,2.47617,-0.118649,60.0
1744878940350980.0,-6776.71,-1152.65,0.713885,2.59482,2.59583,0.00101181,60.0
1744878940371535.0,-6779.26,-1150.6,0.716224,2.47617,2.56811,0.0919447,60.0
1744878940392254.0,-6779.26,-1150.6,0.716224,2.47617,2.61834,0.142174,60.0
1744878940413210.0,-6779.26,-1150.6,0.716224,2.47617,2.54729,0.0711224,60.0
1744878940434001.0,-6781.8,-1149.24,0.718687,2.61834,2.58455,-0.033791,60.0
1744878940454862.0,-6781.8,-1149.24,0.718687,2.61834,2.66363,0.0452847,60.0
1744878940475467.0,-6784.34,-1147.19,0.721028,2.58455,2.45296,-0.13159,60.0
1744878940496231.0,-6784.34,-1147.19,0.721028,2.58455,2.49705,-0.087496,60.0
1744878940517341.0,-6784.34,-1147.19,0.721028,2.58455,2.54069,-0.0438587,60.0
1744878940537890.0,-6786.88,-1145.82,0.723494,2.49705,2.38224,-0.114814,60.0
1744878940558851.0,-6786.88,-1145.82,0.723494,2.49705,2.52911,0.0320554,60.0
1744878940579425.0,-6789.0,-1143.77,0.725386,2.38224,2.31276,-0.0694778,60.0
1744878940600186.0,-6789.0,-1143.77,0.725386,2.38224,2.48355,0.101307,60.0
1744878940620790.0,-6791.54,-1142.4,0.727855,2.31276,2.38298,0.0702146,60.0
1744878940641414.0,-6791.54,-1142.4,0.727855,2.31276,2.43273,0.119967,60.0
1744878940662231.0,-6791.54,-1142.4,0.727855,2.31276,2.45494,0.142176,60.0
1744878940683035.0,-6794.08,-1140.35,0.730202,2.43273,2.54934,0.116612,60.0
1744878940703592.0,-6794.08,-1140.35,0.730202,2.43273,2.47774,0.045011,60.0
1744878940724222.0,-6796.62,-1138.31,0.732552,2.54934,2.50914,-0.0402063,60.0
1744878940745085.0,-6796.62,-1138.31,0.732552,2.54934,2.61641,0.0670661,60.0
1744878940766688.0,-6796.62,-1138.31,0.732552,2.54934,2.54617,-0.00317019,60.0
1744878940787459.0,-6798.74,-1136.94,0.734572,2.61641,2.64685,0.0304386,60.0
1744878940808079.0,-6798.74,-1136.94,0.734572,2.61641,2.56998,-0.0464291,60.0
1744878940828754.0,-6801.28,-1134.89,0.736924,2.64685,2.60482,-0.0420235,60.0
1744878940849637.0,-6801.28,-1134.89,0.736924,2.64685,2.63688,-0.00996682,60.0
1744878940870181.0,-6801.28,-1134.89,0.736924,2.64685,2.50982,-0.137022,60.0
1744878940891260.0,-6803.82,-1133.52,0.739399,2.63688,2.51772,-0.119157,60.0
1744878940912363.0,-6803.82,-1133.52,0.739399,2.63688,2.69905,0.0621742,60.0
1744878940933496.0,-6806.36,-1131.47,0.741754,2.51772,2.57112,0.0533968,60.0
1744878940954049.0,-6806.36,-1131.47,0.741754,2.51772,2.47377,-0.0439543,60.0
1744878940974681.0,-6808.48,-1130.11,0.743779,2.57112,2.45877,-0.112351,60.0
1744878940995387.0,-6808.48,-1130.11,0.743779,2.57112,2.58659,0.0154691,60.0
1744878941016128.0,-6808.48,-1130.11,0.743779,2.57112,2.49852,-0.0725986,60.0
1744878941036796.0,-6811.02,-1128.06,0.746137,2.58659,2.55444,-0.0321486,60.0
1744878941057610.0,-6811.02,-1128.06,0.746137,2.58659,2.69629,0.109701,60.0
1744878941078268.0,-6813.56,-1126.69,0.748618,2.55444,2.48113,-0.0733064,60.0
1744878941099172.0,-6813.56,-1126.69,0.748618,2.55444,2.61639,0.0619518,60.0
1744878941119791.0,-6813.56,-1126.69,0.748618,2.55444,2.49066,-0.0637789,60.0
1744878941140438.0,-6816.1,-1124.64,0.750979,2.61639,2.66997,0.053574,60.0
1744878941161162.0,-6816.1,-1124.64,0.750979,2.61639,2.60214,-0.0142469,60.0
1744878941181921.0,-6818.64,-1123.28,0.753462,2.66997,2.54334,-0.12663,60.0
1744878941202688.0,-6818.64,-1123.28,0.753462,2.66997,2.67418,0.00420972,60.0
1744878941223412.0,-6818.64,-1123.28,0.753462,2.66997,2.70618,0.0362188,60.0
1744878941244376.0,-6821.19,-1121.23,0.755827,2.67418,2.54953,-0.124642,60.0
1744878941265158.0,-6821.19,-1121.23,0.755827,2.67418,2.55748,-0.116695,60.0
1744878941285510.0,-6823.73,-1119.86,0.758313,2.54953,2.52574,-0.0237937,60.0
1744878941306282.0,-6823.73,-1119.86,0.758313,2.54953,2.67971,0.130174,60.0
1744878941327162.0,-6825.84,-1117.81,0.760226,2.67971,2.55433,-0.125373,60.0
1744878941347858.0,-6825.84,-1117.81,0.760226,2.67971,2.72479,0.0450786,60.0
1744878941369518.0,-6825.84,-1117.81,0.760226,2.67971,2.56946,-0.110246,60.0
1744878941390346.0,-6828.39,-1116.44,0.762715,2.72479,2.69629,-0.0284935,60.0
1744878941411044.0,-6828.39,-1116.44,0.762715,2.72479,2.72829,0.00350374,60.0
1744878941432458.0,-6830.93,-1115.08,0.765205,2.69629,2.61369,-0.0826015,60.0
1744878941453185.0,-6830.93,-1115.08,0.765205,2.69629,2.61008,-0.0862121,60.0
1744878941473983.0,-6830.93,-1115.08,0.765205,2.69629,2.63165,-0.0646404,60.0
1744878941494490.0,-6833.47,-1113.03,0.767577,2.61008,2.47149,-0.138594,60.0
1744878941515251.0,-6833.47,-1113.03,0.767577,2.61008,2.52172,-0.0883646,60.0
1744878941536170.0,-6836.01,-1111.66,0.770069,2.47149,2.60537,0.133881,60.0
1744878941556888.0,-6836.01,-1111.66,0.770069,2.47149,2.59725,0.125769,60.0
1744878941577734.0,-6836.01,-1111.66,0.770069,2.47149,2.56856,0.0970704,60.0
1744878941598265.0,-6838.55,-1109.61,0.772445,2.59726,2.50792,-0.0893339,60.0
1744878941618846.0,-6838.55,-1109.61,0.772445,2.59726,2.60061,0.00335783,60.0
1744878941639656.0,-6841.09,-1108.25,0.77494,2.50792,2.59733,0.0894053,60.0
1744878941660338.0,-6841.09,-1108.25,0.77494,2.50792,2.53921,0.0312851,60.0
1744878941681165.0,-6841.09,-1108.25,0.77494,2.50792,2.62855,0.120633,60.0
1744878941701907.0,-6843.63,-1106.88,0.777437,2.53921,2.48506,-0.0541497,60.0
1744878941722564.0,-6843.63,-1106.88,0.777437,2.53921,2.51579,-0.0234209,60.0
1744878941743235.0,-6846.17,-1104.83,0.779816,2.48506,2.59815,0.113089,60.0
1744878941764001.0,-6846.17,-1104.83,0.779816,2.48506,2.52483,0.0397733,60.0
1744878941784720.0,-6848.72,-1103.47,0.782316,2.59815,2.53096,-0.0671883,60.0
1744878941805520.0,-6848.72,-1103.47,0.782316,2.59815,2.60218,0.00403659,60.0
1744878941826219.0,-6848.72,-1103.47,0.782316,2.59815,2.67359,0.0754486,60.0
1744878941846913.0,-6851.26,-1101.42,0.784699,2.60218,2.60678,0.00459997,60.0
1744878941867754.0,-6851.26,-1101.42,0.784699,2.60218,2.45664,-0.145541,60.0
1744878941888184.0,-6853.8,-1100.05,0.787201,2.60678,2.523,-0.083779,60.0
1744878941909028.0,-6853.8,-1100.05,0.787201,2.60678,2.48623,-0.120555,60.0
1744878941930167.0,-6853.8,-1100.05,0.787201,2.60678,2.63824,0.0314547,60.0
1744878941950647.0,-6856.34,-1098.68,0.789705,2.48623,2.53462,0.0483901,60.0
1744878941971199.0,-6856.34,-1098.68,0.789705,2.48623,2.48588,-0.00035156,60.0
1744878941991826.0,-6858.88,-1096.63,0.792092,2.53462,2.43308,-0.101533,60.0
1744878942012527.0,-6858.88,-1096.63,0.792092,2.53462,2.54097,0.00635575,60.0
1744878942033160.0,-6858.88,-1096.63,0.792092,2.53462,2.65424,0.119622,60.0
1744878942053843.0,-6861.42,-1095.27,0.794598,2.54097,2.46325,-0.0777247,60.0
1744878942074663.0,-6861.42,-1095.27,0.794598,2.54097,2.38457,-0.156406,60.0
1744878942095339.0,-6863.96,-1093.22,0.796989,2.46325,2.5282,0.0649543,60.0
1744878942115954.0,-6863.96,-1093.22,0.796989,2.46325,2.60147,0.138219,60.0
1744878942136499.0,-6863.96,-1093.22,0.796989,2.46325,2.54448,0.0812308,60.0
1744878942157340.0,-6866.08,-1091.85,0.799041,2.60147,2.55596,-0.0455059,60.0
1744878942178051.0,-6866.08,-1091.85,0.799041,2.60147,2.46988,-0.131589,60.0
1744878942198791.0,-6868.62,-1090.49,0.801551,2.55596,2.51013,-0.0458328,60.0
1744878942219482.0,-6868.62,-1090.49,0.801551,2.55596,2.6243,0.0683346,60.0
1744878942240244.0,-6871.16,-1088.44,0.803946,2.51013,2.50986,-0.000267756,60.0
1744878942260941.0,-6871.16,-1088.44,0.803946,2.51013,2.47806,-0.0320645,60.0
1744878942281711.0,-6871.16,-1088.44,0.803946,2.51013,2.43074,-0.0793897,60.0
1744878942302372.0,-6873.7,-1087.07,0.806459,2.47807,2.42118,-0.0568879,60.0
1744878942323339.0,-6873.7,-1087.07,0.806459,2.47807,2.62558,0.147515,60.0
1744878942343781.0,-6876.24,-1085.02,0.808857,2.42118,2.5273,0.106126,60.0
1744878942364848.0,-6876.24,-1085.02,0.808857,2.42118,2.38109,-0.0400878,60.0
1744878942385652.0,-6876.24,-1085.02,0.808857,2.42118,2.35216,-0.0690163,60.0
1744878942406704.0,-6878.79,-1083.65,0.811373,2.38109,2.51298,0.131891,60.0
1744878942427210.0,-6878.79,-1083.65,0.811373,2.38109,2.5287,0.147614,60.0
1744878942447843.0,-6881.33,-1081.61,0.813774,2.51298,2.47166,-0.0413242,60.0
1744878942468540.0,-6881.33,-1081.61,0.813774,2.51298,2.56358,0.0506027,60.0
1744878942489184.0,-6881.33,-1081.61,0.813774,2.51298,2.50252,-0.0104579,60.0
1744878942509857.0,-6883.87,-1080.24,0.816293,2.56358,2.54703,-0.0165513,60.0
1744878942530577.0,-6883.87,-1080.24,0.816293,2.56358,2.6,0.0364168,60.0
1744878942551522.0,-6885.99,-1078.19,0.818239,2.54703,2.49988,-0.0471567,60.0
1744878942572291.0,-6885.99,-1078.19,0.818239,2.54703,2.53279,-0.0142434,60.0
1744878942592882.0,-6885.99,-1078.19,0.818239,2.54703,2.70387,0.156843,60.0
1744878942613726.0,-6888.53,-1076.82,0.82076,2.53279,2.52516,-0.00763285,60.0
1744878942634620.0,-6888.53,-1076.82,0.82076,2.53279,2.5685,0.0357092,60.0
1744878942655393.0,-6891.07,-1074.77,0.823167,2.52516,2.41633,-0.108824,60.0
1744878942676402.0,-6891.07,-1074.77,0.823167,2.52516,2.58563,0.0604767,60.0
1744878942696696.0,-6893.61,-1073.41,0.825691,2.41633,2.57931,0.162975,60.0
1744878942717425.0,-6893.61,-1073.41,0.825691,2.41633,2.55483,0.138498,60.0
1744878942738130.0,-6893.61,-1073.41,0.825691,2.41633,2.42291,0.00658103,60.0
1744878942758905.0,-6896.15,-1071.36,0.828101,2.55483,2.62787,0.0730362,60.0
1744878942779649.0,-6896.15,-1071.36,0.828101,2.55483,2.4998,-0.0550314,60.0
1744878942800083.0,-6898.69,-1069.99,0.830628,2.62787,2.59107,-0.0367919,60.0
1744878942821017.0,-6898.69,-1069.99,0.830628,2.62787,2.54461,-0.0832587,60.0
1744878942841667.0,-6898.69,-1069.99,0.830628,2.62787,2.52481,-0.103055,60.0
1744878942862342.0,-6900.81,-1067.94,0.832582,2.54461,2.55414,0.00953803,60.0
1744878942883215.0,-6900.81,-1067.94,0.832582,2.54461,2.61552,0.070915,60.0
1744878942903642.0,-6903.35,-1066.58,0.835111,2.55414,2.47384,-0.0803035,60.0
1744878942924519.0,-6903.35,-1066.58,0.835111,2.55414,2.49817,-0.0559759,60.0
1744878942945318.0,-6903.35,-1066.58,0.835111,2.55414,2.61948,0.0653311,60.0
1744878942966182.0,-6905.89,-1064.53,0.837528,2.49817,2.64481,0.146641,60.0
1744878942986763.0,-6905.89,-1064.53,0.837528,2.49817,2.52809,0.0299252,60.0
1744878943007646.0,-6908.43,-1063.16,0.84006,2.64481,2.5173,-0.127511,60.0
1744878943028371.0,-6908.43,-1063.16,0.84006,2.64481,2.48943,-0.155376,60.0
1744878943049037.0,-6910.97,-1061.11,0.84248,2.48943,2.58731,0.0978772,60.0
1744878943069852.0,-6910.97,-1061.11,0.84248,2.48943,2.48556,-0.00387601,60.0
1744878943090575.0,-6910.97,-1061.11,0.84248,2.48943,2.36336,-0.126076,60.0
1744878943111493.0,-6913.09,-1059.74,0.844554,2.48556,2.61939,0.133835,60.0
1744878943132186.0,-6913.09,-1059.74,0.844554,2.48556,2.61228,0.126722,60.0
1744878943153208.0,-6915.63,-1057.7,0.846977,2.61939,2.60557,-0.0138276,60.0
1744878943173936.0,-6915.63,-1057.7,0.846977,2.61939,2.48718,-0.13221,60.0
1744878943194399.0,-6915.63,-1057.7,0.846977,2.61939,2.46091,-0.158483,60.0
1744878943215229.0,-6918.17,-1056.33,0.849514,2.48718,2.43776,-0.0494175,60.0
1744878943235669.0,-6918.17,-1056.33,0.849514,2.48718,2.57059,0.0834116,60.0
1744878943256600.0,-6920.72,-1054.28,0.85194,2.43776,2.3177,-0.12006,60.0
1744878943277309.0,-6920.72,-1054.28,0.85194,2.43776,2.44953,0.0117632,60.0
1744878943297973.0,-6920.72,-1054.28,0.85194,2.43776,2.60074,0.162973,60.0
1744878943318482.0,-6923.26,-1052.91,0.85448,2.44953,2.4912,0.0416699,60.0
1744878943339403.0,-6923.26,-1052.91,0.85448,2.44953,2.46049,0.0109584,60.0
1744878943360108.0,-6925.8,-1050.86,0.856909,2.4912,2.57787,0.086668,60.0
1744878943380783.0,-6925.8,-1050.86,0.856909,2.4912,2.43088,-0.0603195,60.0
1744878943401707.0,-6925.8,-1050.86,0.856909,2.4912,2.58128,0.0900843,60.0
1744878943422551.0,-6927.92,-1049.5,0.85899,2.43088,2.44505,0.01417,60.0
1744878943443613.0,-6927.92,-1049.5,0.85899,2.43088,2.47845,0.0475722,60.0
1744878943464307.0,-6930.46,-1047.45,0.861422,2.44505,2.40113,-0.0439158,60.0
1744878943485041.0,-6930.46,-1047.45,0.861422,2.44505,2.5751,0.130047,60.0
1744878943505726.0,-6933.0,-1046.08,0.863968,2.40113,2.42055,0.01942,60.0
1744878943526262.0,-6933.0,-1046.08,0.863968,2.40113,2.50402,0.10289,60.0
1744878943547028.0,-6933.0,-1046.08,0.863968,2.40113,2.51637,0.115239,60.0
1744878943567696.0,-6935.54,-1044.03,0.866403,2.50402,2.57678,0.0727522,60.0
1744878943588454.0,-6935.54,-1044.03,0.866403,2.50402,2.52936,0.0253366,60.0
1744878943609049.0,-6937.66,-1042.67,0.868489,2.57678,2.56145,-0.0153225,60.0
1744878943629788.0,-6937.66,-1042.67,0.868489,2.57678,2.50429,-0.0724896,60.0
1744878943650450.0,-6937.66,-1042.67,0.868489,2.57678,2.67983,0.10306,60.0
1744878943671261.0,-6940.2,-1040.62,0.870927,2.50429,2.58949,0.0852035,60.0
1744878943692258.0,-6940.2,-1040.62,0.870927,2.50429,2.66238,0.158099,60.0
1744878943712772.0,-6942.74,-1038.57,0.873366,2.58949,2.48934,-0.100145,60.0
1744878943733380.0,-6942.74,-1038.57,0.873366,2.58949,2.4622,-0.127287,60.0
1744878943754380.0,-6942.74,-1038.57,0.873366,2.58949,2.65314,0.0636513,60.0
1744878943774770.0,-6945.28,-1037.2,0.875919,2.4622,2.47357,0.011365,60.0
1744878943795563.0,-6945.28,-1037.2,0.875919,2.4622,2.41,-0.0522024,60.0
1744878943816281.0,-6947.4,-1035.15,0.877899,2.47357,2.483,0.00943639,60.0
1744878943837038.0,-6947.4,-1035.15,0.877899,2.47357,2.60327,0.129704,60.0
1744878943857720.0,-6947.4,-1035.15,0.877899,2.47357,2.5654,0.0918277,60.0
1744878943878542.0,-6949.94,-1033.78,0.880454,2.60327,2.73089,0.127622,60.0
1744878943903873.0,-6949.94,-1033.78,0.880454,2.60327,2.69364,0.0903703,60.0
1744878943924935.0,-6952.48,-1031.74,0.882899,2.73089,2.61498,-0.11591,60.0
1744878943945637.0,-6952.48,-1031.74,0.882899,2.73089,2.62173,-0.109168,60.0
1744878943966308.0,-6955.02,-1030.37,0.885457,2.61498,2.61302,-0.00196124,60.0
1744878943986916.0,-6955.02,-1030.37,0.885457,2.61498,2.48155,-0.133433,60.0
1744878944007859.0,-6955.02,-1030.37,0.885457,2.61498,2.48273,-0.132256,60.0
1744878944028607.0,-6957.14,-1028.32,0.887442,2.48155,2.60527,0.123715,60.0
1744878944049282.0,-6957.14,-1028.32,0.887442,2.48155,2.59436,0.112815,60.0
1744878944069873.0,-6959.68,-1026.95,0.890003,2.60527,2.46716,-0.138104,60.0
1744878944090842.0,-6959.68,-1026.95,0.890003,2.60527,2.65122,0.0459559,60.0
1744878944111594.0,-6962.22,-1024.9,0.892454,2.65122,2.65223,0.00100871,60.0
1744878944132331.0,-6962.22,-1024.9,0.892454,2.65122,2.6337,-0.0175179,60.0
1744878944153075.0,-6962.22,-1024.9,0.892454,2.65122,2.53267,-0.118547,60.0
1744878944173768.0,-6964.76,-1023.54,0.895017,2.6337,2.48947,-0.144237,60.0
1744878944194197.0,-6964.76,-1023.54,0.895017,2.6337,2.50419,-0.129509,60.0
1744878944214818.0,-6967.3,-1021.49,0.897472,2.48947,2.32765,-0.161814,60.0
1744878944235744.0,-6967.3,-1021.49,0.897472,2.48947,2.36936,-0.120107,60.0
1744878944256329.0,-6967.3,-1021.49,0.897472,2.48947,2.56725,0.0777807,60.0
1744878944277222.0,-6969.84,-1020.12,0.900038,2.36936,2.32481,-0.0445508,60.0
1744878944298013.0,-6969.84,-1020.12,0.900038,2.36936,2.45446,0.0851014,60.0
1744878944318901.0,-6971.96,-1018.07,0.902032,2.32481,2.41612,0.0913102,60.0
1744878944339589.0,-6971.96,-1018.07,0.902032,2.32481,2.38762,0.0628163,60.0
1744878944360275.0,-6971.96,-1018.07,0.902032,2.32481,2.43818,0.113369,60.0
1744878944380991.0,-6974.5,-1016.02,0.904491,2.38762,2.38795,0.000330039,60.0
1744878944401693.0,-6974.5,-1016.02,0.904491,2.38762,2.53094,0.143317,60.0
1744878944422795.0,-6977.04,-1014.66,0.907061,2.38795,2.37596,-0.0119951,60.0
1744878944443119.0,-6977.04,-1014.66,0.907061,2.38795,2.39565,0.00769329,60.0
1744878944465284.0,-6977.04,-1014.66,0.907061,2.38795,2.54029,0.152331,60.0
1744878944486073.0,-6979.16,-1012.61,0.909059,2.39565,2.49647,0.10082,60.0
1744878944506727.0,-6979.16,-1012.61,0.909059,2.39565,2.49785,0.102198,60.0
1744878944527639.0,-6981.7,-1011.24,0.911631,2.49647,2.43475,-0.0617228,60.0
1744878944548169.0,-6981.7,-1011.24,0.911631,2.49647,2.43595,-0.0605151,60.0
1744878944568780.0,-6984.24,-1009.19,0.914097,2.43475,2.49836,0.0636172,60.0
1744878944589350.0,-6984.24,-1009.19,0.914097,2.43475,2.29528,-0.139464,60.0
1744878944610204.0,-6984.24,-1009.19,0.914097,2.43475,2.54408,0.109336,60.0
1744878944630946.0,-6986.79,-1007.14,0.916564,2.29528,2.30664,0.0113618,60.0
1744878944651686.0,-6986.79,-1007.14,0.916564,2.29528,2.3869,0.0916178,60.0
1744878944672625.0,-6988.9,-1005.78,0.918675,2.30664,2.41808,0.111436,60.0
1744878944693225.0,-6988.9,-1005.78,0.918675,2.30664,2.33228,0.025637,60.0
1744878944713904.0,-6988.9,-1005.78,0.918675,2.30664,2.37494,0.0683,60.0
1744878944734616.0,-6991.44,-1003.73,0.921146,2.33228,2.43077,0.098486,60.0
1744878944755623.0,-6991.44,-1003.73,0.921146,2.33228,2.47241,0.140125,60.0
1744878944776011.0,-6993.56,-1001.68,0.923152,2.43077,2.55582,0.125053,60.0
1744878944796734.0,-6993.56,-1001.68,0.923152,2.43077,2.46693,0.0361648,60.0
1744878944817779.0,-6993.56,-1001.68,0.923152,2.43077,2.58919,0.158426,60.0
1744878944838506.0,-6996.1,-1000.31,0.925732,2.46693,2.55309,0.0861632,60.0
1744878944858860.0,-6996.1,-1000.31,0.925732,2.46693,2.54162,0.0746858,60.0
1744878944879573.0,-6998.22,-998.26,0.927741,2.55309,2.55,-0.00309249,60.0
1744878944900215.0,-6998.22,-998.26,0.927741,2.55309,2.52304,-0.0300509,60.0
1744878944921058.0,-6998.22,-998.26,0.927741,2.55309,2.67154,0.118443,60.0
1744878944942133.0,-7000.76,-996.211,0.930218,2.52304,2.6095,0.0864584,60.0
1744878944962575.0,-7000.76,-996.211,0.930218,2.52304,2.64023,0.117185,60.0
1744878944983199.0,-7003.3,-994.844,0.932802,2.6095,2.57745,-0.0320555,60.0
1744878945004029.0,-7003.3,-994.844,0.932802,2.6095,2.45412,-0.155384,60.0
1744878945024415.0,-7005.42,-992.795,0.934815,2.57745,2.4789,-0.0985517,60.0
1744878945045431.0,-7005.42,-992.795,0.934815,2.57745,2.611,0.0335523,60.0
1744878945066261.0,-7005.42,-992.795,0.934815,2.57745,2.63156,0.0541139,60.0
1744878945086961.0,-7007.96,-990.745,0.937296,2.611,2.49666,-0.114344,60.0
1744878945107619.0,-7007.96,-990.745,0.937296,2.611,2.50564,-0.105362,60.0
1744878945128395.0,-7010.5,-989.379,0.939885,2.49666,2.48748,-0.00917406,60.0
1744878945148904.0,-7010.5,-989.379,0.939885,2.49666,2.56679,0.0701306,60.0
1744878945169702.0,-7010.5,-989.379,0.939885,2.49666,2.65432,0.157664,60.0
1744878945190316.0,-7012.62,-987.329,0.941902,2.56679,2.50989,-0.0568993,60.0
1744878945210858.0,-7012.62,-987.329,0.941902,2.56679,2.57262,0.00583424,60.0
1744878945231423.0,-7015.16,-985.28,0.944388,2.50989,2.46345,-0.0464344,60.0
1744878945252030.0,-7015.16,-985.28,0.944388,2.50989,2.48864,-0.0212455,60.0
1744878945272924.0,-7015.16,-985.28,0.944388,2.50989,2.62084,0.110954,60.0
1744878945293810.0,-7017.7,-983.914,0.94698,2.48864,2.48365,-0.00498937,60.0
1744878945314623.0,-7017.7,-983.914,0.94698,2.48864,2.55259,0.0639441,60.0
1744878945335154.0,-7019.82,-981.864,0.949002,2.48365,2.53491,0.0512614,60.0
1744878945356006.0,-7019.82,-981.864,0.949002,2.48365,2.55899,0.075335,60.0
1744878945376698.0,-7019.82,-981.864,0.949002,2.48365,2.41522,-0.0684305,60.0
1744878945397391.0,-7022.36,-979.814,0.951492,2.55899,2.49664,-0.0623424,60.0
1744878945418104.0,-7022.36,-979.814,0.951492,2.55899,2.47541,-0.0835771,60.0
1744878945438703.0,-7024.9,-978.448,0.954088,2.49664,2.55386,0.0572161,60.0
1744878945459373.0,-7024.9,-978.448,0.954088,2.49664,2.47614,-0.0205007,60.0
1744878945480336.0,-7027.02,-976.399,0.956114,2.55386,2.5157,-0.0381617,60.0
1744878945500780.0,-7027.02,-976.399,0.956114,2.55386,2.60721,0.0533458,60.0
1744878945521462.0,-7027.02,-976.399,0.956114,2.55386,2.49399,-0.0598667,60.0
1744878945542775.0,-7029.56,-975.032,0.958713,2.60721,2.55972,-0.0474891,60.0
1744878945563015.0,-7029.56,-975.032,0.958713,2.60721,2.56971,-0.0374979,60.0
1744878945583771.0,-7032.1,-972.983,0.961209,2.55972,2.69756,0.137844,60.0
1744878945604538.0,-7032.1,-972.983,0.961209,2.55972,2.42384,-0.135878,60.0
1744878945625307.0,-7032.1,-972.983,0.961209,2.55972,2.60088,0.0411623,60.0
1744878945646415.0,-7034.22,-970.933,0.963239,2.42384,2.35419,-0.0696452,60.0
1744878945667148.0,-7034.22,-970.933,0.963239,2.42384,2.52073,0.0968959,60.0
1744878945688364.0,-7036.76,-969.567,0.965842,2.35419,2.45125,0.0970518,60.0
1744878945709148.0,-7036.76,-969.567,0.965842,2.35419,2.31568,-0.0385177,60.0
1744878945730356.0,-7036.76,-969.567,0.965842,2.35419,2.50044,0.146248,60.0
1744878945750649.0,-7039.3,-967.517,0.968343,2.31568,2.31584,0.000159488,60.0
1744878945771218.0,-7039.3,-967.517,0.968343,2.31568,2.43117,0.115493,60.0
1744878945792250.0,-7041.42,-966.151,0.97048,2.31584,2.38524,0.0694037,60.0
1744878945812980.0,-7041.42,-966.151,0.97048,2.31584,2.42647,0.110633,60.0
1744878945833476.0,-7043.96,-964.101,0.972984,2.38524,2.48028,0.0950416,60.0
1744878945854402.0,-7043.96,-964.101,0.972984,2.38524,2.50661,0.12137,60.0
1744878945875079.0,-7043.96,-964.101,0.972984,2.38524,2.50642,0.121185,60.0
1744878945895758.0,-7046.5,-962.052,0.97549,2.50661,2.49912,-0.0074906,60.0
1744878945916861.0,-7046.5,-962.052,0.97549,2.50661,2.42457,-0.0820342,60.0
1744878945937645.0,-7048.62,-960.002,0.977528,2.49912,2.56538,0.0662619,60.0
1744878945958317.0,-7048.62,-960.002,0.977528,2.49912,2.46222,-0.0369026,60.0
1744878945979706.0,-7048.62,-960.002,0.977528,2.49912,2.66262,0.163498,60.0
1744878946000055.0,-7051.16,-958.636,0.980139,2.46222,2.62321,0.160995,60.0
1744878946020815.0,-7051.16,-958.636,0.980139,2.46222,2.57597,0.113752,60.0
1744878946041469.0,-7053.28,-956.586,0.98218,2.62321,2.63949,0.0162763,60.0
1744878946062306.0,-7053.28,-956.586,0.98218,2.62321,2.70768,0.0844655,60.0
1744878946083020.0,-7053.28,-956.586,0.98218,2.62321,2.63493,0.011723,60.0
1744878946103896.0,-7055.82,-954.537,0.984692,2.70768,2.61312,-0.0945574,60.0
1744878946124484.0,-7055.82,-954.537,0.984692,2.70768,2.63148,-0.076201,60.0
1744878946145338.0,-7058.36,-953.171,0.987307,2.61312,2.51535,-0.0977699,60.0
1744878946165806.0,-7058.36,-953.171,0.987307,2.61312,2.56012,-0.0530006,60.0
1744878946186490.0,-7058.36,-953.171,0.987307,2.61312,2.5038,-0.109318,60.0
1744878946207480.0,-7060.48,-951.121,0.989352,2.56012,2.49806,-0.0620555,60.0
1744878946228245.0,-7060.48,-951.121,0.989352,2.56012,2.52493,-0.0351896,60.0
1744878946248688.0,-7063.02,-949.755,0.99197,2.49806,2.5813,0.0832417,60.0
1744878946269570.0,-7063.02,-949.755,0.99197,2.49806,2.57721,0.0791497,60.0
1744878946290363.0,-7065.56,-947.705,0.994488,2.5813,2.50894,-0.0723616,60.0
1744878946311185.0,-7065.56,-947.705,0.994488,2.5813,2.59256,0.0112571,60.0
1744878946331798.0,-7065.56,-947.705,0.994488,2.5813,2.42709,-0.154211,60.0
1744878946352525.0,-7068.1,-945.656,0.997007,2.59256,2.60929,0.0167307,60.0
1744878946373150.0,-7068.1,-945.656,0.997007,2.59256,2.51092,-0.0816386,60.0
1744878946393790.0,-7070.22,-944.289,0.999158,2.60929,2.49054,-0.118756,60.0
1744878946414340.0,-7070.22,-944.289,0.999158,2.60929,2.71332,0.104031,60.0
1744878946435521.0,-7070.22,-944.289,0.999158,2.60929,2.47871,-0.130578,60.0
1744878946456411.0,-7072.76,-942.24,1.00168,2.71332,2.63916,-0.0741675,60.0
1744878946477290.0,-7072.76,-942.24,1.00168,2.71332,2.56497,-0.148352,60.0
1744878946497842.0,-7075.3,-940.873,1.00431,2.63916,2.64123,0.00207595,60.0
1744878946518403.0,-7075.3,-940.873,1.00431,2.63916,2.66605,0.0268922,60.0
1744878946539257.0,-7075.3,-940.873,1.00431,2.63916,2.48108,-0.158071,60.0
1744878946559981.0,-7077.85,-938.824,1.00683,2.66605,2.64838,-0.0176664,60.0
1744878946581064.0,-7077.85,-938.824,1.00683,2.66605,2.57658,-0.0894688,60.0
1744878946601670.0,-7080.39,-937.457,1.00946,2.64838,2.59574,-0.052639,60.0
1744878946621993.0,-7080.39,-937.457,1.00946,2.64838,2.69541,0.0470305,60.0
1744878946642835.0,-7082.5,-935.408,1.01152,2.69541,2.54054,-0.154875,60.0
1744878946663566.0,-7082.5,-935.408,1.01152,2.69541,2.55393,-0.141478,60.0
1744878946684261.0,-7082.5,-935.408,1.01152,2.69541,2.68258,-0.0128277,60.0
1744878946705051.0,-7085.05,-934.042,1.01415,2.55393,2.52882,-0.0251108,60.0
1744878946725782.0,-7085.05,-934.042,1.01415,2.55393,2.67067,0.116738,60.0
1744878946746762.0,-7087.59,-931.992,1.01668,2.52882,2.57412,0.0452915,60.0
1744878946767462.0,-7087.59,-931.992,1.01668,2.52882,2.55256,0.0237341,60.0
1744878946787824.0,-7087.59,-931.992,1.01668,2.52882,2.52471,-0.00411122,60.0
1744878946808898.0,-7090.13,-930.626,1.01931,2.55256,2.53272,-0.0198365,60.0
1744878946829318.0,-7090.13,-930.626,1.01931,2.55256,2.47937,-0.0731835,60.0
1744878946850063.0,-7092.67,-928.576,1.02185,2.53272,2.6254,0.0926831,60.0
1744878946870688.0,-7092.67,-928.576,1.02185,2.53272,2.67955,0.14683,60.0
1744878946891390.0,-7092.67,-928.576,1.02185,2.53272,2.48278,-0.0499361,60.0
1744878946912041.0,-7095.21,-927.21,1.02448,2.67955,2.54268,-0.136871,60.0
1744878946933018.0,-7095.21,-927.21,1.02448,2.67955,2.83486,0.155304,60.0
1744878946953827.0,-7097.75,-925.844,1.02712,2.54268,2.43728,-0.1054,60.0
1744878946974448.0,-7097.75,-925.844,1.02712,2.54268,2.41242,-0.130261,60.0
1744878946995388.0,-7097.75,-925.844,1.02712,2.54268,2.48351,-0.0591663,60.0
1744878947016084.0,-7100.29,-923.794,1.02966,2.41242,2.41863,0.00620702,60.0
1744878947036854.0,-7100.29,-923.794,1.02966,2.41242,2.44462,0.0321968,60.0
1744878947057366.0,-7102.41,-922.428,1.03182,2.41863,2.41936,0.000731995,60.0
1744878947078180.0,-7102.41,-922.428,1.03182,2.41863,2.4526,0.0339746,60.0
1744878947098867.0,-7104.95,-920.378,1.03437,2.41936,2.34726,-0.072098,60.0
1744878947119563.0,-7104.95,-920.378,1.03437,2.41936,2.57721,0.157857,60.0
1744878947140203.0,-7104.95,-920.378,1.03437,2.41936,2.39035,-0.0290052,60.0
1744878947160990.0,-7107.49,-919.012,1.03701,2.57722,2.56769,-0.00952877,60.0
1744878947181830.0,-7107.49,-919.012,1.03701,2.57722,2.649,0.0717859,60.0
1744878947202593.0,-7110.03,-916.962,1.03955,2.56769,2.67631,0.108619,60.0
1744878947223509.0,-7110.03,-916.962,1.03955,2.56769,2.628,0.0603106,60.0
1744878947244185.0,-7110.03,-916.962,1.03955,2.56769,2.48784,-0.0798452,60.0
1744878947264801.0,-7112.57,-915.596,1.0422,2.628,2.76953,0.141533,60.0
1744878947285369.0,-7112.57,-915.596,1.0422,2.628,2.69297,0.0649715,60.0
1744878947306232.0,-7115.12,-913.546,1.04475,2.76953,2.72399,-0.0455427,60.0
1744878947326943.0,-7115.12,-913.546,1.04475,2.76953,2.61099,-0.15854,60.0
1744878947347656.0,-7115.12,-913.546,1.04475,2.76953,2.62514,-0.144394,60.0
1744878947368254.0,-7117.66,-912.18,1.0474,2.61099,2.61954,0.00854999,60.0
1744878947388976.0,-7117.66,-912.18,1.0474,2.61099,2.60475,-0.00623528,60.0
1744878947409647.0,-7119.77,-910.13,1.04947,2.61954,2.52272,-0.096817,60.0
1744878947430522.0,-7119.77,-910.13,1.04947,2.61954,2.60676,-0.0127791,60.0
1744878947451497.0,-7119.77,-910.13,1.04947,2.61954,2.5766,-0.0429352,60.0
1744878947472219.0,-7122.32,-908.764,1.05212,2.60676,2.46675,-0.14001,60.0
1744878947495125.0,-7122.32,-908.764,1.05212,2.60676,2.59249,-0.0142684,60.0
1744878947515767.0,-7124.86,-907.398,1.05477,2.46675,2.50188,0.0351323,60.0
1744878947536486.0,-7124.86,-907.398,1.05477,2.46675,2.38019,-0.0865606,60.0
1744878947556940.0,-7127.4,-905.348,1.05733,2.50188,2.43255,-0.0693352,60.0
1744878947577971.0,-7127.4,-905.348,1.05733,2.50188,2.47299,-0.0288888,60.0
1744878947598763.0,-7127.4,-905.348,1.05733,2.50188,2.35991,-0.141977,60.0
1744878947619385.0,-7129.94,-903.982,1.05999,2.47299,2.52579,0.0527981,60.0
1744878947640489.0,-7129.94,-903.982,1.05999,2.47299,2.43892,-0.034076,60.0
1744878947660941.0,-7132.48,-901.932,1.06254,2.52579,2.67556,0.149771,60.0
1744878947681682.0,-7132.48,-901.932,1.06254,2.52579,2.56933,0.0435331,60.0
1744878947702443.0,-7132.48,-901.932,1.06254,2.52579,2.49902,-0.0267712,60.0
1744878947723043.0,-7135.02,-900.566,1.0652,2.56933,2.59145,0.0221227,60.0
1744878947743781.0,-7135.02,-900.566,1.0652,2.56933,2.61831,0.0489874,60.0
1744878947764600.0,-7137.56,-898.516,1.06776,2.59145,2.68219,0.0907432,60.0
1744878947785280.0,-7137.56,-898.516,1.06776,2.59145,2.52526,-0.0661853,60.0
1744878947806103.0,-7137.56,-898.516,1.06776,2.59145,2.45158,-0.139865,60.0
1744878947826741.0,-7140.1,-897.15,1.07042,2.52526,2.54239,0.0171313,60.0
1744878947847394.0,-7140.1,-897.15,1.07042,2.52526,2.6771,0.151838,60.0
1744878947868120.0,-7142.22,-895.1,1.07251,2.54239,2.4966,-0.0457949,60.0
1744878947888895.0,-7142.22,-895.1,1.07251,2.54239,2.60295,0.0605569,60.0
1744878947909692.0,-7144.76,-893.734,1.07518,2.4966,2.50679,0.0101891,60.0
1744878947930113.0,-7144.76,-893.734,1.07518,2.4966,2.47499,-0.0216114,60.0
1744878947950959.0,-7144.76,-893.734,1.07518,2.4966,2.50515,0.00855457,60.0
1744878947971669.0,-7147.3,-891.684,1.07774,2.47499,2.37717,-0.0978164,60.0
1744878947992390.0,-7147.3,-891.684,1.07774,2.47499,2.55917,0.0841835,60.0
1744878948015075.0,-7149.84,-890.318,1.08041,2.37717,2.46775,0.0905761,60.0
1744878948035826.0,-7149.84,-890.318,1.08041,2.37717,2.49412,0.116953,60.0
1744878948056492.0,-7149.84,-890.318,1.08041,2.37717,2.48768,0.110509,60.0
1744878948077207.0,-7152.39,-888.269,1.08298,2.49412,2.586,0.0918776,60.0
1744878948097931.0,-7152.39,-888.269,1.08298,2.49412,2.55245,0.0583253,60.0
1744878948118696.0,-7154.93,-886.902,1.08565,2.586,2.65657,0.0705647,60.0
1744878948139319.0,-7154.93,-886.902,1.08565,2.586,2.56248,-0.0235204,60.0
1744878948160049.0,-7154.93,-886.902,1.08565,2.586,2.6928,0.106801,60.0
1744878948180715.0,-7157.04,-884.853,1.08775,2.56248,2.56304,0.000556837,60.0
1744878948201430.0,-7157.04,-884.853,1.08775,2.56248,2.60394,0.0414577,60.0
1744878948222102.0,-7159.59,-883.486,1.09042,2.56304,2.55474,-0.00830044,60.0
1744878948242909.0,-7159.59,-883.486,1.09042,2.56304,2.66967,0.106634,60.0
1744878948263689.0,-7159.59,-883.486,1.09042,2.56304,2.62448,0.0614448,60.0
1744878948284396.0,-7162.13,-882.12,1.09309,2.66967,2.64151,-0.0281659,60.0
1744878948304984.0,-7162.13,-882.12,1.09309,2.66967,2.80898,0.139306,60.0
1744878948325616.0,-7164.67,-880.07,1.09567,2.64151,2.6085,-0.0330083,60.0
1744878948346440.0,-7164.67,-880.07,1.09567,2.64151,2.50636,-0.135142,60.0
1744878948367091.0,-7167.21,-878.704,1.09834,2.6085,2.46073,-0.147766,60.0
1744878948387544.0,-7167.21,-878.704,1.09834,2.6085,2.5583,-0.0501948,60.0
1744878948409158.0,-7167.21,-878.704,1.09834,2.6085,2.61377,0.00527032,60.0
1744878948429811.0,-7169.75,-876.654,1.10093,2.5583,2.47711,-0.0811947,60.0
1744878948450536.0,-7169.75,-876.654,1.10093,2.5583,2.67324,0.114934,60.0
1744878948471282.0,-7172.29,-875.288,1.1036,2.47711,2.63136,0.154248,60.0
1744878948492007.0,-7172.29,-875.288,1.1036,2.47711,2.60869,0.131586,60.0
1744878948512812.0,-7172.29,-875.288,1.1036,2.47711,2.45263,-0.024481,60.0
1744878948533299.0,-7174.83,-873.238,1.10619,2.60869,2.59931,-0.0093821,60.0
1744878948553843.0,-7174.83,-873.238,1.10619,2.60869,2.52784,-0.0808496,60.0
1744878948574443.0,-7176.95,-871.872,1.10839,2.59931,2.50524,-0.0940714,60.0
1744878948595373.0,-7176.95,-871.872,1.10839,2.59931,2.48644,-0.112873,60.0
1744878948616332.0,-7176.95,-871.872,1.10839,2.59931,2.63489,0.0355784,60.0
1744878948637212.0,-7179.49,-869.823,1.11098,2.48644,2.5452,0.0587575,60.0
1744878948658061.0,-7179.49,-869.823,1.11098,2.48644,2.51252,0.0260791,60.0
1744878948678789.0,-7182.03,-868.456,1.11366,2.5452,2.64791,0.102715,60.0
1744878948699749.0,-7182.03,-868.456,1.11366,2.5452,2.6413,0.0961083,60.0
1744878948720388.0,-7184.57,-867.09,1.11635,2.6413,2.57647,-0.064834,60.0
1744878948741113.0,-7184.57,-867.09,1.11635,2.6413,2.64654,0.00523746,60.0
1744878948761766.0,-7184.57,-867.09,1.11635,2.6413,2.51311,-0.1282,60.0
1744878948782359.0,-7187.11,-865.04,1.11894,2.64654,2.54603,-0.100516,60.0
1744878948802826.0,-7187.11,-865.04,1.11894,2.64654,2.49312,-0.153423,60.0
1744878948823743.0,-7189.66,-863.674,1.12163,2.54603,2.64461,0.0985889,60.0
1744878948844756.0,-7189.66,-863.674,1.12163,2.54603,2.47697,-0.0690534,60.0
1744878948865314.0,-7189.66,-863.674,1.12163,2.54603,2.54775,0.00172614,60.0
1744878948886244.0,-7192.2,-861.624,1.12422,2.47697,2.54609,0.0691151,60.0
1744878948906974.0,-7192.2,-861.624,1.12422,2.47697,2.37911,-0.0978633,60.0
1744878948928045.0,-7194.74,-860.258,1.12691,2.54609,2.66908,0.122994,60.0
1744878948948985.0,-7194.74,-860.258,1.12691,2.54609,2.57612,0.0300347,60.0
1744878948969899.0,-7194.74,-860.258,1.12691,2.54609,2.5027,-0.0433872,60.0
1744878948990733.0,-7197.28,-858.208,1.12951,2.57612,2.68073,0.104604,60.0
1744878949011658.0,-7197.28,-858.208,1.12951,2.57612,2.57064,-0.00548065,60.0
1744878949032531.0,-7199.82,-856.842,1.1322,2.68073,2.61369,-0.067036,60.0
1744878949053399.0,-7199.82,-856.842,1.1322,2.68073,2.5372,-0.143528,60.0
1744878949074315.0,-7199.82,-856.842,1.1322,2.68073,2.66948,-0.0112454,60.0
1744878949095164.0,-7201.94,-855.476,1.13442,2.5372,2.55985,0.0226467,60.0
1744878949116162.0,-7201.94,-855.476,1.13442,2.5372,2.5186,-0.0185968,60.0
1744878949137890.0,-7204.48,-853.426,1.13702,2.55985,2.65635,0.0965087,60.0
1744878949158401.0,-7204.48,-853.426,1.13702,2.55985,2.60851,0.0486678,60.0
1744878949179451.0,-7207.02,-852.06,1.13972,2.65635,2.49638,-0.159969,60.0
1744878949199882.0,-7207.02,-852.06,1.13972,2.65635,2.53501,-0.121341,60.0
1744878949220819.0,-7207.02,-852.06,1.13972,2.65635,2.53103,-0.125321,60.0
1744878949241735.0,-7209.56,-850.01,1.14232,2.53501,2.54103,0.00601567,60.0
1744878949262692.0,-7209.56,-850.01,1.14232,2.53501,2.59231,0.0572932,60.0
1744878949283526.0,-7212.1,-848.644,1.14502,2.54103,2.44851,-0.0925225,60.0
1744878949304296.0,-7212.1,-848.644,1.14502,2.54103,2.68935,0.14832,60.0
1744878949325091.0,-7212.1,-848.644,1.14502,2.54103,2.66132,0.120293,60.0
1744878949347813.0,-7214.64,-847.277,1.14772,2.68935,2.788,0.0986495,60.0
1744878949369057.0,-7214.64,-847.277,1.14772,2.68935,2.59521,-0.0941353,60.0
1744878949389930.0,-7217.18,-845.228,1.15034,2.788,2.63709,-0.150908,60.0
1744878949410610.0,-7217.18,-845.228,1.15034,2.788,2.63309,-0.154913,60.0
1744878949431609.0,-7219.73,-843.861,1.15304,2.63709,2.67353,0.0364422,60.0
1744878949452006.0,-7219.73,-843.861,1.15304,2.63709,2.63726,0.000164713,60.0
1744878949472932.0,-7219.73,-843.861,1.15304,2.63709,2.6307,-0.00639269,60.0
1744878949493619.0,-7222.27,-842.495,1.15574,2.63725,2.61804,-0.0192187,60.0
1744878949514512.0,-7222.27,-842.495,1.15574,2.63725,2.50311,-0.134149,60.0
1744878949535081.0,-7224.81,-840.445,1.15836,2.61804,2.64606,0.0280269,60.0
1744878949555834.0,-7224.81,-840.445,1.15836,2.61804,2.5643,-0.0537324,60.0
1744878949576434.0,-7224.81,-840.445,1.15836,2.61804,2.71286,0.0948266,60.0
1744878949597258.0,-7227.35,-839.079,1.16107,2.5643,2.60792,0.0436204,60.0
1744878949619473.0,-7227.35,-839.079,1.16107,2.5643,2.57304,0.00873478,60.0
1744878949640463.0,-7229.89,-837.713,1.16377,2.60792,2.49618,-0.111742,60.0
1744878949660952.0,-7229.89,-837.713,1.16377,2.60792,2.4672,-0.140721,60.0
1744878949681662.0,-7229.89,-837.713,1.16377,2.60792,2.49347,-0.114453,60.0
1744878949702575.0,-7232.43,-835.663,1.16639,2.4672,2.51121,0.0440016,60.0
1744878949723314.0,-7232.43,-835.663,1.16639,2.4672,2.52588,0.0586746,60.0
1744878949743939.0,-7234.97,-834.297,1.16911,2.51121,2.36249,-0.148714,60.0
1744878949764592.0,-7234.97,-834.297,1.16911,2.51121,2.48727,-0.0239333,60.0
1744878949785267.0,-7237.51,-832.93,1.17182,2.36249,2.36046,-0.00202701,60.0
1744878949805990.0,-7237.51,-832.93,1.17182,2.36249,2.43217,0.0696789,60.0
1744878949826736.0,-7237.51,-832.93,1.17182,2.36249,2.48436,0.121872,60.0
1744878949847297.0,-7240.05,-830.881,1.17444,2.43217,2.51373,0.0815623,60.0
1744878949868159.0,-7240.05,-830.881,1.17444,2.43217,2.40549,-0.026678,60.0
1744878949888808.0,-7242.6,-829.514,1.17716,2.51373,2.55329,0.0395583,60.0
1744878949909540.0,-7242.6,-829.514,1.17716,2.51373,2.66851,0.154774,60.0
1744878949930365.0,-7242.6,-829.514,1.17716,2.51373,2.48822,-0.0255106,60.0
1744878949951384.0,-7245.14,-827.465,1.17979,2.66851,2.58125,-0.0872591,60.0
1744878949972219.0,-7245.14,-827.465,1.17979,2.66851,2.71258,0.0440706,60.0
1744878949992910.0,-7247.68,-826.098,1.1825,2.58125,2.44542,-0.135826,60.0
1744878950013820.0,-7247.68,-826.098,1.1825,2.58125,2.5948,0.0135536,60.0
1744878950034452.0,-7247.68,-826.098,1.1825,2.58125,2.48983,-0.0914173,60.0
1744878950055119.0,-7250.22,-824.732,1.18522,2.5948,2.53835,-0.0564537,60.0
1744878950075977.0,-7250.22,-824.732,1.18522,2.5948,2.49569,-0.0991157,60.0
1744878950096690.0,-7252.76,-822.682,1.18786,2.53835,2.67448,0.136134,60.0
1744878950117495.0,-7252.76,-822.682,1.18786,2.53835,2.5747,0.0363573,60.0
1744878950138060.0,-7252.76,-822.682,1.18786,2.53835,2.53005,-0.00829815,60.0
1744878950158927.0,-7255.3,-821.316,1.19058,2.5747,2.48169,-0.093013,60.0
1744878950179667.0,-7255.3,-821.316,1.19058,2.5747,2.60735,0.0326458,60.0
1744878950200399.0,-7257.84,-819.266,1.19321,2.48169,2.52326,0.0415696,60.0
1744878950221215.0,-7257.84,-819.266,1.19321,2.48169,2.41644,-0.0652532,60.0
1744878950241807.0,-7259.96,-817.9,1.19546,2.52326,2.46431,-0.0589469,60.0
1744878950262517.0,-7259.96,-817.9,1.19546,2.52326,2.63359,0.110324,60.0
1744878950283157.0,-7259.96,-817.9,1.19546,2.52326,2.55493,0.0316731,60.0
1744878950303698.0,-7262.5,-816.534,1.19818,2.63359,2.67889,0.045305,60.0
1744878950324263.0,-7262.5,-816.534,1.19818,2.63359,2.52871,-0.104874,60.0
1744878950345032.0,-7265.04,-814.484,1.20082,2.67889,2.55478,-0.124109,60.0
1744878950365827.0,-7265.04,-814.484,1.20082,2.67889,2.66086,-0.018029,60.0
1744878950386407.0,-7265.04,-814.484,1.20082,2.67889,2.59454,-0.0843493,60.0
1744878950407210.0,-7267.58,-813.118,1.20355,2.66086,2.6374,-0.0234592,60.0
1744878950428346.0,-7267.58,-813.118,1.20355,2.66086,2.54652,-0.114342,60.0
1744878950449041.0,-7270.12,-811.068,1.20619,2.6374,2.57616,-0.0612371,60.0
1744878950469509.0,-7270.12,-811.068,1.20619,2.6374,2.72381,0.0864086,60.0
1744878950490217.0,-7270.12,-811.068,1.20619,2.6374,2.58849,-0.0489118,60.0
1744878950510830.0,-7272.67,-809.702,1.20893,2.72381,2.58131,-0.142496,60.0
1744878950531751.0,-7272.67,-809.702,1.20893,2.72381,2.61533,-0.108479,60.0
1744878950552051.0,-7275.21,-808.335,1.21166,2.58131,2.44321,-0.138104,60.0
1744878950572961.0,-7275.21,-808.335,1.21166,2.58131,2.54859,-0.0327266,60.0
1744878950593765.0,-7275.21,-808.335,1.21166,2.58131,2.68236,0.101042,60.0
1744878950614412.0,-7277.75,-806.286,1.21431,2.54859,2.65945,0.110861,60.0
1744878950635757.0,-7277.75,-806.286,1.21431,2.54859,2.59889,0.0502994,60.0
1744878950656276.0,-7280.29,-804.919,1.21704,2.65945,2.69254,0.0330921,60.0
1744878950677246.0,-7280.29,-804.919,1.21704,2.65945,2.66183,0.00238318,60.0
1744878950697674.0,-7282.83,-803.553,1.21978,2.69254,2.704,0.0114575,60.0
1744878950718697.0,-7282.83,-803.553,1.21978,2.69254,2.66851,-0.0240324,60.0
1744878950739842.0,-7282.83,-803.553,1.21978,2.69254,2.71268,0.0201429,60.0
1744878950760562.0,-7285.37,-801.503,1.22243,2.66851,2.58709,-0.0814235,60.0
1744878950781828.0,-7285.37,-801.503,1.22243,2.66851,2.72252,0.0540083,60.0
1744878950802149.0,-7287.91,-800.137,1.22517,2.58709,2.72075,0.133668,60.0
1744878950823131.0,-7287.91,-800.137,1.22517,2.58709,2.55745,-0.0296403,60.0
1744878950843701.0,-7287.91,-800.137,1.22517,2.58709,2.43091,-0.156176,60.0
1744878950864482.0,-7290.45,-798.771,1.22791,2.55745,2.51441,-0.0430391,60.0
1744878950885274.0,-7290.45,-798.771,1.22791,2.55745,2.46164,-0.0958073,60.0
1744878950906168.0,-7292.99,-797.404,1.23066,2.51441,2.40107,-0.113338,60.0
1744878950927145.0,-7292.99,-797.404,1.23066,2.51441,2.36066,-0.153748,60.0
1744878950947960.0,-7292.99,-797.404,1.23066,2.51441,2.56699,0.0525844,60.0
1744878950968654.0,-7295.54,-795.355,1.23331,2.36066,2.2504,-0.110256,60.0
1744878950989559.0,-7295.54,-795.355,1.23331,2.36066,2.48169,0.12103,60.0
1744878951010303.0,-7298.08,-793.988,1.23606,2.2504,2.40888,0.15848,60.0
1744878951031077.0,-7298.08,-793.988,1.23606,2.2504,2.38692,0.136517,60.0
1744878951051870.0,-7300.62,-792.622,1.23881,2.40888,2.40421,-0.00467144,60.0
1744878951072453.0,-7300.62,-792.622,1.23881,2.40888,2.57028,0.161399,60.0
1744878951093341.0,-7300.62,-792.622,1.23881,2.40888,2.48874,0.0798579,60.0
1744878951114067.0,-7303.16,-790.572,1.24147,2.57028,2.47682,-0.0934666,60.0
1744878951134724.0,-7303.16,-790.572,1.24147,2.57028,2.59075,0.0204681,60.0
1744878951155408.0,-7305.7,-789.206,1.24422,2.47682,2.50719,0.0303709,60.0
1744878951176409.0,-7305.7,-789.206,1.24422,2.47682,2.4458,-0.0310132,60.0
1744878951196986.0,-7305.7,-789.206,1.24422,2.47682,2.54662,0.0698011,60.0
1744878951217821.0,-7308.24,-787.156,1.24688,2.4458,2.58873,0.142924,60.0
1744878951238541.0,-7308.24,-787.156,1.24688,2.4458,2.53057,0.0847637,60.0
1744878951259327.0,-7310.78,-785.79,1.24964,2.58873,2.56997,-0.0187569,60.0
1744878951279932.0,-7310.78,-785.79,1.24964,2.58873,2.57232,-0.0164095,60.0
1744878951300649.0,-7310.78,-785.79,1.24964,2.58873,2.6271,0.038373,60.0
1744878951321369.0,-7313.32,-783.74,1.2523,2.57232,2.49625,-0.076064,60.0
1744878951342001.0,-7313.32,-783.74,1.2523,2.57232,2.6493,0.0769817,60.0
1744878951362633.0,-7315.86,-782.374,1.25506,2.49625,2.57561,0.0793625,60.0
1744878951383443.0,-7315.86,-782.374,1.25506,2.49625,2.50743,0.0111797,60.0
1744878951404311.0,-7318.41,-781.007,1.25782,2.50743,2.49353,-0.0139003,60.0
1744878951425622.0,-7318.41,-781.007,1.25782,2.50743,2.54578,0.0383452,60.0
1744878951447978.0,-7318.41,-781.007,1.25782,2.50743,2.56355,0.0561131,60.0
1744878951468797.0,-7320.95,-778.958,1.26049,2.54578,2.47865,-0.0671307,60.0
1744878951489256.0,-7320.95,-778.958,1.26049,2.54578,2.49634,-0.0494326,60.0
1744878951509827.0,-7323.49,-777.591,1.26325,2.47865,2.45172,-0.0269252,60.0
1744878951530425.0,-7323.49,-777.591,1.26325,2.47865,2.56325,0.0846067,60.0
1744878951551239.0,-7323.49,-777.591,1.26325,2.47865,2.59674,0.118092,60.0
1744878951572008.0,-7325.61,-775.542,1.26544,2.56325,2.55834,-0.00491315,60.0
1744878951592740.0,-7325.61,-775.542,1.26544,2.56325,2.55925,-0.00400392,60.0
1744878951613367.0,-7328.15,-774.175,1.2682,2.55834,2.45034,-0.107998,60.0
1744878951634227.0,-7328.15,-774.175,1.2682,2.55834,2.55451,-0.00383266,60.0
1744878951654903.0,-7328.15,-774.175,1.2682,2.55834,2.54789,-0.0104537,60.0
1744878951675617.0,-7330.69,-772.126,1.27088,2.55451,2.60898,0.05447,60.0
1744878951696397.0,-7330.69,-772.126,1.27088,2.55451,2.63606,0.0815482,60.0
1744878951717225.0,-7333.23,-770.759,1.27364,2.60898,2.53422,-0.0747587,60.0
1744878951738002.0,-7333.23,-770.759,1.27364,2.60898,2.49831,-0.110672,60.0
1744878951758626.0,-7335.77,-768.709,1.27633,2.53422,2.43933,-0.0948862,60.0
1744878951779478.0,-7335.77,-768.709,1.27633,2.53422,2.41292,-0.121302,60.0
1744878951799977.0,-7335.77,-768.709,1.27633,2.53422,2.40832,-0.125899,60.0
1744878951820940.0,-7338.31,-767.343,1.27909,2.41292,2.27,-0.142916,60.0
1744878951841624.0,-7338.31,-767.343,1.27909,2.41292,2.25501,-0.157907,60.0
1744878951862119.0,-7340.85,-765.977,1.28186,2.27,2.12018,-0.149819,60.0
1744878951882922.0,-7340.85,-765.977,1.28186,2.27,2.26806,-0.0019355,60.0
1744878951903590.0,-7340.85,-765.977,1.28186,2.27,2.1648,-0.1052,60.0
1744878951924453.0,-7342.97,-763.927,1.28406,2.26806,2.1139,-0.154168,60.0
1744878951945355.0,-7342.97,-763.927,1.28406,2.26806,2.1047,-0.163369,60.0
1744878951966272.0,-7345.51,-761.877,1.28675,2.1139,1.98419,-0.129704,60.0
1744878951987074.0,-7345.51,-761.877,1.28675,2.1139,1.95684,-0.15706,60.0
1744878952007634.0,-7345.51,-761.877,1.28675,2.1139,1.96629,-0.147603,60.0
1744878952028429.0,-7348.05,-760.511,1.28952,1.95684,1.79557,-0.161266,60.0
1744878952049135.0,-7348.05,-760.511,1.28952,1.95684,1.79747,-0.159365,60.0
1744878952069835.0,-7350.59,-758.461,1.29221,1.79557,1.70076,-0.0948146,60.0
1744878952090778.0,-7350.59,-758.461,1.29221,1.79557,1.69121,-0.104362,60.0
1744878952111339.0,-7350.59,-758.461,1.29221,1.79557,1.78712,-0.00844835,60.0
1744878952131954.0,-7352.71,-757.095,1.2945,1.69121,1.69356,0.00234933,60.0
1744878952152840.0,-7352.71,-757.095,1.2945,1.69121,1.73705,0.0458427,60.0
1744878952173424.0,-7355.25,-755.045,1.29719,1.69356,1.74425,0.050693,60.0
1744878952194078.0,-7355.25,-755.045,1.29719,1.69356,1.62055,-0.0730111,60.0
1744878952214910.0,-7357.79,-752.995,1.29989,1.74425,1.67607,-0.0681859,60.0
1744878952235783.0,-7357.79,-752.995,1.29989,1.74425,1.62927,-0.114978,60.0
1744878952256461.0,-7357.79,-752.995,1.29989,1.74425,1.67479,-0.0694572,60.0
1744878952277066.0,-7359.91,-751.629,1.30218,1.62927,1.50465,-0.124619,60.0
1744878952297803.0,-7359.91,-751.629,1.30218,1.62927,1.67624,0.0469652,60.0
1744878952318597.0,-7362.45,-749.579,1.30488,1.50465,1.5398,0.035145,60.0
1744878952339334.0,-7362.45,-749.579,1.30488,1.50465,1.65192,0.147263,60.0
1744878952359983.0,-7362.45,-749.579,1.30488,1.50465,1.60866,0.104007,60.0
1744878952380679.0,-7364.57,-747.53,1.30709,1.65192,1.65511,0.00318821,60.0
1744878952401484.0,-7364.57,-747.53,1.30709,1.65192,1.73203,0.0801153,60.0
1744878952422399.0,-7367.11,-745.48,1.30979,1.65511,1.54595,-0.109152,60.0
1744878952443251.0,-7367.11,-745.48,1.30979,1.65511,1.631,-0.0241011,60.0
1744878952464204.0,-7367.11,-745.48,1.30979,1.65511,1.79985,0.144748,60.0
1744878952484879.0,-7369.23,-743.43,1.31201,1.631,1.4829,-0.148102,60.0
1744878952505566.0,-7369.23,-743.43,1.31201,1.631,1.77513,0.144122,60.0
1744878952526277.0,-7371.35,-742.064,1.3143,1.4829,1.53757,0.0546678,60.0
1744878952546856.0,-7371.35,-742.064,1.3143,1.4829,1.58873,0.105823,60.0
1744878952567695.0,-7371.35,-742.064,1.3143,1.4829,1.63179,0.148888,60.0
1744878952588409.0,-7373.89,-740.014,1.31701,1.58873,1.69323,0.104506,60.0
1744878952609096.0,-7373.89,-740.014,1.31701,1.58873,1.60104,0.0123148,60.0
1744878952629884.0,-7376.0,-737.964,1.31923,1.69323,1.6921,-0.00112767,60.0
1744878952650598.0,-7376.0,-737.964,1.31923,1.69323,1.70217,0.00893757,60.0
1744878952671288.0,-7378.12,-735.915,1.32145,1.6921,1.64276,-0.0493433,60.0
1744878952691927.0,-7378.12,-735.915,1.32145,1.6921,1.70615,0.0140486,60.0
1744878952712659.0,-7378.12,-735.915,1.32145,1.6921,1.65371,-0.0383897,60.0
1744878952733359.0,-7380.66,-733.865,1.32416,1.70615,1.74273,0.0365752,60.0
1744878952754162.0,-7380.66,-733.865,1.32416,1.70615,1.73282,0.0266638,60.0
1744878952774929.0,-7382.78,-731.815,1.32638,1.74273,1.73688,-0.00584637,60.0
1744878952795449.0,-7382.78,-731.815,1.32638,1.74273,1.84353,0.100799,60.0
1744878952816267.0,-7382.78,-731.815,1.32638,1.74273,1.64329,-0.0994408,60.0
1744878952836769.0,-7384.9,-729.765,1.32861,1.84353,1.79432,-0.049202,60.0
1744878952857915.0,-7384.9,-729.765,1.32861,1.84353,1.83917,-0.00435824,60.0
1744878952878583.0,-7387.02,-727.716,1.33083,1.79432,1.7033,-0.091024,60.0
1744878952899061.0,-7387.02,-727.716,1.33083,1.79432,1.67026,-0.124064,60.0
1744878952920088.0,-7387.02,-727.716,1.33083,1.79432,1.6546,-0.139727,60.0
1744878952940540.0,-7389.13,-725.666,1.33306,1.67026,1.68737,0.0171085,60.0
1744878952961457.0,-7389.13,-725.666,1.33306,1.67026,1.5996,-0.0706634,60.0
1744878952982086.0,-7391.25,-723.616,1.33529,1.68737,1.79919,0.111824,60.0
1744878953002820.0,-7391.25,-723.616,1.33529,1.68737,1.70981,0.0224391,60.0
1744878953023492.0,-7391.25,-723.616,1.33529,1.68737,1.6169,-0.0704662,60.0
1744878953044217.0,-7393.37,-721.566,1.33752,1.70981,1.81506,0.105251,60.0
1744878953065189.0,-7393.37,-721.566,1.33752,1.70981,1.55932,-0.15049,60.0
1744878953085905.0,-7395.49,-718.833,1.33967,1.81506,1.86515,0.0500912,60.0
1744878953107965.0,-7395.49,-718.833,1.33967,1.81506,1.84322,0.028163,60.0
1744878953128908.0,-7397.6,-716.784,1.3419,1.86515,1.9616,0.0964521,60.0
1744878953149560.0,-7397.6,-716.784,1.3419,1.86515,1.74123,-0.12392,60.0
1744878953170289.0,-7397.6,-716.784,1.3419,1.86515,1.76302,-0.102126,60.0
1744878953190965.0,-7399.72,-714.734,1.34414,1.74123,1.72018,-0.0210524,60.0
1744878953211616.0,-7399.72,-714.734,1.34414,1.74123,1.66408,-0.0771476,60.0
1744878953232321.0,-7401.84,-712.684,1.34637,1.72018,1.66872,-0.0514551,60.0
1744878953252977.0,-7401.84,-712.684,1.34637,1.72018,1.6799,-0.0402782,60.0
1744878953273677.0,-7401.84,-712.684,1.34637,1.72018,1.6827,-0.037472,60.0
1744878953294186.0,-7403.53,-710.634,1.34811,1.6799,1.78061,0.100717,60.0
1744878953314765.0,-7403.53,-710.634,1.34811,1.6799,1.76079,0.0808916,60.0
1744878953335777.0,-7405.65,-707.901,1.35028,1.78061,1.71214,-0.0684754,60.0
1744878953356289.0,-7405.65,-707.901,1.35028,1.78061,1.79746,0.0168417,60.0
1744878953376932.0,-7405.65,-707.901,1.35028,1.78061,1.72906,-0.0515532,60.0
1744878953397621.0,-7407.77,-705.851,1.35251,1.79746,1.81757,0.0201168,60.0
1744878953418199.0,-7407.77,-705.851,1.35251,1.79746,1.80419,0.00673871,60.0
1744878953439173.0,-7409.46,-703.802,1.35426,1.81757,1.775,-0.042572,60.0
1744878953459940.0,-7409.46,-703.802,1.35426,1.81757,1.72307,-0.0945039,60.0
1744878953480462.0,-7411.58,-701.069,1.35643,1.775,1.71828,-0.0567201,60.0
1744878953500987.0,-7411.58,-701.069,1.35643,1.775,1.70157,-0.0734282,60.0
1744878953521794.0,-7411.58,-701.069,1.35643,1.775,1.66439,-0.110608,60.0
1744878953542380.0,-7413.7,-699.019,1.35867,1.70157,1.57502,-0.126553,60.0
1744878953563198.0,-7413.7,-699.019,1.35867,1.70157,1.73847,0.0368945,60.0
1744878953583792.0,-7415.39,-696.969,1.36042,1.57502,1.72726,0.152238,60.0
1744878953604443.0,-7415.39,-696.969,1.36042,1.57502,1.59989,0.0248754,60.0
1744878953625394.0,-7415.39,-696.969,1.36042,1.57502,1.65002,0.0749963,60.0
1744878953645869.0,-7417.51,-694.236,1.36259,1.59989,1.65152,0.05163,60.0
1744878953666662.0,-7417.51,-694.236,1.36259,1.59989,1.67079,0.0708968,60.0
1744878953687083.0,-7419.2,-692.186,1.36435,1.65152,1.61123,-0.0402958,60.0
1744878953707878.0,-7419.2,-692.186,1.36435,1.65152,1.75302,0.101496,60.0
1744878953728604.0,-7419.2,-692.186,1.36435,1.65152,1.66406,0.0125333,60.0
1744878953749234.0,-7420.9,-689.453,1.36603,1.75302,1.72284,-0.0301789,60.0
1744878953769785.0,-7420.9,-689.453,1.36603,1.75302,1.73508,-0.0179445,60.0
1744878953790388.0,-7423.02,-687.403,1.36828,1.72284,1.65765,-0.0651932,60.0
1744878953810950.0,-7423.02,-687.403,1.36828,1.72284,1.64125,-0.0815906,60.0
1744878953831778.0,-7423.02,-687.403,1.36828,1.72284,1.70349,-0.0193514,60.0
1744878953854000.0,-7424.71,-684.67,1.36996,1.64125,1.62785,-0.0133974,60.0
1744878953874942.0,-7424.71,-684.67,1.36996,1.64125,1.69998,0.0587299,60.0
1744878953895978.0,-7426.4,-682.62,1.37172,1.62785,1.71299,0.085137,60.0
1744878953916607.0,-7426.4,-682.62,1.37172,1.62785,1.76115,0.133293,60.0
1744878953937522.0,-7428.1,-679.887,1.37341,1.71299,1.71749,0.00449823,60.0
1744878953958040.0,-7428.1,-679.887,1.37341,1.71299,1.7412,0.0282054,60.0
1744878953978478.0,-7428.1,-679.887,1.37341,1.71299,1.81854,0.105547,60.0
1744878953999485.0,-7430.22,-677.838,1.37566,1.7412,1.74841,0.00721216,60.0
1744878954020241.0,-7430.22,-677.838,1.37566,1.7412,1.65396,-0.0872346,60.0
1744878954041099.0,-7431.91,-675.104,1.37735,1.74841,1.74682,-0.00158988,60.0
1744878954061881.0,-7431.91,-675.104,1.37735,1.74841,1.6671,-0.0813082,60.0
1744878954082878.0,-7431.91,-675.104,1.37735,1.74841,1.77193,0.0235246,60.0
1744878954104081.0,-7433.6,-673.055,1.37912,1.6671,1.57947,-0.0876267,60.0
1744878954124936.0,-7433.6,-673.055,1.37912,1.6671,1.74714,0.080035,60.0
1744878954145787.0,-7435.3,-670.322,1.38081,1.57947,1.64133,0.0618538,60.0
1744878954166294.0,-7435.3,-670.322,1.38081,1.57947,1.70874,0.129271,60.0
1744878954187118.0,-7435.3,-670.322,1.38081,1.57947,1.61155,0.0320771,60.0
1744878954207740.0,-7436.99,-667.588,1.3825,1.70874,1.72864,0.0198921,60.0
1744878954228924.0,-7436.99,-667.588,1.3825,1.70874,1.57202,-0.136724,60.0
1744878954249831.0,-7438.69,-665.539,1.38427,1.72864,1.80749,0.0788567,60.0
1744878954270328.0,-7438.69,-665.539,1.38427,1.72864,1.63709,-0.0915515,60.0
1744878954291019.0,-7439.96,-662.805,1.38547,1.80749,1.74287,-0.0646251,60.0
1744878954311969.0,-7439.96,-662.805,1.38547,1.80749,1.91091,0.103417,60.0
1744878954332506.0,-7439.96,-662.805,1.38547,1.80749,1.88858,0.081087,60.0
1744878954353248.0,-7441.65,-660.072,1.38717,1.91091,1.78229,-0.128622,60.0
1744878954373987.0,-7441.65,-660.072,1.38717,1.91091,1.74946,-0.161447,60.0
1744878954394383.0,-7443.35,-658.023,1.38894,1.78229,1.65617,-0.126123,60.0
1744878954415429.0,-7443.35,-658.023,1.38894,1.78229,1.71044,-0.0718522,60.0
1744878954436551.0,-7443.35,-658.023,1.38894,1.78229,1.9286,0.146313,60.0
1744878954457189.0,-7445.04,-655.289,1.39064,1.71044,1.60971,-0.100723,60.0
1744878954477782.0,-7445.04,-655.289,1.39064,1.71044,1.76273,0.0522962,60.0
1744878954498296.0,-7446.31,-652.556,1.39185,1.60971,1.46936,-0.140353,60.0
1744878954519200.0,-7446.31,-652.556,1.39185,1.60971,1.76756,0.157851,60.0
1744878954539939.0,-7446.31,-652.556,1.39185,1.60971,1.76345,0.153739,60.0
1744878954560565.0,-7448.01,-649.823,1.39356,1.76756,1.66527,-0.102298,60.0
1744878954581379.0,-7448.01,-649.823,1.39356,1.76756,1.83141,0.0638406,60.0
1744878954601904.0,-7449.28,-647.09,1.39477,1.66527,1.61328,-0.0519872,60.0
1744878954622619.0,-7449.28,-647.09,1.39477,1.66527,1.74159,0.0763204,60.0
1744878954643744.0,-7449.28,-647.09,1.39477,1.66527,1.76723,0.101963,60.0
1744878954665109.0,-7450.97,-645.04,1.39654,1.74159,1.72183,-0.0197557,60.0
1744878954685706.0,-7450.97,-645.04,1.39654,1.74159,1.61817,-0.123418,60.0
1744878954706188.0,-7452.24,-642.307,1.39776,1.72183,1.66353,-0.058306,60.0
1744878954727005.0,-7452.24,-642.307,1.39776,1.72183,1.65597,-0.0658647,60.0
1744878954747591.0,-7453.94,-639.574,1.39947,1.66353,1.6785,0.0149713,60.0
1744878954768525.0,-7453.94,-639.574,1.39947,1.66353,1.65085,-0.0126757,60.0
1744878954789114.0,-7453.94,-639.574,1.39947,1.66353,1.63862,-0.0249082,60.0
1744878954809977.0,-7455.21,-636.841,1.40068,1.65085,1.67254,0.0216918,60.0
1744878954830375.0,-7455.21,-636.841,1.40068,1.65085,1.67839,0.0275367,60.0
1744878954851169.0,-7456.48,-634.108,1.4019,1.67254,1.69806,0.0255234,60.0
1744878954871655.0,-7456.48,-634.108,1.4019,1.67254,1.74251,0.0699732,60.0
1744878954892394.0,-7456.48,-634.108,1.4019,1.67254,1.80111,0.12857,60.0
1744878954913208.0,-7458.17,-631.375,1.40362,1.74251,1.71015,-0.0323679,60.0
1744878954933958.0,-7458.17,-631.375,1.40362,1.74251,1.68167,-0.0608403,60.0
1744878954954726.0,-7459.44,-628.641,1.40484,1.71015,1.63683,-0.0733141,60.0
1744878954975500.0,-7459.44,-628.641,1.40484,1.71015,1.73593,0.0257884,60.0
1744878954995885.0,-7459.44,-628.641,1.40484,1.71015,1.64004,-0.0701113,60.0
1744878955016617.0,-7460.71,-625.908,1.40606,1.73593,1.64933,-0.086601,60.0
1744878955037265.0,-7460.71,-625.908,1.40606,1.73593,1.74464,0.00870285,60.0
1744878955058279.0,-7461.98,-623.175,1.40728,1.64933,1.62471,-0.0246209,60.0
1744878955078950.0,-7461.98,-623.175,1.40728,1.64933,1.57261,-0.076727,60.0
1744878955099822.0,-7463.25,-621.125,1.40857,1.57261,1.70502,0.132408,60.0
1744878955120363.0,-7463.25,-621.125,1.40857,1.57261,1.73238,0.159773,60.0
1744878955140945.0,-7463.25,-621.125,1.40857,1.57261,1.64927,0.0766659,60.0
1744878955161812.0,-7464.52,-618.392,1.4098,1.73238,1.68765,-0.0447347,60.0
1744878955182340.0,-7464.52,-618.392,1.4098,1.73238,1.71613,-0.0162504,60.0
1744878955203157.0,-7465.79,-615.659,1.41103,1.68765,1.52517,-0.162475,60.0
1744878955223942.0,-7465.79,-615.659,1.41103,1.68765,1.61653,-0.0711201,60.0
1744878955244627.0,-7465.79,-615.659,1.41103,1.68765,1.77709,0.0894478,60.0
1744878955265114.0,-7467.07,-612.926,1.41226,1.61653,1.73703,0.120504,60.0
1744878955286101.0,-7467.07,-612.926,1.41226,1.61653,1.75909,0.142563,60.0
1744878955306903.0,-7468.34,-610.193,1.41349,1.73703,1.63676,-0.100265,60.0
1744878955327433.0,-7468.34,-610.193,1.41349,1.73703,1.67741,-0.0596183,60.0
1744878955348173.0,-7468.34,-610.193,1.41349,1.73703,1.58929,-0.147742,60.0
1744878955368845.0,-7469.61,-606.776,1.41465,1.67741,1.65772,-0.0196886,60.0
1744878955389516.0,-7469.61,-606.776,1.41465,1.67741,1.55282,-0.124588,60.0
1744878955410364.0,-7470.45,-604.043,1.41539,1.65772,1.51206,-0.145666,60.0
1744878955431257.0,-7470.45,-604.043,1.41539,1.65772,1.7992,0.141481,60.0
1744878955451935.0,-7470.45,-604.043,1.41539,1.65772,1.51097,-0.146752,60.0
1744878955472559.0,-7471.72,-601.31,1.41662,1.7992,1.71782,-0.0813814,60.0
1744878955493319.0,-7471.72,-601.31,1.41662,1.7992,1.72713,-0.0720746,60.0
1744878955514059.0,-7473.0,-598.577,1.41786,1.71782,1.82762,0.109795,60.0
1744878955535121.0,-7473.0,-598.577,1.41786,1.71782,1.78467,0.0668461,60.0
1744878955555905.0,-7473.84,-595.843,1.4186,1.82762,1.81988,-0.0077391,60.0
1744878955576725.0,-7473.84,-595.843,1.4186,1.82762,1.82094,-0.00667561,60.0
1744878955597360.0,-7473.84,-595.843,1.4186,1.82762,1.71124,-0.116381,60.0
1744878955618048.0,-7475.11,-593.11,1.41984,1.82094,1.72537,-0.0955673,60.0
1744878955638650.0,-7475.11,-593.11,1.41984,1.82094,1.66331,-0.157631,60.0
1744878955659412.0,-7475.96,-590.377,1.42058,1.72537,1.70883,-0.0165406,60.0
1744878955679972.0,-7475.96,-590.377,1.42058,1.72537,1.62011,-0.105264,60.0
1744878955702860.0,-7475.96,-590.377,1.42058,1.72537,1.77691,0.0515346,60.0
1744878955723572.0,-7477.23,-587.644,1.42182,1.62011,1.65224,0.0321268,60.0
1744878955744324.0,-7477.23,-587.644,1.42182,1.62011,1.53462,-0.0854885,60.0
1744878955765011.0,-7478.08,-584.911,1.42257,1.65224,1.68138,0.0291416,60.0
1744878955785748.0,-7478.08,-584.911,1.42257,1.65224,1.55823,-0.0940119,60.0
1744878955806474.0,-7478.08,-584.911,1.42257,1.65224,1.62094,-0.0312978,60.0
1744878955827429.0,-7478.93,-582.177,1.42331,1.55823,1.66699,0.108765,60.0
1744878955848329.0,-7478.93,-582.177,1.42331,1.55823,1.65643,0.0982086,60.0
1744878955868849.0,-7480.2,-578.761,1.4245,1.66699,1.67311,0.00611686,60.0
1744878955889534.0,-7480.2,-578.761,1.4245,1.66699,1.59401,-0.0729828,60.0
1744878955910174.0,-7481.04,-576.028,1.42525,1.67311,1.66323,-0.00987901,60.0
1744878955931155.0,-7481.04,-576.028,1.42525,1.67311,1.7295,0.0563953,60.0
1744878955952066.0,-7481.04,-576.028,1.42525,1.67311,1.57771,-0.0954002,60.0
1744878955972901.0,-7481.89,-573.295,1.426,1.7295,1.77847,0.0489646,60.0
1744878955993587.0,-7481.89,-573.295,1.426,1.7295,1.60829,-0.121216,60.0
1744878956014503.0,-7482.74,-570.561,1.42675,1.77847,1.75191,-0.026558,60.0
1744878956034937.0,-7482.74,-570.561,1.42675,1.77847,1.7166,-0.0618706,60.0
1744878956055850.0,-7482.74,-570.561,1.42675,1.77847,1.65151,-0.126957,60.0
1744878956076417.0,-7483.58,-567.828,1.4275,1.7166,1.74267,0.0260749,60.0
1744878956096881.0,-7483.58,-567.828,1.4275,1.7166,1.62279,-0.0938085,60.0
1744878956117536.0,-7484.43,-564.412,1.4282,1.74267,1.59322,-0.149452,60.0
1744878956138306.0,-7484.43,-564.412,1.4282,1.74267,1.68413,-0.0585417,60.0
1744878956159191.0,-7484.43,-564.412,1.4282,1.74267,1.80696,0.0642873,60.0
1744878956179880.0,-7485.28,-561.678,1.42895,1.68413,1.64335,-0.0407835,60.0
1744878956200592.0,-7485.28,-561.678,1.42895,1.68413,1.65156,-0.032571,60.0
1744878956221556.0,-7486.13,-558.945,1.42971,1.64335,1.60396,-0.0393841,60.0
1744878956242404.0,-7486.13,-558.945,1.42971,1.64335,1.54956,-0.0937815,60.0
1744878956263071.0,-7486.97,-556.212,1.43047,1.60396,1.72388,0.119917,60.0
1744878956283848.0,-7486.97,-556.212,1.43047,1.60396,1.69175,0.0877841,60.0
1744878956304968.0,-7486.97,-556.212,1.43047,1.60396,1.61802,0.0140623,60.0
1744878956325299.0,-7487.82,-553.479,1.43123,1.69175,1.82568,0.133934,60.0
1744878956346055.0,-7487.82,-553.479,1.43123,1.69175,1.67231,-0.0194354,60.0
1744878956366637.0,-7488.24,-550.062,1.43143,1.82568,1.7832,-0.0424771,60.0
1744878956387253.0,-7488.24,-550.062,1.43143,1.82568,1.92342,0.0977366,60.0
1744878956408248.0,-7488.24,-550.062,1.43143,1.82568,1.75257,-0.0731096,60.0
1744878956428853.0,-7489.09,-547.329,1.43219,1.92342,1.8025,-0.120919,60.0
1744878956449627.0,-7489.09,-547.329,1.43219,1.92342,1.77173,-0.151691,60.0
1744878956470175.0,-7489.94,-544.596,1.43296,1.8025,1.76516,-0.0373411,60.0
1744878956491151.0,-7489.94,-544.596,1.43296,1.8025,1.80357,0.00107559,60.0
1744878956511731.0,-7489.94,-544.596,1.43296,1.8025,1.73367,-0.0688304,60.0
1744878956532409.0,-7490.79,-541.863,1.43372,1.80357,1.77297,-0.0306067,60.0
1744878956553288.0,-7490.79,-541.863,1.43372,1.80357,1.85897,0.0553915,60.0
1744878956573930.0,-7491.63,-538.446,1.43443,1.77297,1.67274,-0.100223,60.0
1744878956594634.0,-7491.63,-538.446,1.43443,1.77297,1.62817,-0.144796,60.0
1744878956615333.0,-7491.63,-538.446,1.43443,1.77297,1.78689,0.0139183,60.0
1744878956636105.0,-7492.06,-535.713,1.4347,1.62817,1.65889,0.0307206,60.0
1744878956656963.0,-7492.06,-535.713,1.4347,1.62817,1.57876,-0.0494089,60.0
1744878956677571.0,-7492.9,-532.98,1.43547,1.65889,1.72757,0.0686742,60.0
1744878956698042.0,-7492.9,-532.98,1.43547,1.65889,1.73046,0.0715721,60.0
1744878956718758.0,-7493.75,-529.563,1.43618,1.73046,1.70789,-0.0225784,60.0
1744878956739534.0,-7493.75,-529.563,1.43618,1.73046,1.77717,0.0467072,60.0
1744878956759913.0,-7493.75,-529.563,1.43618,1.73046,1.77481,0.0443505,60.0
1744878956780570.0,-7494.17,-526.83,1.43646,1.77717,1.87417,0.0970017,60.0
1744878956801268.0,-7494.17,-526.83,1.43646,1.77717,1.71223,-0.0649385,60.0
1744878956821925.0,-7495.02,-524.097,1.43723,1.87417,1.77899,-0.0951827,60.0
1744878956842636.0,-7495.02,-524.097,1.43723,1.87417,1.73348,-0.140694,60.0
1744878956863492.0,-7495.02,-524.097,1.43723,1.87417,1.93939,0.0652124,60.0
1744878956884010.0,-7495.87,-521.363,1.43801,1.73348,1.72387,-0.00961017,60.0
1744878956904819.0,-7495.87,-521.363,1.43801,1.73348,1.74266,0.00917706,60.0
1744878956925530.0,-7496.29,-517.947,1.43823,1.72387,1.55977,-0.164099,60.0
1744878956946481.0,-7496.29,-517.947,1.43823,1.72387,1.63837,-0.0854998,60.0
1744878956967591.0,-7496.29,-517.947,1.43823,1.72387,1.67081,-0.0530573,60.0
1744878956988599.0,-7497.14,-515.214,1.439,1.63837,1.6597,0.0213295,60.0
1744878957009187.0,-7497.14,-515.214,1.439,1.63837,1.50604,-0.132326,60.0
1744878957029772.0,-7497.56,-512.48,1.43928,1.6597,1.70739,0.0476905,60.0
1744878957050223.0,-7497.56,-512.48,1.43928,1.6597,1.65385,-0.00585274,60.0
1744878957070800.0,-7497.56,-512.48,1.43928,1.6597,1.72302,0.0633264,60.0
1744878957091430.0,-7498.41,-509.747,1.44006,1.65385,1.75578,0.101935,60.0
1744878957112014.0,-7498.41,-509.747,1.44006,1.65385,1.64983,-0.00401821,60.0
1744878957132514.0,-7498.83,-506.331,1.44029,1.75578,1.61662,-0.13916,60.0
1744878957153096.0,-7498.83,-506.331,1.44029,1.75578,1.87447,0.118687,60.0
1744878957173680.0,-7498.83,-506.331,1.44029,1.75578,1.61134,-0.144442,60.0
1744878957194224.0,-7499.68,-503.597,1.44107,1.87447,1.76242,-0.112046,60.0
1744878957215355.0,-7499.68,-503.597,1.44107,1.87447,1.71647,-0.157996,60.0
1744878957235882.0,-7500.11,-500.864,1.44136,1.76242,1.70648,-0.0559399,60.0
1744878957256466.0,-7500.11,-500.864,1.44136,1.76242,1.67626,-0.0861618,60.0
1744878957277243.0,-7500.95,-497.448,1.44209,1.70648,1.82971,0.12323,60.0
1744878957297786.0,-7500.95,-497.448,1.44209,1.70648,1.71288,0.00640282,60.0
1744878957318529.0,-7500.95,-497.448,1.44209,1.70648,1.67048,-0.0360022,60.0
1744878957339471.0,-7501.38,-494.714,1.44238,1.71288,1.84404,0.131157,60.0
1744878957360343.0,-7501.38,-494.714,1.44238,1.71288,1.62066,-0.0922269,60.0
1744878957380763.0,-7502.22,-491.981,1.44317,1.84404,1.73523,-0.108811,60.0
1744878957401512.0,-7502.22,-491.981,1.44317,1.84404,1.79012,-0.0539176,60.0
1744878957422213.0,-7502.22,-491.981,1.44317,1.84404,1.69237,-0.151669,60.0
1744878957442929.0,-7502.65,-488.565,1.4434,1.79012,1.68049,-0.109638,60.0
1744878957463575.0,-7502.65,-488.565,1.4434,1.79012,1.72188,-0.0682433,60.0
1744878957484370.0,-7503.49,-485.831,1.44419,1.68049,1.70522,0.0247358,60.0
1744878957505233.0,-7503.49,-485.831,1.44419,1.68049,1.55975,-0.120731,60.0
1744878957525718.0,-7503.49,-485.831,1.44419,1.68049,1.57307,-0.107419,60.0
1744878957546394.0,-7503.92,-483.098,1.44449,1.55975,1.59793,0.03818,60.0
1744878957566694.0,-7503.92,-483.098,1.44449,1.55975,1.68744,0.127689,60.0
1744878957587620.0,-7504.34,-480.365,1.44478,1.59793,1.7017,0.103765,60.0
1744878957608274.0,-7504.34,-480.365,1.44478,1.59793,1.56451,-0.0334245,60.0
1744878957628896.0,-7504.34,-480.365,1.44478,1.59793,1.61341,0.0154727,60.0
1744878957649679.0,-7505.19,-476.948,1.44552,1.56451,1.56288,-0.00163197,60.0
1744878957670400.0,-7505.19,-476.948,1.44552,1.56451,1.72552,0.161008,60.0
1744878957690891.0,-7505.61,-474.215,1.44582,1.56288,1.55046,-0.0124222,60.0
1744878957711545.0,-7505.61,-474.215,1.44582,1.56288,1.70364,0.140759,60.0
1744878957732321.0,-7506.04,-471.482,1.44612,1.55046,1.67732,0.126868,60.0
1744878957752767.0,-7506.04,-471.482,1.44612,1.55046,1.55377,0.00331023,60.0
1744878957773639.0,-7506.04,-471.482,1.44612,1.55046,1.53632,-0.0141407,60.0
1744878957794452.0,-7506.46,-468.065,1.44637,1.55377,1.6092,0.0554342,60.0
1744878957815060.0,-7506.46,-468.065,1.44637,1.55377,1.45707,-0.0966915,60.0
1744878957836035.0,-7506.88,-465.332,1.44667,1.6092,1.72668,0.117484,60.0
1744878957856616.0,-7506.88,-465.332,1.44667,1.6092,1.74085,0.131649,60.0
1744878957877279.0,-7506.88,-465.332,1.44667,1.6092,1.6465,0.0373001,60.0
1744878957897854.0,-7507.31,-462.599,1.44697,1.74085,1.82322,0.0823697,60.0
1744878957918586.0,-7507.31,-462.599,1.44697,1.74085,1.62324,-0.117611,60.0
1744878957939574.0,-7507.73,-459.182,1.44722,1.82322,1.79424,-0.0289755,60.0
1744878957960496.0,-7507.73,-459.182,1.44722,1.82322,1.76736,-0.0558609,60.0
1744878957981188.0,-7507.73,-459.182,1.44722,1.82322,1.88814,0.0649161,60.0
1744878958002020.0,-7508.15,-456.449,1.44753,1.76736,1.79064,0.0232806,60.0
1744878958022775.0,-7508.15,-456.449,1.44753,1.76736,1.76724,-0.000122466,60.0
1744878958043503.0,-7508.58,-453.716,1.44783,1.79064,1.74765,-0.0429889,60.0
1744878958064256.0,-7508.58,-453.716,1.44783,1.79064,1.68039,-0.110254,60.0
1744878958084994.0,-7508.58,-453.716,1.44783,1.79064,1.82958,0.0389421,60.0
1744878958105822.0,-7509.42,-450.299,1.44859,1.68039,1.66923,-0.0111528,60.0
1744878958126470.0,-7509.42,-450.299,1.44859,1.68039,1.65937,-0.0210135,60.0
1744878958147279.0,-7509.85,-447.566,1.4489,1.66923,1.81809,0.148856,60.0
1744878958168008.0,-7509.85,-447.566,1.4489,1.66923,1.76234,0.0931109,60.0
1744878958188658.0,-7510.27,-444.833,1.44921,1.81809,1.89256,0.0744735,60.0
1744878958209386.0,-7510.27,-444.833,1.44921,1.81809,1.72325,-0.0948341,60.0
1744878958230177.0,-7510.27,-444.833,1.44921,1.81809,1.72985,-0.088236,60.0
1744878958250910.0,-7510.7,-441.416,1.44947,1.72325,1.76579,0.0425372,60.0
1744878958271545.0,-7510.7,-441.416,1.44947,1.72325,1.67419,-0.0490631,60.0
1744878958292316.0,-7511.12,-438.683,1.44978,1.76579,1.89304,0.127247,60.0
1744878958313233.0,-7511.12,-438.683,1.44978,1.76579,1.68918,-0.0766157,60.0
1744878958334147.0,-7511.12,-438.683,1.44978,1.76579,1.66207,-0.103719,60.0
1744878958354982.0,-7511.54,-435.95,1.4501,1.68918,1.70212,0.0129451,60.0
1744878958375847.0,-7511.54,-435.95,1.4501,1.68918,1.81731,0.128132,60.0
1744878958396668.0,-7511.97,-432.533,1.45036,1.70212,1.7016,-0.000521988,60.0
1744878958417360.0,-7511.97,-432.533,1.45036,1.70212,1.6516,-0.050521,60.0
1744878958438266.0,-7511.97,-432.533,1.45036,1.70212,1.601,-0.10112,60.0
1744878958459086.0,-7512.39,-429.8,1.45068,1.6516,1.60147,-0.0501298,60.0
1744878958479796.0,-7512.39,-429.8,1.45068,1.6516,1.59962,-0.0519817,60.0
1744878958500446.0,-7512.81,-427.067,1.451,1.60147,1.54542,-0.0560511,60.0
1744878958520997.0,-7512.81,-427.067,1.451,1.60147,1.66694,0.0654665,60.0
1744878958541872.0,-7513.24,-423.65,1.45127,1.54542,1.59377,0.0483505,60.0
1744878958562280.0,-7513.24,-423.65,1.45127,1.54542,1.65907,0.113652,60.0
1744878958582912.0,-7513.24,-423.65,1.45127,1.54542,1.5728,0.0273772,60.0
1744878958603548.0,-7513.66,-420.917,1.45159,1.65907,1.54986,-0.109214,60.0
1744878958624162.0,-7513.66,-420.917,1.45159,1.65907,1.75395,0.0948757,60.0
1744878958644887.0,-7514.08,-417.5,1.45187,1.54986,1.62062,0.0707632,60.0
1744878958665634.0,-7514.08,-417.5,1.45187,1.54986,1.64406,0.0942003,60.0
1744878958686594.0,-7514.08,-417.5,1.45187,1.54986,1.64011,0.0902538,60.0
1744878958707231.0,-7514.51,-414.767,1.45219,1.64406,1.60119,-0.0428644,60.0
1744878958728002.0,-7514.51,-414.767,1.45219,1.64406,1.62894,-0.0151195,60.0
1744878958748667.0,-7514.93,-412.034,1.45251,1.60119,1.58223,-0.0189682,60.0
1744878958769406.0,-7514.93,-412.034,1.45251,1.60119,1.59919,-0.00200655,60.0
1744878958790081.0,-7514.93,-412.034,1.45251,1.60119,1.60071,-0.000486086,60.0
1744878958810858.0,-7515.36,-408.617,1.45279,1.59919,1.57331,-0.0258726,60.0
1744878958841289.0,-7515.36,-408.617,1.45279,1.59919,1.61789,0.0187052,60.0
1744878958862012.0,-7515.78,-405.884,1.45312,1.57331,1.62901,0.0556997,60.0
1744878958882704.0,-7515.78,-405.884,1.45312,1.57331,1.71514,0.141822,60.0
1744878958903319.0,-7515.78,-403.151,1.45295,1.62901,1.69261,0.0635928,60.0
1744878958924391.0,-7515.78,-403.151,1.45295,1.62901,1.63868,0.00966413,60.0
1744878958945460.0,-7515.78,-403.151,1.45295,1.62901,1.71939,0.0903794,60.0
1744878958965654.0,-7516.2,-399.734,1.45323,1.63868,1.50477,-0.133904,60.0
1744878958986654.0,-7516.2,-399.734,1.45323,1.63868,1.69246,0.0537839,60.0
1744878959007422.0,-7516.63,-397.001,1.45356,1.50477,1.62026,0.115488,60.0
1744878959028092.0,-7516.63,-397.001,1.45356,1.50477,1.47488,-0.0298984,60.0
1744878959048822.0,-7517.05,-394.268,1.45389,1.62026,1.66452,0.0442618,60.0
1744878959069630.0,-7517.05,-394.268,1.45389,1.62026,1.6488,0.0285405,60.0
1744878959090293.0,-7517.05,-394.268,1.45389,1.62026,1.70679,0.0865276,60.0
1744878959111161.0,-7517.05,-390.851,1.45368,1.6488,1.52167,-0.127128,60.0
1744878959131823.0,-7517.05,-390.851,1.45368,1.6488,1.74649,0.0976885,60.0
1744878959152616.0,-7517.47,-388.118,1.45402,1.52167,1.48812,-0.0335587,60.0
1744878959173387.0,-7517.47,-388.118,1.45402,1.52167,1.60454,0.0828671,60.0
1744878959194088.0,-7517.47,-388.118,1.45402,1.52167,1.57973,0.0580563,60.0
1744878959214935.0,-7517.9,-384.701,1.45431,1.60454,1.72242,0.117877,60.0
1744878959235596.0,-7517.9,-384.701,1.45431,1.60454,1.72733,0.122787,60.0
1744878959256797.0,-7517.9,-381.968,1.45415,1.72242,1.62056,-0.101856,60.0
1744878959277400.0,-7517.9,-381.968,1.45415,1.72242,1.62144,-0.100974,60.0
1744878959298209.0,-7517.9,-381.968,1.45415,1.72242,1.56315,-0.159268,60.0
1744878959318801.0,-7518.32,-379.235,1.45449,1.62144,1.67004,0.0485971,60.0
1744878959339542.0,-7518.32,-379.235,1.45449,1.62144,1.66961,0.0481655,60.0
1744878959360188.0,-7518.32,-375.818,1.45428,1.67004,1.53336,-0.136683,60.0
1744878959380924.0,-7518.32,-375.818,1.45428,1.67004,1.62252,-0.0475195,60.0
1744878959401538.0,-7518.75,-373.085,1.45462,1.53336,1.64162,0.108265,60.0
1744878959422196.0,-7518.75,-373.085,1.45462,1.53336,1.59116,0.0578023,60.0
1744878959443332.0,-7518.75,-373.085,1.45462,1.53336,1.45338,-0.079977,60.0
1744878959464042.0,-7519.17,-370.352,1.45497,1.59116,1.60165,0.0104927,60.0
1744878959484822.0,-7519.17,-370.352,1.45497,1.59116,1.61114,0.0199794,60.0
1744878959505198.0,-7519.17,-366.935,1.45477,1.60165,1.76495,0.163294,60.0
1744878959526053.0,-7519.17,-366.935,1.45477,1.60165,1.59401,-0.00764903,60.0
1744878959546771.0,-7519.17,-366.935,1.45477,1.60165,1.74339,0.141734,60.0
1744878959567430.0,-7519.59,-364.202,1.45511,1.59401,1.69941,0.105409,60.0
1744878959587980.0,-7519.59,-364.202,1.45511,1.59401,1.65429,0.0602899,60.0
1744878959608702.0,-7519.59,-360.785,1.45492,1.69941,1.73148,0.0320639,60.0
1744878959629554.0,-7519.59,-360.785,1.45492,1.69941,1.69686,-0.002559,60.0
1744878959650322.0,-7519.59,-360.785,1.45492,1.69941,1.63548,-0.0639353,60.0
1744878959671133.0,-7520.02,-358.052,1.45527,1.69686,1.76554,0.0686828,60.0
1744878959691895.0,-7520.02,-358.052,1.45527,1.69686,1.847,0.150148,60.0
1744878959712618.0,-7520.02,-355.319,1.45511,1.76554,1.84021,0.0746705,60.0
1744878959733172.0,-7520.02,-355.319,1.45511,1.76554,1.63106,-0.134478,60.0
1744878959753795.0,-7520.02,-355.319,1.45511,1.76554,1.61204,-0.153494,60.0
1744878959774581.0,-7520.44,-351.902,1.45543,1.63106,1.65669,0.0256255,60.0
1744878959795362.0,-7520.44,-351.902,1.45543,1.63106,1.68134,0.0502801,60.0
1744878959816067.0,-7520.44,-349.169,1.45528,1.65669,1.72467,0.0679852,60.0
1744878959836925.0,-7520.44,-349.169,1.45528,1.65669,1.61436,-0.0423221,60.0
1744878959857584.0,-7520.86,-346.436,1.45563,1.72467,1.62137,-0.103304,60.0
1744878959878172.0,-7520.86,-346.436,1.45563,1.72467,1.66524,-0.0594313,60.0
1744878959899274.0,-7520.86,-346.436,1.45563,1.72467,1.79718,0.0725112,60.0
1744878959919448.0,-7521.29,-343.019,1.45594,1.66524,1.59393,-0.0713044,60.0
1744878959940629.0,-7521.29,-343.019,1.45594,1.66524,1.63065,-0.0345871,60.0
1744878959961089.0,-7521.29,-340.286,1.4558,1.59393,1.62185,0.0279191,60.0
1744878959981571.0,-7521.29,-340.286,1.4558,1.59393,1.59968,0.00574191,60.0
1744878960002126.0,-7521.29,-340.286,1.4558,1.59393,1.58872,-0.00521483,60.0
1744878960022842.0,-7521.71,-336.869,1.45612,1.59968,1.63722,0.0375395,60.0
1744878960043560.0,-7521.71,-336.869,1.45612,1.59968,1.65071,0.0510373,60.0
1744878960064428.0,-7521.71,-334.136,1.45598,1.63722,1.72195,0.0847364,60.0
1744878960085188.0,-7521.71,-334.136,1.45598,1.63722,1.52477,-0.112444,60.0
1744878960105688.0,-7521.71,-334.136,1.45598,1.63722,1.74164,0.104424,60.0
1744878960126566.0,-7522.14,-331.403,1.45633,1.52477,1.44452,-0.0802475,60.0
1744878960147653.0,-7522.14,-331.403,1.45633,1.52477,1.56074,0.0359665,60.0
1744878960168328.0,-7522.14,-327.986,1.45616,1.44452,1.51443,0.0699061,60.0
1744878960189009.0,-7522.14,-327.986,1.45616,1.44452,1.56865,0.124125,60.0
1744878960209378.0,-7522.14,-327.986,1.45616,1.44452,1.4436,-0.000919512,60.0
1744878960230488.0,-7522.56,-325.253,1.45652,1.56865,1.72929,0.160638,60.0
1744878960251145.0,-7522.56,-325.253,1.45652,1.56865,1.69103,0.122376,60.0
1744878960271646.0,-7522.56,-322.52,1.45638,1.72929,1.82534,0.0960522,60.0
1744878960292555.0,-7522.56,-322.52,1.45638,1.72929,1.73066,0.00137115,60.0
1744878960313162.0,-7522.98,-319.103,1.45671,1.82534,1.80328,-0.0220604,60.0
1744878960333866.0,-7522.98,-319.103,1.45671,1.82534,1.73183,-0.0935138,60.0
1744878960354602.0,-7522.98,-319.103,1.45671,1.82534,1.75962,-0.0657166,60.0
1744878960375113.0,-7522.98,-316.37,1.45657,1.73183,1.65813,-0.0736942,60.0
1744878960395827.0,-7522.98,-316.37,1.45657,1.73183,1.7821,0.0502779,60.0
1744878960416361.0,-7523.41,-312.953,1.45691,1.65813,1.68048,0.0223466,60.0
1744878960437288.0,-7523.41,-312.953,1.45691,1.65813,1.82013,0.162,60.0
1744878960458141.0,-7523.41,-312.953,1.45691,1.65813,1.65437,-0.00376141,60.0
1744878960478865.0,-7523.41,-310.22,1.45677,1.82013,1.72297,-0.0971611,60.0
1744878960499879.0,-7523.41,-310.22,1.45677,1.82013,1.74117,-0.0789646,60.0
1744878960520189.0,-7523.83,-307.487,1.45714,1.72297,1.78843,0.0654645,60.0
1744878960541081.0,-7523.83,-307.487,1.45714,1.72297,1.5807,-0.142274,60.0
1744878960561635.0,-7523.83,-307.487,1.45714,1.72297,1.61113,-0.111842,60.0
1744878960582334.0,-7524.25,-304.07,1.45748,1.5807,1.728,0.147302,60.0
1744878960602956.0,-7524.25,-304.07,1.45748,1.5807,1.6102,0.0295075,60.0
1744878960623955.0,-7524.25,-301.337,1.45735,1.728,1.57089,-0.157112,60.0
1744878960644296.0,-7524.25,-301.337,1.45735,1.728,1.68822,-0.039777,60.0
1744878960664915.0,-7524.25,-301.337,1.45735,1.728,1.83521,0.107211,60.0
1744878960685929.0,-7524.68,-298.604,1.45772,1.68822,1.63875,-0.0494766,60.0
1744878960706315.0,-7524.68,-298.604,1.45772,1.68822,1.77001,0.0817851,60.0
1744878960727227.0,-7525.1,-295.187,1.45807,1.63875,1.79256,0.153819,60.0
1744878960747753.0,-7525.1,-295.187,1.45807,1.63875,1.63882,7.35071e-05,60.0
1744878960768293.0,-7525.1,-292.454,1.45794,1.79256,1.94558,0.153015,60.0
1744878960789146.0,-7525.1,-292.454,1.45794,1.79256,1.73517,-0.0573896,60.0
1744878960809506.0,-7525.1,-292.454,1.45794,1.79256,1.63675,-0.155818,60.0
1744878960830099.0,-7525.52,-289.037,1.45829,1.73517,1.78393,0.0487551,60.0
1744878960850760.0,-7525.52,-289.037,1.45829,1.73517,1.60683,-0.128349,60.0
1744878960871388.0,-7525.95,-286.304,1.45866,1.78393,1.7967,0.0127654,60.0
1744878960892345.0,-7525.95,-286.304,1.45866,1.78393,1.64984,-0.134093,60.0
1744878960912887.0,-7525.95,-286.304,1.45866,1.78393,1.66935,-0.114584,60.0
1744878960933343.0,-7526.37,-283.571,1.45904,1.64984,1.66641,0.0165683,60.0
1744878960954231.0,-7526.37,-283.571,1.45904,1.64984,1.63487,-0.0149706,60.0
1744878960975068.0,-7526.37,-280.154,1.45889,1.66641,1.67763,0.0112218,60.0
1744878960995938.0,-7526.37,-280.154,1.45889,1.66641,1.75238,0.0859745,60.0
1744878961016488.0,-7526.37,-280.154,1.45889,1.66641,1.72579,0.0593855,60.0
1744878961037140.0,-7526.8,-277.421,1.45927,1.75238,1.67113,-0.0812503,60.0
1744878961057872.0,-7526.8,-277.421,1.45927,1.75238,1.7783,0.0259164,60.0
1744878961078641.0,-7527.22,-274.687,1.45966,1.67113,1.70314,0.0320122,60.0
1744878961099306.0,-7527.22,-274.687,1.45966,1.67113,1.76282,0.0916946,60.0
1744878961120249.0,-7527.22,-274.687,1.45966,1.67113,1.62086,-0.0502668,60.0
1744878961140930.0,-7527.64,-271.271,1.46001,1.76282,1.60297,-0.159856,60.0
1744878961161611.0,-7527.64,-271.271,1.46001,1.76282,1.74857,-0.0142573,60.0
1744878961182357.0,-7527.64,-268.538,1.4599,1.60297,1.60211,-0.000853902,60.0
1744878961202894.0,-7527.64,-268.538,1.4599,1.60297,1.67944,0.0764762,60.0
1744878961223718.0,-7528.07,-265.804,1.46028,1.60211,1.70357,0.101453,60.0
1744878961244288.0,-7528.07,-265.804,1.46028,1.60211,1.7161,0.113982,60.0
1744878961264886.0,-7528.07,-265.804,1.46028,1.60211,1.76254,0.160427,60.0
1744878961285483.0,-7528.49,-262.388,1.46064,1.7161,1.56781,-0.148282,60.0
1744878961306092.0,-7528.49,-262.388,1.46064,1.7161,1.56053,-0.155568,60.0
1744878961326698.0,-7528.91,-259.655,1.46103,1.56781,1.70735,0.139537,60.0
1744878961347718.0,-7528.91,-259.655,1.46103,1.56781,1.58787,0.0200539,60.0
1744878961368518.0,-7528.91,-259.655,1.46103,1.56781,1.61676,0.0489485,60.0
1744878961388879.0,-7528.91,-256.238,1.4609,1.58787,1.56057,-0.0272968,60.0
1744878961409703.0,-7528.91,-256.238,1.4609,1.58787,1.65656,0.0686907,60.0
1744878961430319.0,-7529.34,-253.505,1.46129,1.56057,1.44786,-0.112714,60.0
1744878961451875.0,-7529.34,-253.505,1.46129,1.56057,1.69737,0.136797,60.0
1744878961472359.0,-7529.34,-253.505,1.46129,1.56057,1.70818,0.147603,60.0
1744878961493213.0,-7529.76,-250.771,1.46168,1.69737,1.69355,-0.00381953,60.0
1744878961513778.0,-7529.76,-250.771,1.46168,1.69737,1.60829,-0.089074,60.0
1744878961534432.0,-7529.76,-247.355,1.46155,1.69355,1.74898,0.055433,60.0
1744878961555377.0,-7529.76,-247.355,1.46155,1.69355,1.74085,0.0473004,60.0
1744878961576147.0,-7529.76,-247.355,1.46155,1.69355,1.72378,0.030226,60.0
1744878961596853.0,-7530.18,-244.622,1.46195,1.74085,1.66236,-0.0784858,60.0
1744878961617702.0,-7530.18,-244.622,1.46195,1.74085,1.59003,-0.150823,60.0
1744878961638403.0,-7530.61,-241.888,1.46234,1.66236,1.51849,-0.143869,60.0
1744878961659205.0,-7530.61,-241.888,1.46234,1.66236,1.77847,0.116107,60.0
1744878961680041.0,-7530.61,-238.472,1.46221,1.51849,1.68279,0.164296,60.0
1744878961700685.0,-7530.61,-238.472,1.46221,1.51849,1.55595,0.0374575,60.0
1744878961721422.0,-7530.61,-238.472,1.46221,1.51849,1.66565,0.147156,60.0
1744878961742129.0,-7531.03,-235.738,1.46261,1.55595,1.53662,-0.0193333,60.0
1744878961763047.0,-7531.03,-235.738,1.46261,1.55595,1.66059,0.104636,60.0
1744878961783678.0,-7531.03,-232.322,1.46249,1.53662,1.66874,0.132117,60.0
1744878961804449.0,-7531.03,-232.322,1.46249,1.53662,1.60893,0.0723132,60.0
1744878961825285.0,-7531.03,-232.322,1.46249,1.53662,1.69299,0.15637,60.0
1744878961846003.0,-7531.46,-229.589,1.46289,1.60893,1.76765,0.158717,60.0
1744878961866754.0,-7531.46,-229.589,1.46289,1.60893,1.49354,-0.115394,60.0
1744878961887412.0,-7531.88,-226.855,1.4633,1.76765,1.61125,-0.156399,60.0
1744878961908097.0,-7531.88,-226.855,1.4633,1.76765,1.74608,-0.0215658,60.0
1744878961928844.0,-7531.88,-226.855,1.4633,1.76765,1.62123,-0.146417,60.0
1744878961949594.0,-7531.88,-223.439,1.46318,1.74608,1.8307,0.0846185,60.0
1744878961970274.0,-7531.88,-223.439,1.46318,1.74608,1.67601,-0.070078,60.0
1744878961990986.0,-7532.3,-220.705,1.46358,1.8307,1.67887,-0.151834,60.0
1744878962011760.0,-7532.3,-220.705,1.46358,1.8307,1.84557,0.0148731,60.0
1744878962032297.0,-7532.3,-220.705,1.46358,1.8307,1.78665,-0.0440487,60.0
1744878962053005.0,-7532.73,-217.972,1.46399,1.84557,1.77347,-0.072104,60.0
1744878962073702.0,-7532.73,-217.972,1.46399,1.84557,1.78915,-0.0564266,60.0
1744878962094378.0,-7532.73,-214.556,1.46387,1.77347,1.73267,-0.0408013,60.0
1744878962115314.0,-7532.73,-214.556,1.46387,1.77347,1.71315,-0.0603242,60.0
1744878962136038.0,-7533.15,-211.822,1.46428,1.73267,1.77791,0.0452453,60.0
1744878962156532.0,-7533.15,-211.822,1.46428,1.73267,1.71515,-0.0175147,60.0
1744878962177362.0,-7533.15,-211.822,1.46428,1.73267,1.7188,-0.0138728,60.0
1744878962198125.0,-7533.57,-208.406,1.46467,1.71515,1.64635,-0.0688077,60.0
1744878962218734.0,-7533.57,-208.406,1.46467,1.71515,1.56596,-0.14919,60.0
1744878962239641.0,-7534.0,-205.673,1.46509,1.64635,1.76418,0.117829,60.0
1744878962260428.0,-7534.0,-205.673,1.46509,1.64635,1.63841,-0.00794073,60.0
1744878962281123.0,-7534.0,-205.673,1.46509,1.64635,1.74997,0.103624,60.0
1744878962302020.0,-7534.0,-202.939,1.465,1.63841,1.6701,0.0316967,60.0
1744878962322598.0,-7534.0,-202.939,1.465,1.63841,1.58865,-0.0497575,60.0
1744878962343555.0,-7534.42,-199.523,1.46539,1.6701,1.61076,-0.0593481,60.0
1744878962364159.0,-7534.42,-199.523,1.46539,1.6701,1.50834,-0.161764,60.0
1744878962384849.0,-7534.42,-199.523,1.46539,1.6701,1.61803,-0.0520697,60.0
1744878962405460.0,-7534.84,-196.789,1.46581,1.50834,1.57521,0.0668733,60.0
1744878962426157.0,-7534.84,-196.789,1.46581,1.50834,1.65925,0.150911,60.0
1744878962447260.0,-7535.27,-194.056,1.46623,1.57521,1.70709,0.131873,60.0
1744878962468001.0,-7535.27,-194.056,1.46623,1.57521,1.60297,0.0277569,60.0
1744878962488614.0,-7535.27,-194.056,1.46623,1.57521,1.71655,0.141341,60.0
1744878962509111.0,-7535.27,-190.64,1.46613,1.60297,1.54031,-0.0626564,60.0
1744878962529997.0,-7535.27,-190.64,1.46613,1.60297,1.46905,-0.133914,60.0
1744878962550609.0,-7535.69,-187.906,1.46655,1.54031,1.61825,0.0779417,60.0
1744878962571345.0,-7535.69,-187.906,1.46655,1.54031,1.65634,0.116026,60.0
1744878962591969.0,-7536.11,-185.173,1.46697,1.61825,1.58452,-0.0337345,60.0
1744878962612751.0,-7536.11,-185.173,1.46697,1.61825,1.64696,0.0287074,60.0
1744878962633402.0,-7536.11,-185.173,1.46697,1.61825,1.70596,0.0877053,60.0
1744878962654115.0,-7536.11,-181.756,1.46687,1.64696,1.71594,0.0689763,60.0
1744878962674853.0,-7536.11,-181.756,1.46687,1.64696,1.75116,0.1042,60.0
1744878962695408.0,-7536.54,-179.023,1.4673,1.71594,1.74321,0.0272689,60.0
1744878962716146.0,-7536.54,-179.023,1.4673,1.71594,1.75193,0.0359964,60.0
1744878962737069.0,-7536.54,-179.023,1.4673,1.71594,1.61099,-0.104945,60.0
1744878962758054.0,-7536.54,-175.607,1.4672,1.75193,1.63592,-0.116018,60.0
1744878962778209.0,-7536.54,-175.607,1.4672,1.75193,1.64497,-0.106964,60.0
1744878962798936.0,-7536.96,-172.873,1.46763,1.63592,1.64866,0.0127383,60.0
1744878962819674.0,-7536.96,-172.873,1.46763,1.63592,1.56376,-0.0721528,60.0
1744878962840347.0,-7536.96,-172.873,1.46763,1.63592,1.76017,0.124256,60.0
1744878962861071.0,-7537.39,-170.14,1.46806,1.56376,1.64485,0.0810867,60.0
1744878962881876.0,-7537.39,-170.14,1.46806,1.56376,1.51449,-0.0492775,60.0
1744878962902588.0,-7537.39,-166.723,1.46797,1.64485,1.61317,-0.0316773,60.0
1744878962923299.0,-7537.39,-166.723,1.46797,1.64485,1.48321,-0.161639,60.0
1744878962944225.0,-7537.39,-166.723,1.46797,1.64485,1.79478,0.149931,60.0
1744878962964757.0,-7537.81,-163.99,1.4684,1.48321,1.56617,0.0829607,60.0
1744878962985528.0,-7537.81,-163.99,1.4684,1.48321,1.6323,0.149089,60.0
1744878963006079.0,-7537.81,-161.257,1.46833,1.56617,1.70076,0.134589,60.0
1744878963026966.0,-7537.81,-161.257,1.46833,1.56617,1.48566,-0.0805101,60.0
1744878963047935.0,-7538.23,-157.84,1.46875,1.70076,1.6255,-0.0752637,60.0
1744878963068647.0,-7538.23,-157.84,1.46875,1.70076,1.62231,-0.0784521,60.0
1744878963089327.0,-7538.23,-157.84,1.46875,1.70076,1.79382,0.0930568,60.0
1744878963110184.0,-7538.23,-155.107,1.46868,1.62231,1.5076,-0.114708,60.0
1744878963130995.0,-7538.23,-155.107,1.46868,1.62231,1.50575,-0.116561,60.0
1744878963151470.0,-7538.66,-151.69,1.4691,1.5076,1.64014,0.132541,60.0
1744878963172141.0,-7538.66,-151.69,1.4691,1.5076,1.65435,0.146746,60.0
1744878963193035.0,-7538.66,-151.69,1.4691,1.5076,1.63961,0.13201,60.0
1744878963213816.0,-7538.66,-148.957,1.46903,1.65435,1.56793,-0.0864205,60.0
1744878963234362.0,-7538.66,-148.957,1.46903,1.65435,1.62001,-0.0343376,60.0
1744878963255125.0,-7539.08,-146.224,1.46947,1.56793,1.68798,0.120057,60.0
1744878963275813.0,-7539.08,-146.224,1.46947,1.56793,1.54362,-0.024308,60.0
1744878963296576.0,-7539.08,-146.224,1.46947,1.56793,1.68236,0.114432,60.0
1744878963317227.0,-7539.08,-142.807,1.4694,1.54362,1.58105,0.0374354,60.0
1744878963338025.0,-7539.08,-142.807,1.4694,1.54362,1.56142,0.0178042,60.0
1744878963358585.0,-7539.5,-140.074,1.46984,1.58105,1.51059,-0.0704615,60.0
1744878963379467.0,-7539.5,-140.074,1.46984,1.58105,1.59171,0.0106579,60.0
1744878963400045.0,-7539.5,-137.341,1.46978,1.51059,1.66899,0.158397,60.0
1744878963421086.0,-7539.5,-137.341,1.46978,1.51059,1.45405,-0.0565483,60.0
1744878963441735.0,-7539.5,-137.341,1.46978,1.51059,1.67465,0.164058,60.0
1744878963462411.0,-7539.5,-133.924,1.46971,1.45405,1.57735,0.123308,60.0
1744878963482958.0,-7539.5,-133.924,1.46971,1.45405,1.61285,0.158802,60.0
1744878963503721.0,-7539.93,-131.191,1.47015,1.57735,1.53051,-0.0468394,60.0
1744878963524787.0,-7539.93,-131.191,1.47015,1.57735,1.67586,0.098507,60.0
1744878963545466.0,-7539.93,-131.191,1.47015,1.57735,1.60217,0.0248124,60.0
1744878963566208.0,-7539.93,-127.774,1.47008,1.67586,1.65586,-0.0199969,60.0
1744878963586717.0,-7539.93,-127.774,1.47008,1.67586,1.77263,0.0967707,60.0
1744878963607545.0,-7539.93,-125.041,1.47003,1.65586,1.71245,0.0565848,60.0
1744878963628080.0,-7539.93,-125.041,1.47003,1.65586,1.79301,0.137145,60.0
1744878963648753.0,-7539.93,-125.041,1.47003,1.65586,1.71704,0.0611745,60.0
1744878963669462.0,-7540.35,-122.308,1.47048,1.79301,1.78956,-0.00344847,60.0
1744878963689762.0,-7540.35,-122.308,1.47048,1.79301,1.63051,-0.162493,60.0
1744878963710321.0,-7540.35,-118.891,1.47041,1.78956,1.74033,-0.0492305,60.0
1744878963731250.0,-7540.35,-118.891,1.47041,1.78956,1.9005,0.110944,60.0
1744878963751613.0,-7540.35,-118.891,1.47041,1.78956,1.65259,-0.136967,60.0
1744878963772621.0,-7540.77,-116.158,1.47086,1.9005,1.76125,-0.139255,60.0
1744878963793249.0,-7540.77,-116.158,1.47086,1.9005,1.78201,-0.118496,60.0
1744878963813720.0,-7540.77,-112.741,1.4708,1.76125,1.7277,-0.0335457,60.0
1744878963844233.0,-7540.77,-112.741,1.4708,1.76125,1.62332,-0.137927,60.0
1744878963864911.0,-7541.2,-110.008,1.47126,1.7277,1.61296,-0.114745,60.0
1744878963885549.0,-7541.2,-110.008,1.47126,1.7277,1.62108,-0.106626,60.0
1744878963905979.0,-7541.2,-107.275,1.47121,1.61296,1.6243,0.0113424,60.0
1744878963926674.0,-7541.2,-107.275,1.47121,1.61296,1.7607,0.14774,60.0
1744878963947601.0,-7541.2,-107.275,1.47121,1.61296,1.70683,0.0938686,60.0
1744878963968621.0,-7541.62,-103.858,1.47166,1.7607,1.69704,-0.0636589,60.0
1744878963989183.0,-7541.62,-103.858,1.47166,1.7607,1.74483,-0.0158671,60.0
1744878964009821.0,-7542.05,-101.125,1.47211,1.69704,1.64472,-0.0523198,60.0
1744878964030450.0,-7542.05,-101.125,1.47211,1.69704,1.85493,0.157893,60.0
1744878964051103.0,-7542.05,-101.125,1.47211,1.69704,1.74727,0.0502338,60.0
1744878964071646.0,-7542.05,-98.3916,1.47207,1.85493,1.8621,0.00716896,60.0
1744878964092539.0,-7542.05,-98.3916,1.47207,1.85493,1.88348,0.0285458,60.0
1744878964113646.0,-7542.47,-94.975,1.47252,1.8621,1.71043,-0.151673,60.0
1744878964133834.0,-7542.47,-94.975,1.47252,1.8621,1.70726,-0.154844,60.0
1744878964154488.0,-7542.47,-94.975,1.47252,1.8621,1.83151,-0.0305876,60.0
1744878964175111.0,-7542.89,-92.2417,1.47298,1.70726,1.61146,-0.0957929,60.0
1744878964195786.0,-7542.89,-92.2417,1.47298,1.70726,1.7134,0.006149,60.0
1744878964216421.0,-7542.89,-88.8251,1.47294,1.61146,1.66391,0.0524505,60.0
1744878964236936.0,-7542.89,-88.8251,1.47294,1.61146,1.52687,-0.0845952,60.0
1744878964257689.0,-7542.89,-88.8251,1.47294,1.61146,1.74785,0.136385,60.0
1744878964278358.0,-7543.32,-86.0918,1.4734,1.52687,1.64769,0.120819,60.0
1744878964299059.0,-7543.32,-86.0918,1.4734,1.52687,1.49864,-0.0282267,60.0
1744878964319855.0,-7543.74,-83.3585,1.47387,1.64769,1.66009,0.0124068,60.0
1744878964340483.0,-7543.74,-83.3585,1.47387,1.64769,1.74704,0.0993559,60.0
1744878964361289.0,-7543.74,-79.942,1.47382,1.66009,1.73972,0.0796242,60.0
1744878964381930.0,-7543.74,-79.942,1.47382,1.66009,1.79712,0.137023,60.0
1744878964402442.0,-7543.74,-79.942,1.47382,1.66009,1.73271,0.0726116,60.0
1744878964423138.0,-7544.16,-77.2087,1.47429,1.79712,1.855,0.057885,60.0
1744878964443942.0,-7544.16,-77.2087,1.47429,1.79712,1.73743,-0.059689,60.0
1744878964464743.0,-7544.59,-74.4754,1.47476,1.855,1.94278,0.0877791,60.0
1744878964485335.0,-7544.59,-74.4754,1.47476,1.855,1.80737,-0.0476275,60.0
1744878964506099.0,-7544.59,-74.4754,1.47476,1.855,1.69301,-0.161996,60.0
1744878964526748.0,-7545.01,-71.0588,1.47523,1.80737,1.64581,-0.161568,60.0
1744878964547449.0,-7545.01,-71.0588,1.47523,1.80737,1.78336,-0.0240173,60.0
1744878964567849.0,-7545.01,-68.3255,1.4752,1.64581,1.67901,0.0332011,60.0
1744878964588459.0,-7545.01,-68.3255,1.4752,1.64581,1.77234,0.126538,60.0
1744878964609010.0,-7545.01,-68.3255,1.4752,1.64581,1.62539,-0.0204199,60.0
1744878964629727.0,-7545.43,-65.5923,1.47567,1.77234,1.6346,-0.137739,60.0
1744878964650434.0,-7545.43,-65.5923,1.47567,1.77234,1.63685,-0.135494,60.0
1744878964671016.0,-7545.86,-62.1757,1.47614,1.6346,1.62208,-0.0125288,60.0
1744878964691783.0,-7545.86,-62.1757,1.47614,1.6346,1.55868,-0.0759237,60.0
1744878964712380.0,-7545.86,-62.1757,1.47614,1.6346,1.77152,0.136918,60.0
1744878964732834.0,-7546.28,-59.4424,1.47661,1.55868,1.63843,0.079749,60.0
1744878964753597.0,-7546.28,-59.4424,1.47661,1.55868,1.68073,0.122047,60.0
1744878964774145.0,-7546.7,-56.0258,1.47709,1.63843,1.54017,-0.098258,60.0
1744878964794697.0,-7546.7,-56.0258,1.47709,1.63843,1.68869,0.0502568,60.0
1744878964815388.0,-7546.7,-56.0258,1.47709,1.63843,1.77957,0.141136,60.0
1744878964835929.0,-7546.7,-53.2925,1.47706,1.68869,1.60806,-0.0806317,60.0
1744878964856721.0,-7546.7,-53.2925,1.47706,1.68869,1.65722,-0.0314671,60.0
1744878964877130.0,-7547.13,-50.5592,1.47754,1.60806,1.62006,0.0120021,60.0
1744878964897923.0,-7547.13,-50.5592,1.47754,1.60806,1.68883,0.0807752,60.0
1744878964918601.0,-7547.55,-47.1426,1.47802,1.62006,1.57251,-0.0475467,60.0
1744878964939343.0,-7547.55,-47.1426,1.47802,1.62006,1.68528,0.0652258,60.0
1744878964960606.0,-7547.55,-47.1426,1.47802,1.62006,1.6211,0.00104077,60.0
1744878964981185.0,-7547.55,-44.4094,1.478,1.68528,1.82344,0.138156,60.0
1744878965002024.0,-7547.55,-44.4094,1.478,1.68528,1.77983,0.0945516,60.0
1744878965022937.0,-7547.97,-41.6761,1.47848,1.82344,1.7938,-0.029636,60.0
1744878965043432.0,-7547.97,-41.6761,1.47848,1.82344,1.70873,-0.114709,60.0
1744878965064178.0,-7547.97,-41.6761,1.47848,1.82344,1.69509,-0.12835,60.0
1744878965084827.0,-7548.4,-38.2595,1.47896,1.70873,1.83912,0.130385,60.0
1744878965105530.0,-7548.4,-38.2595,1.47896,1.70873,1.62401,-0.0847212,60.0
1744878965126500.0,-7548.82,-35.5262,1.47945,1.83912,1.84926,0.0101486,60.0
1744878965146962.0,-7548.82,-35.5262,1.47945,1.83912,1.70088,-0.138236,60.0
1744878965167584.0,-7548.82,-35.5262,1.47945,1.83912,1.90641,0.067296,60.0
1744878965188003.0,-7549.25,-32.7929,1.47994,1.70088,1.61931,-0.0815743,60.0
1744878965209006.0,-7549.25,-32.7929,1.47994,1.70088,1.71619,0.0153129,60.0
1744878965229666.0,-7549.25,-29.3763,1.47992,1.61931,1.61882,-0.000480835,60.0
1744878965250116.0,-7549.25,-29.3763,1.47992,1.61931,1.5544,-0.0649022,60.0
1744878965271013.0,-7549.25,-29.3763,1.47992,1.61931,1.74864,0.129333,60.0
1744878965291974.0,-7549.67,-26.643,1.48041,1.5544,1.65562,0.101217,60.0
1744878965312385.0,-7549.67,-26.643,1.48041,1.5544,1.47277,-0.0816291,60.0
1744878965333129.0,-7550.09,-23.2265,1.4809,1.65562,1.61526,-0.0403627,60.0
1744878965353708.0,-7550.09,-23.2265,1.4809,1.65562,1.76138,0.105756,60.0
1744878965374344.0,-7550.52,-20.4932,1.4814,1.61526,1.71006,0.0948055,60.0
1744878965395147.0,-7550.52,-20.4932,1.4814,1.61526,1.59999,-0.015263,60.0
1744878965415787.0,-7550.52,-20.4932,1.4814,1.61526,1.56644,-0.0488195,60.0
1744878965436495.0,-7550.94,-17.7599,1.48189,1.59999,1.64635,0.0463535,60.0
1744878965457245.0,-7550.94,-17.7599,1.48189,1.59999,1.57792,-0.0220701,60.0
1744878965477952.0,-7550.94,-14.3433,1.48188,1.64635,1.78084,0.134488,60.0
1744878965498803.0,-7550.94,-14.3433,1.48188,1.64635,1.67601,0.0296656,60.0
1744878965519512.0,-7550.94,-14.3433,1.48188,1.64635,1.54967,-0.0966777,60.0
1744878965540323.0,-7551.36,-11.61,1.48238,1.67601,1.7266,0.0505843,60.0
1744878965560993.0,-7551.36,-11.61,1.48238,1.67601,1.72542,0.0494068,60.0
1744878965581610.0,-7551.79,-8.87673,1.48288,1.7266,1.64349,-0.0831063,60.0
1744878965602240.0,-7551.79,-8.87673,1.48288,1.7266,1.71548,-0.0111159,60.0
1744878965623032.0,-7551.79,-8.87673,1.48288,1.7266,1.58099,-0.145609,60.0
1744878965643860.0,-7551.79,-5.46013,1.48287,1.71548,1.63632,-0.0791623,60.0
1744878965664451.0,-7551.79,-5.46013,1.48287,1.71548,1.58265,-0.132828,60.0
1744878965685082.0,-7552.21,-2.72685,1.48338,1.63632,1.70874,0.0724183,60.0
1744878965705793.0,-7552.21,-2.72685,1.48338,1.63632,1.74153,0.105212,60.0
1744878965726651.0,-7552.21,-2.72685,1.48338,1.63632,1.77434,0.138025,60.0
1744878965747405.0,-7552.63,0.689749,1.48388,1.74153,1.72532,-0.016207,60.0
1744878965768101.0,-7552.63,0.689749,1.48388,1.74153,1.71136,-0.0301747,60.0
1744878965788861.0,-7553.06,3.42303,1.48438,1.72532,1.76833,0.0430077,60.0
1744878965809718.0,-7553.06,3.42303,1.48438,1.72532,1.77813,0.0528046,60.0
1744878965830356.0,-7553.06,6.15631,1.48438,1.76833,1.72478,-0.0435474,60.0
1744878965851391.0,-7553.06,6.15631,1.48438,1.76833,1.65384,-0.11449,60.0
1744878965872001.0,-7553.06,6.15631,1.48438,1.76833,1.69749,-0.0708421,60.0
1744878965892506.0,-7553.48,9.57291,1.48489,1.65384,1.75348,0.0996406,60.0
1744878965913173.0,-7553.48,9.57291,1.48489,1.65384,1.61243,-0.0414166,60.0
1744878965933930.0,-7553.9,12.3062,1.4854,1.75348,1.76052,0.00704138,60.0
1744878965955024.0,-7553.9,12.3062,1.4854,1.75348,1.62141,-0.132068,60.0
1744878965975544.0,-7553.9,12.3062,1.4854,1.75348,1.61203,-0.141451,60.0
1744878965996220.0,-7554.33,15.0395,1.48591,1.62141,1.51261,-0.108806,60.0
1744878966016920.0,-7554.33,15.0395,1.48591,1.62141,1.60073,-0.0206822,60.0
1744878966037649.0,-7554.75,18.4561,1.48642,1.51261,1.51768,0.00507329,60.0
1744878966058410.0,-7554.75,18.4561,1.48642,1.51261,1.55995,0.0473439,60.0
1744878966079138.0,-7554.75,18.4561,1.48642,1.51261,1.40487,-0.107737,60.0
1744878966099915.0,-7554.75,21.1894,1.48643,1.55995,1.72405,0.164102,60.0
1744878966120777.0,-7554.75,21.1894,1.48643,1.55995,1.56614,0.00618577,60.0
1744878966141478.0,-7555.17,23.9226,1.48694,1.72405,1.75524,0.0311879,60.0
1744878966162207.0,-7555.17,23.9226,1.48694,1.72405,1.67454,-0.0495168,60.0
1744878966183066.0,-7555.17,23.9226,1.48694,1.72405,1.69975,-0.0243041,60.0
1744878966203664.0,-7555.6,27.3392,1.48746,1.67454,1.82971,0.155169,60.0
1744878966224309.0,-7555.6,27.3392,1.48746,1.67454,1.69694,0.0224058,60.0
1744878966244980.0,-7555.6,30.0725,1.48747,1.82971,1.75331,-0.0764014,60.0
1744878966265718.0,-7555.6,30.0725,1.48747,1.82971,1.78868,-0.0410226,60.0
1744878966286659.0,-7556.02,33.4891,1.48799,1.75331,1.74333,-0.00997349,60.0
1744878966307463.0,-7556.02,33.4891,1.48799,1.75331,1.77704,0.0237323,60.0
1744878966328139.0,-7556.02,33.4891,1.48799,1.75331,1.80703,0.0537295,60.0
1744878966348818.0,-7556.44,36.2224,1.48851,1.77704,1.78592,0.00888601,60.0
1744878966369357.0,-7556.44,36.2224,1.48851,1.77704,1.85491,0.0778704,60.0
1744878966390033.0,-7556.87,38.9557,1.48903,1.78592,1.65309,-0.132835,60.0
1744878966410836.0,-7556.87,38.9557,1.48903,1.78592,1.71055,-0.0753767,60.0
1744878966431552.0,-7556.87,38.9557,1.48903,1.78592,1.76323,-0.022689,60.0
1744878966453008.0,-7557.29,42.3723,1.48955,1.71055,1.68882,-0.021729,60.0
1744878966473678.0,-7557.29,42.3723,1.48955,1.71055,1.83753,0.126987,60.0
1744878966494083.0,-7557.71,45.1056,1.49007,1.68882,1.63047,-0.0583503,60.0
1744878966514757.0,-7557.71,45.1056,1.49007,1.68882,1.57986,-0.108958,60.0
1744878966536169.0,-7557.71,45.1056,1.49007,1.68882,1.60092,-0.087898,60.0
1744878966556843.0,-7557.71,47.8389,1.49009,1.57986,1.55991,-0.0199512,60.0
1744878966577422.0,-7557.71,47.8389,1.49009,1.57986,1.68245,0.102587,60.0
1744878966598055.0,-7558.14,51.2555,1.49062,1.55991,1.6721,0.112191,60.0
1744878966618487.0,-7558.14,51.2555,1.49062,1.55991,1.5754,0.0154937,60.0
1744878966639387.0,-7558.14,51.2555,1.49062,1.55991,1.63026,0.0703463,60.0
1744878966660209.0,-7558.56,53.9888,1.49115,1.5754,1.65729,0.0818876,60.0
1744878966680798.0,-7558.56,53.9888,1.49115,1.5754,1.67812,0.102714,60.0
1744878966701386.0,-7558.99,56.722,1.49167,1.65729,1.78644,0.129153,60.0
1744878966722070.0,-7558.99,56.722,1.49167,1.65729,1.71763,0.0603382,60.0
1744878966742786.0,-7558.99,60.1387,1.49171,1.78644,1.74315,-0.0432888,60.0
1744878966763756.0,-7558.99,60.1387,1.49171,1.78644,1.78504,-0.0014072,60.0
1744878966784479.0,-7558.99,60.1387,1.49171,1.78644,1.69449,-0.091957,60.0
1744878966805321.0,-7559.41,62.8719,1.49224,1.78504,1.75213,-0.0329021,60.0
1744878966825830.0,-7559.41,62.8719,1.49224,1.78504,1.87629,0.0912559,60.0
1744878966846524.0,-7559.83,65.6052,1.49277,1.75213,1.5884,-0.163731,60.0
1744878966867260.0,-7559.83,65.6052,1.49277,1.75213,1.72567,-0.0264621,60.0
1744878966887827.0,-7559.83,65.6052,1.49277,1.75213,1.59681,-0.155321,60.0
1744878966908663.0,-7560.26,69.0218,1.49331,1.72567,1.82009,0.0944165,60.0
1744878966929243.0,-7560.26,69.0218,1.49331,1.72567,1.82312,0.0974454,60.0
1744878966949929.0,-7560.68,71.7551,1.49384,1.82009,1.71822,-0.101864,60.0
1744878966970559.0,-7560.68,71.7551,1.49384,1.82009,1.7542,-0.0658843,60.0
1744878966991258.0,-7560.68,71.7551,1.49384,1.82009,1.74901,-0.0710784,60.0
1744878967011978.0,-7561.1,75.1717,1.49438,1.7542,1.85216,0.0979579,60.0
1744878967032967.0,-7561.1,75.1717,1.49438,1.7542,1.61294,-0.141262,60.0
1744878967053926.0,-7561.53,77.905,1.49492,1.85216,1.72407,-0.128093,60.0
1744878967074782.0,-7561.53,77.905,1.49492,1.85216,1.69457,-0.15759,60.0
1744878967095486.0,-7561.53,77.905,1.49492,1.85216,1.77961,-0.0725468,60.0
1744878967116060.0,-7561.95,80.6383,1.49546,1.69457,1.71718,0.0226038,60.0
1744878967136684.0,-7561.95,80.6383,1.49546,1.69457,1.71371,0.0191352,60.0
1744878967157660.0,-7562.37,84.0549,1.496,1.71718,1.77075,0.0535747,60.0
1744878967178343.0,-7562.37,84.0549,1.496,1.71718,1.61712,-0.100057,60.0
1744878967198937.0,-7562.8,86.7882,1.49654,1.77075,1.60651,-0.164243,60.0
1744878967219458.0,-7562.8,86.7882,1.49654,1.77075,1.7738,0.00305414,60.0
1744878967240239.0,-7562.8,86.7882,1.49654,1.77075,1.77649,0.0057407,60.0
1744878967261090.0,-7563.22,89.5215,1.49708,1.7738,1.68468,-0.0891247,60.0
1744878967281887.0,-7563.22,89.5215,1.49708,1.7738,1.75455,-0.0192546,60.0
1744878967302463.0,-7563.64,92.9381,1.49764,1.68468,1.52626,-0.158415,60.0
1744878967323626.0,-7563.64,92.9381,1.49764,1.68468,1.64372,-0.0409612,60.0
1744878967344347.0,-7563.64,92.9381,1.49764,1.68468,1.71039,0.0257087,60.0
1744878967364906.0,-7564.07,95.6714,1.49818,1.64372,1.64712,0.00340098,60.0
1744878967386202.0,-7564.07,95.6714,1.49818,1.64372,1.75849,0.114768,60.0
1744878967407517.0,-7564.49,98.4047,1.49873,1.64712,1.68959,0.0424683,60.0
1744878967428071.0,-7564.49,98.4047,1.49873,1.64712,1.77994,0.132821,60.0
1744878967448815.0,-7564.49,98.4047,1.49873,1.64712,1.55289,-0.0942342,60.0
1744878967469691.0,-7564.49,101.821,1.49878,1.77994,1.63196,-0.147983,60.0
1744878967490154.0,-7564.49,101.821,1.49878,1.77994,1.91224,0.132296,60.0
1744878967511192.0,-7564.91,104.555,1.49933,1.63196,1.73932,0.107359,60.0
1744878967532025.0,-7564.91,104.555,1.49933,1.63196,1.57686,-0.0550962,60.0
1744878967552810.0,-7564.91,104.555,1.49933,1.63196,1.58677,-0.0451851,60.0
1744878967573450.0,-7565.34,107.288,1.49988,1.57686,1.6756,0.0987371,60.0
1744878967593953.0,-7565.34,107.288,1.49988,1.57686,1.49175,-0.0851104,60.0
1744878967614979.0,-7565.76,110.704,1.50044,1.6756,1.73249,0.0568896,60.0
1744878967635721.0,-7565.76,110.704,1.50044,1.6756,1.80264,0.127044,60.0
1744878967656666.0,-7565.76,110.704,1.50044,1.6756,1.67596,0.000362616,60.0
1744878967677216.0,-7566.18,113.438,1.50099,1.80264,1.70077,-0.101871,60.0
1744878967697876.0,-7566.18,113.438,1.50099,1.80264,1.81806,0.0154164,60.0
1744878967718506.0,-7566.61,116.171,1.50154,1.70077,1.7312,0.0304298,60.0
1744878967739224.0,-7566.61,116.171,1.50154,1.70077,1.66035,-0.0404196,60.0
1744878967759989.0,-7567.03,119.588,1.50211,1.7312,1.8218,0.0906032,60.0
1744878967781029.0,-7567.03,119.588,1.50211,1.7312,1.8078,0.076603,60.0
1744878967801487.0,-7567.03,119.588,1.50211,1.7312,1.70068,-0.0305162,60.0
1744878967822179.0,-7567.45,122.321,1.50266,1.8078,1.71394,-0.0938674,60.0
1744878967842904.0,-7567.45,122.321,1.50266,1.8078,1.74081,-0.0669914,60.0
1744878967863761.0,-7567.88,125.738,1.50323,1.71394,1.68806,-0.0258801,60.0
1744878967884425.0,-7567.88,125.738,1.50323,1.71394,1.67137,-0.0425628,60.0
1744878967905166.0,-7567.88,125.738,1.50323,1.71394,1.73413,0.0201929,60.0
1744878967925930.0,-7568.3,128.471,1.50379,1.67137,1.75218,0.0808061,60.0
1744878967946908.0,-7568.3,128.471,1.50379,1.67137,1.56317,-0.108206,60.0
1744878967967660.0,-7568.72,131.204,1.50435,1.75218,1.60691,-0.145271,60.0
1744878967988228.0,-7568.72,131.204,1.50435,1.75218,1.68493,-0.0672499,60.0
1744878968008843.0,-7568.72,131.204,1.50435,1.75218,1.66875,-0.0834247,60.0
1744878968029538.0,-7569.15,134.621,1.50493,1.68493,1.55498,-0.129947,60.0
1744878968050204.0,-7569.15,134.621,1.50493,1.68493,1.6695,-0.0154325,60.0
1744878968071067.0,-7569.57,137.354,1.50549,1.55498,1.56464,0.00965756,60.0
1744878968091753.0,-7569.57,137.354,1.50549,1.55498,1.62904,0.0740587,60.0
1744878968112528.0,-7569.57,137.354,1.50549,1.55498,1.58867,0.0336918,60.0
1744878968133111.0,-7570.0,140.087,1.50605,1.62904,1.62631,-0.0027358,60.0
1744878968153875.0,-7570.0,140.087,1.50605,1.62904,1.78687,0.157828,60.0
1744878968174221.0,-7570.42,143.504,1.50663,1.62631,1.71482,0.0885106,60.0
1744878968195149.0,-7570.42,143.504,1.50663,1.62631,1.64876,0.0224527,60.0
1744878968215823.0,-7570.84,146.237,1.5072,1.71482,1.71686,0.0020399,60.0
1744878968236536.0,-7570.84,146.237,1.5072,1.71482,1.72468,0.00986446,60.0
1744878968257383.0,-7570.84,146.237,1.5072,1.71482,1.66241,-0.052405,60.0
1744878968277914.0,-7570.84,148.971,1.50726,1.72468,1.73364,0.00895622,60.0
1744878968298924.0,-7570.84,148.971,1.50726,1.72468,1.73919,0.0145119,60.0
1744878968319948.0,-7571.27,152.387,1.50785,1.73364,1.69346,-0.0401747,60.0
1744878968340576.0,-7571.27,152.387,1.50785,1.73364,1.74447,0.0108381,60.0
1744878968361434.0,-7571.27,152.387,1.50785,1.73364,1.7875,0.0538596,60.0
1744878968382078.0,-7571.69,155.12,1.50842,1.74447,1.59206,-0.152411,60.0
1744878968402478.0,-7571.69,155.12,1.50842,1.74447,1.78406,0.0395841,60.0
1744878968423210.0,-7572.11,157.854,1.50899,1.59206,1.56335,-0.0287094,60.0
1744878968444006.0,-7572.11,157.854,1.50899,1.59206,1.57294,-0.0191213,60.0
1744878968465045.0,-7572.11,157.854,1.50899,1.59206,1.65895,0.0668836,60.0
1744878968486162.0,-7572.54,161.27,1.50958,1.57294,1.64835,0.0754105,60.0
1744878968506784.0,-7572.54,161.27,1.50958,1.57294,1.72794,0.154993,60.0
1744878968527625.0,-7572.96,164.004,1.51015,1.64835,1.64902,0.000667222,60.0
1744878968548481.0,-7572.96,164.004,1.51015,1.64835,1.76556,0.117211,60.0
1744878968568797.0,-7573.38,166.737,1.51072,1.64902,1.77226,0.123237,60.0
1744878968589601.0,-7573.38,166.737,1.51072,1.64902,1.67611,0.0270902,60.0
1744878968610197.0,-7573.38,166.737,1.51072,1.64902,1.64902,4.18921e-06,60.0
1744878968630937.0,-7573.38,170.154,1.51081,1.67611,1.73836,0.0622497,60.0
1744878968652002.0,-7573.38,170.154,1.51081,1.67611,1.69297,0.0168592,60.0
1744878968672554.0,-7573.81,172.887,1.51139,1.73836,1.65359,-0.0847747,60.0
1744878968693103.0,-7573.81,172.887,1.51139,1.73836,1.66208,-0.0762805,60.0
1744878968713738.0,-7573.81,172.887,1.51139,1.73836,1.74986,0.0115044,60.0
1744878968734513.0,-7574.23,176.303,1.51199,1.66208,1.54106,-0.121019,60.0
1744878968754907.0,-7574.23,176.303,1.51199,1.66208,1.69894,0.0368598,60.0
1744878968775658.0,-7574.65,179.037,1.51257,1.54106,1.5982,0.0571378,60.0
1744878968796316.0,-7574.65,179.037,1.51257,1.54106,1.57203,0.0309703,60.0
1744878968817053.0,-7574.65,179.037,1.51257,1.54106,1.61007,0.0690061,60.0
1744878968838128.0,-7575.08,181.77,1.51315,1.57203,1.60248,0.0304464,60.0
1744878968858745.0,-7575.08,181.77,1.51315,1.57203,1.69106,0.119033,60.0
1744878968879459.0,-7575.08,185.187,1.51325,1.60248,1.54036,-0.0621177,60.0
1744878968900033.0,-7575.08,185.187,1.51325,1.60248,1.70997,0.107493,60.0
1744878968920934.0,-7575.08,185.187,1.51325,1.60248,1.7245,0.122024,60.0
1744878968941414.0,-7575.5,187.92,1.51383,1.70997,1.60362,-0.106347,60.0
1744878968962605.0,-7575.5,187.92,1.51383,1.70997,1.83239,0.122423,60.0
1744878968983360.0,-7575.92,190.653,1.51442,1.60362,1.56949,-0.0341377,60.0
1744878969004212.0,-7575.92,190.653,1.51442,1.60362,1.63122,0.0276004,60.0
1744878969024640.0,-7575.92,194.07,1.51452,1.56949,1.7131,0.143614,60.0
1744878969045288.0,-7575.92,194.07,1.51452,1.56949,1.68572,0.116233,60.0
1744878969066006.0,-7575.92,194.07,1.51452,1.56949,1.68393,0.114444,60.0
1744878969087110.0,-7576.35,196.803,1.51511,1.68572,1.64718,-0.0385395,60.0
1744878969107757.0,-7576.35,196.803,1.51511,1.68572,1.59976,-0.0859564,60.0
1744878969128348.0,-7576.77,200.22,1.51572,1.64718,1.72656,0.0793831,60.0
1744878969149039.0,-7576.77,200.22,1.51572,1.64718,1.6306,-0.0165773,60.0
1744878969169697.0,-7576.77,200.22,1.51572,1.64718,1.61944,-0.0277369,60.0
1744878969190360.0,-7576.77,202.953,1.51581,1.6306,1.5272,-0.103401,60.0
1744878969211051.0,-7576.77,202.953,1.51581,1.6306,1.74703,0.116423,60.0
1744878969232134.0,-7577.19,205.686,1.5164,1.5272,1.64416,0.116961,60.0
1744878969252795.0,-7577.19,205.686,1.5164,1.5272,1.54604,0.0188384,60.0
1744878969273445.0,-7577.19,205.686,1.5164,1.5272,1.57972,0.0525214,60.0
1744878969294201.0,-7577.62,209.103,1.51701,1.54604,1.64134,0.0952988,60.0
1744878969314907.0,-7577.62,209.103,1.51701,1.54604,1.69103,0.144994,60.0
1744878969335595.0,-7577.62,211.836,1.5171,1.64134,1.74435,0.103011,60.0
1744878969356460.0,-7577.62,211.836,1.5171,1.64134,1.76368,0.122342,60.0
1744878969376762.0,-7577.62,211.836,1.5171,1.64134,1.59955,-0.0417866,60.0
1744878969397772.0,-7578.04,214.57,1.5177,1.76368,1.76046,-0.00321778,60.0
1744878969418375.0,-7578.04,214.57,1.5177,1.76368,1.62316,-0.140521,60.0
1744878969438988.0,-7578.04,217.986,1.51781,1.76046,1.74821,-0.0122559,60.0
1744878969460170.0,-7578.04,217.986,1.51781,1.76046,1.62325,-0.137213,60.0
1744878969480923.0,-7578.46,220.72,1.51841,1.74821,1.72106,-0.0271429,60.0
1744878969501529.0,-7578.46,220.72,1.51841,1.74821,1.75893,0.0107202,60.0
1744878969522188.0,-7578.46,220.72,1.51841,1.74821,1.67621,-0.0719953,60.0
1744878969543004.0,-7578.89,223.453,1.51901,1.75893,1.68952,-0.0694055,60.0
1744878969563519.0,-7578.89,223.453,1.51901,1.75893,1.64931,-0.109613,60.0
1744878969584177.0,-7578.89,226.869,1.51913,1.68952,1.76543,0.0759116,60.0
1744878969605301.0,-7578.89,226.869,1.51913,1.68952,1.74408,0.0545593,60.0
1744878969625861.0,-7578.89,226.869,1.51913,1.68952,1.65055,-0.0389762,60.0
1744878969646448.0,-7579.31,229.603,1.51973,1.74408,1.64973,-0.0943472,60.0
1744878969667163.0,-7579.31,229.603,1.51973,1.74408,1.6276,-0.116476,60.0
1744878969688215.0,-7579.73,233.019,1.52036,1.64973,1.79277,0.143036,60.0
1744878969708709.0,-7579.73,233.019,1.52036,1.64973,1.62242,-0.0273124,60.0
1744878969729374.0,-7579.73,233.019,1.52036,1.64973,1.55985,-0.089888,60.0
1744878969750037.0,-7580.16,235.753,1.52097,1.62242,1.72404,0.101623,60.0
1744878969770870.0,-7580.16,235.753,1.52097,1.62242,1.74417,0.121753,60.0
1744878969791338.0,-7580.16,238.486,1.52107,1.72404,1.85793,0.133889,60.0
1744878969811984.0,-7580.16,238.486,1.52107,1.72404,1.80659,0.0825498,60.0
1744878969834024.0,-7580.58,241.903,1.5217,1.85793,1.92597,0.0680399,60.0
1744878969854917.0,-7580.58,241.903,1.5217,1.85793,1.84364,-0.0142965,60.0
1744878969875976.0,-7580.58,241.903,1.5217,1.85793,1.69439,-0.163539,60.0
1744878969896697.0,-7581.0,244.636,1.52231,1.84364,1.69972,-0.143912,60.0
1744878969917298.0,-7581.0,244.636,1.52231,1.84364,1.72478,-0.118858,60.0
1744878969938311.0,-7581.43,247.369,1.52292,1.69972,1.67922,-0.0205004,60.0
1744878969959294.0,-7581.43,247.369,1.52292,1.69972,1.64869,-0.0510387,60.0
1744878969980029.0,-7581.43,247.369,1.52292,1.69972,1.83342,0.133696,60.0
1744878970000539.0,-7581.85,250.786,1.52356,1.64869,1.51644,-0.132245,60.0
1744878970021417.0,-7581.85,250.786,1.52356,1.64869,1.71313,0.0644418,60.0
1744878970042100.0,-7581.85,253.519,1.52367,1.51644,1.53209,0.0156521,60.0
1744878970062722.0,-7581.85,253.519,1.52367,1.51644,1.65485,0.138414,60.0
1744878970083829.0,-7581.85,253.519,1.52367,1.51644,1.6156,0.0991602,60.0
1744878970104669.0,-7582.27,256.936,1.52431,1.65485,1.77743,0.122574,60.0
1744878970125496.0,-7582.27,256.936,1.52431,1.65485,1.65847,0.00361287,60.0
1744878970146085.0,-7582.7,259.669,1.52492,1.77743,1.686,-0.0914276,60.0
1744878970166879.0,-7582.7,259.669,1.52492,1.77743,1.77052,-0.0069058,60.0
1744878970187739.0,-7583.12,262.402,1.52554,1.77052,1.68629,-0.0842297,60.0
1744878970208832.0,-7583.12,262.402,1.52554,1.77052,1.62003,-0.150496,60.0
1744878970229631.0,-7583.12,262.402,1.52554,1.77052,1.68887,-0.0816512,60.0
1744878970251946.0,-7583.54,265.819,1.52619,1.62003,1.75694,0.136911,60.0
1744878970272805.0,-7583.54,265.819,1.52619,1.62003,1.50341,-0.116617,60.0
1744878970293628.0,-7583.54,268.552,1.5263,1.75694,1.70373,-0.0532052,60.0
1744878970314476.0,-7583.54,268.552,1.5263,1.75694,1.67316,-0.0837721,60.0
1744878970335350.0,-7583.54,268.552,1.5263,1.75694,1.61206,-0.144875,60.0
1744878970356095.0,-7583.97,271.286,1.52692,1.67316,1.52408,-0.149086,60.0
1744878970376835.0,-7583.97,271.286,1.52692,1.67316,1.70216,0.0289936,60.0
1744878970397501.0,-7584.39,274.702,1.52757,1.52408,1.57544,0.0513653,60.0
1744878970418170.0,-7584.39,274.702,1.52757,1.52408,1.55625,0.0321753,60.0
1744878970438651.0,-7584.39,274.702,1.52757,1.52408,1.57569,0.0516087,60.0
1744878970459742.0,-7584.81,277.435,1.52819,1.55625,1.65424,0.0979841,60.0
1744878970480393.0,-7584.81,277.435,1.52819,1.55625,1.68472,0.128471,60.0
1744878970501023.0,-7584.81,280.169,1.52831,1.65424,1.64143,-0.0128052,60.0
1744878970522029.0,-7584.81,280.169,1.52831,1.65424,1.64154,-0.0127011,60.0
1744878970542839.0,-7585.24,283.585,1.52897,1.64143,1.64055,-0.000884007,60.0
1744878970563580.0,-7585.24,283.585,1.52897,1.64143,1.65504,0.0136088,60.0
1744878970584287.0,-7585.24,283.585,1.52897,1.64143,1.49982,-0.141617,60.0
1744878970605032.0,-7585.66,286.319,1.5296,1.65504,1.66817,0.0131255,60.0
1744878970625582.0,-7585.66,286.319,1.5296,1.65504,1.72968,0.0746387,60.0
1744878970646272.0,-7586.08,289.735,1.53025,1.66817,1.69363,0.0254623,60.0
1744878970666877.0,-7586.08,289.735,1.53025,1.66817,1.64795,-0.0202174,60.0
1744878970687669.0,-7586.08,289.735,1.53025,1.66817,1.73098,0.0628161,60.0
1744878970708244.0,-7586.08,292.469,1.53038,1.64795,1.65058,0.00263224,60.0
1744878970728836.0,-7586.08,292.469,1.53038,1.64795,1.66895,0.0210031,60.0
1744878970749672.0,-7586.51,295.202,1.53101,1.65058,1.81469,0.16411,60.0
1744878970770155.0,-7586.51,295.202,1.53101,1.65058,1.53954,-0.111046,60.0
1744878970790877.0,-7586.51,295.202,1.53101,1.65058,1.73708,0.0864934,60.0
1744878970811890.0,-7586.93,298.619,1.53167,1.53954,1.67137,0.131839,60.0
1744878970832406.0,-7586.93,298.619,1.53167,1.53954,1.47182,-0.0677114,60.0
1744878970853063.0,-7586.93,301.352,1.5318,1.67137,1.74851,0.0771347,60.0
1744878970873796.0,-7586.93,301.352,1.5318,1.67137,1.69426,0.0228855,60.0
1744878970894382.0,-7586.93,301.352,1.5318,1.67137,1.77413,0.102755,60.0
1744878970915334.0,-7587.35,304.085,1.53244,1.69426,1.57938,-0.114876,60.0
1744878970935824.0,-7587.35,304.085,1.53244,1.69426,1.643,-0.0512569,60.0
1744878970956953.0,-7587.78,307.502,1.5331,1.57938,1.59248,0.0130936,60.0
1744878970977664.0,-7587.78,307.502,1.5331,1.57938,1.59044,0.0110529,60.0
1744878970998160.0,-7587.78,310.235,1.53324,1.59248,1.69368,0.101198,60.0
1744878971018775.0,-7587.78,310.235,1.53324,1.59248,1.66371,0.0712279,60.0
1744878971039422.0,-7587.78,310.235,1.53324,1.59248,1.64269,0.0502138,60.0
1744878971060005.0,-7588.2,312.968,1.53387,1.66371,1.53317,-0.13054,60.0
1744878971080901.0,-7588.2,312.968,1.53387,1.66371,1.78872,0.125019,60.0
1744878971101671.0,-7588.2,316.385,1.53404,1.53317,1.67823,0.145069,60.0
1744878971122693.0,-7588.2,316.385,1.53404,1.53317,1.50419,-0.0289752,60.0
1744878971143195.0,-7588.2,316.385,1.53404,1.53317,1.37311,-0.160058,60.0
1744878971163880.0,-7588.62,319.118,1.53468,1.50419,1.51123,0.007037,60.0
1744878971184591.0,-7588.62,319.118,1.53468,1.50419,1.63949,0.135295,60.0
1744878971205501.0,-7588.62,322.535,1.53486,1.51123,1.59431,0.0830782,60.0
1744878971226150.0,-7588.62,322.535,1.53486,1.51123,1.59971,0.0884814,60.0
1744878971246989.0,-7588.62,322.535,1.53486,1.51123,1.49727,-0.0139558,60.0
1744878971267490.0,-7589.05,325.268,1.5355,1.59971,1.58857,-0.0111359,60.0
1744878971288330.0,-7589.05,325.268,1.5355,1.59971,1.53855,-0.0611599,60.0
1744878971308992.0,-7589.05,328.002,1.53564,1.58857,1.51174,-0.076836,60.0
1744878971329728.0,-7589.05,328.002,1.53564,1.58857,1.68738,0.0988103,60.0
1744878971350391.0,-7589.05,328.002,1.53564,1.58857,1.53544,-0.0531362,60.0
1744878971371117.0,-7589.47,331.418,1.53632,1.68738,1.55521,-0.132171,60.0
1744878971391801.0,-7589.47,331.418,1.53632,1.68738,1.59015,-0.0972355,60.0
1744878971412496.0,-7589.47,334.151,1.53646,1.55521,1.69966,0.144453,60.0
1744878971433364.0,-7589.47,334.151,1.53646,1.55521,1.59844,0.0432315,60.0
1744878971454435.0,-7589.89,337.568,1.53715,1.69966,1.63224,-0.067423,60.0
1744878971475223.0,-7589.89,337.568,1.53715,1.69966,1.74435,0.0446868,60.0
1744878971496150.0,-7589.89,337.568,1.53715,1.69966,1.86376,0.164096,60.0
1744878971517034.0,-7589.89,340.301,1.53729,1.74435,1.58693,-0.157425,60.0
1744878971537372.0,-7589.89,340.301,1.53729,1.74435,1.84137,0.0970167,60.0
1744878971558070.0,-7590.32,343.035,1.53794,1.58693,1.74414,0.157216,60.0
1744878971579140.0,-7590.32,343.035,1.53794,1.58693,1.66001,0.0730819,60.0
1744878971599733.0,-7590.32,343.035,1.53794,1.58693,1.57246,-0.0144615,60.0
1744878971620358.0,-7590.32,346.451,1.53813,1.66001,1.61643,-0.043574,60.0
1744878971641026.0,-7590.32,346.451,1.53813,1.66001,1.54938,-0.110626,60.0
1744878971661564.0,-7590.32,349.185,1.53828,1.61643,1.71155,0.0951171,60.0
1744878971682150.0,-7590.32,349.185,1.53828,1.61643,1.67997,0.0635353,60.0
1744878971703001.0,-7590.32,349.185,1.53828,1.61643,1.55763,-0.0588015,60.0
1744878971723932.0,-7590.74,351.918,1.53893,1.67997,1.58723,-0.0927401,60.0
1744878971744330.0,-7590.74,351.918,1.53893,1.67997,1.63955,-0.0404164,60.0
1744878971765173.0,-7590.74,355.335,1.53912,1.58723,1.71111,0.123878,60.0
1744878971785818.0,-7590.74,355.335,1.53912,1.58723,1.67377,0.086538,60.0
1744878971806481.0,-7590.74,355.335,1.53912,1.58723,1.60924,0.022007,60.0
1744878971826890.0,-7591.16,358.068,1.53978,1.67377,1.65213,-0.0216353,60.0
1744878971847430.0,-7591.16,358.068,1.53978,1.67377,1.77465,0.100881,60.0
1744878971868431.0,-7591.16,361.484,1.53997,1.65213,1.49046,-0.161668,60.0
1744878971889105.0,-7591.16,361.484,1.53997,1.65213,1.80034,0.148203,60.0
1744878971909904.0,-7591.59,364.218,1.54063,1.80034,1.70623,-0.0941078,60.0
1744878971930464.0,-7591.59,364.218,1.54063,1.80034,1.80274,0.00240011,60.0
1744878971951321.0,-7591.59,364.218,1.54063,1.80034,1.66872,-0.131615,60.0
1744878971972154.0,-7591.59,366.951,1.54079,1.80274,1.75867,-0.0440624,60.0
1744878971992801.0,-7591.59,366.951,1.54079,1.80274,1.68768,-0.115057,60.0
1744878972013482.0,-7592.01,370.368,1.54149,1.75867,1.61975,-0.138924,60.0
1744878972034225.0,-7592.01,370.368,1.54149,1.75867,1.69941,-0.0592607,60.0
1744878972055235.0,-7592.01,370.368,1.54149,1.75867,1.69849,-0.060188,60.0
1744878972075935.0,-7592.43,373.101,1.54215,1.69941,1.79578,0.0963698,60.0
1744878972096713.0,-7592.43,373.101,1.54215,1.69941,1.67519,-0.0242247,60.0
1744878972117432.0,-7592.43,375.834,1.54231,1.79578,1.80526,0.00947869,60.0
1744878972138539.0,-7592.43,375.834,1.54231,1.79578,1.7214,-0.0743821,60.0
1744878972158772.0,-7592.43,375.834,1.54231,1.79578,1.82621,0.0304281,60.0
1744878972179474.0,-7592.86,379.251,1.54302,1.7214,1.85722,0.135819,60.0
1744878972200198.0,-7592.86,379.251,1.54302,1.7214,1.65307,-0.0683278,60.0
1744878972220927.0,-7593.28,381.984,1.54369,1.85722,1.84046,-0.016758,60.0
1744878972241652.0,-7593.28,381.984,1.54369,1.85722,1.76852,-0.0887011,60.0
1744878972262250.0,-7593.28,381.984,1.54369,1.85722,1.8115,-0.0457158,60.0
1744878972282988.0,-7593.7,385.401,1.5444,1.76852,1.61715,-0.151367,60.0
1744878972303625.0,-7593.7,385.401,1.5444,1.76852,1.79297,0.0244547,60.0
1744878972324374.0,-7593.7,388.134,1.54457,1.61715,1.69882,0.081671,60.0
1744878972345335.0,-7593.7,388.134,1.54457,1.61715,1.5538,-0.0633487,60.0
1744878972366145.0,-7594.13,390.867,1.54524,1.69882,1.82986,0.131034,60.0
1744878972387103.0,-7594.13,390.867,1.54524,1.69882,1.63615,-0.0626719,60.0
1744878972407823.0,-7594.13,390.867,1.54524,1.69882,1.5917,-0.107117,60.0
1744878972428507.0,-7594.55,394.284,1.54595,1.63615,1.67739,0.0412445,60.0
1744878972449373.0,-7594.55,394.284,1.54595,1.63615,1.6387,0.00255498,60.0
1744878972470383.0,-7594.97,397.017,1.54663,1.67739,1.57793,-0.0994653,60.0
1744878972491037.0,-7594.97,397.017,1.54663,1.67739,1.58868,-0.088711,60.0
1744878972511735.0,-7594.97,397.017,1.54663,1.67739,1.6307,-0.0466898,60.0
1744878972532491.0,-7594.97,399.751,1.5468,1.58868,1.62841,0.0397293,60.0
1744878972553197.0,-7594.97,399.751,1.5468,1.58868,1.74934,0.160655,60.0
1744878972573771.0,-7595.4,403.167,1.54752,1.62841,1.73755,0.10914,60.0
1744878972594574.0,-7595.4,403.167,1.54752,1.62841,1.56387,-0.0645383,60.0
1744878972615222.0,-7595.4,403.167,1.54752,1.62841,1.5837,-0.0447091,60.0
1744878972635961.0,-7595.82,405.901,1.5482,1.56387,1.55506,-0.00881867,60.0
1744878972656860.0,-7595.82,405.901,1.5482,1.56387,1.70107,0.137191,60.0
1744878972677470.0,-7596.24,408.634,1.54888,1.55506,1.61087,0.0558184,60.0
1744878972698033.0,-7596.24,408.634,1.54888,1.55506,1.49071,-0.0643414,60.0
1744878972718944.0,-7596.24,408.634,1.54888,1.55506,1.67625,0.121197,60.0
1744878972739862.0,-7596.24,412.051,1.5491,1.49071,1.48682,-0.0038946,60.0
1744878972760405.0,-7596.24,412.051,1.5491,1.49071,1.42607,-0.0646426,60.0
1744878972780966.0,-7596.67,414.784,1.54978,1.48682,1.56397,0.0771535,60.0
1744878972801751.0,-7596.67,414.784,1.54978,1.48682,1.65077,0.163948,60.0
1744878972822304.0,-7596.67,418.201,1.55,1.56397,1.60269,0.0387152,60.0
1744878972842998.0,-7596.67,418.201,1.55,1.56397,1.52986,-0.0341089,60.0
1744878972863908.0,-7596.67,418.201,1.55,1.56397,1.62953,0.0655544,60.0
1744878972886548.0,-7597.09,420.934,1.55069,1.52986,1.56083,0.0309673,60.0
1744878972906883.0,-7597.09,420.934,1.55069,1.52986,1.68139,0.151521,60.0
1744878972927403.0,-7597.09,423.667,1.55087,1.56083,1.61172,0.0508931,60.0
1744878972948006.0,-7597.09,423.667,1.55087,1.56083,1.56124,0.000411306,60.0
1744878972969044.0,-7597.09,423.667,1.55087,1.56083,1.70201,0.141176,60.0
1744878972990011.0,-7597.51,427.084,1.5516,1.56124,1.57896,0.0177136,60.0
1744878973010888.0,-7597.51,427.084,1.5516,1.56124,1.71226,0.151015,60.0
1744878973031331.0,-7597.51,429.817,1.55178,1.57896,1.62981,0.050849,60.0
1744878973052018.0,-7597.51,429.817,1.55178,1.57896,1.64957,0.0706132,60.0
1744878973072621.0,-7597.51,429.817,1.55178,1.57896,1.64857,0.0696137,60.0
1744878973093156.0,-7597.51,433.234,1.55201,1.64957,1.73408,0.0845091,60.0
1744878973113770.0,-7597.51,433.234,1.55201,1.64957,1.61667,-0.0328954,60.0
1744878973134198.0,-7597.94,435.967,1.55271,1.73408,1.61869,-0.115384,60.0
1744878973154738.0,-7597.94,435.967,1.55271,1.73408,1.76297,0.0288932,60.0
1744878973175864.0,-7597.94,438.7,1.55289,1.61869,1.69437,0.0756769,60.0
1744878973196185.0,-7597.94,438.7,1.55289,1.61869,1.48747,-0.131223,60.0
1744878973217134.0,-7597.94,438.7,1.55289,1.61869,1.55877,-0.059926,60.0
1744878973238284.0,-7598.36,442.117,1.55363,1.48747,1.605,0.117524,60.0
1744878973258673.0,-7598.36,442.117,1.55363,1.48747,1.46907,-0.0184022,60.0
1744878973279168.0,-7598.36,444.85,1.55382,1.605,1.70102,0.0960275,60.0
1744878973299829.0,-7598.36,444.85,1.55382,1.605,1.59615,-0.00884875,60.0
1744878973320603.0,-7598.36,444.85,1.55382,1.605,1.74634,0.141342,60.0
1744878973341312.0,-7598.36,447.584,1.55401,1.59615,1.65277,0.056621,60.0
1744878973362023.0,-7598.36,447.584,1.55401,1.59615,1.5445,-0.0516503,60.0
1744878973382516.0,-7598.78,451.0,1.55476,1.65277,1.80674,0.153977,60.0
1744878973403216.0,-7598.78,451.0,1.55476,1.65277,1.59587,-0.0568939,60.0
1744878973423997.0,-7598.78,451.0,1.55476,1.65277,1.80093,0.148164,60.0
1744878973444845.0,-7598.78,453.733,1.55495,1.59587,1.58364,-0.0122351,60.0
1744878973466207.0,-7598.78,453.733,1.55495,1.59587,1.74294,0.147068,60.0
1744878973487058.0,-7598.78,457.15,1.5552,1.58364,1.61051,0.0268703,60.0
1744878973507861.0,-7598.78,457.15,1.5552,1.58364,1.69469,0.111055,60.0
1744878973528482.0,-7598.78,457.15,1.5552,1.58364,1.55848,-0.0251633,60.0
1744878973549175.0,-7599.21,459.883,1.5559,1.69469,1.81596,0.121265,60.0
1744878973570182.0,-7599.21,459.883,1.5559,1.69469,1.64975,-0.0449433,60.0
1744878973591058.0,-7599.2,462.617,1.5561,1.81596,1.93785,0.121897,60.0
1744878973611910.0,-7599.2,462.617,1.5561,1.81596,1.79357,-0.0223864,60.0
1744878973632553.0,-7599.63,466.033,1.55685,1.93785,1.85035,-0.0875048,60.0
1744878973653282.0,-7599.63,466.033,1.55685,1.93785,1.77998,-0.157875,60.0
1744878973674111.0,-7599.63,466.033,1.55685,1.93785,1.95416,0.0163066,60.0
1744878973694768.0,-7599.63,468.767,1.55705,1.77998,1.62646,-0.153524,60.0
1744878973716070.0,-7599.63,468.767,1.55705,1.77998,1.68236,-0.0976149,60.0
1744878973736384.0,-7600.05,471.5,1.55776,1.62646,1.71332,0.0868637,60.0
1744878973757152.0,-7600.05,471.5,1.55776,1.62646,1.60424,-0.0222202,60.0
1744878973777874.0,-7600.05,471.5,1.55776,1.62646,1.76547,0.139011,60.0
1744878973798537.0,-7600.05,474.917,1.55801,1.60424,1.73295,0.128718,60.0
1744878973819227.0,-7600.05,474.917,1.55801,1.60424,1.63852,0.0342891,60.0
1744878973840072.0,-7600.47,477.65,1.55872,1.73295,1.65906,-0.0738907,60.0
1744878973860866.0,-7600.47,477.65,1.55872,1.73295,1.59303,-0.139924,60.0
1744878973881572.0,-7600.47,477.65,1.55872,1.73295,1.6272,-0.105757,60.0
1744878973902359.0,-7600.47,481.067,1.55898,1.59303,1.7533,0.160271,60.0
1744878973922962.0,-7600.47,481.067,1.55898,1.59303,1.66805,0.075024,60.0
1744878973943681.0,-7600.9,483.8,1.55969,1.7533,1.66106,-0.0922411,60.0
1744878973964491.0,-7600.9,483.8,1.55969,1.7533,1.68708,-0.0662168,60.0
1744878973985250.0,-7601.32,486.533,1.5604,1.66106,1.67537,0.0143057,60.0
1744878974005934.0,-7601.32,486.533,1.5604,1.66106,1.59389,-0.0671654,60.0
1744878974026632.0,-7601.32,486.533,1.5604,1.66106,1.64161,-0.0194491,60.0
1744878974047362.0,-7601.32,489.95,1.56066,1.59389,1.70899,0.115093,60.0
1744878974068049.0,-7601.32,489.95,1.56066,1.59389,1.61594,0.0220486,60.0
1744878974088746.0,-7601.74,492.683,1.56138,1.70899,1.74674,0.0377485,60.0
1744878974109423.0,-7601.74,492.683,1.56138,1.70899,1.58841,-0.120572,60.0
1744878974130078.0,-7601.74,492.683,1.56138,1.70899,1.8077,0.0987105,60.0
1744878974150794.0,-7601.74,495.416,1.56159,1.58841,1.74922,0.160806,60.0
1744878974171372.0,-7601.74,495.416,1.56159,1.58841,1.75023,0.161816,60.0
1744878974192010.0,-7602.17,498.833,1.56236,1.74922,1.71003,-0.0391876,60.0
1744878974212960.0,-7602.17,498.833,1.56236,1.74922,1.87239,0.123172,60.0
1744878974233802.0,-7602.17,498.833,1.56236,1.74922,1.7161,-0.033124,60.0
1744878974254196.0,-7602.17,501.566,1.56257,1.87239,1.85856,-0.0138307,60.0
1744878974274817.0,-7602.17,501.566,1.56257,1.87239,1.79116,-0.0812373,60.0
1744878974295375.0,-7602.59,504.983,1.56335,1.85856,1.78808,-0.0704795,60.0
1744878974315961.0,-7602.59,504.983,1.56335,1.85856,1.85263,-0.00592753,60.0
1744878974336576.0,-7602.59,504.983,1.56335,1.85856,1.71975,-0.138815,60.0
1744878974357319.0,-7603.01,507.716,1.56407,1.85263,1.95711,0.104472,60.0
1744878974378183.0,-7603.01,507.716,1.56407,1.85263,1.725,-0.127637,60.0
1744878974398915.0,-7603.44,510.45,1.5648,1.95711,1.81491,-0.142197,60.0
1744878974419902.0,-7603.44,510.45,1.5648,1.95711,1.79945,-0.157662,60.0
1744878974440613.0,-7603.44,513.866,1.56507,1.81491,1.78769,-0.0272169,60.0
1744878974461519.0,-7603.44,513.866,1.56507,1.81491,1.81935,0.00444391,60.0
1744878974481978.0,-7603.44,513.866,1.56507,1.81491,1.86388,0.0489699,60.0
1744878974502661.0,-7603.86,516.6,1.5658,1.81935,1.68696,-0.132394,60.0
1744878974523240.0,-7603.86,516.6,1.5658,1.81935,1.9053,0.0859514,60.0
1744878974543827.0,-7604.28,519.333,1.56652,1.68696,1.5962,-0.0907641,60.0
1744878974564524.0,-7604.28,519.333,1.56652,1.68696,1.81499,0.128027,60.0
1744878974585472.0,-7604.28,519.333,1.56652,1.68696,1.62851,-0.0584526,60.0
1744878974605941.0,-7604.71,522.75,1.56731,1.81499,1.71737,-0.0976197,60.0
1744878974626590.0,-7604.71,522.75,1.56731,1.81499,1.7518,-0.0631834,60.0
1744878974647300.0,-7605.13,525.483,1.56804,1.71737,1.55479,-0.162573,60.0
1744878974668210.0,-7605.13,525.483,1.56804,1.71737,1.74635,0.0289863,60.0
1744878974688620.0,-7605.13,525.483,1.56804,1.71737,1.69866,-0.0187048,60.0
1744878974709404.0,-7605.55,528.216,1.56877,1.74635,1.68222,-0.0641282,60.0
1744878974729983.0,-7605.55,528.216,1.56877,1.74635,1.58948,-0.156873,60.0
1744878974750614.0,-7605.98,531.633,1.56956,1.68222,1.77896,0.0967349,60.0
1744878974771383.0,-7605.98,531.633,1.56956,1.68222,1.8273,0.145076,60.0
1744878974792094.0,-7605.98,531.633,1.56956,1.68222,1.65459,-0.0276379,60.0
1744878974812798.0,-7606.4,534.366,1.57029,1.8273,1.73617,-0.0911259,60.0
1744878974833480.0,-7606.4,534.366,1.57029,1.8273,1.77812,-0.0491755,60.0
1744878974854201.0,-7606.82,537.783,1.57109,1.73617,1.6411,-0.0950737,60.0
1744878974874878.0,-7606.82,537.783,1.57109,1.73617,1.80919,0.0730191,60.0
1744878974895844.0,-7606.82,537.783,1.57109,1.73617,1.65353,-0.0826415,60.0
1744878974916235.0,-7607.25,540.516,1.57182,1.80919,1.6791,-0.130092,60.0
1744878974937312.0,-7607.25,540.516,1.57182,1.80919,1.80033,-0.00885893,60.0
1744878974957914.0,-7607.67,543.249,1.57256,1.6791,1.60079,-0.0783087,60.0
1744878974978589.0,-7607.67,543.249,1.57256,1.6791,1.68461,0.00550371,60.0
1744878974999169.0,-7608.09,546.666,1.57336,1.60079,1.56573,-0.0350629,60.0
1744878975019740.0,-7608.09,546.666,1.57336,1.60079,1.69912,0.0983276,60.0
1744878975040859.0,-7608.09,546.666,1.57336,1.60079,1.71987,0.119074,60.0
1744878975061179.0,-7608.52,549.399,1.5741,1.69912,1.60844,-0.0906843,60.0
1744878975081879.0,-7608.52,549.399,1.5741,1.69912,1.80893,0.109805,60.0
1744878975102488.0,-7608.94,552.133,1.57484,1.60844,1.71244,0.104002,60.0
1744878975123170.0,-7608.94,552.133,1.57484,1.60844,1.57911,-0.0293296,60.0
1744878975143841.0,-7608.94,552.133,1.57484,1.60844,1.73516,0.126728,60.0
1744878975164649.0,-7609.36,555.549,1.57565,1.57911,1.46824,-0.110869,60.0
1744878975185191.0,-7609.36,555.549,1.57565,1.57911,1.70182,0.122718,60.0
1744878975205926.0,-7609.79,558.283,1.57639,1.46824,1.5573,0.0890617,60.0
1744878975226900.0,-7609.79,558.283,1.57639,1.46824,1.43112,-0.0371134,60.0
1744878975247555.0,-7609.79,558.283,1.57639,1.46824,1.54628,0.0780389,60.0
1744878975268286.0,-7610.21,561.016,1.57714,1.43112,1.58211,0.150988,60.0
1744878975288925.0,-7610.21,561.016,1.57714,1.43112,1.59321,0.162084,60.0
1744878975309541.0,-7610.21,564.433,1.57744,1.58211,1.67584,0.0937285,60.0
1744878975330200.0,-7610.21,564.433,1.57744,1.58211,1.7232,0.141083,60.0
1744878975350691.0,-7610.21,564.433,1.57744,1.58211,1.72866,0.146544,60.0
1744878975371478.0,-7610.63,567.166,1.57819,1.7232,1.88319,0.15999,60.0
1744878975392170.0,-7610.63,567.166,1.57819,1.7232,1.78522,0.0620258,60.0
1744878975412783.0,-7611.06,569.899,1.57894,1.88319,1.74841,-0.134775,60.0
1744878975433219.0,-7611.06,569.899,1.57894,1.88319,1.76863,-0.11456,60.0
1744878975454287.0,-7611.48,573.316,1.57975,1.76863,1.84546,0.076836,60.0
1744878975474843.0,-7611.48,573.316,1.57975,1.76863,1.76655,-0.00207929,60.0
1744878975495617.0,-7611.48,573.316,1.57975,1.76863,1.62647,-0.142159,60.0
1744878975516972.0,-7611.9,576.049,1.5805,1.76655,1.64844,-0.118106,60.0
1744878975537894.0,-7611.9,576.049,1.5805,1.76655,1.75123,-0.0153133,60.0
1744878975558243.0,-7612.33,578.783,1.58125,1.64844,1.76961,0.121165,60.0
1744878975578992.0,-7612.33,578.783,1.58125,1.64844,1.71115,0.0627057,60.0
1744878975599490.0,-7612.33,578.783,1.58125,1.64844,1.53269,-0.115749,60.0
1744878975620219.0,-7612.33,582.199,1.58156,1.71115,1.63913,-0.0720199,60.0
1744878975641208.0,-7612.33,582.199,1.58156,1.71115,1.79292,0.0817696,60.0
1744878975662031.0,-7612.75,584.933,1.58232,1.63913,1.71293,0.0738034,60.0
1744878975682769.0,-7612.75,584.933,1.58232,1.63913,1.64006,0.000935388,60.0
1744878975703441.0,-7612.75,584.933,1.58232,1.63913,1.69265,0.0535232,60.0
1744878975723890.0,-7613.17,588.349,1.58314,1.64006,1.6147,-0.0253651,60.0
1744878975744587.0,-7613.17,588.349,1.58314,1.64006,1.68682,0.0467627,60.0
1744878975765404.0,-7613.6,591.083,1.5839,1.6147,1.73632,0.121621,60.0
1744878975786093.0,-7613.6,591.083,1.5839,1.6147,1.6358,0.0210988,60.0
1744878975806922.0,-7613.6,591.083,1.5839,1.6147,1.5127,-0.102,60.0
1744878975827684.0,-7614.02,593.816,1.58466,1.6358,1.64062,0.00482315,60.0
1744878975848270.0,-7614.02,593.816,1.58466,1.6358,1.59553,-0.0402641,60.0
1744878975869006.0,-7614.02,597.233,1.58498,1.64062,1.77799,0.137371,60.0
1744878975889689.0,-7614.02,597.233,1.58498,1.64062,1.74036,0.0997426,60.0
1744878975910457.0,-7614.44,599.966,1.58574,1.77799,1.71132,-0.0666673,60.0
1744878975931184.0,-7614.44,599.966,1.58574,1.77799,1.6616,-0.116385,60.0
1744878975951845.0,-7614.44,599.966,1.58574,1.77799,1.74632,-0.0316683,60.0
1744878975972832.0,-7614.87,602.699,1.5865,1.6616,1.77912,0.117518,60.0
1744878975993669.0,-7614.87,602.699,1.5865,1.6616,1.63703,-0.0245736,60.0
1744878976014346.0,-7615.29,606.116,1.58733,1.77912,1.89603,0.116912,60.0
1744878976035093.0,-7615.29,606.116,1.58733,1.77912,1.69073,-0.0883956,60.0
1744878976055833.0,-7615.29,606.116,1.58733,1.77912,1.84145,0.0623299,60.0
1744878976076486.0,-7615.71,608.849,1.5881,1.69073,1.82759,0.136861,60.0
1744878976097316.0,-7615.71,608.849,1.5881,1.69073,1.55778,-0.13295,60.0
1744878976117990.0,-7616.14,611.583,1.58887,1.82759,1.759,-0.0685861,60.0
1744878976138856.0,-7616.14,611.583,1.58887,1.82759,1.71005,-0.117543,60.0
1744878976159959.0,-7616.14,611.583,1.58887,1.82759,1.81705,-0.0105343,60.0
1744878976180591.0,-7616.14,614.999,1.5892,1.71005,1.56675,-0.143298,60.0
1744878976201310.0,-7616.14,614.999,1.5892,1.71005,1.77419,0.0641415,60.0
1744878976222017.0,-7616.56,617.732,1.58997,1.56675,1.59556,0.0288154,60.0
1744878976242673.0,-7616.56,617.732,1.58997,1.56675,1.68246,0.115713,60.0
1744878976263527.0,-7616.98,621.149,1.59081,1.68246,1.53222,-0.150237,60.0
1744878976283894.0,-7616.98,621.149,1.59081,1.68246,1.61675,-0.0657149,60.0
1744878976304831.0,-7616.98,621.149,1.59081,1.68246,1.806,0.123544,60.0
1744878976325842.0,-7617.4,623.882,1.59158,1.61675,1.71119,0.0944422,60.0
1744878976346442.0,-7617.4,623.882,1.59158,1.61675,1.49786,-0.118881,60.0
1744878976367170.0,-7617.83,626.616,1.59235,1.71119,1.81805,0.10686,60.0
1744878976387977.0,-7617.83,626.616,1.59235,1.71119,1.73387,0.0226856,60.0
1744878976408357.0,-7617.83,626.616,1.59235,1.71119,1.6904,-0.0207884,60.0
1744878976429045.0,-7618.25,630.032,1.5932,1.73387,1.76861,0.0347412,60.0
1744878976450032.0,-7618.25,630.032,1.5932,1.73387,1.66729,-0.0665805,60.0
1744878976470736.0,-7618.67,632.766,1.59397,1.76861,1.75311,-0.0155076,60.0
1744878976491306.0,-7618.67,632.766,1.59397,1.76861,1.76727,-0.0013479,60.0
1744878976512061.0,-7618.67,632.766,1.59397,1.76861,1.67521,-0.0934068,60.0
1744878976532783.0,-7618.67,635.499,1.59424,1.76727,1.69973,-0.0675397,60.0
1744878976553830.0,-7618.67,635.499,1.59424,1.76727,1.64603,-0.121241,60.0
1744878976574456.0,-7619.1,638.916,1.59509,1.69973,1.72711,0.0273881,60.0
1744878976595297.0,-7619.1,638.916,1.59509,1.69973,1.78397,0.0842395,60.0
1744878976615894.0,-7619.1,638.916,1.59509,1.69973,1.66835,-0.0313733,60.0
1744878976636866.0,-7619.52,641.649,1.59587,1.78397,1.63001,-0.153952,60.0
1744878976657265.0,-7619.52,641.649,1.59587,1.78397,1.73403,-0.049935,60.0
1744878976678138.0,-7619.94,644.382,1.59666,1.63001,1.60247,-0.0275417,60.0
1744878976698806.0,-7619.94,644.382,1.59666,1.63001,1.52088,-0.109133,60.0
1744878976719318.0,-7620.37,647.799,1.59751,1.60247,1.73517,0.132701,60.0
1744878976739913.0,-7620.37,647.799,1.59751,1.60247,1.60783,0.00536255,60.0
1744878976760743.0,-7620.37,647.799,1.59751,1.60247,1.57135,-0.0311226,60.0
1744878976781250.0,-7620.79,650.532,1.59829,1.60783,1.70362,0.0957807,60.0
1744878976802104.0,-7620.79,650.532,1.59829,1.60783,1.76879,0.160956,60.0
1744878976822770.0,-7621.21,653.266,1.59908,1.70362,1.76242,0.0588042,60.0
1744878976843442.0,-7621.21,653.266,1.59908,1.70362,1.65725,-0.046366,60.0
1744878976864297.0,-7621.21,653.266,1.59908,1.70362,1.57471,-0.128907,60.0
1744878976884684.0,-7621.64,656.682,1.59994,1.65725,1.6648,0.0075467,60.0
1744878976905920.0,-7621.64,656.682,1.59994,1.65725,1.51362,-0.143628,60.0
1744878976926487.0,-7621.64,659.416,1.60022,1.6648,1.61514,-0.0496556,60.0
1744878976947023.0,-7621.64,659.416,1.60022,1.6648,1.77137,0.10657,60.0
1744878976968061.0,-7621.64,659.416,1.60022,1.6648,1.73911,0.0743108,60.0
1744878976988835.0,-7622.06,662.832,1.60108,1.77137,1.717,-0.0543694,60.0
1744878977009788.0,-7622.06,662.832,1.60108,1.77137,1.81157,0.0401989,60.0
1744878977030206.0,-7622.48,665.566,1.60187,1.717,1.61833,-0.0986633,60.0
1744878977051151.0,-7622.48,665.566,1.60187,1.717,1.64915,-0.06785,60.0
1744878977071616.0,-7622.48,665.566,1.60187,1.717,1.72174,0.00473892,60.0
1744878977092289.0,-7622.91,668.299,1.60266,1.64915,1.64736,-0.00178994,60.0
1744878977113215.0,-7622.91,668.299,1.60266,1.64915,1.55943,-0.0897207,60.0
1744878977133968.0,-7623.33,671.716,0.603529,1.64736,1.52559,-0.121769,60.0
1744878977154521.0,-7623.33,671.716,0.603529,1.64736,1.72051,0.0731556,60.0
1744878977175336.0,-7623.75,674.449,0.604324,1.72051,1.58389,-0.136619,60.0
1744878977195663.0,-7623.75,674.449,0.604324,1.72051,1.59761,-0.1229,60.0
1744878977216521.0,-7623.75,674.449,0.604324,1.72051,1.83596,0.115448,60.0
1744878977237249.0,-7623.75,677.182,0.604613,1.59761,1.52128,-0.0763341,60.0
1744878977258100.0,-7623.75,677.182,0.604613,1.59761,1.56656,-0.0310486,60.0
1744878977279093.0,-7624.18,680.599,0.605483,1.52128,1.64196,0.120682,60.0
1744878977299668.0,-7624.18,680.599,0.605483,1.52128,1.63876,0.117479,60.0
1744878977320312.0,-7624.18,680.599,0.605483,1.52128,1.57825,0.0569707,60.0
1744878977341136.0,-7624.6,683.332,0.606282,1.63876,1.74956,0.110798,60.0
1744878977361906.0,-7624.6,683.332,0.606282,1.63876,1.79101,0.152249,60.0
1744878977382707.0,-7625.02,686.066,0.607083,1.74956,1.71055,-0.0390093,60.0
1744878977403677.0,-7625.02,686.066,0.607083,1.74956,1.62273,-0.126823,60.0
1744878977424316.0,-7625.02,686.066,0.607083,1.74956,1.74658,-0.00297198,60.0
1744878977445037.0,-7625.02,689.482,0.60745,1.62273,1.65336,0.0306247,60.0
1744878977465970.0,-7625.02,689.482,0.60745,1.62273,1.59259,-0.0301439,60.0
1744878977486857.0,-7625.45,692.216,0.608253,1.65336,1.65035,-0.00300933,60.0
1744878977507670.0,-7625.45,692.216,0.608253,1.65336,1.63149,-0.0218679,60.0
1744878977528299.0,-7625.45,692.216,0.608253,1.65336,1.75603,0.102667,60.0
1744878977549061.0,-7625.87,695.632,0.609132,1.63149,1.51071,-0.120781,60.0
1744878977569691.0,-7625.87,695.632,0.609132,1.63149,1.55924,-0.0722547,60.0
1744878977590553.0,-7626.29,698.366,0.609937,1.51071,1.59798,0.0872695,60.0
1744878977611239.0,-7626.29,698.366,0.609937,1.51071,1.62906,0.118351,60.0
1744878977631923.0,-7626.29,701.099,0.610237,1.59798,1.73731,0.139328,60.0
1744878977652817.0,-7626.29,701.099,0.610237,1.59798,1.69646,0.0984794,60.0
1744878977673462.0,-7626.29,701.099,0.610237,1.59798,1.456,-0.141978,60.0
1744878977694322.0,-7626.72,704.516,0.61112,1.69646,1.85633,0.159873,60.0
1744878977714787.0,-7626.72,704.516,0.61112,1.69646,1.73447,0.0380091,60.0
1744878977735544.0,-7627.14,707.249,0.611929,1.85633,1.78027,-0.0760645,60.0
1744878977756584.0,-7627.14,707.249,0.611929,1.85633,1.8017,-0.0546353,60.0
1744878977776990.0,-7627.14,707.249,0.611929,1.85633,1.70381,-0.152519,60.0
1744878977797775.0,-7627.14,709.982,0.612232,1.8017,1.68464,-0.11706,60.0
1744878977818466.0,-7627.14,709.982,0.612232,1.8017,1.78183,-0.0198689,60.0
1744878977839116.0,-7627.56,713.399,0.61312,1.68464,1.7969,0.112267,60.0
1744878977860155.0,-7627.56,713.399,0.61312,1.68464,1.55184,-0.1328,60.0
1744878977880929.0,-7627.56,713.399,0.61312,1.68464,1.71081,0.0261786,60.0
1744878977901443.0,-7627.99,716.132,0.613934,1.55184,1.51977,-0.032065,60.0
1744878977922135.0,-7627.99,716.132,0.613934,1.55184,1.71481,0.162973,60.0
1744878977943243.0,-7627.99,718.866,0.614241,1.51977,1.53137,0.0116022,60.0
1744878977964046.0,-7627.99,718.866,0.614241,1.51977,1.63772,0.117949,60.0
1744878977984650.0,-7627.99,718.866,0.614241,1.51977,1.6209,0.101133,60.0
1744878978005709.0,-7628.41,722.282,0.615133,1.63772,1.60089,-0.0368309,60.0
1744878978026152.0,-7628.41,722.282,0.615133,1.63772,1.72616,0.0884374,60.0
1744878978047017.0,-7628.83,725.016,0.615951,1.60089,1.69441,0.0935235,60.0
1744878978067850.0,-7628.83,725.016,0.615951,1.60089,1.73561,0.134723,60.0
1744878978088638.0,-7628.83,728.432,0.616339,1.69441,1.64201,-0.0524055,60.0
1744878978109569.0,-7628.83,728.432,0.616339,1.69441,1.5655,-0.128909,60.0
1744878978130366.0,-7628.83,728.432,0.616339,1.69441,1.55423,-0.140183,60.0
1744878978151280.0,-7629.26,731.166,0.617159,1.5655,1.62367,0.0581655,60.0
1744878978172060.0,-7629.26,731.166,0.617159,1.5655,1.63375,0.0682475,60.0
1744878978192691.0,-7629.68,733.899,0.61798,1.62367,1.72764,0.103975,60.0
1744878978213248.0,-7629.68,733.899,0.61798,1.62367,1.58386,-0.0398108,60.0
1744878978234042.0,-7629.68,733.899,0.61798,1.62367,1.61733,-0.0063402,60.0
1744878978254700.0,-7629.68,737.316,0.618373,1.58386,1.551,-0.0328611,60.0
1744878978275523.0,-7629.68,737.316,0.618373,1.58386,1.72088,0.137025,60.0
1744878978296157.0,-7630.1,740.049,0.619197,1.551,1.69924,0.148246,60.0
1744878978316834.0,-7630.1,740.049,0.619197,1.551,1.63052,0.0795233,60.0
1744878978337482.0,-7630.1,740.049,0.619197,1.551,1.54798,-0.00301972,60.0
1744878978358206.0,-7630.1,742.782,0.619514,1.63052,1.70587,0.0753488,60.0
1744878978378927.0,-7630.1,742.782,0.619514,1.63052,1.68368,0.0531628,60.0
1744878978399662.0,-7630.52,746.199,0.62042,1.70587,1.61727,-0.0886023,60.0
1744878978420351.0,-7630.52,746.199,0.62042,1.70587,1.69413,-0.0117402,60.0
1744878978441093.0,-7630.52,746.199,0.62042,1.70587,1.78881,0.0829379,60.0
1744878978462163.0,-7630.52,748.932,0.620739,1.69413,1.70064,0.00651211,60.0
1744878978483296.0,-7630.52,748.932,0.620739,1.69413,1.59981,-0.0943215,60.0
1744878978504148.0,-7630.95,752.349,0.621648,1.70064,1.62465,-0.075987,60.0
1744878978525041.0,-7630.95,752.349,0.621648,1.70064,1.74115,0.040506,60.0
1744878978545672.0,-7631.37,755.082,0.622479,1.62465,1.63657,0.0119194,60.0
1744878978566472.0,-7631.37,755.082,0.622479,1.62465,1.73853,0.113874,60.0
1744878978586933.0,-7631.37,755.082,0.622479,1.62465,1.57667,-0.047986,60.0
1744878978608166.0,-7631.37,757.816,0.622802,1.73853,1.76228,0.0237557,60.0
1744878978628944.0,-7631.37,757.816,0.622802,1.73853,1.71246,-0.0260721,60.0
1744878978649646.0,-7631.79,761.232,0.623716,1.76228,1.76064,-0.00164093,60.0
1744878978670198.0,-7631.79,761.232,0.623716,1.76228,1.75355,-0.00873724,60.0
1744878978690977.0,-7631.79,761.232,0.623716,1.76228,1.84192,0.0796355,60.0
1744878978711905.0,-7631.79,763.966,0.624042,1.75355,1.7339,-0.019644,60.0
1744878978732819.0,-7631.79,763.966,0.624042,1.75355,1.89454,0.140991,60.0
1744878978753474.0,-7632.22,766.699,0.624877,1.7339,1.60155,-0.132347,60.0
1744878978774095.0,-7632.22,766.699,0.624877,1.7339,1.71684,-0.0170634,60.0
1744878978794938.0,-7632.22,766.699,0.624877,1.7339,1.72718,-0.00671782,60.0
1744878978815540.0,-7632.64,770.116,0.625796,1.71684,1.81633,0.0994885,60.0
1744878978836569.0,-7632.64,770.116,0.625796,1.71684,1.77643,0.0595917,60.0
1744878978857485.0,-7633.06,772.849,0.626634,1.81633,1.85385,0.0375239,60.0
1744878978878143.0,-7633.06,772.849,0.626634,1.81633,1.70403,-0.112296,60.0
1744878978898912.0,-7633.06,772.849,0.626634,1.81633,1.70025,-0.116073,60.0
1744878978919459.0,-7633.06,776.266,0.627048,1.70403,1.66835,-0.03568,60.0
1744878978940173.0,-7633.06,776.266,0.627048,1.70403,1.6159,-0.0881332,60.0
1744878978960835.0,-7633.49,778.999,0.627888,1.66835,1.71531,0.0469581,60.0
1744878978981568.0,-7633.49,778.999,0.627888,1.66835,1.76775,0.0993993,60.0
1744878979002354.0,-7633.49,778.999,0.627888,1.66835,1.62872,-0.039633,60.0
1744878979022746.0,-7633.91,781.732,0.62873,1.76775,1.69329,-0.0744586,60.0
1744878979043488.0,-7633.91,781.732,0.62873,1.76775,1.72563,-0.0421186,60.0
1744878979064205.0,-7634.33,785.149,0.629657,1.69329,1.65588,-0.037409,60.0
1744878979084634.0,-7634.33,785.149,0.629657,1.69329,1.74198,0.0486857,60.0
1744878979105363.0,-7634.33,785.149,0.629657,1.69329,1.73988,0.0465841,60.0
1744878979126143.0,-7634.76,787.882,0.630502,1.74198,1.83095,0.0889686,60.0
1744878979146780.0,-7634.76,787.882,0.630502,1.74198,1.81008,0.0681056,60.0
1744878979167533.0,-7634.76,790.616,0.630839,1.83095,1.7008,-0.130146,60.0
1744878979188220.0,-7634.76,790.616,0.630839,1.83095,1.72651,-0.104438,60.0
1744878979208716.0,-7635.18,794.032,0.631771,1.7008,1.53699,-0.163806,60.0
1744878979229323.0,-7635.18,794.032,0.631771,1.7008,1.61424,-0.0865617,60.0
1744878979250036.0,-7635.18,794.032,0.631771,1.7008,1.85507,0.154266,60.0
1744878979270769.0,-7635.6,796.766,0.632619,1.61424,1.71066,0.0964195,60.0
1744878979291557.0,-7635.6,796.766,0.632619,1.61424,1.55568,-0.0585602,60.0
1744878979312193.0,-7636.03,799.499,0.633469,1.71066,1.77374,0.0630855,60.0
1744878979333428.0,-7636.03,799.499,0.633469,1.71066,1.77215,0.0614893,60.0
1744878979354013.0,-7636.03,799.499,0.633469,1.71066,1.58888,-0.121776,60.0
1744878979374757.0,-7636.45,802.916,0.634405,1.77215,1.61585,-0.156302,60.0
1744878979395493.0,-7636.45,802.916,0.634405,1.77215,1.66569,-0.106455,60.0
1744878979415931.0,-7636.87,805.649,0.635257,1.61585,1.74677,0.130922,60.0
1744878979436593.0,-7636.87,805.649,0.635257,1.61585,1.52755,-0.0882972,60.0
1744878979457648.0,-7636.87,805.649,0.635257,1.61585,1.70587,0.0900207,60.0
1744878979478466.0,-7637.29,809.066,0.636197,1.52755,1.51988,-0.00766486,60.0
1744878979499176.0,-7637.29,809.066,0.636197,1.52755,1.65904,0.131492,60.0
1744878979520168.0,-7637.29,811.799,0.636544,1.51988,1.66043,0.140546,60.0
1744878979541158.0,-7637.29,811.799,0.636544,1.51988,1.5945,0.0746112,60.0
1744878979561622.0,-7637.29,811.799,0.636544,1.51988,1.53231,0.0124244,60.0
1744878979582362.0,-7637.72,814.532,0.6374,1.5945,1.62939,0.0348937,60.0
1744878979602756.0,-7637.72,814.532,0.6374,1.5945,1.67707,0.08257,60.0
1744878979623721.0,-7638.14,817.949,0.638345,1.62939,1.69298,0.0635958,60.0
1744878979644388.0,-7638.14,817.949,0.638345,1.62939,1.76773,0.138341,60.0
1744878979665033.0,-7638.14,820.682,0.638695,1.69298,1.63889,-0.0540922,60.0
1744878979685518.0,-7638.14,820.682,0.638695,1.69298,1.68141,-0.0115776,60.0
1744878979706370.0,-7638.14,820.682,0.638695,1.69298,1.69386,0.000870828,60.0
1744878979727106.0,-7638.56,823.416,0.639555,1.68141,1.81103,0.129622,60.0
1744878979748022.0,-7638.56,823.416,0.639555,1.68141,1.83868,0.157271,60.0
1744878979768967.0,-7638.99,826.832,0.640504,1.81103,1.6967,-0.114326,60.0
1744878979789650.0,-7638.99,826.832,0.640504,1.81103,1.68514,-0.125892,60.0
1744878979810227.0,-7638.99,826.832,0.640504,1.81103,1.65053,-0.160503,60.0
1744878979830892.0,-7639.41,829.566,0.641367,1.68514,1.78536,0.100225,60.0
1744878979851868.0,-7639.41,829.566,0.641367,1.68514,1.67635,-0.00878324,60.0
1744878979872638.0,-7639.41,832.299,0.641722,1.78536,1.79269,0.00732389,60.0
1744878979893585.0,-7639.41,832.299,0.641722,1.78536,1.72918,-0.0561807,60.0
1744878979913957.0,-7639.41,832.299,0.641722,1.78536,1.78126,-0.00410182,60.0
1744878979934739.0,-7639.83,835.716,0.642676,1.72918,1.73877,0.00958328,60.0
1744878979955486.0,-7639.83,835.716,0.642676,1.72918,1.63468,-0.0945058,60.0
1744878979976390.0,-7640.26,838.449,0.643543,1.73877,1.69739,-0.0413794,60.0
1744878979997383.0,-7640.26,838.449,0.643543,1.73877,1.58167,-0.157099,60.0
1744878980017886.0,-7640.68,841.866,0.644501,1.69739,1.66743,-0.0299573,60.0
1744878980038615.0,-7640.68,841.866,0.644501,1.69739,1.68605,-0.0113402,60.0
1744878980059557.0,-7640.68,841.866,0.644501,1.69739,1.57748,-0.119906,60.0
1744878980080196.0,-7641.1,844.599,0.64537,1.68605,1.58596,-0.100085,60.0
1744878980100978.0,-7641.1,844.599,0.64537,1.68605,1.59528,-0.090764,60.0
1744878980121659.0,-7641.53,847.332,0.64624,1.58596,1.634,0.0480415,60.0
1744878980142358.0,-7641.53,847.332,0.64624,1.58596,1.74579,0.159825,60.0
1744878980163159.0,-7641.53,847.332,0.64624,1.58596,1.55049,-0.0354739,60.0
1744878980183869.0,-7641.53,850.749,0.646694,1.74579,1.85707,0.111289,60.0
1744878980204568.0,-7641.53,850.749,0.646694,1.74579,1.6603,-0.0854886,60.0
1744878980225233.0,-7641.95,853.482,0.647567,1.85707,1.83649,-0.020584,60.0
1744878980245777.0,-7641.95,853.482,0.647567,1.85707,1.88341,0.0263313,60.0
1744878980266616.0,-7641.95,853.482,0.647567,1.85707,1.78153,-0.0755451,60.0
1744878980287323.0,-7642.37,856.216,0.648441,1.88341,1.78763,-0.095776,60.0
1744878980307598.0,-7642.37,856.216,0.648441,1.88341,1.87348,-0.00992415,60.0
1744878980328234.0,-7642.8,859.632,0.649408,1.78763,1.71464,-0.0729926,60.0
1744878980348960.0,-7642.8,859.632,0.649408,1.78763,1.84165,0.0540223,60.0
1744878980369696.0,-7642.8,859.632,0.649408,1.78763,1.6636,-0.124026,60.0
1744878980390324.0,-7643.22,862.366,0.650285,1.84165,1.92673,0.0850826,60.0
1744878980411276.0,-7643.22,862.366,0.650285,1.84165,1.83147,-0.0101834,60.0
1744878980431967.0,-7643.64,865.099,0.651163,1.92673,1.85612,-0.0706148,60.0
1744878980452674.0,-7643.64,865.099,0.651163,1.92673,1.93056,0.00382302,60.0
1744878980473676.0,-7644.07,868.516,0.652135,1.85612,1.73615,-0.119972,60.0
1744878980494386.0,-7644.07,868.516,0.652135,1.85612,1.71018,-0.145935,60.0
1744878980514975.0,-7644.07,868.516,0.652135,1.85612,1.75297,-0.103151,60.0
1744878980535716.0,-7644.49,871.249,0.653016,1.71018,1.6566,-0.0535892,60.0
1744878980556411.0,-7644.49,871.249,0.653016,1.71018,1.8135,0.103316,60.0
1744878980577189.0,-7644.91,873.982,0.653898,1.6566,1.60762,-0.0489787,60.0
1744878980598173.0,-7644.91,873.982,0.653898,1.6566,1.6332,-0.0233943,60.0
1744878980618606.0,-7644.91,873.982,0.653898,1.6566,1.73669,0.0800973,60.0
1744878980639612.0,-7645.33,877.399,0.654875,1.6332,1.60048,-0.0327197,60.0
1744878980660137.0,-7645.33,877.399,0.654875,1.6332,1.57907,-0.0541356,60.0
1744878980680856.0,-7646.18,880.133,0.656269,1.60048,1.64598,0.0454944,60.0
1744878980701571.0,-7646.18,880.133,0.656269,1.60048,1.75343,0.152948,60.0
1744878980722376.0,-7646.18,880.133,0.656269,1.60048,1.72828,0.127795,60.0
1744878980743179.0,-7646.6,882.866,0.657155,1.75343,1.62912,-0.124311,60.0
1744878980763892.0,-7646.6,882.866,0.657155,1.75343,1.82349,0.0700651,60.0
1744878980784594.0,-7647.03,886.283,0.658137,1.62912,1.74148,0.112358,60.0
1744878980805284.0,-7647.03,886.283,0.658137,1.62912,1.55996,-0.0691541,60.0
1744878980826440.0,-7647.03,886.283,0.658137,1.62912,1.70162,0.0725054,60.0
1744878980846904.0,-7647.45,889.016,0.659025,1.55996,1.45516,-0.104801,60.0
1744878980867636.0,-7647.45,889.016,0.659025,1.55996,1.66088,0.100913,60.0
1744878980888356.0,-7647.45,891.749,0.659406,1.45516,1.55847,0.10331,60.0
1744878980909070.0,-7647.45,891.749,0.659406,1.45516,1.61704,0.16188,60.0
1744878980929749.0,-7647.87,895.166,0.660392,1.55847,1.63278,0.0743068,60.0
1744878980950410.0,-7647.87,895.166,0.660392,1.55847,1.69409,0.13562,60.0
1744878980971766.0,-7647.87,895.166,0.660392,1.55847,1.66786,0.10939,60.0
1744878980992294.0,-7648.3,897.899,0.661285,1.69409,1.83183,0.137741,60.0
1744878981013168.0,-7648.3,897.899,0.661285,1.69409,1.78506,0.0909663,60.0
1744878981033498.0,-7648.72,901.316,0.662275,1.83183,1.66954,-0.162298,60.0
1744878981054231.0,-7648.72,901.316,0.662275,1.83183,1.75948,-0.0723531,60.0
1744878981074975.0,-7648.72,901.316,0.662275,1.83183,1.67766,-0.154174,60.0
1744878981095797.0,-7649.14,904.049,0.66317,1.75948,1.64863,-0.110854,60.0
1744878981116464.0,-7649.14,904.049,0.66317,1.75948,1.64514,-0.114345,60.0
1744878981137053.0,-7649.57,906.783,0.664066,1.64863,1.54377,-0.104853,60.0
1744878981157746.0,-7649.57,906.783,0.664066,1.64863,1.79727,0.148638,60.0
1744878981178304.0,-7649.57,906.783,0.664066,1.64863,1.60398,-0.04465,60.0
1744878981199341.0,-7649.99,910.199,0.665061,1.79727,1.67027,-0.126996,60.0
1744878981219957.0,-7649.99,910.199,0.665061,1.79727,1.76836,-0.028909,60.0
1744878981241959.0,-7650.41,912.933,0.66596,1.67027,1.71505,0.0447833,60.0
1744878981262518.0,-7650.41,912.933,0.66596,1.67027,1.5501,-0.120172,60.0
1744878981283549.0,-7650.84,915.666,0.66686,1.5501,1.48263,-0.0674704,60.0
1744878981304349.0,-7650.84,915.666,0.66686,1.5501,1.61971,0.0696153,60.0
1744878981325078.0,-7650.84,915.666,0.66686,1.5501,1.69712,0.147023,60.0
1744878981345858.0,-7650.84,919.083,0.66735,1.61971,1.54718,-0.0725374,60.0
1744878981366428.0,-7650.84,919.083,0.66735,1.61971,1.63574,0.016023,60.0
1744878981387169.0,-7651.26,921.816,0.668253,1.54718,1.55714,0.00996818,60.0
1744878981407912.0,-7651.26,921.816,0.668253,1.54718,1.46959,-0.077591,60.0
1744878981428561.0,-7651.26,921.816,0.668253,1.54718,1.68212,0.134947,60.0
1744878981449146.0,-7651.68,924.549,0.669157,1.46959,1.57673,0.107143,60.0
1744878981470016.0,-7651.68,924.549,0.669157,1.46959,1.58049,0.110906,60.0
1744878981490655.0,-7652.11,927.966,0.670162,1.57673,1.69674,0.120008,60.0
1744878981511143.0,-7652.11,927.966,0.670162,1.57673,1.69051,0.113778,60.0
1744878981532004.0,-7652.11,927.966,0.670162,1.57673,1.55164,-0.0250894,60.0
1744878981552803.0,-7652.1,930.699,0.670559,1.69051,1.72996,0.0394489,60.0
1744878981573184.0,-7652.1,930.699,0.670559,1.69051,1.67836,-0.0121492,60.0
1744878981593874.0,-7652.53,933.433,0.671467,1.72996,1.62314,-0.106819,60.0
1744878981614503.0,-7652.53,933.433,0.671467,1.72996,1.76736,0.0374029,60.0
1744878981635353.0,-7652.53,933.433,0.671467,1.72996,1.59606,-0.1339,60.0
1744878981656266.0,-7652.95,936.849,0.672476,1.76736,1.7673,-5.97914e-05,60.0
1744878981677087.0,-7652.95,936.849,0.672476,1.76736,1.68902,-0.0783412,60.0
1744878981697699.0,-7653.37,939.583,0.673387,1.7673,1.75039,-0.0169043,60.0
1744878981718459.0,-7653.37,939.583,0.673387,1.7673,1.80133,0.0340273,60.0
1744878981739181.0,-7653.37,939.583,0.673387,1.7673,1.78336,0.0160662,60.0
1744878981759973.0,-7653.37,942.999,0.67389,1.80133,1.64084,-0.160484,60.0
1744878981780562.0,-7653.37,942.999,0.67389,1.80133,1.79297,-0.00835197,60.0
1744878981801185.0,-7653.8,945.733,0.674803,1.64084,1.67508,0.0342358,60.0
1744878981821966.0,-7653.8,945.733,0.674803,1.64084,1.74167,0.100831,60.0
1744878981842630.0,-7654.22,948.466,0.675717,1.67508,1.54455,-0.130526,60.0
1744878981863561.0,-7654.22,948.466,0.675717,1.67508,1.75236,0.0772813,60.0
1744878981884129.0,-7654.22,948.466,0.675717,1.67508,1.57544,-0.0996358,60.0
1744878981904657.0,-7654.64,951.883,0.676735,1.75236,1.81179,0.0594326,60.0
1744878981925519.0,-7654.64,951.883,0.676735,1.75236,1.71398,-0.0383827,60.0
1744878981946242.0,-7655.07,954.616,0.677652,1.81179,1.77189,-0.0398985,60.0
1744878981966903.0,-7655.07,954.616,0.677652,1.81179,1.65913,-0.152663,60.0
1744878981987748.0,-7655.07,954.616,0.677652,1.81179,1.8255,0.013706,60.0
1744878982008740.0,-7655.49,957.35,0.67857,1.65913,1.73514,0.0760162,60.0
1744878982029597.0,-7655.49,957.35,0.67857,1.65913,1.62633,-0.0327987,60.0
1744878982050363.0,-7655.49,960.766,0.679083,1.73514,1.74508,0.00993816,60.0
1744878982071039.0,-7655.49,960.766,0.679083,1.73514,1.75328,0.0181335,60.0
1744878982091350.0,-7655.49,960.766,0.679083,1.73514,1.62319,-0.111958,60.0
1744878982112430.0,-7655.91,963.5,0.680004,1.75328,1.61417,-0.139111,60.0
1744878982133116.0,-7655.91,963.5,0.680004,1.75328,1.68319,-0.0700837,60.0
1744878982153651.0,-7656.34,966.233,0.680926,1.61417,1.75992,0.145754,60.0
1744878982174376.0,-7656.34,966.233,0.680926,1.61417,1.71674,0.102577,60.0
1744878982195105.0,-7656.76,969.65,0.681953,1.71674,1.602,-0.114744,60.0
1744878982215592.0,-7656.76,969.65,0.681953,1.71674,1.64206,-0.0746844,60.0
1744878982236295.0,-7656.76,969.65,0.681953,1.71674,1.75841,0.0416669,60.0
1744878982257147.0,-7657.18,972.383,0.682878,1.64206,1.6823,0.0402439,60.0
1744878982277943.0,-7657.18,972.383,0.682878,1.64206,1.7309,0.0888391,60.0
1744878982298646.0,-7657.61,975.8,0.683908,1.6823,1.75144,0.0691367,60.0
1744878982319454.0,-7657.61,975.8,0.683908,1.6823,1.58187,-0.100434,60.0
1744878982340238.0,-7657.61,975.8,0.683908,1.6823,1.69201,0.00970321,60.0
1744878982361074.0,-7658.03,978.533,0.684836,1.58187,1.68889,0.107023,60.0
1744878982381439.0,-7658.03,978.533,0.684836,1.58187,1.70897,0.127104,60.0
1744878982402030.0,-7658.03,981.266,0.685255,1.68889,1.57351,-0.115381,60.0
1744878982422824.0,-7658.03,981.266,0.685255,1.68889,1.67286,-0.0160336,60.0
1744878982443251.0,-7658.03,981.266,0.685255,1.68889,1.73447,0.0455745,60.0
1744878982464319.0,-7658.45,984.683,0.68629,1.67286,1.51309,-0.159767,60.0
1744878982485351.0,-7658.45,984.683,0.68629,1.67286,1.62597,-0.0468886,60.0
1744878982505929.0,-7658.87,987.416,0.687221,1.51309,1.50167,-0.0114275,60.0
1744878982526422.0,-7658.87,987.416,0.687221,1.51309,1.6383,0.125203,60.0
1744878982547409.0,-7658.87,987.416,0.687221,1.51309,1.47441,-0.0386873,60.0
1744878982568236.0,-7659.3,990.15,0.688154,1.6383,1.51061,-0.127683,60.0
1744878982588939.0,-7659.3,990.15,0.688154,1.6383,1.59699,-0.0413029,60.0
1744878982609910.0,-7659.72,993.567,0.689194,1.51061,1.50739,-0.00322353,60.0
1744878982630545.0,-7659.72,993.567,0.689194,1.51061,1.5666,0.0559869,60.0
1744878982651197.0,-7659.72,993.567,0.689194,1.51061,1.59497,0.0843516,60.0
1744878982671761.0,-7659.72,996.3,0.689619,1.5666,1.66373,0.0971265,60.0
1744878982692600.0,-7659.72,996.3,0.689619,1.5666,1.62253,0.0559282,60.0
1744878982713357.0,-7660.14,999.033,0.690555,1.66373,1.69512,0.0313943,60.0
1744878982733945.0,-7660.14,999.033,0.690555,1.66373,1.68544,0.0217143,60.0
1744878982754621.0,-7660.57,1002.45,0.6916,1.69512,1.81964,0.124523,60.0
1744878982775617.0,-7660.57,1002.45,0.6916,1.69512,1.82881,0.133685,60.0
1744878982796185.0,-7660.57,1002.45,0.6916,1.69512,1.74318,0.0480551,60.0
1744878982816780.0,-7660.57,1005.18,0.692029,1.82881,1.77537,-0.0534363,60.0
1744878982837545.0,-7660.57,1005.18,0.692029,1.82881,1.83045,0.00164238,60.0
1744878982858198.0,-7660.99,1008.6,0.693077,1.77537,1.76323,-0.0121354,60.0
1744878982878762.0,-7660.99,1008.6,0.693077,1.77537,1.74947,-0.0258983,60.0
1744878982899443.0,-7660.99,1008.6,0.693077,1.77537,1.79599,0.020624,60.0
1744878982920078.0,-7661.41,1011.33,0.694019,1.74947,1.71302,-0.0364554,60.0
1744878982941041.0,-7661.41,1011.33,0.694019,1.74947,1.69289,-0.0565795,60.0
1744878982961593.0,-7661.84,1014.07,0.694962,1.71302,1.79124,0.0782192,60.0
1744878982982445.0,-7661.84,1014.07,0.694962,1.71302,1.61936,-0.0936571,60.0
1744878983003178.0,-7661.84,1014.07,0.694962,1.71302,1.68537,-0.0276484,60.0
1744878983023731.0,-7661.84,1017.48,0.695505,1.61936,1.73274,0.113377,60.0
1744878983044640.0,-7661.84,1017.48,0.695505,1.61936,1.65357,0.0342145,60.0
1744878983065467.0,-7662.26,1020.22,0.696451,1.73274,1.83687,0.104132,60.0
1744878983086209.0,-7662.26,1020.22,0.696451,1.73274,1.61354,-0.1192,60.0
1744878983106780.0,-7662.26,1020.22,0.696451,1.73274,1.7817,0.0489665,60.0
1744878983127663.0,-7662.68,1022.95,0.697397,1.61354,1.69613,0.0825904,60.0
1744878983148594.0,-7662.68,1022.95,0.697397,1.61354,1.62016,0.00662035,60.0
1744878983168898.0,-7663.1,1026.37,0.698455,1.69613,1.82932,0.133198,60.0
1744878983189666.0,-7663.1,1026.37,0.698455,1.69613,1.58613,-0.11,60.0
1744878983210263.0,-7663.1,1029.1,0.698895,1.82932,1.83699,0.00766269,60.0
1744878983231206.0,-7663.1,1029.1,0.698895,1.82932,1.74326,-0.0860671,60.0
1744878983252106.0,-7663.1,1029.1,0.698895,1.82932,1.80927,-0.0200577,60.0
1744878983272802.0,-7663.53,1031.83,0.699845,1.74326,1.71692,-0.0263371,60.0
1744878983293517.0,-7663.53,1031.83,0.699845,1.74326,1.69404,-0.0492157,60.0
1744878983314219.0,-7663.95,1035.25,0.700908,1.71692,1.65308,-0.0638436,60.0
1744878983334948.0,-7663.95,1035.25,0.700908,1.71692,1.69105,-0.0258681,60.0
1744878983355743.0,-7663.95,1035.25,0.700908,1.71692,1.64177,-0.0751497,60.0
1744878983376475.0,-7664.37,1037.98,0.701861,1.69105,1.59289,-0.098156,60.0
1744878983397060.0,-7664.37,1037.98,0.701861,1.69105,1.5509,-0.140154,60.0
1744878983418072.0,-7664.8,1041.4,0.702927,1.59289,1.72841,0.135516,60.0
1744878983438444.0,-7664.8,1041.4,0.702927,1.59289,1.55267,-0.0402229,60.0
1744878983459133.0,-7664.8,1041.4,0.702927,1.59289,1.63474,0.0418463,60.0
1744878983479891.0,-7665.22,1044.13,0.703883,1.55267,1.57304,0.0203691,60.0
1744878983500610.0,-7665.22,1044.13,0.703883,1.55267,1.64543,0.092755,60.0
1744878983521475.0,-7665.22,1046.87,0.70433,1.57304,1.68437,0.11133,60.0
1744878983542143.0,-7665.22,1046.87,0.70433,1.57304,1.70788,0.134841,60.0
1744878983562590.0,-7665.22,1046.87,0.70433,1.57304,1.65256,0.0795163,60.0
1744878983583739.0,-7665.64,1050.28,0.705401,1.70788,1.55662,-0.151258,60.0
1744878983604410.0,-7665.64,1050.28,0.705401,1.70788,1.69916,-0.00872227,60.0
1744878983625031.0,-7666.07,1053.02,0.706361,1.55662,1.71302,0.1564,60.0
1744878983645818.0,-7666.07,1053.02,0.706361,1.55662,1.68096,0.124338,60.0
1744878983666638.0,-7666.07,1053.02,0.706361,1.55662,1.5289,-0.0277209,60.0
1744878983687164.0,-7666.07,1055.75,0.706811,1.68096,1.71105,0.0300854,60.0
1744878983708125.0,-7666.07,1055.75,0.706811,1.68096,1.54814,-0.132821,60.0
1744878983728913.0,-7666.49,1059.17,0.707887,1.71105,1.72307,0.0120226,60.0
1744878983749890.0,-7666.49,1059.17,0.707887,1.71105,1.63528,-0.075767,60.0
1744878983770530.0,-7666.91,1061.9,0.708851,1.72307,1.8102,0.0871298,60.0
1744878983791397.0,-7666.91,1061.9,0.708851,1.72307,1.68509,-0.0379801,60.0
1744878983811987.0,-7666.91,1061.9,0.708851,1.72307,1.80384,0.0807673,60.0
1744878983832607.0,-7667.34,1064.63,0.709816,1.68509,1.55361,-0.131476,60.0
1744878983856626.0,-7667.34,1064.63,0.709816,1.68509,1.64552,-0.0395723,60.0
1744878983877617.0,-7667.33,1068.05,0.710385,1.55361,1.5142,-0.0394102,60.0
1744878983898189.0,-7667.33,1068.05,0.710385,1.55361,1.632,0.0783894,60.0
1744878983918928.0,-7667.33,1068.05,0.710385,1.55361,1.58645,0.0328383,60.0
1744878983940077.0,-7667.76,1070.78,0.711353,1.632,1.77719,0.14519,60.0
1744878983960772.0,-7667.76,1070.78,0.711353,1.632,1.61337,-0.0186307,60.0
1744878983981631.0,-7668.18,1074.2,0.712437,1.77719,1.87283,0.0956414,60.0
1744878984002457.0,-7668.18,1074.2,0.712437,1.77719,1.66535,-0.111846,60.0
1744878984023351.0,-7668.18,1074.2,0.712437,1.77719,1.77607,-0.00112096,60.0
1744878984044065.0,-7668.6,1076.93,0.713407,1.66535,1.58446,-0.0808854,60.0
1744878984064934.0,-7668.6,1076.93,0.713407,1.66535,1.69508,0.0297308,60.0
1744878984085482.0,-7668.6,1079.67,0.713868,1.58446,1.608,0.0235357,60.0
1744878984106270.0,-7668.6,1079.67,0.713868,1.58446,1.56267,-0.0217925,60.0
1744878984127013.0,-7669.03,1083.08,0.714956,1.608,1.71036,0.102368,60.0
1744878984147947.0,-7669.03,1083.08,0.714956,1.608,1.68969,0.0816981,60.0
1744878984168728.0,-7669.03,1083.08,0.714956,1.608,1.50875,-0.0992446,60.0
1744878984189493.0,-7669.45,1085.82,0.715931,1.68969,1.80233,0.112639,60.0
1744878984210184.0,-7669.45,1085.82,0.715931,1.68969,1.64945,-0.0402475,60.0
1744878984230793.0,-7669.45,1088.55,0.716395,1.80233,1.8482,0.0458643,60.0
1744878984251491.0,-7669.45,1088.55,0.716395,1.80233,1.80786,0.00552791,60.0
1744878984272251.0,-7669.45,1088.55,0.716395,1.80233,1.6626,-0.139732,60.0
1744878984292767.0,-7669.87,1091.97,0.717488,1.80786,1.8677,0.059838,60.0
1744878984313769.0,-7669.87,1091.97,0.717488,1.80786,1.8196,0.0117362,60.0
1744878984334543.0,-7670.3,1094.7,0.718466,1.8677,1.94233,0.0746305,60.0
1744878984355429.0,-7670.3,1094.7,0.718466,1.8677,1.7766,-0.091103,60.0
1744878984376008.0,-7670.3,1094.7,0.718466,1.8677,1.76867,-0.0990289,60.0
1744878984396748.0,-7670.72,1097.43,0.719446,1.7766,1.74789,-0.0287081,60.0
1744878984417668.0,-7670.72,1097.43,0.719446,1.7766,1.67808,-0.0985199,60.0
1744878984438388.0,-7671.14,1100.85,0.720544,1.74789,1.71538,-0.0325041,60.0
1744878984459211.0,-7671.14,1100.85,0.720544,1.74789,1.71547,-0.0324212,60.0
1744878984480118.0,-7671.14,1103.58,0.721015,1.71538,1.59302,-0.122363,60.0
1744878984501000.0,-7671.14,1103.58,0.721015,1.71538,1.69605,-0.019334,60.0
1744878984521675.0,-7671.14,1103.58,0.721015,1.71538,1.70874,-0.00664373,60.0
1744878984542584.0,-7671.56,1107.0,0.722116,1.69605,1.58012,-0.115935,60.0
1744878984563185.0,-7671.56,1107.0,0.722116,1.69605,1.60428,-0.0917702,60.0
1744878984584399.0,-7671.99,1109.73,0.723101,1.58012,1.64632,0.0662028,60.0
1744878984604936.0,-7671.99,1109.73,0.723101,1.58012,1.71861,0.138493,60.0
1744878984625871.0,-7671.99,1109.73,0.723101,1.58012,1.64315,0.063031,60.0
1744878984646432.0,-7672.41,1112.47,0.724087,1.71861,1.71245,-0.00615476,60.0
1744878984667105.0,-7672.41,1112.47,0.724087,1.71861,1.80262,0.0840067,60.0
1744878984687919.0,-7672.83,1115.88,0.725193,1.71245,1.77894,0.066486,60.0
1744878984708633.0,-7672.83,1115.88,0.725193,1.71245,1.68298,-0.0294774,60.0
1744878984729518.0,-7672.83,1115.88,0.725193,1.71245,1.77736,0.064907,60.0
1744878984750215.0,-7673.26,1118.62,0.726181,1.68298,1.63675,-0.0462225,60.0
1744878984770958.0,-7673.26,1118.62,0.726181,1.68298,1.64043,-0.0425422,60.0
1744878984791679.0,-7673.68,1121.35,0.727171,1.63675,1.76654,0.129788,60.0
1744878984812578.0,-7673.68,1121.35,0.727171,1.63675,1.77601,0.139261,60.0
1744878984833669.0,-7673.68,1124.77,0.727771,1.77601,1.77305,-0.00296517,60.0
1744878984854198.0,-7673.68,1124.77,0.727771,1.77601,1.78235,0.00633464,60.0
1744878984874782.0,-7673.68,1124.77,0.727771,1.77601,1.77866,0.00264475,60.0
1744878984895554.0,-7674.1,1127.5,0.728763,1.78235,1.65837,-0.123978,60.0
1744878984915915.0,-7674.1,1127.5,0.728763,1.78235,1.67556,-0.106788,60.0
1744878984936748.0,-7674.53,1130.23,0.729757,1.65837,1.62762,-0.0307502,60.0
1744878984957484.0,-7674.53,1130.23,0.729757,1.65837,1.6763,0.0179289,60.0
1744878984978764.0,-7674.53,1130.23,0.729757,1.65837,1.65496,-0.00341184,60.0
1744878984999648.0,-7674.95,1133.65,0.730873,1.6763,1.68056,0.0042567,60.0
1744878985020183.0,-7674.95,1133.65,0.730873,1.6763,1.7482,0.0719009,60.0
1744878985040831.0,-7675.37,1136.38,0.731869,1.68056,1.59613,-0.0844247,60.0
1744878985061533.0,-7675.37,1136.38,0.731869,1.68056,1.68047,-8.81658e-05,60.0
1744878985082363.0,-7675.37,1136.38,0.731869,1.68056,1.73254,0.0519835,60.0
1744878985103063.0,-7675.8,1139.12,0.732866,1.68047,1.73062,0.0501557,60.0
1744878985123994.0,-7675.8,1139.12,0.732866,1.68047,1.68102,0.000553689,60.0
1744878985144570.0,-7676.22,1142.53,0.733987,1.73062,1.75843,0.0278086,60.0
1744878985165196.0,-7676.22,1142.53,0.733987,1.73062,1.89085,0.160227,60.0
1744878985185868.0,-7676.22,1142.53,0.733987,1.73062,1.75526,0.0246356,60.0
1744878985206636.0,-7676.64,1145.27,0.734987,1.89085,1.86489,-0.0259601,60.0
1744878985227468.0,-7676.64,1145.27,0.734987,1.89085,1.9406,0.0497444,60.0
1744878985248180.0,-7677.06,1148.68,0.736111,1.86489,1.75011,-0.114781,60.0
1744878985269031.0,-7677.06,1148.68,0.736111,1.86489,1.77069,-0.0942049,60.0
1744878985289490.0,-7677.49,1151.42,0.737114,1.75011,1.82951,0.0793993,60.0
1744878985310212.0,-7677.49,1151.42,0.737114,1.75011,1.61719,-0.132923,60.0
1744878985331204.0,-7677.49,1151.42,0.737114,1.75011,1.62262,-0.12749,60.0
1744878985351488.0,-7677.91,1154.15,0.738118,1.61719,1.6519,0.0347099,60.0
1744878985372432.0,-7677.91,1154.15,0.738118,1.61719,1.77163,0.154441,60.0
1744878985392737.0,-7678.33,1157.57,0.739247,1.6519,1.72516,0.0732642,60.0
1744878985413684.0,-7678.33,1157.57,0.739247,1.6519,1.70374,0.0518373,60.0
1744878985434257.0,-7678.33,1157.57,0.739247,1.6519,1.67855,0.0266514,60.0
1744878985454961.0,-7678.76,1160.3,0.740253,1.70374,1.60155,-0.102181,60.0
1744878985475975.0,-7678.76,1160.3,0.740253,1.70374,1.65495,-0.0487811,60.0
1744878985496561.0,-7679.18,1163.03,0.741261,1.60155,1.67562,0.074068,60.0
1744878985517213.0,-7679.18,1163.03,0.741261,1.60155,1.48845,-0.113108,60.0
1744878985537815.0,-7679.18,1163.03,0.741261,1.60155,1.6688,0.0672438,60.0
1744878985558703.0,-7679.18,1166.45,0.741884,1.48845,1.63094,0.142491,60.0
1744878985579585.0,-7679.18,1166.45,0.741884,1.48845,1.63137,0.142927,60.0
1744878985599978.0,-7679.6,1169.18,0.742894,1.63094,1.65262,0.0216788,60.0
1744878985620703.0,-7679.6,1169.18,0.742894,1.63094,1.69858,0.0676427,60.0
1744878985641557.0,-7679.6,1169.18,0.742894,1.63094,1.76575,0.134809,60.0
1744878985662246.0,-7680.03,1171.92,0.743906,1.69858,1.80611,0.107533,60.0
1744878985683132.0,-7680.03,1171.92,0.743906,1.69858,1.76711,0.0685275,60.0
1744878985703971.0,-7680.45,1175.33,0.745044,1.80611,1.78016,-0.0259501,60.0
1744878985724734.0,-7680.45,1175.33,0.745044,1.80611,1.70598,-0.100137,60.0
1744878985745572.0,-7680.87,1178.07,0.746059,1.78016,1.85156,0.0713969,60.0
1744878985766215.0,-7680.87,1178.07,0.746059,1.78016,1.76424,-0.0159202,60.0
1744878985786801.0,-7680.87,1178.07,0.746059,1.78016,1.63493,-0.145235,60.0
1744878985807401.0,-7681.3,1180.8,0.747074,1.76424,1.61405,-0.150194,60.0
1744878985828411.0,-7681.3,1180.8,0.747074,1.76424,1.65232,-0.11192,60.0
1744878985849303.0,-7681.72,1184.22,0.748217,1.61405,1.70665,0.0926004,60.0
1744878985869911.0,-7681.72,1184.22,0.748217,1.61405,1.7355,0.121453,60.0
1744878985890715.0,-7681.72,1184.22,0.748217,1.61405,1.58643,-0.0276204,60.0
1744878985911462.0,-7682.14,1186.95,0.749236,1.7355,1.78877,0.0532677,60.0
1744878985932188.0,-7682.14,1186.95,0.749236,1.7355,1.73909,0.00358415,60.0
1744878985953225.0,-7682.56,1189.69,0.750255,1.78877,1.86224,0.0734721,60.0
1744878985974034.0,-7682.56,1189.69,0.750255,1.78877,1.80914,0.0203674,60.0
1744878985995051.0,-7682.56,1189.69,0.750255,1.78877,1.66481,-0.123962,60.0
1744878986015894.0,-7682.99,1193.1,0.751403,1.80914,1.69107,-0.118066,60.0
1744878986036707.0,-7682.99,1193.1,0.751403,1.80914,1.80524,-0.00389959,60.0
1744878986057241.0,-7683.41,1195.84,0.752425,1.69107,1.69403,0.00295429,60.0
1744878986077979.0,-7683.41,1195.84,0.752425,1.69107,1.63667,-0.054401,60.0
1744878986098553.0,-7683.41,1199.25,0.753065,1.69403,1.75952,0.0654947,60.0
1744878986119319.0,-7683.41,1199.25,0.753065,1.69403,1.83832,0.144298,60.0
1744878986139998.0,-7683.41,1199.25,0.753065,1.69403,1.70117,0.00714504,60.0
1744878986160852.0,-7683.83,1201.99,0.75409,1.83832,1.6844,-0.153924,60.0
1744878986181468.0,-7683.83,1201.99,0.75409,1.83832,1.74149,-0.096829,60.0
1744878986202348.0,-7684.26,1204.72,0.755116,1.6844,1.64267,-0.0417305,60.0
1744878986222609.0,-7684.26,1204.72,0.755116,1.6844,1.77467,0.0902735,60.0
1744878986243500.0,-7684.26,1204.72,0.755116,1.6844,1.60035,-0.0840497,60.0
1744878986264317.0,-7685.1,1208.14,0.756784,1.77467,1.76973,-0.00494576,60.0
1744878986285086.0,-7685.1,1208.14,0.756784,1.77467,1.83321,0.0585368,60.0
1744878986305700.0,-7685.53,1210.87,0.757813,1.76973,1.87625,0.106522,60.0
1744878986326242.0,-7685.53,1210.87,0.757813,1.76973,1.71072,-0.0590082,60.0
1744878986347030.0,-7685.53,1210.87,0.757813,1.76973,1.61591,-0.153816,60.0
1744878986367573.0,-7685.95,1213.6,0.758843,1.71072,1.80279,0.0920668,60.0
1744878986389319.0,-7685.95,1213.6,0.758843,1.71072,1.67864,-0.0320807,60.0
1744878986410014.0,-7686.37,1217.02,0.760004,1.80279,1.84431,0.0415277,60.0
1744878986430959.0,-7686.37,1217.02,0.760004,1.80279,1.72095,-0.0818349,60.0
1744878986451532.0,-7686.37,1217.02,0.760004,1.80279,1.68021,-0.122575,60.0
1744878986472532.0,-7686.8,1219.75,0.761036,1.72095,1.74167,0.0207201,60.0
1744878986493248.0,-7686.8,1219.75,0.761036,1.72095,1.81285,0.0918959,60.0
1744878986514230.0,-7687.22,1222.49,0.76207,1.74167,1.84144,0.0997675,60.0
1744878986534876.0,-7687.22,1222.49,0.76207,1.74167,1.66866,-0.0730057,60.0
1744878986555637.0,-7687.64,1225.9,0.763236,1.84144,1.71589,-0.12555,60.0
1744878986576318.0,-7687.64,1225.9,0.763236,1.84144,1.72834,-0.113094,60.0
1744878986597104.0,-7687.64,1225.9,0.763236,1.84144,1.92722,0.0857842,60.0
1744878986617855.0,-7688.06,1228.64,0.764273,1.72834,1.70075,-0.0275933,60.0
1744878986638565.0,-7688.06,1228.64,0.764273,1.72834,1.76072,0.0323712,60.0
1744878986658911.0,-7688.49,1231.37,0.76531,1.70075,1.74871,0.0479549,60.0
1744878986679756.0,-7688.49,1231.37,0.76531,1.70075,1.73371,0.0329614,60.0
1744878986700707.0,-7688.49,1231.37,0.76531,1.70075,1.67053,-0.0302232,60.0
1744878986721432.0,-7688.91,1234.79,0.766481,1.73371,1.70529,-0.0284273,60.0
1744878986741737.0,-7688.91,1234.79,0.766481,1.73371,1.59166,-0.142051,60.0
1744878986762281.0,-7689.33,1237.52,0.767522,1.70529,1.68951,-0.0157718,60.0
1744878986782884.0,-7689.33,1237.52,0.767522,1.70529,1.78174,0.0764588,60.0
1744878986803500.0,-7689.33,1237.52,0.767522,1.70529,1.68362,-0.0216637,60.0
1744878986824106.0,-7689.76,1240.25,0.768563,1.78174,1.64416,-0.137585,60.0
1744878986844796.0,-7689.76,1240.25,0.768563,1.78174,1.69763,-0.0841102,60.0
1744878986865341.0,-7690.6,1243.67,0.770251,1.64416,1.72704,0.0828834,60.0
1744878986886077.0,-7690.6,1243.67,0.770251,1.64416,1.77484,0.130678,60.0
1744878986906574.0,-7690.6,1243.67,0.770251,1.64416,1.61295,-0.0312122,60.0
1744878986927069.0,-7691.03,1246.4,0.771295,1.77484,1.82155,0.0467129,60.0
1744878986948068.0,-7691.03,1246.4,0.771295,1.77484,1.72681,-0.0480315,60.0
1744878986968802.0,-7691.45,1249.14,0.772341,1.82155,1.74613,-0.0754244,60.0
1744878986989439.0,-7691.45,1249.14,0.772341,1.82155,1.80881,-0.0127376,60.0
1744878987010153.0,-7691.87,1252.55,0.773521,1.74613,1.73384,-0.012286,60.0
1744878987030910.0,-7691.87,1252.55,0.773521,1.74613,1.6891,-0.0570213,60.0
1744878987052095.0,-7691.87,1252.55,0.773521,1.74613,1.70041,-0.0457195,60.0
1744878987072939.0,-7692.3,1255.29,0.774569,1.6891,1.7706,0.0814975,60.0
1744878987093765.0,-7692.3,1255.29,0.774569,1.6891,1.74481,0.0557062,60.0
1744878987114462.0,-7692.72,1258.02,0.775619,1.7706,1.74695,-0.0236536,60.0
1744878987135386.0,-7692.72,1258.02,0.775619,1.7706,1.75148,-0.0191213,60.0
1744878987156193.0,-7692.72,1258.02,0.775619,1.7706,1.77497,0.0043709,60.0
1744878987177044.0,-7693.14,1261.44,0.776804,1.75148,1.75139,-9.37968e-05,60.0
1744878987197881.0,-7693.14,1261.44,0.776804,1.75148,1.75535,0.00387308,60.0
1744878987218666.0,-7693.99,1264.17,0.778368,1.75139,1.73233,-0.0190578,60.0
1744878987239470.0,-7693.99,1264.17,0.778368,1.75139,1.68992,-0.0614654,60.0
1744878987260141.0,-7693.99,1264.17,0.778368,1.75139,1.67853,-0.0728526,60.0
1744878987280672.0,-7694.41,1266.9,0.779421,1.68992,1.68463,-0.00529457,60.0
1744878987301649.0,-7694.41,1266.9,0.779421,1.68992,1.72739,0.0374648,60.0
1744878987322535.0,-7694.83,1270.32,0.780612,1.68463,1.599,-0.085623,60.0
1744878987343039.0,-7694.83,1270.32,0.780612,1.68463,1.6205,-0.0641253,60.0
1744878987363870.0,-7695.26,1273.05,0.781668,1.599,1.56484,-0.0341613,60.0
1744878987384363.0,-7695.26,1273.05,0.781668,1.599,1.59876,-0.00024112,60.0
1744878987405469.0,-7695.26,1273.05,0.781668,1.599,1.67764,0.0786373,60.0
1744878987426034.0,-7695.68,1275.79,0.782725,1.59876,1.72369,0.124932,60.0
1744878987446872.0,-7695.68,1275.79,0.782725,1.59876,1.44532,-0.153445,60.0
1744878987467478.0,-7696.1,1279.2,0.78392,1.72369,1.6986,-0.0250971,60.0
1744878987488283.0,-7696.1,1279.2,0.78392,1.72369,1.68292,-0.0407782,60.0
1744878987509113.0,-7696.1,1279.2,0.78392,1.72369,1.72928,0.00558489,60.0
1744878987529653.0,-7696.53,1281.94,0.784979,1.68292,1.79786,0.114943,60.0
1744878987550413.0,-7696.53,1281.94,0.784979,1.68292,1.61947,-0.0634478,60.0
1744878987571131.0,-7696.95,1284.67,0.786041,1.79786,1.63462,-0.16324,60.0
1744878987591810.0,-7696.95,1284.67,0.786041,1.79786,1.78771,-0.0101477,60.0
1744878987612670.0,-7696.95,1284.67,0.786041,1.79786,1.83729,0.0394346,60.0
1744878987633321.0,-7697.37,1288.09,0.78724,1.78771,1.81462,0.0269099,60.0
1744878987654018.0,-7697.37,1288.09,0.78724,1.78771,1.6762,-0.111511,60.0
1744878987674610.0,-7697.8,1290.82,0.788304,1.81462,1.77768,-0.0369446,60.0
1744878987695373.0,-7697.8,1290.82,0.788304,1.81462,1.96792,0.153301,60.0
1744878987716364.0,-7697.8,1290.82,0.788304,1.81462,1.87034,0.0557227,60.0
1744878987737097.0,-7698.22,1293.55,0.789369,1.96792,1.85921,-0.108712,60.0
1744878987757748.0,-7698.22,1293.55,0.789369,1.96792,1.93138,-0.0365426,60.0
1744878987778498.0,-7699.07,1296.97,0.791086,1.85921,1.77503,-0.0841748,60.0
1744878987799530.0,-7699.07,1296.97,0.791086,1.85921,1.80985,-0.0493577,60.0
1744878987820214.0,-7699.49,1299.7,0.792154,1.77503,1.72726,-0.0477779,60.0
1744878987841307.0,-7699.49,1299.7,0.792154,1.77503,1.80112,0.0260805,60.0
1744878987861848.0,-7699.49,1299.7,0.792154,1.77503,1.7813,0.00626139,60.0
1744878987882337.0,-7699.91,1302.44,0.793223,1.80112,1.8255,0.024387,60.0
1744878987902993.0,-7699.91,1302.44,0.793223,1.80112,1.76643,-0.0346875,60.0
1744878987923628.0,-7700.33,1305.85,0.794432,1.8255,1.70888,-0.116626,60.0
1744878987944552.0,-7700.33,1305.85,0.794432,1.8255,1.6957,-0.129805,60.0
1744878987965286.0,-7700.33,1305.85,0.794432,1.8255,1.73758,-0.0879272,60.0
1744878987986492.0,-7701.18,1308.59,0.796016,1.6957,1.72211,0.0264144,60.0
1744878988006977.0,-7701.18,1308.59,0.796016,1.6957,1.80279,0.107093,60.0
1744878988027611.0,-7701.6,1311.32,0.797089,1.72211,1.69068,-0.0314273,60.0
1744878988048365.0,-7701.6,1311.32,0.797089,1.72211,1.73673,0.0146171,60.0
1744878988069278.0,-7701.6,1311.32,0.797089,1.72211,1.69643,-0.025685,60.0
1744878988089879.0,-7702.03,1314.74,0.798304,1.73673,1.80273,0.0660031,60.0
1744878988110461.0,-7702.03,1314.74,0.798304,1.73673,1.70823,-0.0285024,60.0
1744878988131196.0,-7702.45,1317.47,0.799379,1.80273,1.71822,-0.0845167,60.0
1744878988151747.0,-7702.45,1317.47,0.799379,1.80273,1.82495,0.0222176,60.0
1744878988172500.0,-7703.3,1320.2,0.800969,1.71822,1.6941,-0.0241131,60.0
1744878988192964.0,-7703.3,1320.2,0.800969,1.71822,1.81598,0.0977626,60.0
1744878988213587.0,-7703.3,1320.2,0.800969,1.71822,1.73911,0.0208981,60.0
1744878988234251.0,-7703.72,1323.62,0.802188,1.81598,1.73748,-0.0785014,60.0
1744878988254741.0,-7703.72,1323.62,0.802188,1.81598,1.78036,-0.0356227,60.0
1744878988275195.0,-7704.14,1326.35,0.803267,1.73748,1.70594,-0.0315371,60.0
1744878988296021.0,-7704.14,1326.35,0.803267,1.73748,1.646,-0.0914731,60.0
1744878988316470.0,-7704.14,1326.35,0.803267,1.73748,1.73893,0.00145079,60.0
1744878988337261.0,-7704.57,1329.09,0.804348,1.646,1.75685,0.110843,60.0
1744878988358134.0,-7704.57,1329.09,0.804348,1.646,1.69916,0.0531606,60.0
1744878988379067.0,-7705.41,1332.5,0.806085,1.75685,1.62022,-0.136626,60.0
1744878988399847.0,-7705.41,1332.5,0.806085,1.75685,1.6548,-0.102042,60.0
1744878988420730.0,-7705.41,1332.5,0.806085,1.75685,1.67639,-0.0804519,60.0
1744878988441755.0,-7705.84,1335.24,0.807168,1.6548,1.66294,0.00813138,60.0
1744878988462210.0,-7705.84,1335.24,0.807168,1.6548,1.5137,-0.141106,60.0
1744878988483107.0,-7706.26,1337.97,0.808252,1.66294,1.64063,-0.0223067,60.0
1744878988504240.0,-7706.26,1337.97,0.808252,1.66294,1.70162,0.0386824,60.0
1744878988525203.0,-7706.26,1337.97,0.808252,1.66294,1.64677,-0.0161653,60.0
1744878988545732.0,-7706.68,1341.39,0.809481,1.70162,1.70452,0.00290309,60.0
1744878988566690.0,-7706.68,1341.39,0.809481,1.70162,1.65582,-0.0458027,60.0
1744878988587481.0,-7707.1,1344.12,0.810568,1.70452,1.68567,-0.0188492,60.0
1744878988608209.0,-7707.1,1344.12,0.810568,1.70452,1.70656,0.00203737,60.0
1744878988628544.0,-7707.53,1346.85,0.811657,1.68567,1.66072,-0.0249511,60.0
1744878988649402.0,-7707.53,1346.85,0.811657,1.68567,1.57095,-0.114725,60.0
1744878988670251.0,-7707.53,1346.85,0.811657,1.68567,1.71667,0.0309939,60.0
1744878988690702.0,-7708.37,1350.27,0.813404,1.57095,1.73475,0.163805,60.0
1744878988711718.0,-7708.37,1350.27,0.813404,1.57095,1.66648,0.0955358,60.0
1744878988732352.0,-7708.8,1353.01,0.814495,1.73475,1.67373,-0.0610225,60.0
1744878988753075.0,-7708.8,1353.01,0.814495,1.73475,1.80117,0.0664152,60.0
1744878988773763.0,-7708.8,1353.01,0.814495,1.73475,1.67539,-0.0593616,60.0
1744878988794637.0,-7709.22,1355.74,0.815587,1.80117,1.64152,-0.159644,60.0
1744878988815079.0,-7709.22,1355.74,0.815587,1.80117,1.67678,-0.124386,60.0
1744878988835683.0,-7709.64,1359.16,0.816826,1.64152,1.68282,0.0412941,60.0
1744878988856584.0,-7709.64,1359.16,0.816826,1.64152,1.49521,-0.146317,60.0
1744878988877170.0,-7709.64,1359.16,0.816826,1.64152,1.67034,0.0288205,60.0
1744878988897800.0,-7710.07,1361.89,0.817921,1.49521,1.61805,0.122839,60.0
1744878988918478.0,-7710.07,1361.89,0.817921,1.49521,1.59459,0.0993882,60.0
1744878988939566.0,-7710.49,1364.62,0.819017,1.61805,1.5557,-0.0623407,60.0
1744878988960087.0,-7710.49,1364.62,0.819017,1.61805,1.51049,-0.107552,60.0
1744878988980663.0,-7710.49,1364.62,0.819017,1.61805,1.73533,0.117282,60.0
1744878989001362.0,-7710.91,1368.04,0.82026,1.51049,1.59984,0.0893432,60.0
1744878989022018.0,-7710.91,1368.04,0.82026,1.51049,1.4303,-0.0801969,60.0
1744878989042694.0,-7711.34,1370.77,0.821359,1.59984,1.70246,0.102624,60.0
1744878989063630.0,-7711.34,1370.77,0.821359,1.59984,1.65283,0.0529919,60.0
1744878989084156.0,-7711.76,1373.51,0.822459,1.65283,1.5691,-0.0837283,60.0
1744878989104844.0,-7711.76,1373.51,0.822459,1.65283,1.73402,0.0811907,60.0
1744878989125607.0,-7711.76,1373.51,0.822459,1.65283,1.72948,0.0766521,60.0
1744878989146240.0,-7712.18,1376.92,0.823707,1.73402,1.71027,-0.023753,60.0
1744878989167040.0,-7712.18,1376.92,0.823707,1.73402,1.82002,0.0859995,60.0
1744878989187720.0,-7712.18,1379.66,0.824296,1.71027,1.5748,-0.135463,60.0
1744878989209024.0,-7712.18,1379.66,0.824296,1.71027,1.83174,0.121476,60.0
1744878989230077.0,-7712.18,1379.66,0.824296,1.71027,1.57981,-0.130453,60.0
1744878989250728.0,-7712.6,1382.39,0.8254,1.83174,1.74391,-0.0878316,60.0
1744878989271593.0,-7712.6,1382.39,0.8254,1.83174,1.82023,-0.0115127,60.0
1744878989292423.0,-7713.03,1385.81,0.826653,1.74391,1.784,0.0400922,60.0
1744878989313275.0,-7713.03,1385.81,0.826653,1.74391,1.6655,-0.0784088,60.0
1744878989334235.0,-7713.03,1385.81,0.826653,1.74391,1.73056,-0.0133497,60.0
1744878989354955.0,-7713.45,1388.54,0.82776,1.6655,1.68641,0.0209052,60.0
1744878989375672.0,-7713.45,1388.54,0.82776,1.6655,1.8099,0.144398,60.0
1744878989396323.0,-7713.87,1391.27,0.828868,1.68641,1.76957,0.0831632,60.0
1744878989417071.0,-7713.87,1391.27,0.828868,1.68641,1.76469,0.0782826,60.0
1744878989437783.0,-7713.87,1391.27,0.828868,1.68641,1.67216,-0.0142489,60.0
1744878989458506.0,-7714.3,1394.69,0.830126,1.76469,1.79074,0.0260505,60.0
1744878989479562.0,-7714.3,1394.69,0.830126,1.76469,1.74586,-0.0188256,60.0
1744878989500472.0,-7714.72,1397.42,0.831236,1.79074,1.69319,-0.0975517,60.0
1744878989521335.0,-7714.72,1397.42,0.831236,1.79074,1.65121,-0.139533,60.0
1744878989542301.0,-7715.14,1400.16,0.832348,1.69319,1.54761,-0.14558,60.0
1744878989563059.0,-7715.14,1400.16,0.832348,1.69319,1.65446,-0.0387307,60.0
1744878989583719.0,-7715.14,1400.16,0.832348,1.69319,1.67046,-0.0227239,60.0
1744878989604295.0,-7715.56,1403.57,0.83361,1.65446,1.59828,-0.0561764,60.0
1744878989625066.0,-7715.56,1403.57,0.83361,1.65446,1.6303,-0.0241617,60.0
1744878989645442.0,-7715.99,1406.31,0.834725,1.59828,1.46709,-0.131192,60.0
1744878989666022.0,-7715.99,1406.31,0.834725,1.59828,1.71655,0.118264,60.0
1744878989686805.0,-7715.99,1406.31,0.834725,1.59828,1.69727,0.0989887,60.0
1744878989707805.0,-7716.41,1409.04,0.83584,1.71655,1.86784,0.151293,60.0
1744878989728668.0,-7716.41,1409.04,0.83584,1.71655,1.79978,0.0832312,60.0
1744878989749253.0,-7716.83,1412.46,0.837108,1.86784,1.88052,0.0126783,60.0
1744878989769475.0,-7716.83,1412.46,0.837108,1.86784,1.73234,-0.135495,60.0
1744878989789962.0,-7716.83,1412.46,0.837108,1.86784,1.86639,-0.00145106,60.0
1744878989810432.0,-7717.26,1415.19,0.838226,1.73234,1.73935,0.00700772,60.0
1744878989831477.0,-7717.26,1415.19,0.838226,1.73234,1.58315,-0.149197,60.0
1744878989851999.0,-7717.68,1418.61,0.839497,1.73935,1.65929,-0.0800578,60.0
1744878989872665.0,-7717.68,1418.61,0.839497,1.73935,1.65523,-0.0841232,60.0
1744878989893235.0,-7717.68,1418.61,0.839497,1.73935,1.7445,0.00514528,60.0
1744878989913794.0,-7718.1,1421.34,0.840618,1.65523,1.72303,0.067798,60.0
1744878989934199.0,-7718.1,1421.34,0.840618,1.65523,1.7676,0.112375,60.0
1744878989954859.0,-7718.53,1424.07,0.84174,1.72303,1.69814,-0.0248866,60.0
1744878989975842.0,-7718.53,1424.07,0.84174,1.72303,1.65629,-0.0667392,60.0
1744878989996396.0,-7718.95,1427.49,0.843015,1.69814,1.79458,0.0964417,60.0
1744878990016959.0,-7718.95,1427.49,0.843015,1.69814,1.65551,-0.04263,60.0
1744878990037864.0,-7718.95,1427.49,0.843015,1.69814,1.60337,-0.0947659,60.0
1744878990058669.0,-7719.37,1430.22,0.84414,1.65551,1.58028,-0.0752319,60.0
1744878990079545.0,-7719.37,1430.22,0.84414,1.65551,1.59053,-0.0649807,60.0
1744878990099948.0,-7719.79,1432.96,0.845266,1.58028,1.64089,0.0606126,60.0
1744878990120931.0,-7719.79,1432.96,0.845266,1.58028,1.49711,-0.0831662,60.0
1744878990141286.0,-7719.79,1432.96,0.845266,1.58028,1.6278,0.0475209,60.0
1744878990162265.0,-7720.22,1436.37,0.846547,1.49711,1.55703,0.0599217,60.0
1744878990182740.0,-7720.22,1436.37,0.846547,1.49711,1.5451,0.0479835,60.0
1744878990203466.0,-7720.22,1439.11,0.847161,1.55703,1.5564,-0.000634957,60.0
1744878990224545.0,-7720.22,1439.11,0.847161,1.55703,1.68326,0.12623,60.0
1744878990245178.0,-7720.22,1439.11,0.847161,1.55703,1.54775,-0.00927895,60.0
1744878990265967.0,-7720.64,1441.84,0.848291,1.68326,1.80334,0.120073,60.0
1744878990286678.0,-7720.64,1441.84,0.848291,1.68326,1.69945,0.016187,60.0
1744878990307604.0,-7721.06,1445.26,0.849577,1.80334,1.65093,-0.152407,60.0
1744878990328348.0,-7721.06,1445.26,0.849577,1.80334,1.68077,-0.122563,60.0
1744878990349311.0,-7721.06,1445.26,0.849577,1.80334,1.70227,-0.101072,60.0
1744878990369821.0,-7721.49,1447.99,0.850709,1.68077,1.63525,-0.0455263,60.0
1744878990390457.0,-7721.49,1447.99,0.850709,1.68077,1.63573,-0.0450463,60.0
1744878990411393.0,-7721.91,1450.72,0.851843,1.63525,1.76186,0.126616,60.0
1744878990432164.0,-7721.91,1450.72,0.851843,1.63525,1.67489,0.0396429,60.0
1744878990452554.0,-7722.33,1454.14,0.853133,1.76186,1.77131,0.00945039,60.0
1744878990473286.0,-7722.33,1454.14,0.853133,1.76186,1.70114,-0.060723,60.0
1744878990494183.0,-7722.33,1454.14,0.853133,1.76186,1.77141,0.00954568,60.0
1744878990514552.0,-7722.76,1456.87,0.854269,1.70114,1.57171,-0.129426,60.0
1744878990535176.0,-7722.76,1456.87,0.854269,1.70114,1.72018,0.019035,60.0
1744878990557965.0,-7722.75,1459.61,0.854893,1.57171,1.52433,-0.0473847,60.0
1744878990578697.0,-7722.75,1459.61,0.854893,1.57171,1.66449,0.0927715,60.0
1744878990599459.0,-7722.75,1459.61,0.854893,1.57171,1.68932,0.117611,60.0
1744878990620076.0,-7723.18,1463.02,0.856188,1.66449,1.68629,0.021807,60.0
1744878990640852.0,-7723.18,1463.02,0.856188,1.66449,1.56967,-0.0948202,60.0
1744878990661428.0,-7723.6,1465.76,0.857328,1.68629,1.7798,0.0935027,60.0
1744878990682282.0,-7723.6,1465.76,0.857328,1.68629,1.79115,0.104858,60.0
1744878990702861.0,-7723.6,1465.76,0.857328,1.68629,1.55037,-0.135922,60.0
1744878990723504.0,-7724.02,1469.17,0.858626,1.79115,1.65814,-0.133011,60.0
1744878990744119.0,-7724.02,1469.17,0.858626,1.79115,1.64496,-0.146193,60.0
1744878990764888.0,-7724.45,1471.91,0.859769,1.65814,1.67678,0.018642,60.0
1744878990785480.0,-7724.45,1471.91,0.859769,1.65814,1.68698,0.0288403,60.0
1744878990806238.0,-7724.87,1474.64,0.860913,1.67678,1.73578,0.058994,60.0
1744878990826985.0,-7724.87,1474.64,0.860913,1.67678,1.78328,0.106503,60.0
1744878990848007.0,-7724.87,1474.64,0.860913,1.67678,1.76459,0.0878067,60.0
1744878990868750.0,-7724.87,1478.06,0.861702,1.78328,1.77208,-0.0112021,60.0
1744878990889341.0,-7724.87,1478.06,0.861702,1.78328,1.62321,-0.160073,60.0
1744878990910367.0,-7725.29,1480.79,0.862849,1.77208,1.74669,-0.025396,60.0
1744878990930786.0,-7725.29,1480.79,0.862849,1.77208,1.68497,-0.0871163,60.0
1744878990951788.0,-7725.29,1480.79,0.862849,1.77208,1.79804,0.0259547,60.0
1744878990972472.0,-7725.72,1483.52,0.863997,1.68497,1.6881,0.00313426,60.0
1744878990993739.0,-7725.72,1483.52,0.863997,1.68497,1.60741,-0.0775558,60.0
1744878991014318.0,-7726.14,1486.94,0.865305,1.6881,1.69483,0.00673106,60.0
1744878991035046.0,-7726.14,1486.94,0.865305,1.6881,1.61155,-0.0765485,60.0
1744878991055933.0,-7726.14,1486.94,0.865305,1.6881,1.76652,0.0784151,60.0
1744878991076316.0,-7726.56,1489.67,0.866456,1.61155,1.69975,0.0882002,60.0
1744878991097072.0,-7726.56,1489.67,0.866456,1.61155,1.55501,-0.0565416,60.0
1744878991117753.0,-7726.98,1492.41,0.867607,1.69975,1.71578,0.0160291,60.0
1744878991138549.0,-7726.98,1492.41,0.867607,1.69975,1.54248,-0.157274,60.0
1744878991159214.0,-7726.98,1492.41,0.867607,1.69975,1.72717,0.0274193,60.0
1744878991179901.0,-7727.41,1495.82,0.86892,1.54248,1.53321,-0.00927186,60.0
1744878991200515.0,-7727.41,1495.82,0.86892,1.54248,1.50248,-0.0399998,60.0
1744878991221168.0,-7727.41,1498.56,0.86956,1.53321,1.5477,0.0144982,60.0
1744878991241713.0,-7727.41,1498.56,0.86956,1.53321,1.47592,-0.0572845,60.0
1744878991262393.0,-7727.83,1501.98,0.870876,1.5477,1.43708,-0.110625,60.0
1744878991283284.0,-7727.83,1501.98,0.870876,1.5477,1.44418,-0.10352,60.0
1744878991303793.0,-7727.83,1501.98,0.870876,1.5477,1.65416,0.106453,60.0
1744878991324498.0,-7728.25,1504.71,0.872034,1.44418,1.53916,0.0949736,60.0
1744878991345233.0,-7728.25,1504.71,0.872034,1.44418,1.58418,0.139995,60.0
1744878991366123.0,-7728.25,1507.44,0.872677,1.53916,1.61186,0.0727007,60.0
1744878991387069.0,-7728.25,1507.44,0.872677,1.53916,1.67589,0.136731,60.0
1744878991407593.0,-7728.25,1507.44,0.872677,1.53916,1.61924,0.0800849,60.0
1744878991428295.0,-7728.67,1510.86,0.873998,1.67589,1.75279,0.0769054,60.0
1744878991448947.0,-7728.67,1510.86,0.873998,1.67589,1.58458,-0.0913078,60.0
1744878991469777.0,-7729.1,1513.59,0.875159,1.75279,1.68623,-0.0665588,60.0
1744878991490878.0,-7729.1,1513.59,0.875159,1.75279,1.60313,-0.149664,60.0
1744878991511646.0,-7729.1,1513.59,0.875159,1.75279,1.78492,0.0321286,60.0
1744878991532013.0,-7729.1,1516.33,0.875807,1.60313,1.7025,0.0993714,60.0
1744878991552808.0,-7729.1,1516.33,0.875807,1.60313,1.69605,0.0929219,60.0
1744878991573569.0,-7729.52,1519.74,0.877133,1.7025,1.66093,-0.0415751,60.0
1744878991594062.0,-7729.52,1519.74,0.877133,1.7025,1.83266,0.130155,60.0
1744878991614658.0,-7729.52,1519.74,0.877133,1.7025,1.60099,-0.101509,60.0
1744878991635147.0,-7729.94,1522.48,0.878298,1.83266,1.7715,-0.0611559,60.0
1744878991655866.0,-7729.94,1522.48,0.878298,1.83266,1.73941,-0.0932493,60.0
1744878991676323.0,-7729.94,1525.21,0.878949,1.7715,1.72321,-0.0482917,60.0
1744878991696930.0,-7729.94,1525.21,0.878949,1.7715,1.67339,-0.0981063,60.0
1744878991717617.0,-7730.37,1528.63,0.88028,1.72321,1.73494,0.0117279,60.0
1744878991738181.0,-7730.37,1528.63,0.88028,1.72321,1.77281,0.0496016,60.0
1744878991758785.0,-7730.37,1528.63,0.88028,1.72321,1.76002,0.0368165,60.0
1744878991779358.0,-7730.79,1531.36,0.881448,1.77281,1.72558,-0.0472341,60.0
1744878991799946.0,-7730.79,1531.36,0.881448,1.77281,1.65147,-0.121344,60.0
1744878991820530.0,-7731.21,1534.78,0.882782,1.72558,1.69222,-0.033359,60.0
1744878991841294.0,-7731.21,1534.78,0.882782,1.72558,1.67863,-0.0469482,60.0
1744878991861892.0,-7731.21,1534.78,0.882782,1.72558,1.72072,-0.00485854,60.0
1744878991882324.0,-7731.21,1537.51,0.883439,1.67863,1.61672,-0.0619041,60.0
1744878991903387.0,-7731.21,1537.51,0.883439,1.67863,1.74802,0.0693878,60.0
1744878991923941.0,-7731.63,1540.24,0.884612,1.61672,1.75909,0.142367,60.0
1744878991944593.0,-7731.63,1540.24,0.884612,1.61672,1.77195,0.155231,60.0
1744878991965179.0,-7731.63,1540.24,0.884612,1.61672,1.68538,0.0686605,60.0
1744878991986140.0,-7732.06,1543.66,0.88595,1.77195,1.61238,-0.159579,60.0
1744878992004945.0,-7732.06,1543.66,0.88595,1.77195,1.88725,0.115299,60.0
1744878992025556.0,-7732.48,1546.39,0.887126,1.61238,1.69545,0.0830783,60.0
1744878992046272.0,-7732.48,1546.39,0.887126,1.61238,1.60421,-0.00816138,60.0
1744878992067071.0,-7732.48,1546.39,0.887126,1.61238,1.61636,0.0039866,60.0
1744878992087631.0,-7732.9,1549.13,0.888302,1.60421,1.71567,0.111459,60.0
1744878992108292.0,-7732.9,1549.13,0.888302,1.60421,1.69958,0.0953617,60.0
1744878992128982.0,-7732.9,1552.54,0.889131,1.71567,1.75393,0.0382541,60.0
1744878992149899.0,-7732.9,1552.54,0.889131,1.71567,1.58781,-0.127865,60.0
1744878992170333.0,-7732.9,1552.54,0.889131,1.71567,1.68595,-0.0297218,60.0
1744878992191497.0,-7733.33,1555.28,0.89031,1.58781,1.71278,0.12497,60.0
1744878992212097.0,-7733.33,1555.28,0.89031,1.58781,1.63916,0.0513516,60.0
1744878992232745.0,-7733.75,1558.01,0.89149,1.71278,1.74241,0.0296289,60.0
1744878992253407.0,-7733.75,1558.01,0.89149,1.71278,1.71233,-0.000451479,60.0
1744878992274069.0,-7733.75,1558.01,0.89149,1.71278,1.69392,-0.0188547,60.0
1744878992294514.0,-7734.17,1561.43,0.892838,1.71233,1.71069,-0.00163579,60.0
1744878992315572.0,-7734.17,1561.43,0.892838,1.71233,1.79964,0.0873091,60.0
1744878992336164.0,-7734.17,1564.16,0.893507,1.71069,1.55193,-0.158764,60.0
1744878992356849.0,-7734.17,1564.16,0.893507,1.71069,1.72087,0.0101763,60.0
1744878992377459.0,-7734.59,1567.58,0.894858,1.55193,1.54594,-0.00598712,60.0
1744878992398264.0,-7734.59,1567.58,0.894858,1.55193,1.67824,0.126315,60.0
1744878992418935.0,-7734.59,1567.58,0.894858,1.55193,1.61967,0.0677397,60.0
1744878992439627.0,-7735.02,1570.31,0.896044,1.67824,1.64463,-0.0336069,60.0
1744878992460445.0,-7735.02,1570.31,0.896044,1.67824,1.65436,-0.0238764,60.0
1744878992481526.0,-7735.44,1573.04,0.897231,1.64463,1.65316,0.00853043,60.0
1744878992502465.0,-7735.44,1573.04,0.897231,1.64463,1.68982,0.0451875,60.0
1744878992523339.0,-7735.44,1573.04,0.897231,1.64463,1.5245,-0.120131,60.0
1744878992544014.0,-7735.44,1576.46,0.898072,1.68982,1.76311,0.0732873,60.0
1744878992564353.0,-7735.44,1576.46,0.898072,1.68982,1.6782,-0.0116241,60.0
1744878992585056.0,-7735.86,1579.19,0.899262,1.76311,1.76627,0.00315752,60.0
1744878992605780.0,-7735.86,1579.19,0.899262,1.76311,1.79377,0.0306658,60.0
1744878992626485.0,-7735.86,1579.19,0.899262,1.76311,1.69433,-0.0687751,60.0
1744878992647077.0,-7736.29,1581.93,0.900452,1.79377,1.6843,-0.109478,60.0
1744878992667972.0,-7736.29,1581.93,0.900452,1.79377,1.68111,-0.112661,60.0
1744878992688372.0,-7736.71,1585.34,0.901814,1.6843,1.67662,-0.00767347,60.0
1744878992709345.0,-7736.71,1585.34,0.901814,1.6843,1.7755,0.0912052,60.0
1744878992729835.0,-7736.71,1585.34,0.901814,1.6843,1.69422,0.00992252,60.0
1744878992750580.0,-7736.71,1588.08,0.902492,1.7755,1.77289,-0.00260976,60.0
1744878992771535.0,-7736.71,1588.08,0.902492,1.7755,1.64939,-0.126108,60.0
1744878992792254.0,-7737.13,1591.49,0.903857,1.77289,1.89794,0.125053,60.0
1744878992813114.0,-7737.13,1591.49,0.903857,1.77289,1.69653,-0.0763627,60.0
1744878992833764.0,-7737.55,1594.23,0.905053,1.89794,1.81728,-0.0806687,60.0
1744878992854605.0,-7737.55,1594.23,0.905053,1.89794,1.89866,0.000714518,60.0
1744878992875629.0,-7737.55,1594.23,0.905053,1.89794,1.79532,-0.102627,60.0
1744878992895891.0,-7737.98,1596.96,0.90625,1.89866,1.81998,-0.0786796,60.0
1744878992916729.0,-7737.98,1596.96,0.90625,1.89866,1.79737,-0.101293,60.0
1744878992937472.0,-7738.4,1600.38,0.907619,1.81998,1.67081,-0.149168,60.0
1744878992958160.0,-7738.4,1600.38,0.907619,1.81998,1.69851,-0.121473,60.0
1744878992978846.0,-7738.4,1600.38,0.907619,1.81998,1.68236,-0.137619,60.0
1744878992999795.0,-7738.82,1603.11,0.908819,1.69851,1.59858,-0.0999285,60.0
1744878993020384.0,-7738.82,1603.11,0.908819,1.69851,1.80905,0.110539,60.0
1744878993041086.0,-7739.25,1605.84,0.910021,1.59858,1.58262,-0.0159585,60.0
1744878993061709.0,-7739.25,1605.84,0.910021,1.59858,1.71709,0.118511,60.0
1744878993082470.0,-7739.25,1605.84,0.910021,1.59858,1.68433,0.0857468,60.0
1744878993103231.0,-7739.67,1609.26,0.911395,1.71709,1.65883,-0.058261,60.0
1744878993124129.0,-7739.67,1609.26,0.911395,1.71709,1.57838,-0.138708,60.0
1744878993144550.0,-7740.09,1611.99,0.912599,1.65883,1.71329,0.0544606,60.0
1744878993165262.0,-7740.09,1611.99,0.912599,1.65883,1.74758,0.0887474,60.0
1744878993186101.0,-7740.51,1614.73,0.913804,1.71329,1.79753,0.0842396,60.0
1744878993206970.0,-7740.51,1614.73,0.913804,1.71329,1.76388,0.0505949,60.0
1744878993227980.0,-7740.51,1614.73,0.913804,1.71329,1.77613,0.0628395,60.0
1744878993248748.0,-7740.94,1618.14,0.915183,1.76388,1.624,-0.139889,60.0
1744878993269339.0,-7740.94,1618.14,0.915183,1.76388,1.69035,-0.0735317,60.0
1744878993289859.0,-7741.36,1620.88,0.91639,1.624,1.52152,-0.10248,60.0
1744878993310495.0,-7741.36,1620.88,0.91639,1.624,1.7804,0.156406,60.0
1744878993331192.0,-7741.36,1620.88,0.91639,1.624,1.77465,0.150658,60.0
1744878993352069.0,-7741.78,1623.61,0.917599,1.7804,1.65202,-0.128381,60.0
1744878993372815.0,-7741.78,1623.61,0.917599,1.7804,1.80088,0.0204812,60.0
1744878993393515.0,-7742.21,1627.03,0.918983,1.65202,1.80758,0.155561,60.0
1744878993413969.0,-7742.21,1627.03,0.918983,1.65202,1.55876,-0.0932656,60.0
1744878993434657.0,-7742.21,1627.03,0.918983,1.65202,1.68231,0.0302852,60.0
1744878993455435.0,-7742.63,1629.76,0.920195,1.55876,1.68337,0.124617,60.0
1744878993476454.0,-7742.63,1629.76,0.920195,1.55876,1.6762,0.117444,60.0
1744878993497466.0,-7743.05,1632.49,0.921408,1.68337,1.72585,0.0424773,60.0
1744878993518196.0,-7743.05,1632.49,0.921408,1.68337,1.70393,0.0205564,60.0
1744878993538999.0,-7743.05,1632.49,0.921408,1.68337,1.73609,0.0527131,60.0
1744878993559703.0,-7743.47,1635.91,0.922796,1.70393,1.57215,-0.131781,60.0
1744878993580364.0,-7743.47,1635.91,0.922796,1.70393,1.67082,-0.033107,60.0
1744878993600849.0,-7743.47,1638.64,0.923496,1.57215,1.63411,0.0619631,60.0
1744878993621731.0,-7743.47,1638.64,0.923496,1.57215,1.6972,0.125056,60.0
1744878993642624.0,-7743.9,1641.38,0.924713,1.63411,1.68413,0.0500177,60.0
1744878993663063.0,-7743.9,1641.38,0.924713,1.63411,1.66413,0.0300181,60.0
1744878993684049.0,-7743.9,1641.38,0.924713,1.63411,1.675,0.0408901,60.0
1744878993704452.0,-7744.32,1644.79,0.926107,1.66413,1.64025,-0.023878,60.0
1744878993725060.0,-7744.32,1644.79,0.926107,1.66413,1.55688,-0.107245,60.0
1744878993745966.0,-7744.74,1647.53,0.927326,1.64025,1.67224,0.031984,60.0
1744878993766735.0,-7744.74,1647.53,0.927326,1.64025,1.70928,0.0690286,60.0
1744878993787181.0,-7744.74,1647.53,0.927326,1.64025,1.71255,0.0722991,60.0
1744878993807894.0,-7745.17,1650.95,0.928723,1.70928,1.85671,0.147431,60.0
1744878993828928.0,-7745.17,1650.95,0.928723,1.70928,1.85707,0.147786,60.0
1744878993849460.0,-7745.59,1653.68,0.929945,1.85671,1.75359,-0.103122,60.0
1744878993870077.0,-7745.59,1653.68,0.929945,1.85671,1.77634,-0.080371,60.0
1744878993890742.0,-7745.59,1653.68,0.929945,1.85671,1.75807,-0.0986391,60.0
1744878993911460.0,-7746.01,1656.41,0.931168,1.77634,1.7929,0.0165589,60.0
1744878993932078.0,-7746.01,1656.41,0.931168,1.77634,1.79875,0.0224144,60.0
1744878993952746.0,-7746.01,1659.83,0.932054,1.7929,1.67664,-0.116261,60.0
1744878993973443.0,-7746.01,1659.83,0.932054,1.7929,1.72793,-0.0649686,60.0
1744878993994248.0,-7746.01,1659.83,0.932054,1.7929,1.63535,-0.157547,60.0
1744878994015084.0,-7746.43,1662.56,0.93328,1.72793,1.69704,-0.0308946,60.0
1744878994035648.0,-7746.43,1662.56,0.93328,1.72793,1.70842,-0.0195125,60.0
1744878994056576.0,-7746.86,1665.3,0.934507,1.69704,1.82368,0.126649,60.0
1744878994077294.0,-7746.86,1665.3,0.934507,1.69704,1.65493,-0.0421066,60.0
1744878994098107.0,-7747.28,1668.71,0.935914,1.82368,1.7675,-0.0561827,60.0
1744878994118833.0,-7747.28,1668.71,0.935914,1.82368,1.7588,-0.0648881,60.0
1744878994139596.0,-7747.28,1668.71,0.935914,1.82368,1.69577,-0.127916,60.0
1744878994160264.0,-7747.7,1671.45,0.937143,1.7588,1.75482,-0.00397419,60.0
1744878994181034.0,-7747.7,1671.45,0.937143,1.7588,1.60894,-0.149854,60.0
1744878994201464.0,-7748.13,1674.18,0.938374,1.75482,1.59947,-0.155356,60.0
1744878994222341.0,-7748.13,1674.18,0.938374,1.75482,1.86343,0.108611,60.0
1744878994243015.0,-7748.13,1674.18,0.938374,1.75482,1.77317,0.0183457,60.0
1744878994263825.0,-7748.55,1677.6,0.939786,1.86343,1.70735,-0.156079,60.0
1744878994284779.0,-7748.55,1677.6,0.939786,1.86343,1.71033,-0.153107,60.0
1744878994305158.0,-7748.97,1680.33,0.941019,1.70735,1.76439,0.0570352,60.0
1744878994325876.0,-7748.97,1680.33,0.941019,1.70735,1.59336,-0.113998,60.0
1744878994346655.0,-7748.97,1680.33,0.941019,1.70735,1.78355,0.0761965,60.0
1744878994367571.0,-7749.39,1683.06,0.942254,1.59336,1.6876,0.0942479,60.0
1744878994388235.0,-7749.39,1683.06,0.942254,1.59336,1.5761,-0.0172544,60.0
1744878994411797.0,-7749.82,1686.48,0.94367,1.6876,1.6273,-0.0603083,60.0
1744878994432443.0,-7749.82,1686.48,0.94367,1.6876,1.7842,0.0965973,60.0
1744878994453405.0,-7750.24,1689.21,0.944908,1.6273,1.56739,-0.059903,60.0
1744878994474052.0,-7750.24,1689.21,0.944908,1.6273,1.77318,0.145887,60.0
1744878994494716.0,-7750.24,1689.21,0.944908,1.6273,1.56378,-0.0635126,60.0
1744878994515644.0,-7750.66,1691.95,0.946147,1.77318,1.64268,-0.130506,60.0
1744878994536466.0,-7750.66,1691.95,0.946147,1.77318,1.82863,0.0554471,60.0
1744878994557170.0,-7751.09,1695.36,0.947568,1.64268,1.6812,0.0385233,60.0
1744878994578125.0,-7751.09,1695.36,0.947568,1.64268,1.74009,0.0974177,60.0
1744878994598702.0,-7751.09,1695.36,0.947568,1.64268,1.58728,-0.0554011,60.0
1744878994619520.0,-7751.51,1698.1,0.948809,1.74009,1.59623,-0.143861,60.0
1744878994640403.0,-7751.51,1698.1,0.948809,1.74009,1.75858,0.0184811,60.0
1744878994661161.0,-7751.93,1700.83,0.950052,1.59623,1.70399,0.107761,60.0
1744878994681604.0,-7751.93,1700.83,0.950052,1.59623,1.6274,0.0311638,60.0
1744878994702325.0,-7751.93,1700.83,0.950052,1.59623,1.55822,-0.0380174,60.0
1744878994723057.0,-7752.35,1704.25,0.951478,1.6274,1.51074,-0.11666,60.0
1744878994744025.0,-7752.35,1704.25,0.951478,1.6274,1.68057,0.0531699,60.0
1744878994764421.0,-7752.78,1706.98,0.952723,1.51074,1.54874,0.0380067,60.0
1744878994785107.0,-7752.78,1706.98,0.952723,1.51074,1.63573,0.124989,60.0
1744878994805777.0,-7752.78,1706.98,0.952723,1.51074,1.67096,0.16022,60.0
1744878994826765.0,-7753.2,1710.4,0.954152,1.63573,1.7289,0.0931701,60.0
1744878994847367.0,-7753.2,1710.4,0.954152,1.63573,1.67102,0.0352916,60.0
1744878994868201.0,-7753.62,1713.13,0.9554,1.7289,1.71347,-0.0154228,60.0
1744878994888868.0,-7753.62,1713.13,0.9554,1.7289,1.60981,-0.119085,60.0
1744878994909538.0,-7754.05,1715.86,0.956649,1.71347,1.63654,-0.0769374,60.0
1744878994930330.0,-7754.05,1715.86,0.956649,1.71347,1.59725,-0.11622,60.0
1744878994950894.0,-7754.05,1715.86,0.956649,1.71347,1.69613,-0.017348,60.0
1744878994971612.0,-7754.47,1719.28,0.958083,1.59725,1.6715,0.0742417,60.0
1744878994992409.0,-7754.47,1719.28,0.958083,1.59725,1.64116,0.0439045,60.0
1744878995013311.0,-7754.47,1722.01,0.958819,1.6715,1.65646,-0.0150392,60.0
1744878995034092.0,-7754.47,1722.01,0.958819,1.6715,1.6981,0.0266027,60.0
1744878995054748.0,-7754.47,1722.01,0.958819,1.6715,1.71796,0.0464674,60.0
1744878995076026.0,-7754.89,1724.75,0.960072,1.6981,1.70877,0.0106685,60.0
1744878995096824.0,-7754.89,1724.75,0.960072,1.6981,1.56065,-0.137452,60.0
1744878995117668.0,-7755.31,1728.16,0.961511,1.70877,1.66617,-0.0425944,60.0
1744878995138446.0,-7755.31,1728.16,0.961511,1.70877,1.75788,0.0491128,60.0
1744878995159509.0,-7755.31,1728.16,0.961511,1.70877,1.74593,0.0371586,60.0
1744878995180103.0,-7755.74,1730.9,0.962766,1.75788,1.67255,-0.0853268,60.0
1744878995200730.0,-7755.74,1730.9,0.962766,1.75788,1.85549,0.0976103,60.0
1744878995221635.0,-7756.16,1733.63,0.964023,1.67255,1.59981,-0.0727378,60.0
1744878995242462.0,-7756.16,1733.63,0.964023,1.67255,1.72786,0.0553108,60.0
1744878995263266.0,-7756.58,1737.05,0.965467,1.59981,1.437,-0.16281,60.0
1744878995284157.0,-7756.58,1737.05,0.965467,1.59981,1.62763,0.0278131,60.0
1744878995305111.0,-7756.58,1737.05,0.965467,1.59981,1.61005,0.0102395,60.0
1744878995325736.0,-7756.58,1739.78,0.96621,1.62763,1.56421,-0.0634229,60.0
1744878995346602.0,-7756.58,1739.78,0.96621,1.62763,1.63114,0.00351648,60.0
1744878995367423.0,-7757.01,1742.51,0.967471,1.56421,1.5033,-0.0609081,60.0
1744878995388053.0,-7757.01,1742.51,0.967471,1.56421,1.5747,0.0104937,60.0
1744878995408638.0,-7757.01,1742.51,0.967471,1.56421,1.51661,-0.047593,60.0
1744878995429429.0,-7757.43,1745.93,0.968919,1.5747,1.68708,0.112384,60.0
1744878995449975.0,-7757.43,1745.93,0.968919,1.5747,1.70506,0.130364,60.0
1744878995470438.0,-7757.85,1748.66,0.970183,1.68708,1.69904,0.0119583,60.0
1744878995491711.0,-7757.85,1748.66,0.970183,1.68708,1.75326,0.0661741,60.0
1744878995512233.0,-7757.85,1748.66,0.970183,1.68708,1.70533,0.0182441,60.0
1744878995532813.0,-7757.85,1752.08,0.971118,1.75326,1.71814,-0.0351147,60.0
1744878995553498.0,-7757.85,1752.08,0.971118,1.75326,1.79156,0.0383058,60.0
1744878995574247.0,-7758.27,1754.81,0.972384,1.71814,1.59962,-0.118521,60.0
1744878995594904.0,-7758.27,1754.81,0.972384,1.71814,1.66867,-0.0494741,60.0
1744878995615862.0,-7758.27,1754.81,0.972384,1.71814,1.55952,-0.158627,60.0
1744878995636565.0,-7758.7,1757.55,0.973651,1.66867,1.67883,0.0101607,60.0
1744878995657250.0,-7758.7,1757.55,0.973651,1.66867,1.61515,-0.0535184,60.0
1744878995677668.0,-7759.12,1760.97,0.975108,1.67883,1.72062,0.0417913,60.0
1744878995698635.0,-7759.12,1760.97,0.975108,1.67883,1.69715,0.0183181,60.0
1744878995719060.0,-7759.12,1760.97,0.975108,1.67883,1.71266,0.0338289,60.0
1744878995739700.0,-7759.54,1763.7,0.976378,1.69715,1.70229,0.00514463,60.0
1744878995760489.0,-7759.54,1763.7,0.976378,1.69715,1.74363,0.0464795,60.0
1744878995781001.0,-7759.54,1766.43,0.977133,1.70229,1.5853,-0.116991,60.0
1744878995801796.0,-7759.54,1766.43,0.977133,1.70229,1.56706,-0.135233,60.0
1744878995822364.0,-7759.96,1769.85,0.978594,1.5853,1.69572,0.110425,60.0
1744878995843350.0,-7759.96,1769.85,0.978594,1.5853,1.71178,0.126483,60.0
1744878995863995.0,-7759.96,1769.85,0.978594,1.5853,1.65544,0.0701385,60.0
1744878995884820.0,-7760.39,1772.58,0.979868,1.71178,1.85345,0.141668,60.0
1744878995905468.0,-7760.39,1772.58,0.979868,1.71178,1.72744,0.0156578,60.0
1744878995926152.0,-7760.81,1776.0,0.981333,1.85345,1.69713,-0.156318,60.0
1744878995946688.0,-7760.81,1776.0,0.981333,1.85345,1.71775,-0.135696,60.0
1744878995967469.0,-7760.81,1776.0,0.981333,1.85345,1.76575,-0.0876979,60.0
1744878995988446.0,-7760.81,1778.73,0.982092,1.71775,1.78669,0.068936,60.0
1744878996009546.0,-7760.81,1778.73,0.982092,1.71775,1.84879,0.13103,60.0
1744878996030276.0,-7761.23,1781.47,0.98337,1.78669,1.69667,-0.090017,60.0
1744878996051041.0,-7761.23,1781.47,0.98337,1.78669,1.75915,-0.0275394,60.0
1744878996071392.0,-7761.23,1781.47,0.98337,1.78669,1.6316,-0.155095,60.0
1744878996092064.0,-7761.65,1784.88,0.98484,1.75915,1.79927,0.0401211,60.0
1744878996112800.0,-7761.65,1784.88,0.98484,1.75915,1.7457,-0.0134477,60.0
1744878996133460.0,-7762.08,1787.62,0.98612,1.79927,1.76243,-0.0368415,60.0
1744878996154176.0,-7762.08,1787.62,0.98612,1.79927,1.80499,0.00572014,60.0
1744878996174919.0,-7762.08,1787.62,0.98612,1.79927,1.7012,-0.0980693,60.0
1744878996195709.0,-7762.5,1790.35,0.987402,1.80499,1.73267,-0.0723258,60.0
1744878996216720.0,-7762.5,1790.35,0.987402,1.80499,1.84621,0.0412206,60.0
1744878996237366.0,-7762.92,1793.77,0.988876,1.73267,1.65331,-0.0793611,60.0
1744878996257986.0,-7762.92,1793.77,0.988876,1.73267,1.78443,0.0517587,60.0
1744878996278645.0,-7763.35,1796.5,0.99016,1.65331,1.60715,-0.0461591,60.0
1744878996299341.0,-7763.35,1796.5,0.99016,1.65331,1.71064,0.0573336,60.0
1744878996320082.0,-7763.35,1796.5,0.99016,1.65331,1.63947,-0.0138314,60.0
1744878996340587.0,-7763.77,1799.23,0.991446,1.71064,1.80241,0.091767,60.0
1744878996361524.0,-7763.77,1799.23,0.991446,1.71064,1.66268,-0.0479546,60.0
1744878996382313.0,-7764.19,1802.65,0.992925,1.80241,1.83973,0.0373238,60.0
1744878996402869.0,-7764.19,1802.65,0.992925,1.80241,1.69726,-0.105149,60.0
1744878996423725.0,-7764.19,1802.65,0.992925,1.80241,1.68735,-0.11506,60.0
1744878996444068.0,-7764.62,1805.38,0.994213,1.69726,1.58788,-0.109375,60.0
1744878996464701.0,-7764.62,1805.38,0.994213,1.69726,1.81104,0.113787,60.0
1744878996485862.0,-7765.04,1808.12,0.995502,1.58788,1.60006,0.0121819,60.0
1744878996506711.0,-7765.04,1808.12,0.995502,1.58788,1.658,0.0701193,60.0
1744878996527845.0,-7765.04,1808.12,0.995502,1.58788,1.64015,0.0522675,60.0
1744878996548310.0,-7765.46,1811.53,0.996987,1.658,1.77293,0.114929,60.0
1744878996568930.0,-7765.46,1811.53,0.996987,1.658,1.60517,-0.0528328,60.0
1744878996589649.0,-7765.88,1814.27,0.998279,1.77293,1.73371,-0.0392187,60.0
1744878996610640.0,-7765.88,1814.27,0.998279,1.77293,1.77664,0.00370484,60.0
1744878996631281.0,-7766.31,1817.0,0.999572,1.77664,1.83917,0.062529,60.0
1744878996651850.0,-7766.31,1817.0,0.999572,1.77664,1.75198,-0.0246565,60.0
1744878996672608.0,-7766.31,1817.0,0.999572,1.77664,1.7023,-0.0743365,60.0
1744878996693593.0,-7766.73,1820.42,1.00106,1.75198,1.74575,-0.00622578,60.0
1744878996714244.0,-7766.73,1820.42,1.00106,1.75198,1.61689,-0.135087,60.0
1744878996734544.0,-7767.15,1823.15,1.00236,1.74575,1.64935,-0.0964086,60.0
1744878996755388.0,-7767.15,1823.15,1.00236,1.74575,1.7088,-0.0369527,60.0
1744878996776181.0,-7767.15,1823.15,1.00236,1.74575,1.61492,-0.130834,60.0
1744878996796825.0,-7767.58,1825.88,1.00365,1.7088,1.6337,-0.075104,60.0
1744878996817584.0,-7767.58,1825.88,1.00365,1.7088,1.79152,0.082722,60.0
1744878996838228.0,-7768.0,1829.3,1.00515,1.6337,1.77512,0.141426,60.0
1744878996858990.0,-7768.0,1829.3,1.00515,1.6337,1.68052,0.0468214,60.0
1744878996879614.0,-7768.0,1829.3,1.00515,1.6337,1.64476,0.0110619,60.0
1744878996900300.0,-7768.42,1832.03,1.00645,1.68052,1.83257,0.152056,60.0
1744878996920864.0,-7768.42,1832.03,1.00645,1.68052,1.77266,0.0921456,60.0
1744878996941877.0,-7768.84,1835.45,1.00794,1.83257,1.73012,-0.102458,60.0
1744878996962342.0,-7768.84,1835.45,1.00794,1.83257,1.74592,-0.0866579,60.0
1744878996983712.0,-7768.84,1835.45,1.00794,1.83257,1.69291,-0.139663,60.0
1744878997004173.0,-7769.27,1838.18,1.00925,1.74592,1.61262,-0.133293,60.0
1744878997024909.0,-7769.27,1838.18,1.00925,1.74592,1.66283,-0.0830843,60.0
1744878997045773.0,-7769.69,1840.92,1.01055,1.61262,1.62957,0.0169439,60.0
1744878997066360.0,-7769.69,1840.92,1.01055,1.61262,1.73332,0.120699,60.0
1744878997086999.0,-7769.69,1844.33,1.01154,1.62957,1.68267,0.0531078,60.0
1744878997107664.0,-7769.69,1844.33,1.01154,1.62957,1.7673,0.137728,60.0
1744878997128439.0,-7769.69,1844.33,1.01154,1.62957,1.67005,0.0404873,60.0
1744878997150123.0,-7770.11,1847.07,1.01284,1.7673,1.73124,-0.0360563,60.0
1744878997170816.0,-7770.11,1847.07,1.01284,1.7673,1.84444,0.0771493,60.0
1744878997191492.0,-7770.53,1849.8,1.01415,1.73124,1.57075,-0.160488,60.0
1744878997212306.0,-7770.53,1849.8,1.01415,1.73124,1.83035,0.0991155,60.0
1744878997233176.0,-7770.53,1849.8,1.01415,1.73124,1.77432,0.0430785,60.0
1744878997253694.0,-7770.96,1853.22,1.01566,1.83035,1.75064,-0.0797183,60.0
1744878997274550.0,-7770.96,1853.22,1.01566,1.83035,1.80295,-0.0274055,60.0
1744878997295238.0,-7771.38,1855.95,1.01697,1.75064,1.7692,0.0185613,60.0
1744878997316072.0,-7771.38,1855.95,1.01697,1.75064,1.62804,-0.122598,60.0
1744878997336825.0,-7771.38,1855.95,1.01697,1.75064,1.62818,-0.12246,60.0
1744878997357474.0,-7771.8,1858.68,1.01828,1.62804,1.70062,0.0725854,60.0
1744878997378345.0,-7771.8,1858.68,1.01828,1.62804,1.55539,-0.0726486,60.0
1744878997398879.0,-7772.23,1862.1,1.01979,1.70062,1.72435,0.0237262,60.0
1744878997419564.0,-7772.23,1862.1,1.01979,1.70062,1.59266,-0.107966,60.0
1744878997440529.0,-7772.65,1864.84,1.0211,1.72435,1.78696,0.0626139,60.0
1744878997461157.0,-7772.65,1864.84,1.0211,1.72435,1.83593,0.111578,60.0
1744878997481902.0,-7772.65,1864.84,1.0211,1.72435,1.56256,-0.161791,60.0
1744878997502923.0,-7773.5,1867.57,1.02294,1.83593,1.79785,-0.0380767,60.0
1744878997523914.0,-7773.5,1867.57,1.02294,1.83593,1.89988,0.0639578,60.0
1744878997544374.0,-7773.92,1870.99,1.02445,1.79785,1.68799,-0.109862,60.0
1744878997565056.0,-7773.92,1870.99,1.02445,1.79785,1.9477,0.149852,60.0
1744878997585760.0,-7773.92,1870.99,1.02445,1.79785,1.81082,0.012968,60.0
1744878997606528.0,-7774.34,1873.72,1.02577,1.9477,1.7851,-0.162606,60.0
1744878997627219.0,-7774.34,1873.72,1.02577,1.9477,1.81098,-0.136725,60.0
1744878997647971.0,-7774.76,1876.45,1.02709,1.7851,1.68566,-0.099435,60.0
1744878997668766.0,-7774.76,1876.45,1.02709,1.7851,1.62864,-0.156453,60.0
1744878997689418.0,-7774.76,1876.45,1.02709,1.7851,1.84792,0.0628256,60.0
1744878997710197.0,-7775.19,1879.87,1.02861,1.62864,1.60817,-0.0204706,60.0
1744878997731115.0,-7775.19,1879.87,1.02861,1.62864,1.65726,0.028612,60.0
1744878997751789.0,-7775.61,1882.6,1.02993,1.60817,1.62225,0.014075,60.0
1744878997772613.0,-7775.61,1882.6,1.02993,1.60817,1.62092,0.0127443,60.0
1744878997793177.0,-7776.03,1885.34,1.03126,1.62225,1.70111,0.0788612,60.0
1744878997814050.0,-7776.03,1885.34,1.03126,1.62225,1.61836,-0.00388793,60.0
1744878997834753.0,-7776.03,1885.34,1.03126,1.62225,1.60072,-0.0215277,60.0
1744878997855750.0,-7776.46,1888.75,1.03278,1.61836,1.57058,-0.0477836,60.0
1744878997876269.0,-7776.46,1888.75,1.03278,1.61836,1.72026,0.101895,60.0
1744878997897002.0,-7776.88,1891.49,1.03411,1.57058,1.73327,0.162694,60.0
1744878997917462.0,-7776.88,1891.49,1.03411,1.57058,1.63865,0.0680739,60.0
1744878997938278.0,-7776.88,1891.49,1.03411,1.57058,1.70683,0.13625,60.0
1744878997959259.0,-7777.3,1894.22,1.03543,1.63865,1.6667,0.0280542,60.0
1744878997980029.0,-7777.3,1894.22,1.03543,1.63865,1.67954,0.0408938,60.0
1744878998001138.0,-7777.72,1897.64,1.03697,1.6667,1.68338,0.0166716,60.0
1744878998021755.0,-7777.72,1897.64,1.03697,1.6667,1.50429,-0.162419,60.0
1744878998042803.0,-7777.72,1897.64,1.03697,1.6667,1.59431,-0.0723972,60.0
1744878998063621.0,-7778.15,1900.37,1.03829,1.50429,1.51507,0.010788,60.0
1744878998084351.0,-7778.15,1900.37,1.03829,1.50429,1.6288,0.124509,60.0
1744878998105048.0,-7778.57,1903.1,1.03963,1.51507,1.6491,0.134026,60.0
1744878998125648.0,-7778.57,1903.1,1.03963,1.51507,1.55699,0.0419118,60.0
1744878998146498.0,-7778.57,1903.1,1.03963,1.51507,1.47979,-0.0352837,60.0
1744878998167259.0,-7778.57,1906.52,1.04064,1.55699,1.57895,0.0219655,60.0
1744878998187834.0,-7778.57,1906.52,1.04064,1.55699,1.6219,0.0649169,60.0
1744878998208553.0,-7778.99,1909.25,1.04198,1.57895,1.62401,0.0450611,60.0
1744878998229090.0,-7778.99,1909.25,1.04198,1.57895,1.52338,-0.0555697,60.0
1744878998249777.0,-7779.41,1912.67,1.04352,1.62401,1.56239,-0.0616237,60.0
1744878998270495.0,-7779.41,1912.67,1.04352,1.62401,1.72462,0.100603,60.0
1744878998291262.0,-7779.41,1912.67,1.04352,1.62401,1.47064,-0.153377,60.0
1744878998312604.0,-7779.84,1915.4,1.04485,1.72462,1.65611,-0.0685083,60.0
1744878998333173.0,-7779.84,1915.4,1.04485,1.72462,1.85123,0.126615,60.0
1744878998353986.0,-7779.84,1918.14,1.04567,1.65611,1.75,0.0938956,60.0
1744878998375291.0,-7779.84,1918.14,1.04567,1.65611,1.70282,0.0467131,60.0
1744878998395452.0,-7779.84,1918.14,1.04567,1.65611,1.73998,0.0838761,60.0
1744878998416156.0,-7780.26,1921.55,1.04722,1.70282,1.81157,0.10875,60.0
1744878998436823.0,-7780.26,1921.55,1.04722,1.70282,1.77371,0.0708926,60.0
1744878998457678.0,-7780.68,1924.29,1.04856,1.81157,1.70122,-0.110346,60.0
1744878998478363.0,-7780.68,1924.29,1.04856,1.81157,1.75371,-0.0578601,60.0
1744878998499655.0,-7780.68,1924.29,1.04856,1.81157,1.89981,0.08824,60.0
1744878998520261.0,-7781.11,1927.02,1.0499,1.75371,1.77188,0.0181731,60.0
1744878998541224.0,-7781.11,1927.02,1.0499,1.75371,1.87317,0.119455,60.0
1744878998562574.0,-7781.1,1930.44,1.05093,1.77188,1.65288,-0.119004,60.0
1744878998582900.0,-7781.1,1930.44,1.05093,1.77188,1.75528,-0.0165983,60.0
1744878998603477.0,-7781.53,1933.17,1.05227,1.65288,1.78832,0.135437,60.0
1744878998624407.0,-7781.53,1933.17,1.05227,1.65288,1.73578,0.0829048,60.0
1744878998644894.0,-7781.53,1933.17,1.05227,1.65288,1.63921,-0.0136687,60.0
1744878998666034.0,-7781.95,1935.9,1.05362,1.73578,1.68788,-0.0479025,60.0
1744878998686784.0,-7781.95,1935.9,1.05362,1.73578,1.8409,0.105111,60.0
1744878998707491.0,-7782.37,1939.32,1.05517,1.68788,1.69231,0.00443069,60.0
1744878998728198.0,-7782.37,1939.32,1.05517,1.68788,1.80585,0.117971,60.0
1744878998749028.0,-7782.37,1939.32,1.05517,1.68788,1.54809,-0.139792,60.0
1744878998769829.0,-7782.8,1942.05,1.05652,1.80585,1.79368,-0.0121711,60.0
1744878998790417.0,-7782.8,1942.05,1.05652,1.80585,1.71134,-0.0945164,60.0
1744878998811136.0,-7783.22,1945.47,1.05807,1.79368,1.73002,-0.0636642,60.0
1744878998832071.0,-7783.22,1945.47,1.05807,1.79368,1.77711,-0.0165731,60.0
1744878998853299.0,-7783.22,1945.47,1.05807,1.79368,1.66059,-0.133092,60.0
1744878998874185.0,-7783.64,1948.2,1.05942,1.77711,1.6921,-0.085012,60.0
1744878998895200.0,-7783.64,1948.2,1.05942,1.77711,1.72116,-0.0559449,60.0
1744878998915808.0,-7784.06,1950.94,1.06078,1.6921,1.64188,-0.0502173,60.0
1744878998936334.0,-7784.06,1950.94,1.06078,1.6921,1.61544,-0.0766553,60.0
1744878998957417.0,-7784.49,1954.36,1.06234,1.64188,1.69213,0.0502555,60.0
1744878998977993.0,-7784.49,1954.36,1.06234,1.64188,1.64962,0.00774478,60.0
1744878998999144.0,-7784.49,1954.36,1.06234,1.64188,1.62519,-0.0166882,60.0
1744878999019791.0,-7784.49,1957.09,1.06317,1.64962,1.50685,-0.142775,60.0
1744878999040596.0,-7784.49,1957.09,1.06317,1.64962,1.55092,-0.0987031,60.0
1744878999061436.0,-7784.91,1959.82,1.06453,1.50685,1.57236,0.0655131,60.0
1744878999082110.0,-7784.91,1959.82,1.06453,1.50685,1.63812,0.131276,60.0
1744878999102735.0,-7784.91,1959.82,1.06453,1.50685,1.55988,0.0530279,60.0
1744878999123427.0,-7785.33,1963.24,1.0661,1.63812,1.53536,-0.102769,60.0
1744878999143821.0,-7785.33,1963.24,1.0661,1.63812,1.63229,-0.00583155,60.0
1744878999164698.0,-7785.75,1965.97,1.06745,1.53536,1.58483,0.0494731,60.0
1744878999185484.0,-7785.75,1965.97,1.06745,1.53536,1.643,0.107649,60.0
1744878999206236.0,-7785.75,1965.97,1.06745,1.53536,1.52087,-0.0144874,60.0
1744878999227050.0,-7786.18,1968.71,1.06881,1.643,1.66988,0.0268732,60.0
1744878999247761.0,-7786.18,1968.71,1.06881,1.643,1.76035,0.117349,60.0
1744878999268403.0,-7786.18,1972.12,1.06987,1.66988,1.65802,-0.0118612,60.0
1744878999288952.0,-7786.18,1972.12,1.06987,1.66988,1.65347,-0.0164058,60.0
1744878999309830.0,-7786.18,1972.12,1.06987,1.66988,1.62781,-0.0420672,60.0
1744878999330473.0,-7786.6,1974.86,1.07123,1.65347,1.76522,0.111744,60.0
1744878999351572.0,-7786.6,1974.86,1.07123,1.65347,1.69715,0.0436737,60.0
1744878999372063.0,-7787.02,1977.59,1.07259,1.76522,1.90453,0.139312,60.0
1744878999392717.0,-7787.02,1977.59,1.07259,1.76522,1.78387,0.0186555,60.0
1744878999413528.0,-7787.45,1981.01,1.07417,1.90453,1.89315,-0.011375,60.0
1744878999434146.0,-7787.45,1981.01,1.07417,1.90453,1.74425,-0.160281,60.0
1744878999454983.0,-7787.45,1981.01,1.07417,1.90453,1.91388,0.00935399,60.0
1744878999475445.0,-7787.87,1983.74,1.07553,1.74425,1.7232,-0.021047,60.0
1744878999496209.0,-7787.87,1983.74,1.07553,1.74425,1.61421,-0.130036,60.0
1744878999516793.0,-7787.87,1987.16,1.07659,1.7232,1.6893,-0.0338972,60.0
1744878999537469.0,-7787.87,1987.16,1.07659,1.7232,1.63949,-0.0837073,60.0
1744878999558205.0,-7787.87,1987.16,1.07659,1.7232,1.6336,-0.0895951,60.0
1744878999578831.0,-7788.29,1989.89,1.07796,1.63949,1.8019,0.16241,60.0
1744878999599751.0,-7788.29,1989.89,1.07796,1.63949,1.63764,-0.00184808,60.0
1744878999620368.0,-7788.71,1992.62,1.07933,1.8019,1.82312,0.0212206,60.0
1744878999640952.0,-7788.71,1992.62,1.07933,1.8019,1.71844,-0.083462,60.0
1744878999661806.0,-7788.71,1992.62,1.07933,1.8019,1.75127,-0.0506373,60.0
1744878999682489.0,-7789.14,1996.04,1.08092,1.71844,1.57348,-0.144957,60.0
1744878999703302.0,-7789.14,1996.04,1.08092,1.71844,1.55449,-0.16395,60.0
1744878999724081.0,-7789.56,1998.77,1.08229,1.57348,1.66019,0.0867057,60.0
1744878999744823.0,-7789.56,1998.77,1.08229,1.57348,1.55753,-0.0159545,60.0
1744878999765747.0,-7789.56,1998.77,1.08229,1.57348,1.73335,0.159865,60.0
1744878999786456.0,-7789.98,2001.51,1.08366,1.55753,1.56182,0.00429551,60.0
1744878999807119.0,-7789.98,2001.51,1.08366,1.55753,1.50048,-0.0570505,60.0
1744878999827915.0,-7790.4,2004.92,1.08525,1.56182,1.66705,0.105225,60.0
1744878999849142.0,-7790.4,2004.92,1.08525,1.56182,1.65798,0.0961568,60.0
1744878999869518.0,-7790.4,2007.66,1.08611,1.66705,1.75655,0.0894972,60.0
1744878999890274.0,-7790.4,2007.66,1.08611,1.66705,1.71992,0.0528676,60.0
1744878999911138.0,-7790.4,2007.66,1.08611,1.66705,1.75944,0.0923892,60.0
1744878999931881.0,-7790.83,2010.39,1.08749,1.71992,1.69612,-0.0237982,60.0
1744878999952412.0,-7790.83,2010.39,1.08749,1.71992,1.68931,-0.0306023,60.0
1744878999973210.0,-7791.25,2013.81,1.08908,1.69612,1.80497,0.108848,60.0
1744878999993925.0,-7791.25,2013.81,1.08908,1.69612,1.7879,0.0917772,60.0
1744879000014781.0,-7791.25,2013.81,1.08908,1.69612,1.56772,-0.128397,60.0
1744879000035476.0,-7791.67,2016.54,1.09046,1.7879,1.65057,-0.137325,60.0
1744879000056304.0,-7791.67,2016.54,1.09046,1.7879,1.65904,-0.128854,60.0
1744879000076956.0,-7791.67,2019.96,1.09154,1.65057,1.77385,0.123282,60.0
1744879000097851.0,-7791.67,2019.96,1.09154,1.65057,1.68408,0.0335096,60.0
1744879000118758.0,-7791.67,2019.96,1.09154,1.65057,1.79878,0.148207,60.0
1744879000139512.0,-7792.09,2022.69,1.09292,1.68408,1.60948,-0.0745978,60.0
1744879000160475.0,-7792.09,2022.69,1.09292,1.68408,1.74212,0.0580343,60.0
1744879000181205.0,-7792.52,2025.42,1.09431,1.60948,1.66945,0.0599676,60.0
1744879000201602.0,-7792.52,2025.42,1.09431,1.60948,1.61147,0.00198792,60.0
1744879000222668.0,-7792.52,2025.42,1.09431,1.60948,1.49323,-0.116254,60.0
1744879000243189.0,-7792.94,2028.84,1.09591,1.61147,1.55913,-0.0523417,60.0
1744879000264207.0,-7792.94,2028.84,1.09591,1.61147,1.6815,0.0700289,60.0
1744879000284823.0,-7793.36,2031.57,1.0973,1.55913,1.57901,0.0198766,60.0
1744879000305534.0,-7793.36,2031.57,1.0973,1.55913,1.6601,0.100973,60.0
1744879000325995.0,-7793.36,2034.31,1.09817,1.57901,1.73965,0.160639,60.0
1744879000346656.0,-7793.36,2034.31,1.09817,1.57901,1.54219,-0.0368162,60.0
1744879000367412.0,-7793.36,2034.31,1.09817,1.57901,1.52019,-0.0588182,60.0
1744879000388059.0,-7793.78,2037.72,1.09977,1.54219,1.58341,0.0412246,60.0
1744879000408815.0,-7793.78,2037.72,1.09977,1.54219,1.57448,0.0322902,60.0
1744879000429651.0,-7794.21,2040.46,1.10116,1.58341,1.46074,-0.12267,60.0
1744879000450263.0,-7794.21,2040.46,1.10116,1.58341,1.57457,-0.00884776,60.0
1744879000471142.0,-7794.21,2040.46,1.10116,1.58341,1.6715,0.0880889,60.0
1744879000491927.0,-7794.21,2043.19,1.10204,1.57457,1.59038,0.0158111,60.0
1744879000512715.0,-7794.21,2043.19,1.10204,1.57457,1.59253,0.0179607,60.0
1744879000533406.0,-7794.63,2046.61,1.10365,1.59038,1.60691,0.0165336,60.0
1744879000554132.0,-7794.63,2046.61,1.10365,1.59038,1.64122,0.0508446,60.0
1744879000575012.0,-7794.63,2046.61,1.10365,1.59038,1.62687,0.0364957,60.0
1744879000595810.0,-7794.63,2049.34,1.10452,1.64122,1.74298,0.10176,60.0
1744879000616594.0,-7794.63,2049.34,1.10452,1.64122,1.71725,0.076023,60.0
1744879000637073.0,-7795.05,2052.76,1.10614,1.74298,1.5939,-0.149077,60.0
1744879000657865.0,-7795.05,2052.76,1.10614,1.74298,1.6318,-0.111179,60.0
1744879000678697.0,-7795.05,2052.76,1.10614,1.74298,1.68813,-0.0548565,60.0
1744879000699315.0,-7795.05,2055.49,1.10702,1.6318,1.52069,-0.11111,60.0
1744879000719977.0,-7795.05,2055.49,1.10702,1.6318,1.61208,-0.0197214,60.0
1744879000740909.0,-7795.47,2058.23,1.10841,1.52069,1.64808,0.127386,60.0
1744879000761400.0,-7795.47,2058.23,1.10841,1.52069,1.50106,-0.0196359,60.0
1744879000782341.0,-7795.47,2061.64,1.10951,1.64808,1.78803,0.13995,60.0
1744879000802886.0,-7795.47,2061.64,1.10951,1.64808,1.57116,-0.0769129,60.0
1744879000823580.0,-7795.47,2061.64,1.10951,1.64808,1.59602,-0.0520582,60.0
1744879000844282.0,-7795.9,2064.38,1.11092,1.57116,1.57962,0.00845247,60.0
1744879000865008.0,-7795.9,2064.38,1.11092,1.57116,1.70008,0.128918,60.0
1744879000885700.0,-7795.89,2067.79,1.11202,1.57962,1.47452,-0.1051,60.0
1744879000906582.0,-7795.89,2067.79,1.11202,1.57962,1.6323,0.0526835,60.0
1744879000927481.0,-7795.89,2067.79,1.11202,1.57962,1.69217,0.112551,60.0
1744879000948114.0,-7796.32,2070.53,1.11342,1.6323,1.72898,0.0966804,60.0
1744879000968927.0,-7796.32,2070.53,1.11342,1.6323,1.63093,-0.00137036,60.0
1744879000989811.0,-7796.32,2073.26,1.11431,1.72898,1.74754,0.0185573,60.0
1744879001010535.0,-7796.32,2073.26,1.11431,1.72898,1.65751,-0.0714721,60.0
1744879001031399.0,-7796.32,2073.26,1.11431,1.72898,1.69384,-0.035138,60.0
1744879001052218.0,-7796.74,2076.68,1.11594,1.65751,1.80085,0.143338,60.0
1744879001072864.0,-7796.74,2076.68,1.11594,1.65751,1.68034,0.0228304,60.0
1744879001093568.0,-7797.16,2079.41,1.11734,1.80085,1.66355,-0.137299,60.0
1744879001114206.0,-7797.16,2079.41,1.11734,1.80085,1.73071,-0.0701332,60.0
1744879001135042.0,-7797.16,2082.14,1.11823,1.66355,1.70401,0.0404605,60.0
1744879001155653.0,-7797.16,2082.14,1.11823,1.66355,1.77801,0.114457,60.0
1744879001176389.0,-7797.16,2082.14,1.11823,1.66355,1.53647,-0.127081,60.0
1744879001197093.0,-7797.58,2085.56,1.11987,1.77801,1.68059,-0.0974119,60.0
1744879001217548.0,-7797.58,2085.56,1.11987,1.77801,1.65934,-0.118665,60.0
1744879001238439.0,-7797.58,2088.29,1.12076,1.68059,1.63257,-0.0480188,60.0
1744879001259130.0,-7797.58,2088.29,1.12076,1.68059,1.79159,0.110992,60.0
1744879001279957.0,-7797.58,2088.29,1.12076,1.68059,1.77073,0.090138,60.0
1744879001300514.0,-7798.01,2091.71,1.12239,1.79159,1.82346,0.031874,60.0
1744879001321366.0,-7798.01,2091.71,1.12239,1.79159,1.80108,0.00949835,60.0
1744879001342077.0,-7798.43,2094.44,1.12381,1.82346,1.66928,-0.154185,60.0
1744879001362751.0,-7798.43,2094.44,1.12381,1.82346,1.68877,-0.134691,60.0
1744879001383473.0,-7798.43,2094.44,1.12381,1.82346,1.72286,-0.100605,60.0
1744879001404437.0,-7798.43,2097.18,1.1247,1.68877,1.65312,-0.0356535,60.0
1744879001425213.0,-7798.43,2097.18,1.1247,1.68877,1.76008,0.0713106,60.0
1744879001445893.0,-7798.85,2100.59,1.12634,1.65312,1.76914,0.116027,60.0
1744879001466603.0,-7798.85,2100.59,1.12634,1.65312,1.7236,0.0704813,60.0
1744879001487545.0,-7798.85,2100.59,1.12634,1.65312,1.73689,0.0837719,60.0
1744879001508006.0,-7799.27,2103.33,1.12776,1.7236,1.83728,0.113687,60.0
1744879001528846.0,-7799.27,2103.33,1.12776,1.7236,1.68569,-0.037905,60.0
1744879001549687.0,-7799.7,2106.06,1.12918,1.83728,1.71148,-0.125806,60.0
1744879001570296.0,-7799.7,2106.06,1.12918,1.83728,1.76888,-0.0684078,60.0
1744879001590901.0,-7799.7,2109.48,1.13031,1.71148,1.78439,0.0729155,60.0
1744879001611749.0,-7799.7,2109.48,1.13031,1.71148,1.85137,0.139895,60.0
1744879001632388.0,-7799.7,2109.48,1.13031,1.71148,1.57009,-0.141384,60.0
1744879001652989.0,-7800.12,2112.21,1.13173,1.85137,1.73995,-0.111421,60.0
1744879001673809.0,-7800.12,2112.21,1.13173,1.85137,1.72422,-0.127152,60.0
1744879001694542.0,-7800.54,2114.94,1.13315,1.73995,1.68165,-0.0582983,60.0
1744879001715047.0,-7800.54,2114.94,1.13315,1.73995,1.87685,0.136899,60.0
1744879001736105.0,-7800.54,2114.94,1.13315,1.73995,1.63554,-0.104417,60.0
1744879001756566.0,-7800.96,2118.36,1.1348,1.87685,1.73722,-0.139634,60.0
1744879001777164.0,-7800.96,2118.36,1.1348,1.87685,1.84416,-0.0326931,60.0
1744879001798109.0,-7801.39,2121.09,1.13623,1.73722,1.71624,-0.0209734,60.0
1744879001818877.0,-7801.39,2121.09,1.13623,1.73722,1.83779,0.100571,60.0
1744879001839721.0,-7801.39,2121.09,1.13623,1.73722,1.63066,-0.106554,60.0
1744879001860414.0,-7801.81,2123.83,1.13766,1.83779,1.73758,-0.100213,60.0
1744879001881201.0,-7801.81,2123.83,1.13766,1.83779,1.74159,-0.0962016,60.0
1744879001901869.0,-7802.23,2127.24,1.13931,1.73758,1.80903,0.0714569,60.0
1744879001922501.0,-7802.23,2127.24,1.13931,1.73758,1.60754,-0.130034,60.0
1744879001943334.0,-7802.66,2129.98,1.14074,1.80903,1.66933,-0.1397,60.0
1744879001963887.0,-7802.66,2129.98,1.14074,1.80903,1.70342,-0.105616,60.0
1744879001984809.0,-7802.66,2129.98,1.14074,1.80903,1.75085,-0.0581852,60.0
1744879002005308.0,-7803.08,2133.39,1.1424,1.70342,1.66132,-0.042096,60.0
1744879002026101.0,-7803.08,2133.39,1.1424,1.70342,1.82748,0.124065,60.0
1744879002046952.0,-7803.5,2136.13,1.14383,1.66132,1.72182,0.0605031,60.0
1744879002068865.0,-7803.5,2136.13,1.14383,1.66132,1.68604,0.024719,60.0
1744879002089631.0,-7803.5,2136.13,1.14383,1.66132,1.8081,0.146781,60.0
1744879002110153.0,-7803.92,2138.86,1.14526,1.68604,1.66176,-0.0242839,60.0
1744879002130967.0,-7803.92,2138.86,1.14526,1.68604,1.65944,-0.0265979,60.0
1744879002151695.0,-7804.35,2142.28,1.14693,1.66176,1.68803,0.0262755,60.0
1744879002172137.0,-7804.35,2142.28,1.14693,1.66176,1.72514,0.0633837,60.0
1744879002192875.0,-7804.35,2142.28,1.14693,1.66176,1.51805,-0.143706,60.0
1744879002213816.0,-7804.77,2145.01,1.14836,1.72514,1.73495,0.0098071,60.0
1744879002234523.0,-7804.77,2145.01,1.14836,1.72514,1.58039,-0.144753,60.0
1744879002255299.0,-7805.19,2147.75,1.1498,1.73495,1.62974,-0.105204,60.0
1744879002276032.0,-7805.19,2147.75,1.1498,1.73495,1.64669,-0.0882528,60.0
1744879002296875.0,-7805.61,2151.16,1.15147,1.62974,1.65835,0.0286098,60.0
1744879002317421.0,-7805.61,2151.16,1.15147,1.62974,1.74965,0.119907,60.0
1744879002338247.0,-7805.61,2151.16,1.15147,1.62974,1.63064,0.000901099,60.0
1744879002358963.0,-7806.04,2153.9,1.15291,1.74965,1.83712,0.0874694,60.0
1744879002379765.0,-7806.04,2153.9,1.15291,1.74965,1.75863,0.00898487,60.0
1744879002400418.0,-7806.46,2156.63,1.15435,1.83712,1.80097,-0.0361479,60.0
1744879002421382.0,-7806.46,2156.63,1.15435,1.83712,1.77482,-0.0623004,60.0
1744879002442059.0,-7806.46,2156.63,1.15435,1.83712,1.79306,-0.0440629,60.0
1744879002462582.0,-7806.88,2160.05,1.15602,1.77482,1.80055,0.0257322,60.0
1744879002483280.0,-7806.88,2160.05,1.15602,1.77482,1.69547,-0.0793524,60.0
1744879002503933.0,-7807.31,2162.78,1.15747,1.80055,1.69577,-0.104785,60.0
1744879002524722.0,-7807.31,2162.78,1.15747,1.80055,1.70043,-0.100125,60.0
1744879002545463.0,-7807.31,2162.78,1.15747,1.80055,1.65454,-0.146011,60.0
1744879002566247.0,-7807.73,2165.51,1.15891,1.70043,1.66526,-0.0351701,60.0
1744879002586855.0,-7807.73,2165.51,1.15891,1.70043,1.59171,-0.108721,60.0
1744879002607709.0,-7808.15,2168.93,1.16059,1.66526,1.8109,0.14564,60.0
1744879002628297.0,-7808.15,2168.93,1.16059,1.66526,1.613,-0.0522522,60.0
1744879002649167.0,-7808.15,2168.93,1.16059,1.66526,1.7097,0.044444,60.0
1744879002669895.0,-7808.57,2171.66,1.16204,1.613,1.73391,0.120909,60.0
1744879002690738.0,-7808.57,2171.66,1.16204,1.613,1.68216,0.069154,60.0
1744879002711471.0,-7809.0,2174.4,1.16349,1.73391,1.83112,0.0972068,60.0
1744879002732371.0,-7809.0,2174.4,1.16349,1.73391,1.65696,-0.0769553,60.0
1744879002752953.0,-7809.84,2177.81,1.16569,1.83112,1.77852,-0.0525972,60.0
1744879002773757.0,-7809.84,2177.81,1.16569,1.83112,1.71586,-0.115255,60.0
1744879002794531.0,-7809.84,2177.81,1.16569,1.83112,1.76403,-0.0670872,60.0
1744879002815437.0,-7810.27,2180.55,1.16714,1.71586,1.62255,-0.093318,60.0
1744879002836081.0,-7810.27,2180.55,1.16714,1.71586,1.80209,0.0862284,60.0
1744879002856848.0,-7810.69,2183.28,1.16859,1.62255,1.61771,-0.00484011,60.0
1744879002877555.0,-7810.69,2183.28,1.16859,1.62255,1.71562,0.0930761,60.0
1744879002898205.0,-7810.69,2183.28,1.16859,1.62255,1.66586,0.0433111,60.0
1744879002918984.0,-7811.11,2186.7,1.17028,1.71562,1.8383,0.122681,60.0
1744879002939731.0,-7811.11,2186.7,1.17028,1.71562,1.73355,0.0179274,60.0
1744879002960405.0,-7811.53,2189.43,1.17174,1.8383,1.6932,-0.1451,60.0
1744879002981098.0,-7811.53,2189.43,1.17174,1.8383,1.85572,0.0174121,60.0
1744879003002555.0,-7811.53,2189.43,1.17174,1.8383,1.81363,-0.0246699,60.0
1744879003023287.0,-7811.96,2192.16,1.17319,1.85572,1.72228,-0.133437,60.0
1744879003043881.0,-7811.96,2192.16,1.17319,1.85572,1.72661,-0.129104,60.0
1744879003064382.0,-7812.38,2195.58,1.17489,1.72228,1.74898,0.0266982,60.0
1744879003084883.0,-7812.38,2195.58,1.17489,1.72228,1.79141,0.0691266,60.0
1744879003105729.0,-7812.8,2198.31,1.17634,1.74898,1.60922,-0.139759,60.0
1744879003126469.0,-7812.8,2198.31,1.17634,1.74898,1.77316,0.0241824,60.0
1744879003147358.0,-7812.8,2198.31,1.17634,1.74898,1.74591,-0.00307292,60.0
1744879003167854.0,-7813.22,2201.05,1.17781,1.77316,1.82315,0.0499933,60.0
1744879003188824.0,-7813.22,2201.05,1.17781,1.77316,1.60982,-0.163337,60.0
1744879003209390.0,-7813.65,2204.46,1.1795,1.82315,1.871,0.0478434,60.0
1744879003230011.0,-7813.65,2204.46,1.1795,1.82315,1.72534,-0.0978145,60.0
1744879003250828.0,-7813.65,2204.46,1.1795,1.82315,1.67894,-0.14421,60.0
1744879003271282.0,-7814.07,2207.2,1.18097,1.72534,1.67462,-0.0507222,60.0
1744879003291956.0,-7814.07,2207.2,1.18097,1.72534,1.7956,0.0702582,60.0
1744879003312615.0,-7814.92,2209.93,1.18295,1.67462,1.66125,-0.0133688,60.0
1744879003333926.0,-7814.92,2209.93,1.18295,1.67462,1.70677,0.0321486,60.0
1744879003354613.0,-7814.92,2209.93,1.18295,1.67462,1.56796,-0.106653,60.0
1744879003375532.0,-7815.34,2213.35,1.18465,1.70677,1.79372,0.0869509,60.0
1744879003396415.0,-7815.34,2213.35,1.18465,1.70677,1.69347,-0.0132965,60.0
1744879003407079.0,-7815.34,2213.35,1.18465,1.70677,1.5461,-0.160667,60.0
1744879003428143.0,-7815.76,2216.08,1.18612,1.69347,1.60239,-0.0910783,60.0
1744879003448843.0,-7815.76,2216.08,1.18612,1.69347,1.53573,-0.157739,60.0
1744879003469686.0,-7816.18,2218.82,1.18759,1.60239,1.58358,-0.0188067,60.0
1744879003490550.0,-7816.18,2218.82,1.18759,1.60239,1.72227,0.119875,60.0
1744879003511329.0,-7816.61,2222.23,1.18929,1.58358,1.4448,-0.138781,60.0
1744879003532182.0,-7816.61,2222.23,1.18929,1.58358,1.71039,0.126805,60.0
1744879003555048.0,-7816.61,2222.23,1.18929,1.58358,1.67874,0.0951527,60.0
1744879003575618.0,-7817.03,2224.97,1.19077,1.71039,1.57829,-0.1321,60.0
1744879003596534.0,-7817.03,2224.97,1.19077,1.71039,1.72306,0.0126682,60.0
1744879003616975.0,-7817.45,2227.7,1.19224,1.57829,1.48229,-0.0959973,60.0
1744879003637624.0,-7817.45,2227.7,1.19224,1.57829,1.50826,-0.0700265,60.0
1744879003658434.0,-7817.45,2227.7,1.19224,1.57829,1.73527,0.156977,60.0
1744879003679223.0,-7817.88,2231.12,1.19395,1.50826,1.63175,0.12349,60.0
1744879003699979.0,-7817.88,2231.12,1.19395,1.50826,1.57783,0.069571,60.0
1744879003720660.0,-7818.3,2233.85,1.19542,1.63175,1.76749,0.135735,60.0
1744879003741315.0,-7818.3,2233.85,1.19542,1.63175,1.56905,-0.0626994,60.0
1744879003762088.0,-7818.3,2233.85,1.19542,1.63175,1.68326,0.0515085,60.0
1744879003782603.0,-7818.72,2236.58,1.1969,1.56905,1.72903,0.159976,60.0
1744879003803216.0,-7818.72,2236.58,1.1969,1.56905,1.57005,0.0010008,60.0
1744879003824251.0,-7819.14,2240.0,1.19862,1.72903,1.72415,-0.00487405,60.0
1744879003854289.0,-7819.14,2240.0,1.19862,1.72903,1.77791,0.0488789,60.0
1744879003874798.0,-7819.57,2242.73,1.2001,1.72415,1.57986,-0.144295,60.0
1744879003895290.0,-7819.57,2242.73,1.2001,1.72415,1.67174,-0.0524182,60.0
1744879003916001.0,-7819.57,2246.15,1.2013,1.57986,1.52988,-0.0499809,60.0
1744879003936632.0,-7819.57,2246.15,1.2013,1.57986,1.5442,-0.0356623,60.0
1744879003957129.0,-7819.57,2246.15,1.2013,1.57986,1.71481,0.134955,60.0
1744879003977913.0,-7819.99,2248.88,1.20278,1.5442,1.50423,-0.0399665,60.0
1744879003999083.0,-7819.99,2248.88,1.20278,1.5442,1.68057,0.136374,60.0
1744879004019663.0,-7820.41,2251.62,1.20426,1.50423,1.63211,0.127877,60.0
1744879004040295.0,-7820.41,2251.62,1.20426,1.50423,1.6318,0.127567,60.0
1744879004061036.0,-7820.41,2251.62,1.20426,1.50423,1.55329,0.0490635,60.0
1744879004081688.0,-7820.83,2255.03,1.20598,1.6318,1.7303,0.0985007,60.0
1744879004102510.0,-7820.83,2255.03,1.20598,1.6318,1.5669,-0.0648997,60.0
1744879004123154.0,-7820.83,2257.77,1.20695,1.7303,1.72335,-0.00694808,60.0
1744879004143696.0,-7820.83,2257.77,1.20695,1.7303,1.65701,-0.0732848,60.0
1744879004164367.0,-7820.83,2257.77,1.20695,1.7303,1.75778,0.0274857,60.0
1744879004185040.0,-7821.26,2260.5,1.20844,1.65701,1.52696,-0.130057,60.0
1744879004205765.0,-7821.26,2260.5,1.20844,1.65701,1.57696,-0.0800562,60.0
1744879004226528.0,-7821.68,2263.92,1.21016,1.52696,1.45736,-0.0695915,60.0
1744879004247436.0,-7821.68,2263.92,1.21016,1.52696,1.53547,0.0085111,60.0
1744879004268169.0,-7821.68,2263.92,1.21016,1.52696,1.58731,0.0603557,60.0
1744879004288819.0,-7821.68,2266.65,1.21113,1.53547,1.57871,0.0432413,60.0
1744879004309339.0,-7821.68,2266.65,1.21113,1.53547,1.59401,0.058544,60.0
1744879004330133.0,-7822.1,2269.38,1.21262,1.57871,1.52721,-0.0514942,60.0
1744879004350831.0,-7822.1,2269.38,1.21262,1.57871,1.61648,0.0377696,60.0
1744879004371337.0,-7822.52,2272.8,1.21436,1.52721,1.63338,0.10617,60.0
1744879004392219.0,-7822.52,2272.8,1.21436,1.52721,1.62771,0.100497,60.0
1744879004412933.0,-7822.52,2272.8,1.21436,1.52721,1.65989,0.132679,60.0
1744879004433404.0,-7822.52,2275.53,1.21533,1.62771,1.68994,0.062231,60.0
1744879004454218.0,-7822.52,2275.53,1.21533,1.62771,1.73788,0.110166,60.0
1744879004474844.0,-7822.94,2278.95,1.21707,1.68994,1.57541,-0.114534,60.0
1744879004495798.0,-7822.94,2278.95,1.21707,1.68994,1.64919,-0.0407468,60.0
1744879004516847.0,-7822.94,2278.95,1.21707,1.68994,1.80908,0.119139,60.0
1744879004537497.0,-7822.94,2281.68,1.21804,1.64919,1.64796,-0.00123783,60.0
1744879004558321.0,-7822.94,2281.68,1.21804,1.64919,1.56405,-0.0851448,60.0
1744879004579039.0,-7823.37,2284.42,1.21954,1.64796,1.76151,0.113554,60.0
1744879004599806.0,-7823.37,2284.42,1.21954,1.64796,1.7196,0.0716412,60.0
1744879004620498.0,-7823.37,2284.42,1.21954,1.64796,1.70687,0.0589122,60.0
1744879004641164.0,-7823.37,2287.83,1.22076,1.7196,1.71092,-0.00867856,60.0
1744879004662013.0,-7823.37,2287.83,1.22076,1.7196,1.66666,-0.0529403,60.0
1744879004682788.0,-7823.79,2290.57,1.22226,1.71092,1.77713,0.066206,60.0
1744879004703990.0,-7823.79,2290.57,1.22226,1.71092,1.59075,-0.120173,60.0
1744879004724556.0,-7823.79,2290.57,1.22226,1.71092,1.60267,-0.108254,60.0
1744879004745814.0,-7824.21,2293.3,1.22376,1.59075,1.66086,0.070114,60.0
1744879004766381.0,-7824.21,2293.3,1.22376,1.59075,1.52546,-0.065285,60.0
1744879004787166.0,-7824.21,2296.72,1.22499,1.66086,1.68224,0.0213766,60.0
1744879004807874.0,-7824.21,2296.72,1.22499,1.66086,1.80965,0.148795,60.0
1744879004828399.0,-7824.63,2299.45,1.22649,1.68224,1.56014,-0.122093,60.0
1744879004849424.0,-7824.63,2299.45,1.22649,1.68224,1.76147,0.0792354,60.0
1744879004870079.0,-7824.63,2299.45,1.22649,1.68224,1.67462,-0.00761652,60.0
1744879004890819.0,-7824.63,2302.87,1.22772,1.76147,1.71306,-0.0484124,60.0
1744879004911543.0,-7824.63,2302.87,1.22772,1.76147,1.78935,0.027878,60.0
1744879004932088.0,-7825.06,2305.6,1.22923,1.71306,1.69059,-0.022467,60.0
1744879004952916.0,-7825.06,2305.6,1.22923,1.71306,1.74307,0.0300151,60.0
1744879004973233.0,-7825.06,2305.6,1.22923,1.71306,1.74303,0.02997,60.0
1744879004993923.0,-7825.48,2308.34,1.23073,1.74307,1.59496,-0.148117,60.0
1744879005014575.0,-7825.48,2308.34,1.23073,1.74307,1.65692,-0.0861544,60.0
1744879005035309.0,-7825.48,2311.75,1.23197,1.59496,1.72929,0.134331,60.0
1744879005056105.0,-7825.48,2311.75,1.23197,1.59496,1.49811,-0.0968447,60.0
1744879005076796.0,-7825.48,2311.75,1.23197,1.59496,1.67706,0.0821019,60.0
1744879005097553.0,-7825.9,2314.49,1.23348,1.49811,1.59284,0.0947284,60.0
1744879005118300.0,-7825.9,2314.49,1.23348,1.49811,1.52228,0.024167,60.0
1744879005139148.0,-7826.32,2317.22,1.23499,1.59284,1.71741,0.124566,60.0
1744879005159972.0,-7826.32,2317.22,1.23499,1.59284,1.70768,0.114841,60.0
1744879005180721.0,-7826.32,2317.22,1.23499,1.59284,1.74565,0.152809,60.0
1744879005201557.0,-7826.32,2320.64,1.23623,1.70768,1.83637,0.128685,60.0
1744879005222157.0,-7826.32,2320.64,1.23623,1.70768,1.60115,-0.106536,60.0
1744879005242931.0,-7826.74,2323.37,1.23774,1.83637,1.73172,-0.104645,60.0
1744879005263764.0,-7826.74,2323.37,1.23774,1.83637,1.7397,-0.0966658,60.0
1744879005284683.0,-7827.17,2326.79,1.23951,1.73172,1.7862,0.0544735,60.0
1744879005305176.0,-7827.17,2326.79,1.23951,1.73172,1.86555,0.133828,60.0
1744879005325726.0,-7827.17,2326.79,1.23951,1.73172,1.67137,-0.0603576,60.0
1744879005346686.0,-7827.17,2329.52,1.2405,1.86555,1.82954,-0.0360098,60.0
1744879005367472.0,-7827.17,2329.52,1.2405,1.86555,1.77497,-0.0905844,60.0
1744879005388114.0,-7827.59,2332.25,1.24202,1.82954,1.85359,0.0240511,60.0
1744879005409032.0,-7827.59,2332.25,1.24202,1.82954,1.68313,-0.146409,60.0
1744879005429602.0,-7827.59,2332.25,1.24202,1.82954,1.77357,-0.055975,60.0
1744879005450645.0,-7828.01,2335.67,1.24379,1.68313,1.74682,0.0636905,60.0
1744879005470866.0,-7828.01,2335.67,1.24379,1.68313,1.55971,-0.123423,60.0
1744879005491705.0,-7828.43,2338.4,1.24531,1.74682,1.80477,0.0579421,60.0
1744879005512414.0,-7828.43,2338.4,1.24531,1.74682,1.84093,0.094111,60.0
1744879005532956.0,-7828.43,2338.4,1.24531,1.74682,1.59476,-0.152067,60.0
1744879005553374.0,-7828.43,2341.14,1.24631,1.84093,1.82922,-0.0117142,60.0
1744879005574251.0,-7828.43,2341.14,1.24631,1.84093,1.73384,-0.107093,60.0
1744879005594854.0,-7828.86,2344.55,1.24808,1.82922,1.85562,0.0263979,60.0
1744879005615415.0,-7828.86,2344.55,1.24808,1.82922,1.69486,-0.134361,60.0
1744879005635988.0,-7828.86,2344.55,1.24808,1.82922,1.69829,-0.130928,60.0
1744879005656496.0,-7829.28,2347.29,1.2496,1.69486,1.71288,0.0180246,60.0
1744879005677282.0,-7829.28,2347.29,1.2496,1.69486,1.72093,0.0260765,60.0
1744879005698143.0,-7829.7,2350.02,1.25113,1.71288,1.5994,-0.113488,60.0
1744879005718643.0,-7829.7,2350.02,1.25113,1.71288,1.58413,-0.128757,60.0
1744879005739370.0,-7830.12,2353.44,1.25291,1.5994,1.66731,0.0679194,60.0
1744879005759879.0,-7830.12,2353.44,1.25291,1.5994,1.7629,0.163502,60.0
1744879005780465.0,-7830.12,2353.44,1.25291,1.5994,1.70215,0.102753,60.0
1744879005801125.0,-7830.55,2356.17,1.25444,1.7629,1.74218,-0.0207161,60.0
1744879005821802.0,-7830.55,2356.17,1.25444,1.7629,1.86753,0.104633,60.0
1744879005842456.0,-7830.97,2359.59,1.25622,1.74218,1.59703,-0.145147,60.0
1744879005863013.0,-7830.97,2359.59,1.25622,1.74218,1.59505,-0.147126,60.0
1744879005883751.0,-7830.97,2359.59,1.25622,1.74218,1.85237,0.110187,60.0
1744879005904653.0,-7831.39,2362.32,1.25775,1.59505,1.67149,0.0764311,60.0
1744879005925232.0,-7831.39,2362.32,1.25775,1.59505,1.55016,-0.0448945,60.0
1744879005945784.0,-7831.81,2365.05,1.25928,1.67149,1.67343,0.00194331,60.0
1744879005966542.0,-7831.81,2365.05,1.25928,1.67149,1.62048,-0.0510103,60.0
1744879005987252.0,-7831.81,2365.05,1.25928,1.67149,1.62632,-0.0451654,60.0
1744879006008091.0,-7832.24,2368.47,1.26107,1.62048,1.49395,-0.126524,60.0
1744879006028760.0,-7832.24,2368.47,1.26107,1.62048,1.53218,-0.088292,60.0
1744879006049474.0,-7832.24,2371.2,1.26208,1.49395,1.51319,0.0192429,60.0
1744879006070386.0,-7832.24,2371.2,1.26208,1.49395,1.57549,0.0815395,60.0
1744879006091083.0,-7832.24,2371.2,1.26208,1.49395,1.62378,0.12983,60.0
1744879006111823.0,-7832.66,2373.94,1.26361,1.57549,1.72344,0.147946,60.0
1744879006132487.0,-7832.66,2373.94,1.26361,1.57549,1.72395,0.148458,60.0
1744879006153177.0,-7833.08,2377.36,1.2654,1.72344,1.65663,-0.066811,60.0
1744879006173949.0,-7833.08,2377.36,1.2654,1.72344,1.85579,0.13235,60.0
1744879006194877.0,-7833.08,2377.36,1.2654,1.72344,1.87224,0.148807,60.0
1744879006214992.0,-7833.5,2380.09,1.26694,1.85579,1.80359,-0.0521924,60.0
1744879006235708.0,-7833.5,2380.09,1.26694,1.85579,1.72352,-0.132271,60.0
1744879006256476.0,-7833.93,2382.82,1.26848,1.80359,1.65695,-0.146648,60.0
1744879006277069.0,-7833.93,2382.82,1.26848,1.80359,1.67852,-0.125073,60.0
1744879006297658.0,-7833.93,2386.24,1.26976,1.65695,1.54057,-0.116379,60.0
1744879006318375.0,-7833.93,2386.24,1.26976,1.65695,1.80546,0.148516,60.0
1744879006339427.0,-7833.93,2386.24,1.26976,1.65695,1.66558,0.00863825,60.0
1744879006360195.0,-7834.35,2388.97,1.2713,1.80546,1.68235,-0.123112,60.0
1744879006380675.0,-7834.35,2388.97,1.2713,1.80546,1.75625,-0.0492124,60.0
1744879006401269.0,-7834.77,2391.71,1.27284,1.68235,1.61776,-0.0645885,60.0
1744879006421724.0,-7834.77,2391.71,1.27284,1.68235,1.78611,0.103764,60.0
1744879006442536.0,-7834.77,2391.71,1.27284,1.68235,1.73081,0.0484577,60.0
1744879006463250.0,-7835.19,2395.12,1.27464,1.78611,1.66151,-0.124608,60.0
1744879006484009.0,-7835.19,2395.12,1.27464,1.78611,1.63358,-0.15253,60.0
1744879006505706.0,-7835.62,2397.86,1.27619,1.66151,1.61858,-0.0429283,60.0
1744879006526364.0,-7835.62,2397.86,1.27619,1.66151,1.72295,0.0614428,60.0
1744879006547953.0,-7835.62,2397.86,1.27619,1.66151,1.64426,-0.0172443,60.0
1744879006568642.0,-7836.04,2401.27,1.27799,1.72295,1.69391,-0.029038,60.0
1744879006589080.0,-7836.04,2401.27,1.27799,1.72295,1.5979,-0.125048,60.0
1744879006609720.0,-7836.46,2404.01,1.27954,1.69391,1.73424,0.0403305,60.0
1744879006630716.0,-7836.46,2404.01,1.27954,1.69391,1.58695,-0.10696,60.0
1744879006651059.0,-7836.89,2406.74,1.28109,1.73424,1.7302,-0.00403838,60.0
1744879006671806.0,-7836.89,2406.74,1.28109,1.73424,1.70755,-0.0266894,60.0
1744879006692434.0,-7836.89,2406.74,1.28109,1.73424,1.68014,-0.0540996,60.0
1744879006713073.0,-7837.31,2410.16,1.2829,1.70755,1.58714,-0.12041,60.0
1744879006733656.0,-7837.31,2410.16,1.2829,1.70755,1.57885,-0.128705,60.0
1744879006754297.0,-7837.73,2412.89,1.28445,1.58714,1.55909,-0.0280553,60.0
1744879006774938.0,-7837.73,2412.89,1.28445,1.58714,1.64553,0.0583917,60.0
1744879006795603.0,-7837.73,2412.89,1.28445,1.58714,1.45494,-0.1322,60.0
1744879006816365.0,-7837.73,2415.62,1.28549,1.64553,1.79993,0.154399,60.0
1744879006837027.0,-7837.73,2415.62,1.28549,1.64553,1.6969,0.0513633,60.0
1744879006857759.0,-7838.15,2419.04,1.2873,1.79993,1.84273,0.0427934,60.0
1744879006878409.0,-7838.15,2419.04,1.2873,1.79993,1.89387,0.0939394,60.0
1744879006899244.0,-7838.15,2419.04,1.2873,1.79993,1.82277,0.0228396,60.0
1744879006919854.0,-7838.58,2421.77,1.28886,1.89387,1.79781,-0.0960606,60.0
1744879006940901.0,-7838.58,2421.77,1.28886,1.89387,1.9147,0.0208273,60.0
1744879006961343.0,-7839.0,2424.51,1.29041,1.79781,1.79249,-0.00532527,60.0
1744879006982063.0,-7839.0,2424.51,1.29041,1.79781,1.78379,-0.0140187,60.0
1744879007002760.0,-7839.0,2424.51,1.29041,1.79781,1.63709,-0.160727,60.0
1744879007023825.0,-7839.42,2427.92,1.29223,1.78379,1.75355,-0.030242,60.0
1744879007044186.0,-7839.42,2427.92,1.29223,1.78379,1.74722,-0.0365693,60.0
1744879007064979.0,-7839.84,2430.66,1.29379,1.75355,1.62498,-0.128574,60.0
1744879007085939.0,-7839.84,2430.66,1.29379,1.75355,1.63204,-0.121509,60.0
1744879007106705.0,-7840.27,2433.39,1.29535,1.62498,1.76545,0.140477,60.0
1744879007127510.0,-7840.27,2433.39,1.29535,1.62498,1.65896,0.0339862,60.0
1744879007150675.0,-7840.27,2433.39,1.29535,1.62498,1.75354,0.128565,60.0
1744879007171617.0,-7840.69,2436.81,1.29718,1.65896,1.6962,0.0372334,60.0
1744879007192418.0,-7840.69,2436.81,1.29718,1.65896,1.56815,-0.0908156,60.0
1744879007213028.0,-7841.11,2439.54,1.29874,1.6962,1.6984,0.00220373,60.0
1744879007234366.0,-7841.11,2439.54,1.29874,1.6962,1.77051,0.0743089,60.0
1744879007254455.0,-7841.11,2439.54,1.29874,1.6962,1.61025,-0.0859516,60.0
1744879007275073.0,-7841.53,2442.28,1.30031,1.77051,1.68505,-0.0854566,60.0
1744879007296164.0,-7841.53,2442.28,1.30031,1.77051,1.78324,0.0127294,60.0
1744879007316835.0,-7841.96,2445.69,1.30214,1.68505,1.52578,-0.159272,60.0
1744879007337332.0,-7841.96,2445.69,1.30214,1.68505,1.68419,-0.000856648,60.0
1744879007358052.0,-7841.96,2445.69,1.30214,1.68505,1.65026,-0.0347883,60.0
1744879007378832.0,-7842.38,2448.43,1.3037,1.68419,1.54613,-0.138062,60.0
1744879007400273.0,-7842.38,2448.43,1.3037,1.68419,1.76386,0.0796691,60.0
1744879007420486.0,-7842.8,2451.16,1.30527,1.54613,1.56435,0.0182143,60.0
1744879007441260.0,-7842.8,2451.16,1.30527,1.54613,1.6002,0.0540644,60.0
1744879007462456.0,-7843.22,2454.58,1.30711,1.56435,1.61466,0.050315,60.0
1744879007483292.0,-7843.22,2454.58,1.30711,1.56435,1.63692,0.0725762,60.0
1744879007504312.0,-7843.22,2454.58,1.30711,1.56435,1.59192,0.0275772,60.0
1744879007525195.0,-7843.65,2457.31,1.30868,1.63692,1.64848,0.0115603,60.0
1744879007546177.0,-7843.65,2457.31,1.30868,1.63692,1.53927,-0.0976563,60.0
1744879007566660.0,-7844.07,2460.73,1.31051,1.64848,1.70873,0.0602504,60.0
1744879007587698.0,-7844.07,2460.73,1.31051,1.64848,1.55405,-0.0944301,60.0
1744879007608338.0,-7844.07,2460.73,1.31051,1.64848,1.79072,0.142239,60.0
1744879007629144.0,-7844.49,2463.46,1.31209,1.55405,1.69983,0.14578,60.0
1744879007650067.0,-7844.49,2463.46,1.31209,1.55405,1.58665,0.0325937,60.0
1744879007670867.0,-7844.49,2466.19,1.31314,1.69983,1.66608,-0.0337506,60.0
1744879007691815.0,-7844.49,2466.19,1.31314,1.69983,1.68613,-0.0137022,60.0
1744879007712358.0,-7844.49,2466.19,1.31314,1.69983,1.55337,-0.146465,60.0
1744879007732936.0,-7844.91,2469.61,1.31498,1.68613,1.60229,-0.0838421,60.0
1744879007753991.0,-7844.91,2469.61,1.31498,1.68613,1.76362,0.0774925,60.0
1744879007774938.0,-7845.34,2472.34,1.31656,1.60229,1.52772,-0.0745703,60.0
1744879007795525.0,-7845.34,2472.34,1.31656,1.60229,1.5886,-0.0136875,60.0
1744879007816269.0,-7845.76,2475.08,1.31814,1.52772,1.678,0.150286,60.0
1744879007837110.0,-7845.76,2475.08,1.31814,1.52772,1.65454,0.126824,60.0
1744879007858122.0,-7845.76,2475.08,1.31814,1.52772,1.6207,0.0929838,60.0
1744879007878848.0,-7845.76,2478.49,1.31947,1.65454,1.7064,0.0518632,60.0
1744879007899601.0,-7845.76,2478.49,1.31947,1.65454,1.71821,0.0636743,60.0
1744879007920134.0,-7846.18,2481.23,1.32105,1.7064,1.59775,-0.108657,60.0
1744879007941343.0,-7846.18,2481.23,1.32105,1.7064,1.74167,0.0352625,60.0
1744879007961883.0,-7846.18,2481.23,1.32105,1.7064,1.67682,-0.0295789,60.0
1744879007982520.0,-7846.6,2483.96,1.32263,1.74167,1.7176,-0.0240698,60.0
1744879008003706.0,-7846.6,2483.96,1.32263,1.74167,1.69267,-0.0489972,60.0
1744879008024163.0,-7847.03,2487.38,1.32448,1.7176,1.73144,0.0138387,60.0
1744879008045144.0,-7847.03,2487.38,1.32448,1.7176,1.59353,-0.124064,60.0
1744879008065558.0,-7847.03,2487.38,1.32448,1.7176,1.8101,0.092506,60.0
1744879008086367.0,-7847.03,2490.11,1.32555,1.59353,1.73237,0.138833,60.0
1744879008107141.0,-7847.03,2490.11,1.32555,1.59353,1.71416,0.120629,60.0
1744879008127988.0,-7847.45,2493.53,1.3274,1.73237,1.74047,0.00810828,60.0
1744879008148821.0,-7847.45,2493.53,1.3274,1.73237,1.62778,-0.104591,60.0
1744879008169582.0,-7847.45,2493.53,1.3274,1.73237,1.69945,-0.0329126,60.0
1744879008190083.0,-7847.87,2496.26,1.32899,1.62778,1.64714,0.0193631,60.0
1744879008210755.0,-7847.87,2496.26,1.32899,1.62778,1.5427,-0.0850746,60.0
1744879008231705.0,-7848.29,2498.99,1.33058,1.64714,1.76352,0.116377,60.0
1744879008252603.0,-7848.29,2498.99,1.33058,1.64714,1.73345,0.0863142,60.0
1744879008273285.0,-7848.29,2502.41,1.33192,1.76352,1.71309,-0.0504218,60.0
1744879008294367.0,-7848.29,2502.41,1.33192,1.76352,1.66018,-0.103336,60.0
1744879008315089.0,-7848.29,2502.41,1.33192,1.76352,1.87659,0.113077,60.0
1744879008335868.0,-7848.72,2505.14,1.33351,1.66018,1.77695,0.11677,60.0
1744879008356540.0,-7848.72,2505.14,1.33351,1.66018,1.65617,-0.00400861,60.0
1744879008377436.0,-7849.14,2507.88,1.3351,1.77695,1.62985,-0.147096,60.0
1744879008397962.0,-7849.14,2507.88,1.3351,1.77695,1.6451,-0.131847,60.0
1744879008418932.0,-7849.14,2507.88,1.3351,1.77695,1.73724,-0.039711,60.0
1744879008439644.0,-7849.56,2511.3,1.33697,1.6451,1.54407,-0.101031,60.0
1744879008460467.0,-7849.56,2511.3,1.33697,1.6451,1.71765,0.0725465,60.0
1744879008481378.0,-7849.56,2514.03,1.33804,1.54407,1.57155,0.0274752,60.0
1744879008501985.0,-7849.56,2514.03,1.33804,1.54407,1.56965,0.0255822,60.0
1744879008522773.0,-7849.56,2514.03,1.33804,1.54407,1.62476,0.0806904,60.0
1744879008543650.0,-7849.98,2516.76,1.33964,1.56965,1.52498,-0.0446755,60.0
1744879008564196.0,-7849.98,2516.76,1.33964,1.56965,1.68626,0.116604,60.0
1744879008584957.0,-7850.4,2520.18,1.34151,1.52498,1.57684,0.0518668,60.0
1744879008605498.0,-7850.4,2520.18,1.34151,1.52498,1.67761,0.152629,60.0
1744879008626260.0,-7850.4,2522.91,1.34258,1.57684,1.53547,-0.0413719,60.0
1744879008646982.0,-7850.4,2522.91,1.34258,1.57684,1.60804,0.0311988,60.0
1744879008667702.0,-7850.4,2522.91,1.34258,1.57684,1.62825,0.0514026,60.0
1744879008688179.0,-7850.83,2526.33,1.34446,1.60804,1.70722,0.0991732,60.0
1744879008709044.0,-7850.83,2526.33,1.34446,1.60804,1.67096,0.0629141,60.0
1744879008729801.0,-7851.25,2529.06,1.34606,1.70722,1.65708,-0.0501332,60.0
1744879008750421.0,-7851.25,2529.06,1.34606,1.70722,1.73904,0.0318187,60.0
1744879008771257.0,-7851.25,2529.06,1.34606,1.70722,1.63674,-0.0704798,60.0
1744879008791913.0,-7851.25,2531.8,1.34714,1.73904,1.6345,-0.104533,60.0
1744879008812661.0,-7851.25,2531.8,1.34714,1.73904,1.66728,-0.0717575,60.0
1744879008833350.0,-7851.67,2535.21,1.34902,1.6345,1.66831,0.0338071,60.0
1744879008853921.0,-7851.67,2535.21,1.34902,1.6345,1.79756,0.163057,60.0
1744879008875007.0,-7851.67,2535.21,1.34902,1.6345,1.63589,0.00138771,60.0
1744879008895644.0,-7852.09,2537.95,1.35063,1.79756,1.68544,-0.112119,60.0
1744879008916352.0,-7852.09,2537.95,1.35063,1.79756,1.93702,0.139457,60.0
1744879008936977.0,-7852.09,2540.68,1.35171,1.68544,1.79058,0.105141,60.0
1744879008957773.0,-7852.09,2540.68,1.35171,1.68544,1.55878,-0.126661,60.0
1744879008978481.0,-7852.09,2540.68,1.35171,1.68544,1.74596,0.0605194,60.0
1744879008999350.0,-7852.52,2544.1,1.35359,1.55878,1.59675,0.0379704,60.0
1744879009020070.0,-7852.52,2544.1,1.35359,1.55878,1.61247,0.0536885,60.0
1744879009040803.0,-7852.94,2546.83,1.3552,1.59675,1.68521,0.0884582,60.0
1744879009061626.0,-7852.94,2546.83,1.3552,1.59675,1.56239,-0.034362,60.0
1744879009082278.0,-7852.94,2550.25,1.35656,1.68521,1.6567,-0.0285054,60.0
1744879009102923.0,-7852.94,2550.25,1.35656,1.68521,1.56673,-0.118474,60.0
1744879009123572.0,-7852.94,2550.25,1.35656,1.68521,1.63573,-0.0494806,60.0
1744879009144310.0,-7853.36,2552.98,1.35818,1.56673,1.66347,0.0967386,60.0
1744879009165078.0,-7853.36,2552.98,1.35818,1.56673,1.70051,0.13378,60.0
1744879009185492.0,-7853.36,2555.71,1.35927,1.66347,1.54908,-0.114393,60.0
1744879009206353.0,-7853.36,2555.71,1.35927,1.66347,1.71896,0.0554828,60.0
1744879009227157.0,-7853.36,2555.71,1.35927,1.66347,1.56012,-0.103348,60.0
1744879009247743.0,-7853.78,2559.13,1.36116,1.71896,1.74535,0.0263967,60.0
1744879009268833.0,-7853.78,2559.13,1.36116,1.71896,1.8596,0.140644,60.0
1744879009289483.0,-7854.2,2561.86,1.36278,1.74535,1.79651,0.0511554,60.0
1744879009310087.0,-7854.2,2561.86,1.36278,1.74535,1.65816,-0.0871921,60.0
1744879009330778.0,-7854.2,2561.86,1.36278,1.74535,1.61186,-0.133492,60.0
1744879009351562.0,-7854.2,2564.6,1.36387,1.65816,1.68511,0.0269491,60.0
1744879009372232.0,-7854.2,2564.6,1.36387,1.65816,1.71207,0.0539071,60.0
1744879009392923.0,-7854.63,2568.01,1.36577,1.68511,1.78409,0.0989832,60.0
1744879009413867.0,-7854.63,2568.01,1.36577,1.68511,1.84304,0.157931,60.0
1744879009434215.0,-7854.63,2568.01,1.36577,1.68511,1.53537,-0.149736,60.0
1744879009455235.0,-7855.05,2570.75,1.36739,1.84304,1.86687,0.0238319,60.0
1744879009475894.0,-7855.05,2570.75,1.36739,1.84304,1.82157,-0.0214702,60.0
1744879009496935.0,-7855.05,2574.16,1.36876,1.86687,1.72565,-0.141227,60.0
1744879009517722.0,-7855.05,2574.16,1.36876,1.86687,1.73078,-0.136089,60.0
1744879009538236.0,-7855.47,2576.9,1.37039,1.72565,1.7164,-0.00924942,60.0
1744879009558965.0,-7855.47,2576.9,1.37039,1.72565,1.74195,0.0163005,60.0
1744879009579800.0,-7855.47,2576.9,1.37039,1.72565,1.67704,-0.0486031,60.0
1744879009601133.0,-7855.89,2579.63,1.37201,1.74195,1.74823,0.00628031,60.0
1744879009621800.0,-7855.89,2579.63,1.37201,1.74195,1.62207,-0.119873,60.0
1744879009642478.0,-7856.31,2583.05,1.37391,1.74823,1.6924,-0.0558306,60.0
1744879009663217.0,-7856.31,2583.05,1.37391,1.74823,1.66381,-0.0844143,60.0
1744879009683551.0,-7856.31,2583.05,1.37391,1.74823,1.76107,0.0128388,60.0
1744879009704260.0,-7856.74,2585.78,1.37554,1.66381,1.70592,0.0421081,60.0
1744879009724944.0,-7856.74,2585.78,1.37554,1.66381,1.81542,0.151606,60.0
1744879009745888.0,-7857.16,2588.52,1.37717,1.70592,1.83647,0.130552,60.0
1744879009766567.0,-7857.16,2588.52,1.37717,1.70592,1.58895,-0.116971,60.0
1744879009787292.0,-7857.16,2588.52,1.37717,1.70592,1.79873,0.0928058,60.0
1744879009807959.0,-7857.16,2591.93,1.37856,1.58895,1.50529,-0.0836555,60.0
1744879009828502.0,-7857.16,2591.93,1.37856,1.58895,1.61126,0.0223136,60.0
1744879009849184.0,-7857.58,2594.67,1.38019,1.50529,1.65774,0.152447,60.0
1744879009870046.0,-7857.58,2594.67,1.38019,1.50529,1.44314,-0.0621489,60.0
1744879009890734.0,-7858.0,2597.4,1.38182,1.44314,1.60316,0.160016,60.0
1744879009911510.0,-7858.0,2597.4,1.38182,1.44314,1.46024,0.0170939,60.0
1744879009932331.0,-7858.0,2597.4,1.38182,1.44314,1.52566,0.0825116,60.0
1744879009953068.0,-7858.0,2600.82,1.38321,1.46024,1.47041,0.0101757,60.0
1744879009973759.0,-7858.0,2600.82,1.38321,1.46024,1.57949,0.119246,60.0
1744879009994608.0,-7858.43,2603.55,1.38484,1.47041,1.51494,0.0445222,60.0
1744879010015549.0,-7858.43,2603.55,1.38484,1.47041,1.55018,0.0797621,60.0
1744879010036265.0,-7858.43,2603.55,1.38484,1.47041,1.49461,0.0241947,60.0
1744879010056962.0,-7858.85,2606.97,1.38676,1.55018,1.69408,0.1439,60.0
1744879010077559.0,-7858.85,2606.97,1.38676,1.55018,1.52762,-0.0225596,60.0
1744879010098328.0,-7858.85,2609.7,1.38788,1.69408,1.82171,0.127632,60.0
1744879010119107.0,-7858.85,2609.7,1.38788,1.69408,1.62708,-0.0670013,60.0
1744879010139848.0,-7858.85,2609.7,1.38788,1.69408,1.65848,-0.0355964,60.0
1744879010160514.0,-7859.27,2612.43,1.38951,1.62708,1.71629,0.0892146,60.0
1744879010181224.0,-7859.27,2612.43,1.38951,1.62708,1.5857,-0.0413736,60.0
1744879010201915.0,-7859.27,2615.85,1.39091,1.71629,1.78754,0.0712526,60.0
1744879010222881.0,-7859.27,2615.85,1.39091,1.71629,1.63715,-0.0791361,60.0
1744879010243608.0,-7859.27,2615.85,1.39091,1.71629,1.75695,0.0406583,60.0
1744879010264290.0,-7859.69,2618.58,1.39255,1.63715,1.59602,-0.0411305,60.0
1744879010285215.0,-7859.69,2618.58,1.39255,1.63715,1.56738,-0.0697755,60.0
1744879010305873.0,-7859.69,2621.32,1.39367,1.59602,1.64775,0.0517238,60.0
1744879010326455.0,-7859.69,2621.32,1.39367,1.59602,1.65968,0.0636579,60.0
1744879010347415.0,-7860.11,2624.73,1.3956,1.64775,1.78836,0.140612,60.0
1744879010368080.0,-7860.11,2624.73,1.3956,1.64775,1.68047,0.0327224,60.0
1744879010388618.0,-7860.11,2624.73,1.3956,1.64775,1.62061,-0.0271373,60.0
1744879010409420.0,-7860.11,2627.47,1.39672,1.68047,1.8241,0.143633,60.0
1744879010430068.0,-7860.11,2627.47,1.39672,1.68047,1.74837,0.0679021,60.0
1744879010450916.0,-7860.54,2630.88,1.39865,1.8241,1.7589,-0.0651985,60.0
1744879010471937.0,-7860.54,2630.88,1.39865,1.8241,1.8425,0.0183968,60.0
1744879010492378.0,-7860.54,2630.88,1.39865,1.8241,1.81016,-0.0139427,60.0
1744879010513475.0,-7860.96,2633.62,1.4003,1.8425,1.75793,-0.0845701,60.0
1744879010534050.0,-7860.96,2633.62,1.4003,1.8425,1.71346,-0.12904,60.0
1744879010554833.0,-7860.96,2636.35,1.40142,1.75793,1.7544,-0.00353194,60.0
1744879010575605.0,-7860.96,2636.35,1.40142,1.75793,1.63097,-0.126954,60.0
1744879010596241.0,-7860.96,2636.35,1.40142,1.75793,1.83174,0.0738139,60.0
1744879010616805.0,-7861.38,2639.77,1.40336,1.63097,1.70075,0.069775,60.0
1744879010637699.0,-7861.38,2639.77,1.40336,1.63097,1.4775,-0.153475,60.0
1744879010658196.0,-7861.8,2642.5,1.40501,1.70075,1.70029,-0.000459959,60.0
1744879010678948.0,-7861.8,2642.5,1.40501,1.70075,1.63758,-0.0631662,60.0
1744879010699484.0,-7861.8,2642.5,1.40501,1.70075,1.59855,-0.102204,60.0
1744879010720245.0,-7861.8,2645.23,1.40614,1.63758,1.67182,0.0342327,60.0
1744879010741117.0,-7861.8,2645.23,1.40614,1.63758,1.71283,0.0752479,60.0
1744879010761761.0,-7862.22,2648.65,1.40808,1.67182,1.77959,0.107778,60.0
1744879010782387.0,-7862.22,2648.65,1.40808,1.67182,1.78952,0.117702,60.0
1744879010803037.0,-7862.65,2651.38,1.40973,1.77959,1.71379,-0.0658087,60.0
1744879010823725.0,-7862.65,2651.38,1.40973,1.77959,1.73828,-0.0413168,60.0
1744879010844318.0,-7862.65,2651.38,1.40973,1.77959,1.91357,0.133973,60.0
1744879010865041.0,-7863.07,2654.8,1.41168,1.73828,1.78951,0.0512333,60.0
1744879010885648.0,-7863.07,2654.8,1.41168,1.73828,1.71042,-0.0278594,60.0
1744879010906336.0,-7863.07,2657.53,1.41281,1.78951,1.70442,-0.0850881,60.0
1744879010927418.0,-7863.07,2657.53,1.41281,1.78951,1.76449,-0.0250244,60.0
1744879010947838.0,-7863.07,2657.53,1.41281,1.78951,1.79686,0.0073443,60.0
1744879010968620.0,-7863.49,2660.27,1.41447,1.76449,1.63025,-0.134237,60.0
1744879010989233.0,-7863.49,2660.27,1.41447,1.76449,1.77018,0.00569424,60.0
1744879011010314.0,-7863.91,2663.69,1.41642,1.63025,1.57993,-0.0503196,60.0
1744879011030998.0,-7863.91,2663.69,1.41642,1.63025,1.65066,0.0204136,60.0
1744879011051569.0,-7863.91,2663.69,1.41642,1.63025,1.54477,-0.0854761,60.0
1744879011072457.0,-7864.34,2666.42,1.41808,1.65066,1.58228,-0.0683866,60.0
1744879011092936.0,-7864.34,2666.42,1.41808,1.65066,1.6394,-0.0112621,60.0
1744879011113684.0,-7864.76,2669.15,1.41974,1.58228,1.64577,0.0634877,60.0
1744879011134493.0,-7864.76,2669.15,1.41974,1.58228,1.45409,-0.128189,60.0
1744879011155256.0,-7864.76,2669.15,1.41974,1.58228,1.68947,0.107189,60.0
1744879011175983.0,-7864.76,2672.57,1.42117,1.45409,1.59168,0.13759,60.0
1744879011196604.0,-7864.76,2672.57,1.42117,1.45409,1.58755,0.133465,60.0
1744879011217453.0,-7865.18,2675.3,1.42284,1.59168,1.64922,0.0575446,60.0
1744879011238175.0,-7865.18,2675.3,1.42284,1.59168,1.51646,-0.0752186,60.0
1744879011258773.0,-7865.6,2678.04,1.42451,1.64922,1.77682,0.127597,60.0
1744879011279754.0,-7865.6,2678.04,1.42451,1.64922,1.77153,0.122304,60.0
1744879011300021.0,-7865.6,2678.04,1.42451,1.64922,1.49216,-0.157066,60.0
1744879011320924.0,-7865.6,2681.45,1.42594,1.77153,1.69404,-0.0774871,60.0
1744879011341673.0,-7865.6,2681.45,1.42594,1.77153,1.66368,-0.107849,60.0
1744879011362292.0,-7866.02,2684.19,1.42761,1.69404,1.82342,0.129382,60.0
1744879011383131.0,-7866.02,2684.19,1.42761,1.69404,1.8201,0.126055,60.0
1744879011403732.0,-7866.02,2684.19,1.42761,1.69404,1.79673,0.102686,60.0
1744879011424412.0,-7866.45,2687.6,1.42957,1.8201,1.67184,-0.148257,60.0
1744879011445098.0,-7866.45,2687.6,1.42957,1.8201,1.69851,-0.121581,60.0
1744879011465640.0,-7866.87,2690.34,1.43124,1.67184,1.72677,0.0549349,60.0
1744879011486439.0,-7866.87,2690.34,1.43124,1.67184,1.82983,0.157989,60.0
1744879011507481.0,-7866.87,2690.34,1.43124,1.67184,1.71252,0.0406831,60.0
1744879011528370.0,-7866.87,2693.07,1.43239,1.82983,1.74168,-0.088145,60.0
1744879011549108.0,-7866.87,2693.07,1.43239,1.82983,1.79461,-0.0352114,60.0
1744879011569688.0,-7867.29,2696.49,1.43435,1.74168,1.60599,-0.135691,60.0
1744879011590631.0,-7867.29,2696.49,1.43435,1.74168,1.75678,0.0150947,60.0
1744879011611142.0,-7867.29,2696.49,1.43435,1.74168,1.7384,-0.00327948,60.0
1744879011631819.0,-7867.71,2699.22,1.43603,1.75678,1.6747,-0.0820766,60.0
1744879011652751.0,-7867.71,2699.22,1.43603,1.75678,1.8684,0.111623,60.0
1744879011674063.0,-7868.14,2701.95,1.43771,1.6747,1.70696,0.0322609,60.0
1744879011694784.0,-7868.14,2701.95,1.43771,1.6747,1.5693,-0.105395,60.0
1744879011715578.0,-7868.56,2705.37,1.43968,1.70696,1.75555,0.0485856,60.0
1744879011736284.0,-7868.56,2705.37,1.43968,1.70696,1.71758,0.0106206,60.0
1744879011757007.0,-7868.56,2705.37,1.43968,1.70696,1.66527,-0.0416934,60.0
1744879011777735.0,-7868.98,2708.1,1.44136,1.71758,1.7854,0.0678171,60.0
1744879011798381.0,-7868.98,2708.1,1.44136,1.71758,1.73607,0.018491,60.0
1744879011819069.0,-7868.98,2710.84,1.44252,1.7854,1.67671,-0.108688,60.0
1744879011839839.0,-7868.98,2710.84,1.44252,1.7854,1.77763,-0.00776808,60.0
1744879011860496.0,-7868.98,2710.84,1.44252,1.7854,1.68292,-0.102475,60.0
1744879011881162.0,-7869.4,2714.25,1.44449,1.77763,1.76885,-0.00877893,60.0
1744879011901989.0,-7869.4,2714.25,1.44449,1.77763,1.73753,-0.0400995,60.0
1744879011922715.0,-7869.83,2716.99,1.44618,1.76885,1.69515,-0.0737006,60.0
1744879011943382.0,-7869.83,2716.99,1.44618,1.76885,1.67882,-0.0900287,60.0
1744879011964113.0,-7869.83,2716.99,1.44618,1.76885,1.76166,-0.00719021,60.0
1744879011985083.0,-7870.25,2719.72,1.44786,1.67882,1.66025,-0.0185723,60.0
1744879012005539.0,-7870.25,2719.72,1.44786,1.67882,1.63218,-0.0466409,60.0
1744879012026218.0,-7870.67,2723.14,1.44984,1.66025,1.64586,-0.0143917,60.0
1744879012047142.0,-7870.67,2723.14,1.44984,1.66025,1.59957,-0.0606769,60.0
1744879012067827.0,-7870.67,2723.14,1.44984,1.66025,1.52009,-0.140164,60.0
1744879012088460.0,-7871.09,2725.87,1.45153,1.59957,1.58148,-0.0180938,60.0
1744879012109216.0,-7871.09,2725.87,1.45153,1.59957,1.53731,-0.0622679,60.0
1744879012129870.0,-7871.52,2729.29,1.45351,1.58148,1.63042,0.0489357,60.0
1744879012150625.0,-7871.52,2729.29,1.45351,1.58148,1.60583,0.024355,60.0
1744879012171284.0,-7871.94,2732.02,1.4552,1.63042,1.75996,0.12955,60.0
1744879012191970.0,-7871.94,2732.02,1.4552,1.63042,1.46786,-0.162557,60.0
1744879012213015.0,-7871.94,2732.02,1.4552,1.63042,1.73564,0.105227,60.0
1744879012233592.0,-7872.36,2734.76,1.4569,1.46786,1.57588,0.108022,60.0
1744879012254359.0,-7872.36,2734.76,1.4569,1.46786,1.6187,0.150847,60.0
1744879012274771.0,-7872.36,2738.17,1.45836,1.57588,1.47391,-0.101965,60.0
1744879012295660.0,-7872.36,2738.17,1.45836,1.57588,1.69268,0.1168,60.0
1744879012316442.0,-7872.36,2738.17,1.45836,1.57588,1.68632,0.110442,60.0
1744879012337564.0,-7872.78,2740.91,1.46005,1.69268,1.65011,-0.0425656,60.0
1744879012358272.0,-7872.78,2740.91,1.46005,1.69268,1.66892,-0.0237616,60.0
1744879012378663.0,-7873.2,2743.64,1.46175,1.65011,1.80525,0.155141,60.0
1744879012399342.0,-7873.2,2743.64,1.46175,1.65011,1.66267,0.0125591,60.0
1744879012420025.0,-7873.2,2743.64,1.46175,1.65011,1.68339,0.0332771,60.0
1744879012440784.0,-7873.63,2747.06,1.46374,1.66267,1.53126,-0.131415,60.0
1744879012461439.0,-7873.63,2747.06,1.46374,1.66267,1.82605,0.163381,60.0
1744879012482169.0,-7873.63,2749.79,1.46492,1.53126,1.58669,0.0554354,60.0
1744879012503147.0,-7873.63,2749.79,1.46492,1.53126,1.60923,0.0779698,60.0
1744879012524170.0,-7873.63,2749.79,1.46492,1.53126,1.59656,0.0653046,60.0
1744879012544767.0,-7874.05,2752.52,1.46662,1.60923,1.50336,-0.105869,60.0
1744879012565451.0,-7874.05,2752.52,1.46662,1.60923,1.75349,0.144258,60.0
1744879012586129.0,-7874.47,2755.94,1.46861,1.50336,1.46548,-0.0378778,60.0
1744879012606867.0,-7874.47,2755.94,1.46861,1.50336,1.6525,0.149146,60.0
1744879012627410.0,-7874.47,2758.67,1.46979,1.46548,1.56235,0.0968718,60.0
1744879012648156.0,-7874.47,2758.67,1.46979,1.46548,1.5243,0.0588207,60.0
1744879012669181.0,-7874.47,2758.67,1.46979,1.46548,1.6002,0.134721,60.0
1744879012689883.0,-7874.89,2762.09,1.47179,1.5243,1.49106,-0.0332451,60.0
1744879012710646.0,-7874.89,2762.09,1.47179,1.5243,1.47298,-0.0513258,60.0
1744879012731441.0,-7874.89,2764.82,1.47297,1.49106,1.61698,0.125926,60.0
1744879012752114.0,-7874.89,2764.82,1.47297,1.49106,1.58648,0.0954247,60.0
1744879012772874.0,-7874.89,2764.82,1.47297,1.49106,1.55964,0.0685795,60.0
1744879012793527.0,-7875.31,2767.56,1.47468,1.58648,1.68687,0.100386,60.0
1744879012814208.0,-7875.31,2767.56,1.47468,1.58648,1.5188,-0.0676815,60.0
1744879012835006.0,-7875.31,2770.97,1.47616,1.68687,1.825,0.138137,60.0
1744879012855876.0,-7875.31,2770.97,1.47616,1.68687,1.72945,0.0425821,60.0
1744879012876518.0,-7875.31,2770.97,1.47616,1.68687,1.58899,-0.0978764,60.0
1744879012897294.0,-7875.31,2773.71,1.47734,1.72945,1.77084,0.0413869,60.0
1744879012918007.0,-7875.31,2773.71,1.47734,1.72945,1.74454,0.0150867,60.0
1744879012938728.0,-7875.74,2777.12,1.47935,1.77084,1.62637,-0.144464,60.0
1744879012959363.0,-7875.74,2777.12,1.47935,1.77084,1.61025,-0.160586,60.0
1744879012980425.0,-7876.16,2779.86,1.48106,1.62637,1.46535,-0.161023,60.0
1744879013001387.0,-7876.16,2779.86,1.48106,1.62637,1.71312,0.0867505,60.0
1744879013022157.0,-7876.16,2779.86,1.48106,1.62637,1.71323,0.0868632,60.0
1744879013042930.0,-7876.16,2782.59,1.48225,1.71312,1.81394,0.100819,60.0
1744879013063686.0,-7876.16,2782.59,1.48225,1.71312,1.60759,-0.105528,60.0
1744879013084382.0,-7876.58,2786.01,1.48426,1.81394,1.76698,-0.0469575,60.0
1744879013105086.0,-7876.58,2786.01,1.48426,1.81394,1.7422,-0.0717456,60.0
1744879013125784.0,-7876.58,2786.01,1.48426,1.81394,1.73725,-0.0766878,60.0
1744879013146474.0,-7876.58,2788.74,1.48545,1.7422,1.66343,-0.0787645,60.0
1744879013167196.0,-7876.58,2788.74,1.48545,1.7422,1.73551,-0.00668101,60.0
1744879013187846.0,-7877.0,2791.47,1.48717,1.66343,1.7519,0.0884711,60.0
1744879013208623.0,-7877.0,2791.47,1.48717,1.66343,1.72538,0.061948,60.0
1744879013229482.0,-7877.0,2791.47,1.48717,1.66343,1.71076,0.0473325,60.0
1744879013250424.0,-7877.42,2794.89,1.48919,1.72538,1.65999,-0.0653888,60.0
1744879013270743.0,-7877.42,2794.89,1.48919,1.72538,1.636,-0.0893758,60.0
1744879013291620.0,-7877.42,2797.63,1.49038,1.65999,1.70221,0.0422165,60.0
1744879013312200.0,-7877.42,2797.63,1.49038,1.65999,1.74307,0.0830827,60.0
1744879013333016.0,-7877.42,2797.63,1.49038,1.65999,1.74896,0.0889661,60.0
1744879013353716.0,-7877.84,2801.04,1.4924,1.74307,1.6626,-0.080468,60.0
1744879013374364.0,-7877.84,2801.04,1.4924,1.74307,1.81675,0.0736781,60.0
1744879013394918.0,-7878.27,2803.78,1.49413,1.6626,1.55078,-0.111821,60.0
1744879013415839.0,-7878.27,2803.78,1.49413,1.6626,1.6657,0.00309777,60.0
1744879013436425.0,-7878.27,2806.51,1.49533,1.55078,1.64131,0.0905223,60.0
1744879013457157.0,-7878.27,2806.51,1.49533,1.55078,1.55942,0.00863157,60.0
1744879013478036.0,-7878.27,2806.51,1.49533,1.55078,1.68114,0.130361,60.0
1744879013498891.0,-7878.69,2809.93,1.49735,1.55942,1.70883,0.149412,60.0
1744879013519688.0,-7878.69,2809.93,1.49735,1.55942,1.65314,0.0937202,60.0
1744879013540389.0,-7878.69,2812.66,1.49855,1.70883,1.81756,0.108737,60.0
1744879013561215.0,-7878.69,2812.66,1.49855,1.70883,1.78149,0.0726637,60.0
1744879013581911.0,-7878.69,2812.66,1.49855,1.70883,1.70837,-0.000461446,60.0
1744879013603203.0,-7879.11,2815.39,1.50028,1.78149,1.77325,-0.00823797,60.0
1744879013623890.0,-7879.11,2815.39,1.50028,1.78149,1.73601,-0.0454791,60.0
1744879013644494.0,-7879.53,2818.81,1.50231,1.77325,1.7141,-0.0591515,60.0
1744879013665173.0,-7879.53,2818.81,1.50231,1.77325,1.68538,-0.087875,60.0
1744879013685650.0,-7879.53,2818.81,1.50231,1.77325,1.83056,0.0573084,60.0
1744879013706297.0,-7879.96,2821.54,1.50404,1.68538,1.77033,0.0849514,60.0
1744879013727134.0,-7879.96,2821.54,1.50404,1.68538,1.53425,-0.151132,60.0
1744879013747807.0,-7879.95,2824.28,1.50525,1.77033,1.71768,-0.0526449,60.0
1744879013768610.0,-7879.95,2824.28,1.50525,1.77033,1.75687,-0.0134563,60.0
1744879013789368.0,-7879.95,2824.28,1.50525,1.77033,1.69118,-0.0791509,60.0
1744879013809941.0,-7880.38,2827.69,1.50728,1.75687,1.7306,-0.0262745,60.0
1744879013830649.0,-7880.38,2827.69,1.50728,1.75687,1.77841,0.0215396,60.0
1744879013851370.0,-7880.8,2830.43,1.50902,1.7306,1.69911,-0.0314926,60.0
1744879013872066.0,-7880.8,2830.43,1.50902,1.7306,1.84847,0.117873,60.0
1744879013892604.0,-7881.22,2833.84,1.51105,1.69911,1.8022,0.103095,60.0
1744879013913428.0,-7881.22,2833.84,1.51105,1.69911,1.74218,0.0430702,60.0
1744879013933963.0,-7881.22,2833.84,1.51105,1.69911,1.57081,-0.1283,60.0
1744879013954707.0,-7881.22,2836.58,1.51227,1.74218,1.72521,-0.0169667,60.0
1744879013976614.0,-7881.22,2836.58,1.51227,1.74218,1.8039,0.0617286,60.0
1744879013997546.0,-7881.64,2839.31,1.514,1.72521,1.8299,0.104691,60.0
1744879014017873.0,-7881.64,2839.31,1.514,1.72521,1.65473,-0.0704785,60.0
1744879014038476.0,-7881.64,2839.31,1.514,1.72521,1.74601,0.0207978,60.0
1744879014059278.0,-7882.07,2842.73,1.51605,1.65473,1.76573,0.110997,60.0
1744879014080192.0,-7882.07,2842.73,1.51605,1.65473,1.71985,0.0651236,60.0
1744879014100533.0,-7882.49,2845.46,1.51779,1.76573,1.62662,-0.139111,60.0
1744879014121111.0,-7882.49,2845.46,1.51779,1.76573,1.61517,-0.150562,60.0
1744879014141902.0,-7882.49,2845.46,1.51779,1.76573,1.66978,-0.0959467,60.0
1744879014162402.0,-7882.91,2848.19,1.51953,1.61517,1.56806,-0.0471022,60.0
1744879014183008.0,-7882.91,2848.19,1.51953,1.61517,1.49845,-0.116716,60.0
1744879014203578.0,-7883.33,2851.61,1.52158,1.56806,1.63436,0.0662994,60.0
1744879014224539.0,-7883.33,2851.61,1.52158,1.56806,1.63899,0.0709254,60.0
1744879014245327.0,-7883.33,2851.61,1.52158,1.56806,1.70371,0.135643,60.0
1744879014265900.0,-7883.33,2854.34,1.5228,1.63899,1.69731,0.0583219,60.0
1744879014286655.0,-7883.33,2854.34,1.5228,1.63899,1.73649,0.0975021,60.0
1744879014307586.0,-7883.76,2857.08,1.52454,1.69731,1.79201,0.0947021,60.0
1744879014328065.0,-7883.76,2857.08,1.52454,1.69731,1.70905,0.0117353,60.0
1744879014348872.0,-7884.18,2860.5,1.5266,1.79201,1.75123,-0.0407816,60.0
1744879014369541.0,-7884.18,2860.5,1.5266,1.79201,1.65413,-0.137886,60.0
1744879014390396.0,-7884.18,2860.5,1.5266,1.79201,1.75852,-0.0334952,60.0
1744879014410861.0,-7884.6,2863.23,1.52834,1.65413,1.61397,-0.0401527,60.0
1744879014431637.0,-7884.6,2863.23,1.52834,1.65413,1.6368,-0.0173303,60.0
1744879014452218.0,-7884.6,2866.65,1.52987,1.61397,1.66088,0.046902,60.0
1744879014473136.0,-7884.6,2866.65,1.52987,1.61397,1.60798,-0.00598967,60.0
1744879014493776.0,-7884.6,2866.65,1.52987,1.61397,1.75453,0.140554,60.0
1744879014514686.0,-7885.02,2869.38,1.53163,1.60798,1.7515,0.143518,60.0
1744879014535623.0,-7885.02,2869.38,1.53163,1.60798,1.72268,0.114701,60.0
1744879014556280.0,-7885.44,2872.11,1.53338,1.7515,1.63048,-0.121022,60.0
1744879014577196.0,-7885.44,2872.11,1.53338,1.7515,1.75789,0.00639162,60.0
1744879014597950.0,-7885.44,2872.11,1.53338,1.7515,1.6822,-0.0692986,60.0
1744879014618652.0,-7885.87,2875.53,1.53544,1.75789,1.61719,-0.140705,60.0
1744879014639073.0,-7885.87,2875.53,1.53544,1.75789,1.67647,-0.0814236,60.0
1744879014660019.0,-7886.29,2878.26,1.53719,1.61719,1.4824,-0.134788,60.0
1744879014680887.0,-7886.29,2878.26,1.53719,1.61719,1.76613,0.14894,60.0
1744879014701777.0,-7886.29,2878.26,1.53719,1.61719,1.6723,0.0551103,60.0
1744879014722720.0,-7886.29,2881.0,1.53842,1.76613,1.64901,-0.117115,60.0
1744879014743576.0,-7886.29,2881.0,1.53842,1.76613,1.77546,0.00932968,60.0
1744879014764464.0,-7886.71,2884.41,1.54049,1.64901,1.77724,0.128222,60.0
1744879014785180.0,-7886.71,2884.41,1.54049,1.64901,1.76147,0.112451,60.0
1744879014805775.0,-7887.13,2887.15,1.54225,1.77724,1.69915,-0.0780847,60.0
1744879014826463.0,-7887.13,2887.15,1.54225,1.77724,1.76176,-0.0154748,60.0
1744879014847204.0,-7887.13,2887.15,1.54225,1.77724,1.71137,-0.0658665,60.0
1744879014868104.0,-7887.56,2889.88,1.54401,1.76176,1.83528,0.0735234,60.0
1744879014888942.0,-7887.56,2889.88,1.54401,1.76176,1.67124,-0.0905214,60.0
1744879014909696.0,-7887.98,2893.3,1.54608,1.83528,1.80776,-0.0275204,60.0
1744879014930501.0,-7887.98,2893.3,1.54608,1.83528,1.88863,0.0533437,60.0
1744879014951354.0,-7887.98,2893.3,1.54608,1.83528,1.83013,-0.00515736,60.0
1744879014971760.0,-7888.4,2896.03,1.54784,1.88863,1.86253,-0.0260949,60.0
1744879014992322.0,-7888.4,2896.03,1.54784,1.88863,1.76847,-0.120155,60.0
1744879015013224.0,-7888.82,2898.76,1.54961,1.86253,1.82367,-0.038863,60.0
1744879015034056.0,-7888.82,2898.76,1.54961,1.86253,1.72126,-0.141272,60.0
1744879015054630.0,-7888.82,2898.76,1.54961,1.86253,1.80404,-0.0584924,60.0
1744879015075391.0,-7889.25,2902.18,1.55168,1.72126,1.63623,-0.0850302,60.0
1744879015095967.0,-7889.25,2902.18,1.55168,1.72126,1.77511,0.0538496,60.0
1744879015116814.0,-7889.67,2904.91,1.55345,1.63623,1.6039,-0.0323354,60.0
1744879015137451.0,-7889.67,2904.91,1.55345,1.63623,1.63247,-0.00376583,60.0
1744879015158322.0,-7890.09,2908.33,1.55553,1.63247,1.52775,-0.104714,60.0
1744879015178841.0,-7890.09,2908.33,1.55553,1.63247,1.69644,0.0639766,60.0
1744879015199632.0,-7890.09,2908.33,1.55553,1.63247,1.59563,-0.0368353,60.0
1744879015220317.0,-7890.51,2911.07,1.55729,1.69644,1.80168,0.105237,60.0
1744879015241155.0,-7890.51,2911.07,1.55729,1.69644,1.60666,-0.0897869,60.0
1744879015261705.0,-7890.94,2913.8,1.55906,1.80168,1.66669,-0.134993,60.0
1744879015282347.0,-7890.94,2913.8,1.55906,1.80168,1.6555,-0.146181,60.0
1744879015302880.0,-7890.94,2913.8,1.55906,1.80168,1.8418,0.0401211,60.0
1744879015323421.0,-7891.36,2917.22,1.56115,1.6555,1.57888,-0.0766141,60.0
1744879015343967.0,-7891.36,2917.22,1.56115,1.6555,1.70825,0.0527478,60.0
1744879015364908.0,-7891.78,2919.95,1.56292,1.57888,1.70401,0.125121,60.0
1744879015385824.0,-7891.78,2919.95,1.56292,1.57888,1.64399,0.0651041,60.0
1744879015406795.0,-7891.78,2919.95,1.56292,1.57888,1.66199,0.0831075,60.0
1744879015427235.0,-7891.78,2922.68,1.56417,1.64399,1.71268,0.0686875,60.0
1744879015447940.0,-7891.78,2922.68,1.56417,1.64399,1.58471,-0.0592779,60.0
1744879015468396.0,-7892.2,2926.1,1.56626,1.71268,1.59081,-0.121864,60.0
1744879015489047.0,-7892.2,2926.1,1.56626,1.71268,1.68374,-0.0289386,60.0
1744879015510012.0,-7892.2,2926.1,1.56626,1.71268,1.70636,-0.00631062,60.0
1744879015530937.0,-7892.62,2928.83,1.56804,1.68374,1.69773,0.0139942,60.0
1744879015551576.0,-7892.62,2928.83,1.56804,1.68374,1.79468,0.11094,60.0
1744879015572286.0,-7893.05,2931.57,1.56981,1.69773,1.68482,-0.0129073,60.0
1744879015593098.0,-7893.05,2931.57,1.56981,1.69773,1.58021,-0.117518,60.0
1744879015613701.0,-7893.05,2931.57,1.56981,1.69773,1.80514,0.107409,60.0
1744879015634492.0,-7893.47,2934.98,1.57191,1.58021,1.66039,0.0801764,60.0
1744879015655244.0,-7893.47,2934.98,1.57191,1.58021,1.63866,0.0584461,60.0
1744879015675925.0,-7893.89,2937.72,1.57369,1.66039,1.67012,0.00972801,60.0
1744879015696669.0,-7893.89,2937.72,1.57369,1.66039,1.58897,-0.0714161,60.0
1744879015717562.0,-7894.31,2940.45,1.57547,1.67012,1.66888,-0.00123884,60.0
1744879015738413.0,-7894.31,2940.45,1.57547,1.67012,1.57257,-0.097552,60.0
1744879015758879.0,-7894.31,2940.45,1.57547,1.67012,1.53061,-0.139506,60.0
1744879015779913.0,-7894.74,2943.87,1.57757,1.57257,1.70035,0.127782,60.0
1744879015800654.0,-7894.74,2943.87,1.57757,1.57257,1.56398,-0.00858728,60.0
1744879015821175.0,-7894.74,2946.6,1.57883,1.70035,1.7464,0.0460489,60.0
1744879015842037.0,-7894.74,2946.6,1.57883,1.70035,1.76217,0.0618212,60.0
1744879015862903.0,-7894.74,2946.6,1.57883,1.70035,1.79026,0.0899144,60.0
1744879015883391.0,-7895.16,2949.33,1.58061,1.76217,1.60108,-0.161087,60.0
1744879015904296.0,-7895.16,2949.33,1.58061,1.76217,1.71659,-0.0455762,60.0
1744879015924978.0,-7895.58,2952.75,1.58271,1.60108,1.7549,0.153813,60.0
1744879015945539.0,-7895.58,2952.75,1.58271,1.60108,1.50234,-0.0987446,60.0
1744879015966555.0,-7895.58,2952.75,1.58271,1.60108,1.69338,0.0922945,60.0
1744879015987222.0,-7896.0,2955.48,1.5845,1.50234,1.50241,6.80098e-05,60.0
1744879016008048.0,-7896.0,2955.48,1.5845,1.50234,1.44344,-0.0589019,60.0
1744879016028660.0,-7896.43,2958.9,1.58661,1.50241,1.63452,0.132111,60.0
1744879016049218.0,-7896.43,2958.9,1.58661,1.50241,1.61315,0.110749,60.0
1744879016069855.0,-7896.42,2961.63,1.58787,1.63452,1.77505,0.14053,60.0
1744879016090927.0,-7896.42,2961.63,1.58787,1.63452,1.72399,0.089478,60.0
1744879016111693.0,-7896.42,2961.63,1.58787,1.63452,1.72172,0.0872018,60.0
1744879016132135.0,-7896.85,2964.37,1.58967,1.72399,1.76805,0.044051,60.0
1744879016152817.0,-7896.85,2964.37,1.58967,1.72399,1.79801,0.0740182,60.0
1744879016173470.0,-7897.27,2967.79,1.59178,1.76805,1.7329,-0.0351447,60.0
1744879016194216.0,-7897.27,2967.79,1.59178,1.76805,1.73066,-0.037381,60.0
1744879016215204.0,-7897.27,2967.79,1.59178,1.76805,1.79214,0.0240965,60.0
1744879016235967.0,-7897.27,2970.52,1.59305,1.73066,1.6029,-0.127761,60.0
1744879016256542.0,-7897.27,2970.52,1.59305,1.73066,1.58755,-0.143115,60.0
1744879016277333.0,-7897.69,2973.25,1.59484,1.6029,1.61687,0.0139663,60.0
1744879016298010.0,-7897.69,2973.25,1.59484,1.6029,1.68172,0.0788192,60.0
1744879016318614.0,-7897.69,2973.25,1.59484,1.6029,1.54914,-0.0537646,60.0
1744879016339028.0,-7898.11,2976.67,1.59696,1.68172,1.63512,-0.0466001,60.0
1744879016360073.0,-7898.11,2976.67,1.59696,1.68172,1.57305,-0.108676,60.0
1744879016380546.0,-7898.54,2979.4,1.59876,1.63512,1.70744,0.0723203,60.0
1744879016401720.0,-7898.54,2979.4,1.59876,1.63512,1.57929,-0.0558313,60.0
1744879016422168.0,-7898.54,2979.4,1.59876,1.63512,1.74817,0.113046,60.0
1744879016442799.0,-7898.53,2982.82,1.60035,1.57929,1.5088,-0.0704918,60.0
1744879016463873.0,-7898.53,2982.82,1.60035,1.57929,1.73532,0.156029,60.0
1744879016484396.0,-7898.96,2985.55,1.60215,1.5088,1.66526,0.156459,60.0
1744879016505096.0,-7898.96,2985.55,1.60215,1.5088,1.65195,0.143154,60.0
1744879016526179.0,-7899.38,2988.29,0.603956,1.66526,1.79681,0.131553,60.0
1744879016547263.0,-7899.38,2988.29,0.603956,1.66526,1.57559,-0.0896687,60.0
1744879016567813.0,-7899.38,2988.29,0.603956,1.66526,1.68464,0.0193873,60.0
1744879016588503.0,-7899.38,2991.7,0.605553,1.57559,1.72057,0.144983,60.0
1744879016609212.0,-7899.38,2991.7,0.605553,1.57559,1.58209,0.00650111,60.0
1744879016629920.0,-7899.8,2994.44,0.607359,1.72057,1.65909,-0.0614853,60.0
1744879016650722.0,-7899.8,2994.44,0.607359,1.72057,1.70439,-0.016185,60.0
1744879016671141.0,-7899.8,2994.44,0.607359,1.72057,1.67809,-0.0424867,60.0
1744879016691905.0,-7899.8,2997.17,0.608639,1.70439,1.83002,0.125632,60.0
1744879016712617.0,-7899.8,2997.17,0.608639,1.70439,1.63288,-0.0715069,60.0
1744879016733421.0,-7900.22,3000.59,0.610768,1.83002,1.87212,0.0420963,60.0
1744879016754349.0,-7900.22,3000.59,0.610768,1.83002,1.88067,0.0506536,60.0
1744879016775134.0,-7900.22,3000.59,0.610768,1.83002,1.71826,-0.111756,60.0
1744879016795683.0,-7900.65,3003.32,0.612577,1.88067,1.79597,-0.0846989,60.0
1744879016816197.0,-7900.65,3003.32,0.612577,1.88067,1.84253,-0.0381377,60.0
1744879016836935.0,-7901.07,3006.05,0.614388,1.79597,1.85295,0.0569806,60.0
1744879016857621.0,-7901.07,3006.05,0.614388,1.79597,1.80386,0.00788605,60.0
1744879016878262.0,-7901.07,3006.05,0.614388,1.79597,1.80786,0.0118864,60.0
1744879016899355.0,-7901.07,3009.47,0.615995,1.80386,1.88505,0.081192,60.0
1744879016920213.0,-7901.07,3009.47,0.615995,1.80386,1.76626,-0.0375959,60.0
1744879016940698.0,-7901.49,3012.2,0.617808,1.88505,1.77275,-0.112306,60.0
1744879016961381.0,-7901.49,3012.2,0.617808,1.88505,1.74801,-0.137043,60.0
1744879016982146.0,-7901.91,3015.62,0.619945,1.77275,1.69181,-0.0809399,60.0
1744879017003243.0,-7901.91,3015.62,0.619945,1.77275,1.67795,-0.0947935,60.0
1744879017023639.0,-7901.91,3015.62,0.619945,1.77275,1.71855,-0.0541912,60.0
1744879017044380.0,-7902.34,3018.36,0.621761,1.67795,1.69628,0.0183239,60.0
1744879017065045.0,-7902.34,3018.36,0.621761,1.67795,1.61517,-0.062783,60.0
1744879017086009.0,-7902.76,3021.09,0.623578,1.69628,1.62184,-0.0744375,60.0
1744879017106714.0,-7902.76,3021.09,0.623578,1.69628,1.59399,-0.10229,60.0
1744879017127492.0,-7902.76,3021.09,0.623578,1.69628,1.65616,-0.0401158,60.0
1744879017148363.0,-7903.18,3024.51,0.625719,1.59399,1.66271,0.0687228,60.0
1744879017168944.0,-7903.18,3024.51,0.625719,1.59399,1.73724,0.143251,60.0
1744879017189758.0,-7903.6,3027.24,0.627539,1.66271,1.55515,-0.107557,60.0
1744879017210571.0,-7903.6,3027.24,0.627539,1.66271,1.68495,0.0222398,60.0
1744879017231378.0,-7903.6,3027.24,0.627539,1.66271,1.75948,0.0967672,60.0
1744879017252006.0,-7904.03,3029.97,0.62936,1.68495,1.77155,0.0866056,60.0
1744879017272832.0,-7904.03,3029.97,0.62936,1.68495,1.59464,-0.0903098,60.0
1744879017293491.0,-7904.45,3033.39,0.631506,1.77155,1.76369,-0.00786808,60.0
1744879017314199.0,-7904.45,3033.39,0.631506,1.77155,1.72089,-0.0506656,60.0
1744879017334901.0,-7904.87,3036.12,0.63333,1.76369,1.67882,-0.0848668,60.0
1744879017355603.0,-7904.87,3036.12,0.63333,1.76369,1.81551,0.0518287,60.0
1744879017376347.0,-7904.87,3036.12,0.63333,1.76369,1.59964,-0.164044,60.0
1744879017396849.0,-7904.87,3038.86,0.634628,1.81551,1.78809,-0.027423,60.0
1744879017417747.0,-7904.87,3038.86,0.634628,1.81551,1.71321,-0.102306,60.0
1744879017438440.0,-7905.29,3042.27,0.636779,1.78809,1.72067,-0.0674217,60.0
1744879017459353.0,-7905.29,3042.27,0.636779,1.78809,1.74721,-0.0408853,60.0
1744879017480196.0,-7905.29,3042.27,0.636779,1.78809,1.69742,-0.0906765,60.0
1744879017500801.0,-7905.71,3045.01,0.638607,1.74721,1.69779,-0.0494199,60.0
1744879017521582.0,-7905.71,3045.01,0.638607,1.74721,1.80293,0.0557206,60.0
1744879017542026.0,-7906.14,3047.74,0.640435,1.69779,1.6098,-0.0879861,60.0
1744879017562748.0,-7906.14,3047.74,0.640435,1.69779,1.84828,0.150498,60.0
1744879017583360.0,-7906.14,3047.74,0.640435,1.69779,1.58599,-0.111793,60.0
1744879017604071.0,-7906.56,3051.16,0.642591,1.84828,1.71395,-0.13433,60.0
1744879017624889.0,-7906.56,3051.16,0.642591,1.84828,1.73779,-0.110493,60.0
1744879017645711.0,-7906.98,3053.89,0.644423,1.71395,1.7809,0.0669458,60.0
1744879017666402.0,-7906.98,3053.89,0.644423,1.71395,1.58183,-0.132128,60.0
1744879017687288.0,-7906.98,3053.89,0.644423,1.71395,1.69885,-0.0151031,60.0
1744879017708062.0,-7907.4,3056.62,0.646255,1.58183,1.65666,0.0748298,60.0
1744879017728725.0,-7907.4,3056.62,0.646255,1.58183,1.63666,0.0548345,60.0
1744879017749324.0,-7907.83,3060.04,0.648416,1.65666,1.55885,-0.0978057,60.0
1744879017770600.0,-7907.83,3060.04,0.648416,1.65666,1.6096,-0.0470536,60.0
1744879017791316.0,-7908.25,3062.77,0.650251,1.55885,1.5482,-0.0106547,60.0
1744879017812135.0,-7908.25,3062.77,0.650251,1.55885,1.57936,0.0205117,60.0
1744879017832723.0,-7908.25,3062.77,0.650251,1.55885,1.65476,0.0959079,60.0
1744879017855523.0,-7908.67,3066.19,0.652415,1.57936,1.71662,0.137253,60.0
1744879017875967.0,-7908.67,3066.19,0.652415,1.57936,1.52242,-0.0569454,60.0
1744879017897012.0,-7909.09,3068.93,0.654253,1.71662,1.67326,-0.0433591,60.0
1744879017917746.0,-7909.09,3068.93,0.654253,1.71662,1.81655,0.0999305,60.0
1744879017938619.0,-7909.09,3068.93,0.654253,1.71662,1.74056,0.023948,60.0
1744879017959206.0,-7909.52,3071.66,0.656092,1.81655,1.79443,-0.0221163,60.0
1744879017979647.0,-7909.52,3071.66,0.656092,1.81655,1.65309,-0.163457,60.0
1744879018000606.0,-7909.94,3075.08,0.658261,1.79443,1.64902,-0.14541,60.0
1744879018021216.0,-7909.94,3075.08,0.658261,1.79443,1.69835,-0.0960774,60.0
1744879018041687.0,-7909.94,3075.08,0.658261,1.79443,1.63638,-0.158052,60.0
1744879018062371.0,-7910.36,3077.81,0.660103,1.69835,1.55854,-0.139807,60.0
1744879018083368.0,-7910.36,3077.81,0.660103,1.69835,1.74184,0.0434915,60.0
1744879018103882.0,-7910.78,3080.54,0.661946,1.55854,1.68043,0.121884,60.0
1744879018124670.0,-7910.78,3080.54,0.661946,1.55854,1.67102,0.112471,60.0
1744879018145102.0,-7911.21,3083.96,0.66412,1.68043,1.58899,-0.0914403,60.0
1744879018165858.0,-7911.21,3083.96,0.66412,1.68043,1.82501,0.144586,60.0
1744879018186364.0,-7911.21,3083.96,0.66412,1.68043,1.82692,0.146488,60.0
1744879018207431.0,-7911.63,3086.69,0.665965,1.82501,1.87721,0.0521984,60.0
1744879018227921.0,-7911.63,3086.69,0.665965,1.82501,1.72294,-0.102077,60.0
1744879018248768.0,-7912.05,3089.43,0.667812,1.87721,1.72981,-0.147407,60.0
1744879018269384.0,-7912.05,3089.43,0.667812,1.87721,1.8801,0.00288596,60.0
1744879018290089.0,-7912.05,3089.43,0.667812,1.87721,1.81064,-0.0665691,60.0
1744879018310792.0,-7912.47,3092.84,0.669991,1.8801,1.72375,-0.156351,60.0
1744879018331898.0,-7912.47,3092.84,0.669991,1.8801,1.93292,0.0528232,60.0
1744879018352691.0,-7912.9,3095.58,0.671841,1.72375,1.62567,-0.0980753,60.0
1744879018373465.0,-7912.9,3095.58,0.671841,1.72375,1.82553,0.101783,60.0
1744879018394208.0,-7912.9,3095.58,0.671841,1.72375,1.88187,0.158118,60.0
1744879018414903.0,-7913.32,3098.31,0.673691,1.82553,1.70492,-0.120613,60.0
1744879018435696.0,-7913.32,3098.31,0.673691,1.82553,1.82368,-0.00185382,60.0
1744879018456349.0,-7913.74,3101.73,0.675875,1.70492,1.69214,-0.0127744,60.0
1744879018477401.0,-7913.74,3101.73,0.675875,1.70492,1.80933,0.104412,60.0
1744879018498258.0,-7914.16,3104.46,0.677728,1.69214,1.69272,0.000574061,60.0
1744879018518914.0,-7914.16,3104.46,0.677728,1.69214,1.77546,0.083319,60.0
1744879018539559.0,-7914.16,3104.46,0.677728,1.69214,1.79713,0.104991,60.0
1744879018560020.0,-7914.58,3107.19,0.679583,1.77546,1.85763,0.0821727,60.0
1744879018580752.0,-7914.58,3107.19,0.679583,1.77546,1.73981,-0.0356524,60.0
1744879018601563.0,-7915.01,3110.61,0.681771,1.85763,1.83709,-0.0205397,60.0
1744879018622311.0,-7915.01,3110.61,0.681771,1.85763,1.74334,-0.114294,60.0
1744879018642978.0,-7915.01,3110.61,0.681771,1.85763,1.73503,-0.122608,60.0
1744879018663775.0,-7915.43,3113.35,0.683628,1.74334,1.59359,-0.149748,60.0
1744879018684561.0,-7915.43,3113.35,0.683628,1.74334,1.76212,0.0187793,60.0
1744879018705530.0,-7916.28,3116.08,0.686014,1.59359,1.49576,-0.0978294,60.0
1744879018725852.0,-7916.28,3116.08,0.686014,1.59359,1.65553,0.0619396,60.0
1744879018746485.0,-7916.28,3116.08,0.686014,1.59359,1.58126,-0.0123358,60.0
1744879018767552.0,-7916.7,3119.5,0.688207,1.65553,1.53087,-0.124661,60.0
1744879018787873.0,-7916.7,3119.5,0.688207,1.65553,1.53974,-0.115795,60.0
1744879018808501.0,-7917.12,3122.23,0.690068,1.53087,1.68238,0.15151,60.0
1744879018828892.0,-7917.12,3122.23,0.690068,1.53087,1.51858,-0.0122931,60.0
1744879018849604.0,-7917.12,3122.23,0.690068,1.53087,1.58955,0.0586803,60.0
1744879018878785.0,-7917.54,3124.96,0.691931,1.51858,1.41484,-0.103741,60.0
1744879018899407.0,-7917.54,3124.96,0.691931,1.51858,1.66874,0.150164,60.0
1744879018920026.0,-7917.97,3128.38,0.694129,1.41484,1.49539,0.0805517,60.0
1744879018940893.0,-7917.97,3128.38,0.694129,1.41484,1.50467,0.0898285,60.0
1744879018961391.0,-7917.96,3131.11,0.695467,1.49539,1.49026,-0.00512486,60.0
1744879018982059.0,-7917.96,3131.11,0.695467,1.49539,1.56501,0.0696181,60.0
1744879019002986.0,-7917.96,3131.11,0.695467,1.49539,1.65313,0.157745,60.0
1744879019023758.0,-7918.39,3133.85,0.697333,1.56501,1.49694,-0.0680688,60.0
1744879019044313.0,-7918.39,3133.85,0.697333,1.56501,1.59759,0.0325837,60.0
1744879019064926.0,-7918.81,3137.26,0.699536,1.49694,1.42952,-0.0674172,60.0
1744879019085600.0,-7918.81,3137.26,0.699536,1.49694,1.60302,0.106081,60.0
1744879019106506.0,-7919.23,3140.0,0.701405,1.42952,1.56241,0.132887,60.0
1744879019127142.0,-7919.23,3140.0,0.701405,1.42952,1.55747,0.127945,60.0
1744879019148179.0,-7919.23,3140.0,0.701405,1.42952,1.46417,0.0346538,60.0
1744879019168595.0,-7919.23,3143.41,0.703083,1.55747,1.5716,0.0141381,60.0
1744879019189688.0,-7919.23,3143.41,0.703083,1.55747,1.66724,0.109776,60.0
1744879019210243.0,-7919.65,3146.15,0.704955,1.5716,1.50657,-0.0650376,60.0
1744879019231214.0,-7919.65,3146.15,0.704955,1.5716,1.54483,-0.0267767,60.0
1744879019252011.0,-7919.65,3146.15,0.704955,1.5716,1.44694,-0.124665,60.0
1744879019272758.0,-7920.08,3148.88,0.706828,1.54483,1.53829,-0.00653895,60.0
1744879019293942.0,-7920.08,3148.88,0.706828,1.54483,1.65005,0.105226,60.0
1744879019314548.0,-7920.07,3152.3,0.708511,1.53829,1.58341,0.0451247,60.0
1744879019335125.0,-7920.07,3152.3,0.708511,1.53829,1.68551,0.147226,60.0
1744879019355879.0,-7920.07,3152.3,0.708511,1.53829,1.54416,0.00586823,60.0
1744879019376628.0,-7920.5,3155.03,0.710387,1.68551,1.58843,-0.0970811,60.0
1744879019397402.0,-7920.5,3155.03,0.710387,1.68551,1.82912,0.143605,60.0
1744879019418084.0,-7920.5,3157.76,0.711736,1.58843,1.75058,0.162151,60.0
1744879019438807.0,-7920.5,3157.76,0.711736,1.58843,1.66246,0.0740245,60.0
1744879019459489.0,-7920.5,3157.76,0.711736,1.58843,1.72497,0.136537,60.0
1744879019480256.0,-7920.92,3161.18,0.713952,1.66246,1.79003,0.127572,60.0
1744879019501436.0,-7920.92,3161.18,0.713952,1.66246,1.53971,-0.122746,60.0
1744879019522088.0,-7920.92,3163.92,0.715304,1.79003,1.81971,0.0296817,60.0
1744879019542855.0,-7920.92,3163.92,0.715304,1.79003,1.7513,-0.0387264,60.0
1744879019563495.0,-7921.34,3167.33,0.717523,1.81971,1.77806,-0.0416557,60.0
1744879019584129.0,-7921.34,3167.33,0.717523,1.81971,1.81085,-0.00886389,60.0
1744879019604645.0,-7921.34,3167.33,0.717523,1.81971,1.82661,0.00689823,60.0
1744879019625277.0,-7921.76,3170.07,0.719405,1.81085,1.75591,-0.0549391,60.0
1744879019645847.0,-7921.76,3170.07,0.719405,1.81085,1.68791,-0.122939,60.0
1744879019666635.0,-7921.76,3172.8,0.72076,1.75591,1.64315,-0.112755,60.0
1744879019687278.0,-7921.76,3172.8,0.72076,1.75591,1.61291,-0.142996,60.0
1744879019707880.0,-7921.76,3172.8,0.72076,1.75591,1.74858,-0.0073238,60.0
1744879019728652.0,-7922.18,3176.22,0.722984,1.61291,1.73771,0.124799,60.0
1744879019749159.0,-7922.18,3176.22,0.722984,1.61291,1.70424,0.091325,60.0
1744879019770100.0,-7922.61,3178.95,0.72487,1.73771,1.73423,-0.00348509,60.0
1744879019790787.0,-7922.61,3178.95,0.72487,1.73771,1.83549,0.097777,60.0
1744879019811281.0,-7922.61,3178.95,0.72487,1.73771,1.71703,-0.0206851,60.0
1744879019832263.0,-7923.03,3181.68,0.726757,1.83549,1.79858,-0.0369059,60.0
1744879019852920.0,-7923.03,3181.68,0.726757,1.83549,1.78369,-0.0517943,60.0
1744879019873608.0,-7923.03,3185.1,0.728458,1.79858,1.84272,0.0441423,60.0
1744879019894154.0,-7923.03,3185.1,0.728458,1.79858,1.78535,-0.013228,60.0
1744879019914931.0,-7923.03,3185.1,0.728458,1.79858,1.63821,-0.160376,60.0
1744879019935505.0,-7923.45,3187.83,0.730348,1.78535,1.77104,-0.0143097,60.0
1744879019956340.0,-7923.45,3187.83,0.730348,1.78535,1.86398,0.0786277,60.0
1744879019977154.0,-7923.87,3190.57,0.732239,1.77104,1.65821,-0.112836,60.0
1744879019997389.0,-7923.87,3190.57,0.732239,1.77104,1.82453,0.0534902,60.0
1744879020018357.0,-7924.29,3193.98,0.734472,1.65821,1.574,-0.084213,60.0
1744879020039284.0,-7924.29,3193.98,0.734472,1.65821,1.50356,-0.154647,60.0
1744879020060200.0,-7924.29,3193.98,0.734472,1.65821,1.50577,-0.152439,60.0
1744879020080572.0,-7924.72,3196.72,0.736366,1.50356,1.5887,0.0851394,60.0
1744879020101233.0,-7924.72,3196.72,0.736366,1.50356,1.54771,0.0441527,60.0
1744879020122251.0,-7925.14,3200.13,0.738603,1.5887,1.721,0.132301,60.0
1744879020142622.0,-7925.14,3200.13,0.738603,1.5887,1.48405,-0.104652,60.0
1744879020163423.0,-7925.14,3200.13,0.738603,1.5887,1.6697,0.081004,60.0
1744879020184407.0,-7925.14,3202.87,0.739971,1.48405,1.58625,0.102201,60.0
1744879020205143.0,-7925.14,3202.87,0.739971,1.48405,1.55298,0.0689307,60.0
1744879020225890.0,-7925.56,3205.6,0.741869,1.58625,1.72367,0.137419,60.0
1744879020246504.0,-7925.56,3205.6,0.741869,1.58625,1.59702,0.0107686,60.0
1744879020267017.0,-7925.56,3205.6,0.741869,1.58625,1.6031,0.0168548,60.0
1744879020287873.0,-7925.98,3209.02,0.74411,1.59702,1.64883,0.0518108,60.0
1744879020308320.0,-7925.98,3209.02,0.74411,1.59702,1.64177,0.0447504,60.0
1744879020329247.0,-7925.98,3211.75,0.745483,1.64883,1.76674,0.117908,60.0
1744879020350415.0,-7925.98,3211.75,0.745483,1.64883,1.53578,-0.113051,60.0
1744879020370745.0,-7925.98,3211.75,0.745483,1.64883,1.78626,0.137432,60.0
1744879020391622.0,-7926.4,3214.49,0.747384,1.53578,1.63044,0.0946581,60.0
1744879020412106.0,-7926.4,3214.49,0.747384,1.53578,1.53319,-0.00259224,60.0
1744879020432580.0,-7926.83,3217.9,0.74963,1.63044,1.61008,-0.0203561,60.0
1744879020453016.0,-7926.83,3217.9,0.74963,1.63044,1.68465,0.0542091,60.0
1744879020473562.0,-7926.82,3220.64,0.751006,1.61008,1.48101,-0.129069,60.0
1744879020494340.0,-7926.82,3220.64,0.751006,1.61008,1.73799,0.127908,60.0
1744879020515089.0,-7926.82,3220.64,0.751006,1.61008,1.62865,0.0185697,60.0
1744879020535692.0,-7927.25,3224.05,0.753256,1.73799,1.83661,0.0986248,60.0
1744879020556033.0,-7927.25,3224.05,0.753256,1.73799,1.67596,-0.062028,60.0
1744879020576354.0,-7927.67,3226.79,0.755163,1.83661,1.73775,-0.0988604,60.0
1744879020596871.0,-7927.67,3226.79,0.755163,1.83661,1.71952,-0.11709,60.0
1744879020617436.0,-7927.67,3226.79,0.755163,1.83661,1.78105,-0.0555625,60.0
1744879020637964.0,-7927.67,3229.52,0.756543,1.71952,1.55613,-0.16339,60.0
1744879020658471.0,-7927.67,3229.52,0.756543,1.71952,1.86391,0.144387,60.0
1744879020678977.0,-7928.09,3232.94,0.758797,1.55613,1.67305,0.116918,60.0
1744879020699780.0,-7928.09,3232.94,0.758797,1.55613,1.65211,0.0959778,60.0
1744879020720420.0,-7928.09,3232.94,0.758797,1.55613,1.70841,0.15228,60.0
1744879020741050.0,-7928.51,3235.67,0.760708,1.65211,1.58145,-0.0706643,60.0
1744879020761641.0,-7928.51,3235.67,0.760708,1.65211,1.68187,0.0297612,60.0
1744879020782163.0,-7928.51,3238.4,0.762091,1.58145,1.57008,-0.0113649,60.0
1744879020802979.0,-7928.51,3238.4,0.762091,1.58145,1.57973,-0.00171727,60.0
1744879020824166.0,-7928.51,3238.4,0.762091,1.58145,1.57153,-0.00992056,60.0
1744879020845033.0,-7928.93,3241.82,0.764351,1.57973,1.59221,0.0124827,60.0
1744879020865417.0,-7928.93,3241.82,0.764351,1.57973,1.57243,-0.0072955,60.0
1744879020886115.0,-7928.93,3244.55,0.765737,1.59221,1.59486,0.00264429,60.0
1744879020907013.0,-7928.93,3244.55,0.765737,1.59221,1.61262,0.0204037,60.0
1744879020927648.0,-7928.93,3244.55,0.765737,1.59221,1.66982,0.0776104,60.0
1744879020948485.0,-7929.36,3247.97,0.768,1.61262,1.75347,0.140859,60.0
1744879020968990.0,-7929.36,3247.97,0.768,1.61262,1.76675,0.154138,60.0
1744879020989638.0,-7929.78,3250.7,0.769917,1.75347,1.81206,0.0585815,60.0
1744879021010368.0,-7929.78,3250.7,0.769917,1.75347,1.61497,-0.138507,60.0
1744879021031221.0,-7929.78,3253.44,0.771307,1.81206,1.74864,-0.0634205,60.0
1744879021051944.0,-7929.78,3253.44,0.771307,1.81206,1.7549,-0.0571591,60.0
1744879021072542.0,-7929.78,3253.44,0.771307,1.81206,1.72186,-0.0901984,60.0
1744879021093363.0,-7930.2,3256.85,0.773574,1.7549,1.76909,0.0141925,60.0
1744879021114121.0,-7930.2,3256.85,0.773574,1.7549,1.81174,0.0568457,60.0
1744879021134740.0,-7930.62,3259.59,0.775495,1.76909,1.63134,-0.137751,60.0
1744879021155590.0,-7930.62,3259.59,0.775495,1.76909,1.64028,-0.128806,60.0
1744879021176198.0,-7930.62,3259.59,0.775495,1.76909,1.71122,-0.0578674,60.0
1744879021196750.0,-7930.62,3262.32,0.776889,1.64028,1.5954,-0.0448855,60.0
1744879021217327.0,-7930.62,3262.32,0.776889,1.64028,1.76013,0.119842,60.0
1744879021238025.0,-7931.04,3265.74,0.779161,1.5954,1.53454,-0.0608582,60.0
1744879021258704.0,-7931.04,3265.74,0.779161,1.5954,1.5474,-0.0479953,60.0
1744879021279650.0,-7931.04,3265.74,0.779161,1.5954,1.71248,0.117082,60.0
1744879021300292.0,-7931.46,3268.47,0.781086,1.5474,1.67041,0.123013,60.0
1744879021320976.0,-7931.46,3268.47,0.781086,1.5474,1.5507,0.00329437,60.0
1744879021341581.0,-7931.46,3271.21,0.782484,1.67041,1.62701,-0.0434002,60.0
1744879021362503.0,-7931.46,3271.21,0.782484,1.67041,1.75887,0.0884558,60.0
1744879021383170.0,-7931.46,3271.21,0.782484,1.67041,1.61999,-0.0504283,60.0
1744879021403790.0,-7931.89,3274.62,0.784761,1.75887,1.72359,-0.035283,60.0
1744879021424529.0,-7931.89,3274.62,0.784761,1.75887,1.69335,-0.0655232,60.0
1744879021445261.0,-7932.31,3277.36,0.786689,1.72359,1.81903,0.0954399,60.0
1744879021466322.0,-7932.31,3277.36,0.786689,1.72359,1.65771,-0.0658811,60.0
1744879021486771.0,-7932.31,3280.77,0.788442,1.81903,1.85004,0.0310088,60.0
1744879021507941.0,-7932.31,3280.77,0.788442,1.81903,1.84346,0.0244315,60.0
1744879021529009.0,-7932.31,3280.77,0.788442,1.81903,1.77768,-0.0413473,60.0
1744879021549898.0,-7932.73,3283.51,0.790373,1.84346,1.87359,0.0301337,60.0
1744879021570217.0,-7932.73,3283.51,0.790373,1.84346,1.68292,-0.160535,60.0
1744879021591199.0,-7933.15,3286.24,0.792305,1.87359,1.82673,-0.0468675,60.0
1744879021611586.0,-7933.15,3286.24,0.792305,1.87359,1.77433,-0.0992582,60.0
1744879021632218.0,-7933.15,3286.24,0.792305,1.87359,1.80961,-0.0639854,60.0
1744879021653030.0,-7933.57,3289.66,0.79459,1.77433,1.74476,-0.0295784,60.0
1744879021673726.0,-7933.57,3289.66,0.79459,1.77433,1.76432,-0.0100116,60.0
1744879021694441.0,-7934.0,3292.39,0.796525,1.74476,1.72532,-0.0194373,60.0
1744879021715262.0,-7934.0,3292.39,0.796525,1.74476,1.63226,-0.112495,60.0
1744879021735970.0,-7934.0,3292.39,0.796525,1.74476,1.58343,-0.161326,60.0
1744879021756840.0,-7934.42,3295.12,0.798462,1.63226,1.72425,0.0919899,60.0
1744879021777649.0,-7934.42,3295.12,0.798462,1.63226,1.58274,-0.0495176,60.0
1744879021798088.0,-7934.84,3298.54,0.800752,1.72425,1.83269,0.108442,60.0
1744879021819047.0,-7934.84,3298.54,0.800752,1.72425,1.68021,-0.0440374,60.0
1744879021840010.0,-7934.84,3298.54,0.800752,1.72425,1.61001,-0.114245,60.0
1744879021860326.0,-7934.84,3301.27,0.802162,1.68021,1.70399,0.0237754,60.0
1744879021880956.0,-7934.84,3301.27,0.802162,1.68021,1.79052,0.110302,60.0
1744879021901617.0,-7935.26,3304.01,0.804103,1.70399,1.84776,0.14377,60.0
1744879021922309.0,-7935.26,3304.01,0.804103,1.70399,1.72488,0.0208869,60.0
1744879021942980.0,-7935.68,3307.42,0.806397,1.84776,1.68998,-0.157778,60.0
1744879021963592.0,-7935.68,3307.42,0.806397,1.84776,1.77021,-0.0775532,60.0
1744879021984195.0,-7935.68,3307.42,0.806397,1.84776,1.76157,-0.0861888,60.0
1744879022005224.0,-7936.11,3310.16,0.80834,1.77021,1.89879,0.128583,60.0
1744879022025897.0,-7936.11,3310.16,0.80834,1.77021,1.68557,-0.0846335,60.0
1744879022046533.0,-7936.53,3312.89,0.810284,1.89879,1.81623,-0.0825552,60.0
1744879022066946.0,-7936.53,3312.89,0.810284,1.89879,1.7737,-0.125091,60.0
1744879022087863.0,-7936.53,3312.89,0.810284,1.89879,1.79228,-0.106512,60.0
1744879022108219.0,-7936.95,3316.31,0.812584,1.7737,1.90332,0.129622,60.0
1744879022128869.0,-7936.95,3316.31,0.812584,1.7737,1.63236,-0.141335,60.0
1744879022149567.0,-7937.37,3319.04,0.814531,1.90332,1.81562,-0.087697,60.0
1744879022170539.0,-7937.37,3319.04,0.814531,1.90332,1.87783,-0.0254954,60.0
1744879022191425.0,-7937.37,3319.04,0.814531,1.90332,1.76488,-0.138439,60.0
1744879022211975.0,-7937.8,3322.46,0.816834,1.87783,1.77585,-0.101977,60.0
1744879022232649.0,-7937.8,3322.46,0.816834,1.87783,1.82131,-0.0565175,60.0
1744879022253250.0,-7938.64,3325.19,0.819312,1.77585,1.82032,0.0444729,60.0
1744879022273890.0,-7938.64,3325.19,0.819312,1.77585,1.63542,-0.140431,60.0
1744879022294692.0,-7938.64,3325.19,0.819312,1.77585,1.84963,0.0737812,60.0
1744879022315438.0,-7939.07,3327.93,0.821262,1.63542,1.74077,0.105352,60.0
1744879022336238.0,-7939.07,3327.93,0.821262,1.63542,1.70613,0.0707106,60.0
1744879022356911.0,-7939.49,3331.34,0.82357,1.74077,1.65482,-0.0859525,60.0
1744879022377613.0,-7939.49,3331.34,0.82357,1.74077,1.84341,0.102646,60.0
1744879022398268.0,-7939.91,3334.08,0.825524,1.65482,1.59469,-0.0601291,60.0
1744879022419129.0,-7939.91,3334.08,0.825524,1.65482,1.77379,0.118974,60.0
1744879022439678.0,-7939.91,3334.08,0.825524,1.65482,1.53525,-0.119563,60.0
1744879022460591.0,-7940.33,3336.81,0.827478,1.77379,1.84693,0.0731364,60.0
1744879022481176.0,-7940.33,3336.81,0.827478,1.77379,1.72204,-0.0517475,60.0
1744879022502300.0,-7940.75,3340.23,0.829791,1.84693,1.7514,-0.0955234,60.0
1744879022522594.0,-7940.75,3340.23,0.829791,1.84693,1.70976,-0.137168,60.0
1744879022543576.0,-7940.75,3340.23,0.829791,1.84693,1.71892,-0.128002,60.0
1744879022564224.0,-7941.18,3342.96,0.831748,1.70976,1.59189,-0.117869,60.0
1744879022585049.0,-7941.18,3342.96,0.831748,1.70976,1.59318,-0.116581,60.0
1744879022606031.0,-7942.02,3345.69,0.834235,1.59189,1.68825,0.0963609,60.0
1744879022627084.0,-7942.02,3345.69,0.834235,1.59189,1.71054,0.118648,60.0
1744879022647639.0,-7942.02,3345.69,0.834235,1.59189,1.7369,0.145008,60.0
1744879022668596.0,-7942.44,3349.11,0.836553,1.71054,1.58945,-0.121086,60.0
1744879022689519.0,-7942.44,3349.11,0.836553,1.71054,1.62563,-0.0849024,60.0
1744879022710293.0,-7942.87,3351.84,0.838514,1.58945,1.65114,0.061685,60.0
1744879022730924.0,-7942.87,3351.84,0.838514,1.58945,1.64917,0.0597235,60.0
1744879022751498.0,-7942.87,3351.84,0.838514,1.58945,1.74431,0.154856,60.0
1744879022772364.0,-7943.29,3354.58,0.840476,1.64917,1.64951,0.000338925,60.0
1744879022793171.0,-7943.29,3354.58,0.840476,1.64917,1.76886,0.119689,60.0
1744879022813868.0,-7943.71,3358.0,0.842799,1.64951,1.70008,0.0505693,60.0
1744879022834579.0,-7943.71,3358.0,0.842799,1.64951,1.73685,0.0873328,60.0
1744879022855294.0,-7944.13,3360.73,0.844764,1.70008,1.61473,-0.0853485,60.0
1744879022876381.0,-7944.13,3360.73,0.844764,1.70008,1.65677,-0.0433166,60.0
1744879022897337.0,-7944.13,3360.73,0.844764,1.70008,1.62555,-0.07453,60.0
1744879022918348.0,-7944.56,3363.46,0.84673,1.65677,1.55875,-0.0980206,60.0
1744879022938794.0,-7944.56,3363.46,0.84673,1.65677,1.66652,0.00975568,60.0
1744879022959382.0,-7944.98,3366.88,0.849057,1.55875,1.65761,0.0988691,60.0
1744879022980226.0,-7944.98,3366.88,0.849057,1.55875,1.60487,0.0461283,60.0
1744879023000928.0,-7944.98,3366.88,0.849057,1.55875,1.61017,0.0514237,60.0
1744879023021763.0,-7945.4,3369.61,0.851026,1.60487,1.60686,0.00198785,60.0
1744879023042220.0,-7945.4,3369.61,0.851026,1.60487,1.75904,0.154167,60.0
1744879023062805.0,-7945.82,3372.35,0.852996,1.60686,1.64072,0.0338632,60.0
1744879023083851.0,-7945.82,3372.35,0.852996,1.60686,1.71857,0.11171,60.0
1744879023104434.0,-7945.82,3372.35,0.852996,1.60686,1.5494,-0.0574658,60.0
1744879023125015.0,-7945.82,3375.76,0.854799,1.71857,1.65561,-0.0629575,60.0
1744879023145640.0,-7945.82,3375.76,0.854799,1.71857,1.61275,-0.105821,60.0
1744879023166462.0,-7946.24,3378.5,0.856772,1.65561,1.70385,0.0482377,60.0
1744879023187174.0,-7946.24,3378.5,0.856772,1.65561,1.76632,0.110708,60.0
1744879023208071.0,-7946.67,3381.23,0.858746,1.70385,1.57141,-0.132439,60.0
1744879023228742.0,-7946.67,3381.23,0.858746,1.70385,1.73625,0.0323982,60.0
1744879023249231.0,-7946.67,3381.23,0.858746,1.70385,1.75703,0.0531785,60.0
1744879023269974.0,-7947.09,3384.65,0.861082,1.73625,1.61172,-0.124531,60.0
1744879023290595.0,-7947.09,3384.65,0.861082,1.73625,1.71307,-0.0231835,60.0
1744879023312611.0,-7947.51,3387.38,0.863059,1.61172,1.56747,-0.0442455,60.0
1744879023333261.0,-7947.51,3387.38,0.863059,1.61172,1.70943,0.0977108,60.0
1744879023354034.0,-7947.51,3387.38,0.863059,1.61172,1.75539,0.143668,60.0
1744879023374639.0,-7947.93,3390.11,0.865037,1.70943,1.70279,-0.00664235,60.0
1744879023395442.0,-7947.93,3390.11,0.865037,1.70943,1.54622,-0.163211,60.0
1744879023416351.0,-7948.36,3393.53,0.867378,1.70279,1.76353,0.0607458,60.0
1744879023437179.0,-7948.36,3393.53,0.867378,1.70279,1.5866,-0.116183,60.0
1744879023457882.0,-7948.36,3393.53,0.867378,1.70279,1.82241,0.119625,60.0
1744879023478596.0,-7948.78,3396.27,0.869359,1.5866,1.67023,0.083624,60.0
1744879023499372.0,-7948.78,3396.27,0.869359,1.5866,1.66666,0.0800572,60.0
1744879023520407.0,-7948.78,3399.68,0.871175,1.67023,1.77487,0.104646,60.0
1744879023541070.0,-7948.78,3399.68,0.871175,1.67023,1.63382,-0.0364049,60.0
1744879023561975.0,-7948.78,3399.68,0.871175,1.67023,1.69401,0.0237811,60.0
1744879023582489.0,-7949.2,3402.42,0.873158,1.63382,1.57245,-0.0613755,60.0
1744879023603018.0,-7949.2,3402.42,0.873158,1.63382,1.70313,0.0693076,60.0
1744879023623584.0,-7949.62,3405.15,0.875142,1.57245,1.64196,0.0695141,60.0
1744879023644236.0,-7949.62,3405.15,0.875142,1.57245,1.63586,0.063412,60.0
1744879023664880.0,-7950.04,3408.57,0.877492,1.64196,1.6025,-0.0394567,60.0
1744879023685580.0,-7950.04,3408.57,0.877492,1.64196,1.60853,-0.0334351,60.0
1744879023706157.0,-7950.04,3408.57,0.877492,1.64196,1.63166,-0.0103035,60.0
1744879023726967.0,-7950.04,3411.3,0.87895,1.60853,1.75348,0.144951,60.0
1744879023747909.0,-7950.04,3411.3,0.87895,1.60853,1.72066,0.112135,60.0
1744879023768384.0,-7950.47,3414.03,0.880938,1.75348,1.68093,-0.0725433,60.0
1744879023789098.0,-7950.47,3414.03,0.880938,1.75348,1.66087,-0.0926029,60.0
1744879023810178.0,-7950.47,3414.03,0.880938,1.75348,1.59768,-0.155798,60.0
1744879023830905.0,-7950.89,3417.45,0.883292,1.66087,1.61683,-0.0440439,60.0
1744879023851640.0,-7950.89,3417.45,0.883292,1.66087,1.67869,0.0178148,60.0
1744879023872257.0,-7951.31,3420.18,0.885283,1.61683,1.62843,0.0115991,60.0
1744879023892718.0,-7951.31,3420.18,0.885283,1.61683,1.56505,-0.0517793,60.0
1744879023913546.0,-7951.31,3420.18,0.885283,1.61683,1.6944,0.0775675,60.0
1744879023936086.0,-7951.31,3422.92,0.886746,1.56505,1.71068,0.145624,60.0
1744879023956929.0,-7951.31,3422.92,0.886746,1.56505,1.67678,0.111729,60.0
1744879023977712.0,-7951.73,3426.33,0.889105,1.71068,1.68993,-0.0207461,60.0
1744879023998502.0,-7951.73,3426.33,0.889105,1.71068,1.68384,-0.0268384,60.0
1744879024019592.0,-7952.15,3429.07,0.8911,1.68993,1.56974,-0.120192,60.0
1744879024040576.0,-7952.15,3429.07,0.8911,1.68993,1.74511,0.0551834,60.0
1744879024061210.0,-7952.15,3429.07,0.8911,1.68993,1.717,0.027072,60.0
1744879024082041.0,-7952.15,3432.48,0.892933,1.74511,1.72977,-0.0153445,60.0
1744879024103052.0,-7952.15,3432.48,0.892933,1.74511,1.67543,-0.0696815,60.0
1744879024123735.0,-7952.57,3435.22,0.894931,1.72977,1.67889,-0.0508782,60.0
1744879024144454.0,-7952.57,3435.22,0.894931,1.72977,1.75752,0.0277527,60.0
1744879024165535.0,-7952.57,3435.22,0.894931,1.72977,1.66846,-0.0613124,60.0
1744879024185898.0,-7953.0,3437.95,0.896929,1.75752,1.7278,-0.0297221,60.0
1744879024206834.0,-7953.0,3437.95,0.896929,1.75752,1.75676,-0.000758774,60.0
1744879024227605.0,-7953.42,3441.37,0.899297,1.7278,1.7688,0.0410052,60.0
1744879024248200.0,-7953.42,3441.37,0.899297,1.7278,1.64882,-0.0789828,60.0
1744879024268799.0,-7953.42,3441.37,0.899297,1.7278,1.7479,0.0200975,60.0
1744879024289542.0,-7953.84,3444.1,0.901298,1.64882,1.59218,-0.0566408,60.0
1744879024310259.0,-7953.84,3444.1,0.901298,1.64882,1.73877,0.0899542,60.0
1744879024330931.0,-7953.84,3446.84,0.902771,1.59218,1.72305,0.130872,60.0
1744879024351300.0,-7953.84,3446.84,0.902771,1.59218,1.66362,0.07144,60.0
1744879024372277.0,-7954.26,3450.25,0.905143,1.66362,1.68124,0.0176207,60.0
1744879024392649.0,-7954.26,3450.25,0.905143,1.66362,1.73453,0.0709154,60.0
1744879024413551.0,-7954.26,3450.25,0.905143,1.66362,1.65283,-0.0107864,60.0
1744879024434196.0,-7954.68,3452.99,0.907149,1.73453,1.6731,-0.061433,60.0
1744879024454932.0,-7954.68,3452.99,0.907149,1.73453,1.72358,-0.0109474,60.0
1744879024475636.0,-7955.11,3455.72,0.909155,1.6731,1.53428,-0.138818,60.0
1744879024496422.0,-7955.11,3455.72,0.909155,1.6731,1.80325,0.130148,60.0
1744879024517106.0,-7955.11,3455.72,0.909155,1.6731,1.78341,0.11031,60.0
1744879024538061.0,-7955.11,3459.14,0.911002,1.80325,1.65731,-0.145938,60.0
1744879024558920.0,-7955.11,3459.14,0.911002,1.80325,1.73098,-0.0722635,60.0
1744879024579567.0,-7955.53,3461.87,0.913011,1.65731,1.59274,-0.0645689,60.0
1744879024600363.0,-7955.53,3461.87,0.913011,1.65731,1.72748,0.0701706,60.0
1744879024621041.0,-7955.53,3461.87,0.913011,1.65731,1.54628,-0.111032,60.0
1744879024641715.0,-7955.95,3465.29,0.915392,1.72748,1.80237,0.0748894,60.0
1744879024662384.0,-7955.95,3465.29,0.915392,1.72748,1.75848,0.0309966,60.0
1744879024683087.0,-7956.37,3468.02,0.917404,1.80237,1.69729,-0.105074,60.0
1744879024703831.0,-7956.37,3468.02,0.917404,1.80237,1.72201,-0.0803622,60.0
1744879024724864.0,-7956.37,3468.02,0.917404,1.80237,1.65521,-0.147155,60.0
1744879024745417.0,-7956.8,3470.75,0.919417,1.72201,1.85325,0.131246,60.0
1744879024766124.0,-7956.8,3470.75,0.919417,1.72201,1.80504,0.0830303,60.0
1744879024787120.0,-7957.22,3474.17,0.921802,1.85325,1.88326,0.0300113,60.0
1744879024807996.0,-7957.22,3474.17,0.921802,1.85325,1.70835,-0.144904,60.0
1744879024828595.0,-7957.64,3476.9,0.923817,1.88326,1.75616,-0.127101,60.0
1744879024849272.0,-7957.64,3476.9,0.923817,1.88326,1.78869,-0.0945702,60.0
1744879024869994.0,-7957.64,3476.9,0.923817,1.88326,1.752,-0.131265,60.0
1744879024890397.0,-7958.06,3479.64,0.925834,1.78869,1.7655,-0.0231902,60.0
1744879024913364.0,-7958.06,3479.64,0.925834,1.78869,1.81076,0.0220712,60.0
1744879024934094.0,-7958.48,3483.05,0.928224,1.7655,1.62167,-0.143837,60.0
1744879024954624.0,-7958.48,3483.05,0.928224,1.7655,1.76649,0.00099187,60.0
1744879024975404.0,-7958.48,3483.05,0.928224,1.7655,1.8074,0.0418982,60.0
1744879024995972.0,-7958.91,3485.79,0.930244,1.76649,1.6257,-0.140791,60.0
1744879025016892.0,-7958.91,3485.79,0.930244,1.76649,1.72797,-0.0385264,60.0
1744879025037608.0,-7959.33,3488.52,0.932265,1.6257,1.604,-0.0217069,60.0
1744879025058222.0,-7959.33,3488.52,0.932265,1.6257,1.61315,-0.0125484,60.0
1744879025079036.0,-7959.33,3488.52,0.932265,1.6257,1.66198,0.0362772,60.0
1744879025099939.0,-7959.75,3491.94,0.93466,1.61315,1.66681,0.0536506,60.0
1744879025120686.0,-7959.75,3491.94,0.93466,1.61315,1.5637,-0.0494507,60.0
1744879025141360.0,-7960.17,3494.67,0.936683,1.66681,1.65506,-0.0117445,60.0
1744879025162149.0,-7960.17,3494.67,0.936683,1.66681,1.76031,0.0935093,60.0
1744879025182576.0,-7960.6,3497.41,0.938707,1.65506,1.64458,-0.0104841,60.0
1744879025203257.0,-7960.6,3497.41,0.938707,1.65506,1.64468,-0.010376,60.0
1744879025223954.0,-7960.6,3497.41,0.938707,1.65506,1.61304,-0.0420205,60.0
1744879025244632.0,-7961.02,3500.82,0.941107,1.64468,1.64203,-0.00265255,60.0
1744879025265342.0,-7961.02,3500.82,0.941107,1.64468,1.72307,0.0783866,60.0
1744879025285971.0,-7961.02,3503.56,0.942604,1.64203,1.70074,0.0587077,60.0
1744879025306993.0,-7961.02,3503.56,0.942604,1.64203,1.57543,-0.0666056,60.0
1744879025327986.0,-7961.02,3503.56,0.942604,1.64203,1.77844,0.13641,60.0
1744879025348577.0,-7961.44,3506.29,0.944633,1.57543,1.62453,0.0491084,60.0
1744879025369113.0,-7961.44,3506.29,0.944633,1.57543,1.48167,-0.093755,60.0
1744879025389911.0,-7961.86,3509.71,0.947037,1.62453,1.4762,-0.148331,60.0
1744879025410411.0,-7961.86,3509.71,0.947037,1.62453,1.7508,0.126269,60.0
1744879025430978.0,-7961.86,3509.71,0.947037,1.62453,1.55691,-0.0676222,60.0
1744879025451885.0,-7962.28,3512.44,0.949068,1.7508,1.68959,-0.0612165,60.0
1744879025472838.0,-7962.28,3512.44,0.949068,1.7508,1.62492,-0.12588,60.0
1744879025493546.0,-7962.71,3515.86,0.951476,1.68959,1.59562,-0.0939697,60.0
1744879025514978.0,-7962.71,3515.86,0.951476,1.68959,1.76651,0.076925,60.0
1744879025535676.0,-7962.71,3515.86,0.951476,1.68959,1.70316,0.0135753,60.0
1744879025556110.0,-7963.13,3518.59,0.95351,1.76651,1.68467,-0.0818407,60.0
1744879025576757.0,-7963.13,3518.59,0.95351,1.76651,1.78369,0.0171733,60.0
1744879025597525.0,-7963.55,3521.32,0.955545,1.68467,1.71093,0.0262574,60.0
1744879025618353.0,-7963.55,3521.32,0.955545,1.68467,1.63225,-0.0524206,60.0
1744879025638984.0,-7963.97,3524.74,0.957958,1.71093,1.56586,-0.145068,60.0
1744879025659644.0,-7963.97,3524.74,0.957958,1.71093,1.76087,0.0499424,60.0
1744879025680250.0,-7963.97,3524.74,0.957958,1.71093,1.5662,-0.144729,60.0
1744879025701003.0,-7963.97,3527.47,0.959465,1.76087,1.65518,-0.10569,60.0
1744879025721888.0,-7963.97,3527.47,0.959465,1.76087,1.65232,-0.10855,60.0
1744879025742431.0,-7964.39,3530.21,0.961504,1.65518,1.53509,-0.120088,60.0
1744879025763110.0,-7964.39,3530.21,0.961504,1.65518,1.72666,0.0714806,60.0
1744879025783787.0,-7964.39,3530.21,0.961504,1.65518,1.71951,0.0643322,60.0
1744879025804577.0,-7964.82,3533.63,0.963922,1.72666,1.64612,-0.0805438,60.0
1744879025825230.0,-7964.82,3533.63,0.963922,1.72666,1.74085,0.0141866,60.0
1744879025845895.0,-7965.24,3536.36,0.965963,1.64612,1.70581,0.0596897,60.0
1744879025866522.0,-7965.24,3536.36,0.965963,1.64612,1.55748,-0.0886362,60.0
1744879025887281.0,-7965.24,3536.36,0.965963,1.64612,1.79641,0.150291,60.0
1744879025908079.0,-7965.66,3539.09,0.968006,1.55748,1.64833,0.090849,60.0
1744879025928707.0,-7965.66,3539.09,0.968006,1.55748,1.58587,0.0283912,60.0
1744879025949339.0,-7966.08,3542.51,0.970428,1.64833,1.58943,-0.0589046,60.0
1744879025970267.0,-7966.08,3542.51,0.970428,1.64833,1.60266,-0.0456688,60.0
1744879025990903.0,-7966.08,3542.51,0.970428,1.64833,1.75474,0.106411,60.0
1744879026011658.0,-7966.51,3545.24,0.972474,1.60266,1.65303,0.0503666,60.0
1744879026032386.0,-7966.51,3545.24,0.972474,1.60266,1.58264,-0.0200246,60.0
1744879026053308.0,-7966.5,3547.98,0.97399,1.65303,1.54637,-0.106657,60.0
1744879026074006.0,-7966.5,3547.98,0.97399,1.65303,1.52692,-0.126108,60.0
1744879026094540.0,-7966.93,3551.39,0.976417,1.54637,1.60302,0.0566511,60.0
1744879026115543.0,-7966.93,3551.39,0.976417,1.54637,1.49988,-0.0464899,60.0
1744879026136427.0,-7966.93,3551.39,0.976417,1.54637,1.60041,0.054038,60.0
1744879026156993.0,-7967.35,3554.13,0.978466,1.49988,1.65277,0.152889,60.0
1744879026177782.0,-7967.35,3554.13,0.978466,1.49988,1.52165,0.0217688,60.0
1744879026198455.0,-7967.77,3557.54,0.980897,1.65277,1.65286,8.47308e-05,60.0
1744879026219620.0,-7967.77,3557.54,0.980897,1.65277,1.79542,0.142651,60.0
1744879026240278.0,-7967.77,3557.54,0.980897,1.65277,1.57832,-0.0744472,60.0
1744879026261136.0,-7967.77,3560.28,0.982418,1.79542,1.64106,-0.154362,60.0
1744879026281836.0,-7967.77,3560.28,0.982418,1.79542,1.68136,-0.114063,60.0
1744879026302384.0,-7968.19,3563.01,0.984471,1.64106,1.54765,-0.0934038,60.0
1744879026323061.0,-7968.19,3563.01,0.984471,1.64106,1.69473,0.0536753,60.0
1744879026343833.0,-7968.19,3563.01,0.984471,1.64106,1.58492,-0.0561429,60.0
1744879026364501.0,-7968.61,3566.43,0.986907,1.69473,1.7134,0.0186667,60.0
1744879026385293.0,-7968.61,3566.43,0.986907,1.69473,1.70701,0.0122793,60.0
1744879026405909.0,-7968.61,3569.16,0.988432,1.7134,1.64586,-0.0675448,60.0
1744879026426547.0,-7968.61,3569.16,0.988432,1.7134,1.64699,-0.0664101,60.0
1744879026447203.0,-7968.61,3569.16,0.988432,1.7134,1.80239,0.088989,60.0
1744879026467842.0,-7969.04,3571.89,0.990489,1.64699,1.72867,0.0816756,60.0
1744879026488708.0,-7969.04,3571.89,0.990489,1.64699,1.71643,0.0694388,60.0
1744879026509973.0,-7969.46,3575.31,0.992929,1.72867,1.83325,0.104582,60.0
1744879026530594.0,-7969.46,3575.31,0.992929,1.72867,1.67245,-0.0562167,60.0
1744879026551082.0,-7969.88,3578.05,0.994989,1.83325,1.80042,-0.0328283,60.0
1744879026572077.0,-7969.88,3578.05,0.994989,1.83325,1.84533,0.0120839,60.0
1744879026592788.0,-7969.88,3578.05,0.994989,1.83325,1.67961,-0.153638,60.0
1744879026613167.0,-7969.88,3580.78,0.996519,1.84533,1.83627,-0.00906014,60.0
1744879026633921.0,-7969.88,3580.78,0.996519,1.84533,1.73995,-0.105381,60.0
1744879026654555.0,-7970.3,3584.2,0.998964,1.83627,1.75227,-0.0840048,60.0
1744879026675259.0,-7970.3,3584.2,0.998964,1.83627,1.80998,-0.0262908,60.0
1744879026696167.0,-7970.3,3584.2,0.998964,1.83627,1.7457,-0.0905701,60.0
1744879026717114.0,-7970.72,3586.93,1.00103,1.80998,1.79202,-0.0179605,60.0
1744879026738182.0,-7970.72,3586.93,1.00103,1.80998,1.71451,-0.0954681,60.0
1744879026759034.0,-7971.15,3590.35,1.00348,1.79202,1.64475,-0.147266,60.0
1744879026779892.0,-7971.15,3590.35,1.00348,1.79202,1.77643,-0.0155881,60.0
1744879026800750.0,-7971.15,3590.35,1.00348,1.79202,1.64728,-0.144738,60.0
1744879026821410.0,-7971.57,3593.08,1.00554,1.77643,1.79908,0.0226483,60.0
1744879026841915.0,-7971.57,3593.08,1.00554,1.77643,1.81888,0.0424456,60.0
1744879026862787.0,-7971.99,3595.81,1.00761,1.79908,1.65851,-0.140573,60.0
1744879026883372.0,-7971.99,3595.81,1.00761,1.79908,1.82419,0.0251137,60.0
1744879026904002.0,-7972.41,3599.23,1.01006,1.65851,1.779,0.120495,60.0
1744879026924692.0,-7972.41,3599.23,1.01006,1.65851,1.59479,-0.0637185,60.0
1744879026945382.0,-7972.41,3599.23,1.01006,1.65851,1.54903,-0.109476,60.0
1744879026966073.0,-7972.83,3601.96,1.01213,1.59479,1.70569,0.110897,60.0
1744879026986761.0,-7972.83,3601.96,1.01213,1.59479,1.55606,-0.0387281,60.0
1744879027007657.0,-7973.26,3604.7,1.0142,1.70569,1.6521,-0.0535907,60.0
1744879027029054.0,-7973.26,3604.7,1.0142,1.70569,1.63399,-0.071694,60.0
1744879027049308.0,-7973.26,3604.7,1.0142,1.70569,1.74394,0.0382561,60.0
1744879027070043.0,-7973.68,3608.11,1.01666,1.63399,1.63018,-0.00380968,60.0
1744879027090648.0,-7973.68,3608.11,1.01666,1.63399,1.73487,0.100874,60.0
1744879027111576.0,-7974.1,3610.85,1.01874,1.63018,1.6495,0.0193213,60.0
1744879027132159.0,-7974.1,3610.85,1.01874,1.63018,1.62859,-0.0015921,60.0
1744879027152772.0,-7974.1,3610.85,1.01874,1.63018,1.73624,0.106059,60.0
1744879027173342.0,-7974.52,3613.58,1.02081,1.62859,1.47804,-0.150547,60.0
1744879027194037.0,-7974.52,3613.58,1.02081,1.62859,1.64654,0.0179469,60.0
1744879027214683.0,-7974.95,3617.0,1.02327,1.47804,1.58824,0.110199,60.0
1744879027235264.0,-7974.95,3617.0,1.02327,1.47804,1.63304,0.154991,60.0
1744879027256391.0,-7975.37,3619.73,1.02535,1.63304,1.51862,-0.114418,60.0
1744879027276883.0,-7975.37,3619.73,1.02535,1.63304,1.47136,-0.161675,60.0
1744879027297697.0,-7975.37,3619.73,1.02535,1.63304,1.78065,0.147619,60.0
1744879027318505.0,-7975.37,3622.47,1.0269,1.47136,1.50481,0.0334488,60.0
1744879027339048.0,-7975.37,3622.47,1.0269,1.47136,1.42167,-0.0496888,60.0
1744879027359648.0,-7975.79,3625.88,1.02937,1.50481,1.60611,0.101299,60.0
1744879027380343.0,-7975.79,3625.88,1.02937,1.50481,1.40642,-0.0983895,60.0
1744879027401082.0,-7975.79,3625.88,1.02937,1.50481,1.58024,0.0754299,60.0
1744879027421759.0,-7976.21,3628.62,1.03145,1.40642,1.50716,0.100742,60.0
1744879027442511.0,-7976.21,3628.62,1.03145,1.40642,1.53168,0.125262,60.0
1744879027463591.0,-7976.21,3632.03,1.03339,1.50716,1.64294,0.13578,60.0
1744879027484296.0,-7976.21,3632.03,1.03339,1.50716,1.63278,0.125618,60.0
1744879027504969.0,-7976.21,3632.03,1.03339,1.50716,1.4429,-0.0642657,60.0
1744879027525715.0,-7976.63,3634.77,1.03547,1.63278,1.7042,0.0714212,60.0
1744879027546437.0,-7976.63,3634.77,1.03547,1.63278,1.57046,-0.0623175,60.0
1744879027567237.0,-7977.05,3637.5,1.03756,1.7042,1.64635,-0.0578508,60.0
1744879027587892.0,-7977.05,3637.5,1.03756,1.7042,1.72986,0.0256571,60.0
1744879027608648.0,-7977.05,3637.5,1.03756,1.7042,1.66834,-0.0358599,60.0
1744879027629607.0,-7977.05,3640.92,1.0395,1.72986,1.84565,0.115796,60.0
1744879027650405.0,-7977.05,3640.92,1.0395,1.72986,1.71255,-0.0173045,60.0
1744879027670982.0,-7977.48,3643.65,1.04159,1.84565,1.74237,-0.103285,60.0
1744879027691580.0,-7977.48,3643.65,1.04159,1.84565,1.73701,-0.108642,60.0
1744879027712150.0,-7977.9,3646.38,1.04368,1.74237,1.72781,-0.0145616,60.0
1744879027732844.0,-7977.9,3646.38,1.04368,1.74237,1.73521,-0.00716233,60.0
1744879027753465.0,-7977.9,3646.38,1.04368,1.74237,1.76856,0.026194,60.0
1744879027774046.0,-7977.9,3649.8,1.04563,1.73521,1.71784,-0.0173713,60.0
1744879027794596.0,-7977.9,3649.8,1.04563,1.73521,1.71681,-0.0183996,60.0
1744879027815563.0,-7978.32,3652.53,1.04772,1.71784,1.68039,-0.0374468,60.0
1744879027836242.0,-7978.32,3652.53,1.04772,1.71784,1.71584,-0.0020008,60.0
1744879027856911.0,-7978.32,3652.53,1.04772,1.71784,1.67502,-0.0428191,60.0
1744879027877744.0,-7978.74,3655.27,1.04982,1.71584,1.7216,0.00576461,60.0
1744879027898088.0,-7978.74,3655.27,1.04982,1.71584,1.69607,-0.0197651,60.0
1744879027918768.0,-7979.16,3658.69,1.0523,1.7216,1.79528,0.0736837,60.0
1744879027939624.0,-7979.16,3658.69,1.0523,1.7216,1.65652,-0.0650751,60.0
1744879027960521.0,-7979.16,3658.69,1.0523,1.7216,1.66568,-0.0559153,60.0
1744879027981331.0,-7979.16,3661.42,1.05387,1.65652,1.74128,0.0847556,60.0
1744879028001827.0,-7979.16,3661.42,1.05387,1.65652,1.66171,0.0051809,60.0
1744879028023036.0,-7979.58,3664.84,1.05635,1.74128,1.64012,-0.101157,60.0
1744879028043653.0,-7979.58,3664.84,1.05635,1.74128,1.62141,-0.119866,60.0
1744879028064570.0,-7979.58,3664.84,1.05635,1.74128,1.60275,-0.138528,60.0
1744879028085018.0,-7980.01,3667.57,1.05845,1.62141,1.72999,0.10858,60.0
1744879028105787.0,-7980.01,3667.57,1.05845,1.62141,1.68629,0.0648781,60.0
1744879028126625.0,-7980.43,3670.3,1.06055,1.72999,1.8127,0.0827076,60.0
1744879028147369.0,-7980.43,3670.3,1.06055,1.72999,1.83906,0.109064,60.0
1744879028167991.0,-7980.85,3673.72,1.06305,1.8127,1.69281,-0.119892,60.0
1744879028188727.0,-7980.85,3673.72,1.06305,1.8127,1.75591,-0.056789,60.0
1744879028209562.0,-7980.85,3673.72,1.06305,1.8127,1.65414,-0.158566,60.0
1744879028230109.0,-7980.85,3676.45,1.06462,1.75591,1.68855,-0.0673675,60.0
1744879028250827.0,-7980.85,3676.45,1.06462,1.75591,1.66791,-0.0880035,60.0
1744879028271460.0,-7981.27,3679.19,1.06672,1.68855,1.80879,0.120245,60.0
1744879028292250.0,-7981.27,3679.19,1.06672,1.68855,1.80727,0.118724,60.0
1744879028312887.0,-7981.27,3679.19,1.06672,1.68855,1.78299,0.09444,60.0
1744879028333522.0,-7981.69,3682.6,1.06922,1.80727,1.69382,-0.113446,60.0
1744879028354375.0,-7981.69,3682.6,1.06922,1.80727,1.74716,-0.0601124,60.0
1744879028374863.0,-7982.12,3685.34,1.07133,1.69382,1.84677,0.152947,60.0
1744879028395537.0,-7982.12,3685.34,1.07133,1.69382,1.73039,0.0365638,60.0
1744879028416505.0,-7982.12,3685.34,1.07133,1.69382,1.74067,0.0468439,60.0
1744879028437246.0,-7982.54,3688.07,1.07343,1.73039,1.56894,-0.161452,60.0
1744879028457945.0,-7982.54,3688.07,1.07343,1.73039,1.60677,-0.123618,60.0
1744879028478674.0,-7982.96,3691.49,1.07594,1.56894,1.71125,0.142316,60.0
1744879028499071.0,-7982.96,3691.49,1.07594,1.56894,1.55268,-0.0162594,60.0
1744879028520119.0,-7982.96,3691.49,1.07594,1.56894,1.6419,0.0729685,60.0
1744879028541000.0,-7983.38,3694.22,1.07805,1.55268,1.60857,0.0558971,60.0
1744879028561757.0,-7983.38,3694.22,1.07805,1.55268,1.65655,0.10387,60.0
1744879028582380.0,-7983.38,3697.64,1.08002,1.60857,1.59601,-0.0125681,60.0
1744879028603039.0,-7983.38,3697.64,1.08002,1.60857,1.73586,0.127291,60.0
1744879028623770.0,-7983.8,3700.37,1.08213,1.59601,1.58878,-0.00722499,60.0
1744879028644485.0,-7983.8,3700.37,1.08213,1.59601,1.71919,0.123184,60.0
1744879028665270.0,-7983.8,3700.37,1.08213,1.59601,1.72316,0.127158,60.0
1744879028685885.0,-7984.23,3703.11,1.08425,1.71919,1.61801,-0.101184,60.0
1744879028706469.0,-7984.23,3703.11,1.08425,1.71919,1.71552,-0.00366583,60.0
1744879028727340.0,-7984.65,3706.52,1.08676,1.61801,1.60529,-0.0127211,60.0
1744879028748059.0,-7984.65,3706.52,1.08676,1.61801,1.64123,0.0232192,60.0
1744879028768829.0,-7984.65,3706.52,1.08676,1.61801,1.75538,0.137372,60.0
1744879028789279.0,-7984.65,3709.26,1.08834,1.64123,1.62254,-0.0186885,60.0
1744879028810138.0,-7984.65,3709.26,1.08834,1.64123,1.6375,-0.00372192,60.0
1744879028830802.0,-7985.07,3711.99,1.09046,1.62254,1.72824,0.1057,60.0
1744879028851478.0,-7985.07,3711.99,1.09046,1.62254,1.62983,0.00729496,60.0
1744879028872330.0,-7985.07,3711.99,1.09046,1.62254,1.65402,0.0314857,60.0
1744879028893223.0,-7985.49,3715.41,1.09298,1.62983,1.5316,-0.098232,60.0
1744879028913561.0,-7985.49,3715.41,1.09298,1.62983,1.76224,0.132404,60.0
1744879028934221.0,-7985.91,3718.14,1.0951,1.5316,1.64301,0.111414,60.0
1744879028955159.0,-7985.91,3718.14,1.0951,1.5316,1.62091,0.0893067,60.0
1744879028975827.0,-7985.91,3718.14,1.0951,1.5316,1.57733,0.0457301,60.0
1744879028996386.0,-7985.91,3720.87,1.09669,1.62091,1.7103,0.0893916,60.0
1744879029017525.0,-7985.91,3720.87,1.09669,1.62091,1.71259,0.0916825,60.0
1744879029038391.0,-7986.33,3724.29,1.09921,1.7103,1.67759,-0.0327048,60.0
1744879029059239.0,-7986.33,3724.29,1.09921,1.7103,1.67607,-0.0342309,60.0
1744879029080063.0,-7986.33,3727.02,1.1008,1.67759,1.54989,-0.127701,60.0
1744879029100824.0,-7986.33,3727.02,1.1008,1.67759,1.56307,-0.114528,60.0
1744879029121391.0,-7986.33,3727.02,1.1008,1.67759,1.83815,0.160561,60.0
1744879029142172.0,-7986.75,3730.44,1.10333,1.56307,1.66849,0.105429,60.0
1744879029163148.0,-7986.75,3730.44,1.10333,1.56307,1.68349,0.120427,60.0
1744879029183775.0,-7987.18,3733.17,1.10545,1.66849,1.76479,0.0962946,60.0
1744879029204470.0,-7987.18,3733.17,1.10545,1.66849,1.70407,0.0355774,60.0
1744879029225302.0,-7987.18,3733.17,1.10545,1.66849,1.5526,-0.115898,60.0
1744879029246246.0,-7987.18,3735.91,1.10705,1.70407,1.57231,-0.131759,60.0
1744879029267091.0,-7987.18,3735.91,1.10705,1.70407,1.77833,0.0742546,60.0
1744879029287734.0,-7987.6,3739.32,1.10958,1.57231,1.5706,-0.00171458,60.0
1744879029308221.0,-7987.6,3739.32,1.10958,1.57231,1.60393,0.0316152,60.0
1744879029329104.0,-7987.6,3739.32,1.10958,1.57231,1.59275,0.0204409,60.0
1744879029349687.0,-7988.02,3742.06,1.11171,1.60393,1.61356,0.00963008,60.0
1744879029370385.0,-7988.02,3742.06,1.11171,1.60393,1.66886,0.0649326,60.0
1744879029391120.0,-7988.02,3744.79,1.11331,1.61356,1.7459,0.132338,60.0
1744879029411955.0,-7988.02,3744.79,1.11331,1.61356,1.69883,0.0852684,60.0
1744879029432591.0,-7988.44,3748.21,1.11584,1.7459,1.74112,-0.00477489,60.0
1744879029453489.0,-7988.44,3748.21,1.11584,1.7459,1.7441,-0.00179916,60.0
1744879029474008.0,-7988.44,3748.21,1.11584,1.7459,1.79827,0.0523719,60.0
1744879029495017.0,-7988.44,3750.94,1.11745,1.7441,1.61956,-0.124538,60.0
1744879029516111.0,-7988.44,3750.94,1.11745,1.7441,1.70697,-0.0371265,60.0
1744879029537121.0,-7988.86,3754.36,1.11998,1.61956,1.62544,0.00587721,60.0
1744879029558051.0,-7988.86,3754.36,1.11998,1.61956,1.53741,-0.0821523,60.0
1744879029579100.0,-7988.86,3754.36,1.11998,1.61956,1.68184,0.0622819,60.0
1744879029604937.0,-7989.28,3757.09,1.12212,1.53741,1.69165,0.154245,60.0
1744879029625012.0,-7989.28,3757.09,1.12212,1.53741,1.62153,0.0841242,60.0
1744879029645930.0,-7989.28,3759.83,1.12373,1.69165,1.65305,-0.0386035,60.0
1744879029666891.0,-7989.28,3759.83,1.12373,1.69165,1.72577,0.0341196,60.0
1744879029687620.0,-7989.7,3763.24,1.12627,1.65305,1.81378,0.16073,60.0
1744879029708371.0,-7989.7,3763.24,1.12627,1.65305,1.80997,0.156922,60.0
1744879029729020.0,-7989.7,3763.24,1.12627,1.65305,1.78324,0.130198,60.0
1744879029749853.0,-7990.13,3765.98,1.12841,1.80997,1.66556,-0.144407,60.0
1744879029770589.0,-7990.13,3765.98,1.12841,1.80997,1.76784,-0.0421245,60.0
1744879029791550.0,-7990.13,3768.71,1.13002,1.66556,1.5953,-0.0702652,60.0
1744879029812387.0,-7990.13,3768.71,1.13002,1.66556,1.71163,0.0460734,60.0
1744879029833342.0,-7990.13,3768.71,1.13002,1.66556,1.62209,-0.0434734,60.0
1744879029854017.0,-7990.55,3772.13,1.13257,1.71163,1.78895,0.0773166,60.0
1744879029875221.0,-7990.55,3772.13,1.13257,1.71163,1.55718,-0.154453,60.0
1744879029895888.0,-7990.97,3774.86,1.13471,1.78895,1.74684,-0.0421074,60.0
1744879029916335.0,-7990.97,3774.86,1.13471,1.78895,1.75779,-0.0311616,60.0
1744879029937199.0,-7990.97,3774.86,1.13471,1.78895,1.9129,0.123949,60.0
1744879029957728.0,-7990.97,3778.28,1.13673,1.75779,1.7868,0.0290075,60.0
1744879029978721.0,-7990.97,3778.28,1.13673,1.75779,1.6258,-0.13199,60.0
1744879029999045.0,-7991.39,3781.01,1.13888,1.7868,1.66173,-0.12507,60.0
1744879030020305.0,-7991.39,3781.01,1.13888,1.7868,1.67717,-0.109625,60.0
1744879030041181.0,-7991.81,3783.74,1.14103,1.66173,1.72165,0.0599262,60.0
1744879030061795.0,-7991.81,3783.74,1.14103,1.66173,1.67655,0.014827,60.0
1744879030082700.0,-7991.81,3783.74,1.14103,1.66173,1.69385,0.0321262,60.0
1744879030103554.0,-7992.24,3787.16,1.14358,1.67655,1.73054,0.0539898,60.0
1744879030124267.0,-7992.24,3787.16,1.14358,1.67655,1.80779,0.131237,60.0
1744879030144838.0,-7992.23,3789.89,1.1452,1.73054,1.72816,-0.00238743,60.0
1744879030165379.0,-7992.23,3789.89,1.1452,1.73054,1.80214,0.0716008,60.0
1744879030186359.0,-7992.23,3789.89,1.1452,1.73054,1.83387,0.103321,60.0
1744879030207251.0,-7992.66,3792.63,1.14736,1.80214,1.65312,-0.149026,60.0
1744879030227759.0,-7992.66,3792.63,1.14736,1.80214,1.77657,-0.0255711,60.0
1744879030248528.0,-7993.08,3796.05,1.14992,1.65312,1.67023,0.0171134,60.0
1744879030269451.0,-7993.08,3796.05,1.14992,1.65312,1.61946,-0.0336611,60.0
1744879030289755.0,-7993.08,3796.05,1.14992,1.65312,1.72758,0.0744645,60.0
1744879030310396.0,-7993.5,3798.78,1.15207,1.61946,1.52264,-0.0968136,60.0
1744879030331557.0,-7993.5,3798.78,1.15207,1.61946,1.75372,0.13426,60.0
1744879030351699.0,-7993.92,3801.51,1.15423,1.52264,1.60041,0.0777613,60.0
1744879030372495.0,-7993.92,3801.51,1.15423,1.52264,1.62161,0.0989623,60.0
1744879030393301.0,-7993.92,3804.93,1.15626,1.60041,1.65812,0.0577191,60.0
1744879030414208.0,-7993.92,3804.93,1.15626,1.60041,1.70664,0.106235,60.0
1744879030435294.0,-7993.92,3804.93,1.15626,1.60041,1.70903,0.108621,60.0
1744879030456141.0,-7994.34,3807.66,1.15842,1.70664,1.7408,0.0341569,60.0
1744879030477068.0,-7994.34,3807.66,1.15842,1.70664,1.76057,0.0539286,60.0
1744879030497545.0,-7994.77,3811.08,1.16099,1.7408,1.89748,0.156683,60.0
1744879030518562.0,-7994.77,3811.08,1.16099,1.7408,1.73464,-0.00615889,60.0
1744879030539257.0,-7994.77,3811.08,1.16099,1.7408,1.65733,-0.0834673,60.0
1744879030560227.0,-7995.19,3813.81,1.16315,1.73464,1.73257,-0.00207275,60.0
1744879030581015.0,-7995.19,3813.81,1.16315,1.73464,1.70194,-0.0326936,60.0
1744879030601813.0,-7995.19,3816.55,1.16478,1.73257,1.58867,-0.143895,60.0
1744879030622590.0,-7995.19,3816.55,1.16478,1.73257,1.59619,-0.136376,60.0
1744879030643504.0,-7995.19,3816.55,1.16478,1.73257,1.70974,-0.0228264,60.0
1744879030664236.0,-7995.61,3819.96,1.16735,1.59619,1.69693,0.100736,60.0
1744879030685018.0,-7995.61,3819.96,1.16735,1.59619,1.58767,-0.00852265,60.0
1744879030705440.0,-7996.03,3822.7,1.16952,1.69693,1.75414,0.0572192,60.0
1744879030726746.0,-7996.03,3822.7,1.16952,1.69693,1.61128,-0.085641,60.0
1744879030747238.0,-7996.45,3825.43,1.17169,1.75414,1.6981,-0.0560425,60.0
1744879030767607.0,-7996.45,3825.43,1.17169,1.75414,1.59492,-0.159227,60.0
1744879030788597.0,-7996.45,3825.43,1.17169,1.75414,1.69179,-0.06236,60.0
1744879030809522.0,-7996.45,3828.85,1.17373,1.59492,1.66447,0.0695512,60.0
1744879030830009.0,-7996.45,3828.85,1.17373,1.59492,1.72401,0.12909,60.0
1744879030850729.0,-7996.87,3831.58,1.1759,1.66447,1.52603,-0.138437,60.0
1744879030871561.0,-7996.87,3831.58,1.1759,1.66447,1.56707,-0.0973993,60.0
1744879030892437.0,-7996.87,3831.58,1.1759,1.66447,1.51728,-0.147189,60.0
1744879030913169.0,-7997.3,3834.32,1.17807,1.56707,1.61703,0.049956,60.0
1744879030933777.0,-7997.3,3834.32,1.17807,1.56707,1.51118,-0.0558878,60.0
1744879030954246.0,-7997.72,3837.73,1.18065,1.61703,1.70516,0.0881371,60.0
1744879030975164.0,-7997.72,3837.73,1.18065,1.61703,1.50377,-0.113253,60.0
1744879030995727.0,-7997.72,3837.73,1.18065,1.61703,1.60514,-0.0118848,60.0
1744879031016732.0,-7997.72,3840.47,1.1823,1.50377,1.56654,0.0627634,60.0
1744879031037313.0,-7997.72,3840.47,1.1823,1.50377,1.58691,0.0831345,60.0
1744879031058012.0,-7998.14,3843.88,1.18488,1.56654,1.62509,0.0585513,60.0
1744879031078720.0,-7998.14,3843.88,1.18488,1.56654,1.53423,-0.0323059,60.0
1744879031099766.0,-7998.14,3843.88,1.18488,1.56654,1.58346,0.0169263,60.0
1744879031120300.0,-7998.56,3846.62,1.18706,1.53423,1.65284,0.118614,60.0
1744879031141457.0,-7998.56,3846.62,1.18706,1.53423,1.62889,0.0946609,60.0
1744879031161940.0,-7998.56,3849.35,1.1887,1.65284,1.55291,-0.0999313,60.0
1744879031182786.0,-7998.56,3849.35,1.1887,1.65284,1.73024,0.0773931,60.0
1744879031203553.0,-7998.98,3852.77,1.19129,1.55291,1.48858,-0.0643311,60.0
1744879031224214.0,-7998.98,3852.77,1.19129,1.55291,1.58773,0.0348144,60.0
1744879031245175.0,-7998.98,3852.77,1.19129,1.55291,1.53084,-0.0220699,60.0
1744879031265781.0,-7998.98,3855.5,1.19294,1.58773,1.68701,0.0992859,60.0
1744879031286470.0,-7998.98,3855.5,1.19294,1.58773,1.67186,0.0841353,60.0
1744879031307080.0,-7999.4,3858.23,1.19512,1.68701,1.58247,-0.104544,60.0
1744879031327973.0,-7999.4,3858.23,1.19512,1.68701,1.57399,-0.113021,60.0
1744879031348623.0,-7999.4,3858.23,1.19512,1.68701,1.65241,-0.0346001,60.0
1744879031369378.0,-7999.4,3861.65,1.19718,1.57399,1.66566,0.0916678,60.0
1744879031390295.0,-7999.4,3861.65,1.19718,1.57399,1.58563,0.0116413,60.0
1744879031410673.0,-7999.82,3864.38,1.19937,1.66566,1.69456,0.0288975,60.0
1744879031431402.0,-7999.82,3864.38,1.19937,1.66566,1.70124,0.0355846,60.0
1744879031452377.0,-7999.82,3864.38,1.19937,1.66566,1.71858,0.0529176,60.0
1744879031473402.0,-7999.82,3867.8,1.20143,1.70124,1.71666,0.0154192,60.0
1744879031494078.0,-7999.82,3867.8,1.20143,1.70124,1.79096,0.0897202,60.0
1744879031515012.0,-8000.24,3870.53,1.20362,1.71666,1.57973,-0.136931,60.0
1744879031535898.0,-8000.24,3870.53,1.20362,1.71666,1.63398,-0.082684,60.0
1744879031556637.0,-8000.24,3873.27,1.20528,1.57973,1.71903,0.139297,60.0
1744879031577502.0,-8000.24,3873.27,1.20528,1.57973,1.64052,0.0607881,60.0
1744879031597924.0,-8000.24,3873.27,1.20528,1.57973,1.54396,-0.035769,60.0
1744879031618578.0,-8000.67,3876.68,1.20788,1.64052,1.74065,0.100134,60.0
1744879031639245.0,-8000.67,3876.68,1.20788,1.64052,1.71232,0.0717969,60.0
1744879031660256.0,-8000.66,3879.42,1.20954,1.74065,1.59962,-0.141031,60.0
1744879031680938.0,-8000.66,3879.42,1.20954,1.74065,1.67464,-0.0660096,60.0
1744879031701665.0,-8000.66,3879.42,1.20954,1.74065,1.72468,-0.0159749,60.0
1744879031722430.0,-8001.09,3882.15,1.21173,1.67464,1.7478,0.0731525,60.0
1744879031743474.0,-8001.09,3882.15,1.21173,1.67464,1.74102,0.0663716,60.0
1744879031764008.0,-8001.51,3885.57,1.21434,1.7478,1.65484,-0.0929529,60.0
1744879031784744.0,-8001.51,3885.57,1.21434,1.7478,1.82325,0.075452,60.0
1744879031805441.0,-8001.51,3885.57,1.21434,1.7478,1.70638,-0.041418,60.0
1744879031826127.0,-8001.51,3888.3,1.216,1.82325,1.71772,-0.105532,60.0
1744879031846765.0,-8001.51,3888.3,1.216,1.82325,1.68062,-0.142626,60.0
1744879031867171.0,-8001.93,3891.72,1.21861,1.71772,1.58859,-0.129124,60.0
1744879031887934.0,-8001.93,3891.72,1.21861,1.71772,1.60454,-0.113178,60.0
1744879031908713.0,-8001.93,3891.72,1.21861,1.71772,1.61187,-0.105845,60.0
1744879031929327.0,-8002.35,3894.45,1.22081,1.60454,1.69468,0.0901437,60.0
1744879031950021.0,-8002.35,3894.45,1.22081,1.60454,1.67119,0.0666525,60.0
1744879031970585.0,-8002.35,3897.19,1.22247,1.69468,1.67076,-0.0239203,60.0
1744879031991309.0,-8002.35,3897.19,1.22247,1.69468,1.62497,-0.0697169,60.0
1744879032012017.0,-8002.77,3900.6,1.22509,1.67076,1.59764,-0.0731207,60.0
1744879032032642.0,-8002.77,3900.6,1.22509,1.67076,1.69861,0.02785,60.0
1744879032053198.0,-8002.77,3900.6,1.22509,1.67076,1.57227,-0.09849,60.0
1744879032073678.0,-8003.19,3903.34,1.22729,1.69861,1.84284,0.144226,60.0
1744879032094105.0,-8003.19,3903.34,1.22729,1.69861,1.63912,-0.0594964,60.0
1744879032114600.0,-8003.19,3906.07,1.22896,1.84284,1.73601,-0.106823,60.0
1744879032135366.0,-8003.19,3906.07,1.22896,1.84284,1.81915,-0.0236896,60.0
1744879032155748.0,-8003.19,3906.07,1.22896,1.84284,1.81823,-0.024611,60.0
1744879032176508.0,-8003.61,3909.49,1.23158,1.81915,1.66959,-0.149554,60.0
1744879032197146.0,-8003.61,3909.49,1.23158,1.81915,1.76702,-0.0521248,60.0
1744879032217766.0,-8004.04,3912.22,1.23379,1.66959,1.59538,-0.0742128,60.0
1744879032238229.0,-8004.04,3912.22,1.23379,1.66959,1.56443,-0.105168,60.0
1744879032259087.0,-8004.04,3912.22,1.23379,1.66959,1.7524,0.0828074,60.0
1744879032279889.0,-8004.46,3915.64,1.23641,1.56443,1.50001,-0.0644146,60.0
1744879032300413.0,-8004.46,3915.64,1.23641,1.56443,1.68748,0.123054,60.0
1744879032321105.0,-8004.46,3918.37,1.23808,1.50001,1.56353,0.0635206,60.0
1744879032341796.0,-8004.46,3918.37,1.23808,1.50001,1.53855,0.0385356,60.0
1744879032362542.0,-8004.46,3918.37,1.23808,1.50001,1.61575,0.115735,60.0
1744879032383264.0,-8004.88,3921.1,1.24029,1.53855,1.46538,-0.073169,60.0
1744879032403893.0,-8004.88,3921.1,1.24029,1.53855,1.62515,0.0866032,60.0
1744879032424521.0,-8005.3,3924.52,1.24292,1.46538,1.57962,0.11424,60.0
1744879032445072.0,-8005.3,3924.52,1.24292,1.46538,1.5368,0.0714258,60.0
1744879032465918.0,-8005.3,3924.52,1.24292,1.46538,1.596,0.130624,60.0
1744879032486724.0,-8005.3,3927.26,1.2446,1.5368,1.60245,0.065642,60.0
1744879032507301.0,-8005.3,3927.26,1.2446,1.5368,1.58847,0.0516634,60.0
1744879032528346.0,-8005.72,3929.99,1.24681,1.60245,1.58516,-0.017286,60.0
1744879032548983.0,-8005.72,3929.99,1.24681,1.60245,1.57749,-0.0249521,60.0
1744879032571296.0,-8005.72,3933.41,1.24891,1.58516,1.55213,-0.0330312,60.0
1744879032591943.0,-8005.72,3933.41,1.24891,1.58516,1.7231,0.137942,60.0
1744879032612594.0,-8005.72,3933.41,1.24891,1.58516,1.58966,0.00449506,60.0
1744879032633479.0,-8006.14,3936.14,1.25113,1.7231,1.76425,0.0411453,60.0
1744879032654039.0,-8006.14,3936.14,1.25113,1.7231,1.87463,0.151525,60.0
1744879032674638.0,-8006.14,3939.56,1.25323,1.76425,1.61595,-0.1483,60.0
1744879032695523.0,-8006.14,3939.56,1.25323,1.76425,1.78419,0.0199418,60.0
1744879032716170.0,-8006.14,3939.56,1.25323,1.76425,1.61404,-0.150212,60.0
1744879032736785.0,-8006.56,3942.29,1.25545,1.78419,1.83988,0.0556929,60.0
1744879032757526.0,-8006.56,3942.29,1.25545,1.78419,1.76147,-0.0227233,60.0
1744879032778135.0,-8006.99,3945.02,1.25767,1.83988,1.68614,-0.153739,60.0
1744879032798749.0,-8006.99,3945.02,1.25767,1.83988,1.73107,-0.10881,60.0
1744879032819766.0,-8006.99,3945.02,1.25767,1.83988,1.68334,-0.15654,60.0
1744879032840580.0,-8006.99,3948.44,1.25978,1.73107,1.67818,-0.052888,60.0
1744879032861224.0,-8006.99,3948.44,1.25978,1.73107,1.65866,-0.0724094,60.0
1744879032881868.0,-8007.41,3951.17,1.262,1.67818,1.66763,-0.0105571,60.0
1744879032902808.0,-8007.41,3951.17,1.262,1.67818,1.71724,0.0390593,60.0
1744879032923491.0,-8007.83,3953.91,1.26422,1.71724,1.705,-0.0122448,60.0
1744879032944270.0,-8007.83,3953.91,1.26422,1.71724,1.60782,-0.109422,60.0
1744879032965195.0,-8007.83,3953.91,1.26422,1.71724,1.80098,0.0837398,60.0
1744879032985726.0,-8007.83,3957.32,1.26634,1.60782,1.54111,-0.0667086,60.0
1744879033006471.0,-8007.83,3957.32,1.26634,1.60782,1.69967,0.0918517,60.0
1744879033027665.0,-8008.25,3960.06,1.26856,1.54111,1.63841,0.0973005,60.0
1744879033048625.0,-8008.25,3960.06,1.26856,1.54111,1.51699,-0.0241277,60.0
1744879033069493.0,-8008.25,3960.06,1.26856,1.54111,1.60054,0.0594284,60.0
1744879033090395.0,-8008.67,3962.79,1.27079,1.51699,1.54825,0.0312641,60.0
1744879033111224.0,-8008.67,3962.79,1.27079,1.51699,1.57795,0.0609615,60.0
1744879033131852.0,-8008.67,3966.21,1.27291,1.54825,1.59276,0.0445159,60.0
1744879033152593.0,-8008.67,3966.21,1.27291,1.54825,1.70782,0.15957,60.0
1744879033173363.0,-8008.67,3966.21,1.27291,1.54825,1.63099,0.082742,60.0
1744879033193991.0,-8009.09,3968.94,1.27514,1.70782,1.70852,0.000701207,60.0
1744879033214786.0,-8009.09,3968.94,1.27514,1.70782,1.77216,0.0643412,60.0
1744879033235759.0,-8009.09,3972.36,1.27726,1.70852,1.80191,0.0933858,60.0
1744879033256232.0,-8009.09,3972.36,1.27726,1.70852,1.55894,-0.149584,60.0
1744879033276973.0,-8009.09,3972.36,1.27726,1.70852,1.62517,-0.0833455,60.0
1744879033298009.0,-8009.51,3975.09,1.27949,1.55894,1.55588,-0.0030564,60.0
1744879033318834.0,-8009.51,3975.09,1.27949,1.55894,1.6567,0.0977657,60.0
1744879033349209.0,-8009.94,3977.83,1.28172,1.55588,1.71446,0.158585,60.0
1744879033369837.0,-8009.94,3977.83,1.28172,1.55588,1.60665,0.0507695,60.0
1744879033390474.0,-8009.93,3981.24,1.28385,1.71446,1.66602,-0.0484399,60.0
1744879033411086.0,-8009.93,3981.24,1.28385,1.71446,1.76398,0.0495105,60.0
1744879033432162.0,-8010.36,3983.98,1.28609,1.66602,1.67888,0.0128537,60.0
1744879033452904.0,-8010.36,3983.98,1.28609,1.66602,1.65472,-0.011305,60.0
1744879033473705.0,-8010.36,3983.98,1.28609,1.66602,1.75814,0.0921196,60.0
1744879033494365.0,-8010.36,3986.71,1.28779,1.65472,1.68567,0.0309471,60.0
1744879033517044.0,-8010.36,3986.71,1.28779,1.65472,1.63588,-0.0188432,60.0
1744879033537751.0,-8010.78,3990.13,1.29045,1.68567,1.57979,-0.105877,60.0
1744879033558432.0,-8010.78,3990.13,1.29045,1.68567,1.8497,0.164029,60.0
1744879033579034.0,-8010.78,3990.13,1.29045,1.68567,1.53753,-0.148134,60.0
1744879033599921.0,-8011.2,3992.86,1.29269,1.8497,1.74076,-0.108938,60.0
1744879033620569.0,-8011.2,3992.86,1.29269,1.8497,1.92107,0.0713735,60.0
1744879033641395.0,-8011.2,3996.28,1.29483,1.74076,1.80259,0.0618371,60.0
1744879033662257.0,-8011.2,3996.28,1.29483,1.74076,1.62991,-0.110846,60.0
1744879033683003.0,-8011.62,3999.01,1.29707,1.80259,1.7452,-0.0573899,60.0
1744879033703570.0,-8011.62,3999.01,1.29707,1.80259,1.7948,-0.00779621,60.0
1744879033724260.0,-8011.62,3999.01,1.29707,1.80259,1.77942,-0.0231783,60.0
1744879033745166.0,-8012.04,4001.74,1.29931,1.7948,1.77299,-0.0218058,60.0
1744879033765819.0,-8012.04,4001.74,1.29931,1.7948,1.67471,-0.120091,60.0
1744879033786517.0,-8012.04,4005.16,1.30145,1.77299,1.75582,-0.017171,60.0
1744879033807281.0,-8012.04,4005.16,1.30145,1.77299,1.74374,-0.0292479,60.0
1744879033827925.0,-8012.04,4005.16,1.30145,1.77299,1.63984,-0.133155,60.0
1744879033848743.0,-8012.46,4007.89,1.3037,1.74374,1.61142,-0.132323,60.0
1744879033869558.0,-8012.46,4007.89,1.3037,1.74374,1.63796,-0.105785,60.0
1744879033890517.0,-8012.89,4010.63,1.30595,1.61142,1.55782,-0.053602,60.0
1744879033911270.0,-8012.89,4010.63,1.30595,1.61142,1.76531,0.153887,60.0
1744879033932184.0,-8012.89,4010.63,1.30595,1.61142,1.6976,0.0861802,60.0
1744879033953014.0,-8013.31,4014.05,1.30862,1.76531,1.6691,-0.0962098,60.0
1744879033973889.0,-8013.31,4014.05,1.30862,1.76531,1.64603,-0.11928,60.0
1744879033994725.0,-8013.73,4016.78,1.31087,1.6691,1.71694,0.047845,60.0
1744879034015770.0,-8013.73,4016.78,1.31087,1.6691,1.66268,-0.00641435,60.0
1744879034036872.0,-8013.73,4019.51,1.31259,1.66268,1.6979,0.0352193,60.0
1744879034057636.0,-8013.73,4019.51,1.31259,1.66268,1.68839,0.0257024,60.0
1744879034078420.0,-8013.73,4019.51,1.31259,1.66268,1.59659,-0.0660966,60.0
1744879034099172.0,-8014.15,4022.93,1.31527,1.68839,1.79962,0.111238,60.0
1744879034119989.0,-8014.15,4022.93,1.31527,1.68839,1.61876,-0.0696253,60.0
1744879034140653.0,-8014.57,4025.66,1.31753,1.79962,1.67493,-0.124697,60.0
1744879034161575.0,-8014.57,4025.66,1.31753,1.79962,1.73886,-0.0607679,60.0
1744879034182141.0,-8014.57,4025.66,1.31753,1.79962,1.79678,-0.002844,60.0
1744879034202978.0,-8014.99,4029.08,1.32021,1.73886,1.73763,-0.00122329,60.0
1744879034223586.0,-8014.99,4029.08,1.32021,1.73886,1.67291,-0.0659452,60.0
1744879034244510.0,-8015.42,4031.81,1.32247,1.73763,1.62763,-0.110008,60.0
1744879034265178.0,-8015.42,4031.81,1.32247,1.73763,1.86626,0.128628,60.0
1744879034285805.0,-8015.42,4031.81,1.32247,1.73763,1.6013,-0.136337,60.0
1744879034306675.0,-8015.84,4034.55,1.32473,1.86626,1.71984,-0.146423,60.0
1744879034327323.0,-8015.84,4034.55,1.32473,1.86626,1.86941,0.00314744,60.0
1744879034348102.0,-8016.26,4037.96,1.32742,1.71984,1.62583,-0.0940082,60.0
1744879034368719.0,-8016.26,4037.96,1.32742,1.71984,1.67316,-0.0466831,60.0
1744879034389985.0,-8016.26,4037.96,1.32742,1.71984,1.74091,0.021075,60.0
1744879034410875.0,-8016.68,4040.7,1.32968,1.67316,1.72932,0.0561622,60.0
1744879034431267.0,-8016.68,4040.7,1.32968,1.67316,1.5652,-0.107951,60.0
1744879034451970.0,-8016.68,4043.43,1.33141,1.72932,1.57124,-0.158076,60.0
1744879034472821.0,-8016.68,4043.43,1.33141,1.72932,1.80625,0.0769329,60.0
1744879034493658.0,-8017.1,4046.85,1.3341,1.57124,1.7159,0.144658,60.0
1744879034514451.0,-8017.1,4046.85,1.3341,1.57124,1.69448,0.123238,60.0
1744879034535962.0,-8017.1,4046.85,1.3341,1.57124,1.66331,0.0920719,60.0
1744879034559934.0,-8017.53,4049.58,1.33637,1.69448,1.63345,-0.0610288,60.0
1744879034580681.0,-8017.53,4049.58,1.33637,1.69448,1.70101,0.00652641,60.0
1744879034601467.0,-8017.95,4052.32,1.33863,1.63345,1.66167,0.0282241,60.0
1744879034622129.0,-8017.95,4052.32,1.33863,1.63345,1.71701,0.0835614,60.0
1744879034642991.0,-8017.95,4052.32,1.33863,1.63345,1.77587,0.142415,60.0
1744879034663824.0,-8018.37,4055.73,1.34133,1.71701,1.73069,0.0136812,60.0
1744879034684608.0,-8018.37,4055.73,1.34133,1.71701,1.60979,-0.107221,60.0
1744879034705535.0,-8018.79,4058.47,1.3436,1.73069,1.6291,-0.101597,60.0
1744879034726316.0,-8018.79,4058.47,1.3436,1.73069,1.74786,0.0171647,60.0
1744879034747368.0,-8019.21,4061.2,1.34587,1.6291,1.7547,0.125609,60.0
1744879034768215.0,-8019.21,4061.2,1.34587,1.6291,1.61347,-0.0156296,60.0
1744879034788936.0,-8019.21,4061.2,1.34587,1.6291,1.71522,0.0861243,60.0
1744879034809776.0,-8019.64,4064.62,1.34858,1.61347,1.68524,0.0717737,60.0
1744879034830570.0,-8019.64,4064.62,1.34858,1.61347,1.73039,0.116926,60.0
1744879034851495.0,-8020.06,4067.35,1.35085,1.68524,1.62696,-0.0582754,60.0
1744879034872505.0,-8020.06,4067.35,1.35085,1.68524,1.57397,-0.111272,60.0
1744879034893084.0,-8020.06,4067.35,1.35085,1.68524,1.79175,0.106511,60.0
1744879034913854.0,-8020.06,4070.77,1.35302,1.57397,1.50087,-0.0731028,60.0
1744879034934512.0,-8020.06,4070.77,1.35302,1.57397,1.73113,0.157159,60.0
1744879034955377.0,-8020.48,4073.5,1.3553,1.50087,1.51274,0.0118793,60.0
1744879034976315.0,-8020.48,4073.5,1.3553,1.50087,1.49374,-0.00712838,60.0
1744879034996974.0,-8020.48,4073.5,1.3553,1.50087,1.63826,0.137393,60.0
1744879035018240.0,-8020.9,4076.23,1.35757,1.49374,1.58786,0.0941207,60.0
1744879035039250.0,-8020.9,4076.23,1.35757,1.49374,1.48962,-0.00411758,60.0
1744879035060057.0,-8021.32,4079.65,1.36029,1.58786,1.60815,0.0202937,60.0
1744879035080891.0,-8021.32,4079.65,1.36029,1.58786,1.73629,0.148428,60.0
1744879035101603.0,-8021.32,4082.38,1.36203,1.60815,1.64614,0.0379858,60.0
1744879035122508.0,-8021.32,4082.38,1.36203,1.60815,1.74967,0.141518,60.0
1744879035143566.0,-8021.32,4082.38,1.36203,1.60815,1.71688,0.108725,60.0
1744879035164374.0,-8021.74,4085.12,1.36431,1.74967,1.74446,-0.00521331,60.0
1744879035185216.0,-8021.74,4085.12,1.36431,1.74967,1.73832,-0.0113527,60.0
1744879035206043.0,-8021.74,4088.54,1.36649,1.74446,1.61333,-0.131129,60.0
1744879035226913.0,-8021.74,4088.54,1.36649,1.74446,1.84553,0.101073,60.0
1744879035247776.0,-8021.74,4088.54,1.36649,1.74446,1.88551,0.141056,60.0
1744879035268610.0,-8022.16,4091.27,1.36878,1.84553,1.73563,-0.109899,60.0
1744879035289411.0,-8022.16,4091.27,1.36878,1.84553,1.83179,-0.0137375,60.0
1744879035310343.0,-8022.59,4094.0,1.37106,1.73563,1.75284,0.0172138,60.0
1744879035331137.0,-8022.59,4094.0,1.37106,1.73563,1.58814,-0.147486,60.0
1744879035352239.0,-8022.59,4094.0,1.37106,1.73563,1.7846,0.0489744,60.0
1744879035372801.0,-8023.01,4097.42,1.37378,1.58814,1.63563,0.047485,60.0
1744879035393676.0,-8023.01,4097.42,1.37378,1.58814,1.63716,0.049018,60.0
1744879035414359.0,-8023.01,4100.15,1.37554,1.63563,1.53482,-0.100809,60.0
1744879035435291.0,-8023.01,4100.15,1.37554,1.63563,1.74008,0.104452,60.0
1744879035456099.0,-8023.43,4103.57,1.37826,1.74008,1.59399,-0.146095,60.0
1744879035477231.0,-8023.43,4103.57,1.37826,1.74008,1.76584,0.0257619,60.0
1744879035497914.0,-8023.43,4103.57,1.37826,1.74008,1.60139,-0.138692,60.0
1744879035519045.0,-8023.85,4106.3,1.38055,1.76584,1.65941,-0.106428,60.0
1744879035540075.0,-8023.85,4106.3,1.38055,1.76584,1.7814,0.0155558,60.0
1744879035561056.0,-8024.27,4109.04,1.38284,1.65941,1.64841,-0.0110061,60.0
1744879035582143.0,-8024.27,4109.04,1.38284,1.65941,1.76697,0.107557,60.0
1744879035602971.0,-8024.27,4109.04,1.38284,1.65941,1.57646,-0.082956,60.0
1744879035623789.0,-8024.69,4112.45,1.38557,1.76697,1.77777,0.0107957,60.0
1744879035644697.0,-8024.69,4112.45,1.38557,1.76697,1.70641,-0.0605661,60.0
1744879035665349.0,-8024.69,4115.19,1.38733,1.77777,1.68554,-0.0922293,60.0
1744879035686279.0,-8024.69,4115.19,1.38733,1.77777,1.62235,-0.155412,60.0
1744879035711422.0,-8025.12,4117.92,1.38963,1.68554,1.79378,0.108238,60.0
1744879035732512.0,-8025.12,4117.92,1.38963,1.68554,1.62937,-0.0561626,60.0
1744879035753498.0,-8025.12,4117.92,1.38963,1.68554,1.62124,-0.0642944,60.0
1744879035796012.0,-8025.54,4121.34,1.39236,1.62937,1.74442,0.115042,60.0
1744879035819431.0,-8025.96,4124.07,1.39466,1.62124,1.64561,0.0243679,60.0
1744879035842063.0,-8025.96,4124.07,1.39466,1.62124,1.71009,0.0888422,60.0
1744879035864732.0,-8026.38,4126.81,1.39696,1.64561,1.60857,-0.0370363,60.0
1744879035885651.0,-8026.38,4126.81,1.39696,1.64561,1.73061,0.0850021,60.0
1744879035906796.0,-8026.38,4126.81,1.39696,1.64561,1.58222,-0.0633891,60.0
1744879035929206.0,-8026.38,4130.22,1.39916,1.73061,1.73957,0.00895445,60.0
1744879035952649.0,-8026.38,4130.22,1.39916,1.73061,1.79861,0.067993,60.0
1744879035974592.0,-8026.8,4132.96,1.40146,1.73957,1.7172,-0.022371,60.0
1744879036019378.0,-8026.8,4132.96,1.40146,1.73957,1.58267,-0.156898,60.0
1744879036050371.0,-8027.22,4136.37,1.40421,1.7172,1.83135,0.114151,60.0
1744879036079431.0,-8027.65,4139.11,1.40651,1.58267,1.69526,0.112594,60.0
1744879036103197.0,-8027.65,4139.11,1.40651,1.58267,1.63794,0.0552751,60.0
1744879036130239.0,-8028.07,4141.84,1.40881,1.69526,1.63345,-0.061812,60.0
1744879036161741.0,-8028.07,4141.84,1.40881,1.69526,1.66454,-0.0307213,60.0
1744879036188495.0,-8028.07,4145.26,1.41103,1.63345,1.63491,0.00146245,60.0
1744879036219211.0,-8028.07,4145.26,1.41103,1.63345,1.7336,0.100152,60.0
1744879036243034.0,-8028.49,4147.99,1.41334,1.63491,1.5391,-0.095814,60.0
1744879036266308.0,-8028.49,4147.99,1.41334,1.63491,1.68805,0.0531361,60.0
1744879036301011.0,-8028.91,4150.72,1.41564,1.5391,1.67543,0.136326,60.0
1744879036332075.0,-8028.91,4150.72,1.41564,1.5391,1.50755,-0.0315487,60.0
1744879036359239.0,-8029.33,4154.14,1.4184,1.67543,1.76333,0.0879047,60.0
1744879036386709.0,-8029.33,4154.14,1.4184,1.67543,1.576,-0.0994256,60.0
1744879036446620.0,-8029.33,4156.87,1.42017,1.76333,1.63513,-0.128199,60.0
1744879036478010.0,-8029.75,4159.61,1.42249,1.576,1.62935,0.0533498,60.0
1744879036515307.0,-8029.75,4159.61,1.42249,1.576,1.70903,0.133033,60.0
1744879036542387.0,-8030.18,4163.03,1.42524,1.62935,1.7094,0.0800467,60.0
1744879036578023.0,-8030.6,4165.76,1.42756,1.70903,1.68427,-0.0247638,60.0
1744879036627654.0,-8030.6,4165.76,1.42756,1.70903,1.74372,0.0346895,60.0
1744879036661193.0,-8030.6,4169.18,1.42979,1.68427,1.68534,0.00107154,60.0
1744879036696684.0,-8031.02,4171.91,1.4321,1.74372,1.7421,-0.00162316,60.0
1744879036723283.0,-8031.02,4171.91,1.4321,1.74372,1.78523,0.0415029,60.0
1744879036754321.0,-8031.44,4174.64,1.43442,1.7421,1.72486,-0.0172365,60.0
1744879036782293.0,-8031.86,4178.06,1.43719,1.78523,1.79115,0.0059263,60.0
1744879036814311.0,-8031.86,4178.06,1.43719,1.78523,1.68292,-0.102303,60.0
1744879036851796.0,-8031.86,4180.79,1.43898,1.79115,1.76941,-0.0217399,60.0
1744879036889963.0,-8032.28,4183.53,1.4413,1.68292,1.63177,-0.0511496,60.0
1744879036937376.0,-8032.28,4183.53,1.4413,1.68292,1.73616,0.0532377,60.0
1744879036965529.0,-8032.71,4186.94,1.44407,1.63177,1.78127,0.149493,60.0
1744879036992111.0,-8033.13,4189.68,1.44639,1.73616,1.7346,-0.00155879,60.0
1744879037041668.0,-8033.13,4189.68,1.44639,1.73616,1.86487,0.128711,60.0
1744879037072886.0,-8033.55,4192.41,1.44872,1.7346,1.61899,-0.115616,60.0
1744879037115721.0,-8033.97,4195.83,1.4515,1.86487,1.7225,-0.142367,60.0
1744879037148352.0,-8033.97,4198.56,1.45329,1.61899,1.64309,0.0241003,60.0
1744879037183901.0,-8033.97,4198.56,1.45329,1.61899,1.62079,0.00180341,60.0
1744879037233112.0,-8034.39,4201.98,1.45607,1.64309,1.60882,-0.034266,60.0
1744879037297397.0,-8034.81,4204.71,1.4584,1.62079,1.57713,-0.0436549,60.0
1744879037332104.0,-8035.24,4207.45,1.46074,1.60882,1.6577,0.0488832,60.0
1744879037371261.0,-8035.66,4210.86,1.46352,1.57713,1.6329,0.055761,60.0
1744879037413822.0,-8036.08,4213.6,1.46586,1.6577,1.68799,0.0302865,60.0
1744879037443097.0,-8036.08,4213.6,1.46586,1.6577,1.57629,-0.0814082,60.0
1744879037474520.0,-8036.08,4216.33,1.46766,1.68799,1.7176,0.0296095,60.0
1744879037505089.0,-8036.08,4216.33,1.46766,1.68799,1.60866,-0.0793306,60.0
1744879037539209.0,-8036.5,4219.75,1.47045,1.7176,1.57,-0.147602,60.0
1744879037570867.0,-8036.92,4222.48,1.47279,1.60866,1.61095,0.00229374,60.0
1744879037602029.0,-8036.92,4222.48,1.47279,1.60866,1.73462,0.125964,60.0
1744879037633846.0,-8037.35,4225.21,1.47513,1.61095,1.69192,0.0809665,60.0
1744879037669828.0,-8037.34,4228.63,1.47739,1.73462,1.7249,-0.00972513,60.0
1744879037725996.0,-8037.77,4231.36,1.47973,1.69192,1.55297,-0.138954,60.0
1744879037787916.0,-8037.77,4231.36,1.47973,1.69192,1.64568,-0.0462438,60.0
1744879037825798.0,-8038.19,4234.78,1.48253,1.55297,1.59149,0.0385262,60.0
1744879037861600.0,-8038.61,4237.52,1.48487,1.64568,1.73674,0.0910695,60.0
1744879037910956.0,-8038.61,4240.25,1.48668,1.59149,1.62714,0.0356483,60.0
1744879037962100.0,-8038.61,4240.25,1.48668,1.59149,1.71656,0.125068,60.0
1744879037992394.0,-8039.03,4243.67,1.48949,1.62714,1.69055,0.0634091,60.0
1744879038035968.0,-8039.45,4246.4,1.49184,1.71656,1.71239,-0.00416921,60.0
1744879038075664.0,-8039.45,4249.13,1.49365,1.69055,1.57985,-0.1107,60.0
1744879038151802.0,-8039.87,4252.55,1.49646,1.71239,1.71046,-0.00192738,60.0
1744879038206675.0,-8040.29,4255.28,1.49881,1.57985,1.59806,0.0182115,60.0
1744879038259604.0,-8040.29,4258.7,1.50109,1.71046,1.68886,-0.0216005,60.0
1744879038289088.0,-8040.29,4258.7,1.50109,1.71046,1.61925,-0.0912166,60.0
1744879038328751.0,-8040.72,4261.43,1.50344,1.68886,1.57403,-0.11483,60.0
1744879038360648.0,-8040.72,4261.43,1.50344,1.68886,1.67089,-0.0179753,60.0
1744879038395281.0,-8041.14,4264.17,1.5058,1.57403,1.52781,-0.0462273,60.0
1744879038430476.0,-8041.14,4267.58,1.50808,1.67089,1.71737,0.0464835,60.0
1744879038468202.0,-8041.56,4270.32,1.51044,1.52781,1.55039,0.0225882,60.0
1744879038521062.0,-8041.98,4273.05,1.5128,1.55039,1.60949,0.0590995,60.0
1744879038552849.0,-8041.98,4273.05,1.5128,1.55039,1.71417,0.163775,60.0
1744879038594846.0,-8041.98,4276.47,1.51509,1.60949,1.66257,0.0530799,60.0
1744879038639264.0,-8042.4,4279.2,1.51745,1.71417,1.61912,-0.0950491,60.0
1744879038672167.0,-8042.4,4279.2,1.51745,1.71417,1.73905,0.024879,60.0
1744879038713857.0,-8042.4,4281.94,1.51928,1.61912,1.70786,0.0887359,60.0
1744879038753878.0,-8042.82,4285.35,1.52211,1.73905,1.66921,-0.0698375,60.0
1744879038786023.0,-8042.82,4285.35,1.52211,1.73905,1.76792,0.0288685,60.0
1744879038816250.0,-8043.24,4288.09,1.52447,1.66921,1.7965,0.127291,60.0
1744879038855647.0,-8043.24,4291.5,1.52677,1.76792,1.76044,-0.00747428,60.0
1744879038890692.0,-8043.24,4291.5,1.52677,1.76792,1.72274,-0.0451725,60.0
1744879038928667.0,-8043.66,4294.24,1.52914,1.76044,1.64328,-0.117158,60.0
1744879038975614.0,-8044.09,4296.97,1.53151,1.72274,1.70632,-0.0164268,60.0
1744879039008738.0,-8044.08,4300.39,1.53381,1.70632,1.57143,-0.134885,60.0
1744879039041440.0,-8044.08,4300.39,1.53381,1.70632,1.84843,0.142109,60.0
1744879039082649.0,-8044.51,4303.12,1.53618,1.57143,1.67296,0.101531,60.0
1744879039112283.0,-8044.93,4305.85,1.53856,1.84843,1.68579,-0.162641,60.0
1744879039148236.0,-8044.93,4305.85,1.53856,1.84843,1.75207,-0.096356,60.0
1744879039177600.0,-8044.93,4309.27,1.54086,1.68579,1.59681,-0.0889776,60.0
1744879039215044.0,-8044.93,4309.27,1.54086,1.68579,1.67806,-0.00772173,60.0
1744879039263153.0,-8045.35,4312.0,1.54324,1.59681,1.59119,-0.00562306,60.0
1744879039294647.0,-8045.77,4315.42,1.54608,1.67806,1.51653,-0.161529,60.0
1744879039331649.0,-8046.19,4318.16,1.54846,1.59119,1.57993,-0.0112531,60.0
1744879039362513.0,-8046.19,4318.16,1.54846,1.59119,1.51167,-0.0795109,60.0
1744879039394935.0,-8046.19,4320.89,1.55031,1.57993,1.67125,0.0913132,60.0
1744879039443077.0,-8046.61,4324.31,1.55315,1.51167,1.46441,-0.0472637,60.0
1744879039481269.0,-8046.61,4324.31,1.55315,1.51167,1.61433,0.102658,60.0
1744879039518643.0,-8046.61,4327.04,1.555,1.46441,1.51662,0.05221,60.0
1744879039564122.0,-8047.03,4329.77,1.55739,1.61433,1.61546,0.00113204,60.0
1744879039594859.0,-8047.03,4329.77,1.55739,1.61433,1.62987,0.0155426,60.0
1744879039631427.0,-8047.46,4333.19,1.56024,1.61546,1.74032,0.12486,60.0
1744879039673909.0,-8047.45,4335.92,1.56209,1.62987,1.51353,-0.116349,60.0
1744879039711984.0,-8047.88,4339.34,1.56494,1.74032,1.69592,-0.0444073,60.0
1744879039775483.0,-8047.87,4342.07,1.5668,1.51353,1.59008,0.0765536,60.0
1744879039809697.0,-8048.3,4344.81,1.56919,1.69592,1.6632,-0.0327165,60.0
1744879039856170.0,-8048.3,4344.81,1.56919,1.69592,1.55704,-0.138877,60.0
1744879039906473.0,-8048.29,4348.22,1.57151,1.6632,1.6903,0.027105,60.0
1744879039939438.0,-8048.72,4350.96,1.57391,1.55704,1.57019,0.0131484,60.0
1744879039979588.0,-8048.72,4353.69,1.57577,1.69031,1.72772,0.0374167,60.0
1744879040029410.0,-8048.72,4353.69,1.57577,1.69031,1.60376,-0.0865408,60.0
1744879040062361.0,-8049.14,4357.11,1.57863,1.72772,1.76686,0.0391405,60.0
1744879040090745.0,-8049.14,4359.84,1.5805,1.60376,1.73202,0.128256,60.0
1744879040121194.0,-8049.14,4359.84,1.5805,1.60376,1.67241,0.0686505,60.0
1744879040155555.0,-8049.56,4363.26,1.58336,1.73202,1.70684,-0.0251796,60.0
1744879040187448.0,-8049.56,4365.99,1.58523,1.67241,1.64447,-0.0279469,60.0
1744879040221541.0,-8049.56,4365.99,1.58523,1.67241,1.77116,0.0987414,60.0
1744879040266011.0,-8049.98,4368.73,1.58763,1.64447,1.61137,-0.0330993,60.0
1744879040317599.0,-8050.4,4372.14,1.5905,1.77116,1.82373,0.0525731,60.0
1744879040363420.0,-8050.4,4374.88,1.59237,1.61137,1.72156,0.110188,60.0
1744879040411698.0,-8050.82,4377.61,1.59478,1.82373,1.75091,-0.0728237,60.0
1744879040441673.0,-8050.82,4381.03,1.59712,1.72156,1.71767,-0.00388239,60.0
1744879040470907.0,-8050.82,4381.03,1.59712,1.72156,1.6441,-0.077456,60.0
1744879040504965.0,-8051.24,4383.76,1.59953,1.71767,1.68634,-0.0313368,60.0
1744879040526161.0,-8051.24,4383.76,1.59953,1.71767,1.61144,-0.106234,60.0
1744879040547567.0,-8051.66,4387.18,1.60241,1.68634,1.57094,-0.1154,60.0
1744879040568553.0,-8051.66,4387.18,1.60241,1.68634,1.69505,0.00871259,60.0
1744879040589462.0,-8051.66,4387.18,1.60241,1.68634,1.71555,0.0292135,60.0
1744879040610779.0,-8052.09,4389.91,0.604822,1.69505,1.7649,0.0698524,60.0
1744879040636555.0,-8052.09,4389.91,0.604822,1.69505,1.72256,0.0275058,60.0
1744879040657619.0,-8052.08,4392.65,0.606699,1.7649,1.76095,-0.00395786,60.0
1744879040679327.0,-8052.08,4392.65,0.606699,1.7649,1.62321,-0.141694,60.0
1744879040700371.0,-8052.51,4396.06,0.609583,1.76095,1.67662,-0.0843291,60.0
1744879040722099.0,-8052.51,4396.06,0.609583,1.76095,1.76762,0.00667102,60.0
1744879040743085.0,-8052.51,4396.06,0.609583,1.76095,1.61953,-0.14141,60.0
1744879040764163.0,-8052.93,4398.8,0.611999,1.76762,1.61378,-0.153834,60.0
1744879040785134.0,-8052.93,4398.8,0.611999,1.76762,1.6099,-0.157717,60.0
1744879040806177.0,-8053.35,4401.53,0.614417,1.61378,1.5769,-0.0368819,60.0
1744879040827791.0,-8053.35,4401.53,0.614417,1.61378,1.65123,0.0374439,60.0
1744879040862978.0,-8053.35,4404.95,0.616769,1.5769,1.68298,0.106078,60.0
1744879040886677.0,-8053.35,4404.95,0.616769,1.5769,1.60997,0.0330693,60.0
1744879040908551.0,-8053.77,4407.68,0.619189,1.68298,1.69285,0.0098749,60.0
1744879040936012.0,-8053.77,4407.68,0.619189,1.68298,1.59748,-0.0855006,60.0
1744879040957831.0,-8054.19,4410.41,0.62161,1.69285,1.70958,0.0167292,60.0
1744879040985522.0,-8054.19,4410.41,0.62161,1.69285,1.63583,-0.057027,60.0
1744879041011088.0,-8054.61,4413.83,0.624504,1.70958,1.80582,0.0962354,60.0
1744879041045348.0,-8054.61,4413.83,0.624504,1.70958,1.6759,-0.0336837,60.0
1744879041069146.0,-8054.61,4416.56,0.626392,1.80582,1.74393,-0.0618903,60.0
1744879041107006.0,-8054.61,4416.56,0.626392,1.80582,1.84829,0.0424699,60.0
1744879041140135.0,-8055.04,4419.98,0.629289,1.74393,1.78803,0.0441023,60.0
1744879041167745.0,-8055.46,4422.71,0.631715,1.84829,1.71185,-0.136433,60.0
1744879041200570.0,-8055.46,4422.71,0.631715,1.84829,1.75036,-0.0979287,60.0
1744879041225672.0,-8055.88,4425.45,0.634143,1.71185,1.56976,-0.142098,60.0
1744879041251461.0,-8055.88,4425.45,0.634143,1.71185,1.57902,-0.132833,60.0
1744879041276356.0,-8056.3,4428.87,0.637045,1.56976,1.72406,0.154303,60.0
1744879041301203.0,-8056.3,4428.87,0.637045,1.56976,1.64025,0.0704927,60.0
1744879041326655.0,-8056.72,4431.6,0.639476,1.72406,1.57359,-0.15047,60.0
1744879041356574.0,-8056.72,4431.6,0.639476,1.72406,1.75711,0.0330475,60.0
1744879041384612.0,-8057.15,4434.33,0.641907,1.57359,1.58508,0.0114938,60.0
1744879041412438.0,-8057.15,4434.33,0.641907,1.57359,1.61778,0.0441945,60.0
1744879041457796.0,-8057.14,4437.75,0.644277,1.58508,1.48802,-0.0970616,60.0
1744879041510875.0,-8057.57,4440.48,0.646712,1.61778,1.55592,-0.0618626,60.0
1744879041538303.0,-8057.99,4443.22,0.649147,1.48802,1.59719,0.109171,60.0
1744879041568934.0,-8057.99,4443.22,0.649147,1.48802,1.62971,0.141686,60.0
1744879041596871.0,-8058.41,4446.63,0.652059,1.59719,1.69321,0.0960132,60.0
1744879041633204.0,-8058.41,4449.37,0.65396,1.62971,1.561,-0.0687046,60.0
1744879041673606.0,-8058.41,4449.37,0.65396,1.62971,1.62868,-0.00102591,60.0
1744879041714029.0,-8058.83,4452.78,0.656875,1.561,1.55375,-0.00725838,60.0
1744879041752807.0,-8058.83,4455.52,0.658779,1.62868,1.71092,0.082234,60.0
1744879041798105.0,-8058.83,4455.52,0.658779,1.62868,1.54788,-0.0807981,60.0
1744879041865397.0,-8059.67,4461.67,0.664141,1.71092,1.73765,0.0267347,60.0
1744879041903775.0,-8059.67,4461.67,0.664141,1.71092,1.63602,-0.0748944,60.0
1744879041935817.0,-8059.67,4464.4,0.666049,1.73765,1.74736,0.00971018,60.0
1744879041976707.0,-8060.09,4467.14,0.668495,1.74736,1.60618,-0.141184,60.0
1744879042005029.0,-8060.09,4467.14,0.668495,1.74736,1.67863,-0.0687281,60.0
1744879042041643.0,-8060.51,4470.55,0.671419,1.60618,1.62164,0.0154593,60.0
1744879042073199.0,-8060.51,4470.55,0.671419,1.60618,1.60451,-0.0016706,60.0
1744879042107232.0,-8060.51,4473.29,0.673331,1.62164,1.68331,0.0616684,60.0
1744879042148810.0,-8060.93,4476.7,0.676259,1.60451,1.73419,0.12968,60.0
1744879042178166.0,-8060.93,4476.7,0.676259,1.60451,1.58974,-0.0147691,60.0
1744879042208627.0,-8061.36,4479.44,0.67871,1.73419,1.725,-0.00919137,60.0
1744879042237549.0,-8061.36,4482.17,0.680626,1.58974,1.59882,0.00908163,60.0
1744879042273379.0,-8061.36,4482.17,0.680626,1.58974,1.59943,0.00969095,60.0
1744879042311815.0,-8061.78,4485.59,0.683558,1.59882,1.6684,0.0695767,60.0
1744879042342487.0,-8062.2,4488.32,0.686013,1.59943,1.64554,0.0461149,60.0
1744879042385674.0,-8062.2,4488.32,0.686013,1.59943,1.53565,-0.0637807,60.0
1744879042424867.0,-8062.2,4491.05,0.687933,1.64554,1.4946,-0.150946,60.0
1744879042452748.0,-8062.62,4494.47,0.69087,1.53565,1.61558,0.079927,60.0
1744879042484363.0,-8062.62,4494.47,0.69087,1.53565,1.5295,-0.00615104,60.0
1744879042513650.0,-8062.62,4497.2,0.692792,1.61558,1.76755,0.151974,60.0
1744879042541711.0,-8062.62,4497.2,0.692792,1.61558,1.7798,0.164229,60.0
1744879042572251.0,-8063.04,4500.62,0.695733,1.76755,1.77052,0.00296893,60.0
1744879042615324.0,-8063.46,4503.36,0.698194,1.7798,1.80689,0.0270822,60.0
1744879042656901.0,-8063.46,4503.36,0.698194,1.7798,1.69366,-0.0861401,60.0
1744879042696213.0,-8063.46,4506.09,0.70012,1.80689,1.71594,-0.0909426,60.0
1744879042728129.0,-8063.88,4509.51,0.703066,1.69366,1.69781,0.00414638,60.0
1744879042768333.0,-8063.88,4509.51,0.703066,1.69366,1.74555,0.0518877,60.0
1744879042799575.0,-8064.3,4512.24,0.705531,1.69781,1.66653,-0.0312846,60.0
1744879042837050.0,-8064.3,4514.97,0.70746,1.74555,1.81038,0.0648283,60.0
1744879042877053.0,-8064.3,4514.97,0.70746,1.74555,1.78031,0.0347615,60.0
1744879042908156.0,-8064.72,4518.39,0.710411,1.81038,1.70397,-0.106406,60.0
1744879042961795.0,-8065.15,4521.12,0.71288,1.78031,1.68936,-0.0909543,60.0
1744879042999838.0,-8065.57,4523.86,0.715351,1.70397,1.61263,-0.091347,60.0
1744879043087094.0,-8065.99,4527.27,0.718306,1.68936,1.65378,-0.0355743,60.0
1744879043127569.0,-8065.99,4527.27,0.718306,1.68936,1.63918,-0.0501824,60.0
1744879043159300.0,-8065.99,4530.01,0.720242,1.65378,1.74809,0.0943024,60.0
1744879043195967.0,-8066.41,4533.43,0.7232,1.63918,1.55647,-0.0827077,60.0
1744879043259447.0,-8066.83,4536.16,0.725676,1.74809,1.74385,-0.00423881,60.0
1744879043290242.0,-8067.25,4538.89,0.728153,1.55647,1.58027,0.0237986,60.0
1744879043324903.0,-8067.25,4538.89,0.728153,1.55647,1.57715,0.020685,60.0
1744879043363421.0,-8067.68,4542.31,0.731117,1.58027,1.62619,0.0459242,60.0
1744879043393062.0,-8067.67,4545.04,0.733059,1.57715,1.60891,0.0317543,60.0
1744879043426334.0,-8067.67,4545.04,0.733059,1.57715,1.62797,0.050814,60.0
1744879043472201.0,-8068.1,4547.78,0.73554,1.60891,1.73849,0.129581,60.0
1744879043504771.0,-8068.52,4551.19,0.738508,1.62797,1.64547,0.0175001,60.0
1744879043536995.0,-8068.52,4551.19,0.738508,1.62797,1.67593,0.0479668,60.0
1744879043566002.0,-8068.52,4553.93,0.740454,1.64547,1.50598,-0.139493,60.0
1744879043596226.0,-8068.94,4556.66,0.742939,1.67593,1.67534,-0.000595075,60.0
1744879043634064.0,-8068.94,4556.66,0.742939,1.67593,1.59127,-0.084666,60.0
1744879043666753.0,-8069.36,4560.08,0.745912,1.67534,1.80957,0.134233,60.0
1744879043697577.0,-8069.36,4562.81,0.747862,1.59127,1.65015,0.0588805,60.0
1744879043737650.0,-8069.36,4562.81,0.747862,1.59127,1.46107,-0.130198,60.0
1744879043768613.0,-8069.78,4566.23,0.750838,1.65015,1.62061,-0.0295442,60.0
1744879043811453.0,-8070.2,4568.96,0.753328,1.62061,1.70345,0.0828429,60.0
1744879043861188.0,-8070.2,4568.96,0.753328,1.62061,1.6122,-0.00840764,60.0
1744879043911479.0,-8070.2,4571.7,0.755282,1.70345,1.67538,-0.0280674,60.0
1744879043943173.0,-8070.62,4575.11,0.758263,1.6122,1.73382,0.12162,60.0
1744879043979871.0,-8070.62,4577.85,0.760219,1.67538,1.79041,0.115027,60.0
1744879044019877.0,-8070.62,4577.85,0.760219,1.67538,1.65326,-0.0221202,60.0
1744879044050560.0,-8071.04,4580.58,0.762714,1.79041,1.75052,-0.0398912,60.0
1744879044085363.0,-8071.47,4584.0,0.7657,1.65326,1.66909,0.0158335,60.0
1744879044128562.0,-8071.47,4584.0,0.7657,1.65326,1.62091,-0.0323463,60.0
1744879044158586.0,-8071.46,4586.73,0.76766,1.66909,1.54898,-0.12011,60.0
1744879044203662.0,-8071.89,4590.15,0.77065,1.62091,1.72915,0.108235,60.0
1744879044267228.0,-8072.31,4592.88,0.77315,1.54898,1.60879,0.059803,60.0
1744879044296219.0,-8072.31,4595.61,0.775114,1.72915,1.77046,0.0413117,60.0
1744879044332500.0,-8072.31,4595.61,0.775114,1.72915,1.67378,-0.0553682,60.0
1744879044388014.0,-8072.73,4599.03,0.778108,1.77046,1.81029,0.0398248,60.0
1744879044420677.0,-8073.15,4601.76,0.780612,1.67378,1.75058,0.0767995,60.0
1744879044459536.0,-8073.15,4604.5,0.78258,1.81029,1.67346,-0.136821,60.0
1744879044500961.0,-8073.57,4607.92,0.785579,1.75058,1.73568,-0.0149009,60.0
1744879044548294.0,-8073.57,4607.92,0.785579,1.75058,1.78964,0.0390552,60.0
1744879044590355.0,-8073.99,4610.65,0.788087,1.73568,1.5956,-0.140078,60.0
1744879044624493.0,-8074.41,4614.07,0.791089,1.78964,1.83549,0.0458501,60.0
1744879044659053.0,-8074.41,4614.07,0.791089,1.78964,1.80661,0.0169762,60.0
1744879044694412.0,-8074.84,4616.8,0.7936,1.83549,1.8019,-0.0335814,60.0
1744879044743441.0,-8074.83,4619.53,0.795574,1.80661,1.64785,-0.158766,60.0
1744879044772151.0,-8075.26,4622.95,0.798581,1.8019,1.66773,-0.134173,60.0
1744879044805770.0,-8075.26,4622.95,0.798581,1.8019,1.81465,0.0127428,60.0
1744879044838646.0,-8075.68,4625.68,0.801096,1.66773,1.59675,-0.0709819,60.0
1744879044871498.0,-8076.1,4628.42,0.803612,1.81465,1.67301,-0.141639,60.0
1744879044899195.0,-8076.1,4628.42,0.803612,1.81465,1.74517,-0.0694757,60.0
1744879044931587.0,-8076.52,4631.83,0.806624,1.67301,1.63647,-0.0365371,60.0
1744879044959498.0,-8076.52,4631.83,0.806624,1.67301,1.52104,-0.151972,60.0
1744879044994855.0,-8076.94,4634.57,0.809142,1.63647,1.69132,0.0548464,60.0
1744879045027576.0,-8076.94,4634.57,0.809142,1.63647,1.55945,-0.0770188,60.0
1744879045056184.0,-8077.37,4637.3,0.811662,1.69132,1.74597,0.0546483,60.0
1744879045096402.0,-8077.37,4637.3,0.811662,1.69132,1.67651,-0.014805,60.0
1744879045125078.0,-8077.79,4640.72,0.814679,1.74597,1.81694,0.0709744,60.0
1744879045171497.0,-8078.21,4643.45,0.817201,1.67651,1.51635,-0.160163,60.0
1744879045204692.0,-8078.63,4646.19,0.819725,1.81694,1.89904,0.0820988,60.0
1744879045234573.0,-8078.63,4646.19,0.819725,1.81694,1.79318,-0.0237566,60.0
1744879045271808.0,-8079.05,4649.6,0.822746,1.89904,1.76779,-0.13125,60.0
1744879045302740.0,-8079.48,4652.34,0.825272,1.76779,1.77929,0.0115012,60.0
1744879045342350.0,-8079.48,4652.34,0.825272,1.76779,1.82691,0.0591183,60.0
1744879045374207.0,-8079.9,4655.07,0.8278,1.77929,1.90398,0.12469,60.0
1744879045406368.0,-8080.32,4658.49,0.830826,1.82691,1.79386,-0.0330433,60.0
1744879045443461.0,-8080.32,4658.49,0.830826,1.82691,1.87909,0.0521876,60.0
1744879045483279.0,-8080.74,4661.22,0.833356,1.79386,1.65758,-0.136283,60.0
1744879045511304.0,-8081.16,4663.96,0.835888,1.87909,1.96849,0.0893974,60.0
1744879045557437.0,-8081.16,4663.96,0.835888,1.87909,1.7921,-0.0869981,60.0
1744879045591182.0,-8082.01,4667.37,0.839457,1.96849,1.86952,-0.0989682,60.0
1744879045630476.0,-8082.43,4670.11,0.841991,1.7921,1.95262,0.160526,60.0
1744879045660391.0,-8082.43,4670.11,0.841991,1.7921,1.77328,-0.01882,60.0
1744879045697483.0,-8082.85,4672.84,0.844526,1.95262,1.82346,-0.129161,60.0
1744879045728560.0,-8083.7,4676.26,0.848101,1.77328,1.71489,-0.0583883,60.0
1744879045760130.0,-8083.7,4676.26,0.848101,1.77328,1.74839,-0.0248914,60.0
1744879045801265.0,-8084.12,4678.99,0.850639,1.71489,1.71393,-0.000958928,60.0
1744879045830179.0,-8084.54,4681.72,0.853178,1.74839,1.68694,-0.0614439,60.0
1744879045859077.0,-8084.54,4681.72,0.853178,1.74839,1.68729,-0.0610933,60.0
1744879045914048.0,-8084.96,4685.14,0.856219,1.68694,1.7016,0.0146593,60.0
1744879045946543.0,-8085.81,4687.88,0.859299,1.68729,1.58089,-0.106402,60.0
1744879045986662.0,-8086.23,4690.61,0.861842,1.7016,1.73713,0.0355314,60.0
1744879046026301.0,-8086.65,4694.03,0.864888,1.58089,1.66832,0.0874311,60.0
1744879046105350.0,-8087.07,4696.76,0.867434,1.73713,1.82384,0.0867055,60.0
1744879046149645.0,-8087.92,4699.49,0.870519,1.66832,1.78413,0.115805,60.0
1744879046181291.0,-8087.92,4699.49,0.870519,1.66832,1.55956,-0.108759,60.0
1744879046216087.0,-8088.34,4702.91,0.87357,1.78413,1.63772,-0.146409,60.0
1744879046245317.0,-8088.34,4702.91,0.87357,1.78413,1.75461,-0.0295117,60.0
1744879046277208.0,-8088.76,4705.64,0.87612,1.63772,1.71195,0.0742305,60.0
1744879046307083.0,-8089.19,4708.38,0.878671,1.75461,1.66346,-0.0911535,60.0
1744879046341916.0,-8089.19,4708.38,0.878671,1.75461,1.62888,-0.125734,60.0
1744879046392464.0,-8089.61,4711.8,0.881726,1.66346,1.68607,0.0226104,60.0
1744879046454971.0,-8090.03,4714.53,0.88428,1.62888,1.76542,0.136544,60.0
1744879046484737.0,-8090.45,4717.26,0.886834,1.68607,1.65789,-0.0281797,60.0
1744879046520313.0,-8090.45,4717.26,0.886834,1.68607,1.66146,-0.02461,60.0
1744879046571235.0,-8090.87,4720.68,0.889895,1.65789,1.79156,0.133667,60.0
1744879046631979.0,-8091.72,4726.15,0.895011,1.66146,1.71791,0.0564528,60.0
1744879046672972.0,-8091.72,4726.15,0.895011,1.66146,1.59082,-0.0706448,60.0
1744879046725421.0,-8092.14,4729.56,0.898076,1.71791,1.72782,0.00990918,60.0
1744879046760620.0,-8092.56,4732.3,0.900637,1.59082,1.63061,0.0397949,60.0
1744879046794073.0,-8092.56,4732.3,0.900637,1.59082,1.67845,0.0876304,60.0
1744879046831646.0,-8092.98,4735.03,0.9032,1.63061,1.68404,0.0534259,60.0
1744879046859914.0,-8092.98,4735.03,0.9032,1.63061,1.69278,0.062173,60.0
1744879046895080.0,-8093.4,4738.45,0.90627,1.68404,1.83967,0.155633,60.0
1744879046922760.0,-8093.83,4741.18,0.908835,1.69278,1.79154,0.0987569,60.0
1744879046955559.0,-8093.83,4741.18,0.908835,1.69278,1.68571,-0.00707464,60.0
1744879047017222.0,-8094.67,4747.33,0.914476,1.79154,1.80697,0.0154276,60.0
1744879047046215.0,-8094.67,4747.33,0.914476,1.79154,1.89058,0.099042,60.0
1744879047080527.0,-8095.09,4750.07,0.917045,1.80697,1.87684,0.0698767,60.0
1744879047109765.0,-8095.09,4750.07,0.917045,1.80697,1.69968,-0.107287,60.0
1744879047144483.0,-8095.51,4752.8,0.919616,1.87684,1.78863,-0.0882157,60.0
1744879047198146.0,-8095.93,4756.22,0.922695,1.69968,1.72115,0.021471,60.0
1744879047252965.0,-8096.36,4758.95,0.925268,1.78863,1.68442,-0.104213,60.0
1744879047275434.0,-8097.2,4761.68,0.928382,1.72115,1.60929,-0.111864,60.0
1744879047296233.0,-8097.2,4761.68,0.928382,1.72115,1.57801,-0.143143,60.0
1744879047317129.0,-8097.2,4761.68,0.928382,1.72115,1.84152,0.120366,60.0
1744879047337856.0,-8097.62,4765.1,0.931466,1.57801,1.68534,0.107332,60.0
1744879047358776.0,-8097.62,4765.1,0.931466,1.57801,1.72225,0.144246,60.0
1744879047379612.0,-8098.05,4767.84,0.934043,1.68534,1.52569,-0.159651,60.0
1744879047401490.0,-8098.05,4767.84,0.934043,1.68534,1.6999,0.0145619,60.0
1744879047422247.0,-8098.05,4767.84,0.934043,1.68534,1.7914,0.106061,60.0
1744879047443263.0,-8098.47,4770.57,0.936621,1.6999,1.64246,-0.0574415,60.0
1744879047464042.0,-8098.47,4770.57,0.936621,1.6999,1.62558,-0.0743273,60.0
1744879047484800.0,-8098.89,4773.99,0.93971,1.64246,1.70754,0.0650757,60.0
1744879047505537.0,-8098.89,4773.99,0.93971,1.64246,1.57402,-0.0684449,60.0
1744879047526314.0,-8098.89,4773.99,0.93971,1.64246,1.64597,0.00350422,60.0
1744879047547138.0,-8099.31,4776.72,0.942291,1.57402,1.67167,0.0976551,60.0
1744879047568170.0,-8099.31,4776.72,0.942291,1.57402,1.47584,-0.0981723,60.0
1744879047589000.0,-8099.73,4779.45,0.944873,1.67167,1.68839,0.0167202,60.0
1744879047614666.0,-8099.73,4779.45,0.944873,1.67167,1.64493,-0.0267447,60.0
1744879047635689.0,-8100.15,4782.87,0.947967,1.68839,1.71967,0.0312771,60.0
1744879047656713.0,-8100.15,4782.87,0.947967,1.68839,1.68473,-0.00365807,60.0
1744879047703068.0,-8100.58,4785.6,0.950552,1.71967,1.57393,-0.145734,60.0
1744879047737135.0,-8101.0,4789.02,0.95365,1.68473,1.59757,-0.0871685,60.0
1744879047784872.0,-8101.0,4791.75,0.955697,1.57393,1.6087,0.0347641,60.0
1744879047806730.0,-8101.0,4791.75,0.955697,1.57393,1.61614,0.0422025,60.0
1744879047827871.0,-8101.0,4791.75,0.955697,1.57393,1.60029,0.0263594,60.0
1744879047848832.0,-8101.42,4794.49,0.958286,1.61614,1.50274,-0.113398,60.0
1744879047870299.0,-8101.42,4794.49,0.958286,1.61614,1.50383,-0.112308,60.0
1744879047891879.0,-8101.84,4797.91,0.961388,1.50274,1.65018,0.147443,60.0
1744879047912950.0,-8101.84,4797.91,0.961388,1.50274,1.56302,0.0602844,60.0
1744879047933853.0,-8101.84,4797.91,0.961388,1.50274,1.56544,0.0627039,60.0
1744879047956535.0,-8102.26,4800.64,0.963979,1.56302,1.67633,0.113306,60.0
1744879047983906.0,-8102.26,4800.64,0.963979,1.56302,1.66572,0.102697,60.0
1744879048006765.0,-8102.68,4803.37,0.966572,1.67633,1.70544,0.0291132,60.0
1744879048029238.0,-8102.68,4803.37,0.966572,1.67633,1.58788,-0.0884492,60.0
1744879048051271.0,-8102.68,4806.79,0.969139,1.70544,1.74499,0.0395445,60.0
1744879048072646.0,-8102.68,4806.79,0.969139,1.70544,1.82834,0.122902,60.0
1744879048094411.0,-8103.1,4809.52,0.971734,1.74499,1.79379,0.0488068,60.0
1744879048123505.0,-8103.1,4809.52,0.971734,1.74499,1.69687,-0.0481202,60.0
1744879048150250.0,-8103.53,4812.26,0.97433,1.79379,1.69784,-0.0959489,60.0
1744879048178313.0,-8103.53,4812.26,0.97433,1.79379,1.6435,-0.150295,60.0
1744879048201700.0,-8103.95,4815.67,0.977442,1.69784,1.66109,-0.0367587,60.0
1744879048238401.0,-8103.95,4815.67,0.977442,1.69784,1.65671,-0.0411367,60.0
1744879048262382.0,-8104.37,4818.41,0.980041,1.66109,1.73888,0.0777983,60.0
1744879048286931.0,-8104.37,4818.41,0.980041,1.66109,1.77271,0.111626,60.0
1744879048311792.0,-8104.79,4821.83,0.983157,1.73888,1.59574,-0.143148,60.0
1744879048340495.0,-8104.79,4821.83,0.983157,1.73888,1.76129,0.0224046,60.0
1744879048365221.0,-8104.79,4824.56,0.985218,1.59574,1.69665,0.100915,60.0
1744879048400906.0,-8105.21,4827.29,0.987821,1.76129,1.60594,-0.155347,60.0
1744879048428002.0,-8105.21,4827.29,0.987821,1.76129,1.70544,-0.0558533,60.0
1744879048458627.0,-8105.63,4830.71,0.990941,1.60594,1.6042,-0.00173954,60.0
1744879048486991.0,-8105.63,4830.71,0.990941,1.60594,1.58059,-0.0253543,60.0
1744879048526172.0,-8106.06,4833.44,0.993547,1.6042,1.7421,0.137898,60.0
1744879048565729.0,-8106.48,4836.18,0.996153,1.58059,1.43356,-0.147031,60.0
1744879048615801.0,-8106.48,4836.18,0.996153,1.58059,1.54642,-0.034172,60.0
1744879048642084.0,-8106.48,4839.59,0.998738,1.43356,1.59012,0.156564,60.0
1744879048672058.0,-8106.9,4842.33,1.00135,1.54642,1.70935,0.162931,60.0
1744879048697913.0,-8106.9,4842.33,1.00135,1.54642,1.6838,0.137385,60.0
1744879048733065.0,-8107.32,4845.06,1.00396,1.70935,1.80637,0.0970247,60.0
1744879048763155.0,-8107.32,4845.06,1.00396,1.70935,1.57626,-0.133084,60.0
1744879048801036.0,-8107.32,4848.48,1.00655,1.80637,1.70728,-0.0990928,60.0
1744879048826630.0,-8107.32,4848.48,1.00655,1.80637,1.76827,-0.0381037,60.0
1744879048860243.0,-8107.74,4851.21,1.00916,1.70728,1.6575,-0.0497741,60.0
1744879048890596.0,-8108.16,4854.63,1.01229,1.76827,1.64168,-0.126588,60.0
1744879048917550.0,-8108.16,4854.63,1.01229,1.76827,1.71449,-0.0537807,60.0
1744879048947604.0,-8108.58,4857.36,1.01491,1.64168,1.7692,0.127516,60.0
1744879048978368.0,-8108.58,4857.36,1.01491,1.64168,1.62682,-0.0148591,60.0
1744879049017426.0,-8108.58,4860.1,1.01699,1.7692,1.70722,-0.0619798,60.0
1744879049063556.0,-8109.0,4863.51,1.02013,1.62682,1.73815,0.111328,60.0
1744879049091074.0,-8109.0,4863.51,1.02013,1.62682,1.68479,0.0579678,60.0
1744879049122123.0,-8109.43,4866.25,1.02274,1.73815,1.73892,0.000773048,60.0
1744879049150067.0,-8109.85,4868.98,1.02537,1.68479,1.53928,-0.145511,60.0
1744879049177109.0,-8109.85,4868.98,1.02537,1.68479,1.82859,0.143803,60.0
1744879049204760.0,-8109.85,4872.4,1.02797,1.53928,1.65579,0.116515,60.0
1744879049231466.0,-8109.85,4872.4,1.02797,1.53928,1.53369,-0.00559167,60.0
1744879049260635.0,-8110.27,4875.13,1.03059,1.65579,1.67314,0.0173515,60.0
1744879049302959.0,-8110.69,4877.86,1.03322,1.53369,1.67906,0.145375,60.0
1744879049332538.0,-8110.69,4877.86,1.03322,1.53369,1.64028,0.10659,60.0
1744879049364481.0,-8110.69,4881.28,1.03582,1.67906,1.56258,-0.116482,60.0
1744879049395088.0,-8110.69,4881.28,1.03582,1.67906,1.72597,0.0469082,60.0
1744879049426932.0,-8111.11,4884.01,1.03845,1.56258,1.5937,0.0311206,60.0
1744879049462638.0,-8111.11,4884.01,1.03845,1.56258,1.71744,0.154865,60.0
1744879049491407.0,-8111.53,4887.43,1.0416,1.5937,1.68236,0.0886612,60.0
1744879049525769.0,-8111.53,4890.17,1.04369,1.71744,1.73044,0.0129968,60.0
1744879049556911.0,-8111.53,4890.17,1.04369,1.71744,1.73301,0.0155713,60.0
1744879049595109.0,-8111.95,4892.9,1.04632,1.73044,1.58224,-0.148198,60.0
1744879049645216.0,-8112.37,4896.32,1.04948,1.73301,1.68625,-0.0467602,60.0
1744879049672955.0,-8112.37,4899.05,1.05157,1.58224,1.69999,0.117751,60.0
1744879049701572.0,-8112.37,4899.05,1.05157,1.58224,1.63523,0.0529923,60.0
1744879049729406.0,-8112.79,4901.78,1.05421,1.69999,1.7611,0.0611102,60.0
1744879049763276.0,-8112.79,4901.78,1.05421,1.69999,1.66446,-0.035529,60.0
1744879049793100.0,-8113.21,4905.2,1.05737,1.7611,1.6804,-0.0807045,60.0
1744879049822055.0,-8113.21,4905.2,1.05737,1.7611,1.6389,-0.122206,60.0
1744879049900575.0,-8113.63,4911.35,1.06263,1.6804,1.73801,0.057614,60.0
1744879049950600.0,-8114.06,4914.08,1.06527,1.73801,1.69866,-0.0393532,60.0
1744879049984768.0,-8114.06,4914.08,1.06527,1.73801,1.72658,-0.0114366,60.0
1744879050033879.0,-8114.48,4916.82,1.06791,1.69866,1.62991,-0.0687524,60.0
1744879050068943.0,-8114.48,4920.24,1.07054,1.72658,1.66752,-0.0590555,60.0
1744879050099558.0,-8114.48,4920.24,1.07054,1.72658,1.59339,-0.133191,60.0
1744879050127350.0,-8114.9,4922.97,1.07318,1.66752,1.72119,0.0536673,60.0
1744879050166691.0,-8115.32,4925.7,1.07583,1.59339,1.61426,0.0208766,60.0
1744879050199994.0,-8115.32,4925.7,1.07583,1.59339,1.62419,0.0308029,60.0
1744879050239128.0,-8115.74,4929.12,1.079,1.61426,1.73225,0.117986,60.0
1744879050280262.0,-8115.74,4931.85,1.08111,1.62419,1.55852,-0.0656732,60.0
1744879050309675.0,-8116.16,4934.59,1.08376,1.73225,1.71132,-0.0209243,60.0
1744879050336176.0,-8116.16,4934.59,1.08376,1.73225,1.58238,-0.149872,60.0
1744879050363780.0,-8116.58,4938.0,1.08694,1.71132,1.66282,-0.0485059,60.0
1744879050403296.0,-8116.58,4938.0,1.08694,1.71132,1.75546,0.0441346,60.0
1744879050433407.0,-8117.01,4940.74,1.08959,1.66282,1.51323,-0.149592,60.0
1744879050475095.0,-8117.0,4944.15,1.09223,1.75546,1.62502,-0.130442,60.0
1744879050529022.0,-8117.43,4946.89,1.09489,1.51323,1.67394,0.160717,60.0
1744879050582334.0,-8117.85,4949.62,1.09754,1.62502,1.6977,0.0726864,60.0
1744879050650012.0,-8117.85,4953.04,1.10019,1.67394,1.75362,0.0796763,60.0
1744879050682930.0,-8117.85,4953.04,1.10019,1.67394,1.77327,0.0993299,60.0
1744879050722350.0,-8118.27,4955.77,1.10285,1.75362,1.75221,-0.00141181,60.0
1744879050762985.0,-8118.69,4958.51,1.10551,1.77327,1.7537,-0.019574,60.0
1744879050797967.0,-8119.11,4961.92,1.1087,1.75221,1.85526,0.103051,60.0
1744879050831751.0,-8119.11,4961.92,1.1087,1.75221,1.794,0.0417952,60.0
1744879050860639.0,-8119.11,4964.66,1.11082,1.85526,1.72411,-0.131148,60.0
1744879050894876.0,-8119.53,4967.39,1.11348,1.794,1.90419,0.110186,60.0
1744879050931272.0,-8119.53,4967.39,1.11348,1.794,1.63242,-0.161579,60.0
1744879050960638.0,-8119.95,4970.81,1.11668,1.90419,1.75185,-0.152339,60.0
1744879051007725.0,-8120.37,4973.54,1.11934,1.63242,1.61803,-0.0143919,60.0
1744879051043121.0,-8120.37,4973.54,1.11934,1.63242,1.72591,0.093486,60.0
1744879051075077.0,-8120.8,4976.96,1.12254,1.61803,1.61995,0.00192147,60.0
1744879051116670.0,-8120.8,4976.96,1.12254,1.61803,1.72461,0.106582,60.0
1744879051148341.0,-8121.22,4979.69,1.12521,1.61995,1.75133,0.131379,60.0
1744879051192667.0,-8121.64,4982.43,1.12788,1.72461,1.63013,-0.0944852,60.0
1744879051234468.0,-8122.06,4985.84,1.13109,1.75133,1.68844,-0.0628954,60.0
1744879051291811.0,-8122.06,4988.58,1.13322,1.63013,1.6283,-0.00183071,60.0
1744879051324768.0,-8122.48,4991.31,1.13589,1.68844,1.67717,-0.0112702,60.0
1744879051365354.0,-8122.48,4991.31,1.13589,1.68844,1.56074,-0.127697,60.0
1744879051394278.0,-8122.9,4994.73,1.1391,1.67717,1.78827,0.111099,60.0
1744879051428807.0,-8122.9,4994.73,1.1391,1.67717,1.65815,-0.0190207,60.0
1744879051467891.0,-8123.33,4997.46,1.14178,1.78827,1.6489,-0.139361,60.0
1744879051496390.0,-8123.75,5000.19,1.14446,1.65815,1.68769,0.0295416,60.0
1744879051540821.0,-8124.17,5003.61,1.14767,1.6489,1.74899,0.100084,60.0
1744879051586069.0,-8124.17,5003.61,1.14767,1.6489,1.81102,0.162116,60.0
1744879051619615.0,-8124.59,5006.34,1.15035,1.74899,1.77378,0.0247937,60.0
1744879051649095.0,-8125.01,5009.08,1.15303,1.81102,1.66837,-0.142654,60.0
1744879051691372.0,-8125.01,5009.08,1.15303,1.81102,1.80911,-0.00190747,60.0
1744879051728836.0,-8125.01,5012.5,1.15571,1.66837,1.83122,0.162855,60.0
1744879051789702.0,-8125.43,5015.23,1.15839,1.80911,1.6562,-0.152912,60.0
1744879051832210.0,-8125.85,5018.65,1.16162,1.83122,1.74178,-0.089441,60.0
1744879051874188.0,-8126.28,5021.38,1.1643,1.6562,1.62596,-0.0302419,60.0
1744879051912599.0,-8126.28,5021.38,1.1643,1.6562,1.79566,0.13946,60.0
1744879051952395.0,-8126.7,5024.11,1.16699,1.62596,1.54232,-0.0836388,60.0
1744879051985548.0,-8127.12,5027.53,1.17022,1.79566,1.87674,0.0810782,60.0
1744879052013539.0,-8127.12,5027.53,1.17022,1.79566,1.94389,0.14823,60.0
1744879052044717.0,-8127.54,5030.26,1.17291,1.87674,2.0086,0.131859,60.0
1744879052084308.0,-8127.54,5030.26,1.17291,1.87674,1.96058,0.0838392,60.0
1744879052113331.0,-8127.96,5033.0,1.1756,2.0086,2.17179,0.163193,60.0
1744879052147097.0,-8128.38,5036.42,1.17883,1.96058,2.00008,0.0394992,60.0
1744879052199287.0,-8128.38,5036.42,1.17883,1.96058,2.1225,0.161926,60.0
1744879052225805.0,-8129.23,5039.15,1.18207,2.00008,1.99927,-0.0008032,60.0
1744879052266923.0,-8129.65,5041.88,1.18477,2.1225,2.19254,0.0700323,60.0
1744879052317487.0,-8129.65,5041.88,1.18477,2.1225,2.03738,-0.0851225,60.0
1744879052352027.0,-8130.07,5045.3,1.188,2.19254,2.23375,0.0412105,60.0
1744879052383602.0,-8130.49,5048.03,1.1907,2.03738,2.1727,0.135316,60.0
1744879052411785.0,-8130.49,5048.03,1.1907,2.03738,2.11403,0.076651,60.0
1744879052445362.0,-8131.34,5050.77,1.19394,2.1727,2.14418,-0.0285194,60.0
1744879052488181.0,-8131.34,5050.77,1.19394,2.1727,2.20139,0.0286915,60.0
1744879052517465.0,-8131.76,5053.5,1.19664,2.14418,2.17888,0.0346998,60.0
1744879052548505.0,-8132.61,5056.92,1.20043,2.20139,2.07489,-0.126504,60.0
1744879052575347.0,-8132.61,5056.92,1.20043,2.20139,2.05757,-0.143818,60.0
1744879052608381.0,-8133.03,5059.65,1.20313,2.07489,2.22454,0.149656,60.0
1744879052635784.0,-8133.03,5059.65,1.20313,2.07489,2.21071,0.135822,60.0
1744879052664360.0,-8133.87,5062.39,1.20638,2.22454,2.16895,-0.0555902,60.0
1744879052705192.0,-8134.72,5065.8,1.21017,2.21071,2.30259,0.0918869,60.0
1744879052767493.0,-8134.72,5065.8,1.21017,2.21071,2.18173,-0.02898,60.0
1744879052800602.0,-8135.56,5068.54,1.21342,2.30259,2.3619,0.0593024,60.0
1744879052833678.0,-8135.99,5071.27,1.21613,2.18173,2.25714,0.0754148,60.0
1744879052863303.0,-8135.99,5071.27,1.21613,2.18173,2.20434,0.0226163,60.0
1744879052911478.0,-8136.83,5074.01,1.21938,2.25714,2.39307,0.135925,60.0
1744879052959014.0,-8137.68,5077.42,1.22318,2.20434,2.18204,-0.0223037,60.0
1744879052987879.0,-8138.52,5080.16,1.22643,2.39307,2.31006,-0.0830051,60.0
1744879053023955.0,-8138.52,5080.16,1.22643,2.39307,2.26053,-0.13254,60.0
1744879053068198.0,-8139.37,5082.89,1.22969,2.31006,2.19497,-0.115095,60.0
1744879053095419.0,-8140.21,5085.62,1.23294,2.26053,2.28773,0.0272068,60.0
1744879053130159.0,-8140.21,5085.62,1.23294,2.26053,2.15052,-0.110009,60.0
1744879053166025.0,-8141.06,5088.36,1.2362,2.28773,2.24735,-0.0403809,60.0
1744879053200498.0,-8142.33,5091.09,1.24001,2.15052,2.30742,0.156901,60.0
1744879053257581.0,-8143.17,5094.51,1.24381,2.24735,2.16049,-0.0868626,60.0
1744879053313742.0,-8143.17,5094.51,1.24381,2.24735,2.18774,-0.0596077,60.0
1744879053342500.0,-8144.02,5097.24,1.24708,2.16049,2.2407,0.0802085,60.0
1744879053375469.0,-8144.86,5099.98,1.25034,2.18774,2.08528,-0.102462,60.0
1744879053437953.0,-8146.13,5102.71,1.25415,2.08528,2.21603,0.130743,60.0
1744879053468789.0,-8146.13,5102.71,1.25415,2.08528,2.21386,0.12858,60.0
1744879053501904.0,-8146.98,5105.45,1.25742,2.21603,2.2075,-0.00852702,60.0
1744879053540637.0,-8148.25,5108.18,1.26123,2.21386,2.25968,0.0458134,60.0
1744879053591874.0,-8149.09,5110.91,1.2645,2.25968,2.33492,0.075245,60.0
1744879053620653.0,-8149.09,5110.91,1.2645,2.25968,2.30327,0.0435942,60.0
1744879053653452.0,-8150.36,5113.65,1.26831,2.33492,2.30444,-0.0304835,60.0
1744879053681590.0,-8150.36,5113.65,1.26831,2.33492,2.17294,-0.161977,60.0
1744879053712374.0,-8151.63,5117.07,1.27267,2.30444,2.30627,0.00183436,60.0
1744879053766004.0,-8152.47,5119.8,1.27595,2.17294,2.02648,-0.146469,60.0
1744879053791006.0,-8152.47,5119.8,1.27595,2.17294,2.24382,0.0708719,60.0
1744879053811729.0,-8152.47,5119.8,1.27595,2.17294,2.33273,0.159782,60.0
1744879053832506.0,-8153.74,5122.53,1.27976,2.24382,2.09088,-0.152941,60.0
1744879053853224.0,-8153.74,5122.53,1.27976,2.24382,2.37859,0.134772,60.0
1744879053874090.0,-8155.01,5125.27,1.28358,2.09088,2.10511,0.0142293,60.0
1744879053894984.0,-8155.01,5125.27,1.28358,2.09088,2.1513,0.0604209,60.0
1744879053916179.0,-8155.01,5125.27,1.28358,2.09088,2.25432,0.163441,60.0
1744879053936847.0,-8156.28,5128.0,1.2874,2.1513,2.08084,-0.0704577,60.0
1744879053957661.0,-8156.28,5128.0,1.2874,2.1513,2.2729,0.121608,60.0
1744879053978640.0,-8157.55,5130.74,1.29123,2.08084,2.14435,0.0635138,60.0
1744879053999418.0,-8157.55,5130.74,1.29123,2.08084,2.12008,0.0392374,60.0
1744879054020366.0,-8158.82,5133.47,1.29505,2.14435,2.22808,0.0837229,60.0
1744879054041371.0,-8158.82,5133.47,1.29505,2.14435,2.30035,0.155993,60.0
1744879054062115.0,-8158.82,5133.47,1.29505,2.14435,2.2126,0.0682481,60.0
1744879054082989.0,-8160.09,5136.21,1.29888,2.30035,2.34203,0.0416834,60.0
1744879054103735.0,-8160.09,5136.21,1.29888,2.30035,2.24775,-0.0526005,60.0
1744879054124576.0,-8161.36,5138.94,1.3027,2.34203,2.25901,-0.0830213,60.0
1744879054153003.0,-8161.36,5138.94,1.3027,2.34203,2.2992,-0.0428312,60.0
1744879054174261.0,-8162.63,5140.99,1.30598,2.25901,2.22068,-0.0383313,60.0
1744879054195113.0,-8162.63,5140.99,1.30598,2.25901,2.18165,-0.0773613,60.0
1744879054215939.0,-8162.63,5140.99,1.30598,2.25901,2.33465,0.0756466,60.0
1744879054237070.0,-8163.89,5143.72,1.30981,2.18165,2.24118,0.0595376,60.0
1744879054258748.0,-8163.89,5143.72,1.30981,2.18165,2.14989,-0.0317544,60.0
1744879054280264.0,-8165.16,5146.46,1.31364,2.24118,2.37971,0.138526,60.0
1744879054302487.0,-8165.16,5146.46,1.31364,2.24118,2.31912,0.0779385,60.0
1744879054326693.0,-8166.86,5149.19,1.31802,2.37971,2.2537,-0.126008,60.0
1744879054347791.0,-8166.86,5149.19,1.31802,2.37971,2.33372,-0.0459894,60.0
1744879054369301.0,-8166.86,5149.19,1.31802,2.37971,2.35069,-0.029022,60.0
1744879054390522.0,-8168.12,5151.93,1.32185,2.33372,2.26247,-0.0712474,60.0
1744879054411554.0,-8168.12,5151.93,1.32185,2.33372,2.30062,-0.0330993,60.0
1744879054432466.0,-8169.39,5154.66,1.32569,2.26247,2.19814,-0.06433,60.0
1744879054453443.0,-8169.39,5154.66,1.32569,2.26247,2.31711,0.0546323,60.0
1744879054475318.0,-8169.39,5154.66,1.32569,2.26247,2.35605,0.0935769,60.0
1744879054496816.0,-8171.09,5157.4,1.33007,2.31711,2.23864,-0.0784639,60.0
1744879054519171.0,-8171.09,5157.4,1.33007,2.31711,2.18158,-0.135524,60.0
1744879054542144.0,-8172.35,5160.13,1.33391,2.23864,2.22778,-0.0108642,60.0
1744879054563109.0,-8172.35,5160.13,1.33391,2.23864,2.18006,-0.0585812,60.0
1744879054586797.0,-8174.05,5162.18,1.33774,2.22778,2.3022,0.0744188,60.0
1744879054612925.0,-8174.05,5162.18,1.33774,2.22778,2.28874,0.0609605,60.0
1744879054636084.0,-8175.32,5164.92,1.34158,2.3022,2.27913,-0.0230616,60.0
1744879054666132.0,-8175.32,5164.92,1.34158,2.3022,2.17929,-0.122904,60.0
1744879054689191.0,-8177.01,5167.65,1.34596,2.27913,2.13181,-0.14732,60.0
1744879054718765.0,-8177.01,5167.65,1.34596,2.27913,2.262,-0.0171354,60.0
1744879054745277.0,-8178.7,5170.39,1.35035,2.13181,2.21934,0.0875268,60.0
1744879054780272.0,-8178.7,5170.39,1.35035,2.13181,2.14695,0.0151374,60.0
1744879054807218.0,-8179.97,5173.12,1.3542,2.21934,2.19833,-0.0210082,60.0
1744879054839297.0,-8181.66,5175.17,1.35804,2.14695,2.25001,0.103057,60.0
1744879054863114.0,-8181.66,5175.17,1.35804,2.14695,2.24942,0.102465,60.0
1744879054895925.0,-8183.35,5177.91,1.36243,2.25001,2.1192,-0.130813,60.0
1744879054921958.0,-8183.35,5177.91,1.36243,2.25001,2.09276,-0.157252,60.0
1744879054948716.0,-8184.62,5180.64,1.36628,2.1192,2.14139,0.0221964,60.0
1744879054973136.0,-8184.62,5180.64,1.36628,2.1192,2.16437,0.0451721,60.0
1744879055001535.0,-8186.32,5182.69,1.37012,2.14139,2.16686,0.0254672,60.0
1744879055027536.0,-8186.32,5182.69,1.37012,2.14139,2.15654,0.0151481,60.0
1744879055055103.0,-8188.01,5185.42,1.37452,2.16686,2.14262,-0.0242387,60.0
1744879055079456.0,-8188.01,5185.42,1.37452,2.16686,2.04582,-0.12104,60.0
1744879055105250.0,-8188.01,5185.42,1.37452,2.16686,2.12175,-0.0451134,60.0
1744879055133391.0,-8189.7,5188.16,1.37892,2.04582,2.15795,0.112134,60.0
1744879055163774.0,-8190.97,5190.89,1.38277,2.12175,2.07557,-0.0461803,60.0
1744879055217191.0,-8192.66,5192.94,1.38662,2.15795,2.30273,0.144776,60.0
1744879055263123.0,-8192.66,5192.94,1.38662,2.15795,2.25696,0.0990074,60.0
1744879055292125.0,-8194.35,5195.68,1.39102,2.30273,2.23919,-0.0635405,60.0
1744879055334586.0,-8196.05,5198.41,1.39543,2.25696,2.25967,0.00270708,60.0
1744879055361726.0,-8196.05,5198.41,1.39543,2.25696,2.39904,0.142081,60.0
1744879055407930.0,-8197.32,5201.15,1.39929,2.25967,2.15966,-0.100006,60.0
1744879055450348.0,-8199.01,5203.2,1.40314,2.39904,2.23948,-0.159558,60.0
1744879055479639.0,-8200.7,5205.93,1.40755,2.15966,2.01429,-0.145369,60.0
1744879055509444.0,-8200.7,5205.93,1.40755,2.15966,2.27261,0.112951,60.0
1744879055537751.0,-8202.39,5208.67,1.41196,2.01429,2.14407,0.129777,60.0
1744879055570566.0,-8202.39,5208.67,1.41196,2.01429,2.00672,-0.00757228,60.0
1744879055600244.0,-8204.09,5210.72,1.41582,2.14407,2.30139,0.157317,60.0
1744879055629294.0,-8204.09,5210.72,1.41582,2.14407,2.17832,0.0342516,60.0
1744879055655817.0,-8205.78,5213.45,1.42023,2.30139,2.36591,0.0645195,60.0
1744879055686305.0,-8205.78,5213.45,1.42023,2.30139,2.22931,-0.0720766,60.0
1744879055712785.0,-8207.47,5216.19,1.42464,2.36591,2.21126,-0.154642,60.0
1744879055746402.0,-8209.16,5218.24,1.4285,2.22931,2.1498,-0.079514,60.0
1744879055781802.0,-8209.16,5218.24,1.4285,2.22931,2.12375,-0.10556,60.0
1744879055814037.0,-8210.86,5220.97,1.43292,2.1498,2.18061,0.0308127,60.0
1744879055852668.0,-8212.55,5223.03,1.43678,2.12375,1.97103,-0.152716,60.0
1744879055879767.0,-8212.55,5223.03,1.43678,2.12375,2.08502,-0.038732,60.0
1744879055911354.0,-8214.24,5225.76,1.44121,1.97103,2.10556,0.134523,60.0
1744879055946680.0,-8214.24,5225.76,1.44121,1.97103,2.12566,0.154623,60.0
1744879055983020.0,-8215.93,5228.49,1.44563,2.10556,2.04779,-0.0577705,60.0
1744879056019705.0,-8217.2,5230.55,1.44895,2.12566,2.15031,0.0246567,60.0
1744879056053897.0,-8217.2,5230.55,1.44895,2.12566,2.27705,0.151392,60.0
1744879056082278.0,-8218.89,5233.28,1.45337,2.15031,2.22205,0.071735,60.0
1744879056109938.0,-8218.89,5233.28,1.45337,2.15031,2.09882,-0.051496,60.0
1744879056160408.0,-8220.59,5236.01,1.4578,2.22205,2.33699,0.114942,60.0
1744879056200174.0,-8222.28,5238.07,1.46167,2.09882,2.16167,0.062853,60.0
1744879056250508.0,-8223.97,5240.8,1.4661,2.33699,2.17401,-0.162977,60.0
1744879056301963.0,-8223.97,5240.8,1.4661,2.33699,2.47831,0.141314,60.0
1744879056329409.0,-8225.66,5243.53,1.47053,2.17401,2.19415,0.0201353,60.0
1744879056366167.0,-8227.36,5245.59,1.47441,2.47831,2.33073,-0.147577,60.0
1744879056395683.0,-8227.36,5245.59,1.47441,2.47831,2.3271,-0.151203,60.0
1744879056429896.0,-8229.05,5248.32,1.47884,2.33073,2.36181,0.0310855,60.0
1744879056469123.0,-8230.74,5251.05,1.48328,2.3271,2.33683,0.00973005,60.0
1744879056498989.0,-8230.74,5251.05,1.48328,2.3271,2.30099,-0.0261146,60.0
1744879056531887.0,-8232.43,5253.11,1.48716,2.33683,2.19863,-0.138203,60.0
1744879056561224.0,-8234.13,5255.84,1.49159,2.19863,2.16143,-0.0372045,60.0
1744879056597459.0,-8234.13,5255.84,1.49159,2.19863,2.10891,-0.0897214,60.0
1744879056637708.0,-8235.82,5257.89,1.49547,2.16143,2.20703,0.0456006,60.0
1744879056673559.0,-8237.93,5260.63,1.50047,2.10891,2.13326,0.0243493,60.0
1744879056710240.0,-8237.93,5260.63,1.50047,2.10891,2.05014,-0.058768,60.0
1744879056746945.0,-8239.63,5262.68,1.50435,2.13326,2.14297,0.00971001,60.0
1744879056777420.0,-8241.32,5265.41,1.50879,2.05014,2.05605,0.00591086,60.0
1744879056806344.0,-8241.32,5265.41,1.50879,2.05014,2.04488,-0.00526539,60.0
1744879056832503.0,-8243.01,5268.15,1.51324,2.05605,2.18467,0.128623,60.0
1744879056866147.0,-8243.01,5268.15,1.51324,2.05605,2.17092,0.114867,60.0
1744879056893569.0,-8244.71,5270.2,1.51713,2.18467,2.21873,0.0340557,60.0
1744879056928546.0,-8246.4,5272.93,1.52158,2.17092,2.07068,-0.100234,60.0
1744879056977353.0,-8246.4,5272.93,1.52158,2.17092,2.28605,0.115132,60.0
1744879057005573.0,-8248.09,5275.67,1.52603,2.07068,2.20329,0.132609,60.0
1744879057033550.0,-8249.78,5277.72,1.52992,2.28605,2.15835,-0.127697,60.0
1744879057060355.0,-8249.78,5277.72,1.52992,2.28605,2.14461,-0.141442,60.0
1744879057104459.0,-8251.47,5280.45,1.53437,2.15835,2.2006,0.0422516,60.0
1744879057159632.0,-8251.47,5280.45,1.53437,2.15835,2.11455,-0.0438014,60.0
1744879057201437.0,-8253.17,5282.5,1.53826,2.2006,2.32269,0.122088,60.0
1744879057230777.0,-8254.86,5285.24,1.54272,2.11455,2.1127,-0.00185631,60.0
1744879057279475.0,-8256.55,5287.97,1.54718,2.32269,2.32777,0.00507951,60.0
1744879057332210.0,-8258.24,5290.02,1.55108,2.1127,2.14691,0.0342121,60.0
1744879057359298.0,-8258.24,5290.02,1.55108,2.1127,2.17098,0.0582857,60.0
1744879057392984.0,-8259.94,5292.76,1.55554,2.14691,2.22136,0.0744518,60.0
1744879057458854.0,-8261.63,5294.81,1.55944,2.17098,2.16294,-0.00804093,60.0
1744879057514403.0,-8261.63,5294.81,1.55944,2.17098,2.30975,0.138767,60.0
1744879057545947.0,-8263.32,5297.54,1.5639,2.16294,2.20211,0.0391657,60.0
1744879057579757.0,-8265.01,5300.28,1.56837,2.30975,2.18378,-0.125971,60.0
1744879057638712.0,-8266.71,5302.33,1.57227,2.20211,2.15681,-0.0452964,60.0
1744879057668832.0,-8268.4,5305.06,1.57674,2.15681,2.24946,0.0926499,60.0
1744879057708675.0,-8268.4,5305.06,1.57674,2.15681,2.12409,-0.0327215,60.0
1744879057778729.0,-8271.78,5309.85,1.58512,2.24946,2.32403,0.0745741,60.0
1744879057838319.0,-8273.48,5312.58,1.58959,2.12409,2.09881,-0.0252768,60.0
1744879057908538.0,-8275.17,5314.64,1.5935,2.32403,2.33328,0.00924798,60.0
1744879057936377.0,-8275.17,5314.64,1.5935,2.32403,2.27525,-0.0487804,60.0
1744879057974452.0,-8276.86,5317.37,1.59798,2.33328,2.26262,-0.0706589,60.0
1744879058016422.0,-8278.98,5319.42,1.60244,2.27525,2.29495,0.0197004,60.0
1744879058058551.0,-8278.98,5319.42,1.60244,2.27525,2.16991,-0.105347,60.0
1744879058085816.0,-8280.67,5322.16,0.606921,2.29495,2.26362,-0.0313373,60.0
1744879058148077.0,-8282.36,5324.21,0.610834,2.16991,2.17024,0.000337474,60.0
1744879058215695.0,-8284.06,5326.94,0.615317,2.26362,2.24653,-0.017085,60.0
1744879058244302.0,-8284.06,5326.94,0.615317,2.26362,2.24364,-0.019973,60.0
1744879058284935.0,-8285.75,5328.99,0.619232,2.24653,2.29829,0.0517617,60.0
1744879058331151.0,-8287.86,5331.73,0.624271,2.24364,2.15706,-0.0865852,60.0
1744879058358039.0,-8287.86,5331.73,0.624271,2.24364,2.24531,0.00166585,60.0
1744879058388903.0,-8289.56,5334.46,0.628759,2.15706,2.03223,-0.124829,60.0
1744879058445776.0,-8291.25,5336.51,0.632678,2.24531,2.25299,0.00768131,60.0
1744879058474731.0,-8292.94,5339.25,0.637169,2.03223,2.08158,0.0493479,60.0
1744879058509891.0,-8292.94,5339.25,0.637169,2.03223,2.17812,0.145887,60.0
1744879058544397.0,-8295.06,5341.3,0.641643,2.08158,2.10901,0.0274324,60.0
1744879058593138.0,-8296.75,5344.04,0.646137,2.17812,2.2425,0.0643841,60.0
1744879058629335.0,-8298.44,5346.09,0.650062,2.10901,2.11446,0.00545303,60.0
1744879058669186.0,-8300.14,5348.82,0.654559,2.2425,2.26013,0.0176271,60.0
1744879058706261.0,-8300.14,5348.82,0.654559,2.2425,2.18728,-0.055222,60.0
1744879058735454.0,-8301.83,5350.87,0.658485,2.26013,2.31613,0.0560072,60.0
1744879058762326.0,-8301.83,5350.87,0.658485,2.26013,2.26043,0.000298618,60.0
1744879058790719.0,-8303.52,5353.61,0.662985,2.31613,2.44533,0.129194,60.0
1744879058824911.0,-8303.52,5353.61,0.662985,2.31613,2.31993,0.00379528,60.0
1744879058857205.0,-8305.21,5355.66,0.666914,2.44533,2.33475,-0.110579,60.0
1744879058884452.0,-8307.33,5358.39,0.671971,2.31993,2.33887,0.0189398,60.0
1744879058912611.0,-8307.33,5358.39,0.671971,2.31993,2.21218,-0.107754,60.0
1744879058952065.0,-8309.02,5360.44,0.675902,2.33887,2.47761,0.138738,60.0
1744879058999811.0,-8309.02,5360.44,0.675902,2.33887,2.24703,-0.09184,60.0
1744879059027827.0,-8310.71,5363.18,0.680408,2.47761,2.33964,-0.137971,60.0
1744879059065506.0,-8312.83,5365.23,0.684896,2.24703,2.24737,0.000343589,60.0
1744879059105906.0,-8312.83,5365.23,0.684896,2.24703,2.30024,0.0532151,60.0
1744879059133461.0,-8314.52,5367.96,0.689405,2.24737,2.09084,-0.156536,60.0
1744879059184911.0,-8316.22,5370.02,0.693342,2.30024,2.16401,-0.136239,60.0
1744879059240702.0,-8318.33,5372.75,0.698408,2.09084,2.18698,0.0961418,60.0
1744879059273820.0,-8318.33,5372.75,0.698408,2.09084,2.0656,-0.0252326,60.0
1744879059313043.0,-8320.02,5374.8,0.702347,2.18698,2.15317,-0.0338109,60.0
1744879059357515.0,-8321.72,5377.54,0.706862,2.0656,2.20316,0.137555,60.0
1744879059395823.0,-8321.72,5377.54,0.706862,2.0656,2.08411,0.0185035,60.0
1744879059448527.0,-8323.83,5379.59,0.711358,2.20316,2.3002,0.0970412,60.0
1744879059490538.0,-8325.52,5382.32,0.715876,2.08411,2.22712,0.143013,60.0
1744879059517603.0,-8325.52,5382.32,0.715876,2.08411,2.10048,0.0163766,60.0
1744879059547855.0,-8327.22,5384.37,0.719821,2.22712,2.069,-0.158121,60.0
1744879059583063.0,-8328.91,5387.11,0.724342,2.10048,2.19544,0.0949507,60.0
1744879059612639.0,-8328.91,5387.11,0.724342,2.10048,2.13441,0.0339212,60.0
1744879059648165.0,-8331.03,5389.16,0.728843,2.19544,2.33123,0.135798,60.0
1744879059678806.0,-8331.03,5389.16,0.728843,2.19544,2.07625,-0.119183,60.0
1744879059710271.0,-8332.72,5391.89,0.733367,2.33123,2.24011,-0.0911213,60.0
1744879059742142.0,-8334.41,5393.95,0.737317,2.07625,2.21649,0.140233,60.0
1744879059774869.0,-8334.41,5393.95,0.737317,2.07625,2.19042,0.11417,60.0
1744879059833341.0,-8336.1,5396.68,0.741844,2.21649,2.20459,-0.011892,60.0
1744879059863447.0,-8337.8,5398.73,0.745795,2.19042,2.08826,-0.102162,60.0
1744879059895261.0,-8339.91,5401.47,0.750881,2.20459,2.0722,-0.132397,60.0
1744879059931743.0,-8339.91,5401.47,0.750881,2.20459,2.36054,0.155945,60.0
1744879059959493.0,-8341.6,5404.2,0.755412,2.0722,2.18145,0.109252,60.0
1744879060005374.0,-8343.3,5406.25,0.759368,2.36054,2.23929,-0.121253,60.0
1744879060054066.0,-8343.3,5406.25,0.759368,2.36054,2.434,0.0734659,60.0
1744879060081316.0,-8344.99,5408.99,0.763903,2.23929,2.126,-0.11329,60.0
1744879060113542.0,-8346.68,5411.04,0.767861,2.434,2.34542,-0.0885842,60.0
1744879060149185.0,-8346.68,5411.04,0.767861,2.434,2.28244,-0.151563,60.0
1744879060182964.0,-8348.8,5413.77,0.772954,2.34542,2.30875,-0.0366739,60.0
1744879060212123.0,-8348.8,5413.77,0.772954,2.34542,2.28733,-0.0580892,60.0
1744879060251004.0,-8350.49,5415.82,0.776915,2.30875,2.22472,-0.0840268,60.0
1744879060285394.0,-8352.18,5418.56,0.781456,2.28733,2.13456,-0.152772,60.0
1744879060324594.0,-8352.18,5418.56,0.781456,2.28733,2.29212,0.00479074,60.0
1744879060355038.0,-8354.3,5420.61,0.785975,2.13456,2.21778,0.083223,60.0
1744879060389259.0,-8354.3,5420.61,0.785975,2.13456,2.15976,0.0252052,60.0
1744879060409902.0,-8355.99,5423.34,0.790519,2.21778,2.13021,-0.0875745,60.0
1744879060430654.0,-8355.99,5423.34,0.790519,2.21778,2.20371,-0.0140716,60.0
1744879060451424.0,-8357.68,5425.4,0.794484,2.13021,2.27343,0.143222,60.0
1744879060472253.0,-8357.68,5425.4,0.794484,2.13021,2.12755,-0.00265394,60.0
1744879060493087.0,-8357.68,5425.4,0.794484,2.13021,2.18626,0.0560479,60.0
1744879060513931.0,-8359.8,5428.13,0.799588,2.12755,2.29167,0.164118,60.0
1744879060534582.0,-8359.8,5428.13,0.799588,2.12755,2.25042,0.122871,60.0
1744879060555599.0,-8361.49,5430.18,0.803556,2.29167,2.33111,0.0394425,60.0
1744879060576372.0,-8361.49,5430.18,0.803556,2.29167,2.3069,0.0152263,60.0
1744879060597182.0,-8361.49,5430.18,0.803556,2.29167,2.25124,-0.0404273,60.0
1744879060617999.0,-8363.18,5432.92,0.808106,2.3069,2.18721,-0.119687,60.0
1744879060638797.0,-8363.18,5432.92,0.808106,2.3069,2.1477,-0.1592,60.0
1744879060659434.0,-8364.88,5434.97,0.812076,2.18721,2.14163,-0.0455846,60.0
1744879060680656.0,-8364.88,5434.97,0.812076,2.18721,2.2671,0.0798882,60.0
1744879060707201.0,-8366.99,5437.7,0.817186,2.14163,2.1871,0.0454692,60.0
1744879060728058.0,-8366.99,5437.7,0.817186,2.14163,2.24614,0.104509,60.0
1744879060749057.0,-8366.99,5437.7,0.817186,2.14163,2.03854,-0.10309,60.0
1744879060769902.0,-8368.68,5439.75,0.821159,2.24614,2.18755,-0.0585808,60.0
1744879060790925.0,-8368.68,5439.75,0.821159,2.24614,2.36557,0.119431,60.0
1744879060811664.0,-8370.38,5441.81,0.825133,2.18755,2.15475,-0.0328025,60.0
1744879060832983.0,-8370.38,5441.81,0.825133,2.18755,2.19604,0.00848735,60.0
1744879060854035.0,-8372.49,5444.54,0.830248,2.19604,2.21354,0.0174969,60.0
1744879060874971.0,-8372.49,5444.54,0.830248,2.19604,2.08575,-0.110293,60.0
1744879060895928.0,-8372.49,5444.54,0.830248,2.19604,2.09741,-0.0986287,60.0
1744879060916768.0,-8374.19,5447.27,0.834807,2.08575,2.14394,0.0581913,60.0
1744879060937951.0,-8374.19,5447.27,0.834807,2.08575,2.06065,-0.0251031,60.0
1744879060959432.0,-8375.88,5449.33,0.838785,2.14394,2.0471,-0.0968383,60.0
1744879060995971.0,-8375.88,5449.33,0.838785,2.14394,2.16821,0.0242703,60.0
1744879061017026.0,-8377.57,5452.06,0.843347,2.0471,2.12379,0.0766898,60.0
1744879061044316.0,-8377.57,5452.06,0.843347,2.0471,2.18173,0.134628,60.0
1744879061065223.0,-8379.26,5454.11,0.847327,2.12379,2.09593,-0.0278604,60.0
1744879061086162.0,-8379.26,5454.11,0.847327,2.12379,2.20696,0.0831697,60.0
1744879061107005.0,-8379.26,5454.11,0.847327,2.12379,2.24097,0.117174,60.0
1744879061127994.0,-8381.38,5456.85,0.85245,2.20696,2.17873,-0.0282337,60.0
1744879061149559.0,-8381.38,5456.85,0.85245,2.20696,2.19917,-0.0077875,60.0
1744879061171945.0,-8383.07,5458.9,0.856433,2.17873,2.29521,0.116485,60.0
1744879061193024.0,-8383.07,5458.9,0.856433,2.17873,2.14455,-0.0341747,60.0
1744879061215612.0,-8384.76,5461.63,0.861001,2.29521,2.20587,-0.0893466,60.0
1744879061243853.0,-8384.76,5461.63,0.861001,2.29521,2.36906,0.0738512,60.0
1744879061267551.0,-8386.46,5463.68,0.864987,2.20587,2.32323,0.117365,60.0
1744879061289789.0,-8386.46,5463.68,0.864987,2.20587,2.33579,0.129922,60.0
1744879061312459.0,-8388.15,5466.42,0.869557,2.32323,2.17723,-0.145998,60.0
1744879061343571.0,-8388.15,5466.42,0.869557,2.32323,2.24367,-0.0795638,60.0
1744879061371675.0,-8389.84,5468.47,0.873545,2.17723,2.26932,0.0920833,60.0
1744879061420006.0,-8391.96,5471.2,0.878678,2.24367,2.27902,0.0353556,60.0
1744879061444258.0,-8391.96,5471.2,0.878678,2.24367,2.3471,0.103434,60.0
1744879061468951.0,-8393.65,5473.26,0.882668,2.27902,2.28104,0.00202094,60.0
1744879061503732.0,-8393.65,5473.26,0.882668,2.27902,2.21557,-0.0634556,60.0
1744879061526727.0,-8395.34,5475.99,0.887245,2.28104,2.1751,-0.105939,60.0
1744879061552911.0,-8395.34,5475.99,0.887245,2.28104,2.24814,-0.0329005,60.0
1744879061579814.0,-8397.03,5478.72,0.891823,2.1751,2.14717,-0.0279311,60.0
1744879061608119.0,-8397.03,5478.72,0.891823,2.1751,2.12264,-0.0524669,60.0
1744879061631527.0,-8399.15,5480.78,0.896377,2.14717,2.3051,0.157928,60.0
1744879061667423.0,-8399.15,5480.78,0.896377,2.14717,2.19831,0.0511342,60.0
1744879061692262.0,-8400.84,5483.51,0.900958,2.3051,2.16529,-0.13981,60.0
1744879061716511.0,-8400.84,5483.51,0.900958,2.3051,2.14473,-0.160373,60.0
1744879061755350.0,-8402.53,5485.56,0.904955,2.16529,2.09775,-0.0675376,60.0
1744879061783319.0,-8404.23,5488.3,0.90954,2.14473,2.0923,-0.052429,60.0
1744879061818185.0,-8404.23,5488.3,0.90954,2.14473,2.295,0.150274,60.0
1744879061843754.0,-8405.92,5490.35,0.913539,2.0923,2.13851,0.046209,60.0
1744879061881788.0,-8408.04,5493.08,0.918686,2.295,2.40662,0.111619,60.0
1744879061915740.0,-8408.04,5493.08,0.918686,2.295,2.19524,-0.0997635,60.0
1744879061944129.0,-8409.73,5495.13,0.922688,2.40662,2.38104,-0.0255796,60.0
1744879061971112.0,-8409.73,5495.13,0.922688,2.40662,2.27609,-0.130535,60.0
1744879062014169.0,-8411.42,5497.87,0.927278,2.38104,2.25784,-0.123204,60.0
1744879062046635.0,-8413.11,5499.92,0.931283,2.27609,2.22043,-0.0556562,60.0
1744879062089851.0,-8415.23,5502.65,0.936436,2.22043,2.19252,-0.0279109,60.0
1744879062137546.0,-8416.92,5504.71,0.940443,2.19252,2.12533,-0.0671863,60.0
1744879062169078.0,-8416.92,5504.71,0.940443,2.19252,2.28772,0.0952001,60.0
1744879062207957.0,-8418.61,5507.44,0.94504,2.12533,2.18254,0.0572033,60.0
1744879062233548.0,-8418.61,5507.44,0.94504,2.12533,2.05037,-0.0749604,60.0
1744879062258829.0,-8420.73,5509.49,0.94961,2.18254,2.30808,0.125546,60.0
1744879062284107.0,-8420.73,5509.49,0.94961,2.18254,2.28165,0.099117,60.0
1744879062316314.0,-8422.42,5512.23,0.954209,2.30808,2.3301,0.0220148,60.0
1744879062360381.0,-8424.11,5514.28,0.958221,2.28165,2.12627,-0.155385,60.0
1744879062387417.0,-8424.11,5514.28,0.958221,2.28165,2.15453,-0.127124,60.0
1744879062428397.0,-8426.23,5517.01,0.963384,2.12627,2.21849,0.0922229,60.0
1744879062461868.0,-8427.92,5519.06,0.967399,2.15453,2.22153,0.0670014,60.0
1744879062488917.0,-8427.92,5519.06,0.967399,2.15453,2.29518,0.14065,60.0
1744879062516977.0,-8429.62,5521.8,0.972004,2.22153,2.28449,0.0629626,60.0
1744879062550957.0,-8431.31,5523.85,0.976021,2.29518,2.31052,0.0153364,60.0
1744879062586095.0,-8431.31,5523.85,0.976021,2.29518,2.1504,-0.144777,60.0
1744879062614454.0,-8433.42,5526.59,0.981191,2.31052,2.19761,-0.112906,60.0
1744879062656770.0,-8435.12,5528.64,0.98521,2.19761,2.1341,-0.0635077,60.0
1744879062684297.0,-8435.12,5528.64,0.98521,2.19761,2.0431,-0.154511,60.0
1744879062712389.0,-8436.81,5531.37,0.989822,2.1341,2.10265,-0.0314522,60.0
1744879062750154.0,-8436.81,5531.37,0.989822,2.1341,2.20583,0.0717258,60.0
1744879062805328.0,-8438.92,5533.42,0.994406,2.10265,2.2549,0.152255,60.0
1744879062835555.0,-8440.62,5536.16,0.99902,2.20583,2.25737,0.0515419,60.0
1744879062863766.0,-8440.62,5536.16,0.99902,2.20583,2.20895,0.00312651,60.0
1744879062895118.0,-8442.31,5538.21,1.00304,2.25737,2.12169,-0.135684,60.0
1744879062929350.0,-8442.31,5538.21,1.00304,2.25737,2.20792,-0.049445,60.0
1744879062969974.0,-8444.0,5540.94,1.00766,2.12169,2.0625,-0.0591828,60.0
1744879062998202.0,-8446.12,5542.99,1.01225,2.20792,2.30136,0.0934397,60.0
1744879063040025.0,-8447.81,5545.73,1.01687,2.0625,2.09712,0.0346202,60.0
1744879063074167.0,-8447.81,5545.73,1.01687,2.0625,2.16268,0.100172,60.0
1744879063101757.0,-8449.5,5547.78,1.0209,2.09712,2.17599,0.0788635,60.0
1744879063135994.0,-8449.5,5547.78,1.0209,2.09712,2.04767,-0.0494549,60.0
1744879063164824.0,-8451.19,5550.52,1.02552,2.17599,2.10765,-0.0683385,60.0
1744879063197900.0,-8452.89,5552.57,1.02956,2.04767,2.03968,-0.00799012,60.0
1744879063246210.0,-8452.89,5552.57,1.02956,2.04767,2.18654,0.138867,60.0
1744879063276724.0,-8454.58,5555.3,1.03418,2.03968,2.19376,0.154082,60.0
1744879063309550.0,-8456.27,5557.35,1.03822,2.18654,2.23037,0.0438394,60.0
1744879063337099.0,-8456.27,5557.35,1.03822,2.18654,2.24861,0.0620755,60.0
1744879063370331.0,-8457.96,5560.09,1.04285,2.23037,2.07773,-0.152649,60.0
1744879063401732.0,-8459.66,5562.82,1.04748,2.07773,2.19258,0.114849,60.0
1744879063434766.0,-8459.66,5562.82,1.04748,2.07773,2.00606,-0.0716628,60.0
1744879063469586.0,-8461.77,5564.87,1.05208,2.19258,2.28543,0.0928512,60.0
1744879063501905.0,-8461.77,5564.87,1.05208,2.19258,2.21583,0.0232525,60.0
1744879063536920.0,-8463.47,5567.61,1.05671,2.28543,2.27743,-0.00799282,60.0
1744879063577622.0,-8465.16,5569.66,1.06075,2.21583,2.1399,-0.0759236,60.0
1744879063608019.0,-8466.85,5572.39,1.06539,2.27743,2.20425,-0.0731847,60.0
1744879063648437.0,-8466.85,5572.39,1.06539,2.27743,2.32318,0.045745,60.0
1744879063686609.0,-8468.54,5575.13,1.07003,2.20425,2.11035,-0.0939004,60.0
1744879063715478.0,-8470.23,5577.18,1.07407,2.32318,2.23122,-0.0919593,60.0
1744879063752731.0,-8470.23,5577.18,1.07407,2.32318,2.26405,-0.0591305,60.0
1744879063782001.0,-8471.93,5579.91,1.07871,2.23122,2.18563,-0.0455924,60.0
1744879063815274.0,-8473.62,5581.97,1.08276,2.18563,2.10888,-0.0767493,60.0
1744879063853807.0,-8473.62,5581.97,1.08276,2.18563,2.14373,-0.0418992,60.0
1744879063932546.0,-8475.74,5584.7,1.08797,2.10888,2.19255,0.0836684,60.0
1744879063966325.0,-8477.43,5586.75,1.09202,2.14373,2.14401,0.000285296,60.0
1744879063993133.0,-8479.12,5589.49,1.09667,2.19255,2.20835,0.0158022,60.0
1744879064020008.0,-8479.12,5589.49,1.09667,2.19255,2.10882,-0.0837277,60.0
1744879064063704.0,-8480.81,5592.22,1.10132,2.20835,2.352,0.143647,60.0
1744879064105771.0,-8482.51,5594.27,1.10537,2.10882,2.15399,0.0451666,60.0
1744879064147091.0,-8484.2,5597.01,1.11002,2.15399,2.16916,0.0151739,60.0
1744879064180709.0,-8484.2,5597.01,1.11002,2.15399,2.1594,0.00541316,60.0
1744879064220794.0,-8485.89,5599.06,1.11408,2.16916,2.06933,-0.0998253,60.0
1744879064264850.0,-8487.58,5601.79,1.11873,2.1594,2.23162,0.0722196,60.0
1744879064299251.0,-8489.27,5603.84,1.12279,2.06933,2.15722,0.0878852,60.0
1744879064332745.0,-8489.27,5603.84,1.12279,2.06933,2.13851,0.0691739,60.0
1744879064360099.0,-8490.97,5606.58,1.12745,2.15722,2.17202,0.0148054,60.0
1744879064398001.0,-8490.97,5606.58,1.12745,2.15722,2.07239,-0.0848312,60.0
1744879064427142.0,-8493.08,5609.31,1.13267,2.17202,2.25781,0.0857866,60.0
1744879064460275.0,-8494.78,5611.37,1.13674,2.07239,2.18532,0.112928,60.0
1744879064514124.0,-8496.47,5614.1,1.1414,2.25781,2.18868,-0.0691353,60.0
1744879064575964.0,-8498.16,5616.15,1.14546,2.18532,2.14038,-0.0449354,60.0
1744879064614417.0,-8498.16,5616.15,1.14546,2.18532,2.34698,0.161667,60.0
1744879064643856.0,-8499.85,5618.89,1.15013,2.14038,2.2668,0.12642,60.0
1744879064672160.0,-8499.85,5618.89,1.15013,2.14038,2.0677,-0.0726773,60.0
1744879064702395.0,-8501.54,5621.62,1.1548,2.2668,2.1622,-0.104599,60.0
1744879064749958.0,-8503.24,5623.67,1.15886,2.0677,2.07939,0.0116872,60.0
1744879064789388.0,-8504.93,5626.41,1.16353,2.1622,2.14227,-0.0199304,60.0
1744879064817952.0,-8504.93,5626.41,1.16353,2.1622,2.32109,0.158891,60.0
1744879064853707.0,-8506.62,5629.14,1.16821,2.14227,2.20126,0.0589933,60.0
1744879064891689.0,-8508.31,5631.19,1.17228,2.32109,2.20681,-0.114279,60.0
1744879064938992.0,-8508.31,5631.19,1.17228,2.32109,2.16415,-0.156937,60.0
1744879064967825.0,-8510.01,5633.93,1.17695,2.20681,2.31906,0.112241,60.0
1744879065004012.0,-8511.7,5635.98,1.18103,2.16415,2.24342,0.0792658,60.0
1744879065042040.0,-8511.7,5635.98,1.18103,2.16415,2.22084,0.0566815,60.0
1744879065071346.0,-8513.39,5638.71,1.1857,2.24342,2.20258,-0.0408426,60.0
1744879065106704.0,-8515.08,5640.76,1.18978,2.22084,2.17734,-0.0434993,60.0
1744879065143316.0,-8515.08,5640.76,1.18978,2.22084,2.31334,0.0925076,60.0
1744879065172055.0,-8516.78,5643.5,1.19446,2.17734,2.29117,0.113833,60.0
1744879065221659.0,-8518.47,5646.23,1.19914,2.31334,2.30075,-0.0125936,60.0
1744879065269101.0,-8518.47,5646.23,1.19914,2.31334,2.17115,-0.142197,60.0
1744879065297388.0,-8520.16,5648.29,1.20322,2.30075,2.17743,-0.123316,60.0
1744879065334370.0,-8520.16,5648.29,1.20322,2.30075,2.3675,0.0667524,60.0
1744879065383783.0,-8522.28,5651.02,1.20848,2.17743,2.18839,0.0109514,60.0
1744879065412854.0,-8523.97,5653.07,1.21256,2.3675,2.22733,-0.140176,60.0
1744879065445854.0,-8523.97,5653.07,1.21256,2.3675,2.3601,-0.00740286,60.0
1744879065492246.0,-8525.66,5655.81,1.21725,2.22733,2.23075,0.00342626,60.0
1744879065525690.0,-8527.35,5657.86,1.22133,2.3601,2.30233,-0.0577709,60.0
1744879065572409.0,-8529.05,5660.59,1.22602,2.23075,2.29173,0.0609783,60.0
1744879065629013.0,-8531.16,5662.64,1.23068,2.30233,2.22344,-0.0788843,60.0
1744879065689305.0,-8531.16,5662.64,1.23068,2.30233,2.36825,0.065923,60.0
1744879065716281.0,-8532.85,5665.38,1.23538,2.22344,2.10598,-0.117469,60.0
1744879065746426.0,-8534.55,5667.43,1.23947,2.36825,2.30182,-0.066432,60.0
1744879065820512.0,-8536.66,5670.17,1.24473,2.10598,2.13702,0.0310394,60.0
1744879065861527.0,-8538.36,5672.22,1.24882,2.30182,2.18096,-0.120855,60.0
1744879065894735.0,-8538.36,5672.22,1.24882,2.30182,2.36957,0.0677483,60.0
1744879065949538.0,-8540.05,5674.95,1.25352,2.18096,2.31713,0.136162,60.0
1744879065995180.0,-8541.74,5677.0,1.25762,2.36957,2.27892,-0.0906464,60.0
1744879066023572.0,-8543.86,5679.74,1.26289,2.31713,2.33315,0.0160225,60.0
1744879066060419.0,-8545.55,5681.79,1.26699,2.27892,2.21258,-0.066341,60.0
1744879066107729.0,-8545.55,5681.79,1.26699,2.27892,2.41285,0.133928,60.0
1744879066132886.0,-8547.66,5684.52,1.27227,2.21258,2.13986,-0.0727258,60.0
1744879066159203.0,-8547.66,5684.52,1.27227,2.21258,2.24082,0.0282358,60.0
1744879066194959.0,-8549.36,5686.58,1.27637,2.13986,2.19726,0.0574058,60.0
1744879066229543.0,-8551.05,5689.31,1.28108,2.24082,2.21741,-0.0234024,60.0
1744879066271310.0,-8551.05,5689.31,1.28108,2.24082,2.257,0.0161845,60.0
1744879066308119.0,-8553.16,5691.36,1.28575,2.21741,2.21781,0.000390737,60.0
1744879066341662.0,-8554.86,5694.1,1.29046,2.257,2.38984,0.132835,60.0
1744879066385847.0,-8554.86,5694.1,1.29046,2.257,2.27003,0.0130238,60.0
1744879066412172.0,-8556.55,5696.15,1.29457,2.38984,2.26764,-0.122195,60.0
1744879066438843.0,-8558.67,5698.2,1.29924,2.27003,2.24178,-0.0282435,60.0
1744879066495246.0,-8558.67,5698.2,1.29924,2.27003,2.26554,-0.00449046,60.0
1744879066520778.0,-8560.36,5700.93,1.30396,2.24178,2.14648,-0.0952994,60.0
1744879066560675.0,-8562.47,5702.99,1.30864,2.26554,2.1694,-0.0961345,60.0
1744879066587976.0,-8562.47,5702.99,1.30864,2.26554,2.32644,0.0608999,60.0
1744879066623519.0,-8564.17,5705.72,1.31336,2.1694,2.08172,-0.0876761,60.0
1744879066651914.0,-8564.17,5705.72,1.31336,2.1694,2.11069,-0.0587113,60.0
1744879066679329.0,-8565.86,5707.77,1.31747,2.08172,2.14078,0.0590562,60.0
1744879066736875.0,-8565.86,5707.77,1.31747,2.08172,2.24204,0.160319,60.0
1744879066812966.0,-8569.67,5712.56,1.32688,2.14078,2.16773,0.0269536,60.0
1744879066841867.0,-8569.67,5712.56,1.32688,2.14078,2.12018,-0.0205987,60.0
1744879066883493.0,-8571.36,5715.29,1.3316,2.16773,2.24007,0.0723375,60.0
1744879066934697.0,-8573.05,5717.34,1.33572,2.12018,2.01413,-0.106053,60.0
1744879066961949.0,-8575.17,5720.08,1.34102,2.24007,2.11655,-0.123525,60.0
1744879066997378.0,-8575.17,5720.08,1.34102,2.24007,2.13018,-0.109887,60.0
1744879067031264.0,-8576.86,5722.13,1.34514,2.11655,2.26394,0.147394,60.0
1744879067072734.0,-8578.55,5724.86,1.34987,2.13018,2.21787,0.0876814,60.0
1744879067096738.0,-8578.55,5724.86,1.34987,2.13018,2.15547,0.0252881,60.0
1744879067117528.0,-8578.55,5724.86,1.34987,2.13018,2.26975,0.139568,60.0
1744879067139438.0,-8580.24,5726.92,1.35399,2.15547,2.23942,0.0839482,60.0
1744879067160344.0,-8580.24,5726.92,1.35399,2.15547,2.22462,0.0691484,60.0
1744879067181292.0,-8582.36,5729.65,1.3593,2.23942,2.20647,-0.0329544,60.0
1744879067202686.0,-8582.36,5729.65,1.3593,2.23942,2.31612,0.0766957,60.0
1744879067223486.0,-8584.05,5731.7,1.36342,2.31612,2.2633,-0.0528125,60.0
1744879067252655.0,-8584.05,5731.7,1.36342,2.31612,2.39509,0.0789692,60.0
1744879067273306.0,-8584.05,5731.7,1.36342,2.31612,2.44924,0.133125,60.0
1744879067305201.0,-8585.75,5734.44,1.36816,2.39509,2.26463,-0.130451,60.0
1744879067326165.0,-8587.44,5736.49,1.37229,2.44924,2.29946,-0.149781,60.0
1744879067348703.0,-8587.44,5736.49,1.37229,2.44924,2.34252,-0.106725,60.0
1744879067369512.0,-8587.44,5736.49,1.37229,2.44924,2.51151,0.062271,60.0
1744879067393880.0,-8589.55,5739.22,1.3776,2.34252,2.42822,0.0857023,60.0
1744879067414936.0,-8589.55,5739.22,1.3776,2.34252,2.26856,-0.0739565,60.0
1744879067435984.0,-8591.25,5741.28,1.38173,2.42822,2.37453,-0.0536935,60.0
1744879067456978.0,-8591.25,5741.28,1.38173,2.42822,2.30872,-0.119496,60.0
1744879067478116.0,-8593.36,5744.01,1.38705,2.37453,2.27002,-0.104507,60.0
1744879067498892.0,-8593.36,5744.01,1.38705,2.37453,2.22005,-0.154471,60.0
1744879067520150.0,-8593.36,5744.01,1.38705,2.37453,2.24073,-0.133795,60.0
1744879067540906.0,-8595.05,5746.06,1.39118,2.22005,2.344,0.123945,60.0
1744879067561733.0,-8595.05,5746.06,1.39118,2.22005,2.05867,-0.161382,60.0
1744879067582497.0,-8596.75,5748.8,1.39593,2.344,2.24335,-0.100653,60.0
1744879067603363.0,-8596.75,5748.8,1.39593,2.344,2.35001,0.00600751,60.0
1744879067624343.0,-8596.75,5748.8,1.39593,2.344,2.19666,-0.147343,60.0
1744879067645160.0,-8598.86,5750.85,1.40063,2.35001,2.35673,0.00672712,60.0
1744879067666036.0,-8598.86,5750.85,1.40063,2.35001,2.31465,-0.0353533,60.0
1744879067687085.0,-8600.56,5752.9,1.40477,2.35673,2.19523,-0.161501,60.0
1744879067708302.0,-8600.56,5752.9,1.40477,2.35673,2.45325,0.0965137,60.0
1744879067732980.0,-8602.67,5755.63,1.41009,2.19523,2.17159,-0.0236394,60.0
1744879067754526.0,-8602.67,5755.63,1.41009,2.19523,2.22825,0.0330169,60.0
1744879067775787.0,-8602.67,5755.63,1.41009,2.19523,2.31241,0.117176,60.0
1744879067796742.0,-8604.36,5757.69,1.41423,2.22825,2.11389,-0.114357,60.0
1744879067817563.0,-8604.36,5757.69,1.41423,2.22825,2.26109,0.032837,60.0
1744879067838507.0,-8606.48,5759.74,1.41894,2.11389,2.24526,0.131369,60.0
1744879067860135.0,-8606.48,5759.74,1.41894,2.11389,2.17533,0.0614366,60.0
1744879067881685.0,-8606.48,5759.74,1.41894,2.11389,2.10696,-0.00693,60.0
1744879067902570.0,-8608.17,5762.47,1.4237,2.17533,2.29816,0.122829,60.0
1744879067923970.0,-8608.17,5762.47,1.4237,2.17533,2.22862,0.0532927,60.0
1744879067945665.0,-8610.29,5764.52,1.42841,2.29816,2.14523,-0.152931,60.0
1744879067966479.0,-8610.29,5764.52,1.42841,2.29816,2.18279,-0.115363,60.0
1744879067989315.0,-8611.98,5767.26,1.43317,2.14523,2.26136,0.116129,60.0
1744879068011205.0,-8611.98,5767.26,1.43317,2.14523,2.27954,0.134309,60.0
1744879068043008.0,-8614.1,5769.31,1.43789,2.26136,2.22092,-0.0404393,60.0
1744879068071117.0,-8614.1,5769.31,1.43789,2.26136,2.18173,-0.079627,60.0
1744879068092926.0,-8615.79,5772.04,1.44265,2.22092,2.33597,0.115049,60.0
1744879068114047.0,-8615.79,5772.04,1.44265,2.22092,2.10566,-0.115253,60.0
1744879068135978.0,-8615.79,5772.04,1.44265,2.22092,2.23331,0.0123934,60.0
1744879068158118.0,-8617.48,5774.1,1.4468,2.10566,2.18791,0.0822443,60.0
1744879068182405.0,-8617.48,5774.1,1.4468,2.10566,2.04196,-0.0637047,60.0
1744879068204587.0,-8619.6,5776.83,1.45214,2.18791,2.2404,0.0524944,60.0
1744879068233538.0,-8619.6,5776.83,1.45214,2.18791,2.30904,0.121134,60.0
1744879068258199.0,-8621.29,5778.88,1.45629,2.2404,2.24164,0.00123499,60.0
1744879068279662.0,-8621.29,5778.88,1.45629,2.2404,2.14742,-0.0929865,60.0
1744879068308640.0,-8623.4,5780.93,1.46101,2.24164,2.22209,-0.0195465,60.0
1744879068340789.0,-8623.4,5780.93,1.46101,2.24164,2.23437,-0.00726826,60.0
1744879068368072.0,-8625.1,5783.67,1.46578,2.22209,2.14395,-0.0781393,60.0
1744879068411271.0,-8626.79,5785.72,1.46994,2.23437,2.18939,-0.0449758,60.0
1744879068456594.0,-8626.79,5785.72,1.46994,2.23437,2.25875,0.0243817,60.0
1744879068482892.0,-8628.91,5788.46,1.47528,2.18939,2.2324,0.0430053,60.0
1744879068512028.0,-8628.91,5788.46,1.47528,2.18939,2.24671,0.0573141,60.0
1744879068537061.0,-8630.6,5790.51,1.47944,2.2324,2.08886,-0.143536,60.0
1744879068564327.0,-8630.6,5790.51,1.47944,2.2324,2.29775,0.0653524,60.0
1744879068592716.0,-8632.29,5793.24,1.48421,2.08886,2.15224,0.0633738,60.0
1744879068626420.0,-8634.41,5795.29,1.48895,2.29775,2.14813,-0.14962,60.0
1744879068651232.0,-8634.41,5795.29,1.48895,2.29775,2.24305,-0.0547023,60.0
1744879068678792.0,-8636.1,5798.03,1.49373,2.14813,2.07237,-0.0757636,60.0
1744879068703803.0,-8636.1,5798.03,1.49373,2.14813,2.22768,0.0795478,60.0
1744879068728397.0,-8636.1,5798.03,1.49373,2.14813,2.17863,0.0305017,60.0
1744879068766992.0,-8637.79,5800.08,1.49789,2.22768,2.12093,-0.106747,60.0
1744879068803426.0,-8639.91,5802.81,1.50324,2.17863,2.23454,0.0559097,60.0
1744879068844211.0,-8641.6,5804.87,1.50741,2.12093,2.14944,0.0285112,60.0
1744879068887787.0,-8641.6,5804.87,1.50741,2.12093,2.26784,0.146913,60.0
1744879068916367.0,-8643.29,5807.6,1.51219,2.14944,2.28337,0.133924,60.0
1744879068944436.0,-8643.29,5807.6,1.51219,2.14944,2.12393,-0.0255141,60.0
1744879068972358.0,-8644.98,5809.65,1.51636,2.28337,2.38603,0.102658,60.0
1744879069006837.0,-8644.98,5809.65,1.51636,2.28337,2.16282,-0.120545,60.0
1744879069032673.0,-8647.1,5812.39,1.52172,2.38603,2.28991,-0.0961133,60.0
1744879069058870.0,-8647.1,5812.39,1.52172,2.38603,2.35667,-0.0293565,60.0
1744879069093908.0,-8648.79,5814.44,1.52589,2.28991,2.21393,-0.0759835,60.0
1744879069131355.0,-8650.48,5817.17,1.53068,2.35667,2.27719,-0.0794749,60.0
1744879069169995.0,-8650.48,5817.17,1.53068,2.35667,2.38466,0.0279939,60.0
1744879069208237.0,-8652.6,5819.22,1.53542,2.27719,2.12573,-0.151467,60.0
1744879069241875.0,-8654.29,5821.28,1.5396,2.38466,2.3009,-0.0837613,60.0
1744879069271678.0,-8654.29,5821.28,1.5396,2.38466,2.27697,-0.10769,60.0
1744879069299984.0,-8656.41,5824.01,1.54497,2.3009,2.2022,-0.098705,60.0
1744879069330094.0,-8656.41,5824.01,1.54497,2.3009,2.2317,-0.069199,60.0
1744879069357834.0,-8658.1,5826.06,1.54914,2.2022,2.31797,0.115769,60.0
1744879069384786.0,-8658.1,5826.06,1.54914,2.2022,2.27451,0.0723146,60.0
1744879069419057.0,-8659.79,5828.8,1.55394,2.31797,2.39559,0.0776203,60.0
1744879069447777.0,-8661.91,5830.85,1.55869,2.27451,2.3906,0.116094,60.0
1744879069479535.0,-8661.91,5830.85,1.55869,2.27451,2.29406,0.0195516,60.0
1744879069504972.0,-8663.6,5833.58,1.56349,2.3906,2.48552,0.0949168,60.0
1744879069535187.0,-8663.6,5833.58,1.56349,2.3906,2.31372,-0.0768805,60.0
1744879069560819.0,-8665.72,5835.64,1.56825,2.48552,2.34794,-0.137578,60.0
1744879069602440.0,-8667.41,5837.69,1.57243,2.31372,2.15153,-0.162191,60.0
1744879069638052.0,-8667.41,5837.69,1.57243,2.31372,2.311,-0.00272869,60.0
1744879069675192.0,-8669.53,5840.42,1.57781,2.15153,2.10467,-0.0468618,60.0
1744879069716673.0,-8669.53,5840.42,1.57781,2.15153,2.22148,0.0699444,60.0
1744879069764244.0,-8671.22,5842.47,1.582,2.10467,2.19024,0.0855639,60.0
1744879069793690.0,-8673.33,5845.21,1.58738,2.22148,2.3545,0.133018,60.0
1744879069823313.0,-8675.03,5847.26,1.59157,2.19024,2.22914,0.038905,60.0
1744879069886885.0,-8675.03,5847.26,1.59157,2.19024,2.24458,0.0543435,60.0
1744879069918309.0,-8677.14,5849.31,1.59633,2.22914,2.31576,0.0866153,60.0
1744879069948909.0,-8678.83,5852.05,1.60115,2.24458,2.14387,-0.100712,60.0
1744879069976990.0,-8678.83,5852.05,1.60115,2.24458,2.30751,0.0629359,60.0
1744879070015598.0,-8680.95,5854.1,0.605915,2.14387,2.2918,0.147929,60.0
1744879070054470.0,-8682.64,5856.83,0.610731,2.30751,2.33862,0.0311009,60.0
1744879070082554.0,-8682.64,5856.83,0.610731,2.30751,2.35771,0.050198,60.0
1744879070119333.0,-8684.76,5858.88,0.615502,2.33862,2.23474,-0.10388,60.0
1744879070151059.0,-8686.45,5860.94,0.619694,2.35771,2.31422,-0.0434884,60.0
1744879070179271.0,-8686.45,5860.94,0.619694,2.35771,2.3081,-0.049614,60.0
1744879070227075.0,-8688.57,5863.67,0.625094,2.31422,2.38231,0.0680882,60.0
1744879070261376.0,-8690.26,5865.72,0.629289,2.3081,2.30429,-0.00381235,60.0
1744879070295890.0,-8690.26,5865.72,0.629289,2.3081,2.31563,0.00753441,60.0
1744879070322920.0,-8692.38,5868.46,0.634692,2.30429,2.25183,-0.0524557,60.0
1744879070362103.0,-8694.07,5870.51,0.63889,2.31563,2.28596,-0.0296766,60.0
1744879070398720.0,-8694.07,5870.51,0.63889,2.31563,2.26017,-0.0554585,60.0
1744879070450371.0,-8696.19,5872.56,0.643668,2.28596,2.13568,-0.15028,60.0
1744879070479088.0,-8697.88,5875.3,0.648496,2.26017,2.16612,-0.094053,60.0
1744879070519479.0,-8699.99,5877.35,0.653277,2.13568,2.03404,-0.101632,60.0
1744879070551578.0,-8699.99,5877.35,0.653277,2.13568,2.25349,0.117816,60.0
1744879070588308.0,-8701.69,5879.4,0.65748,2.03404,2.18699,0.15295,60.0
1744879070626826.0,-8703.8,5882.13,0.662893,2.25349,2.27192,0.018426,60.0
1744879070663210.0,-8703.8,5882.13,0.662893,2.25349,2.29346,0.0399652,60.0
1744879070697331.0,-8705.49,5884.19,0.667098,2.27192,2.12576,-0.146154,60.0
1744879070725565.0,-8705.49,5884.19,0.667098,2.27192,2.31437,0.0424556,60.0
1744879070753595.0,-8707.61,5886.92,0.672514,2.12576,2.22003,0.0942664,60.0
1744879070797173.0,-8709.3,5888.97,0.676721,2.31437,2.3525,0.0381219,60.0
1744879070843312.0,-8709.3,5888.97,0.676721,2.31437,2.39512,0.0807488,60.0
1744879070870298.0,-8711.42,5891.71,0.68214,2.3525,2.24256,-0.109933,60.0
1744879070901994.0,-8711.42,5891.71,0.68214,2.3525,2.23296,-0.119531,60.0
1744879070933568.0,-8713.11,5893.76,0.686351,2.24256,2.16372,-0.0788411,60.0
1744879070964291.0,-8713.11,5893.76,0.686351,2.24256,2.10654,-0.13602,60.0
1744879071008795.0,-8714.8,5895.81,0.690563,2.16372,2.09355,-0.0701696,60.0
1744879071039037.0,-8716.92,5898.54,0.695986,2.10654,2.24747,0.140931,60.0
1744879071083866.0,-8718.61,5900.6,0.7002,2.09355,2.16114,0.0675893,60.0
1744879071112362.0,-8718.61,5900.6,0.7002,2.09355,2.12903,0.0354815,60.0
1744879071156622.0,-8720.73,5903.33,0.705627,2.16114,2.30691,0.145774,60.0
1744879071197817.0,-8722.42,5905.38,0.709844,2.12903,2.24857,0.119537,60.0
1744879071232943.0,-8722.42,5905.38,0.709844,2.12903,2.24682,0.117789,60.0
1744879071263074.0,-8724.11,5908.12,0.714693,2.24857,2.25162,0.00305466,60.0
1744879071293270.0,-8724.11,5908.12,0.714693,2.24857,2.14027,-0.108298,60.0
1744879071329368.0,-8726.23,5910.17,0.719494,2.25162,2.38458,0.132958,60.0
1744879071380046.0,-8727.92,5912.9,0.724346,2.14027,2.23287,0.0925942,60.0
1744879071445973.0,-8729.61,5914.96,0.728568,2.38458,2.4071,0.0225145,60.0
1744879071481967.0,-8731.73,5917.01,0.733372,2.23287,2.1682,-0.0646698,60.0
1744879071512605.0,-8733.42,5919.74,0.738229,2.4071,2.45433,0.0472282,60.0
1744879071551396.0,-8733.42,5919.74,0.738229,2.4071,2.24713,-0.159968,60.0
1744879071591570.0,-8735.11,5921.79,0.742454,2.45433,2.29936,-0.154963,60.0
1744879071622351.0,-8737.23,5924.53,0.747896,2.24713,2.34874,0.101612,60.0
1744879071658122.0,-8737.23,5924.53,0.747896,2.24713,2.24262,-0.00450661,60.0
1744879071686827.0,-8738.92,5926.58,0.752123,2.34874,2.29048,-0.0582626,60.0
1744879071716251.0,-8738.92,5926.58,0.752123,2.34874,2.29268,-0.0560586,60.0
1744879071752665.0,-8741.04,5929.31,0.757568,2.29048,2.17144,-0.119037,60.0
1744879071781252.0,-8742.73,5931.37,0.761799,2.29268,2.36543,0.0727461,60.0
1744879071839184.0,-8742.73,5931.37,0.761799,2.29268,2.18538,-0.107302,60.0
1744879071869337.0,-8744.85,5933.42,0.766613,2.36543,2.45724,0.0918162,60.0
1744879071896711.0,-8746.54,5936.15,0.77148,2.18538,2.20278,0.017395,60.0
1744879071926361.0,-8746.54,5936.15,0.77148,2.18538,2.17536,-0.0100165,60.0
1744879071958744.0,-8748.65,5938.2,0.776297,2.20278,2.22343,0.0206591,60.0
1744879072017666.0,-8748.65,5938.2,0.776297,2.20278,2.25904,0.0562643,60.0
1744879072070612.0,-8752.46,5942.99,0.785987,2.22343,2.35292,0.129489,60.0
1744879072111498.0,-8752.46,5942.99,0.785987,2.22343,2.38136,0.157926,60.0
1744879072140353.0,-8754.15,5945.04,0.790225,2.35292,2.28527,-0.0676549,60.0
1744879072218100.0,-8756.27,5947.78,0.795682,2.38136,2.26264,-0.118719,60.0
1744879072268075.0,-8757.96,5949.83,0.799923,2.28527,2.28627,0.00100122,60.0
1744879072299240.0,-8757.96,5949.83,0.799923,2.28527,2.31034,0.0250743,60.0
1744879072347890.0,-8760.08,5951.88,0.804748,2.28627,2.21691,-0.0693639,60.0
1744879072392194.0,-8761.77,5954.62,0.809627,2.31034,2.2478,-0.0625422,60.0
1744879072420351.0,-8761.77,5954.62,0.809627,2.31034,2.20744,-0.102901,60.0
1744879072448071.0,-8763.89,5956.67,0.814455,2.2478,2.40596,0.158163,60.0
1744879072477301.0,-8766.0,5959.4,0.819921,2.20744,2.34591,0.138471,60.0
1744879072504527.0,-8766.0,5959.4,0.819921,2.20744,2.18867,-0.0187704,60.0
1744879072559385.0,-8767.69,5961.45,0.824168,2.34591,2.3804,0.0344879,60.0
1744879072614063.0,-8769.81,5963.51,0.829,2.18867,2.22865,0.0399782,60.0
1744879072642019.0,-8771.5,5966.24,0.833886,2.3804,2.26695,-0.113454,60.0
1744879072667328.0,-8771.5,5966.24,0.833886,2.3804,2.34716,-0.0332443,60.0
1744879072693249.0,-8773.62,5968.29,0.838721,2.26695,2.13949,-0.12746,60.0
1744879072725184.0,-8773.62,5968.29,0.838721,2.26695,2.15341,-0.113539,60.0
1744879072761442.0,-8775.31,5970.34,0.842973,2.13949,2.28987,0.150378,60.0
1744879072795507.0,-8777.43,5973.08,0.848449,2.15341,2.2033,0.0498942,60.0
1744879072831981.0,-8777.43,5973.08,0.848449,2.15341,2.14238,-0.0110278,60.0
1744879072863374.0,-8779.12,5975.13,0.852703,2.2033,2.26507,0.0617665,60.0
1744879072892005.0,-8781.23,5977.87,0.858182,2.14238,2.1882,0.0458166,60.0
1744879072919263.0,-8781.23,5977.87,0.858182,2.14238,2.1673,0.0249219,60.0
1744879072946859.0,-8782.93,5979.92,0.862439,2.1882,2.24801,0.0598162,60.0
1744879072974105.0,-8782.93,5979.92,0.862439,2.1882,2.24569,0.057495,60.0
1744879073004306.0,-8785.04,5981.97,0.867282,2.24801,2.33938,0.0913622,60.0
1744879073038711.0,-8785.04,5981.97,0.867282,2.24801,2.2656,0.0175862,60.0
1744879073068424.0,-8786.74,5984.7,0.87218,2.33938,2.33269,-0.00668627,60.0
1744879073097061.0,-8786.74,5984.7,0.87218,2.33938,2.22905,-0.110329,60.0
1744879073130927.0,-8788.85,5986.75,0.877026,2.33269,2.27289,-0.0597949,60.0
1744879073182015.0,-8790.54,5989.49,0.881928,2.22905,2.21837,-0.010673,60.0
1744879073213518.0,-8792.66,5991.54,0.886776,2.27289,2.33664,0.0637416,60.0
1744879073251132.0,-8792.66,5991.54,0.886776,2.27289,2.14548,-0.127412,60.0
1744879073319947.0,-8796.47,5996.33,0.896533,2.33664,2.19331,-0.143329,60.0
1744879073360325.0,-8796.47,5996.33,0.896533,2.33664,2.40486,0.0682281,60.0
1744879073393358.0,-8798.16,5998.38,0.900799,2.19331,2.2303,0.0369949,60.0
1744879073436888.0,-8800.28,6001.11,0.906295,2.40486,2.30869,-0.0961704,60.0
1744879073499463.0,-8800.28,6001.11,0.906295,2.40486,2.27194,-0.132926,60.0
1744879073571461.0,-8804.08,6005.22,0.915421,2.30869,2.24864,-0.0600498,60.0
1744879073643955.0,-8805.78,6007.95,0.920334,2.27194,2.18984,-0.082096,60.0
1744879073690084.0,-8807.89,6010.0,0.925194,2.24864,2.15753,-0.0911134,60.0
1744879073748199.0,-8809.58,6012.06,0.929468,2.18984,2.34939,0.159545,60.0
1744879073811280.0,-8811.7,6014.79,0.934973,2.15753,2.10295,-0.0545758,60.0
1744879073844040.0,-8811.7,6014.79,0.934973,2.15753,2.21179,0.0542555,60.0
1744879073879157.0,-8813.39,6016.84,0.93925,2.10295,2.14946,0.0465085,60.0
1744879073906526.0,-8815.51,6019.58,0.944758,2.21179,2.0565,-0.155283,60.0
1744879073941681.0,-8815.51,6019.58,0.944758,2.21179,2.18991,-0.0218724,60.0
1744879073971259.0,-8817.2,6021.63,0.949037,2.0565,2.20417,0.147672,60.0
1744879074002446.0,-8817.2,6021.63,0.949037,2.0565,2.10605,0.0495504,60.0
1744879074034667.0,-8819.32,6023.68,0.953905,2.20417,2.33343,0.12926,60.0
1744879074077869.0,-8821.01,6026.42,0.958831,2.10605,2.04371,-0.0623415,60.0
1744879074115945.0,-8821.01,6026.42,0.958831,2.10605,2.22579,0.119741,60.0
1744879074167470.0,-8822.7,6028.47,0.963114,2.04371,2.19827,0.154561,60.0
1744879074199913.0,-8824.82,6031.2,0.96863,2.22579,2.2741,0.0483031,60.0
1744879074249307.0,-8826.51,6033.25,0.972916,2.19827,2.14279,-0.0554801,60.0
1744879074281886.0,-8826.51,6033.25,0.972916,2.19827,2.15853,-0.039744,60.0
1744879074301634.0,-8828.2,6035.99,0.977847,2.14279,2.21032,0.0675268,60.0
1744879074322450.0,-8828.2,6035.99,0.977847,2.14279,2.15972,0.0169311,60.0
1744879074343177.0,-8830.32,6038.04,0.982723,2.21032,2.23586,0.0255419,60.0
1744879074363921.0,-8830.32,6038.04,0.982723,2.21032,2.33113,0.120809,60.0
1744879074384833.0,-8832.01,6040.78,0.987658,2.23586,2.15743,-0.0784325,60.0
1744879074405834.0,-8832.01,6040.78,0.987658,2.23586,2.16395,-0.0719082,60.0
1744879074428141.0,-8832.01,6040.78,0.987658,2.23586,2.26629,0.0304323,60.0
1744879074449413.0,-8833.7,6042.83,0.991948,2.16395,2.25945,0.0955018,60.0
1744879074470851.0,-8833.7,6042.83,0.991948,2.16395,2.3023,0.138347,60.0
1744879074494257.0,-8835.39,6045.56,0.996886,2.25945,2.22135,-0.0381033,60.0
1744879074515328.0,-8835.39,6045.56,0.996886,2.25945,2.10551,-0.153947,60.0
1744879074541248.0,-8837.51,6047.61,1.00177,2.22135,2.26252,0.0411679,60.0
1744879074564447.0,-8837.51,6047.61,1.00177,2.22135,2.10041,-0.120939,60.0
1744879074586442.0,-8837.51,6047.61,1.00177,2.22135,2.36779,0.146441,60.0
1744879074608442.0,-8839.2,6050.35,1.00671,2.10041,2.26194,0.161526,60.0
1744879074629939.0,-8839.2,6050.35,1.00671,2.10041,2.04985,-0.0505664,60.0
1744879074651153.0,-8840.9,6052.4,1.011,2.26194,2.13244,-0.129502,60.0
1744879074672100.0,-8840.9,6052.4,1.011,2.26194,2.22195,-0.0399865,60.0
1744879074695140.0,-8843.01,6055.13,1.01654,2.13244,2.0931,-0.0393375,60.0
1744879074717255.0,-8843.01,6055.13,1.01654,2.13244,2.20154,0.0690986,60.0
1744879074739687.0,-8843.01,6055.13,1.01654,2.13244,2.16259,0.0301528,60.0
1744879074765108.0,-8844.7,6057.19,1.02083,2.20154,2.30625,0.104716,60.0
1744879074793347.0,-8846.4,6059.92,1.02578,2.16259,2.26973,0.107136,60.0
1744879074816031.0,-8846.4,6059.92,1.02578,2.16259,2.20144,0.0388493,60.0
1744879074845698.0,-8846.4,6059.92,1.02578,2.16259,2.10424,-0.0583518,60.0
1744879074867059.0,-8848.09,6061.97,1.03008,2.20144,2.21341,0.0119711,60.0
1744879074891784.0,-8848.09,6061.97,1.03008,2.20144,2.34626,0.144819,60.0
1744879074923042.0,-8849.78,6064.71,1.03503,2.21341,2.14471,-0.0686965,60.0
1744879074952207.0,-8849.78,6064.71,1.03503,2.21341,2.20212,-0.0112855,60.0
1744879074976705.0,-8851.9,6066.76,1.03992,2.14471,2.03659,-0.108121,60.0
1744879075001453.0,-8851.9,6066.76,1.03992,2.14471,2.20821,0.0634966,60.0
1744879075024562.0,-8853.59,6069.49,1.04488,2.03659,2.01772,-0.0188726,60.0
1744879075052162.0,-8853.59,6069.49,1.04488,2.03659,2.17753,0.140936,60.0
1744879075077730.0,-8855.28,6072.23,1.04983,2.01772,2.10125,0.0835261,60.0
1744879075107771.0,-8856.97,6074.28,1.05414,2.17753,2.17578,-0.00175098,60.0
1744879075132368.0,-8856.97,6074.28,1.05414,2.17753,2.02623,-0.1513,60.0
1744879075155913.0,-8856.97,6074.28,1.05414,2.17753,2.15513,-0.0223944,60.0
1744879075180782.0,-8858.66,6077.02,1.05909,2.02623,2.18659,0.160357,60.0
1744879075206679.0,-8858.66,6077.02,1.05909,2.02623,2.01224,-0.0139886,60.0
1744879075240940.0,-8860.36,6079.07,1.0634,2.18659,2.16058,-0.0260076,60.0
1744879075267473.0,-8862.05,6081.8,1.06836,2.01224,2.1207,0.108459,60.0
1744879075301365.0,-8862.05,6081.8,1.06836,2.01224,2.07501,0.0627744,60.0
1744879075325333.0,-8863.74,6083.85,1.07268,2.1207,2.23386,0.113158,60.0
1744879075352551.0,-8863.74,6083.85,1.07268,2.1207,2.09589,-0.0248076,60.0
1744879075382430.0,-8865.43,6086.59,1.07764,2.23386,2.34023,0.106368,60.0
1744879075421760.0,-8867.13,6089.32,1.0826,2.09589,2.18584,0.0899486,60.0
1744879075463374.0,-8867.13,6089.32,1.0826,2.09589,2.17818,0.0822853,60.0
1744879075499533.0,-8868.82,6091.37,1.08692,2.18584,2.25346,0.0676185,60.0
1744879075547274.0,-8870.51,6094.11,1.09189,2.17818,2.03571,-0.142467,60.0
1744879075583277.0,-8872.2,6096.84,1.09686,2.25346,2.24906,-0.00439767,60.0
1744879075620753.0,-8872.2,6096.84,1.09686,2.25346,2.26114,0.00768484,60.0
1744879075658150.0,-8873.89,6098.9,1.10118,2.24906,2.10893,-0.14013,60.0
1744879075688146.0,-8875.59,6101.63,1.10615,2.26114,2.3188,0.0576533,60.0
1744879075720052.0,-8875.59,6101.63,1.10615,2.26114,2.36512,0.103975,60.0
1744879075746631.0,-8877.28,6103.68,1.11047,2.3188,2.31242,-0.00637236,60.0
1744879075772670.0,-8877.28,6103.68,1.11047,2.3188,2.19612,-0.122682,60.0
1744879075839197.0,-8879.39,6106.42,1.11604,2.31242,2.23331,-0.079119,60.0
1744879075867111.0,-8881.09,6109.15,1.12101,2.19612,2.10643,-0.0896863,60.0
1744879075896251.0,-8882.78,6111.2,1.12534,2.23331,2.30576,0.0724543,60.0
1744879075934350.0,-8882.78,6111.2,1.12534,2.23331,2.29401,0.0606998,60.0
1744879075969170.0,-8884.47,6113.94,1.13032,2.30576,2.18173,-0.124032,60.0
1744879075996099.0,-8884.47,6113.94,1.13032,2.30576,2.26151,-0.0442465,60.0
1744879076030229.0,-8886.16,6115.99,1.13465,2.18173,2.15995,-0.0217797,60.0
1744879076070100.0,-8887.86,6118.73,1.13963,2.26151,2.41657,0.155054,60.0
1744879076098411.0,-8887.86,6118.73,1.13963,2.26151,2.35089,0.0893802,60.0
1744879076132173.0,-8889.97,6120.78,1.14455,2.41657,2.36137,-0.0551924,60.0
1744879076177712.0,-8891.66,6123.51,1.14954,2.35089,2.2218,-0.129094,60.0
1744879076231740.0,-8891.66,6123.51,1.14954,2.35089,2.25398,-0.0969185,60.0
1744879076287841.0,-8893.36,6125.56,1.15387,2.2218,2.25294,0.031141,60.0
1744879076317031.0,-8895.47,6128.3,1.15945,2.25398,2.13431,-0.119665,60.0
1744879076354500.0,-8897.16,6130.35,1.16379,2.25294,2.2794,0.0264629,60.0
1744879076386567.0,-8897.16,6130.35,1.16379,2.25294,2.32881,0.0758709,60.0
1744879076417485.0,-8898.86,6133.08,1.16878,2.2794,2.15702,-0.122379,60.0
1744879076439143.0,-8898.86,6133.08,1.16878,2.2794,2.26914,-0.0102642,60.0
1744879076459876.0,-8900.55,6135.14,1.17312,2.15702,2.02721,-0.129815,60.0
1744879076481249.0,-8900.55,6135.14,1.17312,2.15702,2.19371,0.0366824,60.0
1744879076501955.0,-8902.66,6137.87,1.17871,2.02721,2.04651,0.0192965,60.0
1744879076522804.0,-8902.66,6137.87,1.17871,2.02721,2.05037,0.023156,60.0
1744879076543925.0,-8904.36,6139.92,1.18305,2.04651,2.0957,0.0491976,60.0
1744879076564693.0,-8904.36,6139.92,1.18305,2.04651,2.19388,0.147375,60.0
1744879076585656.0,-8904.36,6139.92,1.18305,2.04651,2.19545,0.148948,60.0
1744879076606342.0,-8906.05,6142.66,1.18804,2.19388,2.22827,0.0343878,60.0
1744879076627152.0,-8906.05,6142.66,1.18804,2.19388,2.31938,0.125499,60.0
1744879076647879.0,-8907.74,6144.71,1.19239,2.22827,2.30653,0.0782621,60.0
1744879076668630.0,-8907.74,6144.71,1.19239,2.22827,2.23954,0.0112733,60.0
1744879076689272.0,-8907.74,6144.71,1.19239,2.22827,2.15219,-0.0760797,60.0
1744879076709940.0,-8909.86,6147.44,1.19798,2.23954,2.22804,-0.0115065,60.0
1744879076730770.0,-8909.86,6147.44,1.19798,2.23954,2.24008,0.000533532,60.0
1744879076751688.0,-8911.55,6149.5,1.20233,2.22804,2.22078,-0.00725449,60.0
1744879076773053.0,-8911.55,6149.5,1.20233,2.22804,2.21032,-0.0177115,60.0
1744879076793868.0,-8911.55,6149.5,1.20233,2.22804,2.23516,0.00712263,60.0
1744879076814747.0,-8913.24,6152.23,1.20733,2.21032,2.21938,0.00906034,60.0
1744879076835582.0,-8913.24,6152.23,1.20733,2.21032,2.18036,-0.0299681,60.0
1744879076856221.0,-8914.93,6154.28,1.21168,2.21938,2.17576,-0.0436272,60.0
1744879076876859.0,-8914.93,6154.28,1.21168,2.21938,2.20336,-0.0160267,60.0
1744879076897571.0,-8914.93,6154.28,1.21168,2.21938,2.2959,0.0765165,60.0
1744879076918277.0,-8917.05,6157.02,1.21728,2.20336,2.24477,0.0414075,60.0
1744879076938943.0,-8917.05,6157.02,1.21728,2.20336,2.27256,0.0692,60.0
1744879076959660.0,-8918.74,6159.07,1.22163,2.24477,2.27056,0.0257941,60.0
1744879076980943.0,-8918.74,6159.07,1.22163,2.24477,2.13912,-0.105645,60.0
1744879077001190.0,-8920.43,6161.8,1.22664,2.27056,2.19682,-0.0737395,60.0
1744879077022490.0,-8920.43,6161.8,1.22664,2.27056,2.26411,-0.00645155,60.0
1744879077043299.0,-8920.43,6161.8,1.22664,2.27056,2.23399,-0.0365666,60.0
1744879077064270.0,-8922.13,6163.86,1.23099,2.26411,2.32584,0.0617347,60.0
1744879077084880.0,-8922.13,6163.86,1.23099,2.26411,2.18134,-0.0827644,60.0
1744879077105730.0,-8924.24,6166.59,1.2366,2.32584,2.25236,-0.0734825,60.0
1744879077126472.0,-8924.24,6166.59,1.2366,2.32584,2.2616,-0.0642469,60.0
1744879077147239.0,-8924.24,6166.59,1.2366,2.32584,2.31409,-0.0117509,60.0
1744879077168157.0,-8925.93,6168.64,1.24096,2.2616,2.31592,0.0543202,60.0
1744879077189148.0,-8925.93,6168.64,1.24096,2.2616,2.17068,-0.0909188,60.0
1744879077209915.0,-8927.63,6171.38,1.24597,2.31592,2.29621,-0.019711,60.0
1744879077230592.0,-8927.63,6171.38,1.24597,2.31592,2.2313,-0.0846185,60.0
1744879077251263.0,-8927.63,6171.38,1.24597,2.31592,2.26214,-0.0537778,60.0
1744879077272292.0,-8929.32,6173.43,1.25033,2.2313,2.13795,-0.0933462,60.0
1744879077293005.0,-8929.32,6173.43,1.25033,2.2313,2.21375,-0.0175457,60.0
1744879077313883.0,-8931.43,6176.16,1.25594,2.13795,2.27494,0.136984,60.0
1744879077334756.0,-8931.43,6176.16,1.25594,2.13795,2.19166,0.0537086,60.0
1744879077355490.0,-8933.13,6178.22,1.2603,2.27494,2.36134,0.086401,60.0
1744879077376404.0,-8933.13,6178.22,1.2603,2.27494,2.27252,-0.00241311,60.0
1744879077397073.0,-8933.13,6178.22,1.2603,2.27494,2.21154,-0.063391,60.0
1744879077417950.0,-8934.82,6180.95,1.26533,2.27252,2.31787,0.045343,60.0
1744879077438699.0,-8934.82,6180.95,1.26533,2.27252,2.14643,-0.126093,60.0
1744879077459607.0,-8936.94,6183.0,1.27028,2.31787,2.31844,0.00057502,60.0
1744879077480026.0,-8936.94,6183.0,1.27028,2.31787,2.16424,-0.153627,60.0
1744879077500724.0,-8936.94,6183.0,1.27028,2.31787,2.20456,-0.11331,60.0
1744879077521486.0,-8938.63,6185.74,1.27531,2.16424,2.26037,0.096128,60.0
1744879077542273.0,-8938.63,6185.74,1.27531,2.16424,2.02771,-0.136528,60.0
1744879077562992.0,-8940.74,6187.79,1.28027,2.26037,2.10687,-0.153497,60.0
1744879077583901.0,-8940.74,6187.79,1.28027,2.26037,2.2559,-0.00446282,60.0
1744879077604605.0,-8940.74,6187.79,1.28027,2.26037,2.25503,-0.00533798,60.0
1744879077625154.0,-8942.44,6190.52,1.2853,2.2559,2.1417,-0.114198,60.0
1744879077645775.0,-8942.44,6190.52,1.2853,2.2559,2.35379,0.0978894,60.0
1744879077666559.0,-8944.13,6192.58,1.28967,2.1417,2.24548,0.103776,60.0
1744879077687195.0,-8944.13,6192.58,1.28967,2.1417,2.06675,-0.0749535,60.0
1744879077707701.0,-8944.13,6192.58,1.28967,2.1417,2.00784,-0.133869,60.0
1744879077728250.0,-8946.24,6195.31,1.29529,2.06675,2.10904,0.042284,60.0
1744879077749031.0,-8946.24,6195.31,1.29529,2.06675,2.19451,0.127754,60.0
1744879077769974.0,-8947.94,6197.36,1.29966,2.10904,2.19667,0.0876347,60.0
1744879077790661.0,-8947.94,6197.36,1.29966,2.10904,2.09819,-0.0108465,60.0
1744879077811311.0,-8947.94,6197.36,1.29966,2.10904,2.25119,0.142151,60.0
1744879077831855.0,-8949.63,6200.1,1.3047,2.09819,2.14978,0.0515907,60.0
1744879077852420.0,-8949.63,6200.1,1.3047,2.09819,1.98978,-0.108413,60.0
1744879077873010.0,-8951.32,6202.15,1.30907,2.14978,2.16542,0.0156402,60.0
1744879077893645.0,-8951.32,6202.15,1.30907,2.14978,2.26596,0.116183,60.0
1744879077914390.0,-8953.01,6204.88,1.31411,2.16542,2.32776,0.162344,60.0
1744879077935212.0,-8953.01,6204.88,1.31411,2.16542,2.04777,-0.117646,60.0
1744879077955877.0,-8953.01,6204.88,1.31411,2.16542,2.17108,0.00565564,60.0
1744879077976964.0,-8955.13,6206.94,1.31908,2.04777,2.04655,-0.00122448,60.0
1744879077997582.0,-8955.13,6206.94,1.31908,2.04777,2.01226,-0.0355099,60.0
1744879078018225.0,-8956.82,6209.67,1.32412,2.04655,2.18118,0.134633,60.0
1744879078039114.0,-8956.82,6209.67,1.32412,2.04655,2.15063,0.104079,60.0
1744879078059936.0,-8956.82,6209.67,1.32412,2.04655,2.20908,0.16253,60.0
1744879078080680.0,-8958.51,6211.72,1.3285,2.15063,2.05774,-0.0928862,60.0
1744879078101455.0,-8958.51,6211.72,1.3285,2.15063,2.1329,-0.0177273,60.0
1744879078122358.0,-8960.2,6214.46,1.33354,2.05774,2.16086,0.103123,60.0
1744879078142925.0,-8960.2,6214.46,1.33354,2.05774,2.11978,0.0620412,60.0
1744879078163725.0,-8960.2,6214.46,1.33354,2.05774,2.03585,-0.0218932,60.0
1744879078184508.0,-8961.9,6217.19,1.33859,2.11978,2.28162,0.161834,60.0
1744879078205054.0,-8961.9,6217.19,1.33859,2.11978,2.09135,-0.0284359,60.0
1744879078225932.0,-8963.59,6219.24,1.34297,2.28162,2.20437,-0.0772502,60.0
1744879078246609.0,-8963.59,6219.24,1.34297,2.28162,2.2848,0.00318442,60.0
1744879078267528.0,-8965.28,6221.98,1.34801,2.2848,2.18959,-0.095217,60.0
1744879078288162.0,-8965.28,6221.98,1.34801,2.2848,2.33401,0.0492031,60.0
1744879078309035.0,-8965.28,6221.98,1.34801,2.2848,2.2202,-0.064599,60.0
1744879078329847.0,-8966.97,6224.03,1.3524,2.33401,2.38882,0.0548189,60.0
1744879078350710.0,-8966.97,6224.03,1.3524,2.33401,2.27614,-0.0578655,60.0
1744879078371478.0,-8968.67,6226.76,1.35745,2.38882,2.23006,-0.158762,60.0
1744879078392373.0,-8968.67,6226.76,1.35745,2.38882,2.29888,-0.0899456,60.0
1744879078413167.0,-8968.67,6226.76,1.35745,2.38882,2.26598,-0.12284,60.0
1744879078434057.0,-8970.78,6228.82,1.36243,2.29888,2.138,-0.160879,60.0
1744879078454830.0,-8970.78,6228.82,1.36243,2.29888,2.15518,-0.143699,60.0
1744879078475595.0,-8972.47,6231.55,1.36749,2.138,2.16448,0.0264758,60.0
1744879078496312.0,-8972.47,6231.55,1.36749,2.138,2.21979,0.0817906,60.0
1744879078517124.0,-8972.47,6231.55,1.36749,2.138,2.07162,-0.0663787,60.0
1744879078537857.0,-8974.17,6233.6,1.37188,2.21979,2.11836,-0.101431,60.0
1744879078558667.0,-8974.17,6233.6,1.37188,2.21979,2.37968,0.159889,60.0
1744879078579406.0,-8975.86,6236.34,1.37693,2.11836,2.17126,0.0529006,60.0
1744879078599903.0,-8975.86,6236.34,1.37693,2.11836,2.12493,0.00657513,60.0
1744879078620532.0,-8975.86,6236.34,1.37693,2.11836,2.05628,-0.0620844,60.0
1744879078641009.0,-8977.55,6239.07,1.38199,2.12493,2.27674,0.151806,60.0
1744879078661685.0,-8977.55,6239.07,1.38199,2.12493,2.25437,0.129439,60.0
1744879078682363.0,-8979.67,6241.12,1.38698,2.27674,2.27561,-0.00113345,60.0
1744879078702965.0,-8979.67,6241.12,1.38698,2.27674,2.17492,-0.101823,60.0
1744879078723527.0,-8981.36,6243.86,1.39204,2.27561,2.13539,-0.140222,60.0
1744879078744203.0,-8981.36,6243.86,1.39204,2.27561,2.2751,-0.00050652,60.0
1744879078765350.0,-8981.36,6243.86,1.39204,2.27561,2.24086,-0.0347512,60.0
1744879078785945.0,-8983.05,6245.91,1.39644,2.2751,2.18706,-0.0880408,60.0
1744879078806614.0,-8983.05,6245.91,1.39644,2.2751,2.26288,-0.0122253,60.0
1744879078827771.0,-8984.74,6248.65,1.4015,2.18706,2.13276,-0.0543031,60.0
1744879078848547.0,-8984.74,6248.65,1.4015,2.18706,2.11745,-0.0696142,60.0
1744879078869333.0,-8984.74,6248.65,1.4015,2.18706,2.31137,0.12431,60.0
1744879078889954.0,-8986.44,6250.7,1.4059,2.11745,2.25115,0.133707,60.0
1744879078910781.0,-8986.44,6250.7,1.4059,2.11745,2.02462,-0.0928227,60.0
1744879078931820.0,-8988.55,6253.43,1.41157,2.25115,2.32497,0.0738199,60.0
1744879078952419.0,-8988.55,6253.43,1.41157,2.25115,2.16713,-0.0840263,60.0
1744879078973075.0,-8988.55,6253.43,1.41157,2.25115,2.35296,0.101806,60.0
1744879078993734.0,-8990.24,6255.48,1.41597,2.16713,2.12595,-0.0411797,60.0
1744879079014360.0,-8990.24,6255.48,1.41597,2.16713,2.15447,-0.0126549,60.0
1744879079034964.0,-8991.94,6258.22,1.42104,2.12595,2.20346,0.0775116,60.0
1744879079055616.0,-8991.94,6258.22,1.42104,2.12595,2.17351,0.0475636,60.0
1744879079084404.0,-8993.63,6260.27,1.42544,2.20346,2.23875,0.0352879,60.0
1744879079105768.0,-8993.63,6260.27,1.42544,2.20346,2.0405,-0.162955,60.0
1744879079126366.0,-8993.63,6260.27,1.42544,2.20346,2.08159,-0.121869,60.0
1744879079147553.0,-8995.32,6263.01,1.43051,2.0405,2.18731,0.14681,60.0
1744879079168348.0,-8995.32,6263.01,1.43051,2.0405,2.05315,0.0126416,60.0
1744879079189046.0,-8997.01,6265.06,1.43492,2.18731,2.1715,-0.0158164,60.0
1744879079209819.0,-8997.01,6265.06,1.43492,2.18731,2.22184,0.0345241,60.0
1744879079230619.0,-8997.01,6265.06,1.43492,2.18731,2.10466,-0.0826492,60.0
1744879079251545.0,-8999.13,6267.79,1.44059,2.22184,2.19374,-0.0280947,60.0
1744879079272825.0,-8999.13,6267.79,1.44059,2.22184,2.23396,0.0121186,60.0
1744879079293748.0,-9000.82,6270.53,1.44567,2.19374,2.19672,0.00297662,60.0
1744879079314224.0,-9000.82,6270.53,1.44567,2.19374,2.091,-0.102742,60.0
1744879079335179.0,-9000.82,6270.53,1.44567,2.19374,2.23067,0.036932,60.0
1744879079355786.0,-9002.51,6272.58,1.45008,2.091,2.22155,0.130544,60.0
1744879079376424.0,-9002.51,6272.58,1.45008,2.091,2.02645,-0.0645505,60.0
1744879079397087.0,-9004.2,6275.31,1.45516,2.22155,2.14163,-0.0799125,60.0
1744879079417970.0,-9004.2,6275.31,1.45516,2.22155,2.1744,-0.0471485,60.0
1744879079438418.0,-9005.9,6277.37,1.45957,2.1744,2.30076,0.126368,60.0
1744879079459467.0,-9005.9,6277.37,1.45957,2.1744,2.19682,0.0224224,60.0
1744879079480117.0,-9005.9,6277.37,1.45957,2.1744,2.22672,0.0523189,60.0
1744879079500757.0,-9007.59,6280.1,1.46466,2.19682,2.24189,0.0450725,60.0
1744879079521411.0,-9007.59,6280.1,1.46466,2.19682,2.22535,0.0285327,60.0
1744879079542138.0,-9009.28,6282.84,1.46974,2.24189,2.23582,-0.00606757,60.0
1744879079562797.0,-9009.28,6282.84,1.46974,2.24189,2.40065,0.158762,60.0
1744879079583550.0,-9009.28,6282.84,1.46974,2.24189,2.27826,0.0363674,60.0
1744879079604454.0,-9010.97,6284.89,1.47416,2.40065,2.30597,-0.0946783,60.0
1744879079625076.0,-9010.97,6284.89,1.47416,2.40065,2.32857,-0.07208,60.0
1744879079645696.0,-9013.09,6287.62,1.47985,2.30597,2.16016,-0.145811,60.0
1744879079666559.0,-9013.09,6287.62,1.47985,2.30597,2.36407,0.0580912,60.0
1744879079687207.0,-9013.09,6287.62,1.47985,2.30597,2.17746,-0.128514,60.0
1744879079707966.0,-9014.78,6289.67,1.48427,2.36407,2.25147,-0.112597,60.0
1744879079728527.0,-9014.78,6289.67,1.48427,2.36407,2.39,0.0259373,60.0
1744879079749473.0,-9016.47,6292.41,1.48936,2.25147,2.26594,0.0144703,60.0
1744879079770581.0,-9016.47,6292.41,1.48936,2.25147,2.32666,0.0751881,60.0
1744879079791226.0,-9016.47,6292.41,1.48936,2.25147,2.25577,0.00430283,60.0
1744879079811912.0,-9018.17,6294.46,1.49378,2.32666,2.19868,-0.127974,60.0
1744879079832467.0,-9018.17,6294.46,1.49378,2.32666,2.3108,-0.0158563,60.0
1744879079853394.0,-9020.28,6297.2,1.49947,2.19868,2.32494,0.126255,60.0
1744879079874256.0,-9020.28,6297.2,1.49947,2.19868,2.34129,0.142611,60.0
1744879079894928.0,-9021.97,6299.25,1.5039,2.32494,2.29465,-0.0302927,60.0
1744879079915776.0,-9021.97,6299.25,1.5039,2.32494,2.22611,-0.0988315,60.0
1744879079936615.0,-9021.97,6299.25,1.5039,2.32494,2.28658,-0.0383624,60.0
1744879079957258.0,-9023.67,6301.98,1.50899,2.22611,2.29421,0.0681035,60.0
1744879079977814.0,-9023.67,6301.98,1.50899,2.22611,2.28112,0.0550099,60.0
1744879079998458.0,-9025.78,6304.03,1.51402,2.29421,2.1599,-0.134313,60.0
1744879080019046.0,-9025.78,6304.03,1.51402,2.29421,2.43882,0.144614,60.0
1744879080039609.0,-9025.78,6304.03,1.51402,2.29421,2.27008,-0.0241323,60.0
1744879080060300.0,-9027.47,6306.77,1.51912,2.43882,2.32411,-0.114716,60.0
1744879080081080.0,-9027.47,6306.77,1.51912,2.43882,2.52293,0.0841044,60.0
1744879080101826.0,-9029.17,6308.82,1.52355,2.32411,2.177,-0.147111,60.0
1744879080122552.0,-9029.17,6308.82,1.52355,2.32411,2.18159,-0.142518,60.0
1744879080143198.0,-9029.17,6308.82,1.52355,2.32411,2.26316,-0.0609469,60.0
1744879080163782.0,-9031.28,6310.87,1.52858,2.18159,2.23522,0.0536289,60.0
1744879080184372.0,-9031.28,6310.87,1.52858,2.18159,2.13124,-0.0503469,60.0
1744879080205073.0,-9032.97,6313.61,1.53368,2.23522,2.17918,-0.0560437,60.0
1744879080225559.0,-9032.97,6313.61,1.53368,2.23522,2.26418,0.0289617,60.0
1744879080246368.0,-9032.97,6313.61,1.53368,2.23522,2.23735,0.00213424,60.0
1744879080267228.0,-9034.67,6315.66,1.53812,2.26418,2.20971,-0.0544683,60.0
1744879080287993.0,-9034.67,6315.66,1.53812,2.26418,2.14293,-0.121248,60.0
1744879080308984.0,-9036.78,6318.39,1.54383,2.20971,2.16831,-0.041408,60.0
1744879080329631.0,-9036.78,6318.39,1.54383,2.20971,2.13128,-0.0784305,60.0
1744879080350268.0,-9038.47,6320.45,1.54826,2.16831,2.04068,-0.127629,60.0
1744879080370962.0,-9038.47,6320.45,1.54826,2.16831,2.1282,-0.0401057,60.0
1744879080391733.0,-9038.47,6320.45,1.54826,2.16831,2.13077,-0.0375357,60.0
1744879080412328.0,-9040.59,6323.18,1.55397,2.1282,2.28327,0.155068,60.0
1744879080432922.0,-9040.59,6323.18,1.55397,2.1282,2.21389,0.0856882,60.0
1744879080453579.0,-9042.28,6325.23,1.55841,2.28327,2.27225,-0.0110205,60.0
1744879080474269.0,-9042.28,6325.23,1.55841,2.28327,2.33119,0.0479259,60.0
1744879080494863.0,-9042.28,6325.23,1.55841,2.28327,2.28958,0.00631542,60.0
1744879080515536.0,-9043.97,6327.97,1.56352,2.33119,2.44205,0.110861,60.0
1744879080536159.0,-9043.97,6327.97,1.56352,2.33119,2.32232,-0.00887107,60.0
1744879080556755.0,-9046.09,6330.02,1.56856,2.44205,2.35931,-0.0827489,60.0
1744879080577324.0,-9046.09,6330.02,1.56856,2.44205,2.34773,-0.0943267,60.0
1744879080597901.0,-9046.09,6330.02,1.56856,2.44205,2.37006,-0.0719907,60.0
1744879080618466.0,-9047.78,6332.07,1.573,2.34773,2.2335,-0.114226,60.0
1744879080639142.0,-9047.78,6332.07,1.573,2.34773,2.26507,-0.0826622,60.0
1744879080659689.0,-9049.9,6334.81,1.57873,2.2335,2.12976,-0.103743,60.0
1744879080680487.0,-9049.9,6334.81,1.57873,2.2335,2.28668,0.0531796,60.0
1744879080701074.0,-9049.9,6334.81,1.57873,2.2335,2.21932,-0.014186,60.0
1744879080721887.0,-9051.59,6336.86,1.58317,2.28668,2.1565,-0.130179,60.0
1744879080742511.0,-9051.59,6336.86,1.58317,2.28668,2.21458,-0.0721006,60.0
1744879080763580.0,-9053.28,6339.59,1.58829,2.1565,2.12238,-0.0341206,60.0
1744879080783913.0,-9053.28,6339.59,1.58829,2.1565,2.21614,0.0596386,60.0
1744879080804592.0,-9055.4,6341.65,1.59334,2.12238,2.2474,0.125015,60.0
1744879080825832.0,-9055.4,6341.65,1.59334,2.12238,2.11826,-0.00412328,60.0
1744879080846357.0,-9055.4,6341.65,1.59334,2.12238,2.1574,0.0350191,60.0
1744879080866920.0,-9057.09,6344.38,1.59846,2.11826,2.16527,0.0470121,60.0
1744879080887421.0,-9057.09,6344.38,1.59846,2.11826,2.20013,0.0818734,60.0
1744879080908186.0,-9059.21,6346.43,0.603516,2.16527,2.18941,0.0241366,60.0
1744879080929126.0,-9059.21,6346.43,0.603516,2.16527,2.12445,-0.0408206,60.0
1744879080949534.0,-9059.21,6346.43,0.603516,2.16527,2.13292,-0.0323523,60.0
1744879080970052.0,-9060.9,6349.17,0.608644,2.12445,2.07058,-0.0538664,60.0
1744879080990649.0,-9060.9,6349.17,0.608644,2.12445,2.25686,0.132411,60.0
1744879081011387.0,-9062.59,6351.22,0.613094,2.07058,2.07579,0.00520841,60.0
1744879081032502.0,-9062.59,6351.22,0.613094,2.07058,2.19821,0.127629,60.0
1744879081052953.0,-9062.59,6351.22,0.613094,2.07058,2.13414,0.0635579,60.0
1744879081073753.0,-9064.71,6353.96,0.618829,2.19821,2.31045,0.112241,60.0
1744879081094519.0,-9064.71,6353.96,0.618829,2.19821,2.1381,-0.060115,60.0
1744879081115668.0,-9066.4,6356.01,0.623282,2.31045,2.18919,-0.121264,60.0
1744879081136088.0,-9066.4,6356.01,0.623282,2.31045,2.46353,0.153082,60.0
1744879081157004.0,-9066.4,6356.01,0.623282,2.31045,2.17913,-0.131323,60.0
1744879081177751.0,-9068.09,6358.06,0.627736,2.46353,2.41437,-0.0491627,60.0
1744879081198579.0,-9068.09,6358.06,0.627736,2.46353,2.45958,-0.00395299,60.0
1744879081219348.0,-9070.21,6360.79,0.633475,2.41437,2.37343,-0.0409387,60.0
1744879081240251.0,-9070.21,6360.79,0.633475,2.41437,2.29486,-0.119511,60.0
1744879081260765.0,-9071.9,6362.85,0.637931,2.37343,2.26524,-0.108195,60.0
1744879081282272.0,-9071.9,6362.85,0.637931,2.37343,2.31256,-0.0608689,60.0
1744879081302374.0,-9071.9,6362.85,0.637931,2.37343,2.21101,-0.162424,60.0
1744879081322943.0,-9073.59,6365.58,0.643069,2.31256,2.1777,-0.134863,60.0
1744879081343632.0,-9073.59,6365.58,0.643069,2.31256,2.3577,0.0451405,60.0
1744879081364341.0,-9075.71,6367.63,0.648133,2.1777,2.25199,0.0742854,60.0
1744879081385349.0,-9075.71,6367.63,0.648133,2.1777,2.14121,-0.0364878,60.0
1744879081406016.0,-9075.71,6367.63,0.648133,2.1777,2.20375,0.0260465,60.0
1744879081426892.0,-9077.4,6370.37,0.653274,2.14121,2.12252,-0.0186942,60.0
1744879081447569.0,-9077.4,6370.37,0.653274,2.14121,2.16984,0.0286305,60.0
1744879081468359.0,-9079.52,6372.42,0.65834,2.12252,2.14677,0.0242551,60.0
1744879081489092.0,-9079.52,6372.42,0.65834,2.12252,2.23195,0.10943,60.0
1744879081509860.0,-9079.52,6372.42,0.65834,2.12252,2.02843,-0.0940861,60.0
1744879081530796.0,-9081.21,6375.15,0.663485,2.23195,2.21855,-0.0134026,60.0
1744879081551551.0,-9081.21,6375.15,0.663485,2.23195,2.16056,-0.0713944,60.0
1744879081572368.0,-9082.9,6377.21,0.667949,2.21855,2.1464,-0.0721493,60.0
1744879081593103.0,-9082.9,6377.21,0.667949,2.21855,2.17216,-0.0463892,60.0
1744879081613829.0,-9082.9,6377.21,0.667949,2.21855,2.33948,0.120936,60.0
1744879081634567.0,-9085.02,6379.26,0.673019,2.17216,2.10957,-0.0625907,60.0
1744879081655498.0,-9085.02,6379.26,0.673019,2.17216,2.27385,0.101688,60.0
1744879081676011.0,-9086.71,6381.99,0.678168,2.10957,2.13807,0.0285004,60.0
1744879081696765.0,-9086.71,6381.99,0.678168,2.10957,2.10721,-0.00235451,60.0
1744879081717402.0,-9088.4,6384.04,0.682635,2.13807,2.18401,0.0459422,60.0
1744879081738281.0,-9088.4,6384.04,0.682635,2.13807,2.07616,-0.0619115,60.0
1744879081759043.0,-9088.4,6384.04,0.682635,2.13807,2.25444,0.116373,60.0
1744879081779944.0,-9090.52,6386.78,0.688392,2.07616,2.16777,0.0916096,60.0
1744879081800642.0,-9090.52,6386.78,0.688392,2.07616,2.08894,0.0127827,60.0
1744879081824489.0,-9092.21,6388.83,0.692863,2.16777,2.1359,-0.0318701,60.0
1744879081845268.0,-9092.21,6388.83,0.692863,2.16777,2.19782,0.0300493,60.0
1744879081866070.0,-9092.21,6388.83,0.692863,2.16777,2.27839,0.110624,60.0
1744879081889891.0,-9093.9,6391.57,0.698017,2.19782,2.27537,0.0775556,60.0
1744879081910628.0,-9093.9,6391.57,0.698017,2.19782,2.23844,0.0406199,60.0
1744879081931413.0,-9095.59,6394.3,0.703173,2.27537,2.24206,-0.0333099,60.0
1744879081952365.0,-9095.59,6394.3,0.703173,2.27537,2.36281,0.087443,60.0
1744879081973174.0,-9097.28,6396.35,0.707648,2.24206,2.0853,-0.156758,60.0
1744879081993759.0,-9097.28,6396.35,0.707648,2.24206,2.19999,-0.042067,60.0
1744879082014640.0,-9097.28,6396.35,0.707648,2.24206,2.23937,-0.00268623,60.0
1744879082035708.0,-9099.4,6399.09,0.713413,2.19999,2.10544,-0.0945537,60.0
1744879082056550.0,-9099.4,6399.09,0.713413,2.19999,2.27688,0.076889,60.0
1744879082077546.0,-9101.09,6401.14,0.717889,2.10544,2.13067,0.0252296,60.0
1744879082098112.0,-9101.09,6401.14,0.717889,2.10544,2.25802,0.152578,60.0
1744879082118999.0,-9101.09,6401.14,0.717889,2.10544,2.25747,0.152034,60.0
1744879082139547.0,-9102.78,6403.87,0.723052,2.25802,2.14327,-0.11475,60.0
1744879082160285.0,-9102.78,6403.87,0.723052,2.25802,2.1396,-0.118415,60.0
1744879082181190.0,-9104.48,6405.93,0.727531,2.14327,2.10379,-0.0394749,60.0
1744879082202865.0,-9104.48,6405.93,0.727531,2.14327,2.23294,0.0896742,60.0
1744879082223815.0,-9106.59,6408.66,0.733302,2.10379,2.24794,0.144143,60.0
1744879082244280.0,-9106.59,6408.66,0.733302,2.10379,2.15906,0.0552703,60.0
1744879082265327.0,-9106.59,6408.66,0.733302,2.10379,2.1009,-0.00289436,60.0
1744879082285921.0,-9108.28,6410.71,0.737784,2.15906,2.19793,0.0388653,60.0
1744879082307594.0,-9108.28,6410.71,0.737784,2.15906,2.11741,-0.0416542,60.0
1744879082328304.0,-9109.98,6413.45,0.742952,2.19793,2.18654,-0.0113858,60.0
1744879082349198.0,-9109.98,6413.45,0.742952,2.19793,2.35426,0.156329,60.0
1744879082369951.0,-9109.98,6413.45,0.742952,2.19793,2.2622,0.0642739,60.0
1744879082390774.0,-9111.67,6415.5,0.747436,2.35426,2.41012,0.0558632,60.0
1744879082411412.0,-9111.67,6415.5,0.747436,2.35426,2.41111,0.0568509,60.0
1744879082432025.0,-9113.36,6418.23,0.752607,2.41012,2.25259,-0.15753,60.0
1744879082453077.0,-9113.36,6418.23,0.752607,2.41012,2.24853,-0.161593,60.0
1744879082473613.0,-9113.36,6418.23,0.752607,2.41012,2.26715,-0.142969,60.0
1744879082494147.0,-9115.48,6420.29,0.757701,2.24853,2.18572,-0.0628044,60.0
1744879082514888.0,-9115.48,6420.29,0.757701,2.24853,2.37462,0.126093,60.0
1744879082535439.0,-9117.17,6423.02,0.762875,2.18572,2.20268,0.0169554,60.0
1744879082556301.0,-9117.17,6423.02,0.762875,2.18572,2.34254,0.156812,60.0
1744879082576942.0,-9118.86,6425.07,0.767364,2.20268,2.04887,-0.153814,60.0
1744879082597909.0,-9118.86,6425.07,0.767364,2.20268,2.25802,0.0553452,60.0
1744879082618364.0,-9118.86,6425.07,0.767364,2.20268,2.08664,-0.116041,60.0
1744879082639458.0,-9120.55,6427.81,0.772542,2.25802,2.24408,-0.0139406,60.0
1744879082660016.0,-9120.55,6427.81,0.772542,2.25802,2.17652,-0.0815028,60.0
1744879082680712.0,-9122.67,6429.86,0.777641,2.24408,2.23397,-0.0101122,60.0
1744879082701435.0,-9122.67,6429.86,0.777641,2.24408,2.19411,-0.0499725,60.0
1744879082722124.0,-9122.67,6429.86,0.777641,2.24408,2.20985,-0.0342318,60.0
1744879082744354.0,-9124.36,6432.6,0.782821,2.19411,2.18537,-0.00874442,60.0
1744879082765339.0,-9124.36,6432.6,0.782821,2.19411,2.28055,0.0864383,60.0
1744879082786407.0,-9126.05,6434.65,0.787315,2.18537,2.03478,-0.150589,60.0
1744879082807213.0,-9126.05,6434.65,0.787315,2.18537,2.23024,0.0448697,60.0
1744879082828140.0,-9128.17,6437.38,0.793106,2.23024,2.33762,0.107383,60.0
1744879082849252.0,-9128.17,6437.38,0.793106,2.23024,2.24186,0.0116217,60.0
1744879082870042.0,-9128.17,6437.38,0.793106,2.23024,2.35941,0.129174,60.0
1744879082891196.0,-9129.86,6439.43,0.797603,2.24186,2.22877,-0.0130888,60.0
1744879082911852.0,-9129.86,6439.43,0.797603,2.24186,2.37291,0.13105,60.0
1744879082932744.0,-9131.55,6442.17,0.802789,2.22877,2.11566,-0.113106,60.0
1744879082954060.0,-9131.55,6442.17,0.802789,2.22877,2.25343,0.024657,60.0
1744879082974497.0,-9131.55,6442.17,0.802789,2.22877,2.1363,-0.0924656,60.0
1744879082996316.0,-9133.25,6444.22,0.807288,2.25343,2.20739,-0.0460365,60.0
1744879083016741.0,-9133.25,6444.22,0.807288,2.25343,2.24475,-0.00868072,60.0
1744879083037382.0,-9135.36,6446.96,0.813086,2.20739,2.30579,0.0983957,60.0
1744879083057977.0,-9135.36,6446.96,0.813086,2.20739,2.13149,-0.075903,60.0
1744879083078946.0,-9135.36,6446.96,0.813086,2.20739,2.15503,-0.0523584,60.0
1744879083100011.0,-9137.05,6449.01,0.817587,2.13149,2.11098,-0.0205031,60.0
1744879083120782.0,-9137.05,6449.01,0.817587,2.13149,2.1274,-0.00408245,60.0
1744879083141777.0,-9138.75,6451.74,0.82278,2.11098,2.19469,0.083709,60.0
1744879083162593.0,-9138.75,6451.74,0.82278,2.11098,2.16086,0.0498749,60.0
1744879083183404.0,-9140.44,6453.79,0.827284,2.19469,2.16074,-0.0339494,60.0
1744879083204276.0,-9140.44,6453.79,0.827284,2.19469,2.13992,-0.0547746,60.0
1744879083225000.0,-9140.44,6453.79,0.827284,2.19469,2.25917,0.0644781,60.0
1744879083245868.0,-9142.55,6456.53,0.833088,2.13992,2.18219,0.042271,60.0
1744879083266470.0,-9142.55,6456.53,0.833088,2.13992,2.26173,0.121816,60.0
1744879083287767.0,-9144.25,6458.58,0.837594,2.18219,2.10406,-0.0781274,60.0
1744879083307946.0,-9144.25,6458.58,0.837594,2.18219,2.12876,-0.0534317,60.0
1744879083328651.0,-9144.25,6458.58,0.837594,2.18219,2.27475,0.0925603,60.0
1744879083349341.0,-9145.94,6461.32,0.842793,2.12876,2.06302,-0.0657385,60.0
1744879083369923.0,-9145.94,6461.32,0.842793,2.12876,2.22052,0.0917665,60.0
1744879083390615.0,-9147.63,6464.05,0.847993,2.06302,2.16403,0.101011,60.0
1744879083411121.0,-9147.63,6464.05,0.847993,2.06302,2.1285,0.0654816,60.0
1744879083431634.0,-9147.63,6464.05,0.847993,2.06302,2.07628,0.0132651,60.0
1744879083452278.0,-9149.32,6466.1,0.852503,2.1285,2.14314,0.0146428,60.0
1744879083473129.0,-9149.32,6466.1,0.852503,2.1285,2.23176,0.103259,60.0
1744879083493670.0,-9151.01,6468.84,0.857706,2.14314,2.17504,0.0318972,60.0
1744879083514051.0,-9151.01,6468.84,0.857706,2.14314,2.16899,0.0258477,60.0
1744879083534942.0,-9151.01,6468.84,0.857706,2.14314,2.2808,0.137657,60.0
1744879083555392.0,-9152.71,6470.89,0.862218,2.16899,2.21283,0.0438374,60.0
1744879083576336.0,-9152.71,6470.89,0.862218,2.16899,2.06377,-0.105218,60.0
1744879083596851.0,-9154.82,6473.62,0.868034,2.21283,2.21311,0.000277803,60.0
1744879083617497.0,-9154.82,6473.62,0.868034,2.21283,2.25324,0.0404165,60.0
1744879083638164.0,-9154.82,6473.62,0.868034,2.21283,2.10892,-0.103908,60.0
1744879083658696.0,-9156.51,6475.68,0.872549,2.25324,2.10451,-0.148731,60.0
1744879083679341.0,-9156.51,6475.68,0.872549,2.25324,2.22287,-0.0303717,60.0
1744879083699875.0,-9158.21,6478.41,0.877758,2.10451,2.15311,0.0485947,60.0
1744879083720479.0,-9158.21,6478.41,0.877758,2.10451,2.14004,0.0355312,60.0
1744879083741728.0,-9159.9,6481.15,0.882969,2.15311,2.11625,-0.036861,60.0
1744879083761891.0,-9159.9,6481.15,0.882969,2.15311,2.31266,0.159547,60.0
1744879083782692.0,-9159.9,6481.15,0.882969,2.15311,2.14828,-0.00482832,60.0
1744879083803746.0,-9161.59,6483.2,0.887488,2.31266,2.16256,-0.150092,60.0
1744879083824087.0,-9161.59,6483.2,0.887488,2.31266,2.23589,-0.0767669,60.0
1744879083844728.0,-9163.28,6485.93,0.892701,2.16256,2.18262,0.0200542,60.0
1744879083865690.0,-9163.28,6485.93,0.892701,2.16256,2.253,0.0904396,60.0
1744879083886616.0,-9163.28,6485.93,0.892701,2.16256,2.14493,-0.0176361,60.0
1744879083907259.0,-9164.97,6487.98,0.897223,2.253,2.21923,-0.0337766,60.0
1744879083928082.0,-9164.97,6487.98,0.897223,2.253,2.20525,-0.0477544,60.0
1744879083948751.0,-9166.67,6490.72,0.902439,2.21923,2.06143,-0.157791,60.0
1744879083969496.0,-9166.67,6490.72,0.902439,2.21923,2.11547,-0.103753,60.0
1744879083990236.0,-9166.67,6490.72,0.902439,2.21923,2.21957,0.000340158,60.0
1744879084010959.0,-9168.78,6492.77,0.907574,2.11547,2.08229,-0.0331794,60.0
1744879084031723.0,-9168.78,6492.77,0.907574,2.11547,2.2262,0.110732,60.0
1744879084052422.0,-9170.47,6495.51,0.912793,2.08229,2.20827,0.125979,60.0
1744879084073233.0,-9170.47,6495.51,0.912793,2.08229,2.1826,0.10031,60.0
1744879084093882.0,-9170.47,6495.51,0.912793,2.08229,2.1776,0.09531,60.0
1744879084114714.0,-9172.17,6498.24,0.918014,2.1826,2.15529,-0.0273081,60.0
1744879084135543.0,-9172.17,6498.24,0.918014,2.1826,2.1706,-0.0120007,60.0
1744879084156470.0,-9173.86,6500.29,0.922542,2.15529,2.28539,0.13009,60.0
1744879084177575.0,-9173.86,6500.29,0.922542,2.15529,2.05669,-0.0986037,60.0
1744879084198543.0,-9175.55,6503.03,0.927766,2.28539,2.26354,-0.0218423,60.0
1744879084219194.0,-9175.55,6503.03,0.927766,2.28539,2.27084,-0.0145474,60.0
1744879084239764.0,-9175.55,6503.03,0.927766,2.28539,2.18084,-0.10455,60.0
1744879084260537.0,-9177.24,6505.08,0.932296,2.27084,2.33416,0.0633213,60.0
1744879084283088.0,-9177.24,6505.08,0.932296,2.27084,2.11345,-0.157392,60.0
1744879084303441.0,-9178.94,6507.82,0.937523,2.33416,2.23321,-0.100947,60.0
1744879084324223.0,-9178.94,6507.82,0.937523,2.33416,2.42829,0.0941272,60.0
1744879084344906.0,-9178.94,6507.82,0.937523,2.33416,2.27952,-0.0546389,60.0
1744879084365629.0,-9180.63,6509.87,0.942056,2.42829,2.30623,-0.122061,60.0
1744879084386557.0,-9180.63,6509.87,0.942056,2.42829,2.31247,-0.115815,60.0
1744879084407075.0,-9182.74,6512.6,0.947897,2.30623,2.24545,-0.0607803,60.0
1744879084427704.0,-9182.74,6512.6,0.947897,2.30623,2.28908,-0.0171499,60.0
1744879084448941.0,-9182.74,6512.6,0.947897,2.30623,2.22343,-0.0827978,60.0
1744879084469634.0,-9184.44,6514.65,0.952433,2.28908,2.27384,-0.0152318,60.0
1744879084490690.0,-9184.44,6514.65,0.952433,2.28908,2.22626,-0.0628118,60.0
1744879084511352.0,-9186.13,6517.39,0.957666,2.27384,2.26174,-0.012105,60.0
1744879084533174.0,-9186.13,6517.39,0.957666,2.27384,2.28531,0.0114665,60.0
1744879084553825.0,-9187.82,6519.44,0.962203,2.26174,2.28877,0.0270281,60.0
1744879084574708.0,-9187.82,6519.44,0.962203,2.26174,2.22615,-0.0355877,60.0
1744879084595466.0,-9187.82,6519.44,0.962203,2.26174,2.23642,-0.0253171,60.0
1744879084616403.0,-9189.94,6522.18,0.968051,2.22615,2.19615,-0.030001,60.0
1744879084637717.0,-9189.94,6522.18,0.968051,2.22615,2.1807,-0.0454463,60.0
1744879084658552.0,-9191.63,6524.23,0.972592,2.19615,2.26872,0.0725712,60.0
1744879084679290.0,-9191.63,6524.23,0.972592,2.19615,2.0956,-0.100553,60.0
1744879084700476.0,-9191.63,6524.23,0.972592,2.19615,2.35168,0.155531,60.0
1744879084720860.0,-9193.32,6526.96,0.977831,2.0956,2.14627,0.0506737,60.0
1744879084741604.0,-9193.32,6526.96,0.977831,2.0956,2.13298,0.0373802,60.0
1744879084762235.0,-9195.44,6529.01,0.982986,2.14627,2.18724,0.0409712,60.0
1744879084783996.0,-9195.44,6529.01,0.982986,2.14627,2.26398,0.117714,60.0
1744879084804534.0,-9195.44,6529.01,0.982986,2.14627,2.22343,0.0771616,60.0
1744879084825359.0,-9197.13,6531.75,0.988228,2.26398,2.16819,-0.0957904,60.0
1744879084845963.0,-9197.13,6531.75,0.988228,2.26398,2.28956,0.0255778,60.0
1744879084866946.0,-9198.82,6533.8,0.992773,2.16819,2.04195,-0.126242,60.0
1744879084887467.0,-9198.82,6533.8,0.992773,2.16819,2.30031,0.132115,60.0
1744879084908073.0,-9200.51,6536.54,0.998018,2.04195,2.2062,0.16425,60.0
1744879084928794.0,-9200.51,6536.54,0.998018,2.04195,2.03295,-0.00900215,60.0
1744879084949572.0,-9200.51,6536.54,0.998018,2.04195,2.16397,0.122022,60.0
1744879084970758.0,-9202.2,6538.59,1.00257,2.03295,2.13823,0.105278,60.0
1744879084990989.0,-9202.2,6538.59,1.00257,2.03295,2.18019,0.147245,60.0
1744879085011789.0,-9204.32,6541.32,1.00843,2.13823,2.1413,0.00306774,60.0
1744879085032749.0,-9204.32,6541.32,1.00843,2.13823,2.157,0.0187763,60.0
1744879085053398.0,-9204.32,6541.32,1.00843,2.13823,2.08156,-0.056668,60.0
1744879085074106.0,-9206.01,6544.06,1.01368,2.157,2.16976,0.0127565,60.0
1744879085095060.0,-9206.01,6544.06,1.01368,2.157,2.12536,-0.031642,60.0
1744879085115600.0,-9207.7,6546.11,1.01823,2.16976,2.26493,0.09517,60.0
1744879085136419.0,-9207.7,6546.11,1.01823,2.16976,2.1811,0.0113409,60.0
1744879085157210.0,-9207.7,6546.11,1.01823,2.16976,2.13951,-0.0302505,60.0
1744879085178244.0,-9209.4,6548.85,1.02348,2.1811,2.2381,0.0570018,60.0
1744879085198929.0,-9209.4,6548.85,1.02348,2.1811,2.2433,0.0621999,60.0
1744879085219414.0,-9211.09,6550.9,1.02803,2.2381,2.29016,0.0520595,60.0
1744879085240279.0,-9211.09,6550.9,1.02803,2.2381,2.32704,0.0889414,60.0
1744879085260970.0,-9211.09,6550.9,1.02803,2.2381,2.10331,-0.13479,60.0
1744879085282396.0,-9212.78,6553.63,1.03329,2.32704,2.27113,-0.055917,60.0
1744879085303185.0,-9212.78,6553.63,1.03329,2.32704,2.40589,0.0788479,60.0
1744879085323862.0,-9214.47,6555.68,1.03785,2.27113,2.15,-0.121127,60.0
1744879085344542.0,-9214.47,6555.68,1.03785,2.27113,2.13115,-0.139978,60.0
1744879085365161.0,-9216.59,6558.42,1.04372,2.15,2.0554,-0.0946048,60.0
1744879085386026.0,-9216.59,6558.42,1.04372,2.15,2.25663,0.106631,60.0
1744879085406712.0,-9216.59,6558.42,1.04372,2.15,2.25034,0.10034,60.0
1744879085427906.0,-9218.28,6561.15,1.04898,2.25663,2.19098,-0.065652,60.0
1744879085448516.0,-9218.28,6561.15,1.04898,2.25663,2.37701,0.120376,60.0
1744879085469337.0,-9219.97,6563.21,1.05354,2.19098,2.11562,-0.0753619,60.0
1744879085489817.0,-9219.97,6563.21,1.05354,2.19098,2.09668,-0.0943007,60.0
1744879085510488.0,-9219.97,6563.21,1.05354,2.19098,2.19489,0.00390933,60.0
1744879085531601.0,-9221.66,6565.94,1.0588,2.09668,2.24379,0.147115,60.0
1744879085552193.0,-9221.66,6565.94,1.0588,2.09668,2.24244,0.145764,60.0
1744879085572984.0,-9223.36,6567.99,1.06337,2.24379,2.30067,0.0568786,60.0
1744879085593627.0,-9223.36,6567.99,1.06337,2.24379,2.33966,0.0958632,60.0
1744879085614476.0,-9223.36,6567.99,1.06337,2.24379,2.26954,0.0257491,60.0
1744879085635215.0,-9225.05,6570.73,1.06863,2.33966,2.47253,0.132879,60.0
1744879085656045.0,-9225.05,6570.73,1.06863,2.33966,2.24602,-0.0936383,60.0
1744879085676953.0,-9227.16,6572.78,1.07381,2.47253,2.41845,-0.0540854,60.0
1744879085697459.0,-9227.16,6572.78,1.07381,2.47253,2.43051,-0.0420216,60.0
1744879085718252.0,-9228.86,6575.52,1.07908,2.41845,2.29664,-0.121808,60.0
1744879085739057.0,-9228.86,6575.52,1.07908,2.41845,2.34146,-0.0769873,60.0
1744879085759738.0,-9228.86,6575.52,1.07908,2.41845,2.29314,-0.125307,60.0
1744879085781125.0,-9230.55,6577.57,1.08365,2.34146,2.28482,-0.0566399,60.0
1744879085801768.0,-9230.55,6577.57,1.08365,2.34146,2.41238,0.0709222,60.0
1744879085822958.0,-9230.55,6577.57,1.08365,2.34146,2.2534,-0.0880627,60.0
1744879085843808.0,-9232.66,6580.3,1.08954,2.41238,2.33198,-0.0804029,60.0
1744879085864633.0,-9232.66,6580.3,1.08954,2.41238,2.27493,-0.137452,60.0
1744879085885615.0,-9234.36,6582.35,1.09411,2.33198,2.19825,-0.133733,60.0
1744879085906517.0,-9234.36,6582.35,1.09411,2.33198,2.25838,-0.0736053,60.0
1744879085927229.0,-9236.05,6585.09,1.09938,2.19825,2.20791,0.00965773,60.0
1744879085947985.0,-9236.05,6585.09,1.09938,2.19825,2.1285,-0.0697525,60.0
1744879085968586.0,-9236.05,6585.09,1.09938,2.19825,2.20192,0.00366748,60.0
1744879085989564.0,-9238.16,6587.14,1.10457,2.1285,2.10865,-0.0198464,60.0
1744879086010219.0,-9238.16,6587.14,1.10457,2.1285,2.14313,0.0146347,60.0
1744879086032758.0,-9239.86,6589.19,1.10914,2.10865,2.08313,-0.0255186,60.0
1744879086053290.0,-9239.86,6589.19,1.10914,2.10865,2.14493,0.0362773,60.0
1744879086074129.0,-9239.86,6589.19,1.10914,2.10865,2.26258,0.15393,60.0
1744879086094849.0,-9241.55,6591.93,1.11442,2.14493,2.03846,-0.106467,60.0
1744879086115800.0,-9241.55,6591.93,1.11442,2.14493,2.29047,0.145543,60.0
1744879086136636.0,-9243.66,6593.98,1.11962,2.03846,2.14293,0.104474,60.0
1744879086157189.0,-9243.66,6593.98,1.11962,2.03846,2.13147,0.0930061,60.0
1744879086177953.0,-9243.66,6593.98,1.11962,2.03846,2.08072,0.0422639,60.0
1744879086198674.0,-9245.36,6596.71,1.1249,2.13147,2.19166,0.060193,60.0
1744879086219476.0,-9245.36,6596.71,1.1249,2.13147,2.18787,0.0563989,60.0
1744879086240190.0,-9247.05,6598.77,1.12948,2.19166,2.21111,0.0194544,60.0
1744879086261256.0,-9247.05,6598.77,1.12948,2.19166,2.31784,0.126177,60.0
1744879086283256.0,-9248.74,6601.5,1.13476,2.21111,2.16735,-0.0437602,60.0
1744879086303868.0,-9248.74,6601.5,1.13476,2.21111,2.30915,0.0980329,60.0
1744879086324527.0,-9248.74,6601.5,1.13476,2.21111,2.18752,-0.0235922,60.0
1744879086345562.0,-9250.86,6604.24,1.14067,2.30915,2.20968,-0.0994637,60.0
1744879086366013.0,-9250.86,6604.24,1.14067,2.30915,2.26365,-0.045496,60.0
1744879086387653.0,-9252.55,6606.29,1.14525,2.20968,2.11898,-0.0907005,60.0
1744879086408246.0,-9252.55,6606.29,1.14525,2.20968,2.2443,0.03462,60.0
1744879086428874.0,-9252.55,6606.29,1.14525,2.20968,2.26677,0.0570856,60.0
1744879086449790.0,-9254.24,6609.02,1.15054,2.2443,2.24238,-0.0019215,60.0
1744879086470308.0,-9254.24,6609.02,1.15054,2.2443,2.28045,0.0361429,60.0
1744879086490980.0,-9255.93,6611.08,1.15512,2.24238,2.27344,0.031062,60.0
1744879086511543.0,-9255.93,6611.08,1.15512,2.24238,2.09556,-0.14682,60.0
1744879086532800.0,-9255.93,6611.08,1.15512,2.24238,2.21802,-0.0243574,60.0
1744879086553413.0,-9258.05,6613.81,1.16103,2.09556,1.99748,-0.0980817,60.0
1744879086574436.0,-9258.05,6613.81,1.16103,2.09556,2.17437,0.0788111,60.0
1744879086595355.0,-9259.74,6615.86,1.16562,1.99748,1.97804,-0.019444,60.0
1744879086616030.0,-9259.74,6615.86,1.16562,1.99748,2.04408,0.046596,60.0
1744879086638316.0,-9261.43,6618.6,1.17092,1.97804,2.03704,0.0590004,60.0
1744879086658890.0,-9261.43,6618.6,1.17092,1.97804,2.04854,0.0705054,60.0
1744879086679806.0,-9261.43,6618.6,1.17092,1.97804,2.0185,0.0404639,60.0
1744879086700540.0,-9263.12,6620.65,1.17551,2.04854,2.06555,0.0170134,60.0
1744879086721288.0,-9263.12,6620.65,1.17551,2.04854,2.21249,0.163951,60.0
1744879086743603.0,-9264.82,6623.38,1.18081,2.06555,2.20024,0.134685,60.0
1744879086764629.0,-9264.82,6623.38,1.18081,2.06555,2.0322,-0.0333579,60.0
1744879086791675.0,-9266.51,6625.44,1.1854,2.20024,2.07948,-0.120754,60.0
1744879086812378.0,-9266.51,6625.44,1.1854,2.20024,2.18696,-0.0132776,60.0
1744879086834499.0,-9266.51,6625.44,1.1854,2.20024,2.17394,-0.0262996,60.0
1744879086854773.0,-9268.2,6628.17,1.1907,2.18696,2.04367,-0.143289,60.0
1744879086876340.0,-9268.2,6628.17,1.1907,2.18696,2.06333,-0.123627,60.0
1744879086897097.0,-9269.89,6630.91,1.19601,2.04367,2.09249,0.0488206,60.0
1744879086918299.0,-9269.89,6630.91,1.19601,2.04367,2.05945,0.0157793,60.0
1744879086939872.0,-9269.89,6630.91,1.19601,2.04367,2.017,-0.0266723,60.0
1744879086960547.0,-9272.01,6632.96,1.20122,2.05945,2.22144,0.161989,60.0
1744879086981520.0,-9272.01,6632.96,1.20122,2.05945,2.05695,-0.00250446,60.0
1744879087002060.0,-9273.7,6635.69,1.20653,2.22144,2.25721,0.0357656,60.0
1744879087023224.0,-9273.7,6635.69,1.20653,2.22144,2.22916,0.00771643,60.0
1744879087044189.0,-9275.39,6637.75,1.21113,2.25721,2.38619,0.12898,60.0
1744879087065348.0,-9275.39,6637.75,1.21113,2.25721,2.30249,0.0452861,60.0
1744879087086384.0,-9275.39,6637.75,1.21113,2.25721,2.2511,-0.00610731,60.0
1744879087107009.0,-9277.08,6640.48,1.21644,2.30249,2.2222,-0.0802963,60.0
1744879087129111.0,-9277.08,6640.48,1.21644,2.30249,2.19954,-0.102955,60.0
1744879087150105.0,-9278.78,6643.22,1.22175,2.2222,2.19054,-0.0316605,60.0
1744879087170854.0,-9278.78,6643.22,1.22175,2.2222,2.17353,-0.0486644,60.0
1744879087191533.0,-9278.78,6643.22,1.22175,2.2222,2.14296,-0.0792414,60.0
1744879087212900.0,-9280.47,6645.27,1.22635,2.17353,2.29396,0.120425,60.0
1744879087235649.0,-9280.47,6645.27,1.22635,2.17353,2.2032,0.0296693,60.0
1744879087256618.0,-9282.16,6648.0,1.23166,2.29396,2.19595,-0.0980087,60.0
1744879087277819.0,-9282.16,6648.0,1.23166,2.29396,2.147,-0.146953,60.0
1744879087298949.0,-9283.85,6650.05,1.23627,2.19595,2.27447,0.0785184,60.0
1744879087319668.0,-9283.85,6650.05,1.23627,2.19595,2.28162,0.0856695,60.0
1744879087340523.0,-9283.85,6650.05,1.23627,2.19595,2.13662,-0.0593285,60.0
1744879087361404.0,-9285.54,6652.79,1.24159,2.28162,2.32799,0.0463767,60.0
1744879087382303.0,-9285.54,6652.79,1.24159,2.28162,2.18184,-0.0997735,60.0
1744879087403258.0,-9287.24,6654.84,1.2462,2.32799,2.41399,0.0859939,60.0
1744879087424147.0,-9287.24,6654.84,1.2462,2.32799,2.27402,-0.0539777,60.0
1744879087444812.0,-9287.24,6654.84,1.2462,2.32799,2.31001,-0.0179895,60.0
1744879087466066.0,-9288.93,6657.58,1.25152,2.27402,2.31388,0.0398666,60.0
1744879087487061.0,-9288.93,6657.58,1.25152,2.27402,2.39666,0.122642,60.0
1744879087507770.0,-9291.04,6660.31,1.25746,2.31388,2.32492,0.0110397,60.0
1744879087528677.0,-9291.04,6660.31,1.25746,2.31388,2.36117,0.0472835,60.0
1744879087549395.0,-9292.74,6662.36,1.26207,2.32492,2.43982,0.114894,60.0
1744879087570140.0,-9292.74,6662.36,1.26207,2.32492,2.25841,-0.0665182,60.0
1744879087590853.0,-9292.74,6662.36,1.26207,2.32492,2.18218,-0.142747,60.0
1744879087611887.0,-9294.43,6665.1,1.26739,2.25841,2.36727,0.108867,60.0
1744879087632572.0,-9294.43,6665.1,1.26739,2.25841,2.24224,-0.0161681,60.0
1744879087653523.0,-9296.12,6667.15,1.27201,2.36727,2.22648,-0.140787,60.0
1744879087674143.0,-9296.12,6667.15,1.27201,2.36727,2.30859,-0.0586791,60.0
1744879087695211.0,-9296.12,6667.15,1.27201,2.36727,2.39887,0.0315938,60.0
1744879087715986.0,-9298.24,6669.89,1.27795,2.30859,2.19663,-0.111966,60.0
1744879087736982.0,-9298.24,6669.89,1.27795,2.30859,2.31254,0.00394802,60.0
1744879087757919.0,-9299.93,6671.94,1.28257,2.19663,2.21191,0.0152783,60.0
1744879087779087.0,-9299.93,6671.94,1.28257,2.19663,2.28165,0.0850252,60.0
1744879087800152.0,-9299.93,6671.94,1.28257,2.19663,2.34152,0.144896,60.0
1744879087822198.0,-9302.04,6673.99,1.28781,2.28165,2.25884,-0.0228168,60.0
1744879087843018.0,-9302.04,6673.99,1.28781,2.28165,2.22494,-0.0567163,60.0
1744879087864178.0,-9303.74,6676.72,1.29314,2.25884,2.22935,-0.0294846,60.0
1744879087885106.0,-9303.74,6676.72,1.29314,2.25884,2.1863,-0.0725391,60.0
1744879087905964.0,-9305.43,6678.78,1.29776,2.22935,2.34034,0.110991,60.0
1744879087927225.0,-9305.43,6678.78,1.29776,2.22935,2.20816,-0.0211899,60.0
1744879087947292.0,-9305.43,6678.78,1.29776,2.22935,2.20623,-0.0231248,60.0
1744879087968779.0,-9307.54,6681.51,1.30372,2.20816,2.28414,0.0759762,60.0
1744879087989616.0,-9307.54,6681.51,1.30372,2.20816,2.28726,0.0791022,60.0
1744879088010432.0,-9309.24,6683.56,1.30834,2.28414,2.14004,-0.144097,60.0
1744879088031413.0,-9309.24,6683.56,1.30834,2.28414,2.13298,-0.151154,60.0
1744879088052538.0,-9309.24,6683.56,1.30834,2.28414,2.23917,-0.044968,60.0
1744879088073250.0,-9310.93,6686.3,1.31368,2.13298,2.10047,-0.0325165,60.0
1744879088094176.0,-9310.93,6686.3,1.31368,2.13298,2.24753,0.114542,60.0
1744879088114687.0,-9313.04,6688.35,1.31892,2.10047,2.22988,0.129415,60.0
1744879088137464.0,-9313.04,6688.35,1.31892,2.10047,2.17654,0.0760731,60.0
1744879088158156.0,-9314.74,6691.09,1.32426,2.22988,2.10984,-0.120041,60.0
1744879088179254.0,-9314.74,6691.09,1.32426,2.22988,2.08107,-0.148816,60.0
1744879088199902.0,-9314.74,6691.09,1.32426,2.22988,2.13107,-0.0988089,60.0
1744879088220478.0,-9316.43,6693.14,1.32889,2.08107,2.03163,-0.0494307,60.0
1744879088241704.0,-9316.43,6693.14,1.32889,2.08107,2.22643,0.145362,60.0
1744879088262141.0,-9318.12,6695.87,1.33424,2.03163,1.91042,-0.121214,60.0
1744879088283325.0,-9318.12,6695.87,1.33424,2.03163,2.09906,0.0674242,60.0
1744879088304316.0,-9318.12,6695.87,1.33424,2.03163,2.04739,0.0157554,60.0
1744879088324697.0,-9320.24,6697.92,1.33949,2.09906,2.0812,-0.0178575,60.0
1744879088345916.0,-9320.24,6697.92,1.33949,2.09906,2.12879,0.0297281,60.0
1744879088366801.0,-9321.93,6700.66,1.34483,2.0812,2.09216,0.010955,60.0
1744879088387356.0,-9321.93,6700.66,1.34483,2.0812,2.02936,-0.0518382,60.0
1744879088408053.0,-9321.93,6700.66,1.34483,2.0812,2.2249,0.143698,60.0
1744879088428725.0,-9323.62,6702.71,1.34947,2.02936,2.18709,0.157724,60.0
1744879088449408.0,-9323.62,6702.71,1.34947,2.02936,2.15156,0.122195,60.0
1744879088470167.0,-9325.31,6705.45,1.35482,2.18709,2.27871,0.0916233,60.0
1744879088491079.0,-9325.31,6705.45,1.35482,2.18709,2.0695,-0.117592,60.0
1744879088511634.0,-9327.0,6708.18,1.36017,2.27871,2.36375,0.0850347,60.0
1744879088532470.0,-9327.0,6708.18,1.36017,2.27871,2.28549,0.00677479,60.0
1744879088553211.0,-9327.0,6708.18,1.36017,2.27871,2.14202,-0.13669,60.0
1744879088573959.0,-9328.7,6710.23,1.36481,2.28549,2.40377,0.11828,60.0
1744879088594919.0,-9328.7,6710.23,1.36481,2.28549,2.28231,-0.00318002,60.0
1744879088615389.0,-9330.39,6712.97,1.37016,2.40377,2.43074,0.026974,60.0
1744879088636433.0,-9330.39,6712.97,1.37016,2.40377,2.33301,-0.0707555,60.0
1744879088657047.0,-9330.39,6712.97,1.37016,2.40377,2.42883,0.0250666,60.0
1744879088677774.0,-9332.5,6715.02,1.37542,2.33301,2.2729,-0.0601139,60.0
1744879088698619.0,-9332.5,6715.02,1.37542,2.33301,2.32509,-0.00792382,60.0
1744879088719398.0,-9334.2,6717.76,1.38078,2.2729,2.22544,-0.047461,60.0
1744879088740253.0,-9334.2,6717.76,1.38078,2.2729,2.30801,0.0351138,60.0
1744879088761104.0,-9334.2,6717.76,1.38078,2.2729,2.19888,-0.0740185,60.0
1744879088782039.0,-9335.89,6719.81,1.38542,2.30801,2.35664,0.0486304,60.0
1744879088802929.0,-9335.89,6719.81,1.38542,2.30801,2.29145,-0.016557,60.0
1744879088823565.0,-9337.58,6722.54,1.39078,2.35664,2.22721,-0.129428,60.0
1744879088844567.0,-9337.58,6722.54,1.39078,2.35664,2.29169,-0.0649531,60.0
1744879088865212.0,-9339.7,6724.59,1.39605,2.29169,2.16538,-0.126302,60.0
1744879088886289.0,-9339.7,6724.59,1.39605,2.29169,2.19356,-0.0981279,60.0
1744879088906645.0,-9339.7,6724.59,1.39605,2.29169,2.43158,0.139888,60.0
1744879088928681.0,-9341.39,6727.33,1.40141,2.19356,2.16785,-0.025708,60.0
1744879088949475.0,-9341.39,6727.33,1.40141,2.19356,2.26664,0.0730837,60.0
1744879088970414.0,-9343.08,6729.38,1.40606,2.16785,2.0387,-0.129147,60.0
1744879088991360.0,-9343.08,6729.38,1.40606,2.16785,2.29826,0.130406,60.0
1744879089012400.0,-9343.08,6729.38,1.40606,2.16785,2.164,-0.00384932,60.0
1744879089033074.0,-9345.2,6732.12,1.41205,2.29826,2.22861,-0.069651,60.0
1744879089053768.0,-9345.2,6732.12,1.41205,2.29826,2.4509,0.152645,60.0
1744879089075384.0,-9346.89,6734.17,1.4167,2.22861,2.17172,-0.0568899,60.0
1744879089098291.0,-9346.89,6734.17,1.4167,2.22861,2.27937,0.0507604,60.0
1744879089119264.0,-9348.58,6736.9,1.42207,2.17172,2.21237,0.0406512,60.0
1744879089139859.0,-9348.58,6736.9,1.42207,2.17172,2.2704,0.0986787,60.0
1744879089160630.0,-9348.58,6736.9,1.42207,2.17172,2.17705,0.00533599,60.0
1744879089181417.0,-9350.7,6738.96,1.42734,2.2704,2.24197,-0.0284223,60.0
1744879089202281.0,-9350.7,6738.96,1.42734,2.2704,2.36023,0.0898328,60.0
1744879089223214.0,-9352.39,6741.01,1.432,2.24197,2.32591,0.0839371,60.0
1744879089244113.0,-9352.39,6741.01,1.432,2.24197,2.08145,-0.160523,60.0
1744879089265105.0,-9352.39,6741.01,1.432,2.24197,2.18721,-0.0547589,60.0
1744879089285706.0,-9354.08,6743.74,1.43737,2.08145,1.97255,-0.108899,60.0
1744879089306442.0,-9354.08,6743.74,1.43737,2.08145,2.14734,0.0658882,60.0
1744879089327373.0,-9356.2,6745.79,1.44265,1.97255,2.10738,0.134833,60.0
1744879089348527.0,-9356.2,6745.79,1.44265,1.97255,1.97792,0.00537389,60.0
1744879089369494.0,-9356.2,6745.79,1.44265,1.97255,2.12726,0.154709,60.0
1744879089390340.0,-9357.89,6748.53,1.44803,1.97792,2.06348,0.0855535,60.0
1744879089411410.0,-9357.89,6748.53,1.44803,1.97792,1.9067,-0.0712293,60.0
1744879089432015.0,-9359.58,6751.27,1.45341,2.06348,2.12671,0.0632367,60.0
1744879089453060.0,-9359.58,6751.27,1.45341,2.06348,2.15334,0.0898606,60.0
1744879089473432.0,-9361.27,6753.32,1.45806,2.12671,2.28415,0.157432,60.0
1744879089494247.0,-9361.27,6753.32,1.45806,2.12671,2.19819,0.0714717,60.0
1744879089515443.0,-9361.27,6753.32,1.45806,2.12671,2.29069,0.163978,60.0
1744879089536129.0,-9362.96,6756.05,1.46345,2.19819,2.20716,0.00897781,60.0
1744879089556697.0,-9362.96,6756.05,1.46345,2.19819,2.18896,-0.00922549,60.0
1744879089577281.0,-9365.08,6758.1,1.46873,2.20716,2.16903,-0.0381342,60.0
1744879089597949.0,-9365.08,6758.1,1.46873,2.20716,2.23701,0.0298506,60.0
1744879089618742.0,-9365.08,6758.1,1.46873,2.20716,2.17298,-0.0341805,60.0
1744879089639360.0,-9366.77,6760.84,1.47412,2.23701,2.34534,0.108323,60.0
1744879089660138.0,-9366.77,6760.84,1.47412,2.23701,2.10085,-0.136169,60.0
1744879089680790.0,-9368.46,6762.89,1.47878,2.34534,2.38008,0.0347397,60.0
1744879089701596.0,-9368.46,6762.89,1.47878,2.34534,2.22891,-0.116423,60.0
1744879089722298.0,-9368.46,6762.89,1.47878,2.34534,2.29715,-0.0481868,60.0
1744879089742992.0,-9370.16,6765.63,1.48417,2.22891,2.21289,-0.0160277,60.0
1744879089763833.0,-9370.16,6765.63,1.48417,2.22891,2.27255,0.043633,60.0
1744879089784986.0,-9371.85,6767.68,1.48884,2.21289,2.27088,0.0579934,60.0
1744879089806281.0,-9371.85,6767.68,1.48884,2.21289,2.1968,-0.016083,60.0
1744879089826834.0,-9371.85,6767.68,1.48884,2.21289,2.14898,-0.0639115,60.0
1744879089847561.0,-9373.54,6770.41,1.49423,2.1968,2.25546,0.0586538,60.0
1744879089868168.0,-9373.54,6770.41,1.49423,2.1968,2.12008,-0.07672,60.0
1744879089888935.0,-9375.66,6772.47,1.49952,2.25546,2.34242,0.0869576,60.0
1744879089909569.0,-9375.66,6772.47,1.49952,2.25546,2.26327,0.00781419,60.0
1744879089930369.0,-9377.35,6775.2,1.50491,2.34242,2.25962,-0.0827983,60.0
1744879089950886.0,-9377.35,6775.2,1.50491,2.34242,2.33881,-0.00360217,60.0
1744879089971791.0,-9377.35,6775.2,1.50491,2.34242,2.395,0.0525866,60.0
1744879089992238.0,-9379.04,6777.25,1.50959,2.33881,2.1987,-0.140114,60.0
1744879090013086.0,-9379.04,6777.25,1.50959,2.33881,2.32487,-0.013945,60.0
1744879090033780.0,-9380.73,6779.99,1.51498,2.1987,2.25101,0.052313,60.0
1744879090054543.0,-9380.73,6779.99,1.51498,2.1987,2.2311,0.0323988,60.0
1744879090075560.0,-9380.73,6779.99,1.51498,2.1987,2.17128,-0.0274182,60.0
1744879090096187.0,-9382.85,6782.04,1.52028,2.2311,2.29918,0.0680827,60.0
1744879090116893.0,-9382.85,6782.04,1.52028,2.2311,2.18528,-0.0458225,60.0
1744879090137629.0,-9384.54,6784.77,1.52568,2.29918,2.34505,0.0458647,60.0
1744879090158591.0,-9384.54,6784.77,1.52568,2.29918,2.29308,-0.00610274,60.0
1744879090179410.0,-9384.54,6784.77,1.52568,2.29918,2.19466,-0.104523,60.0
1744879090200091.0,-9386.23,6786.83,1.53036,2.29308,2.18321,-0.109872,60.0
1744879090220939.0,-9386.23,6786.83,1.53036,2.29308,2.33901,0.0459282,60.0
1744879090241883.0,-9388.35,6789.56,1.53639,2.18321,2.18872,0.00551311,60.0
1744879090262704.0,-9388.35,6789.56,1.53639,2.18321,2.03095,-0.152252,60.0
1744879090283543.0,-9388.35,6789.56,1.53639,2.18321,2.20586,0.0226512,60.0
1744879090304332.0,-9390.04,6791.61,1.54107,2.03095,2.17886,0.14791,60.0
1744879090325128.0,-9390.04,6791.61,1.54107,2.03095,2.09368,0.0627295,60.0
1744879090345888.0,-9391.73,6794.35,1.54647,2.17886,2.325,0.146134,60.0
1744879090366313.0,-9391.73,6794.35,1.54647,2.17886,2.26187,0.083003,60.0
1744879090387104.0,-9393.85,6796.4,1.55178,2.325,2.28625,-0.0387511,60.0
1744879090408220.0,-9393.85,6796.4,1.55178,2.325,2.27246,-0.0525368,60.0
1744879090428955.0,-9393.85,6796.4,1.55178,2.325,2.25161,-0.0733851,60.0
1744879090449535.0,-9395.54,6799.14,1.55719,2.27246,2.22444,-0.0480261,60.0
1744879090470305.0,-9395.54,6799.14,1.55719,2.27246,2.16586,-0.106598,60.0
1744879090491394.0,-9397.23,6801.19,1.56187,2.22444,2.10961,-0.114828,60.0
1744879090511795.0,-9397.23,6801.19,1.56187,2.22444,2.21293,-0.0115015,60.0
1744879090532369.0,-9397.23,6801.19,1.56187,2.22444,2.28588,0.0614458,60.0
1744879090553100.0,-9398.92,6803.92,1.56728,2.21293,2.16113,-0.0518081,60.0
1744879090573621.0,-9398.92,6803.92,1.56728,2.21293,2.29483,0.0818958,60.0
1744879090594389.0,-9401.04,6805.98,1.5726,2.16113,2.16886,0.00773934,60.0
1744879090615059.0,-9401.04,6805.98,1.5726,2.16113,2.18979,0.0286683,60.0
1744879090635807.0,-9401.04,6805.98,1.5726,2.16113,2.25452,0.0933926,60.0
1744879090656543.0,-9402.73,6808.71,1.57801,2.18979,2.05319,-0.136599,60.0
1744879090677332.0,-9402.73,6808.71,1.57801,2.18979,2.08921,-0.100588,60.0
1744879090698142.0,-9404.42,6810.76,1.5827,2.05319,2.20775,0.154552,60.0
1744879090718750.0,-9404.42,6810.76,1.5827,2.05319,2.10029,0.0470984,60.0
1744879090739581.0,-9404.42,6810.76,1.5827,2.05319,2.02987,-0.0233274,60.0
1744879090760298.0,-9406.11,6813.5,1.58812,2.10029,2.18908,0.0887842,60.0
1744879090781353.0,-9406.11,6813.5,1.58812,2.10029,2.25897,0.158673,60.0
1744879090801750.0,-9408.23,6815.55,1.59344,2.18908,2.08513,-0.103948,60.0
1744879090822833.0,-9408.23,6815.55,1.59344,2.18908,2.34183,0.152756,60.0
1744879090843459.0,-9409.92,6818.28,1.59886,2.08513,2.05983,-0.0252991,60.0
1744879090865028.0,-9409.92,6818.28,1.59886,2.08513,2.02528,-0.0598519,60.0
1744879090885658.0,-9409.92,6818.28,1.59886,2.08513,2.14642,0.0612951,60.0
1744879090906474.0,-9411.62,6821.02,0.604283,2.02528,2.02016,-0.00511305,60.0
1744879090927325.0,-9411.62,6821.02,0.604283,2.02528,2.08844,0.0631601,60.0
1744879090947907.0,-9413.31,6823.07,0.608978,2.02016,2.10436,0.0841962,60.0
1744879090968770.0,-9413.31,6823.07,0.608978,2.02016,2.11436,0.0941923,60.0
1744879090989287.0,-9413.31,6823.07,0.608978,2.02016,2.08039,0.0602229,60.0
1744879091010210.0,-9415.0,6825.81,0.614404,2.11436,2.04888,-0.0654799,60.0
1744879091031083.0,-9415.0,6825.81,0.614404,2.11436,2.22593,0.111574,60.0
1744879091051968.0,-9416.69,6827.86,0.619102,2.04888,2.21196,0.163087,60.0
1744879091072770.0,-9416.69,6827.86,0.619102,2.04888,2.18596,0.137084,60.0
1744879091093561.0,-9416.69,6827.86,0.619102,2.04888,2.0322,-0.0166779,60.0
1744879091114194.0,-9418.38,6830.59,0.624531,2.18596,2.2483,0.062341,60.0
1744879091135006.0,-9418.38,6830.59,0.624531,2.18596,2.06099,-0.124975,60.0
1744879091155907.0,-9420.08,6833.33,0.629961,2.2483,2.16233,-0.0859678,60.0
1744879091176593.0,-9420.08,6833.33,0.629961,2.2483,2.18572,-0.0625831,60.0
1744879091197366.0,-9421.77,6835.38,0.634663,2.16233,2.24447,0.0821324,60.0
1744879091218229.0,-9421.77,6835.38,0.634663,2.16233,2.06952,-0.0928119,60.0
1744879091239729.0,-9421.77,6835.38,0.634663,2.16233,2.20928,0.0469502,60.0
1744879091260462.0,-9423.46,6838.12,0.640096,2.06952,2.19474,0.125214,60.0
1744879091281579.0,-9423.46,6838.12,0.640096,2.06952,2.10675,0.0372263,60.0
1744879091302103.0,-9425.15,6840.17,0.6448,2.19474,2.05649,-0.138249,60.0
1744879091322913.0,-9425.15,6840.17,0.6448,2.19474,2.29817,0.103434,60.0
1744879091343594.0,-9425.15,6840.17,0.6448,2.19474,2.16061,-0.0341235,60.0
1744879091364510.0,-9426.84,6842.9,0.650236,2.29817,2.22629,-0.0718789,60.0
1744879091385445.0,-9426.84,6842.9,0.650236,2.29817,2.25496,-0.0432123,60.0
1744879091406141.0,-9428.54,6845.64,0.655674,2.22629,2.31841,0.0921147,60.0
1744879091426724.0,-9428.54,6845.64,0.655674,2.22629,2.07584,-0.15045,60.0
1744879091447501.0,-9428.54,6845.64,0.655674,2.22629,2.22797,0.00167836,60.0
1744879091467988.0,-9430.23,6847.69,0.660382,2.07584,2.10136,0.0255219,60.0
1744879091488774.0,-9430.23,6847.69,0.660382,2.07584,2.18532,0.109477,60.0
1744879091509460.0,-9431.92,6850.43,0.665823,2.10136,2.19991,0.098552,60.0
1744879091530193.0,-9431.92,6850.43,0.665823,2.10136,2.08687,-0.0144955,60.0
1744879091550930.0,-9433.61,6852.48,0.670533,2.19991,2.13242,-0.0674903,60.0
1744879091571454.0,-9433.61,6852.48,0.670533,2.19991,2.23973,0.0398145,60.0
1744879091592547.0,-9433.61,6852.48,0.670533,2.19991,2.29074,0.0908209,60.0
1744879091613211.0,-9435.3,6855.21,0.675977,2.23973,2.39556,0.155829,60.0
1744879091633732.0,-9435.3,6855.21,0.675977,2.23973,2.10574,-0.133987,60.0
1744879091654385.0,-9437.42,6857.95,0.682051,2.39556,2.27541,-0.12015,60.0
1744879091675005.0,-9437.42,6857.95,0.682051,2.39556,2.30476,-0.0907976,60.0
1744879091695733.0,-9437.42,6857.95,0.682051,2.39556,2.36483,-0.0307271,60.0
1744879091716692.0,-9439.11,6860.0,0.686765,2.30476,2.27695,-0.0278062,60.0
1744879091737551.0,-9439.11,6860.0,0.686765,2.30476,2.22552,-0.0792458,60.0
1744879091757946.0,-9440.8,6862.74,0.692213,2.27695,2.25225,-0.0247067,60.0
1744879091778684.0,-9440.8,6862.74,0.692213,2.27695,2.30933,0.0323736,60.0
1744879091799697.0,-9440.8,6862.74,0.692213,2.27695,2.14012,-0.136834,60.0
1744879091820214.0,-9442.5,6864.79,0.69693,2.30933,2.31707,0.00774267,60.0
1744879091841172.0,-9442.5,6864.79,0.69693,2.30933,2.20288,-0.106453,60.0
1744879091862048.0,-9444.19,6867.52,0.702381,2.31707,2.21699,-0.100084,60.0
1744879091882947.0,-9444.19,6867.52,0.702381,2.31707,2.18786,-0.129208,60.0
1744879091903910.0,-9444.19,6867.52,0.702381,2.31707,2.22545,-0.0916196,60.0
1744879091924649.0,-9445.88,6869.57,0.7071,2.18786,2.3354,0.147537,60.0
1744879091945240.0,-9445.88,6869.57,0.7071,2.18786,2.1478,-0.0400639,60.0
1744879091966010.0,-9447.99,6872.31,0.713184,2.3354,2.21833,-0.117068,60.0
1744879091986720.0,-9447.99,6872.31,0.713184,2.3354,2.27366,-0.0617445,60.0
1744879092007418.0,-9449.69,6874.36,0.717905,2.21833,2.10155,-0.116784,60.0
1744879092028391.0,-9449.69,6874.36,0.717905,2.21833,2.26254,0.0442035,60.0
1744879092049205.0,-9449.69,6874.36,0.717905,2.21833,2.32896,0.110628,60.0
1744879092069591.0,-9451.38,6877.1,0.723363,2.26254,2.21065,-0.0518908,60.0
1744879092090320.0,-9451.38,6877.1,0.723363,2.26254,2.30586,0.0433212,60.0
1744879092111052.0,-9453.07,6879.15,0.728086,2.21065,2.16154,-0.0491069,60.0
1744879092131936.0,-9453.07,6879.15,0.728086,2.21065,2.29083,0.0801836,60.0
1744879092152498.0,-9453.07,6879.15,0.728086,2.21065,2.15383,-0.0568199,60.0
1744879092173484.0,-9455.19,6881.88,0.734177,2.29083,2.20111,-0.0897191,60.0
1744879092194070.0,-9455.19,6881.88,0.734177,2.29083,2.26929,-0.0215396,60.0
1744879092214832.0,-9456.88,6883.94,0.738903,2.20111,2.30659,0.105476,60.0
1744879092235359.0,-9456.88,6883.94,0.738903,2.20111,2.29321,0.0921025,60.0
1744879092256239.0,-9456.88,6883.94,0.738903,2.20111,2.15259,-0.0485178,60.0
1744879092277441.0,-9458.57,6886.67,0.744367,2.29321,2.24381,-0.0494039,60.0
1744879092298062.0,-9458.57,6886.67,0.744367,2.29321,2.1657,-0.127514,60.0
1744879092318846.0,-9460.26,6888.72,0.749095,2.24381,2.21466,-0.0291456,60.0
1744879092339502.0,-9460.26,6888.72,0.749095,2.24381,2.16985,-0.0739595,60.0
1744879092360166.0,-9462.38,6891.46,0.755192,2.16985,2.29206,0.122215,60.0
1744879092380913.0,-9462.38,6891.46,0.755192,2.16985,2.25905,0.0892021,60.0
1744879092401587.0,-9462.38,6891.46,0.755192,2.16985,2.23048,0.0606332,60.0
1744879092422324.0,-9464.07,6893.51,0.759924,2.25905,2.13749,-0.12156,60.0
1744879092442995.0,-9464.07,6893.51,0.759924,2.25905,2.21894,-0.0401142,60.0
1744879092463792.0,-9465.76,6896.25,0.765393,2.13749,2.2613,0.123812,60.0
1744879092484418.0,-9465.76,6896.25,0.765393,2.13749,2.21061,0.0731155,60.0
1744879092505304.0,-9465.76,6896.25,0.765393,2.13749,2.26963,0.132135,60.0
1744879092525942.0,-9467.88,6898.3,0.770758,2.21061,2.28377,0.0731673,60.0
1744879092546748.0,-9467.88,6898.3,0.770758,2.21061,2.14437,-0.0662405,60.0
1744879092567302.0,-9469.57,6901.03,0.77623,2.28377,2.28665,0.00287754,60.0
1744879092587879.0,-9469.57,6901.03,0.77623,2.28377,2.25745,-0.0263289,60.0
1744879092608687.0,-9469.57,6901.03,0.77623,2.28377,2.23683,-0.0469477,60.0
1744879092629420.0,-9471.26,6903.08,0.780967,2.25745,2.23867,-0.018778,60.0
1744879092650076.0,-9471.26,6903.08,0.780967,2.25745,2.20815,-0.049292,60.0
1744879092670920.0,-9472.95,6905.82,0.786442,2.23867,2.18568,-0.0529835,60.0
1744879092691591.0,-9472.95,6905.82,0.786442,2.23867,2.3283,0.0896351,60.0
1744879092712293.0,-9472.95,6905.82,0.786442,2.23867,2.2898,0.0511348,60.0
1744879092733119.0,-9475.07,6907.87,0.791812,2.3283,2.24005,-0.0882474,60.0
1744879092753744.0,-9475.07,6907.87,0.791812,2.3283,2.41845,0.0901427,60.0
1744879092774533.0,-9476.76,6910.61,0.797291,2.24006,2.14149,-0.0985621,60.0
1744879092794950.0,-9476.76,6910.61,0.797291,2.24006,2.28949,0.0494339,60.0
1744879092815666.0,-9478.45,6912.66,0.802032,2.14149,2.21898,0.077487,60.0
1744879092836765.0,-9478.45,6912.66,0.802032,2.14149,2.13383,-0.00765803,60.0
1744879092856946.0,-9478.45,6912.66,0.802032,2.14149,2.17865,0.0371592,60.0
1744879092877691.0,-9480.57,6915.39,0.808145,2.13383,2.12175,-0.0120845,60.0
1744879092898959.0,-9480.57,6915.39,0.808145,2.13383,2.00587,-0.127966,60.0
1744879092919322.0,-9482.26,6917.45,0.812889,2.12175,2.05834,-0.0634118,60.0
1744879092940097.0,-9482.26,6917.45,0.812889,2.12175,2.17487,0.0531161,60.0
1744879092962941.0,-9482.26,6917.45,0.812889,2.12175,2.27152,0.149773,60.0
1744879092983740.0,-9483.95,6920.18,0.818374,2.17487,2.07335,-0.10152,60.0
1744879093004619.0,-9483.95,6920.18,0.818374,2.17487,2.28064,0.105774,60.0
1744879093025285.0,-9485.65,6922.23,0.82312,2.07335,2.11009,0.036744,60.0
1744879093046298.0,-9485.65,6922.23,0.82312,2.07335,2.17093,0.0975884,60.0
1744879093066872.0,-9485.65,6922.23,0.82312,2.07335,1.97983,-0.0935208,60.0
1744879093088332.0,-9487.76,6924.97,0.82924,2.17093,2.32525,0.154311,60.0
1744879093109083.0,-9487.76,6924.97,0.82924,2.17093,2.14207,-0.028862,60.0
1744879093129700.0,-9489.45,6927.02,0.833989,2.32525,2.27329,-0.0519555,60.0
1744879093152031.0,-9489.45,6927.02,0.833989,2.32525,2.48231,0.157067,60.0
1744879093172451.0,-9491.15,6929.76,0.839479,2.27329,2.31336,0.0400732,60.0
1744879093193238.0,-9491.15,6929.76,0.839479,2.27329,2.27033,-0.00295824,60.0
1744879093213935.0,-9491.15,6929.76,0.839479,2.27329,2.23977,-0.0335178,60.0
1744879093234674.0,-9492.84,6931.81,0.84423,2.27033,2.1276,-0.142732,60.0
1744879093255730.0,-9492.84,6931.81,0.84423,2.27033,2.43454,0.164203,60.0
1744879093276657.0,-9494.95,6934.54,0.850357,2.1276,2.27856,0.150956,60.0
1744879093297656.0,-9494.95,6934.54,0.850357,2.1276,2.17308,0.0454779,60.0
1744879093318274.0,-9494.95,6934.54,0.850357,2.1276,2.21879,0.0911902,60.0
1744879093338949.0,-9496.64,6936.6,0.85511,2.17308,2.15089,-0.0221852,60.0
1744879093359847.0,-9496.64,6936.6,0.85511,2.17308,2.24745,0.0743706,60.0
1744879093380701.0,-9498.34,6939.33,0.860607,2.15089,2.24767,0.0967756,60.0
1744879093401590.0,-9498.34,6939.33,0.860607,2.15089,2.18837,0.037479,60.0
1744879093422001.0,-9498.34,6939.33,0.860607,2.15089,2.19754,0.0466461,60.0
1744879093442827.0,-9500.03,6942.07,0.866105,2.18837,2.24703,0.0586572,60.0
1744879093463875.0,-9500.03,6942.07,0.866105,2.18837,2.20947,0.021095,60.0
1744879093484640.0,-9502.14,6944.12,0.871496,2.24703,2.36881,0.12178,60.0
1744879093505148.0,-9502.14,6944.12,0.871496,2.24703,2.18911,-0.0579222,60.0
1744879093525897.0,-9503.84,6946.85,0.876997,2.36881,2.32528,-0.0435324,60.0
1744879093546556.0,-9503.84,6946.85,0.876997,2.36881,2.24842,-0.120389,60.0
1744879093567411.0,-9503.84,6946.85,0.876997,2.36881,2.26131,-0.107497,60.0
1744879093588175.0,-9505.53,6948.91,0.881757,2.24842,2.27583,0.0274142,60.0
1744879093609017.0,-9505.53,6948.91,0.881757,2.24842,2.26578,0.0173591,60.0
1744879093629615.0,-9507.22,6951.64,0.887262,2.27583,2.20567,-0.0701641,60.0
1744879093650158.0,-9507.22,6951.64,0.887262,2.27583,2.27629,0.00046086,60.0
1744879093670943.0,-9507.22,6951.64,0.887262,2.27583,2.16834,-0.107495,60.0
1744879093691252.0,-9509.34,6953.69,0.892658,2.27629,2.23926,-0.0370331,60.0
1744879093711921.0,-9509.34,6953.69,0.892658,2.27629,2.37377,0.0974744,60.0
1744879093732638.0,-9511.03,6956.43,0.898165,2.23926,2.24867,0.00940894,60.0
1744879093753345.0,-9511.03,6956.43,0.898165,2.23926,2.21329,-0.0259696,60.0
1744879093774114.0,-9511.03,6956.43,0.898165,2.23926,2.16619,-0.0730724,60.0
1744879093795005.0,-9512.72,6958.48,0.90293,2.21329,2.33797,0.124677,60.0
1744879093815605.0,-9512.72,6958.48,0.90293,2.21329,2.16697,-0.0463255,60.0
1744879093836305.0,-9514.84,6960.53,0.90833,2.33797,2.29876,-0.039206,60.0
1744879093857141.0,-9514.84,6960.53,0.90833,2.33797,2.23392,-0.104045,60.0
1744879093877791.0,-9514.84,6960.53,0.90833,2.33797,2.22086,-0.117111,60.0
1744879093898473.0,-9516.53,6963.27,0.913842,2.23392,2.10501,-0.128916,60.0
1744879093919051.0,-9516.53,6963.27,0.913842,2.23392,2.35852,0.124594,60.0
1744879093939761.0,-9518.22,6965.32,0.918611,2.10501,2.26887,0.163862,60.0
1744879093960819.0,-9518.22,6965.32,0.918611,2.10501,2.19167,0.0866614,60.0
1744879093981561.0,-9520.34,6968.05,0.92476,2.26887,2.12333,-0.145543,60.0
1744879094002132.0,-9520.34,6968.05,0.92476,2.26887,2.11463,-0.154241,60.0
1744879094022730.0,-9520.34,6968.05,0.92476,2.26887,2.33677,0.0678974,60.0
1744879094043720.0,-9522.03,6970.11,0.929531,2.11463,2.15824,0.0436075,60.0
1744879094068285.0,-9522.03,6970.11,0.929531,2.11463,2.15889,0.0442585,60.0
1744879094088914.0,-9523.72,6972.84,0.935049,2.15824,2.08312,-0.075111,60.0
1744879094110033.0,-9523.72,6972.84,0.935049,2.15824,2.25126,0.0930286,60.0
1744879094130445.0,-9523.72,6972.84,0.935049,2.15824,2.16393,0.0056922,60.0
1744879094151356.0,-9525.41,6974.89,0.939823,2.25126,2.33526,0.0840004,60.0
1744879094172184.0,-9525.41,6974.89,0.939823,2.25126,2.09102,-0.160246,60.0
1744879094193006.0,-9527.53,6977.63,0.945978,2.33526,2.32352,-0.0117405,60.0
1744879094213712.0,-9527.53,6977.63,0.945978,2.33526,2.18401,-0.151253,60.0
1744879094234218.0,-9529.22,6979.68,0.950755,2.32352,2.45119,0.127668,60.0
1744879094254995.0,-9529.22,6979.68,0.950755,2.32352,2.20645,-0.117077,60.0
1744879094275875.0,-9529.22,6979.68,0.950755,2.32352,2.26092,-0.0626083,60.0
1744879094296478.0,-9530.91,6982.42,0.956278,2.20645,2.0594,-0.147045,60.0
1744879094317020.0,-9530.91,6982.42,0.956278,2.20645,2.27216,0.0657145,60.0
1744879094337759.0,-9533.03,6984.47,0.961692,2.0594,2.10279,0.043391,60.0
1744879094358689.0,-9533.03,6984.47,0.961692,2.0594,2.16428,0.104879,60.0
1744879094379424.0,-9533.03,6984.47,0.961692,2.0594,2.21861,0.15921,60.0
1744879094400484.0,-9534.72,6987.2,0.967219,2.16428,2.21087,0.0465948,60.0
1744879094421078.0,-9534.72,6987.2,0.967219,2.16428,2.19574,0.0314619,60.0
1744879094441498.0,-9536.41,6989.26,0.972,2.21087,2.14312,-0.0677578,60.0
1744879094462348.0,-9536.41,6989.26,0.972,2.21087,2.3156,0.104725,60.0
1744879094482781.0,-9536.41,6989.26,0.972,2.21087,2.27815,0.0672765,60.0
1744879094503815.0,-9538.1,6991.99,0.97753,2.3156,2.30044,-0.0151629,60.0
1744879094524099.0,-9538.1,6991.99,0.97753,2.3156,2.23903,-0.0765692,60.0
1744879094544775.0,-9540.22,6994.04,0.98295,2.30044,2.30216,0.00172528,60.0
1744879094565539.0,-9540.22,6994.04,0.98295,2.30044,2.17739,-0.123045,60.0
1744879094586231.0,-9540.22,6994.04,0.98295,2.30044,2.17542,-0.125013,60.0
1744879094606856.0,-9541.91,6996.78,0.988482,2.17739,2.28792,0.110527,60.0
1744879094627822.0,-9541.91,6996.78,0.988482,2.17739,2.14618,-0.0312067,60.0
1744879094648358.0,-9543.6,6998.83,0.993269,2.28792,2.308,0.0200788,60.0
1744879094669184.0,-9543.6,6998.83,0.993269,2.28792,2.25272,-0.0351983,60.0
1744879094689878.0,-9545.72,7001.57,0.99944,2.308,2.27462,-0.0333805,60.0
1744879094710603.0,-9545.72,7001.57,0.99944,2.308,2.27246,-0.0355364,60.0
1744879094731282.0,-9545.72,7001.57,0.99944,2.308,2.25441,-0.053585,60.0
1744879094751913.0,-9547.41,7003.62,1.00423,2.27246,2.22494,-0.0475217,60.0
1744879094772629.0,-9547.41,7003.62,1.00423,2.27246,2.3398,0.0673445,60.0
1744879094793318.0,-9549.1,7006.35,1.00977,2.22494,2.22645,0.001508,60.0
1744879094814029.0,-9549.1,7006.35,1.00977,2.22494,2.32379,0.0988554,60.0
1744879094834694.0,-9549.1,7006.35,1.00977,2.22494,2.19509,-0.0298447,60.0
1744879094855371.0,-9551.22,7008.4,1.0152,2.32379,2.17287,-0.150919,60.0
1744879094876086.0,-9551.22,7008.4,1.0152,2.32379,2.23828,-0.0855165,60.0
1744879094897075.0,-9552.91,7011.14,1.02074,2.17287,2.06774,-0.10513,60.0
1744879094917732.0,-9552.91,7011.14,1.02074,2.17287,2.14656,-0.0263164,60.0
1744879094938374.0,-9552.91,7011.14,1.02074,2.17287,2.16428,-0.00859821,60.0
1744879094959130.0,-9555.02,7013.19,1.02617,2.14656,2.28493,0.138376,60.0
1744879094979902.0,-9555.02,7013.19,1.02617,2.14656,2.1756,0.0290449,60.0
1744879095000831.0,-9556.72,7015.24,1.03096,2.28493,2.1567,-0.12823,60.0
1744879095021384.0,-9556.72,7015.24,1.03096,2.28493,2.42589,0.140954,60.0
1744879095041983.0,-9556.72,7015.24,1.03096,2.28493,2.39763,0.112696,60.0
1744879095062658.0,-9558.41,7017.98,1.03651,2.42589,2.48376,0.0578676,60.0
1744879095083455.0,-9558.41,7017.98,1.03651,2.42589,2.3968,-0.0290841,60.0
1744879095104128.0,-9560.52,7020.03,1.04194,2.48376,2.34113,-0.142625,60.0
1744879095124903.0,-9560.52,7020.03,1.04194,2.48376,2.38419,-0.0995654,60.0
1744879095145509.0,-9562.22,7022.77,1.04749,2.34113,2.29804,-0.0430878,60.0
1744879095166575.0,-9562.22,7022.77,1.04749,2.34113,2.33282,-0.00831062,60.0
1744879095186966.0,-9562.22,7022.77,1.04749,2.34113,2.4766,0.135472,60.0
1744879095207686.0,-9564.33,7024.82,1.05293,2.33282,2.18209,-0.150734,60.0
1744879095228340.0,-9564.33,7024.82,1.05293,2.33282,2.32394,-0.00888117,60.0
1744879095249085.0,-9566.02,7027.55,1.05848,2.18209,2.33913,0.157046,60.0
1744879095269786.0,-9566.02,7027.55,1.05848,2.18209,2.28158,0.0994986,60.0
1744879095291487.0,-9566.02,7027.55,1.05848,2.18209,2.18833,0.00624231,60.0
1744879095312049.0,-9568.14,7029.61,1.06392,2.28158,2.15075,-0.130832,60.0
1744879095332702.0,-9568.14,7029.61,1.06392,2.28158,2.19977,-0.0818129,60.0
1744879095353348.0,-9569.83,7031.66,1.06873,2.15075,2.13693,-0.0138258,60.0
1744879095373738.0,-9569.83,7031.66,1.06873,2.15075,2.27231,0.12156,60.0
1744879095394865.0,-9569.83,7031.66,1.06873,2.15075,2.21796,0.067205,60.0
1744879095415600.0,-9571.95,7034.39,1.07492,2.27231,2.20317,-0.0691449,60.0
1744879095436210.0,-9571.95,7034.39,1.07492,2.27231,2.16212,-0.110196,60.0
1744879095456697.0,-9573.64,7036.45,1.07973,2.20317,2.05956,-0.14361,60.0
1744879095477651.0,-9573.64,7036.45,1.07973,2.20317,2.12971,-0.073458,60.0
1744879095498106.0,-9573.64,7036.45,1.07973,2.20317,2.26282,0.0596565,60.0
1744879095519077.0,-9575.33,7039.18,1.08529,2.12971,2.25747,0.127764,60.0
1744879095539664.0,-9575.33,7039.18,1.08529,2.12971,2.22962,0.0999097,60.0
1744879095560344.0,-9577.45,7041.23,1.09073,2.25747,2.35397,0.0964926,60.0
1744879095581032.0,-9577.45,7041.23,1.09073,2.25747,2.15485,-0.102621,60.0
1744879095601742.0,-9579.14,7043.28,1.09554,2.35397,2.31694,-0.0370255,60.0
1744879095622653.0,-9579.14,7043.28,1.09554,2.35397,2.25028,-0.103687,60.0
1744879095643118.0,-9579.14,7043.28,1.09554,2.35397,2.45879,0.104824,60.0
1744879095663763.0,-9581.25,7046.02,1.10175,2.25028,2.33098,0.0807016,60.0
1744879095684491.0,-9581.25,7046.02,1.10175,2.25028,2.13232,-0.117961,60.0
1744879095707571.0,-9582.95,7048.07,1.10656,2.33098,2.24309,-0.0878883,60.0
1744879095728062.0,-9582.95,7048.07,1.10656,2.33098,2.29815,-0.0328299,60.0
1744879095748645.0,-9582.95,7048.07,1.10656,2.33098,2.17225,-0.158727,60.0
1744879095769333.0,-9585.06,7050.81,1.11277,2.29815,2.14503,-0.153117,60.0
1744879095790529.0,-9585.06,7050.81,1.11277,2.29815,2.14354,-0.154612,60.0
1744879095811649.0,-9586.75,7052.86,1.11758,2.14503,2.12703,-0.0180077,60.0
1744879095832406.0,-9586.75,7052.86,1.11758,2.14503,2.12501,-0.0200251,60.0
1744879095853243.0,-9588.87,7055.6,1.12379,2.12501,2.25329,0.12828,60.0
1744879095874038.0,-9588.87,7055.6,1.12379,2.12501,2.26301,0.137999,60.0
1744879095894864.0,-9588.87,7055.6,1.12379,2.12501,2.20028,0.0752689,60.0
1744879095915318.0,-9590.56,7057.65,1.12861,2.26301,2.35146,0.0884538,60.0
1744879095936079.0,-9590.56,7057.65,1.12861,2.26301,2.27554,0.0125339,60.0
1744879095956876.0,-9592.25,7059.7,1.13343,2.35146,2.21871,-0.132749,60.0
1744879095977542.0,-9592.25,7059.7,1.13343,2.35146,2.21778,-0.133681,60.0
1744879095998022.0,-9592.25,7059.7,1.13343,2.35146,2.38515,0.03369,60.0
1744879096018501.0,-9594.37,7062.43,1.13964,2.21778,2.26705,0.0492687,60.0
1744879096039547.0,-9594.37,7062.43,1.13964,2.21778,2.25004,0.0322575,60.0
1744879096060067.0,-9596.06,7064.49,1.14446,2.26705,2.12855,-0.138496,60.0
1744879096080717.0,-9596.06,7064.49,1.14446,2.26705,2.15262,-0.114433,60.0
1744879096101606.0,-9596.06,7064.49,1.14446,2.26705,2.2484,-0.018654,60.0
1744879096122514.0,-9598.18,7067.22,1.15068,2.15262,2.22314,0.0705285,60.0
1744879096143397.0,-9598.18,7067.22,1.15068,2.15262,2.15939,0.00677434,60.0
1744879096163988.0,-9599.87,7069.27,1.1555,2.22314,2.20216,-0.0209797,60.0
1744879096184642.0,-9599.87,7069.27,1.1555,2.22314,2.23193,0.00878422,60.0
1744879096205457.0,-9599.87,7069.27,1.1555,2.22314,2.33505,0.111909,60.0
1744879096226104.0,-9601.98,7072.01,1.16172,2.23193,2.25094,0.0190132,60.0
1744879096246585.0,-9601.98,7072.01,1.16172,2.23193,2.27023,0.0382997,60.0
1744879096267463.0,-9603.68,7074.06,1.16655,2.25094,2.19033,-0.0606085,60.0
1744879096288396.0,-9603.68,7074.06,1.16655,2.25094,2.20852,-0.0424204,60.0
1744879096309308.0,-9605.37,7076.11,1.17138,2.19033,2.27529,0.0849558,60.0
1744879096329617.0,-9605.37,7076.11,1.17138,2.19033,2.29405,0.103714,60.0
1744879096350341.0,-9605.37,7076.11,1.17138,2.19033,2.2224,0.0320617,60.0
1744879096371081.0,-9607.48,7078.85,1.1776,2.29405,2.45793,0.163878,60.0
1744879096392031.0,-9607.48,7078.85,1.1776,2.29405,2.22595,-0.068095,60.0
1744879096412887.0,-9609.18,7080.9,1.18243,2.45793,2.36249,-0.0954347,60.0
1744879096433433.0,-9609.18,7080.9,1.18243,2.45793,2.34967,-0.108255,60.0
1744879096454355.0,-9609.18,7080.9,1.18243,2.45793,2.40645,-0.0514796,60.0
1744879096474742.0,-9611.29,7083.64,1.18866,2.34967,2.33304,-0.0166282,60.0
1744879096495747.0,-9611.29,7083.64,1.18866,2.34967,2.28893,-0.0607449,60.0
1744879096516359.0,-9612.98,7085.69,1.19349,2.33304,2.28251,-0.0505291,60.0
1744879096536893.0,-9612.98,7085.69,1.19349,2.33304,2.30097,-0.0320766,60.0
1744879096557791.0,-9612.98,7085.69,1.19349,2.33304,2.25676,-0.0762814,60.0
1744879096578519.0,-9615.1,7087.74,1.19897,2.30097,2.2634,-0.0375653,60.0
1744879096599220.0,-9615.1,7087.74,1.19897,2.30097,2.31462,0.0136559,60.0
1744879096619890.0,-9616.79,7090.48,1.20456,2.2634,2.13135,-0.132054,60.0
1744879096640695.0,-9616.79,7090.48,1.20456,2.2634,2.19398,-0.0694154,60.0
1744879096661175.0,-9616.79,7090.48,1.20456,2.2634,2.24534,-0.0180618,60.0
1744879096681847.0,-9618.91,7092.53,1.21004,2.19398,2.12594,-0.0680452,60.0
1744879096702633.0,-9618.91,7092.53,1.21004,2.19398,2.31997,0.125985,60.0
1744879096723289.0,-9620.6,7095.26,1.21564,2.12594,2.23441,0.108475,60.0
1744879096744040.0,-9620.6,7095.26,1.21564,2.12594,2.24153,0.115593,60.0
1744879096764755.0,-9622.71,7097.32,1.22112,2.23441,2.17559,-0.0588257,60.0
1744879096785771.0,-9622.71,7097.32,1.22112,2.23441,2.29205,0.0576329,60.0
1744879096806617.0,-9622.71,7097.32,1.22112,2.23441,2.20455,-0.029862,60.0
1744879096827353.0,-9624.41,7099.37,1.22596,2.29205,2.15507,-0.136976,60.0
1744879096848432.0,-9624.41,7099.37,1.22596,2.29205,2.18076,-0.111288,60.0
1744879096868670.0,-9626.52,7102.1,1.2322,2.15507,2.19596,0.0408882,60.0
1744879096889742.0,-9626.52,7102.1,1.2322,2.15507,2.10803,-0.0470454,60.0
1744879096910113.0,-9626.52,7102.1,1.2322,2.15507,2.02266,-0.132416,60.0
1744879096930719.0,-9628.21,7104.16,1.23704,2.10803,2.15262,0.044592,60.0
1744879096951442.0,-9628.21,7104.16,1.23704,2.10803,2.15112,0.0430898,60.0
1744879096972131.0,-9629.91,7106.89,1.24264,2.15262,2.24893,0.0963107,60.0
1744879096992881.0,-9629.91,7106.89,1.24264,2.15262,2.24552,0.0929021,60.0
1744879097013470.0,-9629.91,7106.89,1.24264,2.15262,2.11025,-0.0423701,60.0
1744879097034077.0,-9632.02,7108.94,1.24813,2.24552,2.18909,-0.0564296,60.0
1744879097055048.0,-9632.02,7108.94,1.24813,2.24552,2.14355,-0.101967,60.0
1744879097075642.0,-9633.71,7111.68,1.25374,2.18909,2.26492,0.0758281,60.0
1744879097096310.0,-9633.71,7111.68,1.25374,2.18909,2.15985,-0.0292439,60.0
1744879097116884.0,-9633.71,7111.68,1.25374,2.18909,2.07923,-0.109859,60.0
1744879097137612.0,-9635.83,7113.73,1.25923,2.15985,2.239,0.0791544,60.0
1744879097158342.0,-9635.83,7113.73,1.25923,2.15985,2.09567,-0.0641786,60.0
1744879097178761.0,-9637.52,7115.78,1.26407,2.239,2.12817,-0.110829,60.0
1744879097199526.0,-9637.52,7115.78,1.26407,2.239,2.16054,-0.0784619,60.0
1744879097220262.0,-9637.52,7115.78,1.26407,2.239,2.22083,-0.0181718,60.0
1744879097240914.0,-9639.21,7118.52,1.26969,2.16054,2.16309,0.00255011,60.0
1744879097261460.0,-9639.21,7118.52,1.26969,2.16054,2.18907,0.028534,60.0
1744879097282582.0,-9641.33,7120.57,1.27518,2.16309,2.22454,0.0614503,60.0
1744879097303178.0,-9641.33,7120.57,1.27518,2.16309,2.31687,0.153784,60.0
1744879097323967.0,-9643.02,7123.3,1.28079,2.22454,2.16457,-0.0599674,60.0
1744879097344868.0,-9643.02,7123.3,1.28079,2.22454,2.31732,0.09278,60.0
1744879097365241.0,-9643.02,7123.3,1.28079,2.22454,2.15967,-0.0648671,60.0
1744879097386019.0,-9644.71,7125.36,1.28565,2.31732,2.35131,0.0339922,60.0
1744879097406624.0,-9644.71,7125.36,1.28565,2.31732,2.255,-0.0623164,60.0
1744879097427277.0,-9646.83,7128.09,1.29191,2.35131,2.22947,-0.121847,60.0
1744879097448365.0,-9646.83,7128.09,1.29191,2.35131,2.29277,-0.0585385,60.0
1744879097469016.0,-9646.83,7128.09,1.29191,2.35131,2.29722,-0.0540968,60.0
1744879097489527.0,-9648.52,7130.14,1.29676,2.29277,2.18981,-0.102963,60.0
1744879097510178.0,-9648.52,7130.14,1.29676,2.29277,2.24298,-0.0497937,60.0
1744879097530919.0,-9650.21,7132.88,1.30238,2.18981,2.0378,-0.152011,60.0
1744879097551631.0,-9650.21,7132.88,1.30238,2.18981,2.16564,-0.0241657,60.0
1744879097572325.0,-9650.21,7132.88,1.30238,2.18981,2.09353,-0.0962809,60.0
1744879097592832.0,-9652.33,7134.93,1.30788,2.16564,2.22059,0.0549444,60.0
1744879097613557.0,-9652.33,7134.93,1.30788,2.16564,2.10924,-0.0564077,60.0
1744879097634322.0,-9654.02,7137.67,1.31351,2.22059,2.21342,-0.00716437,60.0
1744879097655145.0,-9654.02,7137.67,1.31351,2.22059,2.30096,0.0803695,60.0
1744879097675979.0,-9654.02,7137.67,1.31351,2.22059,2.19046,-0.0301269,60.0
1744879097696639.0,-9655.71,7139.72,1.31837,2.30096,2.33694,0.03598,60.0
1744879097717337.0,-9655.71,7139.72,1.31837,2.30096,2.21949,-0.0814682,60.0
1744879097737904.0,-9657.83,7142.45,1.32464,2.33694,2.25735,-0.0795887,60.0
1744879097758692.0,-9657.83,7142.45,1.32464,2.33694,2.24534,-0.0915964,60.0
1744879097779667.0,-9659.52,7144.51,1.3295,2.25735,2.31254,0.0551925,60.0
1744879097800975.0,-9659.52,7144.51,1.3295,2.25735,2.19016,-0.0671915,60.0
1744879097821481.0,-9659.52,7144.51,1.3295,2.25735,2.19618,-0.0611726,60.0
1744879097842516.0,-9661.64,7146.56,1.33501,2.19016,2.14002,-0.0501415,60.0
1744879097863297.0,-9661.64,7146.56,1.33501,2.19016,2.12265,-0.0675078,60.0
1744879097883779.0,-9663.33,7149.29,1.34064,2.14002,2.25038,0.110364,60.0
1744879097904409.0,-9663.33,7149.29,1.34064,2.14002,2.2383,0.0982792,60.0
1744879097925041.0,-9663.33,7149.29,1.34064,2.14002,2.11931,-0.0207084,60.0
1744879097945622.0,-9665.02,7151.35,1.34551,2.2383,2.31778,0.0794854,60.0
1744879097966437.0,-9665.02,7151.35,1.34551,2.2383,2.23527,-0.00302399,60.0
1744879097986821.0,-9667.13,7154.08,1.35179,2.31778,2.3702,0.0524161,60.0
1744879098007611.0,-9667.13,7154.08,1.35179,2.31778,2.15762,-0.160158,60.0
1744879098028197.0,-9667.13,7154.08,1.35179,2.31778,2.19061,-0.127173,60.0
1744879098048923.0,-9668.83,7156.13,1.35666,2.15762,2.24844,0.0908179,60.0
1744879098069762.0,-9668.83,7156.13,1.35666,2.15762,2.28486,0.127238,60.0
1744879098090190.0,-9670.94,7158.87,1.36294,2.24844,2.32794,0.0794974,60.0
1744879098111344.0,-9670.94,7158.87,1.36294,2.24844,2.26911,0.0206674,60.0
1744879098131981.0,-9670.94,7158.87,1.36294,2.24844,2.14643,-0.102013,60.0
1744879098152616.0,-9672.63,7160.92,1.36781,2.26911,2.40474,0.135628,60.0
1744879098173368.0,-9672.63,7160.92,1.36781,2.26911,2.34799,0.0788815,60.0
1744879098193859.0,-9674.33,7163.66,1.37345,2.40474,2.25656,-0.148181,60.0
1744879098214532.0,-9674.33,7163.66,1.37345,2.40474,2.32114,-0.0835946,60.0
1744879098235201.0,-9676.44,7165.71,1.37897,2.25656,2.22258,-0.0339795,60.0
1744879098256077.0,-9676.44,7165.71,1.37897,2.25656,2.23339,-0.0231702,60.0
1744879098276675.0,-9676.44,7165.71,1.37897,2.25656,2.33704,0.0804862,60.0
1744879098297293.0,-9678.13,7167.76,1.38385,2.23339,2.21923,-0.0141587,60.0
1744879098318159.0,-9678.13,7167.76,1.38385,2.23339,2.07439,-0.159001,60.0
1744879098339197.0,-9680.25,7170.5,1.39014,2.21923,2.25158,0.0323553,60.0
1744879098359711.0,-9680.25,7170.5,1.39014,2.21923,2.20664,-0.0125836,60.0
1744879098380489.0,-9680.25,7170.5,1.39014,2.21923,2.27735,0.058127,60.0
1744879098401093.0,-9681.94,7172.55,1.39501,2.20664,2.08563,-0.121014,60.0
1744879098421794.0,-9681.94,7172.55,1.39501,2.20664,2.27942,0.0727757,60.0
1744879098442496.0,-9683.63,7175.28,1.40066,2.08563,2.06877,-0.0168545,60.0
1744879098463309.0,-9683.63,7175.28,1.40066,2.08563,2.22582,0.140195,60.0
1744879098484391.0,-9683.63,7175.28,1.40066,2.08563,2.13665,0.0510215,60.0
1744879098504956.0,-9685.75,7177.34,1.40619,2.22582,2.23846,0.0126387,60.0
1744879098525430.0,-9685.75,7177.34,1.40619,2.22582,2.37335,0.147529,60.0
1744879098546123.0,-9687.44,7180.07,1.41184,2.23846,2.19005,-0.0484169,60.0
1744879098566711.0,-9687.44,7180.07,1.41184,2.23846,2.2975,0.0590345,60.0
1744879098587441.0,-9687.44,7180.07,1.41184,2.23846,2.23477,-0.00369028,60.0
1744879098608064.0,-9689.13,7182.12,1.41672,2.2975,2.22712,-0.0703749,60.0
1744879098628816.0,-9689.13,7182.12,1.41672,2.2975,2.33622,0.0387264,60.0
1744879098649499.0,-9691.25,7184.86,1.42302,2.22712,2.22607,-0.00105565,60.0
1744879098670202.0,-9691.25,7184.86,1.42302,2.22712,2.23341,0.00629127,60.0
1744879098690961.0,-9692.94,7186.91,1.42791,2.22607,2.16316,-0.0629037,60.0
1744879098711580.0,-9692.94,7186.91,1.42791,2.22607,2.2086,-0.017466,60.0
1744879098732315.0,-9692.94,7186.91,1.42791,2.22607,2.32061,0.094545,60.0
1744879098753012.0,-9695.06,7188.96,1.43344,2.2086,2.16486,-0.0437423,60.0
1744879098773736.0,-9695.06,7188.96,1.43344,2.2086,2.20627,-0.00232581,60.0
1744879098794833.0,-9696.75,7191.7,1.4391,2.16486,2.1161,-0.04876,60.0
1744879098815970.0,-9696.75,7191.7,1.4391,2.16486,2.20848,0.0436221,60.0
1744879098836701.0,-9696.75,7191.7,1.4391,2.16486,2.22754,0.0626864,60.0
1744879098857251.0,-9698.44,7193.75,1.44399,2.20848,2.16803,-0.0404537,60.0
1744879098878163.0,-9698.44,7193.75,1.44399,2.20848,2.27555,0.0670673,60.0
1744879098898743.0,-9700.56,7196.49,1.45029,2.16803,2.27599,0.107966,60.0
1744879098919162.0,-9700.56,7196.49,1.45029,2.16803,2.00644,-0.161583,60.0
1744879098940149.0,-9700.56,7196.49,1.45029,2.16803,2.28131,0.113282,60.0
1744879098960572.0,-9702.25,7198.54,1.45519,2.00644,2.08769,0.0812459,60.0
1744879098981274.0,-9702.25,7198.54,1.45519,2.00644,2.09128,0.0848355,60.0
1744879099002012.0,-9703.94,7201.27,1.46085,2.08769,2.05725,-0.030441,60.0
1744879099022985.0,-9703.94,7201.27,1.46085,2.08769,2.09264,0.00495295,60.0
1744879099043494.0,-9703.94,7201.27,1.46085,2.08769,2.16202,0.07433,60.0
1744879099064208.0,-9705.63,7203.33,1.46575,2.09264,2.1648,0.0721546,60.0
1744879099087388.0,-9705.63,7203.33,1.46575,2.09264,2.14067,0.0480249,60.0
1744879099108139.0,-9707.75,7206.06,1.47206,2.1648,2.19578,0.0309784,60.0
1744879099128725.0,-9707.75,7206.06,1.47206,2.1648,2.16293,-0.00187274,60.0
1744879099149492.0,-9709.44,7208.11,1.47696,2.19578,2.15002,-0.0457526,60.0
1744879099170592.0,-9709.44,7208.11,1.47696,2.19578,2.17481,-0.0209625,60.0
1744879099191299.0,-9709.44,7208.11,1.47696,2.19578,2.18254,-0.0132398,60.0
1744879099211845.0,-9711.13,7210.85,1.48263,2.17481,2.21965,0.0448319,60.0
1744879099233188.0,-9711.13,7210.85,1.48263,2.17481,2.19777,0.0229565,60.0
1744879099253593.0,-9712.82,7213.58,1.4883,2.21965,2.17809,-0.0415595,60.0
1744879099274331.0,-9712.82,7213.58,1.4883,2.21965,2.22607,0.00642142,60.0
1744879099295757.0,-9712.82,7213.58,1.4883,2.21965,2.27528,0.055632,60.0
1744879099316473.0,-9714.51,7215.64,1.4932,2.22607,2.18616,-0.0399092,60.0
1744879099337268.0,-9714.51,7215.64,1.4932,2.22607,2.19975,-0.026315,60.0
1744879099358397.0,-9716.63,7218.37,1.49952,2.18616,2.2242,0.0380433,60.0
1744879099379274.0,-9716.63,7218.37,1.49952,2.18616,2.02584,-0.160321,60.0
1744879099399959.0,-9718.32,7220.42,1.50442,2.2242,2.13245,-0.0917539,60.0
1744879099420777.0,-9718.32,7220.42,1.50442,2.2242,2.17512,-0.0490834,60.0
1744879099441909.0,-9718.32,7220.42,1.50442,2.2242,2.17301,-0.0511933,60.0
1744879099462481.0,-9720.01,7223.16,1.5101,2.17512,2.19859,0.0234699,60.0
1744879099483442.0,-9720.01,7223.16,1.5101,2.17512,2.33765,0.162528,60.0
1744879099504092.0,-9721.71,7225.21,1.51501,2.19859,2.25616,0.057575,60.0
1744879099524698.0,-9721.71,7225.21,1.51501,2.19859,2.04096,-0.157629,60.0
1744879099545346.0,-9721.71,7225.21,1.51501,2.19859,2.28192,0.0833332,60.0
1744879099565992.0,-9723.4,7227.95,1.52069,2.04096,2.18905,0.148094,60.0
1744879099586660.0,-9723.4,7227.95,1.52069,2.04096,2.14677,0.105808,60.0
1744879099607235.0,-9725.51,7230.0,1.52624,2.18905,2.1409,-0.0481499,60.0
1744879099628147.0,-9725.51,7230.0,1.52624,2.18905,2.35183,0.162782,60.0
1744879099648757.0,-9725.51,7230.0,1.52624,2.18905,2.27388,0.0848247,60.0
1744879099669242.0,-9727.2,7232.73,1.53193,2.35183,2.33173,-0.0201,60.0
1744879099690565.0,-9727.2,7232.73,1.53193,2.35183,2.3244,-0.0274358,60.0
1744879099710788.0,-9728.9,7234.79,1.53684,2.33173,2.32034,-0.0113986,60.0
1744879099731339.0,-9728.9,7234.79,1.53684,2.33173,2.34248,0.0107491,60.0
1744879099752046.0,-9728.9,7234.79,1.53684,2.33173,2.27034,-0.0613963,60.0
1744879099772646.0,-9730.59,7237.52,1.54253,2.34248,2.30689,-0.0355984,60.0
1744879099793723.0,-9730.59,7237.52,1.54253,2.34248,2.212,-0.130483,60.0
1744879099814361.0,-9732.28,7239.57,1.54744,2.30688,2.25834,-0.0485414,60.0
1744879099835041.0,-9732.28,7239.57,1.54744,2.30688,2.28216,-0.0247225,60.0
1744879099855757.0,-9734.4,7242.31,1.55378,2.25834,2.22746,-0.0308816,60.0
1744879099876339.0,-9734.4,7242.31,1.55378,2.25834,2.29483,0.0364908,60.0
1744879099897061.0,-9734.4,7242.31,1.55378,2.25834,2.20034,-0.0580004,60.0
1744879099917617.0,-9736.09,7244.36,1.55869,2.29483,2.34392,0.0490877,60.0
1744879099938201.0,-9736.09,7244.36,1.55869,2.29483,2.22119,-0.0736485,60.0
1744879099958681.0,-9737.78,7247.1,1.56439,2.34392,2.31792,-0.0260025,60.0
1744879099979300.0,-9737.78,7247.1,1.56439,2.34392,2.17973,-0.164197,60.0
1744879099999928.0,-9737.78,7247.1,1.56439,2.34392,2.34522,0.00130127,60.0
1744879100020561.0,-9739.9,7249.15,1.56995,2.17973,2.30798,0.128256,60.0
1744879100040961.0,-9739.9,7249.15,1.56995,2.17973,2.07408,-0.105647,60.0
1744879100061519.0,-9741.59,7251.88,1.57565,2.30798,2.20451,-0.103473,60.0
1744879100082140.0,-9741.59,7251.88,1.57565,2.30798,2.31673,0.00874872,60.0
1744879100102743.0,-9741.59,7251.88,1.57565,2.30798,2.27628,-0.0316983,60.0
1744879100123946.0,-9743.28,7253.94,1.58057,2.31673,2.20624,-0.110491,60.0
1744879100144336.0,-9743.28,7253.94,1.58057,2.31673,2.37871,0.0619813,60.0
1744879100164927.0,-9745.39,7256.67,1.58692,2.20624,2.29734,0.0910966,60.0
1744879100185636.0,-9745.39,7256.67,1.58692,2.20624,2.1789,-0.0273418,60.0
1744879100205987.0,-9745.39,7256.67,1.58692,2.20624,2.32982,0.123583,60.0
1744879100226577.0,-9747.09,7258.72,1.59184,2.1789,2.15006,-0.0288399,60.0
1744879100247450.0,-9747.09,7258.72,1.59184,2.1789,2.13532,-0.0435812,60.0
1744879100268077.0,-9748.78,7261.46,1.59754,2.15006,2.18746,0.0373994,60.0
1744879100288844.0,-9748.78,7261.46,1.59754,2.15006,2.1165,-0.0335616,60.0
1744879100309671.0,-9750.89,7263.51,1.60312,2.1165,2.21776,0.101268,60.0
1744879100330098.0,-9750.89,7263.51,1.60312,2.1165,2.15008,0.0335881,60.0
1744879100351018.0,-9750.89,7263.51,1.60312,2.1165,2.04385,-0.0726439,60.0
1744879100371666.0,-9752.59,7266.25,0.608824,2.15008,2.274,0.123917,60.0
1744879100392277.0,-9752.59,7266.25,0.608824,2.15008,2.13715,-0.0129311,60.0
1744879100412981.0,-9754.28,7268.3,0.613753,2.274,2.2193,-0.0546968,60.0
1744879100433564.0,-9754.28,7268.3,0.613753,2.274,2.28145,0.0074462,60.0
1744879100454206.0,-9754.28,7268.3,0.613753,2.274,2.20847,-0.0655272,60.0
1744879100474914.0,-9756.4,7271.03,0.62011,2.28145,2.25569,-0.0257572,60.0
1744879100495494.0,-9756.4,7271.03,0.62011,2.28145,2.22433,-0.0571165,60.0
1744879100516214.0,-9758.09,7273.09,0.625042,2.25569,2.22476,-0.030928,60.0
1744879100536733.0,-9758.09,7273.09,0.625042,2.25569,2.22662,-0.0290693,60.0
1744879100557449.0,-9758.09,7273.09,0.625042,2.25569,2.25772,0.00203223,60.0
1744879100577831.0,-9759.78,7275.82,0.630752,2.22662,2.28873,0.0621067,60.0
1744879100598470.0,-9759.78,7275.82,0.630752,2.22662,2.18981,-0.0368069,60.0
1744879100619413.0,-9761.89,7277.87,0.636336,2.28873,2.25176,-0.0369621,60.0
1744879100639820.0,-9761.89,7277.87,0.636336,2.28873,2.21013,-0.0785954,60.0
1744879100660515.0,-9761.89,7277.87,0.636336,2.28873,2.35856,0.0698297,60.0
1744879100680957.0,-9763.59,7280.61,0.64205,2.21013,2.23903,0.0288983,60.0
1744879100701516.0,-9763.59,7280.61,0.64205,2.21013,2.17326,-0.0368675,60.0
1744879100722233.0,-9765.28,7282.66,0.646986,2.23903,2.09983,-0.139203,60.0
1744879100743251.0,-9765.28,7282.66,0.646986,2.23903,2.1904,-0.048634,60.0
1744879100763825.0,-9765.28,7282.66,0.646986,2.23903,2.35219,0.113161,60.0
1744879100784616.0,-9767.39,7284.71,0.652575,2.1904,2.11214,-0.0782593,60.0
1744879100805178.0,-9767.39,7284.71,0.652575,2.1904,2.20637,0.015974,60.0
1744879100825960.0,-9769.09,7287.45,0.658292,2.11214,2.08375,-0.0283879,60.0
1744879100846590.0,-9769.09,7287.45,0.658292,2.11214,2.18363,0.0714914,60.0
1744879100867209.0,-9770.78,7289.5,0.663232,2.08375,2.0974,0.0136503,60.0
1744879100887870.0,-9770.78,7289.5,0.663232,2.08375,2.07457,-0.00918221,60.0
1744879100908442.0,-9770.78,7289.5,0.663232,2.08375,2.18305,0.0992985,60.0
1744879100929344.0,-9772.47,7292.24,0.668953,2.07457,2.235,0.160432,60.0
1744879100949872.0,-9772.47,7292.24,0.668953,2.07457,2.1966,0.122033,60.0
1744879100970631.0,-9774.59,7294.29,0.674547,2.235,2.13381,-0.10119,60.0
1744879100991294.0,-9774.59,7294.29,0.674547,2.235,2.07913,-0.155867,60.0
1744879101011991.0,-9774.59,7294.29,0.674547,2.235,2.1419,-0.0930938,60.0
1744879101032543.0,-9776.28,7297.02,0.680271,2.07913,2.23235,0.153216,60.0
1744879101053367.0,-9776.28,7297.02,0.680271,2.07913,2.17757,0.0984389,60.0
1744879101073908.0,-9777.97,7299.76,0.685996,2.23235,2.15717,-0.0751758,60.0
1744879101094391.0,-9777.97,7299.76,0.685996,2.23235,2.35882,0.126474,60.0
1744879101115017.0,-9777.97,7299.76,0.685996,2.23235,2.25824,0.0258974,60.0
1744879101136004.0,-9779.66,7301.81,0.690942,2.35882,2.26952,-0.0892987,60.0
1744879101156527.0,-9779.66,7301.81,0.690942,2.35882,2.47104,0.112218,60.0
1744879101177434.0,-9781.78,7304.55,0.697322,2.26952,2.25486,-0.0146627,60.0
1744879101198085.0,-9781.78,7304.55,0.697322,2.26952,2.27182,0.00230073,60.0
1744879101218945.0,-9781.78,7304.55,0.697322,2.26952,2.25621,-0.0133175,60.0
1744879101239487.0,-9783.47,7306.6,0.702271,2.27182,2.28386,0.0120348,60.0
1744879101260455.0,-9783.47,7306.6,0.702271,2.27182,2.18908,-0.0827421,60.0
1744879101281249.0,-9785.16,7309.34,0.708003,2.28386,2.35192,0.0680622,60.0
1744879101301667.0,-9785.16,7309.34,0.708003,2.28386,2.23978,-0.0440741,60.0
1744879101322246.0,-9786.85,7311.39,0.712954,2.35192,2.21643,-0.135495,60.0
1744879101343004.0,-9786.85,7311.39,0.712954,2.35192,2.21682,-0.135103,60.0
1744879101363573.0,-9786.85,7311.39,0.712954,2.35192,2.31313,-0.0387888,60.0
1744879101384200.0,-9788.97,7314.12,0.719341,2.21682,2.22314,0.00631798,60.0
1744879101404802.0,-9788.97,7314.12,0.719341,2.21682,2.11446,-0.102356,60.0
1744879101425362.0,-9790.66,7316.17,0.724295,2.22314,2.14458,-0.078556,60.0
1744879101446015.0,-9790.66,7316.17,0.724295,2.22314,2.27862,0.0554871,60.0
1744879101466611.0,-9790.66,7316.17,0.724295,2.22314,2.11796,-0.105172,60.0
1744879101487242.0,-9792.35,7318.23,0.72925,2.27862,2.28595,0.00733041,60.0
1744879101508231.0,-9792.35,7318.23,0.72925,2.27862,2.39302,0.114396,60.0
1744879101528894.0,-9794.47,7320.96,0.735641,2.28595,2.25521,-0.0307442,60.0
1744879101549271.0,-9794.47,7320.96,0.735641,2.28595,2.16371,-0.122241,60.0
1744879101570222.0,-9794.47,7320.96,0.735641,2.28595,2.12508,-0.160874,60.0
1744879101590565.0,-9796.16,7323.01,0.740599,2.16371,2.13821,-0.025497,60.0
1744879101611150.0,-9796.16,7323.01,0.740599,2.16371,2.14947,-0.0142403,60.0
1744879101632194.0,-9797.85,7325.75,0.74634,2.13821,2.1335,-0.00471259,60.0
1744879101652851.0,-9797.85,7325.75,0.74634,2.13821,2.18247,0.0442509,60.0
1744879101673386.0,-9797.85,7325.75,0.74634,2.13821,2.14918,0.0109609,60.0
1744879101694215.0,-9799.97,7327.8,0.751953,2.18247,2.25297,0.0705048,60.0
1744879101714985.0,-9799.97,7327.8,0.751953,2.18247,2.19221,0.00974637,60.0
1744879101735280.0,-9801.66,7330.54,0.757698,2.25297,2.11391,-0.13906,60.0
1744879101755996.0,-9801.66,7330.54,0.757698,2.25297,2.18345,-0.0695159,60.0
1744879101776575.0,-9801.66,7330.54,0.757698,2.25297,2.36549,0.112519,60.0
1744879101797624.0,-9803.35,7332.59,0.762661,2.18345,2.07665,-0.106805,60.0
1744879101818438.0,-9803.35,7332.59,0.762661,2.18345,2.15557,-0.0278811,60.0
1744879101839128.0,-9805.47,7335.33,0.769062,2.07665,2.03183,-0.044822,60.0
1744879101859850.0,-9805.47,7335.33,0.769062,2.07665,2.19302,0.116369,60.0
1744879101880515.0,-9807.16,7337.38,0.774027,2.03183,2.19098,0.159156,60.0
1744879101901239.0,-9807.16,7337.38,0.774027,2.03183,2.1423,0.110474,60.0
1744879101921938.0,-9807.16,7337.38,0.774027,2.03183,2.0366,0.00477455,60.0
1744879101942612.0,-9808.85,7340.11,0.779778,2.1423,2.20504,0.0627336,60.0
1744879101963650.0,-9808.85,7340.11,0.779778,2.1423,2.20777,0.0654685,60.0
1744879101984239.0,-9810.54,7342.16,0.784746,2.20504,2.19087,-0.0141699,60.0
1744879102004938.0,-9810.54,7342.16,0.784746,2.20504,2.22364,0.0186023,60.0
1744879102025628.0,-9810.54,7342.16,0.784746,2.20504,2.15153,-0.0535089,60.0
1744879102046000.0,-9812.23,7344.9,0.790499,2.22364,2.12934,-0.0943028,60.0
1744879102066603.0,-9812.23,7344.9,0.790499,2.22364,2.21371,-0.00992786,60.0
1744879102087237.0,-9814.35,7347.64,0.796909,2.12934,2.14105,0.0117104,60.0
1744879102107805.0,-9814.35,7347.64,0.796909,2.12934,2.1615,0.0321625,60.0
1744879102128395.0,-9814.35,7347.64,0.796909,2.12934,2.2485,0.119166,60.0
1744879102148931.0,-9816.04,7349.69,0.80188,2.1615,2.18765,0.0261535,60.0
1744879102169534.0,-9816.04,7349.69,0.80188,2.1615,2.20364,0.0421392,60.0
1744879102190127.0,-9817.73,7352.42,0.807639,2.18765,2.10683,-0.0808201,60.0
1744879102210781.0,-9817.73,7352.42,0.807639,2.18765,2.24847,0.0608146,60.0
1744879102231719.0,-9817.73,7352.42,0.807639,2.18765,2.08544,-0.102215,60.0
1744879102252294.0,-9819.42,7354.48,0.812613,2.24847,2.27849,0.0300253,60.0
1744879102273283.0,-9819.42,7354.48,0.812613,2.24847,2.14456,-0.103907,60.0
1744879102293798.0,-9821.12,7357.21,0.818374,2.27849,2.22172,-0.0567715,60.0
1744879102314737.0,-9821.12,7357.21,0.818374,2.27849,2.12767,-0.15082,60.0
1744879102335431.0,-9823.23,7359.26,0.824005,2.22172,2.22789,0.0061736,60.0
1744879102362463.0,-9823.23,7359.26,0.824005,2.22172,2.20993,-0.0117855,60.0
1744879102383183.0,-9823.23,7359.26,0.824005,2.22172,2.29983,0.0781091,60.0
1744879102403853.0,-9824.92,7362.0,0.829769,2.20993,2.05242,-0.15751,60.0
1744879102424735.0,-9824.92,7362.0,0.829769,2.20993,2.14107,-0.0688634,60.0
1744879102445290.0,-9826.62,7364.05,0.834748,2.05242,2.16859,0.116167,60.0
1744879102465961.0,-9826.62,7364.05,0.834748,2.05242,2.19736,0.144933,60.0
1744879102486672.0,-9826.62,7364.05,0.834748,2.05242,2.07411,0.0216835,60.0
1744879102507313.0,-9828.31,7366.79,0.840516,2.19736,2.28008,0.082718,60.0
1744879102528073.0,-9828.31,7366.79,0.840516,2.19736,2.10244,-0.0949221,60.0
1744879102548879.0,-9830.0,7368.84,0.845497,2.28008,2.21074,-0.0693329,60.0
1744879102569636.0,-9830.0,7368.84,0.845497,2.28008,2.12365,-0.156423,60.0
1744879102590271.0,-9831.69,7371.57,0.851268,2.21074,2.09747,-0.113269,60.0
1744879102610923.0,-9831.69,7371.57,0.851268,2.21074,2.22796,0.0172137,60.0
1744879102631693.0,-9831.69,7371.57,0.851268,2.21074,2.2553,0.0445531,60.0
1744879102652239.0,-9833.81,7374.31,0.857695,2.22796,2.09977,-0.128183,60.0
1744879102672916.0,-9833.81,7374.31,0.857695,2.22796,2.17158,-0.0563787,60.0
1744879102693375.0,-9835.5,7376.36,0.86268,2.09977,2.05706,-0.0427121,60.0
1744879102714126.0,-9835.5,7376.36,0.86268,2.09977,2.11574,0.0159629,60.0
1744879102734790.0,-9835.5,7376.36,0.86268,2.09977,2.2132,0.113427,60.0
1744879102755526.0,-9837.19,7379.1,0.868455,2.11574,2.16727,0.0515317,60.0
1744879102776011.0,-9837.19,7379.1,0.868455,2.11574,2.23343,0.117691,60.0
1744879102797036.0,-9838.88,7381.15,0.873443,2.16727,2.25797,0.0907014,60.0
1744879102817702.0,-9838.88,7381.15,0.873443,2.16727,2.21973,0.0524608,60.0
1744879102838327.0,-9838.88,7381.15,0.873443,2.16727,2.27,0.102731,60.0
1744879102859275.0,-9840.57,7383.88,0.879221,2.21973,2.13944,-0.080284,60.0
1744879102879803.0,-9840.57,7383.88,0.879221,2.21973,2.27049,0.0507566,60.0
1744879102900443.0,-9842.27,7385.94,0.884211,2.13944,2.12586,-0.0135897,60.0
1744879102921248.0,-9842.27,7385.94,0.884211,2.13944,2.27733,0.137888,60.0
1744879102942242.0,-9842.27,7385.94,0.884211,2.13944,2.24608,0.106631,60.0
1744879102963398.0,-9843.96,7388.67,0.889992,2.27733,2.32413,0.0467957,60.0
1744879102983902.0,-9843.96,7388.67,0.889992,2.27733,2.25863,-0.0187032,60.0
1744879103004591.0,-9846.07,7390.72,0.89564,2.32413,2.31311,-0.0110179,60.0
1744879103025355.0,-9846.07,7390.72,0.89564,2.32413,2.28495,-0.039176,60.0
1744879103046149.0,-9847.77,7393.46,0.901424,2.31311,2.23561,-0.0774963,60.0
1744879103066759.0,-9847.77,7393.46,0.901424,2.31311,2.16244,-0.150673,60.0
1744879103087345.0,-9847.77,7393.46,0.901424,2.31311,2.31666,0.0035477,60.0
1744879103107987.0,-9849.46,7395.51,0.90642,2.16244,2.07487,-0.0875662,60.0
1744879103128848.0,-9849.46,7395.51,0.90642,2.16244,2.09508,-0.067361,60.0
1744879103149922.0,-9851.15,7398.25,0.912207,2.07487,2.0241,-0.0507669,60.0
1744879103170392.0,-9851.15,7398.25,0.912207,2.07487,2.14189,0.0670179,60.0
1744879103191032.0,-9851.15,7398.25,0.912207,2.07487,2.18922,0.114351,60.0
1744879103211658.0,-9852.84,7400.98,0.917995,2.14189,2.16123,0.0193408,60.0
1744879103232277.0,-9852.84,7400.98,0.917995,2.14189,2.09291,-0.0489784,60.0
1744879103252884.0,-9854.96,7403.03,0.923651,2.16123,2.26372,0.102485,60.0
1744879103273504.0,-9854.96,7403.03,0.923651,2.16123,2.25423,0.0930037,60.0
1744879103294357.0,-9854.96,7403.03,0.923651,2.16123,2.24415,0.0829161,60.0
1744879103315237.0,-9856.65,7405.77,0.929442,2.25423,2.22654,-0.027698,60.0
1744879103335865.0,-9856.65,7405.77,0.929442,2.25423,2.19525,-0.0589805,60.0
1744879103356346.0,-9858.34,7407.82,0.934444,2.22654,2.22834,0.00180861,60.0
1744879103377018.0,-9858.34,7407.82,0.934444,2.22654,2.07946,-0.147074,60.0
1744879103397640.0,-9858.34,7407.82,0.934444,2.22654,2.07125,-0.15529,60.0
1744879103418657.0,-9860.03,7410.56,0.940238,2.07946,2.21142,0.131954,60.0
1744879103439264.0,-9860.03,7410.56,0.940238,2.07946,2.02848,-0.0509802,60.0
1744879103459821.0,-9861.72,7412.61,0.945242,2.21142,2.30398,0.0925603,60.0
1744879103480333.0,-9861.72,7412.61,0.945242,2.21142,2.26398,0.0525641,60.0
1744879103500888.0,-9863.42,7415.34,0.95104,2.30398,2.2043,-0.0996783,60.0
1744879103521816.0,-9863.42,7415.34,0.95104,2.30398,2.42585,0.121873,60.0
1744879103542583.0,-9863.42,7415.34,0.95104,2.30398,2.32433,0.0203555,60.0
1744879103563260.0,-9865.53,7417.4,0.956703,2.42585,2.30865,-0.117196,60.0
1744879103584082.0,-9865.53,7417.4,0.956703,2.42585,2.35588,-0.0699704,60.0
1744879103604603.0,-9867.22,7420.13,0.962504,2.30865,2.23112,-0.0775331,60.0
1744879103625418.0,-9867.22,7420.13,0.962504,2.30865,2.14449,-0.164165,60.0
1744879103646066.0,-9867.22,7420.13,0.962504,2.30865,2.44076,0.132109,60.0
1744879103666497.0,-9868.92,7422.18,0.967513,2.14449,2.23166,0.0871729,60.0
1744879103687196.0,-9868.92,7422.18,0.967513,2.14449,2.15141,0.0069174,60.0
1744879103708191.0,-9870.61,7424.92,0.973316,2.23166,2.36834,0.136677,60.0
1744879103728859.0,-9870.61,7424.92,0.973316,2.23166,2.16578,-0.0658816,60.0
1744879103749216.0,-9870.61,7424.92,0.973316,2.23166,2.2831,0.0514401,60.0
1744879103770145.0,-9872.3,7427.66,0.979122,2.16578,2.22173,0.0559482,60.0
1744879103791004.0,-9872.3,7427.66,0.979122,2.16578,2.29759,0.13181,60.0
1744879103811795.0,-9874.41,7429.71,0.984792,2.22173,2.15297,-0.0687544,60.0
1744879103832011.0,-9874.41,7429.71,0.984792,2.22173,2.32835,0.106621,60.0
