time,x_state,y_state,z_state,psi_state,mpc_cmd_psi,mpc_cmd_omega,mpc_cmd_vel
1744878805651913.0,-210.978,-2440.1,0.469502,0.0,6.15494,-0.128245,60.0
1744878805671432.0,-210.978,-2440.1,0.469502,0.0,0.00865101,0.00865101,60.0
1744878805692196.0,-210.978,-2440.1,0.469502,0.0,6.14712,-0.136067,60.0
1744878805714329.0,-210.978,-2440.1,0.469502,0.0,6.24237,-0.0408159,60.0
1744878805734509.0,-210.978,-2440.1,0.469502,0.0,6.12325,-0.159933,60.0
1744878805755565.0,-210.978,-2440.1,0.469502,0.0,6.12746,-0.15573,60.0
1744878805776016.0,-210.978,-2440.1,0.469502,0.0,0.13617,0.13617,60.0
1744878805797346.0,-210.978,-2440.1,0.469502,0.0,6.19867,-0.0845113,60.0
1744878805817934.0,-210.978,-2440.1,0.469502,0.0,6.16495,-0.118234,60.0
1744878805838660.0,-210.978,-2440.1,0.469502,0.0,6.18276,-0.100428,60.0
1744878805859891.0,-210.978,-2440.1,0.469502,0.0,6.16447,-0.118719,60.0
1744878805880403.0,-210.978,-2440.1,0.469502,0.0,6.2436,-0.0395829,60.0
1744878805901446.0,-210.978,-2440.1,0.469502,0.0,0.0917989,0.0917989,60.0
1744878805922225.0,-210.978,-2440.1,0.469502,0.0,0.0544633,0.0544633,60.0
1744878805942602.0,-210.978,-2440.1,0.469502,0.0,0.00635587,0.00635587,60.0
1744878805963489.0,-210.978,-2440.1,0.469502,0.0,6.12895,-0.154231,60.0
1744878805983973.0,-210.978,-2440.1,0.469502,0.0,6.16684,-0.116344,60.0
1744878806004716.0,-210.978,-2440.1,0.469502,0.0,6.14669,-0.136491,60.0
1744878806025350.0,-210.978,-2440.1,0.469502,0.0,0.0452524,0.0452524,60.0
1744878806046217.0,-210.978,-2440.1,0.469502,0.0,6.14036,-0.142825,60.0
1744878806066502.0,-210.978,-2440.1,0.469502,0.0,6.13945,-0.143735,60.0
1744878806087292.0,-210.978,-2440.1,0.469502,0.0,6.16062,-0.122565,60.0
1744878806107924.0,-210.978,-2440.1,0.469502,0.0,6.18433,-0.098857,60.0
1744878806128336.0,-210.978,-2440.1,0.469502,0.0,6.20138,-0.0818102,60.0
1744878806149244.0,-210.978,-2440.1,0.469502,0.0,6.12375,-0.159436,60.0
1744878806170045.0,-210.978,-2440.1,0.469502,0.0,6.13236,-0.150824,60.0
1744878806190707.0,-210.978,-2440.1,0.469502,0.0,6.15656,-0.126626,60.0
1744878806211588.0,-210.978,-2440.1,0.469502,0.0,6.19641,-0.0867724,60.0
1744878806232247.0,-210.978,-2440.1,0.469502,0.0,6.16903,-0.114152,60.0
1744878806252981.0,-210.978,-2440.1,0.469502,0.0,6.23957,-0.0436109,60.0
1744878806273908.0,-210.978,-2440.1,0.469502,0.0,6.14586,-0.13733,60.0
1744878806295047.0,-210.978,-2440.1,0.469502,0.0,6.12232,-0.160861,60.0
1744878806315745.0,-210.978,-2440.1,0.469502,0.0,6.14652,-0.13667,60.0
1744878806336846.0,-210.978,-2440.1,0.469502,0.0,6.14372,-0.13947,60.0
1744878806357588.0,-210.978,-2440.1,0.469502,0.0,6.18937,-0.0938107,60.0
1744878806378349.0,-210.978,-2440.1,0.469502,0.0,6.264,-0.0191821,60.0
1744878806404483.0,-210.978,-2440.1,0.469502,0.0,6.16581,-0.117373,60.0
1744878806425489.0,-210.978,-2440.1,0.469502,0.0,6.12032,-0.162864,60.0
1744878806446242.0,-210.978,-2440.1,0.469502,0.0,6.12673,-0.156459,60.0
1744878806467251.0,-210.978,-2440.1,0.469502,0.0,6.21281,-0.0703737,60.0
1744878806488410.0,-210.978,-2440.1,0.469502,0.0,0.0746729,0.0746729,60.0
1744878806509003.0,-210.978,-2440.1,0.469502,0.0,6.19898,-0.0842087,60.0
1744878806529919.0,-210.978,-2440.1,0.469502,0.0,6.13341,-0.149778,60.0
1744878806551031.0,-210.978,-2440.1,0.469502,0.0,6.25444,-0.02875,60.0
1744878806571814.0,-210.978,-2440.1,0.469502,0.0,6.17341,-0.109775,60.0
1744878806592837.0,-210.978,-2440.1,0.469502,0.0,0.124269,0.124269,60.0
1744878806613663.0,-210.978,-2440.1,0.469502,0.0,6.26303,-0.020151,60.0
1744878806637198.0,-210.978,-2440.1,0.469502,0.0,6.21378,-0.0694047,60.0
1744878806657680.0,-210.978,-2440.1,0.469502,0.0,6.24878,-0.0344035,60.0
1744878806678299.0,-210.978,-2440.1,0.469502,0.0,0.0125964,0.0125964,60.0
1744878806699212.0,-210.978,-2440.1,0.469502,0.0,6.17909,-0.104095,60.0
1744878806719861.0,-210.978,-2440.1,0.469502,0.0,6.20951,-0.0736703,60.0
1744878806740728.0,-210.978,-2440.1,0.469502,0.0,6.14118,-0.142001,60.0
1744878806761352.0,-210.978,-2440.1,0.469502,0.0,6.17849,-0.104697,60.0
1744878806782024.0,-210.978,-2440.1,0.469502,0.0,6.21984,-0.0633495,60.0
1744878806802760.0,-210.978,-2440.1,0.469502,0.0,6.13643,-0.146757,60.0
1744878806823611.0,-210.978,-2440.1,0.469502,0.0,0.0189219,0.0189219,60.0
1744878806844452.0,-210.978,-2440.1,0.469502,0.0,6.1603,-0.122887,60.0
1744878806866107.0,-210.978,-2440.1,0.469502,0.0,6.1198,-0.163387,60.0
1744878806886592.0,-210.978,-2440.1,0.469502,0.0,6.12646,-0.156728,60.0
1744878806907224.0,-210.978,-2440.1,0.469502,0.0,0.0198558,0.0198558,60.0
1744878806917697.0,-210.978,-2440.1,0.469502,0.0,6.26948,-0.0137086,60.0
1744878806938461.0,-210.978,-2440.1,0.469502,0.0,6.22509,-0.0580978,60.0
1744878806959143.0,-210.978,-2440.1,0.469502,0.0,6.11973,-0.163454,60.0
1744878806980247.0,-210.978,-2440.1,0.469502,0.0,6.21689,-0.0662969,60.0
1744878807001814.0,-210.978,-2440.1,0.469502,0.0,6.14313,-0.140057,60.0
1744878807022739.0,-210.978,-2440.1,0.469502,0.0,6.17475,-0.10843,60.0
1744878807043232.0,-210.978,-2440.1,0.469502,0.0,6.16908,-0.114107,60.0
1744878807063926.0,-210.978,-2440.1,0.469502,0.0,6.11891,-0.164275,60.0
1744878807084879.0,-210.978,-2440.1,0.469502,0.0,6.18344,-0.0997429,60.0
1744878807105306.0,-210.978,-2440.1,0.469502,0.0,6.18856,-0.0946278,60.0
1744878807125884.0,-210.978,-2440.1,0.469502,0.0,6.15395,-0.129236,60.0
1744878807147328.0,-210.978,-2440.1,0.469502,0.0,6.17498,-0.108208,60.0
1744878807167784.0,-210.978,-2440.1,0.469502,0.0,6.1274,-0.155786,60.0
1744878807188672.0,-210.978,-2440.1,0.469502,0.0,6.13585,-0.147335,60.0
1744878807209332.0,-210.978,-2440.1,0.469502,0.0,0.0744076,0.0744076,60.0
1744878807230191.0,-210.978,-2440.1,0.469502,0.0,0.0515339,0.0515339,60.0
1744878807250969.0,-210.978,-2440.1,0.469502,0.0,6.12961,-0.153571,60.0
1744878807271605.0,-210.978,-2440.1,0.469502,0.0,6.22066,-0.0625216,60.0
1744878807292887.0,-210.978,-2440.1,0.469502,0.0,6.11925,-0.163935,60.0
1744878807313377.0,-210.978,-2440.1,0.469502,0.0,6.14194,-0.141247,60.0
1744878807334123.0,-210.978,-2440.1,0.469502,0.0,6.20478,-0.0784038,60.0
1744878807355111.0,-208.436,-2442.14,0.470201,6.20478,6.12153,-0.083256,60.0
1744878807375995.0,-208.436,-2442.14,0.470201,6.20478,6.09417,-0.110607,60.0
1744878807397745.0,-208.436,-2442.14,0.470201,6.20478,6.09169,-0.113094,60.0
1744878807418043.0,-206.318,-2444.19,0.470915,6.09417,5.96145,-0.132726,60.0
1744878807439024.0,-206.318,-2444.19,0.470915,6.09417,6.02721,-0.0669654,60.0
1744878807459608.0,-204.2,-2446.24,0.47163,5.96145,5.81028,-0.151171,60.0
1744878807480324.0,-204.2,-2446.24,0.47163,5.96145,5.83608,-0.125368,60.0
1744878807501130.0,-204.2,-2446.24,0.47163,5.96145,5.9061,-0.0553492,60.0
1744878807521780.0,-202.082,-2448.29,0.472347,5.83608,5.8004,-0.035684,60.0
1744878807542452.0,-202.082,-2448.29,0.472347,5.83608,5.71202,-0.124065,60.0
1744878807563217.0,-199.964,-2450.33,0.473065,5.8004,5.92176,0.121363,60.0
1744878807583821.0,-199.964,-2450.33,0.473065,5.8004,5.76506,-0.0353388,60.0
1744878807604775.0,-199.964,-2450.33,0.473065,5.8004,5.74975,-0.0506461,60.0
1744878807625484.0,-197.846,-2452.38,0.473784,5.76506,5.6349,-0.130153,60.0
1744878807646131.0,-197.846,-2452.38,0.473784,5.76506,5.67954,-0.0855129,60.0
1744878807666974.0,-195.304,-2454.43,0.474492,5.6349,5.47625,-0.15865,60.0
1744878807687354.0,-195.304,-2454.43,0.474492,5.6349,5.55834,-0.0765648,60.0
1744878807708467.0,-195.304,-2454.43,0.474492,5.6349,5.48133,-0.15357,60.0
1744878807729046.0,-193.186,-2456.48,0.475214,5.55834,5.44925,-0.109085,60.0
1744878807750050.0,-193.186,-2456.48,0.475214,5.55834,5.40824,-0.150103,60.0
1744878807770990.0,-191.068,-2458.52,0.475938,5.44925,5.46592,0.0166618,60.0
1744878807792065.0,-191.068,-2458.52,0.475938,5.44925,5.39168,-0.0575768,60.0
1744878807813036.0,-188.95,-2459.89,0.4764,5.46592,5.59635,0.130433,60.0
1744878807833524.0,-188.95,-2459.89,0.4764,5.46592,5.37248,-0.0934318,60.0
1744878807854690.0,-188.95,-2459.89,0.4764,5.46592,5.38765,-0.0782703,60.0
1744878807876053.0,-186.408,-2461.94,0.477114,5.37248,5.39158,0.0190937,60.0
1744878807896497.0,-186.408,-2461.94,0.477114,5.37248,5.46906,0.0965733,60.0
1744878807917227.0,-184.29,-2463.98,0.477842,5.39158,5.25537,-0.136211,60.0
1744878807938076.0,-184.29,-2463.98,0.477842,5.39158,5.40136,0.00978312,60.0
1744878807958804.0,-184.29,-2463.98,0.477842,5.39158,5.3118,-0.0797729,60.0
1744878807979432.0,-182.172,-2466.03,0.478571,5.40136,5.33697,-0.0643943,60.0
1744878808000389.0,-182.172,-2466.03,0.478571,5.40136,5.27987,-0.121491,60.0
1744878808021241.0,-180.054,-2468.76,0.479565,5.33697,5.28115,-0.055813,60.0
1744878808042597.0,-180.054,-2468.76,0.479565,5.33697,5.26226,-0.0747097,60.0
1744878808063412.0,-180.054,-2468.76,0.479565,5.33697,5.23476,-0.102203,60.0
1744878808083839.0,-177.936,-2470.81,0.480297,5.26226,5.12653,-0.135723,60.0
1744878808104611.0,-177.936,-2470.81,0.480297,5.26226,5.15766,-0.104598,60.0
1744878808125283.0,-175.818,-2472.86,0.48103,5.12653,5.13906,0.0125221,60.0
1744878808146082.0,-175.818,-2472.86,0.48103,5.12653,5.02727,-0.0992638,60.0
1744878808166928.0,-173.7,-2474.91,0.481765,5.13906,5.00525,-0.133806,60.0
1744878808187982.0,-173.7,-2474.91,0.481765,5.13906,5.18794,0.0488888,60.0
1744878808208325.0,-173.7,-2474.91,0.481765,5.13906,5.1347,-0.00435312,60.0
1744878808229073.0,-171.582,-2476.95,0.482501,5.18794,5.26698,0.0790334,60.0
1744878808249762.0,-171.582,-2476.95,0.482501,5.18794,5.16379,-0.0241582,60.0
1744878808270514.0,-169.464,-2479.0,0.483239,5.26698,5.32067,0.053691,60.0
1744878808291486.0,-169.464,-2479.0,0.483239,5.26698,5.25724,-0.00974107,60.0
1744878808312048.0,-169.464,-2479.0,0.483239,5.26698,5.3639,0.0969252,60.0
1744878808332903.0,-167.346,-2481.05,0.483977,5.25724,5.26661,0.00937116,60.0
1744878808353811.0,-167.346,-2481.05,0.483977,5.25724,5.34429,0.0870573,60.0
1744878808374306.0,-165.651,-2483.78,0.484994,5.26661,5.2053,-0.0613105,60.0
1744878808395092.0,-165.651,-2483.78,0.484994,5.26661,5.14418,-0.122423,60.0
1744878808416087.0,-165.651,-2483.78,0.484994,5.26661,5.12978,-0.136831,60.0
1744878808436845.0,-163.533,-2485.83,0.485736,5.14418,5.01579,-0.12839,60.0
1744878808457350.0,-163.533,-2485.83,0.485736,5.14418,5.12543,-0.0187583,60.0
1744878808478041.0,-161.415,-2487.87,0.486479,5.01579,5.06785,0.0520586,60.0
1744878808498746.0,-161.415,-2487.87,0.486479,5.01579,4.98254,-0.033252,60.0
1744878808519601.0,-161.415,-2487.87,0.486479,5.01579,5.02399,0.00819846,60.0
1744878808540263.0,-159.296,-2489.92,0.487223,4.98254,4.8441,-0.138441,60.0
1744878808560951.0,-159.296,-2489.92,0.487223,4.98254,5.03362,0.0510798,60.0
1744878808581915.0,-157.602,-2492.65,0.488246,4.8441,4.77749,-0.0666091,60.0
1744878808602710.0,-157.602,-2492.65,0.488246,4.8441,4.94335,0.0992474,60.0
1744878808623616.0,-155.484,-2494.7,0.488993,4.77749,4.68387,-0.0936184,60.0
1744878808644233.0,-155.484,-2494.7,0.488993,4.77749,4.79889,0.0213966,60.0
1744878808665278.0,-155.484,-2494.7,0.488993,4.77749,4.7651,-0.0123936,60.0
1744878808686167.0,-153.789,-2496.75,0.489751,4.79889,4.6586,-0.140286,60.0
1744878808706747.0,-153.789,-2496.75,0.489751,4.79889,4.77387,-0.025018,60.0
1744878808727969.0,-151.671,-2499.48,0.490768,4.6586,4.5241,-0.134501,60.0
1744878808748548.0,-151.671,-2499.48,0.490768,4.6586,4.63819,-0.0204109,60.0
1744878808769510.0,-151.671,-2499.48,0.490768,4.6586,4.67547,0.0168663,60.0
1744878808790095.0,-149.976,-2501.52,0.49153,4.63819,4.56993,-0.068261,60.0
1744878808810382.0,-149.976,-2501.52,0.49153,4.63819,4.62903,-0.00915855,60.0
1744878808831037.0,-147.858,-2504.26,0.49255,4.56993,4.61207,0.0421374,60.0
1744878808851597.0,-147.858,-2504.26,0.49255,4.56993,4.50418,-0.0657558,60.0
1744878808872853.0,-147.858,-2504.26,0.49255,4.56993,4.49583,-0.0741006,60.0
1744878808893452.0,-146.163,-2506.3,0.493313,4.50418,4.5002,-0.00397393,60.0
1744878808914150.0,-146.163,-2506.3,0.493313,4.50418,4.65149,0.147317,60.0
1744878808934987.0,-144.045,-2509.03,0.494337,4.5002,4.57739,0.0771845,60.0
1744878808955816.0,-144.045,-2509.03,0.494337,4.5002,4.39123,-0.108968,60.0
1744878808976596.0,-142.35,-2511.08,0.495103,4.57739,4.67777,0.100385,60.0
1744878808997048.0,-142.35,-2511.08,0.495103,4.57739,4.55001,-0.0273753,60.0
1744878809017833.0,-142.35,-2511.08,0.495103,4.57739,4.49625,-0.0811363,60.0
1744878809038491.0,-140.656,-2513.81,0.496139,4.55001,4.52762,-0.0223944,60.0
1744878809059363.0,-140.656,-2513.81,0.496139,4.55001,4.57322,0.0232077,60.0
1744878809079886.0,-138.961,-2515.86,0.496908,4.52762,4.42659,-0.101029,60.0
1744878809100924.0,-138.961,-2515.86,0.496908,4.52762,4.40802,-0.119599,60.0
1744878809123204.0,-138.961,-2515.86,0.496908,4.52762,4.57461,0.0469907,60.0
1744878809143647.0,-137.266,-2518.59,0.497947,4.40802,4.50195,0.0939294,60.0
1744878809164821.0,-137.266,-2518.59,0.497947,4.40802,4.26194,-0.14608,60.0
1744878809185375.0,-135.572,-2520.64,0.498719,4.50195,4.61646,0.114515,60.0
1744878809206225.0,-135.572,-2520.64,0.498719,4.50195,4.35111,-0.150837,60.0
1744878809227012.0,-135.572,-2520.64,0.498719,4.50195,4.64247,0.140526,60.0
1744878809247397.0,-133.877,-2523.37,0.499761,4.35111,4.2274,-0.123712,60.0
1744878809268398.0,-133.877,-2523.37,0.499761,4.35111,4.33951,-0.0116042,60.0
1744878809289089.0,-132.182,-2526.1,0.500804,4.2274,4.20819,-0.0192064,60.0
1744878809309840.0,-132.182,-2526.1,0.500804,4.2274,4.36466,0.137264,60.0
1744878809330760.0,-130.487,-2528.15,0.501579,4.20819,4.23427,0.0260754,60.0
1744878809351287.0,-130.487,-2528.15,0.501579,4.20819,4.28437,0.0761776,60.0
1744878809372723.0,-130.487,-2528.15,0.501579,4.20819,4.32579,0.117598,60.0
1744878809393335.0,-128.793,-2530.88,0.502626,4.28437,4.24672,-0.0376537,60.0
1744878809414036.0,-128.793,-2530.88,0.502626,4.28437,4.38047,0.0961012,60.0
1744878809434789.0,-127.098,-2533.61,0.503674,4.24672,4.0861,-0.160616,60.0
1744878809455784.0,-127.098,-2533.61,0.503674,4.24672,4.37488,0.128168,60.0
1744878809476400.0,-127.098,-2533.61,0.503674,4.24672,4.21648,-0.0302338,60.0
1744878809497037.0,-125.403,-2535.65,0.504453,4.37488,4.39738,0.0224985,60.0
1744878809517658.0,-125.403,-2535.65,0.504453,4.37488,4.53523,0.160349,60.0
1744878809538429.0,-123.708,-2538.38,0.505504,4.39738,4.39805,0.000671048,60.0
1744878809559609.0,-123.708,-2538.38,0.505504,4.39738,4.54557,0.148186,60.0
1744878809580127.0,-123.708,-2538.38,0.505504,4.39738,4.44373,0.0463502,60.0
1744878809600981.0,-122.437,-2541.12,0.506565,4.54557,4.52979,-0.0157812,60.0
1744878809622319.0,-122.437,-2541.12,0.506565,4.54557,4.47487,-0.0706944,60.0
1744878809643043.0,-120.742,-2543.85,0.507619,4.52979,4.39498,-0.134808,60.0
1744878809664274.0,-120.742,-2543.85,0.507619,4.52979,4.56619,0.0364019,60.0
1744878809685398.0,-119.048,-2545.89,0.508403,4.39498,4.52098,0.126003,60.0
1744878809705786.0,-119.048,-2545.89,0.508403,4.39498,4.32953,-0.0654491,60.0
1744878809726759.0,-119.048,-2545.89,0.508403,4.39498,4.42548,0.0304976,60.0
1744878809747735.0,-117.776,-2548.62,0.509468,4.32953,4.46503,0.135498,60.0
1744878809768825.0,-117.776,-2548.62,0.509468,4.32953,4.25578,-0.0737471,60.0
1744878809789807.0,-116.082,-2551.35,0.510527,4.46503,4.4032,-0.0618235,60.0
1744878809810506.0,-116.082,-2551.35,0.510527,4.46503,4.42006,-0.0449703,60.0
1744878809832453.0,-116.082,-2551.35,0.510527,4.46503,4.53607,0.0710417,60.0
1744878809852988.0,-114.81,-2554.08,0.511595,4.42006,4.49083,0.0707765,60.0
1744878809873816.0,-114.81,-2554.08,0.511595,4.42006,4.27247,-0.147585,60.0
1744878809894906.0,-113.116,-2556.82,0.512657,4.49083,4.58899,0.0981609,60.0
1744878809915577.0,-113.116,-2556.82,0.512657,4.49083,4.55451,0.0636813,60.0
1744878809936650.0,-111.844,-2559.55,0.513727,4.58899,4.5996,0.0106054,60.0
1744878809957429.0,-111.844,-2559.55,0.513727,4.58899,4.71743,0.128437,60.0
1744878809978187.0,-111.844,-2559.55,0.513727,4.58899,4.45085,-0.138147,60.0
1744878809998803.0,-110.573,-2561.59,0.514526,4.71743,4.81909,0.101654,60.0
1744878810019842.0,-110.573,-2561.59,0.514526,4.71743,4.57161,-0.145821,60.0
1744878810040905.0,-109.302,-2564.32,0.5156,4.81909,4.69196,-0.127122,60.0
1744878810061442.0,-109.302,-2564.32,0.5156,4.81909,4.7966,-0.0224868,60.0
1744878810082063.0,-109.302,-2564.32,0.5156,4.81909,4.76977,-0.0493142,60.0
1744878810102896.0,-107.607,-2567.05,0.516667,4.7966,4.64095,-0.155644,60.0
1744878810123502.0,-107.607,-2567.05,0.516667,4.7966,4.83272,0.0361241,60.0
1744878810144341.0,-106.336,-2569.78,0.517744,4.64095,4.67011,0.0291578,60.0
1744878810165278.0,-106.336,-2569.78,0.517744,4.64095,4.53514,-0.105817,60.0
1744878810186135.0,-106.336,-2569.78,0.517744,4.64095,4.72318,0.0822228,60.0
1744878810207007.0,-105.064,-2572.52,0.518821,4.53514,4.53584,0.000702589,60.0
1744878810227897.0,-105.064,-2572.52,0.518821,4.53514,4.5703,0.0351604,60.0
1744878810248318.0,-103.793,-2575.25,0.519901,4.53584,4.57785,0.0420077,60.0
1744878810269247.0,-103.793,-2575.25,0.519901,4.53584,4.37857,-0.157273,60.0
1744878810290006.0,-103.793,-2575.25,0.519901,4.53584,4.662,0.126161,60.0
1744878810310743.0,-102.522,-2577.98,0.520981,4.37857,4.48286,0.104288,60.0
1744878810331677.0,-102.522,-2577.98,0.520981,4.37857,4.25702,-0.121543,60.0
1744878810352464.0,-101.25,-2580.71,0.522063,4.48286,4.53116,0.0483086,60.0
1744878810373415.0,-101.25,-2580.71,0.522063,4.48286,4.46883,-0.0140276,60.0
1744878810394244.0,-99.9791,-2583.44,0.523147,4.53116,4.68425,0.153085,60.0
1744878810415454.0,-99.9791,-2583.44,0.523147,4.53116,4.5604,0.0292349,60.0
1744878810435978.0,-99.9791,-2583.44,0.523147,4.53116,4.62144,0.0902806,60.0
1744878810456728.0,-99.1313,-2586.17,0.524239,4.5604,4.69812,0.137725,60.0
1744878810477692.0,-99.1313,-2586.17,0.524239,4.5604,4.52293,-0.0374737,60.0
1744878810498420.0,-97.8599,-2588.9,0.525325,4.69812,4.75521,0.0570828,60.0
1744878810519230.0,-97.8599,-2588.9,0.525325,4.69812,4.57202,-0.126108,60.0
1744878810540100.0,-97.8599,-2588.9,0.525325,4.69812,4.71199,0.0138641,60.0
1744878810560768.0,-96.5886,-2591.63,0.526413,4.57202,4.72422,0.152209,60.0
1744878810581485.0,-96.5886,-2591.63,0.526413,4.57202,4.48379,-0.0882218,60.0
1744878810602154.0,-95.3173,-2594.36,0.527502,4.72422,4.69958,-0.024646,60.0
1744878810622950.0,-95.3173,-2594.36,0.527502,4.72422,4.61585,-0.108378,60.0
1744878810643769.0,-95.3173,-2594.36,0.527502,4.72422,4.73643,0.0122072,60.0
1744878810664483.0,-94.4695,-2597.09,0.528598,4.61585,4.65789,0.0420468,60.0
1744878810685181.0,-94.4695,-2597.09,0.528598,4.61585,4.50297,-0.112878,60.0
1744878810705954.0,-93.1982,-2599.82,0.52969,4.65789,4.66949,0.0116019,60.0
1744878810726666.0,-93.1982,-2599.82,0.52969,4.65789,4.79517,0.137273,60.0
1744878810747438.0,-92.3501,-2603.23,0.531068,4.66949,4.52038,-0.149116,60.0
1744878810768115.0,-92.3501,-2603.23,0.531068,4.66949,4.59582,-0.0736791,60.0
1744878810788764.0,-92.3501,-2603.23,0.531068,4.66949,4.5636,-0.105896,60.0
1744878810809487.0,-91.0788,-2605.96,0.532163,4.59582,4.50576,-0.0900601,60.0
1744878810830352.0,-91.0788,-2605.96,0.532163,4.59582,4.6961,0.100282,60.0
1744878810851002.0,-90.231,-2608.7,0.533265,4.50576,4.48252,-0.0232314,60.0
1744878810871946.0,-90.231,-2608.7,0.533265,4.50576,4.54242,0.0366618,60.0
1744878810892887.0,-90.231,-2608.7,0.533265,4.50576,4.65425,0.148497,60.0
1744878810913363.0,-89.3832,-2611.43,0.534369,4.54242,4.46705,-0.0753649,60.0
1744878810934209.0,-89.3832,-2611.43,0.534369,4.54242,4.48828,-0.0541344,60.0
1744878810955153.0,-88.1118,-2614.16,0.535468,4.46705,4.44976,-0.0172928,60.0
1744878810975730.0,-88.1118,-2614.16,0.535468,4.46705,4.61233,0.145277,60.0
1744878810996138.0,-88.1118,-2614.16,0.535468,4.46705,4.4681,0.00105025,60.0
1744878811016967.0,-87.264,-2616.89,0.536574,4.61233,4.49191,-0.120419,60.0
1744878811038011.0,-87.264,-2616.89,0.536574,4.61233,4.47508,-0.137246,60.0
1744878811058633.0,-86.416,-2620.3,0.537962,4.49191,4.48471,-0.00719626,60.0
1744878811079496.0,-86.416,-2620.3,0.537962,4.49191,4.63838,0.146465,60.0
1744878811100104.0,-86.416,-2620.3,0.537962,4.49191,4.46232,-0.029595,60.0
1744878811121186.0,-85.5681,-2623.03,0.539071,4.63837,4.72192,0.083547,60.0
1744878811141921.0,-85.5681,-2623.03,0.539071,4.63837,4.59668,-0.0416919,60.0
1744878811162794.0,-84.7203,-2625.76,0.540181,4.72192,4.62113,-0.100794,60.0
1744878811183582.0,-84.7203,-2625.76,0.540181,4.72192,4.60193,-0.119993,60.0
1744878811204540.0,-83.8725,-2628.49,0.541293,4.62113,4.70391,0.0827811,60.0
1744878811225403.0,-83.8725,-2628.49,0.541293,4.62113,4.59034,-0.0307875,60.0
1744878811246246.0,-83.8725,-2628.49,0.541293,4.62113,4.60771,-0.0134205,60.0
1744878811266757.0,-83.0246,-2631.22,0.542406,4.59034,4.53292,-0.0574249,60.0
1744878811287821.0,-83.0246,-2631.22,0.542406,4.59034,4.51529,-0.0750516,60.0
1744878811308446.0,-82.1766,-2634.64,0.543802,4.53292,4.64806,0.115144,60.0
1744878811329526.0,-82.1766,-2634.64,0.543802,4.53292,4.51212,-0.020791,60.0
1744878811350073.0,-82.1766,-2634.64,0.543802,4.53292,4.63257,0.0996586,60.0
1744878811371308.0,-81.3288,-2637.37,0.544918,4.51212,4.46253,-0.0495995,60.0
1744878811392234.0,-81.3288,-2637.37,0.544918,4.51212,4.64994,0.137814,60.0
1744878811412633.0,-80.4809,-2640.1,0.546035,4.46253,4.52896,0.0664361,60.0
1744878811433394.0,-80.4809,-2640.1,0.546035,4.46253,4.59388,0.13135,60.0
1744878811454019.0,-80.4809,-2640.1,0.546035,4.46253,4.43613,-0.0263911,60.0
1744878811475008.0,-80.0566,-2642.83,0.547158,4.59388,4.45511,-0.138767,60.0
1744878811495653.0,-80.0566,-2642.83,0.547158,4.59388,4.51458,-0.079296,60.0
1744878811516307.0,-79.2085,-2646.24,0.548561,4.45511,4.46073,0.00561836,60.0
1744878811537063.0,-79.2085,-2646.24,0.548561,4.45511,4.43381,-0.0213027,60.0
1744878811557784.0,-78.3607,-2648.97,0.549682,4.46073,4.45846,-0.00226797,60.0
1744878811578692.0,-78.3607,-2648.97,0.549682,4.46073,4.61702,0.156298,60.0
1744878811599140.0,-78.3607,-2648.97,0.549682,4.46073,4.45209,-0.00863972,60.0
1744878811620102.0,-77.9364,-2651.7,0.55081,4.61702,4.55709,-0.0599317,60.0
1744878811640597.0,-77.9364,-2651.7,0.55081,4.61702,4.52542,-0.0916028,60.0
1744878811661340.0,-77.0883,-2655.12,0.552217,4.55709,4.52952,-0.0275693,60.0
1744878811682288.0,-77.0883,-2655.12,0.552217,4.55709,4.67403,0.116942,60.0
1744878811703079.0,-77.0883,-2655.12,0.552217,4.55709,4.62755,0.0704629,60.0
1744878811723808.0,-76.664,-2657.85,0.553347,4.67403,4.67686,0.00282342,60.0
1744878811744824.0,-76.664,-2657.85,0.553347,4.67403,4.51098,-0.163055,60.0
1744878811765160.0,-75.8161,-2660.58,0.554474,4.67686,4.53144,-0.145421,60.0
1744878811785998.0,-75.8161,-2660.58,0.554474,4.67686,4.57655,-0.100306,60.0
1744878811806644.0,-75.8161,-2660.58,0.554474,4.67686,4.62063,-0.0562255,60.0
1744878811827426.0,-75.3918,-2663.31,0.555607,4.57655,4.58124,0.00469054,60.0
1744878811848114.0,-75.3918,-2663.31,0.555607,4.57655,4.60982,0.0332712,60.0
1744878811868965.0,-74.9672,-2666.72,0.557026,4.58124,4.48694,-0.0942977,60.0
1744878811889481.0,-74.9672,-2666.72,0.557026,4.58124,4.65224,0.0709991,60.0
1744878811910689.0,-74.9672,-2666.72,0.557026,4.58124,4.48798,-0.0932571,60.0
1744878811931234.0,-74.5429,-2669.45,0.558161,4.65224,4.64856,-0.00367653,60.0
1744878811951616.0,-74.5429,-2669.45,0.558161,4.65224,4.56262,-0.089625,60.0
1744878811972287.0,-73.695,-2672.18,0.559293,4.64856,4.76567,0.117102,60.0
1744878811993033.0,-73.695,-2672.18,0.559293,4.64856,4.68777,0.0392045,60.0
1744878812013739.0,-73.2705,-2675.6,0.560717,4.76567,4.61552,-0.150145,60.0
1744878812034705.0,-73.2705,-2675.6,0.560717,4.76567,4.6919,-0.0737632,60.0
1744878812055176.0,-73.2705,-2675.6,0.560717,4.76567,4.60131,-0.164355,60.0
1744878812075852.0,-72.8461,-2678.33,0.561856,4.6919,4.72383,0.0319229,60.0
1744878812096568.0,-72.8461,-2678.33,0.561856,4.6919,4.596,-0.0958995,60.0
1744878812117255.0,-72.4218,-2681.06,0.562997,4.72383,4.57335,-0.150472,60.0
1744878812137917.0,-72.4218,-2681.06,0.562997,4.72383,4.60498,-0.118846,60.0
1744878812158613.0,-72.4218,-2681.06,0.562997,4.72383,4.5786,-0.145225,60.0
1744878812179564.0,-71.9972,-2684.47,0.564425,4.60498,4.71449,0.109511,60.0
1744878812199770.0,-71.9972,-2684.47,0.564425,4.60498,4.51608,-0.0888993,60.0
1744878812220345.0,-71.5729,-2687.2,0.565569,4.71449,4.61645,-0.0980468,60.0
1744878812240877.0,-71.5729,-2687.2,0.565569,4.71449,4.6737,-0.040787,60.0
1744878812261448.0,-71.5729,-2687.2,0.565569,4.71449,4.56761,-0.146878,60.0
1744878812282070.0,-71.5718,-2690.62,0.567006,4.6737,4.66728,-0.0064279,60.0
1744878812302912.0,-71.5718,-2690.62,0.567006,4.6737,4.71787,0.044164,60.0
1744878812323669.0,-71.1474,-2693.35,0.568151,4.66728,4.59113,-0.0761447,60.0
1744878812344371.0,-71.1474,-2693.35,0.568151,4.66728,4.70003,0.032751,60.0
1744878812365424.0,-71.1474,-2693.35,0.568151,4.66728,4.6183,-0.0489727,60.0
1744878812386400.0,-70.7231,-2696.08,0.569299,4.70003,4.63507,-0.0649624,60.0
1744878812407036.0,-70.7231,-2696.08,0.569299,4.70003,4.61731,-0.0827172,60.0
1744878812427431.0,-70.2985,-2699.49,0.570735,4.63507,4.73206,0.0969922,60.0
1744878812448418.0,-70.2985,-2699.49,0.570735,4.63507,4.5572,-0.0778667,60.0
1744878812469114.0,-70.2977,-2702.22,0.57189,4.73206,4.84027,0.108215,60.0
1744878812489981.0,-70.2977,-2702.22,0.57189,4.73206,4.6544,-0.0776595,60.0
1744878812510601.0,-70.2977,-2702.22,0.57189,4.73206,4.61265,-0.119407,60.0
1744878812531150.0,-69.8733,-2704.95,0.573041,4.6544,4.59725,-0.0571482,60.0
1744878812552017.0,-69.8733,-2704.95,0.573041,4.6544,4.59031,-0.0640866,60.0
1744878812572677.0,-69.8722,-2708.37,0.574487,4.59725,4.58258,-0.0146703,60.0
1744878812594033.0,-69.8722,-2708.37,0.574487,4.59725,4.46122,-0.136032,60.0
1744878812614745.0,-69.8722,-2708.37,0.574487,4.59725,4.44343,-0.153819,60.0
1744878812635494.0,-69.4479,-2711.1,0.575641,4.46122,4.52569,0.0644714,60.0
1744878812656354.0,-69.4479,-2711.1,0.575641,4.46122,4.44734,-0.013882,60.0
1744878812677072.0,-69.4468,-2714.51,0.57709,4.52569,4.61305,0.0873619,60.0
1744878812697717.0,-69.4468,-2714.51,0.57709,4.52569,4.68722,0.161525,60.0
1744878812718459.0,-69.4468,-2714.51,0.57709,4.52569,4.55528,0.0295907,60.0
1744878812739857.0,-69.0224,-2717.24,0.578247,4.68722,4.57428,-0.112933,60.0
1744878812760212.0,-69.0224,-2717.24,0.578247,4.68722,4.59529,-0.0919271,60.0
1744878812780823.0,-69.0216,-2719.97,0.579409,4.57428,4.59124,0.0169545,60.0
1744878812801695.0,-69.0216,-2719.97,0.579409,4.57428,4.52517,-0.0491094,60.0
1744878812822613.0,-69.0205,-2723.39,0.580863,4.52517,4.54715,0.0219732,60.0
1744878812843189.0,-69.0205,-2723.39,0.580863,4.52517,4.53015,0.00497685,60.0
1744878812864129.0,-69.0205,-2723.39,0.580863,4.52517,4.47795,-0.0472244,60.0
1744878812884857.0,-68.5961,-2726.12,0.582023,4.53015,4.6882,0.15805,60.0
1744878812905557.0,-68.5961,-2726.12,0.582023,4.53015,4.62005,0.0899019,60.0
1744878812926196.0,-68.5952,-2728.85,0.583189,4.6882,4.52822,-0.159985,60.0
1744878812946916.0,-68.5952,-2728.85,0.583189,4.6882,4.63302,-0.0551789,60.0
1744878812967699.0,-68.5952,-2728.85,0.583189,4.6882,4.69595,0.00774715,60.0
1744878812988847.0,-68.5942,-2732.26,0.584648,4.63302,4.47529,-0.157728,60.0
1744878813009299.0,-68.5942,-2732.26,0.584648,4.63302,4.78856,0.155534,60.0
1744878813029949.0,-68.5933,-2734.99,0.585817,4.47529,4.42948,-0.045818,60.0
1744878813050636.0,-68.5933,-2734.99,0.585817,4.47529,4.51932,0.0440268,60.0
1744878813071653.0,-68.5933,-2734.99,0.585817,4.47529,4.45474,-0.0205519,60.0
1744878813092420.0,-68.5922,-2738.41,0.587279,4.51932,4.68245,0.163132,60.0
1744878813112969.0,-68.5922,-2738.41,0.587279,4.51932,4.62121,0.101895,60.0
1744878813133597.0,-68.5913,-2741.14,0.58845,4.68245,4.71997,0.0375195,60.0
1744878813154178.0,-68.5913,-2741.14,0.58845,4.68245,4.73304,0.0505903,60.0
1744878813174946.0,-68.5913,-2741.14,0.58845,4.68245,4.57062,-0.111832,60.0
1744878813195832.0,-68.5905,-2743.87,0.589623,4.73304,4.66602,-0.0670202,60.0
1744878813216351.0,-68.5905,-2743.87,0.589623,4.73304,4.60932,-0.123719,60.0
1744878813237130.0,-68.5894,-2747.28,0.59109,4.66602,4.57029,-0.0957367,60.0
1744878813257763.0,-68.5894,-2747.28,0.59109,4.66602,4.58298,-0.0830426,60.0
1744878813278861.0,-68.5885,-2750.01,0.592265,4.57029,4.49739,-0.0728918,60.0
1744878813299604.0,-68.5885,-2750.01,0.592265,4.57029,4.46327,-0.107018,60.0
1744878813320052.0,-68.5885,-2750.01,0.592265,4.57029,4.63071,0.0604256,60.0
1744878813340971.0,-68.5874,-2753.43,0.593735,4.46327,4.52935,0.0660864,60.0
1744878813361386.0,-68.5874,-2753.43,0.593735,4.46327,4.39112,-0.072145,60.0
1744878813382052.0,-68.5865,-2756.16,0.594913,4.52935,4.58247,0.0531124,60.0
1744878813403088.0,-68.5865,-2756.16,0.594913,4.52935,4.45393,-0.0754257,60.0
1744878813423506.0,-68.5865,-2756.16,0.594913,4.52935,4.41476,-0.114597,60.0
1744878813444201.0,-68.5857,-2758.89,0.596091,4.45393,4.49296,0.0390269,60.0
1744878813464902.0,-68.5857,-2758.89,0.596091,4.45393,4.42174,-0.0321882,60.0
1744878813485782.0,-68.5846,-2762.3,0.597566,4.49296,4.45069,-0.0422682,60.0
1744878813506312.0,-68.5846,-2762.3,0.597566,4.49296,4.49827,0.00531563,60.0
1744878813527258.0,-68.5846,-2762.3,0.597566,4.49296,4.5082,0.015247,60.0
1744878813548026.0,-69.0072,-2765.03,0.598753,4.49827,4.5363,0.0380246,60.0
1744878813568655.0,-69.0072,-2765.03,0.598753,4.49827,4.61043,0.11216,60.0
1744878813589309.0,-69.0061,-2768.45,0.600231,4.5363,4.54863,0.0123318,60.0
1744878813610280.0,-69.0061,-2768.45,0.600231,4.5363,4.60612,0.0698294,60.0
1744878813630924.0,-69.0061,-2768.45,0.600231,4.5363,4.53094,-0.00535426,60.0
1744878813651991.0,-69.0052,-2771.18,0.601415,4.60612,4.62493,0.0188034,60.0
1744878813672714.0,-69.0052,-2771.18,0.601415,4.60612,4.506,-0.100127,60.0
1744878813693311.0,-69.4278,-2773.91,0.602605,4.62493,4.60551,-0.0194226,60.0
1744878813714239.0,-69.4278,-2773.91,0.602605,4.62493,4.51735,-0.107574,60.0
1744878813735215.0,-69.4267,-2777.32,0.604088,4.60551,4.56121,-0.044291,60.0
1744878813755855.0,-69.4267,-2777.32,0.604088,4.60551,4.55754,-0.0479607,60.0
1744878813776506.0,-69.4267,-2777.32,0.604088,4.60551,4.53395,-0.0715598,60.0
1744878813797225.0,-69.8493,-2780.05,0.60528,4.55754,4.51779,-0.039754,60.0
1744878813817897.0,-69.8493,-2780.05,0.60528,4.55754,4.68022,0.122678,60.0
1744878813838509.0,-69.8482,-2783.47,0.606767,4.51779,4.37151,-0.146278,60.0
1744878813859403.0,-69.8482,-2783.47,0.606767,4.51779,4.56655,0.0487609,60.0
1744878813880230.0,-69.8482,-2783.47,0.606767,4.51779,4.5222,0.00441075,60.0
1744878813900884.0,-70.2708,-2786.2,0.607962,4.56655,4.51669,-0.0498583,60.0
1744878813921602.0,-70.2708,-2786.2,0.607962,4.56655,4.54987,-0.0166851,60.0
1744878813942288.0,-70.27,-2788.93,0.609154,4.51669,4.61166,0.0949625,60.0
1744878813963280.0,-70.27,-2788.93,0.609154,4.51669,4.42957,-0.0871255,60.0
1744878813983611.0,-70.27,-2788.93,0.609154,4.51669,4.63148,0.114784,60.0
1744878814004365.0,-70.6923,-2792.34,0.610649,4.42957,4.53,0.100434,60.0
1744878814025097.0,-70.6923,-2792.34,0.610649,4.42957,4.39546,-0.0341085,60.0
1744878814045833.0,-71.115,-2795.07,0.611848,4.53,4.41013,-0.119872,60.0
1744878814066604.0,-71.115,-2795.07,0.611848,4.53,4.5722,0.0422028,60.0
1744878814087331.0,-71.1141,-2797.8,0.613044,4.41013,4.31143,-0.0986953,60.0
1744878814107962.0,-71.1141,-2797.8,0.613044,4.41013,4.26167,-0.14846,60.0
1744878814128654.0,-71.1141,-2797.8,0.613044,4.41013,4.40315,-0.00698014,60.0
1744878814149292.0,-71.5365,-2801.22,0.614545,4.26167,4.20592,-0.0557459,60.0
1744878814170007.0,-71.5365,-2801.22,0.614545,4.26167,4.23666,-0.0250079,60.0
1744878814190590.0,-71.9591,-2803.95,0.615747,4.20592,4.15878,-0.0471394,60.0
1744878814211549.0,-71.9591,-2803.95,0.615747,4.20592,4.31514,0.109213,60.0
1744878814232258.0,-71.9591,-2803.95,0.615747,4.20592,4.30403,0.0981038,60.0
1744878814252982.0,-72.3814,-2807.36,0.617251,4.31514,4.45436,0.13922,60.0
1744878814273647.0,-72.3814,-2807.36,0.617251,4.31514,4.45329,0.138157,60.0
1744878814294549.0,-72.804,-2810.09,0.618457,4.45436,4.35632,-0.0980327,60.0
1744878814314970.0,-72.804,-2810.09,0.618457,4.45436,4.44754,-0.00681757,60.0
1744878814335753.0,-72.804,-2810.09,0.618457,4.45436,4.30781,-0.146544,60.0
1744878814356417.0,-73.2267,-2812.83,0.619664,4.44754,4.60604,0.158501,60.0
1744878814377533.0,-73.2267,-2812.83,0.619664,4.44754,4.55638,0.108844,60.0
1744878814398518.0,-73.649,-2816.24,0.621173,4.60604,4.49532,-0.110722,60.0
1744878814418881.0,-73.649,-2816.24,0.621173,4.60604,4.68591,0.0798668,60.0
1744878814439785.0,-73.649,-2816.24,0.621173,4.60604,4.62246,0.0164222,60.0
1744878814460496.0,-73.6481,-2818.97,0.622377,4.68591,4.57786,-0.108048,60.0
1744878814481255.0,-73.6481,-2818.97,0.622377,4.68591,4.62163,-0.0642769,60.0
1744878814501957.0,-74.0707,-2821.7,0.623588,4.57786,4.52236,-0.0555023,60.0
1744878814522830.0,-74.0707,-2821.7,0.623588,4.57786,4.42073,-0.157125,60.0
1744878814543652.0,-74.4931,-2825.12,0.625101,4.52236,4.48591,-0.0364471,60.0
1744878814564463.0,-74.4931,-2825.12,0.625101,4.52236,4.64629,0.123934,60.0
1744878814585126.0,-74.4931,-2825.12,0.625101,4.52236,4.67737,0.155015,60.0
1744878814605836.0,-74.9157,-2827.85,0.626315,4.64629,4.51008,-0.136207,60.0
1744878814626795.0,-74.9157,-2827.85,0.626315,4.64629,4.58511,-0.0611825,60.0
1744878814647403.0,-75.3383,-2830.58,0.627529,4.51008,4.46018,-0.0499,60.0
1744878814668121.0,-75.3383,-2830.58,0.627529,4.51008,4.63243,0.12235,60.0
1744878814688968.0,-75.3383,-2830.58,0.627529,4.51008,4.4148,-0.0952806,60.0
1744878814709632.0,-75.7607,-2833.99,0.629048,4.63243,4.7333,0.10087,60.0
1744878814730469.0,-75.7607,-2833.99,0.629048,4.63243,4.69356,0.0611257,60.0
1744878814751176.0,-76.1833,-2836.72,0.630265,4.7333,4.58567,-0.147638,60.0
1744878814771841.0,-76.1833,-2836.72,0.630265,4.7333,4.78348,0.0501777,60.0
1744878814792717.0,-76.1833,-2836.72,0.630265,4.7333,4.66822,-0.0650873,60.0
1744878814813451.0,-76.6059,-2839.45,0.631483,4.78348,4.65499,-0.128492,60.0
1744878814833958.0,-76.6059,-2839.45,0.631483,4.78348,4.7007,-0.0827845,60.0
1744878814854963.0,-77.0283,-2842.87,0.633006,4.65499,4.56694,-0.088051,60.0
1744878814875671.0,-77.0283,-2842.87,0.633006,4.65499,4.63267,-0.0223185,60.0
1744878814896470.0,-77.0283,-2842.87,0.633006,4.65499,4.58334,-0.0716439,60.0
1744878814917190.0,-77.4509,-2845.6,0.634227,4.63267,4.48487,-0.147798,60.0
1744878814937716.0,-77.4509,-2845.6,0.634227,4.63267,4.53804,-0.0946304,60.0
1744878814958333.0,-77.4497,-2849.01,0.635749,4.48487,4.59362,0.108743,60.0
1744878814979072.0,-77.4497,-2849.01,0.635749,4.48487,4.56487,0.0799956,60.0
1744878814999822.0,-77.8723,-2851.74,0.636973,4.59362,4.46411,-0.129503,60.0
1744878815020372.0,-77.8723,-2851.74,0.636973,4.59362,4.73093,0.137311,60.0
1744878815041350.0,-77.8723,-2851.74,0.636973,4.59362,4.62811,0.0344943,60.0
1744878815061842.0,-78.2949,-2854.47,0.638197,4.73093,4.5765,-0.154424,60.0
1744878815082561.0,-78.2949,-2854.47,0.638197,4.73093,4.77184,0.0409137,60.0
1744878815103288.0,-78.7173,-2857.89,0.639729,4.5765,4.69383,0.117325,60.0
1744878815124054.0,-78.7173,-2857.89,0.639729,4.5765,4.68443,0.107929,60.0
1744878815144741.0,-78.7173,-2857.89,0.639729,4.5765,4.57737,0.000863702,60.0
1744878815165428.0,-79.1399,-2860.62,0.640956,4.68443,4.6121,-0.0723306,60.0
1744878815186143.0,-79.1399,-2860.62,0.640956,4.68443,4.61169,-0.0727381,60.0
1744878815206853.0,-79.139,-2863.35,0.64218,4.6121,4.54226,-0.0698391,60.0
1744878815227399.0,-79.139,-2863.35,0.64218,4.6121,4.46592,-0.146185,60.0
1744878815248220.0,-79.139,-2863.35,0.64218,4.6121,4.61848,0.00638293,60.0
1744878815268848.0,-79.5613,-2866.76,0.643716,4.46592,4.59461,0.128691,60.0
1744878815289554.0,-79.5613,-2866.76,0.643716,4.46592,4.59977,0.133857,60.0
1744878815310012.0,-79.9839,-2869.49,0.644948,4.59461,4.53983,-0.0547798,60.0
1744878815330843.0,-79.9839,-2869.49,0.644948,4.59461,4.47659,-0.118014,60.0
1744878815351465.0,-80.4065,-2872.23,0.64618,4.53983,4.62503,0.0851982,60.0
1744878815372709.0,-80.4065,-2872.23,0.64618,4.53983,4.6648,0.124971,60.0
1744878815393610.0,-80.4065,-2872.23,0.64618,4.53983,4.55441,0.0145794,60.0
1744878815414264.0,-80.8288,-2875.64,0.647721,4.6648,4.5198,-0.144996,60.0
1744878815434975.0,-80.8288,-2875.64,0.647721,4.6648,4.59702,-0.0677737,60.0
1744878815455338.0,-80.8279,-2878.37,0.648951,4.5198,4.36353,-0.156274,60.0
1744878815476215.0,-80.8279,-2878.37,0.648951,4.5198,4.36025,-0.159552,60.0
1744878815496765.0,-80.8279,-2878.37,0.648951,4.5198,4.59409,0.0742845,60.0
1744878815517497.0,-81.2503,-2881.78,0.650496,4.36025,4.46657,0.106316,60.0
1744878815538094.0,-81.2503,-2881.78,0.650496,4.36025,4.48745,0.1272,60.0
1744878815558929.0,-81.6729,-2884.51,0.651733,4.46657,4.50114,0.0345713,60.0
1744878815579676.0,-81.6729,-2884.51,0.651733,4.46657,4.60368,0.137111,60.0
1744878815600382.0,-81.6729,-2884.51,0.651733,4.46657,4.47751,0.0109454,60.0
1744878815620986.0,-82.0954,-2887.25,0.652973,4.60368,4.4497,-0.15398,60.0
1744878815641649.0,-82.0954,-2887.25,0.652973,4.60368,4.59613,-0.00754627,60.0
1744878815662193.0,-82.5178,-2890.66,0.654522,4.4497,4.39566,-0.0540367,60.0
1744878815682741.0,-82.5178,-2890.66,0.654522,4.4497,4.51562,0.0659262,60.0
1744878815703552.0,-82.9404,-2893.39,0.655764,4.39566,4.55727,0.161611,60.0
1744878815724139.0,-82.9404,-2893.39,0.655764,4.39566,4.46431,0.0686445,60.0
1744878815744985.0,-82.9404,-2893.39,0.655764,4.39566,4.49363,0.097965,60.0
1744878815765395.0,-83.363,-2896.12,0.657007,4.46431,4.6069,0.142594,60.0
1744878815786366.0,-83.363,-2896.12,0.657007,4.46431,4.59755,0.133249,60.0
1744878815806971.0,-83.7853,-2899.54,0.658561,4.6069,4.67142,0.0645175,60.0
1744878815827671.0,-83.7853,-2899.54,0.658561,4.6069,4.61301,0.00610917,60.0
1744878815848393.0,-83.7853,-2899.54,0.658561,4.6069,4.72396,0.117059,60.0
1744878815869335.0,-84.2079,-2902.27,0.659806,4.61301,4.67713,0.064121,60.0
1744878815890197.0,-84.2079,-2902.27,0.659806,4.61301,4.72453,0.111525,60.0
1744878815910659.0,-84.6305,-2905.0,0.661053,4.67713,4.75445,0.0773219,60.0
1744878815931384.0,-84.6305,-2905.0,0.661053,4.67713,4.61835,-0.0587771,60.0
1744878815952362.0,-84.6305,-2905.0,0.661053,4.67713,4.60352,-0.0736144,60.0
1744878815972950.0,-85.0528,-2908.41,0.662612,4.61835,4.53694,-0.0814176,60.0
1744878815993691.0,-85.0528,-2908.41,0.662612,4.61835,4.77315,0.154793,60.0
1744878816014665.0,-85.4754,-2911.14,0.663862,4.53694,4.61062,0.0736804,60.0
1744878816035389.0,-85.4754,-2911.14,0.663862,4.53694,4.6672,0.130269,60.0
1744878816056378.0,-85.4754,-2911.14,0.663862,4.53694,4.581,0.0440613,60.0
1744878816076936.0,-85.898,-2913.87,0.665113,4.6672,4.54063,-0.126573,60.0
1744878816097425.0,-85.898,-2913.87,0.665113,4.6672,4.60429,-0.0629181,60.0
1744878816118101.0,-86.3203,-2917.29,0.666676,4.54063,4.63413,0.093494,60.0
1744878816138843.0,-86.3203,-2917.29,0.666676,4.54063,4.57317,0.0325409,60.0
1744878816159728.0,-86.7429,-2920.02,0.66793,4.63413,4.476,-0.158128,60.0
1744878816180813.0,-86.7429,-2920.02,0.66793,4.63413,4.5816,-0.0525233,60.0
1744878816201472.0,-86.7429,-2920.02,0.66793,4.63413,4.484,-0.150125,60.0
1744878816222077.0,-87.1654,-2922.75,0.669185,4.5816,4.49096,-0.0906455,60.0
1744878816242947.0,-87.1654,-2922.75,0.669185,4.5816,4.5545,-0.0270991,60.0
1744878816263713.0,-87.5878,-2926.16,0.670753,4.49096,4.57234,0.0813826,60.0
1744878816284436.0,-87.5878,-2926.16,0.670753,4.49096,4.44212,-0.0488332,60.0
1744878816305172.0,-87.5878,-2926.16,0.670753,4.49096,4.47234,-0.018616,60.0
1744878816325628.0,-88.0103,-2928.89,0.67201,4.44212,4.55471,0.112592,60.0
1744878816346408.0,-88.0103,-2928.89,0.67201,4.44212,4.5185,0.0763739,60.0
1744878816367158.0,-88.4327,-2932.31,0.673582,4.55471,4.67806,0.123343,60.0
1744878816387823.0,-88.4327,-2932.31,0.673582,4.55471,4.53936,-0.0153557,60.0
1744878816408767.0,-88.4327,-2932.31,0.673582,4.55471,4.52921,-0.0255014,60.0
1744878816429557.0,-88.8552,-2935.04,0.674842,4.53936,4.40873,-0.130625,60.0
1744878816453700.0,-88.8552,-2935.04,0.674842,4.53936,4.57208,0.0327185,60.0
1744878816474141.0,-89.2778,-2937.77,0.676104,4.40873,4.53457,0.125839,60.0
1744878816494971.0,-89.2778,-2937.77,0.676104,4.40873,4.46988,0.0611466,60.0
1744878816515566.0,-89.7001,-2941.18,0.67768,4.53457,4.41844,-0.116137,60.0
1744878816536693.0,-89.7001,-2941.18,0.67768,4.53457,4.48212,-0.0524504,60.0
1744878816557339.0,-89.7001,-2941.18,0.67768,4.53457,4.69072,0.156144,60.0
1744878816577928.0,-90.1227,-2943.91,0.678944,4.48212,4.63684,0.15472,60.0
1744878816598625.0,-90.1227,-2943.91,0.678944,4.48212,4.5956,0.113479,60.0
1744878816619420.0,-90.9688,-2946.65,0.680215,4.63684,4.75685,0.120008,60.0
1744878816639931.0,-90.9688,-2946.65,0.680215,4.63684,4.51157,-0.125278,60.0
1744878816660382.0,-90.9688,-2946.65,0.680215,4.63684,4.62486,-0.0119816,60.0
1744878816681061.0,-91.3911,-2950.06,0.681797,4.51157,4.4266,-0.0849614,60.0
1744878816702442.0,-91.3911,-2950.06,0.681797,4.51157,4.51732,0.00575718,60.0
1744878816722802.0,-91.8137,-2952.79,0.683065,4.4266,4.5531,0.126493,60.0
1744878816743674.0,-91.8137,-2952.79,0.683065,4.4266,4.40326,-0.023343,60.0
1744878816764673.0,-92.2362,-2955.52,0.684334,4.40326,4.5286,0.125335,60.0
1744878816785204.0,-92.2362,-2955.52,0.684334,4.40326,4.49574,0.0924788,60.0
1744878816806127.0,-92.2362,-2955.52,0.684334,4.40326,4.55876,0.155496,60.0
1744878816826465.0,-92.6585,-2958.94,0.68592,4.49574,4.41808,-0.0776626,60.0
1744878816847186.0,-92.6585,-2958.94,0.68592,4.49574,4.53379,0.0380477,60.0
1744878816868513.0,-93.0811,-2961.67,0.687192,4.41808,4.53305,0.11497,60.0
1744878816888780.0,-93.0811,-2961.67,0.687192,4.41808,4.4268,0.00872535,60.0
1744878816910153.0,-93.0811,-2961.67,0.687192,4.41808,4.33334,-0.0847361,60.0
1744878816930646.0,-93.9271,-2964.4,0.688471,4.4268,4.45358,0.0267786,60.0
1744878816951068.0,-93.9271,-2964.4,0.688471,4.4268,4.42753,0.000732384,60.0
1744878816971858.0,-94.3495,-2967.81,0.690062,4.45358,4.52224,0.0686579,60.0
1744878816992568.0,-94.3495,-2967.81,0.690062,4.45358,4.29958,-0.154005,60.0
1744878817013359.0,-94.3495,-2967.81,0.690062,4.45358,4.51075,0.0571689,60.0
1744878817033911.0,-94.772,-2970.54,0.691338,4.29958,4.39984,0.100269,60.0
1744878817056702.0,-94.772,-2970.54,0.691338,4.29958,4.4278,0.128224,60.0
1744878817075560.0,-95.6181,-2973.27,0.692621,4.39984,4.54191,0.142068,60.0
1744878817096613.0,-95.6181,-2973.27,0.692621,4.39984,4.54552,0.145671,60.0
1744878817117369.0,-95.6181,-2973.27,0.692621,4.39984,4.52946,0.129614,60.0
1744878817138443.0,-96.0406,-2976.01,0.693899,4.54552,4.56501,0.0194981,60.0
1744878817159193.0,-96.0406,-2976.01,0.693899,4.54552,4.49396,-0.0515571,60.0
1744878817179918.0,-96.8864,-2979.42,0.695503,4.56501,4.64304,0.0780301,60.0
1744878817200761.0,-96.8864,-2979.42,0.695503,4.56501,4.5683,0.00328666,60.0
1744878817221407.0,-97.309,-2982.15,0.696784,4.64304,4.4827,-0.16034,60.0
1744878817242416.0,-97.309,-2982.15,0.696784,4.64304,4.77885,0.135805,60.0
1744878817262923.0,-97.309,-2982.15,0.696784,4.64304,4.70626,0.0632106,60.0
1744878817283807.0,-97.7315,-2984.88,0.698066,4.77885,4.68363,-0.0952166,60.0
1744878817304458.0,-97.7315,-2984.88,0.698066,4.77885,4.67087,-0.107977,60.0
1744878817325295.0,-98.5774,-2988.3,0.699675,4.68363,4.64657,-0.0370609,60.0
1744878817346065.0,-98.5774,-2988.3,0.699675,4.68363,4.63639,-0.0472422,60.0
1744878817367049.0,-98.5774,-2988.3,0.699675,4.68363,4.54599,-0.137639,60.0
1744878817387875.0,-98.9999,-2991.03,0.70096,4.63639,4.60027,-0.0361219,60.0
1744878817408585.0,-98.9999,-2991.03,0.70096,4.63639,4.69018,0.0537843,60.0
1744878817429443.0,-99.4225,-2993.76,0.702245,4.60027,4.47659,-0.123679,60.0
1744878817450007.0,-99.4225,-2993.76,0.702245,4.60027,4.57979,-0.0204742,60.0
1744878817470776.0,-99.4225,-2993.76,0.702245,4.60027,4.59648,-0.00378652,60.0
1744878817491794.0,-99.8448,-2997.17,0.703853,4.57979,4.5444,-0.0353988,60.0
1744878817512405.0,-99.8448,-2997.17,0.703853,4.57979,4.44384,-0.135959,60.0
1744878817533139.0,-100.267,-2999.9,0.705141,4.5444,4.44012,-0.104275,60.0
1744878817553572.0,-100.267,-2999.9,0.705141,4.5444,4.4645,-0.0798979,60.0
1744878817574133.0,-100.267,-2999.9,0.705141,4.5444,4.54764,0.00324107,60.0
1744878817595055.0,-101.113,-3002.63,0.706438,4.4645,4.55771,0.0932094,60.0
1744878817615533.0,-101.113,-3002.63,0.706438,4.4645,4.37568,-0.0888222,60.0
1744878817636091.0,-101.536,-3006.05,0.70805,4.55771,4.42057,-0.137134,60.0
1744878817657025.0,-101.536,-3006.05,0.70805,4.55771,4.48555,-0.072161,60.0
1744878817677560.0,-101.536,-3006.05,0.70805,4.55771,4.67305,0.115346,60.0
1744878817698292.0,-101.958,-3008.78,0.709342,4.48555,4.64119,0.155639,60.0
1744878817718909.0,-101.958,-3008.78,0.709342,4.48555,4.53031,0.044765,60.0
1744878817739390.0,-102.381,-3011.51,0.710636,4.64119,4.48699,-0.154193,60.0
1744878817760120.0,-102.381,-3011.51,0.710636,4.64119,4.64246,0.00127041,60.0
1744878817780858.0,-102.803,-3014.92,0.712253,4.48699,4.45459,-0.0324003,60.0
1744878817801638.0,-102.803,-3014.92,0.712253,4.48699,4.63004,0.143047,60.0
1744878817822500.0,-102.803,-3014.92,0.712253,4.48699,4.53251,0.0455125,60.0
1744878817843033.0,-103.649,-3017.65,0.713556,4.63004,4.6944,0.0643646,60.0
1744878817863831.0,-103.649,-3017.65,0.713556,4.63004,4.66016,0.0301251,60.0
1744878817884631.0,-104.072,-3020.39,0.714854,4.6944,4.5355,-0.158901,60.0
1744878817905365.0,-104.072,-3020.39,0.714854,4.6944,4.74473,0.0503293,60.0
1744878817926004.0,-104.072,-3020.39,0.714854,4.6944,4.75508,0.0606806,60.0
1744878817946447.0,-104.494,-3023.8,0.716476,4.74473,4.72051,-0.0242191,60.0
1744878817967249.0,-104.494,-3023.8,0.716476,4.74473,4.68386,-0.0608702,60.0
1744878817987883.0,-104.916,-3026.53,0.717776,4.72051,4.59151,-0.129009,60.0
1744878818008523.0,-104.916,-3026.53,0.717776,4.72051,4.58992,-0.130599,60.0
1744878818029357.0,-104.916,-3026.53,0.717776,4.72051,4.56526,-0.155257,60.0
1744878818049785.0,-105.339,-3029.26,0.719077,4.58992,4.51548,-0.0744351,60.0
1744878818070596.0,-105.339,-3029.26,0.719077,4.58992,4.44985,-0.140061,60.0
1744878818091587.0,-105.761,-3032.67,0.720704,4.51548,4.58168,0.0662033,60.0
1744878818112230.0,-105.761,-3032.67,0.720704,4.51548,4.37575,-0.139729,60.0
1744878818132897.0,-105.761,-3032.67,0.720704,4.51548,4.43944,-0.0760375,60.0
1744878818153548.0,-106.184,-3035.41,0.722008,4.37575,4.41547,0.0397212,60.0
1744878818174147.0,-106.184,-3035.41,0.722008,4.37575,4.53295,0.1572,60.0
1744878818194852.0,-106.606,-3038.14,0.723313,4.41547,4.41843,0.00295365,60.0
1744878818215411.0,-106.606,-3038.14,0.723313,4.41547,4.50003,0.0845614,60.0
1744878818236258.0,-107.029,-3041.55,0.724945,4.41843,4.49973,0.0813033,60.0
1744878818257414.0,-107.029,-3041.55,0.724945,4.41843,4.33945,-0.0789768,60.0
1744878818278494.0,-107.029,-3041.55,0.724945,4.41843,4.49275,0.0743276,60.0
1744878818298705.0,-107.451,-3044.28,0.726253,4.33945,4.35288,0.0134259,60.0
1744878818319666.0,-107.451,-3044.28,0.726253,4.33945,4.48436,0.14491,60.0
1744878818340530.0,-108.297,-3047.01,0.727569,4.35288,4.45802,0.105142,60.0
1744878818361138.0,-108.297,-3047.01,0.727569,4.35288,4.44593,0.093057,60.0
1744878818382218.0,-108.297,-3047.01,0.727569,4.35288,4.49032,0.13744,60.0
1744878818402641.0,-108.719,-3050.43,0.729206,4.44593,4.53841,0.0924771,60.0
1744878818423293.0,-108.719,-3050.43,0.729206,4.44593,4.35348,-0.0924511,60.0
1744878818443912.0,-109.142,-3053.16,0.730517,4.53841,4.56919,0.0307778,60.0
1744878818464860.0,-109.142,-3053.16,0.730517,4.53841,4.51078,-0.0276325,60.0
1744878818485482.0,-109.142,-3053.16,0.730517,4.53841,4.60012,0.0617082,60.0
1744878818506221.0,-109.988,-3055.89,0.731838,4.51078,4.4972,-0.0135755,60.0
1744878818526801.0,-109.988,-3055.89,0.731838,4.51078,4.64513,0.134351,60.0
1744878818547349.0,-110.41,-3059.3,0.733479,4.4972,4.49571,-0.00148826,60.0
1744878818568050.0,-110.41,-3059.3,0.733479,4.4972,4.65717,0.159972,60.0
1744878818588778.0,-110.41,-3059.3,0.733479,4.4972,4.43749,-0.0597143,60.0
1744878818609747.0,-110.833,-3062.03,0.734795,4.65717,4.56633,-0.0908474,60.0
1744878818630492.0,-110.833,-3062.03,0.734795,4.65717,4.58391,-0.0732621,60.0
1744878818651265.0,-111.679,-3064.77,0.736119,4.56633,4.51529,-0.0510384,60.0
1744878818671855.0,-111.679,-3064.77,0.736119,4.56633,4.62158,0.0552517,60.0
1744878818692319.0,-112.101,-3068.18,0.737765,4.51529,4.43367,-0.081616,60.0
1744878818713033.0,-112.101,-3068.18,0.737765,4.51529,4.5966,0.0813167,60.0
1744878818733892.0,-112.101,-3068.18,0.737765,4.51529,4.55142,0.0361347,60.0
1744878818754739.0,-112.524,-3070.91,0.739085,4.5966,4.49595,-0.100651,60.0
1744878818775626.0,-112.524,-3070.91,0.739085,4.5966,4.55482,-0.0417881,60.0
1744878818796624.0,-112.946,-3073.64,0.740406,4.49595,4.63386,0.137904,60.0
1744878818818297.0,-112.946,-3073.64,0.740406,4.49595,4.49782,0.0018625,60.0
1744878818838960.0,-112.946,-3073.64,0.740406,4.49595,4.54193,0.0459766,60.0
1744878818859683.0,-113.792,-3077.06,0.742065,4.49782,4.58637,0.0885507,60.0
1744878818880685.0,-113.792,-3077.06,0.742065,4.49782,4.48376,-0.0140589,60.0
1744878818901545.0,-114.215,-3079.79,0.743388,4.58637,4.44517,-0.1412,60.0
1744878818922853.0,-114.215,-3079.79,0.743388,4.58637,4.42952,-0.156849,60.0
1744878818943232.0,-114.215,-3079.79,0.743388,4.58637,4.62233,0.0359656,60.0
1744878818964016.0,-114.637,-3082.52,0.744713,4.42952,4.4646,0.0350783,60.0
1744878818984743.0,-114.637,-3082.52,0.744713,4.42952,4.4564,0.0268843,60.0
1744878819005569.0,-115.059,-3085.93,0.746369,4.4646,4.55641,0.0918109,60.0
1744878819026881.0,-115.059,-3085.93,0.746369,4.4646,4.47713,0.0125321,60.0
1744878819047082.0,-115.905,-3088.66,0.747704,4.55641,4.52465,-0.0317518,60.0
1744878819067919.0,-115.905,-3088.66,0.747704,4.55641,4.53773,-0.0186782,60.0
1744878819088560.0,-115.905,-3088.66,0.747704,4.55641,4.49087,-0.065538,60.0
1744878819109331.0,-116.328,-3091.39,0.749033,4.53773,4.49692,-0.0408041,60.0
1744878819130006.0,-116.328,-3091.39,0.749033,4.53773,4.55584,0.018113,60.0
1744878819151053.0,-116.75,-3094.81,0.750693,4.49692,4.50915,0.0122273,60.0
1744878819171621.0,-116.75,-3094.81,0.750693,4.49692,4.60577,0.108849,60.0
1744878819192499.0,-116.75,-3094.81,0.750693,4.49692,4.47489,-0.0220382,60.0
1744878819213175.0,-117.596,-3097.54,0.752033,4.60577,4.6054,-0.000376435,60.0
1744878819233992.0,-117.596,-3097.54,0.752033,4.60577,4.6482,0.0424215,60.0
1744878819254983.0,-118.019,-3100.27,0.753365,4.6054,4.50625,-0.0991424,60.0
1744878819275740.0,-118.019,-3100.27,0.753365,4.6054,4.44458,-0.160816,60.0
1744878819296112.0,-118.019,-3100.27,0.753365,4.6054,4.46838,-0.137018,60.0
1744878819316937.0,-118.441,-3103.0,0.754699,4.44458,4.41549,-0.029095,60.0
1744878819337747.0,-118.441,-3103.0,0.754699,4.44458,4.37914,-0.0654373,60.0
1744878819358484.0,-119.287,-3106.41,0.756374,4.41549,4.55318,0.137693,60.0
1744878819379319.0,-119.287,-3106.41,0.756374,4.41549,4.42449,0.00900751,60.0
1744878819401012.0,-119.709,-3109.15,0.75771,4.42449,4.44778,0.02329,60.0
1744878819421342.0,-119.709,-3109.15,0.75771,4.42449,4.57221,0.147721,60.0
1744878819441898.0,-119.709,-3109.15,0.75771,4.42449,4.31786,-0.106636,60.0
1744878819462380.0,-120.132,-3111.88,0.759048,4.57221,4.6144,0.0421895,60.0
1744878819483254.0,-120.132,-3111.88,0.759048,4.57221,4.49062,-0.0815967,60.0
1744878819503920.0,-120.978,-3115.29,0.760728,4.6144,4.56868,-0.0457276,60.0
1744878819524837.0,-120.978,-3115.29,0.760728,4.6144,4.48346,-0.130946,60.0
1744878819545672.0,-120.978,-3115.29,0.760728,4.6144,4.65572,0.0413139,60.0
1744878819566787.0,-121.4,-3118.02,0.762068,4.48346,4.43352,-0.0499375,60.0
1744878819587592.0,-121.4,-3118.02,0.762068,4.48346,4.46892,-0.0145379,60.0
1744878819608263.0,-121.823,-3120.75,0.76341,4.43352,4.56251,0.128991,60.0
1744878819628866.0,-121.823,-3120.75,0.76341,4.43352,4.46067,0.0271482,60.0
1744878819649533.0,-121.823,-3120.75,0.76341,4.43352,4.54228,0.108762,60.0
1744878819671000.0,-122.668,-3124.17,0.765095,4.46067,4.56071,0.100039,60.0
1744878819691690.0,-122.668,-3124.17,0.765095,4.46067,4.57974,0.119066,60.0
1744878819712578.0,-123.091,-3126.9,0.766439,4.56071,4.45415,-0.106561,60.0
1744878819733114.0,-123.091,-3126.9,0.766439,4.56071,4.51931,-0.0414006,60.0
1744878819753940.0,-123.091,-3126.9,0.766439,4.56071,4.50118,-0.0595329,60.0
1744878819774715.0,-123.513,-3129.63,0.767785,4.51931,4.52461,0.00530258,60.0
1744878819795671.0,-123.513,-3129.63,0.767785,4.51931,4.62678,0.107473,60.0
1744878819816490.0,-124.359,-3133.04,0.769475,4.52461,4.43367,-0.0909388,60.0
1744878819837173.0,-124.359,-3133.04,0.769475,4.52461,4.52505,0.000442058,60.0
1744878819857958.0,-124.782,-3135.77,0.770823,4.43367,4.58538,0.151708,60.0
1744878819879115.0,-124.782,-3135.77,0.770823,4.43367,4.597,0.163332,60.0
1744878819899911.0,-124.782,-3135.77,0.770823,4.43367,4.5675,0.133831,60.0
1744878819920095.0,-125.204,-3138.5,0.772172,4.597,4.49626,-0.100741,60.0
1744878819940936.0,-125.204,-3138.5,0.772172,4.597,4.52007,-0.0769356,60.0
1744878819961570.0,-126.05,-3141.92,0.773867,4.49626,4.53733,0.0410705,60.0
1744878819981835.0,-126.05,-3141.92,0.773867,4.49626,4.52678,0.0305152,60.0
1744878820002328.0,-126.05,-3141.92,0.773867,4.49626,4.36015,-0.136109,60.0
1744878820022830.0,-126.472,-3144.65,0.775219,4.52678,4.6399,0.11312,60.0
1744878820043310.0,-126.472,-3144.65,0.775219,4.52678,4.68669,0.159917,60.0
1744878820063784.0,-127.318,-3147.38,0.776581,4.6399,4.66444,0.024546,60.0
1744878820084703.0,-127.318,-3147.38,0.776581,4.6399,4.5217,-0.1182,60.0
1744878820105129.0,-127.318,-3147.38,0.776581,4.6399,4.53518,-0.104713,60.0
1744878820125518.0,-127.741,-3150.8,0.778272,4.5217,4.50285,-0.018846,60.0
1744878820146111.0,-127.741,-3150.8,0.778272,4.5217,4.49705,-0.024647,60.0
1744878820166732.0,-128.163,-3153.53,0.779629,4.50285,4.5985,0.0956446,60.0
1744878820187456.0,-128.163,-3153.53,0.779629,4.50285,4.59316,0.0903086,60.0
1744878820208344.0,-128.163,-3153.53,0.779629,4.50285,4.42022,-0.0826346,60.0
1744878820229008.0,-129.009,-3156.26,0.780994,4.59316,4.53234,-0.0608205,60.0
1744878820249801.0,-129.009,-3156.26,0.780994,4.59316,4.62485,0.0316886,60.0
1744878820270616.0,-129.432,-3158.99,0.782353,4.53234,4.46239,-0.0699482,60.0
1744878820291553.0,-129.432,-3158.99,0.782353,4.53234,4.4065,-0.12584,60.0
1744878820312139.0,-129.854,-3162.4,0.78405,4.46239,4.30083,-0.16156,60.0
1744878820332873.0,-129.854,-3162.4,0.78405,4.46239,4.53134,0.0689494,60.0
1744878820353738.0,-129.854,-3162.4,0.78405,4.46239,4.43836,-0.0240356,60.0
1744878820374643.0,-130.7,-3165.13,0.78542,4.53134,4.6048,0.0734586,60.0
1744878820395651.0,-130.7,-3165.13,0.78542,4.53134,4.39526,-0.136076,60.0
1744878820416301.0,-131.122,-3167.86,0.786783,4.6048,4.48421,-0.120588,60.0
1744878820438510.0,-131.122,-3167.86,0.786783,4.6048,4.52591,-0.078894,60.0
1744878820459280.0,-131.122,-3167.86,0.786783,4.6048,4.58178,-0.023018,60.0
1744878820479900.0,-131.545,-3171.28,0.788485,4.52591,4.54968,0.0237738,60.0
1744878820500514.0,-131.545,-3171.28,0.788485,4.52591,4.52911,0.0032024,60.0
1744878820521163.0,-131.967,-3174.01,0.78985,4.54968,4.49365,-0.056026,60.0
1744878820541833.0,-131.967,-3174.01,0.78985,4.54968,4.50872,-0.0409557,60.0
1744878820563038.0,-131.967,-3174.01,0.78985,4.54968,4.67286,0.123184,60.0
1744878820583914.0,-132.813,-3176.74,0.791225,4.50872,4.66932,0.160595,60.0
1744878820604551.0,-132.813,-3176.74,0.791225,4.50872,4.35751,-0.151218,60.0
1744878820625705.0,-133.235,-3180.15,0.792933,4.66932,4.62904,-0.0402829,60.0
1744878820646358.0,-133.235,-3180.15,0.792933,4.66932,4.52045,-0.148873,60.0
1744878820667611.0,-133.658,-3182.89,0.794302,4.62904,4.56141,-0.0676302,60.0
1744878820687847.0,-133.658,-3182.89,0.794302,4.62904,4.48349,-0.145543,60.0
1744878820708685.0,-133.658,-3182.89,0.794302,4.62904,4.68404,0.0550005,60.0
1744878820729607.0,-134.08,-3185.62,0.795672,4.48349,4.63461,0.151114,60.0
1744878820750344.0,-134.08,-3185.62,0.795672,4.48349,4.50318,0.0196901,60.0
1744878820771185.0,-134.926,-3189.03,0.797393,4.63461,4.57421,-0.0603964,60.0
1744878820793076.0,-134.926,-3189.03,0.797393,4.63461,4.68215,0.047543,60.0
1744878820813569.0,-134.926,-3189.03,0.797393,4.63461,4.58795,-0.0466538,60.0
1744878820834445.0,-135.349,-3191.76,0.798766,4.68215,4.6717,-0.0104463,60.0
1744878820855296.0,-135.349,-3191.76,0.798766,4.68215,4.5251,-0.157053,60.0
1744878820876233.0,-135.771,-3194.49,0.80014,4.6717,4.6373,-0.0344022,60.0
1744878820897030.0,-135.771,-3194.49,0.80014,4.6717,4.534,-0.137703,60.0
1744878820917866.0,-135.771,-3194.49,0.80014,4.6717,4.55279,-0.118911,60.0
1744878820938495.0,-136.193,-3197.91,0.801857,4.534,4.67297,0.138972,60.0
1744878820959182.0,-136.193,-3197.91,0.801857,4.534,4.49332,-0.0406792,60.0
1744878820980261.0,-136.616,-3200.64,0.803234,4.67297,4.57355,-0.0994219,60.0
1744878821000996.0,-136.616,-3200.64,0.803234,4.67297,4.59499,-0.0779846,60.0
1744878821021359.0,-137.038,-3203.37,0.804612,4.57355,4.65839,0.0848427,60.0
1744878821042149.0,-137.038,-3203.37,0.804612,4.57355,4.53533,-0.0382189,60.0
1744878821063009.0,-137.038,-3203.37,0.804612,4.57355,4.66902,0.0954737,60.0
1744878821083917.0,-137.46,-3206.78,0.806334,4.53533,4.53907,0.003738,60.0
1744878821104593.0,-137.46,-3206.78,0.806334,4.53533,4.43555,-0.0997864,60.0
1744878821125551.0,-137.883,-3209.51,0.807714,4.53907,4.55943,0.0203587,60.0
1744878821146354.0,-137.883,-3209.51,0.807714,4.53907,4.47906,-0.0600098,60.0
1744878821166677.0,-137.883,-3209.51,0.807714,4.53907,4.68105,0.14198,60.0
1744878821187503.0,-138.729,-3212.24,0.809105,4.47906,4.63039,0.151335,60.0
1744878821208211.0,-138.729,-3212.24,0.809105,4.47906,4.55962,0.0805622,60.0
1744878821228873.0,-139.151,-3215.66,0.810832,4.6304,4.59846,-0.0319323,60.0
1744878821249897.0,-139.151,-3215.66,0.810832,4.6304,4.64569,0.0152992,60.0
1744878821270363.0,-139.151,-3215.66,0.810832,4.6304,4.56547,-0.0649287,60.0
1744878821291221.0,-139.574,-3218.39,0.812217,4.64569,4.54184,-0.103859,60.0
1744878821311855.0,-139.574,-3218.39,0.812217,4.64569,4.68608,0.0403888,60.0
1744878821332346.0,-139.996,-3221.12,0.813602,4.54184,4.54859,0.00675787,60.0
1744878821353042.0,-139.996,-3221.12,0.813602,4.54184,4.42401,-0.117829,60.0
1744878821374152.0,-139.996,-3221.12,0.813602,4.54184,4.54645,0.00461816,60.0
1744878821395117.0,-140.418,-3224.53,0.815334,4.42401,4.42963,0.00562215,60.0
1744878821415653.0,-140.418,-3224.53,0.815334,4.42401,4.32551,-0.0984925,60.0
1744878821436461.0,-140.841,-3227.27,0.816722,4.42963,4.49508,0.0654483,60.0
1744878821457256.0,-140.841,-3227.27,0.816722,4.42963,4.55595,0.126317,60.0
1744878821477910.0,-141.263,-3230.0,0.818112,4.49508,4.44599,-0.0490912,60.0
1744878821498635.0,-141.263,-3230.0,0.818112,4.49508,4.64316,0.14808,60.0
1744878821519373.0,-141.263,-3230.0,0.818112,4.49508,4.40096,-0.0941141,60.0
1744878821540130.0,-141.686,-3233.41,0.819848,4.64316,4.65987,0.0167128,60.0
1744878821560903.0,-141.686,-3233.41,0.819848,4.64316,4.56053,-0.08263,60.0
1744878821581573.0,-142.531,-3236.14,0.82125,4.65987,4.65062,-0.00924813,60.0
1744878821602324.0,-142.531,-3236.14,0.82125,4.65987,4.62206,-0.0378114,60.0
1744878821622976.0,-142.531,-3236.14,0.82125,4.65987,4.51734,-0.142528,60.0
1744878821643959.0,-142.954,-3238.87,0.822644,4.62206,4.62827,0.00621367,60.0
1744878821664537.0,-142.954,-3238.87,0.822644,4.62206,4.47562,-0.146439,60.0
1744878821685729.0,-143.376,-3242.29,0.824385,4.62827,4.69902,0.0707509,60.0
1744878821706443.0,-143.376,-3242.29,0.824385,4.62827,4.51423,-0.114041,60.0
1744878821727152.0,-143.376,-3242.29,0.824385,4.62827,4.52167,-0.1066,60.0
1744878821748091.0,-143.799,-3245.02,0.825781,4.51423,4.49692,-0.017313,60.0
1744878821769498.0,-143.799,-3245.02,0.825781,4.51423,4.59378,0.0795537,60.0
1744878821790196.0,-144.221,-3247.75,0.827178,4.49692,4.46807,-0.0288528,60.0
1744878821810784.0,-144.221,-3247.75,0.827178,4.49692,4.65534,0.158426,60.0
1744878821831425.0,-144.643,-3251.16,0.828924,4.46807,4.36246,-0.105609,60.0
1744878821852221.0,-144.643,-3251.16,0.828924,4.46807,4.44961,-0.0184514,60.0
1744878821873504.0,-144.643,-3251.16,0.828924,4.46807,4.61579,0.147725,60.0
1744878821897848.0,-145.066,-3253.89,0.830325,4.44961,4.43573,-0.0138852,60.0
1744878821918985.0,-145.066,-3253.89,0.830325,4.44961,4.48807,0.0384528,60.0
1744878821939360.0,-145.488,-3256.63,0.831726,4.43573,4.36475,-0.0709822,60.0
1744878821960053.0,-145.488,-3256.63,0.831726,4.43573,4.50355,0.0678239,60.0
1744878821981285.0,-145.488,-3256.63,0.831726,4.43573,4.46883,0.0331043,60.0
1744878822001742.0,-145.91,-3260.04,0.833477,4.50355,4.56797,0.0644219,60.0
1744878822022638.0,-145.91,-3260.04,0.833477,4.50355,4.45596,-0.0475974,60.0
1744878822043426.0,-146.756,-3262.77,0.83489,4.56797,4.50324,-0.064736,60.0
1744878822064553.0,-146.756,-3262.77,0.83489,4.56797,4.41739,-0.150583,60.0
1744878822084974.0,-146.756,-3262.77,0.83489,4.56797,4.55029,-0.0176863,60.0
1744878822106081.0,-147.179,-3265.5,0.836296,4.41739,4.49199,0.074597,60.0
1744878822126898.0,-147.179,-3265.5,0.836296,4.41739,4.46657,0.0491774,60.0
1744878822147431.0,-147.601,-3268.91,0.838051,4.49199,4.5478,0.0558165,60.0
1744878822168155.0,-147.601,-3268.91,0.838051,4.49199,4.65355,0.161558,60.0
1744878822188965.0,-148.024,-3271.65,0.839459,4.5478,4.48088,-0.0669245,60.0
1744878822209571.0,-148.024,-3271.65,0.839459,4.5478,4.48869,-0.0591168,60.0
1744878822230399.0,-148.024,-3271.65,0.839459,4.5478,4.57605,0.0282461,60.0
1744878822251206.0,-148.869,-3274.38,0.840878,4.48869,4.51537,0.0266779,60.0
1744878822271661.0,-148.869,-3274.38,0.840878,4.48869,4.51424,0.0255481,60.0
1744878822292256.0,-149.292,-3277.79,0.842639,4.51537,4.57869,0.0633219,60.0
1744878822312945.0,-149.292,-3277.79,0.842639,4.51537,4.51529,-7.31627e-05,60.0
1744878822333659.0,-149.292,-3277.79,0.842639,4.51537,4.64684,0.131478,60.0
1744878822354922.0,-149.714,-3280.52,0.844051,4.51529,4.43962,-0.0756715,60.0
1744878822375989.0,-149.714,-3280.52,0.844051,4.51529,4.48786,-0.0274341,60.0
1744878822397027.0,-150.56,-3283.25,0.845474,4.43962,4.58285,0.14323,60.0
1744878822417593.0,-150.56,-3283.25,0.845474,4.43962,4.44671,0.00708564,60.0
1744878822438436.0,-150.56,-3283.25,0.845474,4.43962,4.40036,-0.0392627,60.0
1744878822459333.0,-150.982,-3286.67,0.847239,4.44671,4.57,0.123289,60.0
1744878822479955.0,-150.982,-3286.67,0.847239,4.44671,4.36731,-0.0794005,60.0
1744878822500793.0,-151.405,-3289.4,0.848655,4.57,4.48242,-0.0875701,60.0
1744878822521434.0,-151.405,-3289.4,0.848655,4.57,4.7222,0.152207,60.0
1744878822542132.0,-152.251,-3292.13,0.850082,4.48243,4.54093,0.0585073,60.0
1744878822562878.0,-152.251,-3292.13,0.850082,4.48243,4.40344,-0.0789832,60.0
1744878822583559.0,-152.251,-3292.13,0.850082,4.48243,4.4918,0.00937717,60.0
1744878822604320.0,-152.673,-3295.54,0.851852,4.40344,4.44208,0.0386422,60.0
1744878822625083.0,-152.673,-3295.54,0.851852,4.40344,4.47897,0.075528,60.0
1744878822645943.0,-153.095,-3298.27,0.853272,4.44208,4.44342,0.00133613,60.0
1744878822666823.0,-153.095,-3298.27,0.853272,4.44208,4.50827,0.0661896,60.0
1744878822687646.0,-153.095,-3298.27,0.853272,4.44208,4.43753,-0.00455665,60.0
1744878822708372.0,-153.941,-3301.01,0.854703,4.50827,4.58536,0.077087,60.0
1744878822729140.0,-153.941,-3301.01,0.854703,4.50827,4.48753,-0.0207451,60.0
1744878822749913.0,-154.363,-3304.42,0.856478,4.58536,4.69117,0.105814,60.0
1744878822770758.0,-154.363,-3304.42,0.856478,4.58536,4.59019,0.00483358,60.0
1744878822791641.0,-154.363,-3304.42,0.856478,4.58536,4.5724,-0.0129602,60.0
1744878822812398.0,-155.209,-3307.15,0.857912,4.59019,4.59352,0.00332291,60.0
1744878822833328.0,-155.209,-3307.15,0.857912,4.59019,4.53921,-0.0509798,60.0
1744878822853994.0,-155.632,-3309.88,0.859337,4.59352,4.69178,0.0982659,60.0
1744878822874755.0,-155.632,-3309.88,0.859337,4.59352,4.54391,-0.0496056,60.0
1744878822895496.0,-156.054,-3313.3,0.861117,4.54391,4.41039,-0.133525,60.0
1744878822916153.0,-156.054,-3313.3,0.861117,4.54391,4.63107,0.0871578,60.0
1744878822937042.0,-156.054,-3313.3,0.861117,4.54391,4.52459,-0.0193187,60.0
1744878822957473.0,-156.9,-3316.03,0.862555,4.63107,4.56816,-0.062906,60.0
1744878822978313.0,-156.9,-3316.03,0.862555,4.63107,4.48771,-0.14336,60.0
1744878822999030.0,-157.322,-3318.76,0.863983,4.56816,4.51636,-0.0518036,60.0
1744878823019935.0,-157.322,-3318.76,0.863983,4.56816,4.48261,-0.0855563,60.0
1744878823040692.0,-157.322,-3318.76,0.863983,4.56816,4.49228,-0.0758809,60.0
1744878823061665.0,-157.745,-3321.49,0.865413,4.48261,4.45961,-0.0229979,60.0
1744878823082404.0,-157.745,-3321.49,0.865413,4.48261,4.50945,0.0268469,60.0
1744878823103048.0,-158.167,-3324.9,0.867199,4.45961,4.60189,0.142286,60.0
1744878823123812.0,-158.167,-3324.9,0.867199,4.45961,4.54375,0.084143,60.0
1744878823144288.0,-158.167,-3324.9,0.867199,4.45961,4.57669,0.117077,60.0
1744878823164915.0,-159.013,-3327.63,0.868643,4.54375,4.54418,0.000431464,60.0
1744878823186356.0,-159.013,-3327.63,0.868643,4.54375,4.43042,-0.113335,60.0
1744878823206681.0,-159.435,-3330.37,0.870076,4.54418,4.6883,0.144116,60.0
1744878823227436.0,-159.435,-3330.37,0.870076,4.54418,4.61357,0.0693813,60.0
1744878823248158.0,-159.435,-3330.37,0.870076,4.54418,4.45311,-0.0910772,60.0
1744878823268829.0,-159.858,-3333.78,0.871867,4.61356,4.51634,-0.097226,60.0
1744878823289944.0,-159.858,-3333.78,0.871867,4.61356,4.45154,-0.16202,60.0
1744878823310550.0,-160.704,-3336.51,0.873315,4.51634,4.61222,0.0958767,60.0
1744878823331258.0,-160.704,-3336.51,0.873315,4.51634,4.55288,0.0365444,60.0
1744878823352349.0,-161.126,-3339.24,0.874752,4.61222,4.71248,0.100269,60.0
1744878823373051.0,-161.126,-3339.24,0.874752,4.61222,4.73055,0.118334,60.0
1744878823393683.0,-161.126,-3339.24,0.874752,4.61222,4.64672,0.0345029,60.0
1744878823414459.0,-161.548,-3342.66,0.876548,4.73055,4.60209,-0.128455,60.0
1744878823434739.0,-161.548,-3342.66,0.876548,4.73055,4.60651,-0.124044,60.0
1744878823455936.0,-161.971,-3345.39,0.877989,4.60209,4.54837,-0.0537223,60.0
1744878823476750.0,-161.971,-3345.39,0.877989,4.60209,4.68881,0.0867178,60.0
1744878823497237.0,-161.971,-3345.39,0.877989,4.60209,4.48521,-0.116883,60.0
1744878823518638.0,-162.393,-3348.12,0.87943,4.68881,4.62038,-0.0684347,60.0
1744878823539173.0,-162.393,-3348.12,0.87943,4.68881,4.70958,0.0207699,60.0
1744878823559648.0,-163.239,-3351.53,0.881242,4.62038,4.46106,-0.159318,60.0
1744878823580702.0,-163.239,-3351.53,0.881242,4.62038,4.49528,-0.125095,60.0
1744878823601295.0,-163.239,-3351.53,0.881242,4.62038,4.63664,0.0162616,60.0
1744878823622075.0,-163.661,-3354.26,0.882686,4.49528,4.55952,0.0642393,60.0
1744878823642699.0,-163.661,-3354.26,0.882686,4.49528,4.49902,0.00373696,60.0
1744878823663566.0,-164.084,-3356.99,0.884132,4.55952,4.47421,-0.0853082,60.0
1744878823684773.0,-164.084,-3356.99,0.884132,4.55952,4.57199,0.0124636,60.0
1744878823705607.0,-164.506,-3360.41,0.885937,4.57198,4.40774,-0.164247,60.0
1744878823726617.0,-164.506,-3360.41,0.885937,4.57198,4.62658,0.0545934,60.0
1744878823747261.0,-164.506,-3360.41,0.885937,4.57198,4.473,-0.098985,60.0
1744878823767840.0,-164.928,-3363.14,0.887385,4.62658,4.47787,-0.148704,60.0
1744878823788866.0,-164.928,-3363.14,0.887385,4.62658,4.60966,-0.0169198,60.0
1744878823809590.0,-165.351,-3365.87,0.888835,4.47787,4.57158,0.0937024,60.0
1744878823830559.0,-165.351,-3365.87,0.888835,4.47787,4.57908,0.101206,60.0
1744878823851249.0,-165.351,-3365.87,0.888835,4.47787,4.49048,0.0126018,60.0
1744878823872431.0,-165.773,-3369.28,0.890645,4.57908,4.60041,0.0213251,60.0
1744878823893418.0,-165.773,-3369.28,0.890645,4.57908,4.49781,-0.0812735,60.0
1744878823913702.0,-166.195,-3372.01,0.892097,4.60041,4.67509,0.0746826,60.0
1744878823934301.0,-166.195,-3372.01,0.892097,4.60041,4.63209,0.0316857,60.0
1744878823954950.0,-166.195,-3372.01,0.892097,4.60041,4.53499,-0.0654148,60.0
1744878823975605.0,-166.618,-3374.75,0.893551,4.63209,4.56428,-0.0678141,60.0
1744878823996462.0,-166.618,-3374.75,0.893551,4.63209,4.63796,0.00587172,60.0
1744878824016932.0,-167.04,-3378.16,0.895366,4.56428,4.47629,-0.0879864,60.0
1744878824037758.0,-167.04,-3378.16,0.895366,4.56428,4.55472,-0.00956083,60.0
1744878824058450.0,-167.04,-3378.16,0.895366,4.56428,4.71453,0.150249,60.0
1744878824079678.0,-167.886,-3380.89,0.896833,4.55472,4.62702,0.0723055,60.0
1744878824100169.0,-167.886,-3380.89,0.896833,4.55472,4.62178,0.067062,60.0
1744878824121324.0,-168.308,-3383.62,0.89829,4.62702,4.67973,0.0527111,60.0
1744878824142010.0,-168.308,-3383.62,0.89829,4.62702,4.57096,-0.0560669,60.0
1744878824162590.0,-168.73,-3387.04,0.90011,4.67973,4.5852,-0.0945296,60.0
1744878824183426.0,-168.73,-3387.04,0.90011,4.67973,4.55757,-0.122163,60.0
1744878824204279.0,-168.73,-3387.04,0.90011,4.67973,4.61948,-0.0602569,60.0
1744878824225041.0,-169.153,-3389.77,0.90157,4.55757,4.55013,-0.00743717,60.0
1744878824245792.0,-169.153,-3389.77,0.90157,4.55757,4.5177,-0.0398725,60.0
1744878824266442.0,-169.575,-3393.18,0.903394,4.55013,4.70244,0.152309,60.0
1744878824286942.0,-169.575,-3393.18,0.903394,4.55013,4.43259,-0.117545,60.0
1744878824307899.0,-169.575,-3393.18,0.903394,4.55013,4.66842,0.118289,60.0
1744878824328532.0,-169.997,-3395.91,0.904856,4.43259,4.5155,0.0829153,60.0
1744878824349493.0,-169.997,-3395.91,0.904856,4.43259,4.48847,0.0558864,60.0
1744878824370154.0,-170.42,-3398.64,0.90632,4.5155,4.5867,0.0711984,60.0
1744878824391335.0,-170.42,-3398.64,0.90632,4.5155,4.56318,0.0476794,60.0
1744878824412135.0,-170.42,-3398.64,0.90632,4.5155,4.36771,-0.147789,60.0
1744878824433066.0,-170.842,-3402.06,0.908148,4.56318,4.47662,-0.0865614,60.0
1744878824453579.0,-170.842,-3402.06,0.908148,4.56318,4.50709,-0.0560938,60.0
1744878824474239.0,-171.264,-3404.79,0.909615,4.47662,4.58331,0.106688,60.0
1744878824494982.0,-171.264,-3404.79,0.909615,4.47662,4.57167,0.0950442,60.0
1744878824515772.0,-171.264,-3404.79,0.909615,4.47662,4.37442,-0.102204,60.0
1744878824536842.0,-171.687,-3407.52,0.911082,4.57167,4.55069,-0.0209776,60.0
1744878824557724.0,-171.687,-3407.52,0.911082,4.57167,4.47949,-0.0921711,60.0
1744878824578223.0,-172.109,-3410.93,0.912915,4.55069,4.59977,0.0490824,60.0
1744878824599041.0,-172.109,-3410.93,0.912915,4.55069,4.56857,0.0178847,60.0
1744878824619972.0,-172.531,-3413.66,0.914386,4.59977,4.51059,-0.0891856,60.0
1744878824640720.0,-172.531,-3413.66,0.914386,4.59977,4.6639,0.0641323,60.0
1744878824661303.0,-172.531,-3413.66,0.914386,4.59977,4.54949,-0.0502853,60.0
1744878824681870.0,-172.954,-3416.4,0.915857,4.6639,4.61995,-0.0439547,60.0
1744878824702550.0,-172.954,-3416.4,0.915857,4.6639,4.56594,-0.0979592,60.0
1744878824723291.0,-173.376,-3419.81,0.917695,4.61995,4.58412,-0.0358239,60.0
1744878824744067.0,-173.376,-3419.81,0.917695,4.61995,4.52059,-0.099361,60.0
1744878824764835.0,-173.376,-3419.81,0.917695,4.61995,4.57183,-0.0481192,60.0
1744878824785611.0,-173.798,-3422.54,0.919169,4.52059,4.39432,-0.126267,60.0
1744878824806275.0,-173.798,-3422.54,0.919169,4.52059,4.58983,0.0692454,60.0
1744878824827168.0,-174.221,-3425.27,0.920644,4.39432,4.38592,-0.008397,60.0
1744878824847924.0,-174.221,-3425.27,0.920644,4.39432,4.39891,0.00458961,60.0
1744878824868699.0,-174.221,-3425.27,0.920644,4.39432,4.5376,0.143275,60.0
1744878824889648.0,-175.066,-3428.69,0.922499,4.39891,4.39068,-0.00823046,60.0
1744878824910527.0,-175.066,-3428.69,0.922499,4.39891,4.55984,0.160929,60.0
1744878824931115.0,-175.489,-3431.42,0.923977,4.39068,4.35941,-0.0312665,60.0
1744878824951681.0,-175.489,-3431.42,0.923977,4.39068,4.43781,0.0471292,60.0
1744878824972666.0,-175.911,-3434.15,0.925456,4.35941,4.43154,0.0721317,60.0
1744878824993170.0,-175.911,-3434.15,0.925456,4.35941,4.50099,0.141576,60.0
1744878825013879.0,-175.911,-3434.15,0.925456,4.35941,4.51993,0.160516,60.0
1744878825034669.0,-176.333,-3437.56,0.927304,4.50099,4.48147,-0.0195199,60.0
1744878825055546.0,-176.333,-3437.56,0.927304,4.50099,4.62165,0.120662,60.0
1744878825076090.0,-177.179,-3440.29,0.928798,4.48147,4.53931,0.0578365,60.0
1744878825096984.0,-177.179,-3440.29,0.928798,4.48147,4.44743,-0.0340439,60.0
1744878825117790.0,-177.179,-3440.29,0.928798,4.48147,4.52416,0.0426905,60.0
1744878825138254.0,-177.601,-3443.02,0.930281,4.44742,4.35937,-0.0880558,60.0
1744878825159029.0,-177.601,-3443.02,0.930281,4.44742,4.57703,0.129605,60.0
1744878825179664.0,-178.024,-3446.44,0.932133,4.35937,4.49571,0.136342,60.0
1744878825200658.0,-178.024,-3446.44,0.932133,4.35937,4.45547,0.0960972,60.0
1744878825221261.0,-178.024,-3446.44,0.932133,4.35937,4.3378,-0.0215711,60.0
1744878825241944.0,-178.87,-3449.17,0.933631,4.45547,4.5638,0.10833,60.0
1744878825262702.0,-178.87,-3449.17,0.933631,4.45547,4.4846,0.0291365,60.0
1744878825283667.0,-179.292,-3451.9,0.935118,4.5638,4.62129,0.0574974,60.0
1744878825304398.0,-179.292,-3451.9,0.935118,4.5638,4.44115,-0.122644,60.0
1744878825325287.0,-179.292,-3451.9,0.935118,4.5638,4.69858,0.13478,60.0
1744878825347477.0,-179.714,-3454.63,0.936606,4.44115,4.35765,-0.0834985,60.0
1744878825368459.0,-179.714,-3454.63,0.936606,4.44115,4.53864,0.0974886,60.0
1744878825389305.0,-180.56,-3458.05,0.938478,4.35765,4.45026,0.0926102,60.0
1744878825410099.0,-180.56,-3458.05,0.938478,4.35765,4.42585,0.0681974,60.0
1744878825430994.0,-180.982,-3460.78,0.939968,4.45026,4.59479,0.144526,60.0
1744878825451829.0,-180.982,-3460.78,0.939968,4.45026,4.56806,0.117791,60.0
1744878825472621.0,-180.982,-3460.78,0.939968,4.45026,4.4992,0.048938,60.0
1744878825493426.0,-181.828,-3463.51,0.941473,4.56806,4.65969,0.0916303,60.0
1744878825514225.0,-181.828,-3463.51,0.941473,4.56806,4.60183,0.0337741,60.0
1744878825534890.0,-182.25,-3466.92,0.943337,4.65969,4.52571,-0.133979,60.0
1744878825555827.0,-182.25,-3466.92,0.943337,4.65969,4.6091,-0.0505857,60.0
1744878825576220.0,-182.25,-3466.92,0.943337,4.65969,4.71004,0.0503489,60.0
1744878825597229.0,-183.096,-3469.65,0.944844,4.6091,4.64653,0.0374326,60.0
1744878825618018.0,-183.096,-3469.65,0.944844,4.6091,4.63122,0.0221163,60.0
1744878825638913.0,-183.519,-3472.38,0.94634,4.64653,4.55319,-0.0933424,60.0
1744878825660647.0,-183.519,-3472.38,0.94634,4.64653,4.73266,0.0861225,60.0
1744878825681623.0,-183.941,-3475.8,0.948208,4.55319,4.49392,-0.0592735,60.0
1744878825702431.0,-183.941,-3475.8,0.948208,4.55319,4.60806,0.0548728,60.0
1744878825723071.0,-183.941,-3475.8,0.948208,4.55319,4.52307,-0.0301188,60.0
1744878825743916.0,-184.787,-3478.53,0.94972,4.60806,4.57376,-0.0343058,60.0
1744878825764728.0,-184.787,-3478.53,0.94972,4.60806,4.70068,0.0926151,60.0
1744878825785483.0,-185.209,-3481.26,0.951219,4.57376,4.67474,0.100979,60.0
1744878825806728.0,-185.209,-3481.26,0.951219,4.57376,4.4831,-0.0906572,60.0
1744878825827150.0,-185.209,-3481.26,0.951219,4.57376,4.51371,-0.0600499,60.0
1744878825848197.0,-185.631,-3484.67,0.953093,4.4831,4.52297,0.0398689,60.0
1744878825868714.0,-185.631,-3484.67,0.953093,4.4831,4.62636,0.143256,60.0
1744878825889561.0,-186.477,-3487.41,0.954608,4.52297,4.54561,0.0226373,60.0
1744878825910626.0,-186.477,-3487.41,0.954608,4.52297,4.54581,0.0228398,60.0
1744878825931554.0,-186.477,-3487.41,0.954608,4.52297,4.56506,0.0420874,60.0
1744878825952020.0,-186.899,-3490.14,0.956112,4.54581,4.62405,0.0782445,60.0
1744878825972877.0,-186.899,-3490.14,0.956112,4.54581,4.50405,-0.0417625,60.0
1744878825993579.0,-187.322,-3493.55,0.95799,4.62405,4.5872,-0.0368565,60.0
1744878826014381.0,-187.322,-3493.55,0.95799,4.62405,4.53815,-0.0859088,60.0
1744878826035199.0,-187.744,-3496.28,0.959497,4.53815,4.62592,0.0877732,60.0
1744878826055992.0,-187.744,-3496.28,0.959497,4.53815,4.48034,-0.0578065,60.0
1744878826076681.0,-187.744,-3496.28,0.959497,4.53815,4.60725,0.0691047,60.0
1744878826097362.0,-188.59,-3499.01,0.961017,4.48034,4.54968,0.0693404,60.0
1744878826117894.0,-188.59,-3499.01,0.961017,4.48034,4.33035,-0.149987,60.0
1744878826138528.0,-189.012,-3502.43,0.962901,4.54968,4.53966,-0.0100235,60.0
1744878826159406.0,-189.012,-3502.43,0.962901,4.54968,4.53567,-0.0140121,60.0
1744878826180346.0,-189.012,-3502.43,0.962901,4.54968,4.45573,-0.0939516,60.0
1744878826201110.0,-189.434,-3505.16,0.964411,4.53567,4.57658,0.0409092,60.0
1744878826221779.0,-189.434,-3505.16,0.964411,4.53567,4.50359,-0.0320725,60.0
1744878826242389.0,-189.857,-3507.89,0.965923,4.57658,4.57483,-0.00174443,60.0
1744878826263279.0,-189.857,-3507.89,0.965923,4.57658,4.46918,-0.107396,60.0
1744878826283803.0,-189.857,-3507.89,0.965923,4.57658,4.56263,-0.0139472,60.0
1744878826304561.0,-190.703,-3510.62,0.967448,4.46918,4.42042,-0.0487633,60.0
1744878826325351.0,-190.703,-3510.62,0.967448,4.46918,4.55159,0.0824058,60.0
1744878826346032.0,-191.125,-3514.03,0.969338,4.42042,4.55166,0.131246,60.0
1744878826366715.0,-191.125,-3514.03,0.969338,4.42042,4.41432,-0.00610066,60.0
1744878826388144.0,-191.125,-3514.03,0.969338,4.42042,4.38348,-0.0369342,60.0
1744878826408724.0,-191.547,-3516.76,0.970854,4.41432,4.51823,0.10391,60.0
1744878826429213.0,-191.547,-3516.76,0.970854,4.41432,4.50687,0.0925529,60.0
1744878826450235.0,-192.393,-3519.5,0.972383,4.51823,4.61136,0.0931372,60.0
1744878826470711.0,-192.393,-3519.5,0.972383,4.51823,4.49016,-0.028064,60.0
1744878826491596.0,-192.815,-3522.91,0.974278,4.61136,4.71525,0.103882,60.0
1744878826512536.0,-192.815,-3522.91,0.974278,4.61136,4.56109,-0.0502704,60.0
1744878826533274.0,-192.815,-3522.91,0.974278,4.61136,4.61905,0.00769125,60.0
1744878826554221.0,-193.237,-3525.64,0.975797,4.56109,4.44737,-0.113726,60.0
1744878826575185.0,-193.237,-3525.64,0.975797,4.56109,4.64502,0.0839302,60.0
1744878826595717.0,-194.083,-3528.37,0.977331,4.44737,4.55151,0.104141,60.0
1744878826616247.0,-194.083,-3528.37,0.977331,4.44737,4.52044,0.073068,60.0
1744878826637061.0,-194.083,-3528.37,0.977331,4.44737,4.42665,-0.0207176,60.0
1744878826657789.0,-194.505,-3531.79,0.97923,4.52044,4.67563,0.155195,60.0
1744878826678482.0,-194.505,-3531.79,0.97923,4.52044,4.41641,-0.104022,60.0
1744878826699424.0,-194.928,-3534.52,0.980753,4.67563,4.6756,-2.52027e-05,60.0
1744878826720004.0,-194.928,-3534.52,0.980753,4.67563,4.52771,-0.147919,60.0
1744878826740768.0,-194.928,-3534.52,0.980753,4.67563,4.60291,-0.072717,60.0
1744878826761434.0,-195.774,-3537.25,0.982291,4.52771,4.42139,-0.10632,60.0
1744878826782164.0,-195.774,-3537.25,0.982291,4.52771,4.61158,0.0838689,60.0
1744878826802961.0,-196.196,-3540.66,0.984195,4.42139,4.44559,0.024198,60.0
1744878826823685.0,-196.196,-3540.66,0.984195,4.42139,4.41726,-0.0041317,60.0
1744878826844397.0,-196.618,-3543.39,0.985723,4.44559,4.55649,0.110899,60.0
1744878826864961.0,-196.618,-3543.39,0.985723,4.44559,4.5748,0.129209,60.0
1744878826886449.0,-196.618,-3543.39,0.985723,4.44559,4.41129,-0.0343031,60.0
1744878826906801.0,-197.464,-3546.12,0.987264,4.5748,4.67413,0.0993307,60.0
1744878826927481.0,-197.464,-3546.12,0.987264,4.5748,4.66395,0.0891555,60.0
1744878826948264.0,-197.886,-3549.54,0.989173,4.67413,4.63893,-0.0352017,60.0
1744878826969164.0,-197.886,-3549.54,0.989173,4.67413,4.63251,-0.0416185,60.0
1744878826989795.0,-197.886,-3549.54,0.989173,4.67413,4.52951,-0.144619,60.0
1744878827010315.0,-198.308,-3552.27,0.990705,4.63251,4.52766,-0.104852,60.0
1744878827031108.0,-198.308,-3552.27,0.990705,4.63251,4.61599,-0.0165244,60.0
1744878827051861.0,-198.731,-3555.0,0.992237,4.52766,4.46042,-0.0672372,60.0
1744878827072358.0,-198.731,-3555.0,0.992237,4.52766,4.43051,-0.0971472,60.0
1744878827093168.0,-198.731,-3555.0,0.992237,4.52766,4.62909,0.101434,60.0
1744878827113902.0,-199.576,-3558.41,0.994164,4.43051,4.47452,0.0440122,60.0
1744878827134343.0,-199.576,-3558.41,0.994164,4.43051,4.57249,0.141975,60.0
1744878827155139.0,-199.999,-3561.15,0.995699,4.47452,4.4496,-0.0249232,60.0
1744878827176084.0,-199.999,-3561.15,0.995699,4.47452,4.55976,0.0852324,60.0
1744878827196631.0,-199.999,-3561.15,0.995699,4.47452,4.48064,0.00611891,60.0
1744878827217182.0,-200.421,-3563.88,0.997236,4.55976,4.64504,0.0852809,60.0
1744878827237832.0,-200.421,-3563.88,0.997236,4.55976,4.42861,-0.131141,60.0
1744878827258583.0,-201.267,-3567.29,0.999168,4.64504,4.63011,-0.0149253,60.0
1744878827279552.0,-201.267,-3567.29,0.999168,4.64504,4.50366,-0.141372,60.0
1744878827300289.0,-201.689,-3570.02,1.00071,4.63011,4.59909,-0.0310229,60.0
1744878827321314.0,-201.689,-3570.02,1.00071,4.63011,4.74061,0.110497,60.0
1744878827342207.0,-201.689,-3570.02,1.00071,4.63011,4.5102,-0.119907,60.0
1744878827362819.0,-202.111,-3572.75,1.00225,4.74061,4.6416,-0.0990119,60.0
1744878827383924.0,-202.111,-3572.75,1.00225,4.74061,4.73965,-0.000962798,60.0
1744878827404709.0,-202.534,-3576.17,1.00417,4.6416,4.67557,0.0339699,60.0
1744878827425515.0,-202.534,-3576.17,1.00417,4.6416,4.50593,-0.135665,60.0
1744878827446172.0,-202.534,-3576.17,1.00417,4.6416,4.64278,0.00118293,60.0
1744878827466868.0,-202.956,-3578.9,1.00571,4.50593,4.59184,0.0859118,60.0
1744878827487528.0,-202.956,-3578.9,1.00571,4.50593,4.59052,0.0845863,60.0
1744878827508351.0,-203.378,-3581.63,1.00726,4.59184,4.58604,-0.00580619,60.0
1744878827529171.0,-203.378,-3581.63,1.00726,4.59184,4.5557,-0.036145,60.0
1744878827549981.0,-203.378,-3581.63,1.00726,4.59184,4.45104,-0.140804,60.0
1744878827570675.0,-204.224,-3585.04,1.0092,4.5557,4.51498,-0.0407172,60.0
1744878827591304.0,-204.224,-3585.04,1.0092,4.5557,4.58208,0.026386,60.0
1744878827612080.0,-204.646,-3587.77,1.01075,4.51498,4.59063,0.0756449,60.0
1744878827633115.0,-204.646,-3587.77,1.01075,4.51498,4.48303,-0.0319456,60.0
1744878827653715.0,-205.069,-3590.51,1.01229,4.59063,4.66573,0.0751022,60.0
1744878827674136.0,-205.069,-3590.51,1.01229,4.59063,4.48358,-0.107049,60.0
1744878827694976.0,-205.069,-3590.51,1.01229,4.59063,4.70642,0.115793,60.0
1744878827715709.0,-205.491,-3593.92,1.01423,4.48358,4.5339,0.0503186,60.0
1744878827736329.0,-205.491,-3593.92,1.01423,4.48358,4.48662,0.00304765,60.0
1744878827757003.0,-205.913,-3596.65,1.01578,4.5339,4.59726,0.0633604,60.0
1744878827778063.0,-205.913,-3596.65,1.01578,4.5339,4.38369,-0.15021,60.0
1744878827798926.0,-205.913,-3596.65,1.01578,4.5339,4.60459,0.0706946,60.0
1744878827819907.0,-206.335,-3599.38,1.01733,4.38369,4.36154,-0.0221433,60.0
1744878827840725.0,-206.335,-3599.38,1.01733,4.38369,4.40326,0.0195738,60.0
1744878827861358.0,-207.181,-3602.8,1.01928,4.36154,4.49931,0.13777,60.0
1744878827882063.0,-207.181,-3602.8,1.01928,4.36154,4.33697,-0.0245736,60.0
1744878827902836.0,-207.181,-3602.8,1.01928,4.36154,4.46067,0.0991312,60.0
1744878827925169.0,-207.603,-3605.53,1.02084,4.33697,4.32845,-0.00852038,60.0
1744878827946500.0,-207.603,-3605.53,1.02084,4.33697,4.44835,0.111382,60.0
1744878827967265.0,-208.026,-3608.26,1.02239,4.32845,4.4731,0.144656,60.0
1744878827988330.0,-208.026,-3608.26,1.02239,4.32845,4.36876,0.0403082,60.0
1744878828008902.0,-208.871,-3610.99,1.02396,4.4731,4.54179,0.0686879,60.0
1744878828029716.0,-208.871,-3610.99,1.02396,4.4731,4.45804,-0.0150628,60.0
1744878828050771.0,-208.871,-3610.99,1.02396,4.4731,4.52021,0.0471049,60.0
1744878828071251.0,-209.294,-3614.4,1.02591,4.45804,4.60884,0.150799,60.0
1744878828092358.0,-209.294,-3614.4,1.02591,4.45804,4.54249,0.0844501,60.0
1744878828113201.0,-209.716,-3617.13,1.02747,4.60884,4.66782,0.0589756,60.0
1744878828133804.0,-209.716,-3617.13,1.02747,4.60884,4.49167,-0.117169,60.0
1744878828154462.0,-209.716,-3617.13,1.02747,4.60884,4.49489,-0.113952,60.0
1744878828175305.0,-210.562,-3619.87,1.02904,4.49167,4.40334,-0.0883298,60.0
1744878828196131.0,-210.562,-3619.87,1.02904,4.49167,4.48607,-0.00560501,60.0
1744878828217126.0,-210.984,-3623.28,1.03099,4.40334,4.49612,0.092776,60.0
1744878828238069.0,-210.984,-3623.28,1.03099,4.40334,4.51781,0.114469,60.0
1744878828258468.0,-210.984,-3623.28,1.03099,4.40334,4.46649,0.063153,60.0
1744878828279446.0,-211.83,-3626.01,1.03257,4.51781,4.54122,0.0234076,60.0
1744878828300263.0,-211.83,-3626.01,1.03257,4.51781,4.61391,0.0960976,60.0
1744878828320679.0,-212.252,-3628.74,1.03413,4.54122,4.58248,0.0412596,60.0
1744878828341304.0,-212.252,-3628.74,1.03413,4.54122,4.70478,0.163562,60.0
1744878828362361.0,-212.674,-3632.16,1.03609,4.58248,4.71142,0.128939,60.0
1744878828383385.0,-212.674,-3632.16,1.03609,4.58248,4.42561,-0.156866,60.0
1744878828404292.0,-212.674,-3632.16,1.03609,4.58248,4.6413,0.0588267,60.0
1744878828424860.0,-213.52,-3634.89,1.03767,4.42561,4.58025,0.154643,60.0
1744878828445867.0,-213.52,-3634.89,1.03767,4.42561,4.43791,0.0123012,60.0
1744878828466679.0,-213.942,-3637.62,1.03924,4.58025,4.49523,-0.0850257,60.0
1744878828487506.0,-213.942,-3637.62,1.03924,4.58025,4.44476,-0.135498,60.0
1744878828508270.0,-213.942,-3637.62,1.03924,4.58025,4.50969,-0.0705657,60.0
1744878828529926.0,-214.788,-3641.03,1.04121,4.44476,4.52236,0.0776056,60.0
1744878828550958.0,-214.788,-3641.03,1.04121,4.44476,4.38744,-0.0573159,60.0
1744878828571559.0,-215.21,-3643.76,1.04278,4.52236,4.63456,0.112202,60.0
1744878828594575.0,-215.21,-3643.76,1.04278,4.52236,4.48906,-0.0333055,60.0
1744878828615197.0,-216.056,-3646.49,1.04437,4.63456,4.69549,0.0609304,60.0
1744878828636109.0,-216.056,-3646.49,1.04437,4.63456,4.65154,0.0169814,60.0
1744878828657052.0,-216.056,-3646.49,1.04437,4.63456,4.62464,-0.00992761,60.0
1744878828677961.0,-216.478,-3649.23,1.04594,4.65154,4.50469,-0.146852,60.0
1744878828698858.0,-216.478,-3649.23,1.04594,4.65154,4.57601,-0.0755306,60.0
1744878828719522.0,-216.9,-3652.64,1.04791,4.50469,4.59287,0.0881766,60.0
1744878828740521.0,-216.9,-3652.64,1.04791,4.50469,4.49717,-0.00752683,60.0
1744878828761312.0,-216.9,-3652.64,1.04791,4.50469,4.3477,-0.156995,60.0
1744878828782351.0,-217.746,-3655.37,1.0495,4.49717,4.58036,0.0831962,60.0
1744878828803402.0,-217.746,-3655.37,1.0495,4.49717,4.54199,0.0448281,60.0
1744878828824080.0,-218.168,-3658.1,1.05108,4.58036,4.62543,0.0450684,60.0
1744878828845040.0,-218.168,-3658.1,1.05108,4.58036,4.73456,0.154201,60.0
1744878828865551.0,-218.168,-3658.1,1.05108,4.58036,4.71345,0.133089,60.0
1744878828886616.0,-218.591,-3661.52,1.05305,4.73456,4.6859,-0.0486623,60.0
1744878828907159.0,-218.591,-3661.52,1.05305,4.73456,4.66134,-0.0732207,60.0
1744878828928532.0,-219.013,-3664.25,1.05463,4.6859,4.53744,-0.148466,60.0
1744878828949167.0,-219.013,-3664.25,1.05463,4.6859,4.55042,-0.135476,60.0
1744878828970047.0,-219.859,-3666.98,1.05623,4.53744,4.45835,-0.079084,60.0
1744878828990982.0,-219.859,-3666.98,1.05623,4.53744,4.55979,0.0223594,60.0
1744878829011760.0,-219.859,-3666.98,1.05623,4.53744,4.51967,-0.0177607,60.0
1744878829032431.0,-220.281,-3670.39,1.0582,4.55979,4.52807,-0.0317264,60.0
1744878829053312.0,-220.281,-3670.39,1.0582,4.55979,4.63295,0.0731564,60.0
1744878829073954.0,-220.703,-3673.12,1.05979,4.52807,4.49972,-0.0283501,60.0
1744878829096762.0,-220.703,-3673.12,1.05979,4.52807,4.55252,0.0244523,60.0
1744878829117021.0,-220.703,-3673.12,1.05979,4.52807,4.55775,0.0296778,60.0
1744878829137966.0,-221.125,-3675.85,1.06137,4.55252,4.4056,-0.146917,60.0
1744878829158619.0,-221.125,-3675.85,1.06137,4.55252,4.60784,0.0553149,60.0
1744878829179732.0,-221.971,-3679.27,1.06337,4.4056,4.55379,0.14819,60.0
1744878829200582.0,-221.971,-3679.27,1.06337,4.4056,4.45125,0.0456437,60.0
1744878829221372.0,-222.393,-3682.0,1.06495,4.55379,4.61277,0.058979,60.0
1744878829242361.0,-222.393,-3682.0,1.06495,4.55379,4.5624,0.00860396,60.0
1744878829263045.0,-222.393,-3682.0,1.06495,4.55379,4.40519,-0.148603,60.0
1744878829283662.0,-222.816,-3684.73,1.06654,4.5624,4.63124,0.0688417,60.0
1744878829304501.0,-222.816,-3684.73,1.06654,4.5624,4.68685,0.124449,60.0
1744878829325180.0,-223.238,-3688.14,1.06853,4.63124,4.70027,0.0690342,60.0
1744878829345830.0,-223.238,-3688.14,1.06853,4.63124,4.56971,-0.0615264,60.0
1744878829366868.0,-223.238,-3688.14,1.06853,4.63124,4.52212,-0.109119,60.0
1744878829387730.0,-223.66,-3690.88,1.07012,4.56971,4.67919,0.109482,60.0
1744878829408149.0,-223.66,-3690.88,1.07012,4.56971,4.58708,0.017363,60.0
1744878829428931.0,-224.506,-3693.61,1.07173,4.67919,4.56663,-0.112567,60.0
1744878829449800.0,-224.506,-3693.61,1.07173,4.67919,4.59411,-0.0850826,60.0
1744878829470635.0,-224.506,-3693.61,1.07173,4.67919,4.56166,-0.117538,60.0
1744878829491341.0,-224.928,-3697.02,1.07372,4.59411,4.49395,-0.100158,60.0
1744878829511979.0,-224.928,-3697.02,1.07372,4.59411,4.60151,0.00740047,60.0
1744878829532928.0,-225.35,-3699.75,1.07531,4.49395,4.59286,0.0989059,60.0
1744878829554035.0,-225.35,-3699.75,1.07531,4.49395,4.46187,-0.0320787,60.0
1744878829574595.0,-225.35,-3699.75,1.07531,4.49395,4.65367,0.159718,60.0
1744878829595469.0,-225.772,-3702.48,1.07691,4.46187,4.56791,0.106032,60.0
1744878829616146.0,-225.772,-3702.48,1.07691,4.46187,4.60767,0.145797,60.0
1744878829637036.0,-226.194,-3705.9,1.07891,4.56791,4.53345,-0.0344536,60.0
1744878829657870.0,-226.194,-3705.9,1.07891,4.56791,4.48427,-0.0836353,60.0
1744878829678587.0,-226.194,-3705.9,1.07891,4.56791,4.52209,-0.0458181,60.0
1744878829699276.0,-226.617,-3708.63,1.08051,4.48427,4.55993,0.0756563,60.0
1744878829720230.0,-226.617,-3708.63,1.08051,4.48427,4.41713,-0.0671433,60.0
1744878829740868.0,-227.463,-3711.36,1.08212,4.55993,4.42115,-0.138778,60.0
1744878829761556.0,-227.463,-3711.36,1.08212,4.55993,4.56904,0.00911282,60.0
1744878829782673.0,-227.463,-3711.36,1.08212,4.55993,4.46635,-0.0935819,60.0
1744878829805490.0,-227.885,-3714.77,1.08412,4.56904,4.66206,0.0930204,60.0
1744878829826136.0,-227.885,-3714.77,1.08412,4.56904,4.62079,0.0517444,60.0
1744878829847045.0,-228.307,-3717.5,1.08573,4.66206,4.70741,0.0453514,60.0
1744878829867870.0,-228.307,-3717.5,1.08573,4.66206,4.60452,-0.0575419,60.0
1744878829888864.0,-228.729,-3720.24,1.08733,4.70741,4.75199,0.0445748,60.0
1744878829909779.0,-228.729,-3720.24,1.08733,4.70741,4.63271,-0.0746992,60.0
1744878829930425.0,-228.729,-3720.24,1.08733,4.70741,4.69339,-0.0140269,60.0
1744878829951199.0,-229.151,-3723.65,1.08933,4.63271,4.72492,0.0922096,60.0
1744878829972087.0,-229.151,-3723.65,1.08933,4.63271,4.52653,-0.106183,60.0
1744878829992501.0,-229.574,-3726.38,1.09094,4.72492,4.82511,0.100183,60.0
1744878830013164.0,-229.574,-3726.38,1.09094,4.72492,4.63604,-0.0888813,60.0
1744878830033907.0,-229.574,-3726.38,1.09094,4.72492,4.716,-0.00892789,60.0
1744878830054848.0,-229.996,-3729.11,1.09255,4.63604,4.5181,-0.117941,60.0
1744878830075336.0,-229.996,-3729.11,1.09255,4.63604,4.56578,-0.0702624,60.0
1744878830095883.0,-230.418,-3732.53,1.09456,4.5181,4.62225,0.104149,60.0
1744878830116702.0,-230.418,-3732.53,1.09456,4.5181,4.59334,0.0752391,60.0
1744878830137342.0,-230.84,-3735.26,1.09617,4.59334,4.64767,0.054327,60.0
1744878830158151.0,-230.84,-3735.26,1.09617,4.59334,4.44491,-0.148431,60.0
1744878830178766.0,-230.84,-3735.26,1.09617,4.59334,4.51557,-0.0777752,60.0
1744878830199164.0,-231.263,-3737.99,1.09778,4.44491,4.42478,-0.0201332,60.0
1744878830219802.0,-231.263,-3737.99,1.09778,4.44491,4.53188,0.0869699,60.0
1744878830240595.0,-231.685,-3741.4,1.0998,4.42478,4.47099,0.0462168,60.0
1744878830261202.0,-231.685,-3741.4,1.0998,4.42478,4.57365,0.148875,60.0
1744878830281815.0,-231.685,-3741.4,1.0998,4.42478,4.41423,-0.0105414,60.0
1744878830302449.0,-232.107,-3744.13,1.10141,4.57365,4.64719,0.0735349,60.0
1744878830323382.0,-232.107,-3744.13,1.10141,4.57365,4.46447,-0.109181,60.0
1744878830343818.0,-232.529,-3746.86,1.10303,4.64719,4.53534,-0.111846,60.0
1744878830364521.0,-232.529,-3746.86,1.10303,4.64719,4.52842,-0.118768,60.0
1744878830385446.0,-232.529,-3746.86,1.10303,4.64719,4.52872,-0.118466,60.0
1744878830406111.0,-233.375,-3750.28,1.10507,4.52842,4.62304,0.0946271,60.0
1744878830426746.0,-233.375,-3750.28,1.10507,4.52842,4.44255,-0.0858648,60.0
1744878830447705.0,-233.797,-3753.01,1.10668,4.62304,4.54413,-0.0789136,60.0
1744878830468368.0,-233.797,-3753.01,1.10668,4.62304,4.67846,0.055413,60.0
1744878830488742.0,-233.797,-3753.01,1.10668,4.62304,4.60333,-0.0197098,60.0
1744878830509416.0,-234.219,-3756.42,1.10871,4.67846,4.71693,0.0384736,60.0
1744878830530426.0,-234.219,-3756.42,1.10871,4.67846,4.63656,-0.0418978,60.0
1744878830551217.0,-234.641,-3759.15,1.11033,4.71693,4.61632,-0.100607,60.0
1744878830571709.0,-234.641,-3759.15,1.11033,4.71693,4.56284,-0.154088,60.0
1744878830592529.0,-234.641,-3759.15,1.11033,4.71693,4.61086,-0.106074,60.0
1744878830613308.0,-235.064,-3761.89,1.11195,4.56284,4.45349,-0.109354,60.0
1744878830634264.0,-235.064,-3761.89,1.11195,4.56284,4.56649,0.00364779,60.0
1744878830654933.0,-235.486,-3765.3,1.11398,4.45349,4.46971,0.0162181,60.0
1744878830675650.0,-235.486,-3765.3,1.11398,4.45349,4.47447,0.0209852,60.0
1744878830696480.0,-235.908,-3768.03,1.1156,4.46971,4.60181,0.132101,60.0
1744878830717258.0,-235.908,-3768.03,1.1156,4.46971,4.34802,-0.121688,60.0
1744878830737926.0,-235.908,-3768.03,1.1156,4.46971,4.47593,0.0062263,60.0
1744878830758605.0,-236.33,-3770.76,1.11723,4.34802,4.39648,0.0484598,60.0
1744878830779251.0,-236.33,-3770.76,1.11723,4.34802,4.43807,0.0900491,60.0
1744878830799844.0,-236.752,-3774.18,1.11926,4.39648,4.48252,0.0860394,60.0
1744878830820714.0,-236.752,-3774.18,1.11926,4.39648,4.51577,0.119296,60.0
1744878830841335.0,-236.752,-3774.18,1.11926,4.39648,4.54911,0.152629,60.0
1744878830862450.0,-237.175,-3776.91,1.12089,4.51577,4.62587,0.110098,60.0
1744878830883546.0,-237.175,-3776.91,1.12089,4.51577,4.61711,0.101338,60.0
1744878830904333.0,-237.597,-3779.64,1.12252,4.62587,4.56814,-0.0577326,60.0
1744878830925071.0,-237.597,-3779.64,1.12252,4.62587,4.56318,-0.062691,60.0
1744878830945812.0,-237.597,-3779.64,1.12252,4.62587,4.59136,-0.0345164,60.0
1744878830966482.0,-238.019,-3783.05,1.12456,4.56318,4.55929,-0.003887,60.0
1744878830987057.0,-238.019,-3783.05,1.12456,4.56318,4.52158,-0.0416032,60.0
1744878831007713.0,-238.441,-3785.78,1.12619,4.55929,4.65756,0.0982673,60.0
1744878831028818.0,-238.441,-3785.78,1.12619,4.55929,4.62608,0.0667893,60.0
1744878831049213.0,-238.863,-3788.51,1.12783,4.62608,4.62292,-0.00316436,60.0
1744878831069839.0,-238.863,-3788.51,1.12783,4.62608,4.464,-0.162083,60.0
1744878831090239.0,-238.863,-3788.51,1.12783,4.62608,4.56394,-0.062146,60.0
1744878831110758.0,-239.709,-3791.93,1.12989,4.464,4.54836,0.0843602,60.0
1744878831131750.0,-239.709,-3791.93,1.12989,4.464,4.4315,-0.0324981,60.0
1744878831152441.0,-240.131,-3794.66,1.13152,4.54836,4.39254,-0.155821,60.0
1744878831173024.0,-240.131,-3794.66,1.13152,4.54836,4.42514,-0.123224,60.0
1744878831193702.0,-240.131,-3794.66,1.13152,4.54836,4.39405,-0.15431,60.0
1744878831214493.0,-240.554,-3797.39,1.13316,4.42514,4.27271,-0.152423,60.0
1744878831235412.0,-240.554,-3797.39,1.13316,4.42514,4.34281,-0.0823218,60.0
1744878831256032.0,-240.975,-3800.8,1.13521,4.27271,4.11222,-0.160494,60.0
1744878831276696.0,-240.975,-3800.8,1.13521,4.27271,4.1699,-0.102811,60.0
1744878831297603.0,-240.975,-3800.8,1.13521,4.27271,4.15114,-0.121569,60.0
1744878831318431.0,-241.398,-3803.54,1.13685,4.1699,4.03163,-0.138273,60.0
1744878831339314.0,-241.398,-3803.54,1.13685,4.1699,4.03348,-0.136419,60.0
1744878831359807.0,-242.244,-3806.27,1.13851,4.03163,3.89915,-0.132474,60.0
1744878831380639.0,-242.244,-3806.27,1.13851,4.03163,3.92751,-0.104119,60.0
1744878831401684.0,-242.244,-3806.27,1.13851,4.03163,4.02552,-0.00610973,60.0
1744878831422365.0,-242.666,-3809.68,1.14056,3.92751,3.85215,-0.0753562,60.0
1744878831443175.0,-242.666,-3809.68,1.14056,3.92751,3.77104,-0.15647,60.0
1744878831463642.0,-243.088,-3812.41,1.14221,3.85215,3.71133,-0.140819,60.0
1744878831484774.0,-243.088,-3812.41,1.14221,3.85215,3.69587,-0.156285,60.0
1744878831505324.0,-243.088,-3812.41,1.14221,3.85215,3.70803,-0.144127,60.0
1744878831526077.0,-243.934,-3815.14,1.14387,3.69587,3.54638,-0.149493,60.0
1744878831546937.0,-243.934,-3815.14,1.14387,3.69587,3.57171,-0.124154,60.0
1744878831567543.0,-244.356,-3817.87,1.14552,3.54638,3.41707,-0.12931,60.0
1744878831588073.0,-244.356,-3817.87,1.14552,3.54638,3.38314,-0.163236,60.0
1744878831609026.0,-245.201,-3821.29,1.14759,3.41706,3.27893,-0.138137,60.0
1744878831629673.0,-245.201,-3821.29,1.14759,3.41706,3.2897,-0.12736,60.0
1744878831650534.0,-245.201,-3821.29,1.14759,3.41706,3.29065,-0.126418,60.0
1744878831671377.0,-246.047,-3824.02,1.14926,3.2897,3.14447,-0.145234,60.0
1744878831692197.0,-246.047,-3824.02,1.14926,3.2897,3.13076,-0.158941,60.0
1744878831712891.0,-246.469,-3826.75,1.15091,3.14447,3.02336,-0.12111,60.0
1744878831733862.0,-246.469,-3826.75,1.15091,3.14447,3.00509,-0.139385,60.0
1744878831754758.0,-246.469,-3826.75,1.15091,3.14447,3.00708,-0.137393,60.0
1744878831775531.0,-247.315,-3830.17,1.15299,3.00509,2.88061,-0.124481,60.0
1744878831795929.0,-247.315,-3830.17,1.15299,3.00509,2.85653,-0.148552,60.0
1744878831816716.0,-248.161,-3832.9,1.15466,2.8806,2.81661,-0.0639916,60.0
1744878831837344.0,-248.161,-3832.9,1.15466,2.8806,2.71656,-0.164041,60.0
1744878831858165.0,-248.161,-3832.9,1.15466,2.8806,2.77016,-0.110441,60.0
1744878831878872.0,-249.006,-3835.63,1.15633,2.71656,2.64843,-0.0681304,60.0
1744878831900191.0,-249.006,-3835.63,1.15633,2.71656,2.83539,0.118822,60.0
1744878831921071.0,-249.852,-3838.36,1.15801,2.64843,2.76768,0.119241,60.0
1744878831941439.0,-249.852,-3838.36,1.15801,2.64843,2.71879,0.0703562,60.0
1744878831962283.0,-250.698,-3841.09,1.15968,2.76767,2.78955,0.0218728,60.0
1744878831983114.0,-250.698,-3841.09,1.15968,2.76767,2.62497,-0.142707,60.0
1744878832004057.0,-250.698,-3841.09,1.15968,2.76767,2.72498,-0.0426986,60.0
1744878832024507.0,-251.544,-3844.5,1.16177,2.62497,2.63491,0.00994295,60.0
1744878832045122.0,-251.544,-3844.5,1.16177,2.62497,2.71037,0.0854008,60.0
1744878832065802.0,-252.389,-3847.24,1.16344,2.63491,2.49521,-0.139703,60.0
1744878832086627.0,-252.389,-3847.24,1.16344,2.63491,2.5868,-0.0481156,60.0
1744878832107325.0,-252.389,-3847.24,1.16344,2.63491,2.57629,-0.0586192,60.0
1744878832127984.0,-253.235,-3849.97,1.16512,2.5868,2.44024,-0.146551,60.0
1744878832148965.0,-253.235,-3849.97,1.16512,2.5868,2.62613,0.0393385,60.0
1744878832169390.0,-254.504,-3852.7,1.16682,2.44024,2.37806,-0.0621812,60.0
1744878832190055.0,-254.504,-3852.7,1.16682,2.44024,2.54695,0.106703,60.0
1744878832210740.0,-254.504,-3852.7,1.16682,2.44024,2.59394,0.153694,60.0
1744878832231632.0,-255.35,-3855.43,1.1685,2.54695,2.49097,-0.055975,60.0
1744878832252222.0,-255.35,-3855.43,1.1685,2.54695,2.60833,0.0613857,60.0
1744878832272902.0,-256.196,-3858.84,1.1706,2.49097,2.56975,0.0787751,60.0
1744878832293710.0,-256.196,-3858.84,1.1706,2.49097,2.5937,0.102732,60.0
1744878832314223.0,-256.196,-3858.84,1.1706,2.49097,2.46642,-0.0245507,60.0
1744878832334897.0,-257.465,-3861.58,1.1723,2.5937,2.68184,0.0881349,60.0
1744878832355571.0,-257.465,-3861.58,1.1723,2.5937,2.60433,0.0106239,60.0
1744878832376349.0,-258.311,-3864.31,1.17399,2.68184,2.60651,-0.0753253,60.0
1744878832397360.0,-258.311,-3864.31,1.17399,2.68184,2.52892,-0.152924,60.0
1744878832418089.0,-259.156,-3867.04,1.17567,2.60651,2.59115,-0.0153663,60.0
1744878832438893.0,-259.156,-3867.04,1.17567,2.60651,2.62924,0.0227252,60.0
1744878832459525.0,-259.156,-3867.04,1.17567,2.60651,2.46075,-0.145761,60.0
1744878832480178.0,-260.426,-3869.77,1.17738,2.62924,2.53988,-0.0893548,60.0
1744878832501100.0,-260.426,-3869.77,1.17738,2.62924,2.50247,-0.126769,60.0
1744878832521680.0,-261.695,-3872.5,1.17909,2.53988,2.62786,0.0879706,60.0
1744878832544096.0,-261.695,-3872.5,1.17909,2.53988,2.70023,0.160349,60.0
1744878832563388.0,-261.695,-3872.5,1.17909,2.53988,2.51647,-0.023412,60.0
1744878832584472.0,-262.541,-3875.23,1.18078,2.70023,2.60632,-0.0939097,60.0
1744878832605475.0,-262.541,-3875.23,1.18078,2.70023,2.56986,-0.130373,60.0
1744878832626197.0,-263.81,-3877.96,1.18249,2.60632,2.5784,-0.0279248,60.0
1744878832647014.0,-263.81,-3877.96,1.18249,2.60632,2.6555,0.0491789,60.0
1744878832667480.0,-263.81,-3877.96,1.18249,2.60632,2.53333,-0.0729915,60.0
1744878832688293.0,-265.079,-3880.7,1.1842,2.6555,2.605,-0.0505046,60.0
1744878832708792.0,-265.079,-3880.7,1.1842,2.6555,2.60951,-0.045991,60.0
1744878832729523.0,-266.348,-3883.43,1.18591,2.605,2.70597,0.100969,60.0
1744878832750215.0,-266.348,-3883.43,1.18591,2.605,2.63713,0.0321278,60.0
1744878832771067.0,-266.348,-3883.43,1.18591,2.605,2.52826,-0.0767353,60.0
1744878832791756.0,-267.194,-3886.16,1.18761,2.63713,2.53637,-0.100759,60.0
1744878832812465.0,-267.194,-3886.16,1.18761,2.63713,2.52173,-0.115395,60.0
1744878832833034.0,-268.463,-3888.89,1.18932,2.53637,2.60039,0.0640205,60.0
1744878832853859.0,-268.463,-3888.89,1.18932,2.53637,2.57853,0.042162,60.0
1744878832874609.0,-269.733,-3891.62,1.19104,2.60039,2.49969,-0.100702,60.0
1744878832895183.0,-269.733,-3891.62,1.19104,2.60039,2.55224,-0.0481499,60.0
1744878832916018.0,-269.733,-3891.62,1.19104,2.60039,2.58624,-0.0141483,60.0
1744878832937032.0,-271.002,-3894.35,1.19276,2.55224,2.53407,-0.018168,60.0
1744878832957593.0,-271.002,-3894.35,1.19276,2.55224,2.52279,-0.0294503,60.0
1744878832978286.0,-272.271,-3897.09,1.19448,2.53407,2.48088,-0.0531955,60.0
1744878832998840.0,-272.271,-3897.09,1.19448,2.53407,2.52061,-0.013457,60.0
1744878833019566.0,-272.271,-3897.09,1.19448,2.53407,2.6546,0.120531,60.0
1744878833040300.0,-273.964,-3899.82,1.19622,2.52061,2.4221,-0.0985098,60.0
1744878833061033.0,-273.964,-3899.82,1.19622,2.52061,2.51435,-0.00625999,60.0
1744878833081806.0,-275.233,-3902.55,1.19794,2.4221,2.46107,0.0389707,60.0
1744878833102575.0,-275.233,-3902.55,1.19794,2.4221,2.5694,0.147291,60.0
1744878833123253.0,-275.233,-3902.55,1.19794,2.4221,2.54058,0.118479,60.0
1744878833144012.0,-276.503,-3905.28,1.19967,2.5694,2.5472,-0.0221921,60.0
1744878833164582.0,-276.503,-3905.28,1.19967,2.5694,2.59082,0.0214226,60.0
1744878833185367.0,-277.772,-3908.01,1.20139,2.5472,2.56051,0.0133044,60.0
1744878833206034.0,-277.772,-3908.01,1.20139,2.5472,2.58334,0.0361328,60.0
1744878833226846.0,-279.465,-3910.74,1.20314,2.56051,2.51832,-0.042191,60.0
1744878833247481.0,-279.465,-3910.74,1.20314,2.56051,2.51775,-0.0427535,60.0
1744878833268327.0,-279.465,-3910.74,1.20314,2.56051,2.4607,-0.0998107,60.0
1744878833288985.0,-280.734,-3913.47,1.20487,2.51775,2.62362,0.10587,60.0
1744878833309679.0,-280.734,-3913.47,1.20487,2.51775,2.58615,0.0683919,60.0
1744878833330406.0,-282.427,-3915.52,1.2062,2.62362,2.54692,-0.0767022,60.0
1744878833351135.0,-282.427,-3915.52,1.2062,2.62362,2.65026,0.0266336,60.0
1744878833371967.0,-282.427,-3915.52,1.2062,2.62362,2.5311,-0.0925254,60.0
1744878833392873.0,-283.696,-3918.26,1.20793,2.65026,2.58131,-0.0689511,60.0
1744878833413549.0,-283.696,-3918.26,1.20793,2.65026,2.52444,-0.125817,60.0
1744878833434273.0,-285.389,-3920.99,1.20968,2.58131,2.65066,0.0693581,60.0
1744878833454990.0,-285.389,-3920.99,1.20968,2.58131,2.4935,-0.0878071,60.0
1744878833475654.0,-285.389,-3920.99,1.20968,2.58131,2.69658,0.115278,60.0
1744878833496583.0,-286.658,-3923.72,1.21141,2.4935,2.62698,0.133483,60.0
1744878833517150.0,-286.658,-3923.72,1.21141,2.4935,2.49549,0.00199368,60.0
1744878833537777.0,-288.351,-3926.45,1.21317,2.62698,2.50314,-0.123845,60.0
1744878833558490.0,-288.351,-3926.45,1.21317,2.62698,2.62835,0.00136513,60.0
1744878833579185.0,-288.351,-3926.45,1.21317,2.62698,2.47096,-0.156019,60.0
1744878833599887.0,-290.044,-3928.5,1.21451,2.62835,2.60238,-0.0259692,60.0
1744878833620768.0,-290.044,-3928.5,1.21451,2.62835,2.5261,-0.102244,60.0
1744878833641530.0,-291.313,-3931.23,1.21624,2.60238,2.52812,-0.0742543,60.0
1744878833662103.0,-291.313,-3931.23,1.21624,2.60238,2.67507,0.0726969,60.0
1744878833682706.0,-293.006,-3933.96,1.218,2.52812,2.47104,-0.0570869,60.0
1744878833703418.0,-293.006,-3933.96,1.218,2.52812,2.61214,0.0840137,60.0
1744878833724209.0,-293.006,-3933.96,1.218,2.52812,2.41291,-0.115218,60.0
1744878833744944.0,-294.699,-3936.01,1.21934,2.61214,2.49497,-0.117165,60.0
1744878833765776.0,-294.699,-3936.01,1.21934,2.61214,2.61204,-9.99823e-05,60.0
1744878833786285.0,-296.392,-3938.74,1.22111,2.49497,2.55715,0.0621741,60.0
1744878833807266.0,-296.392,-3938.74,1.22111,2.49497,2.52614,0.031169,60.0
1744878833827612.0,-296.392,-3938.74,1.22111,2.49497,2.58622,0.0912437,60.0
1744878833848554.0,-298.084,-3941.48,1.22287,2.52614,2.42213,-0.10401,60.0
1744878833869087.0,-298.084,-3941.48,1.22287,2.52614,2.57167,0.0455304,60.0
1744878833890121.0,-299.777,-3943.52,1.22421,2.42213,2.58543,0.163296,60.0
1744878833910946.0,-299.777,-3943.52,1.22421,2.42213,2.43978,0.017646,60.0
1744878833931409.0,-299.777,-3943.52,1.22421,2.42213,2.37496,-0.0471723,60.0
1744878833952230.0,-301.47,-3946.26,1.22598,2.43978,2.55334,0.113565,60.0
1744878833972898.0,-301.47,-3946.26,1.22598,2.43978,2.51419,0.0744152,60.0
1744878833993535.0,-303.163,-3948.99,1.22775,2.55334,2.67038,0.117039,60.0
1744878834014247.0,-303.163,-3948.99,1.22775,2.55334,2.406,-0.147339,60.0
1744878834034970.0,-303.163,-3948.99,1.22775,2.55334,2.56032,0.00697388,60.0
1744878834055804.0,-304.856,-3951.04,1.2291,2.406,2.54961,0.143609,60.0
1744878834076333.0,-304.856,-3951.04,1.2291,2.406,2.33601,-0.0699905,60.0
1744878834097129.0,-306.549,-3953.77,1.23087,2.54961,2.68811,0.138496,60.0
1744878834117944.0,-306.549,-3953.77,1.23087,2.54961,2.50192,-0.0476945,60.0
1744878834138447.0,-308.242,-3955.82,1.23222,2.68811,2.62412,-0.0639915,60.0
1744878834159006.0,-308.242,-3955.82,1.23222,2.68811,2.64667,-0.0414348,60.0
1744878834179776.0,-308.242,-3955.82,1.23222,2.68811,2.53126,-0.156851,60.0
1744878834200465.0,-310.358,-3958.55,1.23401,2.64667,2.58756,-0.0591175,60.0
1744878834221081.0,-310.358,-3958.55,1.23401,2.64667,2.73864,0.0919704,60.0
1744878834241798.0,-312.051,-3960.6,1.23537,2.58756,2.57029,-0.017271,60.0
1744878834262445.0,-312.051,-3960.6,1.23537,2.58756,2.49811,-0.0894503,60.0
1744878834283195.0,-312.051,-3960.6,1.23537,2.58756,2.55895,-0.0286045,60.0
1744878834304008.0,-313.744,-3963.33,1.23714,2.49811,2.64391,0.145801,60.0
1744878834324415.0,-313.744,-3963.33,1.23714,2.49811,2.51317,0.0150666,60.0
1744878834345288.0,-315.86,-3965.38,1.23852,2.64391,2.52245,-0.121458,60.0
1744878834365648.0,-315.86,-3965.38,1.23852,2.64391,2.62451,-0.0194003,60.0
1744878834386454.0,-315.86,-3965.38,1.23852,2.64391,2.65129,0.00738364,60.0
1744878834407409.0,-317.553,-3968.11,1.2403,2.62451,2.53023,-0.0942781,60.0
1744878834428093.0,-317.553,-3968.11,1.2403,2.62451,2.60922,-0.0152878,60.0
1744878834448735.0,-319.67,-3970.16,1.24168,2.53023,2.56422,0.0339942,60.0
1744878834469446.0,-319.67,-3970.16,1.24168,2.53023,2.53596,0.00572836,60.0
1744878834490186.0,-319.67,-3970.16,1.24168,2.53023,2.49383,-0.0363967,60.0
1744878834510852.0,-321.363,-3972.21,1.24304,2.53596,2.46324,-0.0727213,60.0
1744878834531602.0,-321.363,-3972.21,1.24304,2.53596,2.69404,0.158086,60.0
1744878834552230.0,-323.479,-3974.94,1.24485,2.46324,2.42105,-0.0421871,60.0
1744878834573039.0,-323.479,-3974.94,1.24485,2.46324,2.57811,0.114872,60.0
1744878834593455.0,-325.595,-3976.99,1.24623,2.42105,2.43522,0.0141686,60.0
1744878834614274.0,-325.595,-3976.99,1.24623,2.42105,2.53886,0.11781,60.0
1744878834634807.0,-325.595,-3976.99,1.24623,2.42105,2.34611,-0.07494,60.0
1744878834655599.0,-327.289,-3979.04,1.24759,2.53886,2.60989,0.0710323,60.0
1744878834676285.0,-327.289,-3979.04,1.24759,2.53886,2.58338,0.0445243,60.0
1744878834696989.0,-329.405,-3981.77,1.2494,2.60989,2.48643,-0.123463,60.0
1744878834717649.0,-329.405,-3981.77,1.2494,2.60989,2.47906,-0.13083,60.0
1744878834738252.0,-329.405,-3981.77,1.2494,2.60989,2.48752,-0.122372,60.0
1744878834758935.0,-331.521,-3983.82,1.25079,2.47906,2.61452,0.135459,60.0
1744878834779615.0,-331.521,-3983.82,1.25079,2.47906,2.39385,-0.0852097,60.0
1744878834800433.0,-333.638,-3985.87,1.25218,2.61452,2.61759,0.00306585,60.0
1744878834821047.0,-333.638,-3985.87,1.25218,2.61452,2.45255,-0.161971,60.0
1744878834841784.0,-333.638,-3985.87,1.25218,2.61452,2.72151,0.106989,60.0
1744878834862373.0,-335.331,-3987.92,1.25355,2.45255,2.4069,-0.0456469,60.0
1744878834883182.0,-335.331,-3987.92,1.25355,2.45255,2.58552,0.132972,60.0
1744878834904029.0,-337.447,-3989.97,1.25494,2.4069,2.49375,0.0868441,60.0
1744878834924790.0,-337.447,-3989.97,1.25494,2.4069,2.53669,0.129786,60.0
1744878834945519.0,-337.447,-3989.97,1.25494,2.4069,2.54233,0.135431,60.0
1744878834966182.0,-339.564,-3992.7,1.25676,2.53669,2.69233,0.155639,60.0
1744878834986596.0,-339.564,-3992.7,1.25676,2.53669,2.69122,0.154528,60.0
1744878835007275.0,-341.68,-3994.75,1.25815,2.69233,2.53112,-0.161207,60.0
1744878835028050.0,-341.68,-3994.75,1.25815,2.69233,2.65899,-0.0333359,60.0
1744878835048967.0,-343.797,-3996.8,1.25955,2.65899,2.49571,-0.163282,60.0
1744878835069507.0,-343.797,-3996.8,1.25955,2.65899,2.56339,-0.0955994,60.0
1744878835090178.0,-343.797,-3996.8,1.25955,2.65899,2.59202,-0.0669735,60.0
1744878835110889.0,-345.913,-3998.85,1.26095,2.56339,2.5861,0.0227107,60.0
1744878835131507.0,-345.913,-3998.85,1.26095,2.56339,2.4976,-0.0657961,60.0
1744878835152342.0,-348.03,-4000.9,1.26234,2.5861,2.62089,0.0347923,60.0
1744878835173184.0,-348.03,-4000.9,1.26234,2.5861,2.64674,0.060635,60.0
1744878835193896.0,-348.03,-4000.9,1.26234,2.5861,2.45978,-0.126326,60.0
1744878835214631.0,-350.57,-4002.95,1.26377,2.64674,2.50095,-0.145791,60.0
1744878835235454.0,-350.57,-4002.95,1.26377,2.64674,2.64632,-0.00041706,60.0
1744878835255941.0,-352.686,-4005.0,1.26517,2.50095,2.58724,0.0862898,60.0
1744878835276862.0,-352.686,-4005.0,1.26517,2.50095,2.36053,-0.140417,60.0
1744878835297542.0,-352.686,-4005.0,1.26517,2.50095,2.44647,-0.0544781,60.0
1744878835318140.0,-354.803,-4007.05,1.26657,2.36053,2.52347,0.162938,60.0
1744878835338890.0,-354.803,-4007.05,1.26657,2.36053,2.4775,0.116967,60.0
1744878835359635.0,-356.919,-4009.09,1.26798,2.52347,2.62496,0.101492,60.0
1744878835380231.0,-356.919,-4009.09,1.26798,2.52347,2.42256,-0.100907,60.0
1744878835401051.0,-356.919,-4009.09,1.26798,2.52347,2.4576,-0.0658675,60.0
1744878835422124.0,-359.46,-4011.14,1.26941,2.42256,2.50362,0.0810596,60.0
1744878835442698.0,-359.46,-4011.14,1.26941,2.42256,2.41341,-0.00914654,60.0
1744878835463273.0,-361.576,-4013.19,1.27081,2.50362,2.53531,0.0316917,60.0
1744878835483912.0,-361.576,-4013.19,1.27081,2.50362,2.38725,-0.116365,60.0
1744878835504598.0,-361.576,-4013.19,1.27081,2.50362,2.48908,-0.0145413,60.0
1744878835525313.0,-363.693,-4014.56,1.27179,2.38725,2.54039,0.153138,60.0
1744878835546291.0,-363.693,-4014.56,1.27179,2.38725,2.38632,-0.000935351,60.0
1744878835566948.0,-366.233,-4016.61,1.27323,2.54039,2.43435,-0.106042,60.0
1744878835587417.0,-366.233,-4016.61,1.27323,2.54039,2.64715,0.106761,60.0
1744878835608340.0,-368.349,-4018.66,1.27464,2.43435,2.39297,-0.0413831,60.0
1744878835629075.0,-368.349,-4018.66,1.27464,2.43435,2.51735,0.0829988,60.0
1744878835649700.0,-368.349,-4018.66,1.27464,2.43435,2.33743,-0.0969179,60.0
1744878835670273.0,-370.889,-4020.71,1.27607,2.51735,2.49938,-0.0179708,60.0
1744878835690993.0,-370.889,-4020.71,1.27607,2.51735,2.58767,0.0703186,60.0
1744878835711780.0,-373.006,-4022.76,1.27749,2.49938,2.554,0.0546222,60.0
1744878835732391.0,-373.006,-4022.76,1.27749,2.49938,2.50392,0.00454102,60.0
1744878835753103.0,-373.006,-4022.76,1.27749,2.49938,2.57496,0.0755854,60.0
1744878835773829.0,-375.546,-4024.12,1.2785,2.50392,2.49989,-0.00403248,60.0
1744878835794528.0,-375.546,-4024.12,1.2785,2.50392,2.63329,0.12937,60.0
1744878835815056.0,-377.663,-4026.17,1.27991,2.49989,2.56931,0.0694254,60.0
1744878835835761.0,-377.663,-4026.17,1.27991,2.49989,2.5493,0.049413,60.0
1744878835856536.0,-377.663,-4026.17,1.27991,2.49989,2.64669,0.146808,60.0
1744878835877168.0,-380.203,-4028.22,1.28136,2.5493,2.46598,-0.0833186,60.0
1744878835898160.0,-380.203,-4028.22,1.28136,2.5493,2.56427,0.0149742,60.0
1744878835919331.0,-382.743,-4029.59,1.28237,2.46598,2.34366,-0.122323,60.0
1744878835939424.0,-382.743,-4029.59,1.28237,2.46598,2.54002,0.0740395,60.0
1744878835960082.0,-382.743,-4029.59,1.28237,2.46598,2.58378,0.117795,60.0
1744878835980911.0,-384.86,-4031.64,1.28379,2.54002,2.45758,-0.0824398,60.0
1744878836001908.0,-384.86,-4031.64,1.28379,2.54002,2.46641,-0.0736103,60.0
1744878836022306.0,-387.4,-4033.69,1.28524,2.45758,2.49022,0.0326435,60.0
1744878836043442.0,-387.4,-4033.69,1.28524,2.45758,2.50762,0.0500424,60.0
1744878836067580.0,-389.94,-4035.05,1.28626,2.49022,2.46795,-0.0222785,60.0
1744878836084670.0,-389.94,-4035.05,1.28626,2.49022,2.63307,0.142844,60.0
1744878836105265.0,-389.94,-4035.05,1.28626,2.49022,2.49764,0.00741902,60.0
1744878836126266.0,-392.48,-4037.1,1.28771,2.63307,2.73362,0.100555,60.0
1744878836146850.0,-392.48,-4037.1,1.28771,2.63307,2.55514,-0.0779254,60.0
1744878836167681.0,-395.021,-4038.47,1.28873,2.73362,2.64027,-0.0933561,60.0
1744878836188158.0,-395.021,-4038.47,1.28873,2.73362,2.60433,-0.129294,60.0
1744878836209121.0,-395.021,-4038.47,1.28873,2.73362,2.5967,-0.136918,60.0
1744878836229662.0,-397.137,-4040.52,1.29016,2.60433,2.45082,-0.15351,60.0
1744878836250524.0,-397.137,-4040.52,1.29016,2.60433,2.51493,-0.0894028,60.0
1744878836271514.0,-399.677,-4041.89,1.29118,2.45082,2.52199,0.0711712,60.0
1744878836292160.0,-399.677,-4041.89,1.29118,2.45082,2.54766,0.0968454,60.0
1744878836312853.0,-399.677,-4041.89,1.29118,2.45082,2.47112,0.0202986,60.0
1744878836333330.0,-402.218,-4043.25,1.29221,2.54766,2.51798,-0.0296799,60.0
1744878836354186.0,-402.218,-4043.25,1.29221,2.54766,2.53541,-0.0122528,60.0
1744878836374999.0,-404.758,-4045.3,1.29367,2.51798,2.56115,0.0431644,60.0
1744878836396461.0,-404.758,-4045.3,1.29367,2.51798,2.6243,0.106317,60.0
1744878836417073.0,-407.298,-4046.67,1.29469,2.56115,2.47296,-0.0881849,60.0
1744878836437756.0,-407.298,-4046.67,1.29469,2.56115,2.43198,-0.129171,60.0
1744878836458445.0,-407.298,-4046.67,1.29469,2.56115,2.48276,-0.0783912,60.0
1744878836479336.0,-409.839,-4048.04,1.29572,2.43198,2.49129,0.0593099,60.0
1744878836500069.0,-409.839,-4048.04,1.29572,2.43198,2.42347,-0.00851012,60.0
1744878836520825.0,-412.379,-4050.09,1.29719,2.49129,2.55023,0.0589452,60.0
1744878836541516.0,-412.379,-4050.09,1.29719,2.49129,2.49379,0.002504,60.0
1744878836562126.0,-412.379,-4050.09,1.29719,2.49129,2.52271,0.0314235,60.0
1744878836582717.0,-414.919,-4051.45,1.29822,2.49379,2.55024,0.0564511,60.0
1744878836603371.0,-414.919,-4051.45,1.29822,2.49379,2.39439,-0.0994047,60.0
1744878836624088.0,-417.459,-4052.82,1.29925,2.55024,2.4721,-0.0781378,60.0
1744878836644691.0,-417.459,-4052.82,1.29925,2.55024,2.70493,0.154684,60.0
1744878836665480.0,-417.459,-4052.82,1.29925,2.55024,2.41974,-0.130502,60.0
1744878836686158.0,-420.423,-4054.19,1.30031,2.70493,2.54453,-0.160401,60.0
1744878836706866.0,-420.423,-4054.19,1.30031,2.70493,2.58935,-0.115579,60.0
1744878836727539.0,-422.963,-4055.55,1.30135,2.54452,2.42177,-0.122754,60.0
1744878836748107.0,-422.963,-4055.55,1.30135,2.54452,2.66849,0.123968,60.0
1744878836768814.0,-422.963,-4055.55,1.30135,2.54452,2.43886,-0.105666,60.0
1744878836789445.0,-425.503,-4057.6,1.30282,2.66849,2.59146,-0.0770321,60.0
1744878836810616.0,-425.503,-4057.6,1.30282,2.66849,2.70293,0.0344321,60.0
1744878836831235.0,-428.044,-4058.97,1.30386,2.59146,2.48203,-0.109428,60.0
1744878836851812.0,-428.044,-4058.97,1.30386,2.59146,2.66435,0.0728907,60.0
1744878836872723.0,-431.008,-4060.34,1.30493,2.48203,2.57536,0.0933315,60.0
1744878836893673.0,-431.008,-4060.34,1.30493,2.48203,2.40629,-0.0757415,60.0
1744878836914373.0,-431.008,-4060.34,1.30493,2.48203,2.49426,0.0122223,60.0
1744878836935007.0,-433.548,-4061.7,1.30597,2.40629,2.45061,0.0443229,60.0
1744878836955522.0,-433.548,-4061.7,1.30597,2.40629,2.33867,-0.0676246,60.0
1744878836976517.0,-436.088,-4063.07,1.30701,2.45061,2.50058,0.0499611,60.0
1744878836996904.0,-436.088,-4063.07,1.30701,2.45061,2.52483,0.0742147,60.0
1744878837017626.0,-436.088,-4063.07,1.30701,2.45061,2.53819,0.0875769,60.0
1744878837038557.0,-438.629,-4064.44,1.30806,2.52483,2.50997,-0.0148546,60.0
1744878837059052.0,-438.629,-4064.44,1.30806,2.52483,2.36232,-0.162505,60.0
1744878837079802.0,-441.593,-4065.8,1.30913,2.50997,2.57747,0.0674937,60.0
1744878837100430.0,-441.593,-4065.8,1.30913,2.50997,2.42999,-0.0799884,60.0
1744878837121098.0,-441.593,-4065.8,1.30913,2.50997,2.54558,0.035601,60.0
1744878837141820.0,-444.133,-4066.49,1.30974,2.42999,2.39883,-0.0311554,60.0
1744878837162541.0,-444.133,-4066.49,1.30974,2.42999,2.54329,0.113306,60.0
1744878837183179.0,-447.097,-4067.85,1.31082,2.39883,2.55006,0.151228,60.0
1744878837203895.0,-447.097,-4067.85,1.31082,2.39883,2.50535,0.106519,60.0
1744878837224562.0,-447.097,-4067.85,1.31082,2.39883,2.53217,0.133343,60.0
1744878837245363.0,-449.637,-4069.22,1.31187,2.50535,2.53804,0.0326884,60.0
1744878837265986.0,-449.637,-4069.22,1.31187,2.50535,2.43696,-0.0683884,60.0
1744878837286970.0,-452.601,-4070.59,1.31295,2.53804,2.56713,0.029096,60.0
1744878837307741.0,-452.601,-4070.59,1.31295,2.53804,2.5087,-0.0293408,60.0
1744878837328083.0,-452.601,-4070.59,1.31295,2.53804,2.51721,-0.0208226,60.0
1744878837349133.0,-455.142,-4071.95,1.314,2.5087,2.35421,-0.154492,60.0
1744878837369536.0,-455.142,-4071.95,1.314,2.5087,2.58131,0.0726104,60.0
1744878837390213.0,-458.106,-4072.64,1.31465,2.35421,2.4652,0.110996,60.0
1744878837411279.0,-458.106,-4072.64,1.31465,2.35421,2.41339,0.0591833,60.0
1744878837432247.0,-460.646,-4074.0,1.31571,2.4652,2.54748,0.0822777,60.0
1744878837453049.0,-460.646,-4074.0,1.31571,2.4652,2.61252,0.14732,60.0
1744878837473717.0,-460.646,-4074.0,1.31571,2.4652,2.48425,0.0190526,60.0
1744878837494557.0,-463.61,-4075.37,1.31679,2.61252,2.4641,-0.148422,60.0
1744878837515051.0,-463.61,-4075.37,1.31679,2.61252,2.52501,-0.0875099,60.0
1744878837535769.0,-466.151,-4076.06,1.31742,2.4641,2.50514,0.0410431,60.0
1744878837556699.0,-466.151,-4076.06,1.31742,2.4641,2.62447,0.160368,60.0
1744878837577362.0,-466.151,-4076.06,1.31742,2.4641,2.52851,0.0644101,60.0
1744878837597829.0,-469.114,-4077.42,1.31851,2.62447,2.49533,-0.129135,60.0
1744878837618479.0,-469.114,-4077.42,1.31851,2.62447,2.50581,-0.118658,60.0
1744878837639424.0,-471.655,-4078.79,1.31957,2.49533,2.58224,0.0869042,60.0
1744878837660106.0,-471.655,-4078.79,1.31957,2.49533,2.53716,0.0418306,60.0
1744878837680719.0,-471.655,-4078.79,1.31957,2.49533,2.49418,-0.00114844,60.0
1744878837701541.0,-474.619,-4079.47,1.32022,2.53716,2.42406,-0.113107,60.0
1744878837722128.0,-474.619,-4079.47,1.32022,2.53716,2.61326,0.0760984,60.0
1744878837742904.0,-477.583,-4080.84,1.32132,2.42406,2.57411,0.150051,60.0
1744878837763665.0,-477.583,-4080.84,1.32132,2.42406,2.41956,-0.00449084,60.0
1744878837784278.0,-480.123,-4081.52,1.32195,2.57411,2.44587,-0.128233,60.0
1744878837805153.0,-480.123,-4081.52,1.32195,2.57411,2.63885,0.064745,60.0
1744878837825833.0,-480.123,-4081.52,1.32195,2.57411,2.44626,-0.127842,60.0
1744878837846224.0,-483.087,-4082.89,1.32304,2.63885,2.53367,-0.105181,60.0
1744878837866911.0,-483.087,-4082.89,1.32304,2.63885,2.61131,-0.027542,60.0
1744878837887785.0,-486.051,-4083.58,1.32371,2.53367,2.57511,0.0414433,60.0
1744878837908691.0,-486.051,-4083.58,1.32371,2.53367,2.60881,0.0751411,60.0
1744878837929258.0,-486.051,-4083.58,1.32371,2.53367,2.62285,0.0891767,60.0
1744878837950071.0,-489.016,-4084.26,1.32437,2.60881,2.58068,-0.0281339,60.0
1744878837970771.0,-489.016,-4084.26,1.32437,2.60881,2.60481,-0.0040037,60.0
1744878837991524.0,-491.556,-4085.63,1.32544,2.58068,2.49847,-0.0822037,60.0
1744878838012228.0,-491.556,-4085.63,1.32544,2.58068,2.57734,-0.00334049,60.0
1744878838032890.0,-491.556,-4085.63,1.32544,2.58068,2.53346,-0.0472148,60.0
1744878838053733.0,-494.52,-4086.31,1.32611,2.57734,2.60603,0.0286944,60.0
1744878838074449.0,-494.52,-4086.31,1.32611,2.57734,2.52733,-0.0500107,60.0
1744878838095033.0,-497.484,-4086.99,1.32678,2.60603,2.60628,0.000246668,60.0
1744878838115775.0,-497.484,-4086.99,1.32678,2.60603,2.69938,0.0933443,60.0
1744878838136699.0,-497.484,-4086.99,1.32678,2.60603,2.51037,-0.095661,60.0
1744878838157408.0,-500.448,-4087.68,1.32745,2.69938,2.6194,-0.0799788,60.0
1744878838177954.0,-500.448,-4087.68,1.32745,2.69938,2.66044,-0.0389333,60.0
1744878838198650.0,-502.989,-4089.05,1.32852,2.6194,2.50837,-0.11103,60.0
1744878838219448.0,-502.989,-4089.05,1.32852,2.6194,2.61616,-0.00323347,60.0
1744878838240425.0,-505.953,-4089.73,1.3292,2.50837,2.49022,-0.0181442,60.0
1744878838261240.0,-505.953,-4089.73,1.3292,2.50837,2.52511,0.0167458,60.0
1744878838282297.0,-505.953,-4089.73,1.3292,2.50837,2.41922,-0.0891447,60.0
1744878838302902.0,-508.917,-4090.41,1.32987,2.52511,2.4227,-0.102417,60.0
1744878838323621.0,-508.917,-4090.41,1.32987,2.52511,2.48392,-0.0411956,60.0
1744878838344416.0,-511.881,-4091.1,1.33055,2.4227,2.52551,0.102817,60.0
1744878838365097.0,-511.881,-4091.1,1.33055,2.4227,2.34465,-0.0780454,60.0
1744878838385622.0,-511.881,-4091.1,1.33055,2.4227,2.58439,0.161696,60.0
1744878838406767.0,-514.845,-4091.78,1.33122,2.34465,2.38039,0.0357348,60.0
1744878838427303.0,-514.845,-4091.78,1.33122,2.34465,2.29668,-0.0479693,60.0
1744878838447948.0,-517.81,-4092.47,1.3319,2.38039,2.31545,-0.0649368,60.0
1744878838468536.0,-517.81,-4092.47,1.3319,2.38039,2.31157,-0.0688149,60.0
1744878838489355.0,-517.81,-4092.47,1.3319,2.38039,2.5155,0.135112,60.0
1744878838510194.0,-520.774,-4093.15,1.33258,2.31157,2.43312,0.12155,60.0
1744878838530799.0,-520.774,-4093.15,1.33258,2.31157,2.35832,0.0467449,60.0
1744878838551619.0,-520.774,-4093.15,1.33258,2.31157,2.47106,0.159489,60.0
1744878838572084.0,-523.738,-4093.83,1.33327,2.35832,2.34966,-0.00866146,60.0
1744878838593027.0,-523.738,-4093.83,1.33327,2.35832,2.42568,0.0673651,60.0
1744878838613458.0,-526.702,-4094.52,1.33395,2.34966,2.31963,-0.0300297,60.0
1744878838634480.0,-526.702,-4094.52,1.33395,2.34966,2.5096,0.159947,60.0
1744878838654904.0,-529.666,-4095.2,1.33463,2.31963,2.42757,0.107942,60.0
1744878838675764.0,-529.666,-4095.2,1.33463,2.31963,2.47903,0.159402,60.0
1744878838696496.0,-529.666,-4095.2,1.33463,2.31963,2.41395,0.0943236,60.0
1744878838717263.0,-532.207,-4095.89,1.33528,2.47903,2.55655,0.0775202,60.0
1744878838738010.0,-532.207,-4095.89,1.33528,2.47903,2.45716,-0.0218664,60.0
1744878838758424.0,-535.171,-4095.89,1.33553,2.55655,2.68025,0.123703,60.0
1744878838778929.0,-535.171,-4095.89,1.33553,2.55655,2.51229,-0.0442546,60.0
1744878838799605.0,-535.171,-4095.89,1.33553,2.55655,2.54886,-0.00768829,60.0
1744878838820330.0,-538.136,-4096.57,1.33622,2.51229,2.59349,0.0811997,60.0
1744878838841067.0,-538.136,-4096.57,1.33622,2.51229,2.45806,-0.0542297,60.0
1744878838861664.0,-541.1,-4097.26,1.33691,2.59349,2.62111,0.0276172,60.0
1744878838882334.0,-541.1,-4097.26,1.33691,2.59349,2.43103,-0.162464,60.0
1744878838903248.0,-541.1,-4097.26,1.33691,2.59349,2.59502,0.00153077,60.0
1744878838923993.0,-544.064,-4097.26,1.33717,2.43103,2.53908,0.108053,60.0
1744878838944759.0,-544.064,-4097.26,1.33717,2.43103,2.5893,0.158275,60.0
1744878838965160.0,-547.028,-4097.94,1.33786,2.53908,2.68662,0.147537,60.0
1744878838985797.0,-547.028,-4097.94,1.33786,2.53908,2.44958,-0.0894982,60.0
1744878839006540.0,-547.028,-4097.94,1.33786,2.53908,2.57225,0.0331648,60.0
1744878839027238.0,-549.993,-4098.63,1.33855,2.44958,2.53894,0.0893537,60.0
1744878839047841.0,-549.993,-4098.63,1.33855,2.44958,2.55306,0.103472,60.0
1744878839068492.0,-552.957,-4098.63,1.33881,2.53894,2.39787,-0.141065,60.0
1744878839089164.0,-552.957,-4098.63,1.33881,2.53894,2.51827,-0.0206662,60.0
1744878839109923.0,-555.921,-4099.31,1.33951,2.39787,2.39376,-0.00411292,60.0
1744878839130710.0,-555.921,-4099.31,1.33951,2.39787,2.55737,0.159497,60.0
1744878839151581.0,-555.921,-4099.31,1.33951,2.39787,2.441,0.0431304,60.0
1744878839172337.0,-559.309,-4099.31,1.33981,2.55737,2.68049,0.123117,60.0
1744878839192861.0,-559.309,-4099.31,1.33981,2.55737,2.61205,0.0546847,60.0
1744878839213424.0,-562.273,-4100.0,1.34051,2.68049,2.71193,0.031439,60.0
1744878839234150.0,-562.273,-4100.0,1.34051,2.68049,2.66168,-0.0188023,60.0
1744878839254859.0,-562.273,-4100.0,1.34051,2.68049,2.59893,-0.0815522,60.0
1744878839275548.0,-565.238,-4100.0,1.34077,2.66168,2.59237,-0.0693169,60.0
1744878839296171.0,-565.238,-4100.0,1.34077,2.66168,2.59991,-0.0617778,60.0
1744878839316831.0,-568.202,-4100.68,1.34147,2.59237,2.59151,-0.000861589,60.0
1744878839337464.0,-568.202,-4100.68,1.34147,2.59237,2.60998,0.0176092,60.0
1744878839358098.0,-568.202,-4100.68,1.34147,2.59237,2.54294,-0.0494266,60.0
1744878839378978.0,-571.166,-4100.68,1.34174,2.60998,2.64624,0.0362638,60.0
1744878839399550.0,-571.166,-4100.68,1.34174,2.60998,2.54407,-0.0659097,60.0
1744878839420272.0,-574.131,-4100.69,1.34201,2.64624,2.57078,-0.0754552,60.0
1744878839440960.0,-574.131,-4100.69,1.34201,2.64624,2.6242,-0.0220405,60.0
1744878839461618.0,-574.131,-4100.69,1.34201,2.64624,2.52804,-0.118201,60.0
1744878839482465.0,-577.095,-4101.37,1.34272,2.6242,2.71069,0.086492,60.0
1744878839502882.0,-577.095,-4101.37,1.34272,2.6242,2.5147,-0.109503,60.0
1744878839523814.0,-580.06,-4101.37,1.34299,2.71069,2.56485,-0.14584,60.0
1744878839544700.0,-580.06,-4101.37,1.34299,2.71069,2.58657,-0.12412,60.0
1744878839565231.0,-583.024,-4101.37,1.34326,2.56485,2.46135,-0.103498,60.0
1744878839586096.0,-583.024,-4101.37,1.34326,2.56485,2.56608,0.00122783,60.0
1744878839606915.0,-583.024,-4101.37,1.34326,2.56485,2.47861,-0.0862433,60.0
1744878839627465.0,-585.989,-4101.37,1.34353,2.56608,2.70439,0.138315,60.0
1744878839648026.0,-585.989,-4101.37,1.34353,2.56608,2.53729,-0.0287902,60.0
1744878839668985.0,-588.953,-4102.06,1.34424,2.70439,2.61475,-0.0896471,60.0
1744878839689329.0,-588.953,-4102.06,1.34424,2.70439,2.54274,-0.161658,60.0
1744878839710023.0,-588.953,-4102.06,1.34424,2.70439,2.6118,-0.0925899,60.0
1744878839730676.0,-591.917,-4102.06,1.34452,2.54274,2.37985,-0.162883,60.0
1744878839751464.0,-591.917,-4102.06,1.34452,2.54274,2.57226,0.0295238,60.0
1744878839772355.0,-594.882,-4102.06,1.3448,2.37985,2.4174,0.0375469,60.0
1744878839793115.0,-594.882,-4102.06,1.3448,2.37985,2.38377,0.00392083,60.0
1744878839813796.0,-594.882,-4102.06,1.3448,2.37985,2.44024,0.0603871,60.0
1744878839834416.0,-597.846,-4102.06,1.34508,2.38377,2.30646,-0.0773114,60.0
1744878839854933.0,-597.846,-4102.06,1.34508,2.38377,2.53299,0.149213,60.0
1744878839875933.0,-600.811,-4102.06,1.34536,2.30646,2.46504,0.158579,60.0
1744878839897021.0,-600.811,-4102.06,1.34536,2.30646,2.34177,0.0353086,60.0
1744878839917543.0,-600.811,-4102.06,1.34536,2.30646,2.40294,0.096479,60.0
1744878839938172.0,-604.199,-4102.07,1.34568,2.34177,2.344,0.00222411,60.0
1744878839958596.0,-604.199,-4102.07,1.34568,2.34177,2.43317,0.0914005,60.0
1744878839979168.0,-607.163,-4102.07,1.34596,2.344,2.47822,0.13423,60.0
1744878839999869.0,-607.163,-4102.07,1.34596,2.344,2.31972,-0.024271,60.0
1744878840020821.0,-607.163,-4102.07,1.34596,2.344,2.45515,0.111158,60.0
1744878840041525.0,-610.128,-4102.07,1.34625,2.31972,2.18456,-0.13516,60.0
1744878840062148.0,-610.128,-4102.07,1.34625,2.31972,2.47696,0.157238,60.0
1744878840082800.0,-613.092,-4101.39,1.34609,2.18456,2.34234,0.157772,60.0
1744878840103479.0,-613.092,-4101.39,1.34609,2.18456,2.26662,0.0820592,60.0
1744878840124178.0,-613.092,-4101.39,1.34609,2.18456,2.33967,0.155103,60.0
1744878840145185.0,-616.057,-4101.39,1.34638,2.26662,2.42793,0.161311,60.0
1744878840165792.0,-616.057,-4101.39,1.34638,2.26662,2.39003,0.123402,60.0
1744878840186539.0,-619.021,-4101.39,1.34667,2.42793,2.382,-0.0459357,60.0
1744878840207289.0,-619.021,-4101.39,1.34667,2.42793,2.5883,0.160368,60.0
1744878840228009.0,-621.986,-4101.39,1.34696,2.5883,2.47271,-0.115597,60.0
1744878840248722.0,-621.986,-4101.39,1.34696,2.5883,2.7197,0.131401,60.0
1744878840269095.0,-621.986,-4101.39,1.34696,2.5883,2.4906,-0.0977028,60.0
1744878840289755.0,-624.95,-4101.39,1.34725,2.7197,2.57805,-0.141653,60.0
1744878840310410.0,-624.95,-4101.39,1.34725,2.7197,2.60155,-0.11815,60.0
1744878840331214.0,-627.915,-4100.71,1.34711,2.57805,2.64505,0.0669967,60.0
1744878840352167.0,-627.915,-4100.71,1.34711,2.57805,2.45763,-0.120416,60.0
1744878840373032.0,-627.915,-4100.71,1.34711,2.57805,2.57118,-0.00686526,60.0
1744878840393504.0,-630.88,-4100.71,1.3474,2.45763,2.47959,0.0219516,60.0
1744878840414799.0,-630.88,-4100.71,1.3474,2.45763,2.58319,0.125552,60.0
1744878840435333.0,-633.844,-4100.71,1.3477,2.47959,2.57957,0.0999831,60.0
1744878840456250.0,-633.844,-4100.71,1.3477,2.47959,2.458,-0.021587,60.0
1744878840476659.0,-633.844,-4100.71,1.3477,2.47959,2.58108,0.101491,60.0
1744878840497501.0,-636.809,-4100.03,1.34756,2.458,2.55561,0.0976125,60.0
1744878840518275.0,-636.809,-4100.03,1.34756,2.458,2.41803,-0.039968,60.0
1744878840538933.0,-639.774,-4100.03,1.34785,2.55561,2.572,0.0163844,60.0
1744878840559945.0,-639.774,-4100.03,1.34785,2.55561,2.44162,-0.113994,60.0
1744878840580671.0,-639.774,-4100.03,1.34785,2.55561,2.58527,0.0296567,60.0
1744878840601501.0,-642.738,-4099.35,1.34772,2.44162,2.39433,-0.0472892,60.0
1744878840622398.0,-642.738,-4099.35,1.34772,2.44162,2.442,0.000381595,60.0
1744878840643031.0,-645.703,-4099.35,1.34802,2.39433,2.369,-0.0253289,60.0
1744878840663709.0,-645.703,-4099.35,1.34802,2.39433,2.54262,0.148295,60.0
1744878840684703.0,-648.668,-4098.67,1.34788,2.369,2.38266,0.0136566,60.0
1744878840705391.0,-648.668,-4098.67,1.34788,2.369,2.3052,-0.0638016,60.0
1744878840726136.0,-648.668,-4098.67,1.34788,2.369,2.4791,0.110097,60.0
1744878840746755.0,-651.632,-4097.99,1.34775,2.3052,2.46338,0.158186,60.0
1744878840767567.0,-651.632,-4097.99,1.34775,2.3052,2.25648,-0.0487218,60.0
1744878840788202.0,-654.597,-4097.99,1.34805,2.46338,2.43214,-0.0312399,60.0
1744878840808961.0,-654.597,-4097.99,1.34805,2.46338,2.54562,0.0822417,60.0
1744878840829578.0,-654.597,-4097.99,1.34805,2.46338,2.41154,-0.0518435,60.0
1744878840850222.0,-657.562,-4097.31,1.34792,2.54562,2.48743,-0.05819,60.0
1744878840871110.0,-657.562,-4097.31,1.34792,2.54562,2.51822,-0.0274063,60.0
1744878840891385.0,-660.527,-4096.63,1.34779,2.48743,2.45205,-0.0353878,60.0
1744878840912208.0,-660.527,-4096.63,1.34779,2.48743,2.52957,0.0421307,60.0
1744878840932867.0,-660.527,-4096.63,1.34779,2.48743,2.57483,0.0873951,60.0
1744878840953580.0,-663.491,-4096.63,1.3481,2.52957,2.43349,-0.0960755,60.0
1744878840974255.0,-663.491,-4096.63,1.3481,2.52957,2.38264,-0.146922,60.0
1744878840994929.0,-666.456,-4095.95,1.34797,2.43349,2.50952,0.0760348,60.0
1744878841015735.0,-666.456,-4095.95,1.34797,2.43349,2.58509,0.151599,60.0
1744878841036389.0,-666.456,-4095.95,1.34797,2.43349,2.35169,-0.0817957,60.0
1744878841057304.0,-669.421,-4095.27,1.34785,2.58509,2.55994,-0.0251471,60.0
1744878841078150.0,-669.421,-4095.27,1.34785,2.58509,2.47671,-0.108378,60.0
1744878841099034.0,-672.386,-4094.59,1.34772,2.55994,2.46183,-0.0981148,60.0
1744878841119853.0,-672.386,-4094.59,1.34772,2.55994,2.40777,-0.152167,60.0
1744878841140686.0,-675.35,-4093.91,1.3476,2.46183,2.61214,0.150313,60.0
1744878841161482.0,-675.35,-4093.91,1.3476,2.46183,2.56104,0.0992176,60.0
1744878841182328.0,-675.35,-4093.91,1.3476,2.46183,2.47786,0.0160376,60.0
1744878841203269.0,-678.315,-4093.23,1.34748,2.56104,2.439,-0.122041,60.0
1744878841224102.0,-678.315,-4093.23,1.34748,2.56104,2.4088,-0.152239,60.0
1744878841244964.0,-681.28,-4092.54,1.34736,2.439,2.58946,0.150457,60.0
1744878841265760.0,-681.28,-4092.54,1.34736,2.439,2.32631,-0.112696,60.0
1744878841286660.0,-681.28,-4092.54,1.34736,2.439,2.57584,0.136834,60.0
1744878841307805.0,-684.245,-4091.86,1.34724,2.32631,2.3421,0.0157978,60.0
1744878841328340.0,-684.245,-4091.86,1.34724,2.32631,2.48362,0.157316,60.0
1744878841349009.0,-687.21,-4091.18,1.34713,2.34211,2.28025,-0.0618502,60.0
1744878841369879.0,-687.21,-4091.18,1.34713,2.34211,2.3392,-0.00290671,60.0
1744878841390355.0,-687.21,-4091.18,1.34713,2.34211,2.30594,-0.0361643,60.0
1744878841411665.0,-690.174,-4090.5,1.34701,2.3392,2.37254,0.0333423,60.0
1744878841432570.0,-690.174,-4090.5,1.34701,2.3392,2.41504,0.0758445,60.0
1744878841453293.0,-693.139,-4089.82,1.3469,2.37254,2.37494,0.00239661,60.0
1744878841474075.0,-693.139,-4089.82,1.3469,2.37254,2.34363,-0.0289057,60.0
1744878841494800.0,-695.681,-4089.14,1.34674,2.37494,2.43808,0.0631389,60.0
1744878841515347.0,-695.681,-4089.14,1.34674,2.37494,2.30809,-0.066847,60.0
1744878841536149.0,-695.681,-4089.14,1.34674,2.37494,2.43234,0.0574072,60.0
1744878841556845.0,-698.645,-4088.46,1.34663,2.30809,2.24076,-0.0673266,60.0
1744878841577294.0,-698.645,-4088.46,1.34663,2.30809,2.39597,0.0878785,60.0
1744878841598031.0,-701.61,-4087.77,1.34652,2.24076,2.18173,-0.05903,60.0
1744878841619078.0,-701.61,-4087.77,1.34652,2.24076,2.40134,0.16058,60.0
1744878841639795.0,-701.61,-4087.77,1.34652,2.24076,2.16309,-0.0776702,60.0
1744878841660596.0,-704.575,-4087.09,1.34641,2.40134,2.46121,0.0598649,60.0
1744878841681245.0,-704.575,-4087.09,1.34641,2.40134,2.34011,-0.0612315,60.0
1744878841701814.0,-707.54,-4085.73,1.34587,2.46121,2.59596,0.134753,60.0
1744878841722608.0,-707.54,-4085.73,1.34587,2.46121,2.5384,0.0771957,60.0
1744878841743212.0,-707.54,-4085.73,1.34587,2.46121,2.46191,0.000699446,60.0
1744878841763878.0,-710.081,-4085.05,1.34571,2.5384,2.56342,0.0250174,60.0
1744878841784564.0,-710.081,-4085.05,1.34571,2.5384,2.58703,0.048628,60.0
1744878841805359.0,-713.046,-4084.37,1.34561,2.56342,2.72545,0.162027,60.0
1744878841826055.0,-713.046,-4084.37,1.34561,2.56342,2.47683,-0.0865948,60.0
1744878841846630.0,-716.011,-4083.0,1.34507,2.72545,2.66444,-0.0610115,60.0
1744878841867690.0,-716.011,-4083.0,1.34507,2.72545,2.77365,0.0482045,60.0
1744878841888192.0,-716.011,-4083.0,1.34507,2.72545,2.66521,-0.0602385,60.0
1744878841909171.0,-718.976,-4082.32,1.34497,2.77365,2.61791,-0.155747,60.0
1744878841930079.0,-718.976,-4082.32,1.34497,2.77365,2.67325,-0.100402,60.0
1744878841950763.0,-721.518,-4080.96,1.34439,2.61791,2.55391,-0.0639989,60.0
1744878841971772.0,-721.518,-4080.96,1.34439,2.61791,2.6421,0.0241934,60.0
1744878841992237.0,-721.518,-4080.96,1.34439,2.61791,2.47581,-0.142096,60.0
1744878842012751.0,-724.483,-4080.27,1.34429,2.6421,2.5929,-0.0492011,60.0
1744878842033639.0,-724.483,-4080.27,1.34429,2.6421,2.60544,-0.0366551,60.0
1744878842054391.0,-727.447,-4079.59,1.34419,2.5929,2.51868,-0.0742202,60.0
1744878842075050.0,-727.447,-4079.59,1.34419,2.5929,2.50362,-0.0892741,60.0
1744878842096007.0,-727.447,-4079.59,1.34419,2.5929,2.59402,0.00111718,60.0
1744878842116419.0,-729.989,-4078.23,1.34361,2.50362,2.53182,0.0281965,60.0
1744878842137068.0,-729.989,-4078.23,1.34361,2.50362,2.47087,-0.0327579,60.0
1744878842157894.0,-732.954,-4076.86,1.34308,2.53182,2.55009,0.0182726,60.0
1744878842178339.0,-732.954,-4076.86,1.34308,2.53182,2.3881,-0.143722,60.0
1744878842199023.0,-732.954,-4076.86,1.34308,2.53182,2.64051,0.108691,60.0
1744878842220063.0,-735.919,-4076.18,1.34299,2.3881,2.4872,0.0990999,60.0
1744878842240477.0,-735.919,-4076.18,1.34299,2.3881,2.45098,0.0628807,60.0
1744878842261372.0,-738.461,-4074.82,1.34241,2.4872,2.55888,0.0716857,60.0
1744878842281740.0,-738.461,-4074.82,1.34241,2.4872,2.5811,0.0939014,60.0
1744878842302475.0,-738.461,-4074.82,1.34241,2.4872,2.56788,0.0806834,60.0
1744878842323176.0,-741.425,-4074.14,1.34232,2.5811,2.56883,-0.0122738,60.0
1744878842343777.0,-741.425,-4074.14,1.34232,2.5811,2.48623,-0.0948744,60.0
1744878842364496.0,-743.967,-4072.77,1.34175,2.56883,2.55466,-0.0141675,60.0
1744878842385213.0,-743.967,-4072.77,1.34175,2.56883,2.58439,0.0155655,60.0
1744878842405997.0,-743.967,-4072.77,1.34175,2.56883,2.63605,0.0672254,60.0
1744878842426640.0,-746.932,-4071.41,1.34123,2.58439,2.43951,-0.144886,60.0
1744878842447419.0,-746.932,-4071.41,1.34123,2.58439,2.60907,0.0246734,60.0
1744878842467817.0,-749.474,-4070.73,1.34109,2.43951,2.42562,-0.0138816,60.0
1744878842488545.0,-749.474,-4070.73,1.34109,2.43951,2.32359,-0.115915,60.0
1744878842509645.0,-752.439,-4069.36,1.34057,2.42562,2.43193,0.00630562,60.0
1744878842530172.0,-752.439,-4069.36,1.34057,2.42562,2.51236,0.0867397,60.0
1744878842550838.0,-752.439,-4069.36,1.34057,2.42562,2.40239,-0.0232329,60.0
1744878842571535.0,-754.98,-4068.0,1.34001,2.51236,2.51952,0.00715695,60.0
1744878842592181.0,-754.98,-4068.0,1.34001,2.51236,2.48556,-0.0268089,60.0
1744878842612933.0,-757.945,-4066.63,1.33949,2.51952,2.52324,0.00371608,60.0
1744878842633625.0,-757.945,-4066.63,1.33949,2.51952,2.42672,-0.0928004,60.0
1744878842654183.0,-757.945,-4066.63,1.33949,2.51952,2.54275,0.0232278,60.0
1744878842674753.0,-760.487,-4065.27,1.33892,2.42672,2.50808,0.0813592,60.0
1744878842695890.0,-760.487,-4065.27,1.33892,2.42672,2.58499,0.158273,60.0
1744878842716483.0,-763.452,-4063.91,1.33841,2.50808,2.50321,-0.00487415,60.0
1744878842737263.0,-763.452,-4063.91,1.33841,2.50808,2.46751,-0.0405663,60.0
1744878842757806.0,-763.452,-4063.91,1.33841,2.50808,2.36249,-0.145587,60.0
1744878842778612.0,-765.994,-4062.54,1.33785,2.46751,2.61811,0.150598,60.0
1744878842799556.0,-765.994,-4062.54,1.33785,2.46751,2.4166,-0.050912,60.0
1744878842820119.0,-768.535,-4061.18,1.33729,2.61811,2.57256,-0.045553,60.0
1744878842840848.0,-768.535,-4061.18,1.33729,2.61811,2.52332,-0.0947909,60.0
1744878842861392.0,-768.535,-4061.18,1.33729,2.61811,2.52514,-0.0929755,60.0
1744878842882164.0,-771.501,-4059.81,1.33678,2.52332,2.36573,-0.157591,60.0
1744878842902816.0,-771.501,-4059.81,1.33678,2.52332,2.52451,0.00118982,60.0
1744878842924084.0,-774.042,-4058.45,1.33622,2.36573,2.52696,0.161228,60.0
1744878842944972.0,-774.042,-4058.45,1.33622,2.36573,2.51168,0.145952,60.0
1744878842965443.0,-774.042,-4058.45,1.33622,2.36573,2.47165,0.10592,60.0
1744878842986140.0,-776.584,-4057.08,1.33567,2.51168,2.58401,0.0723275,60.0
1744878843006836.0,-776.584,-4057.08,1.33567,2.51168,2.36225,-0.149431,60.0
1744878843027584.0,-779.126,-4055.72,1.33511,2.58401,2.44972,-0.134293,60.0
1744878843048600.0,-779.126,-4055.72,1.33511,2.58401,2.48477,-0.0992393,60.0
1744878843069235.0,-782.091,-4054.36,1.33461,2.44972,2.54086,0.0911439,60.0
1744878843089977.0,-782.091,-4054.36,1.33461,2.44972,2.58936,0.139641,60.0
1744878843110531.0,-782.091,-4054.36,1.33461,2.44972,2.60669,0.156973,60.0
1744878843131126.0,-784.632,-4052.99,1.33406,2.58936,2.48806,-0.101296,60.0
1744878843151826.0,-784.632,-4052.99,1.33406,2.58936,2.46581,-0.123546,60.0
1744878843172587.0,-787.174,-4051.63,1.3335,2.48806,2.60037,0.112312,60.0
1744878843193459.0,-787.174,-4051.63,1.3335,2.48806,2.64799,0.159931,60.0
1744878843213960.0,-787.174,-4051.63,1.3335,2.48806,2.49958,0.0115162,60.0
1744878843234577.0,-789.716,-4050.26,1.33295,2.64799,2.51172,-0.136275,60.0
1744878843255781.0,-789.716,-4050.26,1.33295,2.64799,2.51614,-0.131852,60.0
1744878843276259.0,-792.257,-4048.9,1.3324,2.51172,2.3587,-0.153019,60.0
1744878843296905.0,-792.257,-4048.9,1.3324,2.51172,2.36314,-0.148577,60.0
1744878843317498.0,-792.257,-4048.9,1.3324,2.51172,2.62271,0.110993,60.0
1744878843338232.0,-794.799,-4046.85,1.33142,2.36314,2.35903,-0.00410788,60.0
1744878843359119.0,-794.799,-4046.85,1.33142,2.36314,2.4737,0.110559,60.0
1744878843379798.0,-797.764,-4045.49,1.33093,2.35903,2.34179,-0.0172424,60.0
1744878843400568.0,-797.764,-4045.49,1.33093,2.35903,2.38648,0.0274463,60.0
1744878843421488.0,-797.764,-4045.49,1.33093,2.35903,2.43888,0.0798517,60.0
1744878843442333.0,-800.306,-4044.12,1.33039,2.38648,2.45632,0.0698437,60.0
1744878843463048.0,-800.306,-4044.12,1.33039,2.38648,2.51393,0.127447,60.0
1744878843483610.0,-802.848,-4042.76,1.32984,2.45632,2.44955,-0.00676873,60.0
1744878843504258.0,-802.848,-4042.76,1.32984,2.45632,2.61765,0.161329,60.0
1744878843525008.0,-805.389,-4040.71,1.32887,2.44955,2.50354,0.0539899,60.0
1744878843545654.0,-805.389,-4040.71,1.32887,2.44955,2.57151,0.121961,60.0
1744878843566300.0,-805.389,-4040.71,1.32887,2.44955,2.59034,0.140788,60.0
1744878843586952.0,-807.931,-4039.35,1.32833,2.57151,2.41609,-0.155426,60.0
1744878843607836.0,-807.931,-4039.35,1.32833,2.57151,2.57395,0.00243864,60.0
1744878843628305.0,-810.473,-4037.98,1.32779,2.41609,2.41114,-0.00495088,60.0
1744878843649035.0,-810.473,-4037.98,1.32779,2.41609,2.57686,0.160776,60.0
1744878843669808.0,-810.473,-4037.98,1.32779,2.41609,2.34704,-0.0690493,60.0
1744878843690376.0,-813.015,-4035.94,1.32682,2.57686,2.42417,-0.152696,60.0
1744878843711383.0,-813.015,-4035.94,1.32682,2.57686,2.48155,-0.0953118,60.0
1744878843731911.0,-815.556,-4034.57,1.32628,2.42417,2.44066,0.0164957,60.0
1744878843752770.0,-815.556,-4034.57,1.32628,2.42417,2.39884,-0.0253325,60.0
1744878843773078.0,-815.556,-4034.57,1.32628,2.42417,2.55808,0.133908,60.0
1744878843793712.0,-818.098,-4033.21,1.32575,2.39884,2.4851,0.086262,60.0
1744878843814343.0,-818.098,-4033.21,1.32575,2.39884,2.52681,0.127971,60.0
1744878843835010.0,-820.64,-4031.16,1.32479,2.4851,2.5517,0.066603,60.0
1744878843855690.0,-820.64,-4031.16,1.32479,2.4851,2.40878,-0.0763192,60.0
1744878843876626.0,-820.64,-4031.16,1.32479,2.4851,2.48959,0.00449082,60.0
1744878843897146.0,-823.182,-4029.8,1.32425,2.40878,2.49729,0.0885063,60.0
1744878843918290.0,-823.182,-4029.8,1.32425,2.40878,2.57008,0.161305,60.0
1744878843939284.0,-825.3,-4027.75,1.32324,2.49729,2.6102,0.112915,60.0
1744878843959753.0,-825.3,-4027.75,1.32324,2.49729,2.44502,-0.0522619,60.0
1744878843980417.0,-827.842,-4026.38,1.32271,2.6102,2.50542,-0.104781,60.0
1744878844001232.0,-827.842,-4026.38,1.32271,2.6102,2.50402,-0.106184,60.0
1744878844021770.0,-827.842,-4026.38,1.32271,2.6102,2.72727,0.117068,60.0
1744878844042563.0,-830.383,-4025.02,1.32218,2.50402,2.464,-0.0400185,60.0
1744878844063378.0,-830.383,-4025.02,1.32218,2.50402,2.50285,-0.00116678,60.0
1744878844084344.0,-832.925,-4022.97,1.32122,2.464,2.51543,0.0514285,60.0
1744878844105168.0,-832.925,-4022.97,1.32122,2.464,2.56657,0.102575,60.0
1744878844125951.0,-832.925,-4022.97,1.32122,2.464,2.60599,0.141991,60.0
1744878844146741.0,-835.467,-4021.61,1.32069,2.56657,2.70119,0.134614,60.0
1744878844167635.0,-835.467,-4021.61,1.32069,2.56657,2.43098,-0.13559,60.0
1744878844188487.0,-838.009,-4019.56,1.31974,2.70119,2.71547,0.014282,60.0
1744878844209080.0,-838.009,-4019.56,1.31974,2.70119,2.56211,-0.139074,60.0
1744878844229804.0,-838.009,-4019.56,1.31974,2.70119,2.65873,-0.0424546,60.0
1744878844250540.0,-840.55,-4018.2,1.31922,2.56211,2.48509,-0.0770257,60.0
1744878844271234.0,-840.55,-4018.2,1.31922,2.56211,2.45138,-0.110738,60.0
1744878844291908.0,-843.092,-4016.15,1.31827,2.48509,2.48221,-0.00288166,60.0
1744878844312801.0,-843.092,-4016.15,1.31827,2.48509,2.57213,0.0870469,60.0
1744878844333577.0,-845.21,-4014.78,1.31769,2.48221,2.58202,0.0998117,60.0
1744878844354160.0,-845.21,-4014.78,1.31769,2.48221,2.50753,0.0253239,60.0
1744878844374957.0,-845.21,-4014.78,1.31769,2.48221,2.39382,-0.0883836,60.0
1744878844395582.0,-847.752,-4012.74,1.31674,2.50753,2.59112,0.0835916,60.0
1744878844416915.0,-847.752,-4012.74,1.31674,2.50753,2.35787,-0.14966,60.0
1744878844437667.0,-850.294,-4011.37,1.31622,2.59112,2.46216,-0.128963,60.0
1744878844458455.0,-850.294,-4011.37,1.31622,2.59112,2.55391,-0.037214,60.0
1744878844478888.0,-850.294,-4011.37,1.31622,2.59112,2.6916,0.100478,60.0
1744878844499651.0,-852.836,-4009.33,1.31528,2.55391,2.53312,-0.0207865,60.0
1744878844520234.0,-852.836,-4009.33,1.31528,2.55391,2.46707,-0.0868382,60.0
1744878844540790.0,-855.378,-4007.96,1.31477,2.53312,2.43853,-0.0945889,60.0
1744878844561481.0,-855.378,-4007.96,1.31477,2.53312,2.62366,0.090539,60.0
1744878844582158.0,-855.378,-4007.96,1.31477,2.53312,2.56263,0.0295099,60.0
1744878844603257.0,-857.92,-4005.91,1.31382,2.62366,2.53724,-0.0864183,60.0
1744878844623609.0,-857.92,-4005.91,1.31382,2.62366,2.54803,-0.0756252,60.0
1744878844644252.0,-860.461,-4004.55,1.31331,2.53724,2.49121,-0.0460334,60.0
1744878844665255.0,-860.461,-4004.55,1.31331,2.53724,2.57515,0.0379119,60.0
1744878844685963.0,-860.461,-4004.55,1.31331,2.53724,2.65049,0.113248,60.0
1744878844706757.0,-863.003,-4003.19,1.3128,2.57515,2.73893,0.16378,60.0
1744878844727290.0,-863.003,-4003.19,1.3128,2.57515,2.47047,-0.104683,60.0
1744878844748000.0,-865.121,-4001.14,1.31181,2.73893,2.60015,-0.138786,60.0
1744878844768727.0,-865.121,-4001.14,1.31181,2.73893,2.5941,-0.144834,60.0
1744878844789384.0,-867.663,-3999.77,1.3113,2.60015,2.63302,0.0328695,60.0
1744878844810006.0,-867.663,-3999.77,1.3113,2.60015,2.51901,-0.0811416,60.0
1744878844830727.0,-867.663,-3999.77,1.3113,2.60015,2.63493,0.0347774,60.0
1744878844851280.0,-870.205,-3997.73,1.31036,2.51901,2.51048,-0.00853032,60.0
1744878844871965.0,-870.205,-3997.73,1.31036,2.51901,2.50451,-0.0145012,60.0
1744878844892808.0,-872.746,-3996.36,1.30986,2.51048,2.49545,-0.015024,60.0
1744878844913674.0,-872.746,-3996.36,1.30986,2.51048,2.504,-0.00647109,60.0
1744878844934687.0,-872.746,-3996.36,1.30986,2.51048,2.49413,-0.0163498,60.0
1744878844955621.0,-875.288,-3994.31,1.30893,2.504,2.42344,-0.0805656,60.0
1744878844976149.0,-875.288,-3994.31,1.30893,2.504,2.60878,0.104779,60.0
1744878844996638.0,-877.83,-3992.95,1.30842,2.42344,2.32665,-0.0967922,60.0
1744878845017375.0,-877.83,-3992.95,1.30842,2.42344,2.51257,0.0891348,60.0
1744878845038035.0,-877.83,-3992.95,1.30842,2.42344,2.36681,-0.0566299,60.0
1744878845058783.0,-880.372,-3991.59,1.30792,2.51257,2.54062,0.0280489,60.0
1744878845079519.0,-880.372,-3991.59,1.30792,2.51257,2.43424,-0.0783348,60.0
1744878845100279.0,-882.914,-3989.54,1.307,2.54062,2.64738,0.106762,60.0
1744878845120893.0,-882.914,-3989.54,1.307,2.54062,2.4383,-0.102323,60.0
1744878845141700.0,-882.914,-3989.54,1.307,2.54062,2.44116,-0.0994667,60.0
1744878845162446.0,-885.455,-3988.17,1.3065,2.4383,2.37845,-0.059852,60.0
1744878845183123.0,-885.455,-3988.17,1.3065,2.4383,2.50346,0.0651582,60.0
1744878845203746.0,-887.574,-3986.13,1.30552,2.37845,2.49527,0.116823,60.0
1744878845224581.0,-887.574,-3986.13,1.30552,2.37845,2.39002,0.01157,60.0
1744878845245318.0,-890.115,-3984.76,1.30502,2.49527,2.63084,0.135575,60.0
1744878845265948.0,-890.115,-3984.76,1.30502,2.49527,2.61416,0.118894,60.0
1744878845286637.0,-890.115,-3984.76,1.30502,2.49527,2.57092,0.075654,60.0
1744878845307381.0,-892.657,-3982.72,1.3041,2.61416,2.5851,-0.0290597,60.0
1744878845328204.0,-892.657,-3982.72,1.3041,2.61416,2.56293,-0.0512381,60.0
1744878845348920.0,-895.199,-3981.35,1.30361,2.5851,2.55101,-0.0340948,60.0
1744878845369588.0,-895.199,-3981.35,1.30361,2.5851,2.46055,-0.124554,60.0
1744878845390079.0,-895.199,-3981.35,1.30361,2.5851,2.59399,0.0088856,60.0
1744878845411201.0,-897.741,-3979.3,1.30269,2.46055,2.40333,-0.0572227,60.0
1744878845431919.0,-897.741,-3979.3,1.30269,2.46055,2.53321,0.0726621,60.0
1744878845452574.0,-899.859,-3977.94,1.30214,2.40333,2.48766,0.0843352,60.0
1744878845473221.0,-899.859,-3977.94,1.30214,2.40333,2.55374,0.150415,60.0
1744878845493796.0,-899.859,-3977.94,1.30214,2.40333,2.50238,0.0990496,60.0
1744878845514775.0,-902.401,-3975.89,1.30122,2.55374,2.69567,0.141928,60.0
1744878845535191.0,-902.401,-3975.89,1.30122,2.55374,2.62539,0.0716488,60.0
1744878845556216.0,-904.942,-3974.53,1.30074,2.69567,2.67391,-0.0217631,60.0
1744878845576745.0,-904.942,-3974.53,1.30074,2.69567,2.57835,-0.117318,60.0
1744878845597506.0,-904.942,-3974.53,1.30074,2.69567,2.63595,-0.0597186,60.0
1744878845617978.0,-907.484,-3972.48,1.29982,2.57835,2.59649,0.0181406,60.0
1744878845638725.0,-907.484,-3972.48,1.29982,2.57835,2.54739,-0.0309646,60.0
1744878845659718.0,-910.026,-3971.12,1.29934,2.59649,2.52601,-0.0704817,60.0
1744878845680485.0,-910.026,-3971.12,1.29934,2.59649,2.43632,-0.160171,60.0
1744878845700967.0,-912.568,-3969.07,1.29843,2.52601,2.48463,-0.0413855,60.0
1744878845721532.0,-912.568,-3969.07,1.29843,2.52601,2.58765,0.0616422,60.0
1744878845742217.0,-912.568,-3969.07,1.29843,2.52601,2.56373,0.0377152,60.0
1744878845762890.0,-914.686,-3967.7,1.29789,2.58765,2.52551,-0.0621451,60.0
1744878845783591.0,-914.686,-3967.7,1.29789,2.58765,2.4736,-0.114056,60.0
1744878845804585.0,-917.228,-3965.66,1.29698,2.52551,2.548,0.0224892,60.0
1744878845825092.0,-917.228,-3965.66,1.29698,2.52551,2.65558,0.130069,60.0
1744878845845872.0,-917.228,-3965.66,1.29698,2.52551,2.42328,-0.102225,60.0
1744878845866542.0,-919.77,-3964.29,1.2965,2.65558,2.5059,-0.149675,60.0
1744878845887288.0,-919.77,-3964.29,1.2965,2.65558,2.62582,-0.0297553,60.0
1744878845907914.0,-922.312,-3962.25,1.2956,2.5059,2.58386,0.0779583,60.0
1744878845928944.0,-922.312,-3962.25,1.2956,2.5059,2.48424,-0.0216677,60.0
1744878845949868.0,-922.312,-3962.25,1.2956,2.5059,2.64255,0.136651,60.0
1744878845970859.0,-924.853,-3960.88,1.29512,2.48424,2.60276,0.11852,60.0
1744878845991447.0,-924.853,-3960.88,1.29512,2.48424,2.61411,0.129873,60.0
1744878846012016.0,-927.395,-3958.83,1.29422,2.60276,2.52611,-0.0766464,60.0
1744878846032708.0,-927.395,-3958.83,1.29422,2.60276,2.52951,-0.0732458,60.0
1744878846053748.0,-927.395,-3958.83,1.29422,2.60276,2.48143,-0.121322,60.0
1744878846074084.0,-929.937,-3957.47,1.29375,2.52951,2.43005,-0.0994628,60.0
1744878846094782.0,-929.937,-3957.47,1.29375,2.52951,2.57454,0.0450273,60.0
1744878846115488.0,-932.055,-3955.42,1.29279,2.43005,2.5236,0.0935484,60.0
1744878846136489.0,-932.055,-3955.42,1.29279,2.43005,2.53234,0.10229,60.0
1744878846157064.0,-934.597,-3954.06,1.29232,2.5236,2.50591,-0.0176812,60.0
1744878846177861.0,-934.597,-3954.06,1.29232,2.5236,2.47335,-0.0502405,60.0
1744878846198574.0,-934.597,-3954.06,1.29232,2.5236,2.45235,-0.0712412,60.0
1744878846219185.0,-937.139,-3952.01,1.29143,2.47335,2.50791,0.0345511,60.0
1744878846239891.0,-937.139,-3952.01,1.29143,2.47335,2.58339,0.110037,60.0
1744878846260396.0,-939.68,-3950.65,1.29096,2.50791,2.42928,-0.0786303,60.0
1744878846281137.0,-939.68,-3950.65,1.29096,2.50791,2.57164,0.0637339,60.0
1744878846302022.0,-939.68,-3950.65,1.29096,2.50791,2.37482,-0.133087,60.0
1744878846322658.0,-942.222,-3948.6,1.29007,2.57164,2.55637,-0.0152658,60.0
1744878846343231.0,-942.222,-3948.6,1.29007,2.57164,2.41896,-0.152678,60.0
1744878846364070.0,-944.764,-3947.23,1.2896,2.55637,2.63125,0.0748801,60.0
1744878846384712.0,-944.764,-3947.23,1.2896,2.55637,2.47531,-0.0810671,60.0
1744878846405670.0,-944.764,-3947.23,1.2896,2.55637,2.5199,-0.0364741,60.0
1744878846426156.0,-946.882,-3945.19,1.28865,2.47531,2.45652,-0.0187908,60.0
1744878846447003.0,-946.882,-3945.19,1.28865,2.47531,2.62977,0.154464,60.0
1744878846467536.0,-949.424,-3943.82,1.28819,2.45652,2.55685,0.100335,60.0
1744878846488605.0,-949.424,-3943.82,1.28819,2.45652,2.49323,0.0367091,60.0
1744878846508904.0,-949.424,-3943.82,1.28819,2.45652,2.51809,0.0615727,60.0
1744878846529494.0,-951.966,-3941.77,1.28731,2.49323,2.41927,-0.0739501,60.0
1744878846550118.0,-951.966,-3941.77,1.28731,2.49323,2.41946,-0.0737657,60.0
1744878846570699.0,-954.507,-3940.41,1.28685,2.41927,2.52224,0.102965,60.0
1744878846591426.0,-954.507,-3940.41,1.28685,2.41927,2.41492,-0.00435543,60.0
1744878846612401.0,-956.626,-3938.36,1.2859,2.52224,2.49431,-0.0279337,60.0
1744878846633261.0,-956.626,-3938.36,1.2859,2.52224,2.45725,-0.0649902,60.0
1744878846653795.0,-956.626,-3938.36,1.2859,2.52224,2.53138,0.0091394,60.0
1744878846674352.0,-959.167,-3937.0,1.28544,2.45725,2.39978,-0.0574705,60.0
1744878846694980.0,-959.167,-3937.0,1.28544,2.45725,2.53521,0.0779651,60.0
1744878846715431.0,-961.709,-3934.95,1.28457,2.39978,2.43695,0.0371745,60.0
1744878846736026.0,-961.709,-3934.95,1.28457,2.39978,2.39971,-6.40365e-05,60.0
1744878846756982.0,-961.709,-3934.95,1.28457,2.39978,2.54932,0.149539,60.0
1744878846777653.0,-964.251,-3932.9,1.28369,2.39972,2.3884,-0.0113169,60.0
1744878846798574.0,-964.251,-3932.9,1.28369,2.39972,2.53111,0.131393,60.0
1744878846819331.0,-966.369,-3931.54,1.28317,2.3884,2.32367,-0.0647267,60.0
1744878846839597.0,-966.369,-3931.54,1.28317,2.3884,2.48576,0.0973659,60.0
1744878846860363.0,-966.369,-3931.54,1.28317,2.3884,2.32643,-0.0619661,60.0
1744878846880902.0,-968.911,-3929.49,1.2823,2.48576,2.55895,0.0731811,60.0
1744878846901504.0,-968.911,-3929.49,1.2823,2.48576,2.47584,-0.00992253,60.0
1744878846922462.0,-971.453,-3928.13,1.28185,2.55895,2.41963,-0.139317,60.0
1744878846943167.0,-971.453,-3928.13,1.28185,2.55895,2.46036,-0.0985847,60.0
1744878846963555.0,-971.453,-3928.13,1.28185,2.55895,2.53298,-0.0259606,60.0
1744878846984085.0,-973.571,-3926.08,1.28091,2.46036,2.48582,0.0254603,60.0
1744878847004925.0,-973.571,-3926.08,1.28091,2.46036,2.46443,0.00407118,60.0
1744878847025497.0,-976.113,-3924.03,1.28004,2.48582,2.57758,0.0917639,60.0
1744878847046297.0,-976.113,-3924.03,1.28004,2.48582,2.56203,0.0762056,60.0
1744878847067505.0,-978.655,-3922.67,1.2796,2.57758,2.52871,-0.0488735,60.0
1744878847087909.0,-978.655,-3922.67,1.2796,2.57758,2.55254,-0.0250442,60.0
1744878847109120.0,-978.655,-3922.67,1.2796,2.57758,2.51701,-0.0605783,60.0
1744878847129597.0,-980.773,-3920.62,1.27867,2.55254,2.48388,-0.0686648,60.0
1744878847150729.0,-980.773,-3920.62,1.27867,2.55254,2.52326,-0.0292849,60.0
1744878847171521.0,-983.315,-3918.57,1.2778,2.48388,2.39231,-0.09157,60.0
1744878847192355.0,-983.315,-3918.57,1.2778,2.48388,2.51964,0.0357636,60.0
1744878847213107.0,-983.315,-3918.57,1.2778,2.48388,2.52643,0.0425534,60.0
1744878847233775.0,-985.857,-3917.21,1.27736,2.51964,2.42537,-0.0942735,60.0
1744878847254494.0,-985.857,-3917.21,1.27736,2.51964,2.43215,-0.0874927,60.0
1744878847275325.0,-988.399,-3915.16,1.2765,2.42537,2.4064,-0.0189702,60.0
1744878847295944.0,-988.399,-3915.16,1.2765,2.42537,2.55466,0.129294,60.0
1744878847316654.0,-988.399,-3915.16,1.2765,2.42537,2.50945,0.0840821,60.0
1744878847337293.0,-990.517,-3913.8,1.27599,2.55466,2.41902,-0.135636,60.0
1744878847358039.0,-990.517,-3913.8,1.27599,2.55466,2.53219,-0.0224645,60.0
1744878847378847.0,-993.059,-3911.75,1.27513,2.41902,2.33634,-0.0826855,60.0
1744878847399521.0,-993.059,-3911.75,1.27513,2.41902,2.37013,-0.0488939,60.0
1744878847420454.0,-993.059,-3911.75,1.27513,2.41902,2.55948,0.14046,60.0
1744878847441100.0,-995.601,-3909.7,1.27428,2.37013,2.39325,0.0231232,60.0
1744878847461792.0,-995.601,-3909.7,1.27428,2.37013,2.41337,0.0432405,60.0
1744878847482598.0,-997.719,-3908.34,1.27378,2.39325,2.53716,0.143906,60.0
1744878847503608.0,-997.719,-3908.34,1.27378,2.39325,2.32847,-0.0647864,60.0
1744878847524091.0,-1000.26,-3906.29,1.27292,2.53716,2.60112,0.063959,60.0
1744878847544886.0,-1000.26,-3906.29,1.27292,2.53716,2.49712,-0.0400423,60.0
1744878847565515.0,-1000.26,-3906.29,1.27292,2.53716,2.5109,-0.0262578,60.0
1744878847586242.0,-1002.8,-3904.24,1.27207,2.49712,2.55204,0.0549256,60.0
1744878847606989.0,-1002.8,-3904.24,1.27207,2.49712,2.39653,-0.100586,60.0
1744878847627490.0,-1004.92,-3902.88,1.27157,2.55204,2.56673,0.0146909,60.0
1744878847648234.0,-1004.92,-3902.88,1.27157,2.55204,2.46022,-0.0918256,60.0
1744878847668891.0,-1004.92,-3902.88,1.27157,2.55204,2.5755,0.0234575,60.0
1744878847689593.0,-1007.46,-3900.83,1.27072,2.46022,2.53756,0.0773435,60.0
1744878847710376.0,-1007.46,-3900.83,1.27072,2.46022,2.48228,0.0220668,60.0
1744878847731270.0,-1009.58,-3898.78,1.26981,2.53756,2.61627,0.0787151,60.0
1744878847751864.0,-1009.58,-3898.78,1.26981,2.53756,2.6389,0.101344,60.0
1744878847772590.0,-1009.58,-3898.78,1.26981,2.53756,2.68224,0.14468,60.0
1744878847793362.0,-1012.12,-3897.42,1.26938,2.6389,2.48359,-0.155314,60.0
1744878847814208.0,-1012.12,-3897.42,1.26938,2.6389,2.50275,-0.136158,60.0
1744878847835012.0,-1014.66,-3895.37,1.26854,2.48359,2.50187,0.0182799,60.0
1744878847855637.0,-1014.66,-3895.37,1.26854,2.48359,2.51351,0.0299179,60.0
1744878847876681.0,-1014.66,-3895.37,1.26854,2.48359,2.3534,-0.130194,60.0
1744878847897144.0,-1016.78,-3893.33,1.26763,2.51351,2.46244,-0.0510675,60.0
1744878847917893.0,-1016.78,-3893.33,1.26763,2.51351,2.4477,-0.0658118,60.0
1744878847938571.0,-1019.32,-3891.96,1.2672,2.46244,2.50707,0.044634,60.0
1744878847959214.0,-1019.32,-3891.96,1.2672,2.46244,2.58847,0.12603,60.0
1744878847980224.0,-1021.87,-3889.91,1.26636,2.50707,2.39534,-0.111733,60.0
1744878848000863.0,-1021.87,-3889.91,1.26636,2.50707,2.50407,-0.00300272,60.0
1744878848021573.0,-1021.87,-3889.91,1.26636,2.50707,2.52863,0.0215539,60.0
1744878848042272.0,-1024.41,-3888.55,1.26594,2.50407,2.47854,-0.0255296,60.0
1744878848062937.0,-1024.41,-3888.55,1.26594,2.50407,2.50571,0.00163938,60.0
1744878848083627.0,-1026.53,-3886.5,1.26504,2.47854,2.46907,-0.00946957,60.0
1744878848104495.0,-1026.53,-3886.5,1.26504,2.47854,2.46802,-0.0105186,60.0
1744878848125341.0,-1026.53,-3886.5,1.26504,2.47854,2.5665,0.0879581,60.0
1744878848146082.0,-1029.07,-3884.45,1.2642,2.46802,2.36827,-0.0997542,60.0
1744878848166865.0,-1029.07,-3884.45,1.2642,2.46802,2.43586,-0.0321683,60.0
1744878848187645.0,-1031.61,-3883.09,1.26379,2.36827,2.30054,-0.0677302,60.0
1744878848208627.0,-1031.61,-3883.09,1.26379,2.36827,2.52851,0.160244,60.0
1744878848229388.0,-1031.61,-3883.09,1.26379,2.36827,2.52191,0.153641,60.0
1744878848249927.0,-1033.73,-3881.04,1.26288,2.52851,2.36909,-0.159422,60.0
1744878848270472.0,-1033.73,-3881.04,1.26288,2.52851,2.48665,-0.0418607,60.0
1744878848291022.0,-1036.27,-3879.0,1.26206,2.36909,2.47598,0.106888,60.0
1744878848312126.0,-1036.27,-3879.0,1.26206,2.36909,2.39412,0.0250318,60.0
1744878848332973.0,-1038.39,-3877.63,1.26157,2.47598,2.41879,-0.0571873,60.0
1744878848354010.0,-1038.39,-3877.63,1.26157,2.47598,2.53664,0.0606652,60.0
1744878848374746.0,-1038.39,-3877.63,1.26157,2.47598,2.52165,0.0456719,60.0
1744878848395316.0,-1040.93,-3875.58,1.26075,2.53664,2.59122,0.0545729,60.0
1744878848416265.0,-1040.93,-3875.58,1.26075,2.53664,2.54214,0.00549903,60.0
1744878848437364.0,-1043.47,-3873.54,1.25992,2.59122,2.58269,-0.00853075,60.0
1744878848458028.0,-1043.47,-3873.54,1.25992,2.59122,2.54207,-0.049149,60.0
1744878848478567.0,-1043.47,-3873.54,1.25992,2.59122,2.43735,-0.153872,60.0
1744878848499160.0,-1045.59,-3872.17,1.25944,2.54207,2.54391,0.00183859,60.0
1744878848519873.0,-1045.59,-3872.17,1.25944,2.54207,2.57812,0.0360491,60.0
1744878848540436.0,-1048.13,-3870.12,1.25862,2.54391,2.43957,-0.104337,60.0
1744878848561168.0,-1048.13,-3870.12,1.25862,2.54391,2.552,0.00809152,60.0
1744878848582285.0,-1048.13,-3870.12,1.25862,2.54391,2.41894,-0.124969,60.0
1744878848602879.0,-1050.67,-3868.08,1.2578,2.552,2.43878,-0.113218,60.0
1744878848623382.0,-1050.67,-3868.08,1.2578,2.552,2.47266,-0.0793346,60.0
1744878848644201.0,-1052.79,-3866.71,1.25732,2.43878,2.46535,0.0265711,60.0
1744878848665041.0,-1052.79,-3866.71,1.25732,2.43878,2.5851,0.146322,60.0
1744878848685420.0,-1052.79,-3866.71,1.25732,2.43878,2.38081,-0.0579701,60.0
1744878848706412.0,-1055.33,-3864.67,1.2565,2.5851,2.42883,-0.156272,60.0
1744878848726838.0,-1055.33,-3864.67,1.2565,2.5851,2.6473,0.0621989,60.0
1744878848747672.0,-1057.88,-3863.3,1.2561,2.42883,2.39923,-0.0296015,60.0
1744878848768319.0,-1057.88,-3863.3,1.2561,2.42883,2.47776,0.0489335,60.0
1744878848788921.0,-1059.99,-3861.25,1.25522,2.39923,2.47537,0.0761403,60.0
1744878848809714.0,-1059.99,-3861.25,1.25522,2.39923,2.34714,-0.0520849,60.0
1744878848830163.0,-1059.99,-3861.25,1.25522,2.39923,2.54532,0.146086,60.0
1744878848850985.0,-1062.54,-3859.21,1.2544,2.34714,2.48242,0.135274,60.0
1744878848871685.0,-1062.54,-3859.21,1.2544,2.34714,2.40124,0.0540948,60.0
1744878848892620.0,-1065.08,-3857.84,1.254,2.48242,2.52235,0.0399279,60.0
1744878848913001.0,-1065.08,-3857.84,1.254,2.48242,2.42127,-0.0611537,60.0
1744878848933948.0,-1065.08,-3857.84,1.254,2.48242,2.55904,0.0766224,60.0
1744878848954619.0,-1067.2,-3855.79,1.25312,2.42127,2.35057,-0.0706939,60.0
1744878848975236.0,-1067.2,-3855.79,1.25312,2.42127,2.40492,-0.0163503,60.0
1744878848996344.0,-1069.74,-3853.75,1.25231,2.35057,2.31115,-0.0394259,60.0
1744878849018732.0,-1069.74,-3853.75,1.25231,2.35057,2.35547,0.00489946,60.0
1744878849039382.0,-1069.74,-3853.75,1.25231,2.35057,2.50661,0.156035,60.0
1744878849060288.0,-1071.86,-3851.7,1.25144,2.35547,2.34363,-0.0118404,60.0
1744878849080754.0,-1071.86,-3851.7,1.25144,2.35547,2.35637,0.000897258,60.0
1744878849101426.0,-1074.4,-3850.34,1.25104,2.34363,2.39797,0.0543386,60.0
1744878849121971.0,-1074.4,-3850.34,1.25104,2.34363,2.3792,0.0355722,60.0
1744878849142531.0,-1076.52,-3848.29,1.25017,2.39797,2.36155,-0.0364186,60.0
1744878849163106.0,-1076.52,-3848.29,1.25017,2.39797,2.45916,0.0611882,60.0
1744878849183622.0,-1076.52,-3848.29,1.25017,2.39797,2.49266,0.0946892,60.0
1744878849204172.0,-1079.06,-3846.24,1.24936,2.45916,2.44881,-0.0103505,60.0
1744878849225177.0,-1079.06,-3846.24,1.24936,2.45916,2.4922,0.0330407,60.0
1744878849246012.0,-1081.18,-3844.19,1.24849,2.44881,2.56405,0.11524,60.0
1744878849266766.0,-1081.18,-3844.19,1.24849,2.44881,2.59402,0.145212,60.0
1744878849286955.0,-1081.18,-3844.19,1.24849,2.44881,2.60233,0.153522,60.0
1744878849307807.0,-1083.72,-3842.83,1.2481,2.59402,2.50535,-0.0886679,60.0
1744878849328487.0,-1083.72,-3842.83,1.2481,2.59402,2.6106,0.0165778,60.0
1744878849348760.0,-1085.84,-3840.78,1.24723,2.50535,2.34266,-0.162693,60.0
1744878849369562.0,-1085.84,-3840.78,1.24723,2.50535,2.55821,0.0528578,60.0
1744878849390244.0,-1085.84,-3840.78,1.24723,2.50535,2.46847,-0.0368848,60.0
1744878849410715.0,-1088.38,-3838.73,1.24644,2.55821,2.53932,-0.0188937,60.0
1744878849431797.0,-1088.38,-3838.73,1.24644,2.55821,2.58706,0.0288493,60.0
1744878849452519.0,-1090.92,-3836.69,1.24564,2.53932,2.51532,-0.0239993,60.0
1744878849473452.0,-1090.92,-3836.69,1.24564,2.53932,2.59932,0.0600013,60.0
1744878849493962.0,-1090.92,-3836.69,1.24564,2.53932,2.60079,0.0614786,60.0
1744878849514711.0,-1093.04,-3835.32,1.24519,2.59932,2.48422,-0.115098,60.0
1744878849535459.0,-1093.04,-3835.32,1.24519,2.59932,2.56142,-0.0378959,60.0
1744878849556132.0,-1095.58,-3833.27,1.2444,2.48422,2.61432,0.130099,60.0
1744878849576600.0,-1095.58,-3833.27,1.2444,2.48422,2.34358,-0.140641,60.0
1744878849597704.0,-1095.58,-3833.27,1.2444,2.48422,2.47084,-0.013374,60.0
1744878849618089.0,-1097.7,-3831.23,1.24353,2.34358,2.4879,0.144323,60.0
1744878849639158.0,-1097.7,-3831.23,1.24353,2.34358,2.50743,0.163852,60.0
1744878849659665.0,-1100.24,-3829.86,1.24315,2.4879,2.41469,-0.0732107,60.0
1744878849680323.0,-1100.24,-3829.86,1.24315,2.4879,2.56115,0.0732478,60.0
1744878849700930.0,-1100.24,-3829.86,1.24315,2.4879,2.56481,0.0769074,60.0
1744878849721509.0,-1102.36,-3827.81,1.24229,2.56115,2.45168,-0.109466,60.0
1744878849742075.0,-1102.36,-3827.81,1.24229,2.56115,2.57981,0.0186648,60.0
1744878849762597.0,-1104.9,-3825.77,1.24151,2.45168,2.46483,0.013145,60.0
1744878849783289.0,-1104.9,-3825.77,1.24151,2.45168,2.52435,0.0726686,60.0
1744878849804101.0,-1107.44,-3824.4,1.24113,2.46483,2.37806,-0.0867654,60.0
1744878849824700.0,-1107.44,-3824.4,1.24113,2.46483,2.47296,0.00813648,60.0
1744878849845557.0,-1107.44,-3824.4,1.24113,2.46483,2.60736,0.142531,60.0
1744878849866115.0,-1109.56,-3822.36,1.24028,2.47296,2.53504,0.0620722,60.0
1744878849886839.0,-1109.56,-3822.36,1.24028,2.47296,2.46413,-0.00883467,60.0
1744878849907722.0,-1112.1,-3820.31,1.2395,2.53504,2.53114,-0.00389346,60.0
1744878849928589.0,-1112.1,-3820.31,1.2395,2.53504,2.46187,-0.0731702,60.0
1744878849949895.0,-1112.1,-3820.31,1.2395,2.53504,2.54639,0.0113503,60.0
1744878849970586.0,-1114.22,-3818.26,1.23864,2.46187,2.51993,0.0580629,60.0
1744878849991202.0,-1114.22,-3818.26,1.23864,2.46187,2.5421,0.0802298,60.0
1744878850012116.0,-1116.76,-3816.9,1.23827,2.51993,2.64383,0.123901,60.0
1744878850032446.0,-1116.76,-3816.9,1.23827,2.51993,2.59092,0.0709885,60.0
1744878850053594.0,-1116.76,-3816.9,1.23827,2.51993,2.4644,-0.0555281,60.0
1744878850074027.0,-1119.3,-3814.85,1.2375,2.59092,2.55005,-0.0408701,60.0
1744878850094849.0,-1119.3,-3814.85,1.2375,2.59092,2.53438,-0.0565376,60.0
1744878850115543.0,-1121.42,-3812.8,1.23665,2.55005,2.43026,-0.119787,60.0
1744878850136209.0,-1121.42,-3812.8,1.23665,2.55005,2.47724,-0.072806,60.0
1744878850156837.0,-1121.42,-3812.8,1.23665,2.55005,2.64788,0.0978347,60.0
1744878850177586.0,-1123.96,-3811.44,1.23628,2.47724,2.59967,0.122425,60.0
1744878850198338.0,-1123.96,-3811.44,1.23628,2.47724,2.53595,0.0587086,60.0
1744878850219002.0,-1126.51,-3809.39,1.23551,2.59967,2.49209,-0.107572,60.0
1744878850239260.0,-1126.51,-3809.39,1.23551,2.59967,2.50572,-0.0939499,60.0
1744878850259914.0,-1128.63,-3807.34,1.23467,2.49209,2.39862,-0.0934762,60.0
1744878850280604.0,-1128.63,-3807.34,1.23467,2.49209,2.41771,-0.0743879,60.0
1744878850301649.0,-1128.63,-3807.34,1.23467,2.49209,2.46633,-0.0257689,60.0
1744878850322003.0,-1131.17,-3805.98,1.2343,2.41771,2.49635,0.0786417,60.0
1744878850342665.0,-1131.17,-3805.98,1.2343,2.41771,2.53491,0.117208,60.0
1744878850363058.0,-1133.29,-3803.93,1.23346,2.49635,2.46758,-0.0287648,60.0
1744878850384151.0,-1133.29,-3803.93,1.23346,2.49635,2.47257,-0.0237783,60.0
1744878850404872.0,-1133.29,-3803.93,1.23346,2.49635,2.43051,-0.0658428,60.0
1744878850425817.0,-1135.83,-3801.88,1.2327,2.47257,2.54904,0.0764742,60.0
1744878850446307.0,-1135.83,-3801.88,1.2327,2.47257,2.35473,-0.11784,60.0
1744878850467205.0,-1138.37,-3800.52,1.23234,2.54904,2.54385,-0.00519763,60.0
1744878850487865.0,-1138.37,-3800.52,1.23234,2.54904,2.54285,-0.0061964,60.0
1744878850508438.0,-1138.37,-3800.52,1.23234,2.54904,2.57894,0.0298952,60.0
1744878850529134.0,-1140.49,-3798.47,1.2315,2.54285,2.49931,-0.0435348,60.0
1744878850549790.0,-1140.49,-3798.47,1.2315,2.54285,2.50898,-0.0338661,60.0
1744878850570459.0,-1143.03,-3796.42,1.23074,2.49931,2.49574,-0.00357438,60.0
1744878850591159.0,-1143.03,-3796.42,1.23074,2.49931,2.54705,0.0477411,60.0
1744878850612112.0,-1143.03,-3796.42,1.23074,2.49931,2.58047,0.0811524,60.0
1744878850632658.0,-1145.57,-3795.06,1.23039,2.54705,2.56652,0.0194673,60.0
1744878850653218.0,-1145.57,-3795.06,1.23039,2.54705,2.45936,-0.0876894,60.0
1744878850673859.0,-1147.69,-3793.01,1.22955,2.56652,2.5791,0.0125769,60.0
1744878850694573.0,-1147.69,-3793.01,1.22955,2.56652,2.44894,-0.117578,60.0
1744878850715631.0,-1150.23,-3791.65,1.2292,2.5791,2.56066,-0.0184361,60.0
1744878850735997.0,-1150.23,-3791.65,1.2292,2.5791,2.67267,0.0935684,60.0
1744878850756684.0,-1150.23,-3791.65,1.2292,2.5791,2.44587,-0.133227,60.0
1744878850777290.0,-1152.77,-3789.6,1.22845,2.67267,2.54754,-0.125128,60.0
1744878850797916.0,-1152.77,-3789.6,1.22845,2.67267,2.57815,-0.0945208,60.0
1744878850818531.0,-1155.31,-3787.55,1.22769,2.54754,2.48192,-0.0656129,60.0
1744878850839205.0,-1155.31,-3787.55,1.22769,2.54754,2.56783,0.0202965,60.0
1744878850859989.0,-1155.31,-3787.55,1.22769,2.54754,2.50572,-0.041818,60.0
1744878850880779.0,-1157.43,-3786.19,1.22727,2.56783,2.59769,0.0298547,60.0
1744878850901540.0,-1157.43,-3786.19,1.22727,2.56783,2.54176,-0.0260724,60.0
1744878850922361.0,-1159.97,-3784.14,1.22652,2.59769,2.44815,-0.149538,60.0
1744878850942951.0,-1159.97,-3784.14,1.22652,2.59769,2.50916,-0.088531,60.0
1744878850963655.0,-1159.97,-3784.14,1.22652,2.59769,2.63918,0.0414918,60.0
1744878850984269.0,-1162.52,-3782.78,1.22618,2.50916,2.49884,-0.0103147,60.0
1744878851004918.0,-1162.52,-3782.78,1.22618,2.50916,2.60821,0.099052,60.0
1744878851025579.0,-1165.06,-3780.73,1.22543,2.49884,2.60478,0.105938,60.0
1744878851046264.0,-1165.06,-3780.73,1.22543,2.49884,2.59074,0.0918969,60.0
1744878851067390.0,-1165.06,-3780.73,1.22543,2.49884,2.50352,0.00467338,60.0
1744878851087760.0,-1167.18,-3779.36,1.22501,2.59074,2.42806,-0.162683,60.0
1744878851108734.0,-1167.18,-3779.36,1.22501,2.59074,2.44478,-0.145959,60.0
1744878851129296.0,-1169.72,-3777.32,1.22427,2.42806,2.50482,0.0767674,60.0
1744878851149922.0,-1169.72,-3777.32,1.22427,2.42806,2.36263,-0.0654276,60.0
1744878851170663.0,-1172.26,-3775.95,1.22393,2.50482,2.48676,-0.0180608,60.0
1744878851191591.0,-1172.26,-3775.95,1.22393,2.50482,2.58769,0.0828615,60.0
1744878851212388.0,-1172.26,-3775.95,1.22393,2.50482,2.45588,-0.0489448,60.0
1744878851232806.0,-1174.8,-3773.9,1.22319,2.58769,2.61556,0.0278772,60.0
1744878851253611.0,-1174.8,-3773.9,1.22319,2.58769,2.48024,-0.107444,60.0
1744878851274280.0,-1176.92,-3771.86,1.22237,2.61556,2.72115,0.105592,60.0
1744878851295022.0,-1176.92,-3771.86,1.22237,2.61556,2.57831,-0.0372545,60.0
1744878851316222.0,-1176.92,-3771.86,1.22237,2.61556,2.55347,-0.0620889,60.0
1744878851336825.0,-1179.46,-3770.49,1.22203,2.57831,2.70146,0.123156,60.0
1744878851357172.0,-1179.46,-3770.49,1.22203,2.57831,2.64591,0.0676023,60.0
1744878851377937.0,-1182.0,-3768.45,1.2213,2.70146,2.57314,-0.128328,60.0
1744878851398622.0,-1182.0,-3768.45,1.2213,2.70146,2.55138,-0.150083,60.0
1744878851419563.0,-1182.0,-3768.45,1.2213,2.70146,2.75623,0.0547676,60.0
1744878851440493.0,-1184.54,-3767.08,1.22097,2.55138,2.55219,0.000806592,60.0
1744878851461217.0,-1184.54,-3767.08,1.22097,2.55138,2.46657,-0.0848098,60.0
1744878851482048.0,-1187.09,-3765.03,1.22023,2.55219,2.53115,-0.0210349,60.0
1744878851502765.0,-1187.09,-3765.03,1.22023,2.55219,2.4427,-0.109493,60.0
1744878851523657.0,-1187.09,-3765.03,1.22023,2.55219,2.45703,-0.0951613,60.0
1744878851544327.0,-1189.2,-3763.67,1.21982,2.4427,2.38748,-0.0552183,60.0
1744878851565030.0,-1189.2,-3763.67,1.21982,2.4427,2.56159,0.118892,60.0
1744878851585752.0,-1191.75,-3761.62,1.21909,2.38748,2.4691,0.0816249,60.0
1744878851606528.0,-1191.75,-3761.62,1.21909,2.38748,2.47093,0.0834501,60.0
1744878851627159.0,-1194.29,-3760.26,1.21877,2.4691,2.35088,-0.118223,60.0
1744878851648177.0,-1194.29,-3760.26,1.21877,2.4691,2.37559,-0.0935139,60.0
1744878851668591.0,-1194.29,-3760.26,1.21877,2.4691,2.53922,0.0701174,60.0
1744878851689396.0,-1196.83,-3758.21,1.21804,2.37559,2.52236,0.146775,60.0
1744878851710706.0,-1196.83,-3758.21,1.21804,2.37559,2.52463,0.149044,60.0
1744878851731046.0,-1199.37,-3756.85,1.21772,2.52236,2.36563,-0.156736,60.0
1744878851751924.0,-1199.37,-3756.85,1.21772,2.52236,2.59171,0.0693487,60.0
1744878851772210.0,-1199.37,-3756.85,1.21772,2.52236,2.63468,0.112311,60.0
1744878851793241.0,-1201.49,-3754.8,1.21691,2.59171,2.46004,-0.131668,60.0
1744878851813395.0,-1201.49,-3754.8,1.21691,2.59171,2.65599,0.0642801,60.0
1744878851834364.0,-1204.03,-3753.43,1.21659,2.46004,2.41882,-0.0412257,60.0
1744878851854673.0,-1204.03,-3753.43,1.21659,2.46004,2.53284,0.0727914,60.0
1744878851875825.0,-1204.03,-3753.43,1.21659,2.46004,2.44868,-0.0113657,60.0
1744878851896166.0,-1206.57,-3751.39,1.21587,2.53284,2.42094,-0.111901,60.0
1744878851916895.0,-1206.57,-3751.39,1.21587,2.53284,2.45841,-0.0744274,60.0
1744878851937728.0,-1209.12,-3749.34,1.21515,2.42094,2.50502,0.084081,60.0
1744878851958543.0,-1209.12,-3749.34,1.21515,2.42094,2.57667,0.155738,60.0
1744878851979422.0,-1209.12,-3749.34,1.21515,2.42094,2.54847,0.127539,60.0
1744878851999893.0,-1211.23,-3747.97,1.21475,2.57667,2.4949,-0.0817751,60.0
1744878852020670.0,-1211.23,-3747.97,1.21475,2.57667,2.5059,-0.0707703,60.0
1744878852041172.0,-1213.78,-3745.93,1.21404,2.4949,2.55231,0.0574119,60.0
1744878852061871.0,-1213.78,-3745.93,1.21404,2.4949,2.49299,-0.00190759,60.0
1744878852082591.0,-1216.32,-3744.56,1.21372,2.55231,2.60121,0.0488976,60.0
1744878852103265.0,-1216.32,-3744.56,1.21372,2.55231,2.49463,-0.0576851,60.0
1744878852124280.0,-1216.32,-3744.56,1.21372,2.55231,2.64449,0.0921774,60.0
1744878852144832.0,-1218.44,-3742.51,1.21293,2.49463,2.53962,0.0449904,60.0
1744878852165374.0,-1218.44,-3742.51,1.21293,2.49463,2.46962,-0.0250027,60.0
1744878852186026.0,-1220.98,-3741.15,1.21262,2.53962,2.43324,-0.106376,60.0
1744878852207041.0,-1220.98,-3741.15,1.21262,2.53962,2.45727,-0.0823432,60.0
1744878852227335.0,-1220.98,-3741.15,1.21262,2.53962,2.38478,-0.154837,60.0
1744878852248263.0,-1223.52,-3739.1,1.21191,2.45727,2.5272,0.0699283,60.0
1744878852268887.0,-1223.52,-3739.1,1.21191,2.45727,2.55733,0.100056,60.0
1744878852289591.0,-1226.06,-3737.06,1.2112,2.5272,2.49657,-0.030634,60.0
1744878852310238.0,-1226.06,-3737.06,1.2112,2.5272,2.43074,-0.0964605,60.0
1744878852330906.0,-1226.06,-3737.06,1.2112,2.5272,2.43071,-0.0964914,60.0
1744878852351474.0,-1228.18,-3735.69,1.21081,2.43074,2.33614,-0.0945988,60.0
1744878852372316.0,-1228.18,-3735.69,1.21081,2.43074,2.35986,-0.0708833,60.0
1744878852393091.0,-1230.72,-3733.64,1.2101,2.33614,2.34737,0.0112292,60.0
1744878852413797.0,-1230.72,-3733.64,1.2101,2.33614,2.49443,0.158293,60.0
1744878852435093.0,-1233.26,-3732.28,1.2098,2.34737,2.33593,-0.011441,60.0
1744878852455919.0,-1233.26,-3732.28,1.2098,2.34737,2.40094,0.0535715,60.0
1744878852476688.0,-1233.26,-3732.28,1.2098,2.34737,2.45306,0.105691,60.0
1744878852497391.0,-1235.38,-3730.23,1.20901,2.40094,2.26713,-0.133815,60.0
1744878852518075.0,-1235.38,-3730.23,1.20901,2.40094,2.33326,-0.0676864,60.0
1744878852538686.0,-1237.92,-3728.18,1.20831,2.26713,2.37965,0.112527,60.0
1744878852559466.0,-1237.92,-3728.18,1.20831,2.26713,2.31835,0.0512187,60.0
1744878852580068.0,-1237.92,-3728.18,1.20831,2.26713,2.39186,0.124729,60.0
1744878852600931.0,-1240.46,-3726.82,1.20801,2.31835,2.40953,0.0911836,60.0
1744878852621632.0,-1240.46,-3726.82,1.20801,2.31835,2.47137,0.153023,60.0
1744878852642073.0,-1242.58,-3724.77,1.20723,2.40953,2.34412,-0.0654119,60.0
1744878852662773.0,-1242.58,-3724.77,1.20723,2.40953,2.5014,0.0918689,60.0
1744878852683734.0,-1242.58,-3724.77,1.20723,2.40953,2.49569,0.0861623,60.0
1744878852704282.0,-1245.12,-3722.72,1.20653,2.5014,2.52882,0.0274208,60.0
1744878852724975.0,-1245.12,-3722.72,1.20653,2.5014,2.39545,-0.105951,60.0
1744878852745676.0,-1247.24,-3720.68,1.20576,2.52882,2.52265,-0.00617169,60.0
1744878852766407.0,-1247.24,-3720.68,1.20576,2.52882,2.52878,-3.69074e-05,60.0
1744878852786991.0,-1247.24,-3720.68,1.20576,2.52882,2.56478,0.035962,60.0
1744878852807548.0,-1249.78,-3719.31,1.20546,2.52878,2.53118,0.0023961,60.0
1744878852828178.0,-1249.78,-3719.31,1.20546,2.52878,2.39124,-0.137541,60.0
1744878852848937.0,-1251.9,-3717.26,1.20469,2.53118,2.50414,-0.0270342,60.0
1744878852869437.0,-1251.9,-3717.26,1.20469,2.53118,2.62654,0.095359,60.0
1744878852890322.0,-1254.44,-3715.22,1.204,2.50414,2.42891,-0.0752304,60.0
1744878852911191.0,-1254.44,-3715.22,1.204,2.50414,2.66594,0.161798,60.0
1744878852932165.0,-1254.44,-3715.22,1.204,2.50414,2.52272,0.0185788,60.0
1744878852953117.0,-1256.99,-3713.85,1.2037,2.66594,2.68512,0.0191824,60.0
1744878852973674.0,-1256.99,-3713.85,1.2037,2.66594,2.54905,-0.116893,60.0
1744878852993914.0,-1259.1,-3711.81,1.20293,2.68512,2.52831,-0.156809,60.0
1744878853014890.0,-1259.1,-3711.81,1.20293,2.68512,2.62051,-0.0646111,60.0
1744878853035570.0,-1259.1,-3711.81,1.20293,2.68512,2.62925,-0.0558704,60.0
1744878853056235.0,-1261.65,-3709.76,1.20225,2.62051,2.59263,-0.0278855,60.0
1744878853076881.0,-1261.65,-3709.76,1.20225,2.62051,2.46962,-0.150891,60.0
1744878853097601.0,-1264.19,-3708.39,1.20196,2.59263,2.49567,-0.0969549,60.0
1744878853118303.0,-1264.19,-3708.39,1.20196,2.59263,2.51647,-0.0761603,60.0
1744878853139006.0,-1264.19,-3708.39,1.20196,2.59263,2.54742,-0.0452026,60.0
1744878853159715.0,-1266.31,-3706.35,1.20119,2.51647,2.60367,0.087203,60.0
1744878853180351.0,-1266.31,-3706.35,1.20119,2.51647,2.4856,-0.0308691,60.0
1744878853201159.0,-1268.85,-3704.3,1.20051,2.60367,2.44808,-0.155588,60.0
1744878853222162.0,-1268.85,-3704.3,1.20051,2.60367,2.67221,0.0685439,60.0
1744878853242675.0,-1271.39,-3702.93,1.20023,2.44808,2.51402,0.0659386,60.0
1744878853263486.0,-1271.39,-3702.93,1.20023,2.44808,2.35532,-0.0927639,60.0
1744878853284022.0,-1271.39,-3702.93,1.20023,2.44808,2.56268,0.114595,60.0
1744878853304672.0,-1273.93,-3700.89,1.19955,2.35532,2.47587,0.120554,60.0
1744878853325422.0,-1273.93,-3700.89,1.19955,2.35532,2.35864,0.00332399,60.0
1744878853346013.0,-1276.05,-3699.52,1.19918,2.47587,2.56173,0.0858599,60.0
1744878853366924.0,-1276.05,-3699.52,1.19918,2.47587,2.44971,-0.026165,60.0
1744878853387625.0,-1276.05,-3699.52,1.19918,2.47587,2.56985,0.0939814,60.0
1744878853408204.0,-1278.59,-3697.47,1.19851,2.44971,2.40011,-0.0495952,60.0
1744878853429015.0,-1278.59,-3697.47,1.19851,2.44971,2.41688,-0.0328256,60.0
1744878853449826.0,-1281.13,-3695.43,1.19784,2.40011,2.47987,0.0797544,60.0
1744878853470581.0,-1281.13,-3695.43,1.19784,2.40011,2.2801,-0.120009,60.0
1744878853491242.0,-1281.13,-3695.43,1.19784,2.40011,2.42756,0.0274451,60.0
1744878853511974.0,-1283.25,-3694.06,1.19747,2.2801,2.24953,-0.0305756,60.0
1744878853532714.0,-1283.25,-3694.06,1.19747,2.2801,2.35664,0.0765397,60.0
1744878853553618.0,-1285.79,-3692.01,1.1968,2.24953,2.34361,0.0940865,60.0
1744878853574438.0,-1285.79,-3692.01,1.1968,2.24953,2.36659,0.11706,60.0
1744878853595292.0,-1285.79,-3692.01,1.1968,2.24953,2.41003,0.160505,60.0
1744878853615967.0,-1287.91,-3689.97,1.19605,2.36659,2.36275,-0.00384252,60.0
1744878853636717.0,-1287.91,-3689.97,1.19605,2.36659,2.46472,0.0981295,60.0
1744878853657577.0,-1290.45,-3688.6,1.19578,2.36275,2.48765,0.124907,60.0
1744878853678309.0,-1290.45,-3688.6,1.19578,2.36275,2.46765,0.104905,60.0
1744878853698766.0,-1292.57,-3686.56,1.19502,2.48765,2.41265,-0.0750031,60.0
1744878853719648.0,-1292.57,-3686.56,1.19502,2.48765,2.53243,0.0447809,60.0
1744878853740702.0,-1292.57,-3686.56,1.19502,2.48765,2.44364,-0.0440135,60.0
1744878853761894.0,-1295.11,-3684.51,1.19436,2.53243,2.52064,-0.0117983,60.0
1744878853782771.0,-1295.11,-3684.51,1.19436,2.53243,2.41338,-0.119052,60.0
1744878853803577.0,-1297.23,-3682.46,1.19361,2.52064,2.48075,-0.0398888,60.0
1744878853824204.0,-1297.23,-3682.46,1.19361,2.52064,2.51253,-0.00810394,60.0
1744878853844610.0,-1297.23,-3682.46,1.19361,2.52064,2.41854,-0.102097,60.0
1744878853865166.0,-1299.77,-3681.1,1.19334,2.51253,2.46991,-0.042618,60.0
1744878853885760.0,-1299.77,-3681.1,1.19334,2.51253,2.42898,-0.0835491,60.0
1744878853906415.0,-1302.32,-3679.05,1.19268,2.46991,2.3244,-0.145516,60.0
1744878853927160.0,-1302.32,-3679.05,1.19268,2.46991,2.57331,0.103391,60.0
1744878853948165.0,-1302.32,-3679.05,1.19268,2.46991,2.37698,-0.0929288,60.0
1744878853968573.0,-1304.43,-3677.0,1.19194,2.5733,2.59947,0.0261625,60.0
1744878853989351.0,-1304.43,-3677.0,1.19194,2.5733,2.52171,-0.0515922,60.0
1744878854009924.0,-1306.98,-3675.64,1.19168,2.59947,2.46147,-0.137997,60.0
1744878854030596.0,-1306.98,-3675.64,1.19168,2.59947,2.44112,-0.158351,60.0
1744878854051329.0,-1306.98,-3675.64,1.19168,2.59947,2.6996,0.100131,60.0
1744878854071742.0,-1309.09,-3673.59,1.19093,2.44112,2.48234,0.0412216,60.0
1744878854092316.0,-1309.09,-3673.59,1.19093,2.44112,2.55901,0.11789,60.0
1744878854113386.0,-1311.64,-3671.54,1.19028,2.48234,2.53536,0.0530206,60.0
1744878854133999.0,-1311.64,-3671.54,1.19028,2.48234,2.48272,0.000376907,60.0
1744878854154864.0,-1314.18,-3669.49,1.18963,2.53536,2.58219,0.0468265,60.0
1744878854175648.0,-1314.18,-3669.49,1.18963,2.53536,2.4587,-0.0766566,60.0
1744878854196305.0,-1314.18,-3669.49,1.18963,2.53536,2.42792,-0.107436,60.0
1744878854216964.0,-1316.3,-3668.13,1.18928,2.4587,2.50152,0.0428125,60.0
1744878854237685.0,-1316.3,-3668.13,1.18928,2.4587,2.49213,0.033426,60.0
1744878854258332.0,-1318.84,-3666.08,1.18863,2.50151,2.58354,0.0820233,60.0
1744878854279349.0,-1318.84,-3666.08,1.18863,2.50151,2.57441,0.0728964,60.0
1744878854300229.0,-1318.84,-3666.08,1.18863,2.50151,2.35116,-0.150358,60.0
1744878854320857.0,-1320.96,-3664.03,1.1879,2.57441,2.47995,-0.094462,60.0
1744878854341659.0,-1320.96,-3664.03,1.1879,2.57441,2.42919,-0.145221,60.0
1744878854362414.0,-1323.5,-3662.67,1.18764,2.47995,2.5056,0.0256484,60.0
1744878854383307.0,-1323.5,-3662.67,1.18764,2.47995,2.50713,0.0271841,60.0
1744878854403968.0,-1323.5,-3662.67,1.18764,2.47995,2.51643,0.0364811,60.0
1744878854424881.0,-1326.04,-3660.62,1.187,2.50713,2.54434,0.0372071,60.0
1744878854445631.0,-1326.04,-3660.62,1.187,2.50713,2.62733,0.1202,60.0
1744878854466224.0,-1328.16,-3658.57,1.18627,2.54434,2.38693,-0.157406,60.0
1744878854486958.0,-1328.16,-3658.57,1.18627,2.54434,2.39539,-0.148947,60.0
1744878854507640.0,-1330.7,-3657.21,1.18602,2.39539,2.55647,0.161079,60.0
1744878854528496.0,-1330.7,-3657.21,1.18602,2.39539,2.51109,0.115694,60.0
1744878854549181.0,-1330.7,-3657.21,1.18602,2.39539,2.55144,0.156046,60.0
1744878854569648.0,-1333.24,-3655.16,1.18538,2.51109,2.47707,-0.0340139,60.0
1744878854590325.0,-1333.24,-3655.16,1.18538,2.51109,2.39534,-0.115744,60.0
1744878854611065.0,-1335.36,-3653.12,1.18465,2.47707,2.62214,0.145063,60.0
1744878854631782.0,-1335.36,-3653.12,1.18465,2.47707,2.63046,0.153384,60.0
1744878854652502.0,-1335.36,-3653.12,1.18465,2.47707,2.56345,0.0863722,60.0
1744878854673275.0,-1337.9,-3651.75,1.18441,2.63046,2.66153,0.0310705,60.0
1744878854693996.0,-1337.9,-3651.75,1.18441,2.63046,2.60913,-0.0213254,60.0
1744878854714886.0,-1340.44,-3649.7,1.18377,2.66153,2.55517,-0.106362,60.0
1744878854735233.0,-1340.44,-3649.7,1.18377,2.66153,2.60616,-0.0553638,60.0
1744878854755834.0,-1340.44,-3649.7,1.18377,2.66153,2.67917,0.0176376,60.0
1744878854776478.0,-1342.56,-3648.34,1.18344,2.60616,2.56243,-0.0437336,60.0
1744878854797153.0,-1342.56,-3648.34,1.18344,2.60616,2.5774,-0.0287693,60.0
1744878854817825.0,-1345.1,-3646.29,1.18281,2.56243,2.563,0.000572998,60.0
1744878854838456.0,-1345.1,-3646.29,1.18281,2.56243,2.72324,0.160806,60.0
1744878854859125.0,-1345.1,-3646.29,1.18281,2.56243,2.57299,0.0105604,60.0
1744878854879919.0,-1347.64,-3644.24,1.18218,2.72324,2.7661,0.0428607,60.0
1744878854900627.0,-1347.64,-3644.24,1.18218,2.72324,2.59857,-0.124663,60.0
1744878854921335.0,-1349.76,-3642.88,1.18185,2.7661,2.60891,-0.157182,60.0
1744878854941978.0,-1349.76,-3642.88,1.18185,2.7661,2.65019,-0.115908,60.0
1744878854962605.0,-1349.76,-3642.88,1.18185,2.7661,2.65028,-0.115812,60.0
1744878854983464.0,-1352.3,-3640.83,1.18122,2.65019,2.6321,-0.0180887,60.0
1744878855004482.0,-1352.3,-3640.83,1.18122,2.65019,2.67227,0.0220766,60.0
1744878855026314.0,-1354.85,-3639.47,1.18098,2.6321,2.55571,-0.0763947,60.0
1744878855048058.0,-1354.85,-3639.47,1.18098,2.6321,2.59449,-0.0376122,60.0
1744878855068753.0,-1357.39,-3637.42,1.18036,2.55571,2.49978,-0.0559298,60.0
1744878855089616.0,-1357.39,-3637.42,1.18036,2.55571,2.55782,0.00211887,60.0
1744878855110232.0,-1357.39,-3637.42,1.18036,2.55571,2.57082,0.0151133,60.0
1744878855131159.0,-1359.93,-3636.05,1.18013,2.55782,2.52123,-0.0365989,60.0
1744878855151973.0,-1359.93,-3636.05,1.18013,2.55782,2.41706,-0.140762,60.0
1744878855173449.0,-1362.47,-3634.01,1.17951,2.52123,2.66188,0.140656,60.0
1744878855194426.0,-1362.47,-3634.01,1.17951,2.52123,2.52435,0.00311986,60.0
1744878855215180.0,-1362.47,-3634.01,1.17951,2.52123,2.57989,0.0586622,60.0
1744878855236050.0,-1364.59,-3632.64,1.17918,2.52435,2.39629,-0.128052,60.0
1744878855256583.0,-1364.59,-3632.64,1.17918,2.52435,2.55062,0.0262703,60.0
1744878855277393.0,-1367.13,-3630.6,1.17856,2.39629,2.46346,0.0671714,60.0
1744878855298265.0,-1367.13,-3630.6,1.17856,2.39629,2.54336,0.147067,60.0
1744878855318580.0,-1369.67,-3629.23,1.17834,2.46346,2.43457,-0.028898,60.0
1744878855339542.0,-1369.67,-3629.23,1.17834,2.46346,2.35973,-0.103735,60.0
1744878855360152.0,-1369.67,-3629.23,1.17834,2.46346,2.62316,0.159695,60.0
1744878855380628.0,-1372.21,-3627.18,1.17772,2.35973,2.45246,0.092732,60.0
1744878855401330.0,-1372.21,-3627.18,1.17772,2.35973,2.34459,-0.0151403,60.0
1744878855422587.0,-1374.76,-3625.82,1.1775,2.45246,2.51391,0.0614486,60.0
1744878855443234.0,-1374.76,-3625.82,1.1775,2.45246,2.56145,0.108993,60.0
1744878855464396.0,-1374.76,-3625.82,1.1775,2.45246,2.53326,0.0807954,60.0
1744878855484979.0,-1376.87,-3623.77,1.17679,2.56145,2.60231,0.0408587,60.0
1744878855505652.0,-1376.87,-3623.77,1.17679,2.56145,2.64953,0.0880729,60.0
1744878855526397.0,-1379.42,-3622.41,1.17657,2.60231,2.4431,-0.159215,60.0
1744878855546968.0,-1379.42,-3622.41,1.17657,2.60231,2.60819,0.00587571,60.0
1744878855567791.0,-1379.42,-3622.41,1.17657,2.60231,2.46489,-0.137424,60.0
1744878855588615.0,-1381.96,-3620.36,1.17596,2.60819,2.50177,-0.106418,60.0
1744878855609174.0,-1381.96,-3620.36,1.17596,2.60819,2.54971,-0.0584828,60.0
1744878855629878.0,-1384.5,-3618.31,1.17535,2.50177,2.45722,-0.0445502,60.0
1744878855650553.0,-1384.5,-3618.31,1.17535,2.50177,2.39894,-0.102827,60.0
1744878855671545.0,-1386.62,-3616.95,1.17504,2.39894,2.35355,-0.0453936,60.0
1744878855692136.0,-1386.62,-3616.95,1.17504,2.39894,2.3878,-0.0111486,60.0
1744878855712641.0,-1386.62,-3616.95,1.17504,2.39894,2.40628,0.00733718,60.0
1744878855733311.0,-1389.16,-3614.9,1.17444,2.3878,2.52065,0.132853,60.0
1744878855754014.0,-1389.16,-3614.9,1.17444,2.3878,2.38074,-0.00705824,60.0
1744878855774681.0,-1391.7,-3613.53,1.17422,2.52065,2.51786,-0.00278541,60.0
1744878855795536.0,-1391.7,-3613.53,1.17422,2.52065,2.62422,0.103571,60.0
1744878855816151.0,-1391.7,-3613.53,1.17422,2.52065,2.50987,-0.0107759,60.0
1744878855836442.0,-1394.24,-3611.49,1.17362,2.62422,2.67701,0.0527862,60.0
1744878855857215.0,-1394.24,-3611.49,1.17362,2.62422,2.58649,-0.0377282,60.0
1744878855877846.0,-1396.36,-3610.12,1.17331,2.67701,2.67675,-0.00026111,60.0
1744878855898746.0,-1396.36,-3610.12,1.17331,2.67701,2.69534,0.0183292,60.0
1744878855919124.0,-1396.36,-3610.12,1.17331,2.67701,2.58338,-0.0936236,60.0
1744878855940615.0,-1398.9,-3608.08,1.17271,2.69534,2.60586,-0.0894807,60.0
1744878855961418.0,-1398.9,-3608.08,1.17271,2.69534,2.55219,-0.143148,60.0
1744878855981834.0,-1401.44,-3606.71,1.1725,2.60586,2.52348,-0.0823735,60.0
1744878856002545.0,-1401.44,-3606.71,1.1725,2.60586,2.59647,-0.00938322,60.0
1744878856023223.0,-1401.44,-3606.71,1.1725,2.60586,2.53434,-0.0715139,60.0
1744878856043924.0,-1403.99,-3604.66,1.17191,2.59647,2.48726,-0.109208,60.0
1744878856064558.0,-1403.99,-3604.66,1.17191,2.59647,2.43751,-0.158963,60.0
1744878856085233.0,-1406.53,-3603.3,1.1717,2.48726,2.60436,0.1171,60.0
1744878856105925.0,-1406.53,-3603.3,1.1717,2.48726,2.57043,0.0831636,60.0
1744878856126601.0,-1409.07,-3601.25,1.17111,2.60436,2.55647,-0.0478964,60.0
1744878856147294.0,-1409.07,-3601.25,1.17111,2.60436,2.58008,-0.0242809,60.0
1744878856168235.0,-1409.07,-3601.25,1.17111,2.60436,2.49912,-0.105243,60.0
1744878856189260.0,-1411.19,-3599.89,1.17081,2.58008,2.51553,-0.0645485,60.0
1744878856209737.0,-1411.19,-3599.89,1.17081,2.58008,2.49176,-0.0883242,60.0
1744878856230616.0,-1413.73,-3597.84,1.17022,2.51553,2.67537,0.15984,60.0
1744878856251209.0,-1413.73,-3597.84,1.17022,2.51553,2.41527,-0.100265,60.0
1744878856272165.0,-1413.73,-3597.84,1.17022,2.51553,2.35913,-0.156409,60.0
1744878856293195.0,-1416.27,-3596.47,1.17002,2.41527,2.54486,0.129586,60.0
1744878856313964.0,-1416.27,-3596.47,1.17002,2.41527,2.36313,-0.0521419,60.0
1744878856335013.0,-1418.81,-3594.43,1.16943,2.54486,2.62401,0.0791572,60.0
1744878856355503.0,-1418.81,-3594.43,1.16943,2.54486,2.49111,-0.0537488,60.0
1744878856376215.0,-1418.81,-3594.43,1.16943,2.54486,2.64751,0.102654,60.0
1744878856397341.0,-1421.35,-3593.06,1.16923,2.49111,2.45438,-0.0367315,60.0
1744878856418146.0,-1421.35,-3593.06,1.16923,2.49111,2.62644,0.135338,60.0
1744878856439108.0,-1423.9,-3591.01,1.16865,2.45438,2.54778,0.0934023,60.0
1744878856460000.0,-1423.9,-3591.01,1.16865,2.45438,2.54503,0.0906588,60.0
1744878856481005.0,-1423.9,-3591.01,1.16865,2.45438,2.37132,-0.0830505,60.0
1744878856501745.0,-1426.01,-3589.65,1.16836,2.54503,2.60412,0.0590897,60.0
1744878856522210.0,-1426.01,-3589.65,1.16836,2.54503,2.57025,0.0252175,60.0
1744878856542910.0,-1428.56,-3587.6,1.16778,2.60412,2.59573,-0.00839213,60.0
1744878856563820.0,-1428.56,-3587.6,1.16778,2.60412,2.5906,-0.0135281,60.0
1744878856584466.0,-1431.1,-3586.24,1.16758,2.59573,2.62767,0.0319363,60.0
1744878856605512.0,-1431.1,-3586.24,1.16758,2.59573,2.64467,0.0489387,60.0
1744878856626049.0,-1431.1,-3586.24,1.16758,2.59573,2.48439,-0.111341,60.0
1744878856646882.0,-1433.64,-3584.19,1.167,2.64467,2.59662,-0.0480506,60.0
1744878856667484.0,-1433.64,-3584.19,1.167,2.64467,2.51578,-0.128895,60.0
1744878856688234.0,-1436.18,-3582.83,1.16681,2.59662,2.61388,0.017264,60.0
1744878856708833.0,-1436.18,-3582.83,1.16681,2.59662,2.4517,-0.144924,60.0
1744878856729688.0,-1436.18,-3582.83,1.16681,2.59662,2.47693,-0.119685,60.0
1744878856750235.0,-1438.72,-3580.78,1.16624,2.4517,2.43862,-0.0130714,60.0
1744878856771126.0,-1438.72,-3580.78,1.16624,2.4517,2.40635,-0.0453405,60.0
1744878856792014.0,-1440.84,-3579.41,1.16595,2.43862,2.54097,0.102342,60.0
1744878856812452.0,-1440.84,-3579.41,1.16595,2.43862,2.4762,0.0375731,60.0
1744878856833215.0,-1440.84,-3579.41,1.16595,2.43862,2.48212,0.0434953,60.0
1744878856854774.0,-1443.38,-3577.37,1.16538,2.4762,2.49703,0.0208328,60.0
1744878856876039.0,-1443.38,-3577.37,1.16538,2.4762,2.39791,-0.0782854,60.0
1744878856897254.0,-1445.92,-3576.0,1.1652,2.49703,2.5083,0.0112712,60.0
1744878856918117.0,-1445.92,-3576.0,1.1652,2.49703,2.49184,-0.00519277,60.0
1744878856939598.0,-1448.47,-3573.95,1.16463,2.5083,2.64502,0.13672,60.0
1744878856960118.0,-1448.47,-3573.95,1.16463,2.5083,2.65234,0.144034,60.0
1744878856980740.0,-1448.47,-3573.95,1.16463,2.5083,2.60325,0.094947,60.0
1744878857001593.0,-1451.01,-3572.59,1.16444,2.65234,2.61344,-0.0388977,60.0
1744878857022305.0,-1451.01,-3572.59,1.16444,2.65234,2.51744,-0.13489,60.0
1744878857043247.0,-1453.13,-3570.54,1.16378,2.61344,2.68384,0.0704058,60.0
1744878857064400.0,-1453.13,-3570.54,1.16378,2.61344,2.53514,-0.0782981,60.0
1744878857086703.0,-1453.13,-3570.54,1.16378,2.61344,2.59078,-0.0226614,60.0
1744878857107293.0,-1455.67,-3569.18,1.1636,2.53514,2.57171,0.0365696,60.0
1744878857128408.0,-1455.67,-3569.18,1.1636,2.53514,2.53261,-0.00252887,60.0
1744878857150035.0,-1458.21,-3567.13,1.16304,2.57171,2.46906,-0.10265,60.0
1744878857170956.0,-1458.21,-3567.13,1.16304,2.57171,2.5845,0.0127914,60.0
1744878857191600.0,-1460.75,-3565.77,1.16286,2.46906,2.49254,0.0234845,60.0
1744878857212929.0,-1460.75,-3565.77,1.16286,2.46906,2.40996,-0.0591016,60.0
1744878857233918.0,-1460.75,-3565.77,1.16286,2.46906,2.60318,0.134116,60.0
1744878857254200.0,-1463.29,-3563.72,1.1623,2.40996,2.55505,0.145097,60.0
1744878857275079.0,-1463.29,-3563.72,1.1623,2.40996,2.46812,0.058158,60.0
1744878857296095.0,-1465.83,-3562.35,1.16213,2.55505,2.45641,-0.0986422,60.0
1744878857316830.0,-1465.83,-3562.35,1.16213,2.55505,2.64676,0.0917061,60.0
1744878857337212.0,-1465.83,-3562.35,1.16213,2.55505,2.59621,0.0411601,60.0
1744878857357870.0,-1467.95,-3560.31,1.16147,2.64676,2.56782,-0.0789404,60.0
1744878857378686.0,-1467.95,-3560.31,1.16147,2.64676,2.69521,0.0484525,60.0
1744878857399544.0,-1470.49,-3558.94,1.1613,2.56782,2.43332,-0.134504,60.0
1744878857420308.0,-1470.49,-3558.94,1.1613,2.56782,2.51561,-0.0522134,60.0
1744878857441465.0,-1470.49,-3558.94,1.1613,2.56782,2.51399,-0.0538352,60.0
1744878857461841.0,-1473.04,-3556.89,1.16075,2.51561,2.36531,-0.150293,60.0
1744878857482867.0,-1473.04,-3556.89,1.16075,2.51561,2.3841,-0.131505,60.0
1744878857503838.0,-1475.58,-3555.53,1.16058,2.36531,2.47371,0.108395,60.0
1744878857524292.0,-1475.58,-3555.53,1.16058,2.36531,2.39211,0.0267914,60.0
1744878857545079.0,-1475.58,-3555.53,1.16058,2.36531,2.35204,-0.013278,60.0
1744878857565808.0,-1478.12,-3553.48,1.16003,2.39211,2.46414,0.0720324,60.0
1744878857586302.0,-1478.12,-3553.48,1.16003,2.39211,2.38118,-0.0109271,60.0
1744878857606972.0,-1480.24,-3552.12,1.15976,2.46414,2.37267,-0.0914699,60.0
1744878857627716.0,-1480.24,-3552.12,1.15976,2.46414,2.4513,-0.0128358,60.0
1744878857648372.0,-1480.24,-3552.12,1.15976,2.46414,2.32061,-0.143529,60.0
1744878857669118.0,-1482.78,-3550.07,1.15922,2.4513,2.44802,-0.00328249,60.0
1744878857689931.0,-1482.78,-3550.07,1.15922,2.4513,2.45389,0.00259152,60.0
1744878857710594.0,-1485.32,-3548.7,1.15905,2.44802,2.30584,-0.142175,60.0
1744878857731216.0,-1485.32,-3548.7,1.15905,2.44802,2.59636,0.148339,60.0
1744878857751872.0,-1485.32,-3548.7,1.15905,2.44802,2.51254,0.0645214,60.0
1744878857773057.0,-1487.86,-3546.66,1.15851,2.59636,2.68328,0.0869255,60.0
1744878857793214.0,-1487.86,-3546.66,1.15851,2.59636,2.45358,-0.142774,60.0
1744878857814065.0,-1489.98,-3544.61,1.15787,2.68328,2.59919,-0.0840973,60.0
1744878857834586.0,-1489.98,-3544.61,1.15787,2.68328,2.5644,-0.118884,60.0
1744878857858667.0,-1492.52,-3543.24,1.15771,2.59919,2.66086,0.0616753,60.0
1744878857879198.0,-1492.52,-3543.24,1.15771,2.59919,2.44438,-0.154809,60.0
1744878857899780.0,-1492.52,-3543.24,1.15771,2.59919,2.74974,0.150548,60.0
1744878857920257.0,-1495.06,-3541.2,1.15717,2.44438,2.52305,0.0786707,60.0
1744878857941371.0,-1495.06,-3541.2,1.15717,2.44438,2.47958,0.0352056,60.0
1744878857961614.0,-1497.61,-3539.83,1.15701,2.52305,2.56943,0.0463786,60.0
1744878857982467.0,-1497.61,-3539.83,1.15701,2.52305,2.43719,-0.0858599,60.0
1744878858002985.0,-1497.61,-3539.83,1.15701,2.52305,2.43313,-0.0899162,60.0
1744878858023502.0,-1500.15,-3537.79,1.15647,2.43719,2.40606,-0.031124,60.0
1744878858044504.0,-1500.15,-3537.79,1.15647,2.43719,2.54222,0.105032,60.0
1744878858065725.0,-1502.27,-3536.42,1.15622,2.40606,2.54682,0.140757,60.0
1744878858086433.0,-1502.27,-3536.42,1.15622,2.40606,2.39884,-0.00722198,60.0
1744878858107123.0,-1502.27,-3536.42,1.15622,2.40606,2.53985,0.133787,60.0
1744878858127604.0,-1504.81,-3534.37,1.15569,2.39884,2.45178,0.052935,60.0
1744878858148319.0,-1504.81,-3534.37,1.15569,2.39884,2.41279,0.0139484,60.0
1744878858168762.0,-1507.35,-3532.33,1.15516,2.45178,2.45458,0.0027998,60.0
1744878858189419.0,-1507.35,-3532.33,1.15516,2.45178,2.52532,0.0735469,60.0
1744878858210182.0,-1507.35,-3532.33,1.15516,2.45178,2.38409,-0.0676893,60.0
1744878858230905.0,-1509.47,-3530.96,1.1549,2.52532,2.51208,-0.0132435,60.0
1744878858251892.0,-1509.47,-3530.96,1.1549,2.52532,2.47088,-0.0544427,60.0
1744878858272628.0,-1512.01,-3528.91,1.15438,2.51208,2.62757,0.115487,60.0
1744878858293389.0,-1512.01,-3528.91,1.15438,2.51208,2.45869,-0.0533906,60.0
1744878858313966.0,-1514.55,-3527.55,1.15423,2.62757,2.47538,-0.15219,60.0
1744878858334561.0,-1514.55,-3527.55,1.15423,2.62757,2.47248,-0.155088,60.0
1744878858355392.0,-1514.55,-3527.55,1.15423,2.62757,2.47327,-0.154296,60.0
1744878858376014.0,-1517.09,-3525.5,1.1537,2.47248,2.41914,-0.0533395,60.0
1744878858396813.0,-1517.09,-3525.5,1.1537,2.47248,2.63604,0.163558,60.0
1744878858417606.0,-1519.21,-3523.45,1.15308,2.41914,2.46961,0.0504699,60.0
1744878858438426.0,-1519.21,-3523.45,1.15308,2.41914,2.36178,-0.0573641,60.0
1744878858459296.0,-1519.21,-3523.45,1.15308,2.41914,2.42938,0.0102387,60.0
1744878858479914.0,-1521.75,-3522.09,1.15293,2.36178,2.47493,0.113158,60.0
1744878858500686.0,-1521.75,-3522.09,1.15293,2.36178,2.37175,0.00997276,60.0
1744878858521403.0,-1524.29,-3520.04,1.15241,2.47493,2.51466,0.0397295,60.0
1744878858542170.0,-1524.29,-3520.04,1.15241,2.47493,2.42023,-0.0547089,60.0
1744878858562879.0,-1524.29,-3520.04,1.15241,2.47493,2.5783,0.103367,60.0
1744878858583608.0,-1526.41,-3518.68,1.15217,2.42023,2.49361,0.0733865,60.0
1744878858604295.0,-1526.41,-3518.68,1.15217,2.42023,2.52638,0.106153,60.0
1744878858624970.0,-1528.95,-3516.63,1.15165,2.49361,2.46097,-0.0326452,60.0
1744878858645663.0,-1528.95,-3516.63,1.15165,2.49361,2.5359,0.0422837,60.0
1744878858666531.0,-1531.5,-3514.58,1.15114,2.5359,2.43699,-0.0989022,60.0
1744878858687177.0,-1531.5,-3514.58,1.15114,2.5359,2.43876,-0.0971354,60.0
1744878858708155.0,-1531.5,-3514.58,1.15114,2.5359,2.67985,0.143957,60.0
1744878858728740.0,-1533.61,-3513.22,1.1509,2.43876,2.49925,0.0604863,60.0
1744878858749472.0,-1533.61,-3513.22,1.1509,2.43876,2.50941,0.0706495,60.0
1744878858770186.0,-1536.16,-3511.17,1.15038,2.49925,2.6098,0.110555,60.0
1744878858790789.0,-1536.16,-3511.17,1.15038,2.49925,2.6248,0.125555,60.0
1744878858811444.0,-1536.16,-3511.17,1.15038,2.49925,2.42791,-0.0713363,60.0
1744878858832228.0,-1538.7,-3509.12,1.14987,2.6248,2.57051,-0.0542956,60.0
1744878858853043.0,-1538.7,-3509.12,1.14987,2.6248,2.5733,-0.0515037,60.0
1744878858873967.0,-1540.82,-3507.76,1.14964,2.57051,2.63207,0.0615692,60.0
1744878858894546.0,-1540.82,-3507.76,1.14964,2.57051,2.50866,-0.0618432,60.0
1744878858915325.0,-1540.82,-3507.76,1.14964,2.57051,2.59712,0.0266117,60.0
1744878858936033.0,-1543.36,-3505.71,1.14913,2.50866,2.48861,-0.0200542,60.0
1744878858956573.0,-1543.36,-3505.71,1.14913,2.50866,2.48419,-0.0244762,60.0
1744878858977012.0,-1545.9,-3503.66,1.14862,2.48861,2.50674,0.0181344,60.0
1744878858997423.0,-1545.9,-3503.66,1.14862,2.48861,2.40786,-0.0807452,60.0
1744878859017933.0,-1545.9,-3503.66,1.14862,2.48861,2.56287,0.0742648,60.0
1744878859038424.0,-1548.02,-3502.3,1.14839,2.40786,2.47778,0.0699163,60.0
1744878859059202.0,-1548.02,-3502.3,1.14839,2.40786,2.45734,0.0494727,60.0
1744878859080059.0,-1550.56,-3500.25,1.14789,2.47778,2.33205,-0.145726,60.0
1744878859100497.0,-1550.56,-3500.25,1.14789,2.47778,2.59024,0.112458,60.0
1744878859121187.0,-1550.56,-3500.25,1.14789,2.47778,2.36202,-0.115758,60.0
1744878859142264.0,-1553.1,-3498.88,1.14776,2.59024,2.61033,0.0200898,60.0
1744878859162868.0,-1553.1,-3498.88,1.14776,2.59024,2.544,-0.0462362,60.0
1744878859183224.0,-1555.22,-3496.84,1.14716,2.61033,2.55839,-0.0519393,60.0
1744878859204257.0,-1555.22,-3496.84,1.14716,2.61033,2.57793,-0.0323947,60.0
1744878859224691.0,-1555.22,-3496.84,1.14716,2.61033,2.51004,-0.100283,60.0
1744878859245484.0,-1557.76,-3494.79,1.14666,2.57793,2.57174,-0.00619465,60.0
1744878859267291.0,-1557.76,-3494.79,1.14666,2.57793,2.53371,-0.0442226,60.0
1744878859288056.0,-1560.3,-3493.43,1.14653,2.57174,2.41038,-0.161356,60.0
1744878859308699.0,-1560.3,-3493.43,1.14653,2.57174,2.6535,0.0817635,60.0
1744878859329629.0,-1562.84,-3491.38,1.14604,2.41038,2.57036,0.159983,60.0
1744878859350463.0,-1562.84,-3491.38,1.14604,2.41038,2.52931,0.118933,60.0
1744878859371204.0,-1562.84,-3491.38,1.14604,2.41038,2.3079,-0.102485,60.0
1744878859392032.0,-1564.96,-3490.01,1.14581,2.52931,2.44622,-0.0830913,60.0
1744878859412567.0,-1564.96,-3490.01,1.14581,2.52931,2.61946,0.0901411,60.0
1744878859433133.0,-1567.5,-3487.97,1.14532,2.44622,2.48004,0.0338177,60.0
1744878859454251.0,-1567.5,-3487.97,1.14532,2.44622,2.50632,0.0600992,60.0
1744878859474657.0,-1567.5,-3487.97,1.14532,2.44622,2.60389,0.157666,60.0
1744878859495531.0,-1570.05,-3485.92,1.14483,2.50632,2.40152,-0.104799,60.0
1744878859516471.0,-1570.05,-3485.92,1.14483,2.50632,2.47685,-0.0294755,60.0
1744878859537172.0,-1572.16,-3484.55,1.14461,2.40152,2.43711,0.0355904,60.0
1744878859558078.0,-1572.16,-3484.55,1.14461,2.40152,2.47586,0.0743406,60.0
1744878859578688.0,-1572.16,-3484.55,1.14461,2.40152,2.5637,0.162179,60.0
1744878859599923.0,-1574.71,-3482.51,1.14412,2.47586,2.47448,-0.00138111,60.0
1744878859620680.0,-1574.71,-3482.51,1.14412,2.47586,2.42736,-0.0484988,60.0
1744878859641347.0,-1577.25,-3481.14,1.14401,2.47448,2.54412,0.069635,60.0
1744878859661871.0,-1577.25,-3481.14,1.14401,2.47448,2.61598,0.141502,60.0
1744878859682551.0,-1579.37,-3479.09,1.14342,2.54412,2.54171,-0.00241208,60.0
1744878859703174.0,-1579.37,-3479.09,1.14342,2.54412,2.57977,0.0356548,60.0
1744878859723782.0,-1579.37,-3479.09,1.14342,2.54412,2.44314,-0.100977,60.0
1744878859744774.0,-1581.91,-3477.05,1.14293,2.57977,2.51114,-0.0686286,60.0
1744878859765114.0,-1581.91,-3477.05,1.14293,2.57977,2.62067,0.0408977,60.0
1744878859785785.0,-1584.45,-3475.68,1.14282,2.51114,2.50447,-0.0066742,60.0
1744878859806478.0,-1584.45,-3475.68,1.14282,2.51114,2.67261,0.161466,60.0
1744878859827195.0,-1584.45,-3475.68,1.14282,2.51114,2.44905,-0.0620937,60.0
1744878859847896.0,-1586.57,-3473.63,1.14224,2.67261,2.5097,-0.162908,60.0
1744878859868648.0,-1586.57,-3473.63,1.14224,2.67261,2.57281,-0.0998004,60.0
1744878859889346.0,-1589.11,-3471.59,1.14176,2.5097,2.46978,-0.0399205,60.0
1744878859911410.0,-1589.11,-3471.59,1.14176,2.5097,2.60832,0.0986163,60.0
1744878859932044.0,-1589.11,-3471.59,1.14176,2.5097,2.51016,0.000459968,60.0
1744878859952777.0,-1591.65,-3470.22,1.14165,2.60832,2.68606,0.0777438,60.0
1744878859973631.0,-1591.65,-3470.22,1.14165,2.60832,2.52801,-0.0803046,60.0
1744878859994081.0,-1594.19,-3468.17,1.14118,2.68606,2.58801,-0.0980524,60.0
1744878860014608.0,-1594.19,-3468.17,1.14118,2.68606,2.5901,-0.0959652,60.0
1744878860035783.0,-1594.19,-3468.17,1.14118,2.68606,2.68115,-0.00491009,60.0
1744878860056404.0,-1596.73,-3466.81,1.14108,2.5901,2.56185,-0.0282508,60.0
1744878860077157.0,-1596.73,-3466.81,1.14108,2.5901,2.65443,0.0643368,60.0
1744878860097872.0,-1598.85,-3464.76,1.1405,2.56185,2.47557,-0.0862752,60.0
1744878860118316.0,-1598.85,-3464.76,1.1405,2.56185,2.69113,0.129288,60.0
1744878860139061.0,-1601.39,-3463.4,1.1404,2.47557,2.6062,0.130633,60.0
1744878860159702.0,-1601.39,-3463.4,1.1404,2.47557,2.55753,0.0819588,60.0
1744878860180837.0,-1601.39,-3463.4,1.1404,2.47557,2.63296,0.157392,60.0
1744878860201693.0,-1603.94,-3461.35,1.13993,2.55753,2.55014,-0.00738718,60.0
1744878860222067.0,-1603.94,-3461.35,1.13993,2.55753,2.56666,0.00912659,60.0
1744878860243522.0,-1606.48,-3459.98,1.13983,2.55014,2.59697,0.0468299,60.0
1744878860263637.0,-1606.48,-3459.98,1.13983,2.55014,2.58441,0.0342675,60.0
1744878860284310.0,-1606.48,-3459.98,1.13983,2.55014,2.39705,-0.153094,60.0
1744878860306751.0,-1609.02,-3457.94,1.13936,2.58441,2.50712,-0.0772941,60.0
1744878860327306.0,-1609.02,-3457.94,1.13936,2.58441,2.6418,0.0573849,60.0
1744878860348146.0,-1611.14,-3456.57,1.13916,2.50712,2.62115,0.114034,60.0
1744878860368774.0,-1611.14,-3456.57,1.13916,2.50712,2.37734,-0.12978,60.0
1744878860389523.0,-1611.14,-3456.57,1.13916,2.50712,2.59592,0.0888082,60.0
1744878860410112.0,-1613.68,-3454.52,1.1387,2.37734,2.39335,0.0160167,60.0
1744878860431008.0,-1613.68,-3454.52,1.1387,2.37734,2.37471,-0.0026239,60.0
1744878860451754.0,-1616.22,-3453.16,1.13861,2.39335,2.40161,0.00825419,60.0
1744878860472832.0,-1616.22,-3453.16,1.13861,2.39335,2.55523,0.161877,60.0
1744878860493239.0,-1618.76,-3451.11,1.13815,2.40161,2.51327,0.111665,60.0
1744878860514184.0,-1618.76,-3451.11,1.13815,2.40161,2.49781,0.0962055,60.0
1744878860534896.0,-1618.76,-3451.11,1.13815,2.40161,2.43537,0.0337614,60.0
1744878860555481.0,-1620.88,-3449.06,1.13758,2.49781,2.50767,0.00986099,60.0
1744878860575952.0,-1620.88,-3449.06,1.13758,2.49781,2.38528,-0.112528,60.0
1744878860596777.0,-1623.42,-3447.7,1.13749,2.50767,2.51266,0.00498975,60.0
1744878860617541.0,-1623.42,-3447.7,1.13749,2.50767,2.50053,-0.00713961,60.0
1744878860638144.0,-1623.42,-3447.7,1.13749,2.50767,2.50552,-0.00215439,60.0
1744878860659015.0,-1625.96,-3445.65,1.13703,2.50053,2.37983,-0.1207,60.0
1744878860679876.0,-1625.96,-3445.65,1.13703,2.50053,2.43161,-0.0689218,60.0
1744878860700514.0,-1628.08,-3444.29,1.13684,2.37983,2.44921,0.0693796,60.0
1744878860721233.0,-1628.08,-3444.29,1.13684,2.37983,2.4756,0.0957649,60.0
1744878860741877.0,-1628.08,-3444.29,1.13684,2.37983,2.49134,0.111504,60.0
1744878860762631.0,-1630.62,-3442.24,1.13639,2.4756,2.39298,-0.082616,60.0
1744878860783418.0,-1630.62,-3442.24,1.13639,2.4756,2.57335,0.0977465,60.0
1744878860804058.0,-1633.17,-3440.19,1.13594,2.39298,2.39209,-0.000891764,60.0
1744878860824960.0,-1633.17,-3440.19,1.13594,2.39298,2.32966,-0.0633274,60.0
1744878860845698.0,-1635.28,-3438.83,1.13575,2.39209,2.51884,0.126751,60.0
1744878860866694.0,-1635.28,-3438.83,1.13575,2.39209,2.41514,0.0230469,60.0
1744878860887153.0,-1635.28,-3438.83,1.13575,2.39209,2.51096,0.118867,60.0
1744878860908325.0,-1637.83,-3436.78,1.1353,2.41514,2.38977,-0.0253664,60.0
1744878860929157.0,-1637.83,-3436.78,1.1353,2.41514,2.35347,-0.0616644,60.0
1744878860950102.0,-1640.37,-3434.73,1.13485,2.38977,2.46775,0.0779828,60.0
1744878860970969.0,-1640.37,-3434.73,1.13485,2.38977,2.45679,0.0670159,60.0
1744878860991558.0,-1640.37,-3434.73,1.13485,2.38977,2.36221,-0.0275581,60.0
1744878861012164.0,-1642.49,-3433.37,1.13467,2.45679,2.58704,0.130255,60.0
1744878861033007.0,-1642.49,-3433.37,1.13467,2.45679,2.5187,0.0619086,60.0
1744878861053619.0,-1645.03,-3431.32,1.13422,2.58704,2.66458,0.0775377,60.0
1744878861074335.0,-1645.03,-3431.32,1.13422,2.58704,2.45736,-0.129682,60.0
1744878861095000.0,-1645.03,-3431.32,1.13422,2.58704,2.43308,-0.153961,60.0
1744878861115639.0,-1647.57,-3429.27,1.13378,2.45736,2.48405,0.0266881,60.0
1744878861136482.0,-1647.57,-3429.27,1.13378,2.45736,2.36864,-0.0887237,60.0
1744878861157200.0,-1649.69,-3427.91,1.1336,2.48405,2.63468,0.150636,60.0
1744878861178114.0,-1649.69,-3427.91,1.1336,2.48405,2.35481,-0.129235,60.0
1744878861198876.0,-1649.69,-3427.91,1.1336,2.48405,2.53943,0.055381,60.0
1744878861219662.0,-1652.23,-3425.86,1.13316,2.35481,2.33107,-0.0237473,60.0
1744878861240351.0,-1652.23,-3425.86,1.13316,2.35481,2.4412,0.086388,60.0
1744878861261007.0,-1654.35,-3423.81,1.13261,2.33107,2.25544,-0.075629,60.0
1744878861281635.0,-1654.35,-3423.81,1.13261,2.33107,2.49316,0.162092,60.0
1744878861302334.0,-1656.89,-3422.45,1.13254,2.25544,2.38024,0.124803,60.0
1744878861323082.0,-1656.89,-3422.45,1.13254,2.25544,2.31313,0.0576932,60.0
1744878861344019.0,-1656.89,-3422.45,1.13254,2.25544,2.32019,0.0647554,60.0
1744878861364785.0,-1659.01,-3420.4,1.132,2.31313,2.42612,0.112995,60.0
1744878861385651.0,-1659.01,-3420.4,1.132,2.31313,2.38429,0.0711614,60.0
1744878861406535.0,-1661.55,-3418.35,1.13156,2.42612,2.47437,0.0482485,60.0
1744878861427165.0,-1661.55,-3418.35,1.13156,2.42612,2.36621,-0.0599105,60.0
1744878861448301.0,-1661.55,-3418.35,1.13156,2.42612,2.29324,-0.132882,60.0
1744878861469379.0,-1663.67,-3416.3,1.13102,2.36621,2.33434,-0.031877,60.0
1744878861489910.0,-1663.67,-3416.3,1.13102,2.36621,2.41088,0.0446653,60.0
1744878861510543.0,-1666.21,-3414.26,1.13059,2.33434,2.45152,0.117181,60.0
1744878861531185.0,-1666.21,-3414.26,1.13059,2.33434,2.448,0.113664,60.0
1744878861552050.0,-1666.21,-3414.26,1.13059,2.33434,2.49224,0.157905,60.0
1744878861572684.0,-1668.33,-3412.89,1.13042,2.448,2.36305,-0.0849535,60.0
1744878861593334.0,-1668.33,-3412.89,1.13042,2.448,2.35763,-0.0903737,60.0
1744878861614002.0,-1670.87,-3410.84,1.12999,2.36305,2.25699,-0.106053,60.0
1744878861635512.0,-1670.87,-3410.84,1.12999,2.36305,2.52057,0.15752,60.0
1744878861656340.0,-1672.99,-3408.8,1.12946,2.25699,2.39173,0.134733,60.0
1744878861676892.0,-1672.99,-3408.8,1.12946,2.25699,2.40841,0.151414,60.0
1744878861697813.0,-1672.99,-3408.8,1.12946,2.25699,2.40743,0.150437,60.0
1744878861718754.0,-1675.11,-3406.75,1.12892,2.40841,2.28692,-0.121493,60.0
1744878861739642.0,-1675.11,-3406.75,1.12892,2.40841,2.55049,0.142085,60.0
1744878861760210.0,-1677.65,-3404.7,1.1285,2.28692,2.41139,0.124473,60.0
1744878861780853.0,-1677.65,-3404.7,1.1285,2.28692,2.34386,0.0569403,60.0
1744878861801606.0,-1677.65,-3404.7,1.1285,2.28692,2.3324,0.045482,60.0
1744878861822400.0,-1679.77,-3402.65,1.12797,2.34386,2.46436,0.120503,60.0
1744878861843204.0,-1679.77,-3402.65,1.12797,2.34386,2.38592,0.0420645,60.0
1744878861863935.0,-1681.88,-3400.61,1.12744,2.46436,2.6113,0.14694,60.0
1744878861884890.0,-1681.88,-3400.61,1.12744,2.46436,2.37005,-0.0943069,60.0
1744878861905458.0,-1681.88,-3400.61,1.12744,2.46436,2.46829,0.00392892,60.0
1744878861926281.0,-1684.43,-3398.56,1.12702,2.37005,2.5184,0.148352,60.0
1744878861947134.0,-1684.43,-3398.56,1.12702,2.37005,2.47478,0.104726,60.0
1744878861967919.0,-1686.54,-3397.19,1.12686,2.5184,2.55163,0.0332308,60.0
1744878861988762.0,-1686.54,-3397.19,1.12686,2.5184,2.5055,-0.0129042,60.0
1744878862009572.0,-1686.54,-3397.19,1.12686,2.5184,2.46163,-0.056773,60.0
1744878862030391.0,-1688.66,-3395.15,1.12633,2.5055,2.59916,0.0936559,60.0
1744878862051193.0,-1688.66,-3395.15,1.12633,2.5055,2.574,0.0685024,60.0
1744878862072056.0,-1691.2,-3393.1,1.12592,2.59916,2.53728,-0.0618734,60.0
1744878862092575.0,-1691.2,-3393.1,1.12592,2.59916,2.52323,-0.0759222,60.0
1744878862113444.0,-1693.32,-3391.05,1.12539,2.53728,2.55449,0.0172111,60.0
1744878862134307.0,-1693.32,-3391.05,1.12539,2.53728,2.4222,-0.115083,60.0
1744878862155153.0,-1693.32,-3391.05,1.12539,2.53728,2.55414,0.016854,60.0
1744878862175976.0,-1695.86,-3389.0,1.12498,2.4222,2.47267,0.0504727,60.0
1744878862196410.0,-1695.86,-3389.0,1.12498,2.4222,2.32708,-0.0951226,60.0
1744878862217199.0,-1697.98,-3386.96,1.12446,2.47267,2.61104,0.138369,60.0
1744878862237927.0,-1697.98,-3386.96,1.12446,2.47267,2.44403,-0.0286449,60.0
1744878862258690.0,-1697.98,-3386.96,1.12446,2.47267,2.44206,-0.0306108,60.0
1744878862279551.0,-1700.1,-3384.91,1.12394,2.44403,2.484,0.0399737,60.0
1744878862300324.0,-1700.1,-3384.91,1.12394,2.44403,2.41747,-0.0265548,60.0
1744878862321144.0,-1702.64,-3383.54,1.1239,2.484,2.6009,0.116901,60.0
1744878862341911.0,-1702.64,-3383.54,1.1239,2.484,2.47135,-0.012651,60.0
1744878862362766.0,-1702.64,-3383.54,1.1239,2.484,2.43331,-0.0506925,60.0
1744878862383702.0,-1704.76,-3381.5,1.12338,2.47135,2.43704,-0.0343117,60.0
1744878862404596.0,-1704.76,-3381.5,1.12338,2.47135,2.48407,0.0127246,60.0
1744878862425324.0,-1707.3,-3379.45,1.12298,2.43704,2.3837,-0.0533334,60.0
1744878862446322.0,-1707.3,-3379.45,1.12298,2.43704,2.41532,-0.0217175,60.0
1744878862467052.0,-1709.42,-3377.4,1.12247,2.3837,2.45957,0.0758655,60.0
1744878862487784.0,-1709.42,-3377.4,1.12247,2.3837,2.45809,0.0743808,60.0
1744878862508756.0,-1709.42,-3377.4,1.12247,2.3837,2.49541,0.111703,60.0
1744878862529481.0,-1711.96,-3375.35,1.12207,2.45809,2.57375,0.115663,60.0
1744878862549994.0,-1711.96,-3375.35,1.12207,2.45809,2.46418,0.00609,60.0
1744878862570806.0,-1714.08,-3373.99,1.12192,2.57375,2.67127,0.0975191,60.0
1744878862591458.0,-1714.08,-3373.99,1.12192,2.57375,2.52277,-0.0509741,60.0
1744878862612071.0,-1714.08,-3373.99,1.12192,2.57375,2.48808,-0.085666,60.0
1744878862632718.0,-1716.2,-3371.94,1.12141,2.52277,2.37736,-0.145409,60.0
1744878862653330.0,-1716.2,-3371.94,1.12141,2.52277,2.54454,0.0217676,60.0
1744878862673930.0,-1718.74,-3369.89,1.12101,2.37737,2.33192,-0.0454449,60.0
1744878862694622.0,-1718.74,-3369.89,1.12101,2.37737,2.4959,0.11853,60.0
1744878862715262.0,-1718.74,-3369.89,1.12101,2.37737,2.43358,0.0562112,60.0
1744878862735728.0,-1720.86,-3367.84,1.12051,2.4959,2.55817,0.0622798,60.0
1744878862756583.0,-1720.86,-3367.84,1.12051,2.4959,2.5114,0.0155088,60.0
1744878862777076.0,-1723.4,-3365.8,1.12012,2.55818,2.67204,0.113866,60.0
1744878862797920.0,-1723.4,-3365.8,1.12012,2.55818,2.47753,-0.0806483,60.0
1744878862818660.0,-1723.4,-3365.8,1.12012,2.55818,2.44176,-0.116416,60.0
1744878862839366.0,-1725.52,-3364.43,1.11997,2.47753,2.42448,-0.0530484,60.0
1744878862860154.0,-1725.52,-3364.43,1.11997,2.47753,2.59084,0.113311,60.0
1744878862880659.0,-1728.06,-3362.38,1.11958,2.42448,2.51211,0.0876277,60.0
1744878862901258.0,-1728.06,-3362.38,1.11958,2.42448,2.4786,0.0541259,60.0
1744878862922064.0,-1728.06,-3362.38,1.11958,2.42448,2.3985,-0.0259784,60.0
1744878862942607.0,-1730.18,-3360.34,1.11908,2.4786,2.57194,0.0933332,60.0
1744878862963771.0,-1730.18,-3360.34,1.11908,2.4786,2.36012,-0.118489,60.0
1744878862984377.0,-1732.72,-3358.29,1.1187,2.57194,2.66646,0.0945272,60.0
1744878863005153.0,-1732.72,-3358.29,1.1187,2.57194,2.41703,-0.154904,60.0
1744878863025771.0,-1734.84,-3356.24,1.1182,2.66646,2.59239,-0.0740728,60.0
1744878863046323.0,-1734.84,-3356.24,1.1182,2.66646,2.66472,-0.00174556,60.0
1744878863067337.0,-1734.84,-3356.24,1.1182,2.66646,2.66791,0.00144812,60.0
1744878863087949.0,-1737.38,-3354.88,1.11818,2.66472,2.61434,-0.0503795,60.0
1744878863108574.0,-1737.38,-3354.88,1.11818,2.66472,2.74599,0.0812672,60.0
1744878863129009.0,-1739.5,-3352.83,1.11768,2.61434,2.48815,-0.12619,60.0
1744878863149641.0,-1739.5,-3352.83,1.11768,2.61434,2.50575,-0.108593,60.0
1744878863170449.0,-1739.5,-3352.83,1.11768,2.61434,2.72715,0.112809,60.0
1744878863191105.0,-1742.04,-3350.78,1.1173,2.50575,2.51353,0.00778256,60.0
1744878863211678.0,-1742.04,-3350.78,1.1173,2.50575,2.48888,-0.0168634,60.0
1744878863232660.0,-1744.58,-3349.42,1.11728,2.51353,2.49594,-0.0175893,60.0
1744878863253029.0,-1744.58,-3349.42,1.11728,2.51353,2.58098,0.0674473,60.0
1744878863273892.0,-1744.58,-3349.42,1.11728,2.51353,2.44688,-0.0666486,60.0
1744878863294522.0,-1746.7,-3347.37,1.11679,2.58098,2.64219,0.0612154,60.0
1744878863315160.0,-1746.7,-3347.37,1.11679,2.58098,2.43683,-0.144146,60.0
1744878863336046.0,-1749.24,-3345.32,1.11642,2.64219,2.54707,-0.0951225,60.0
1744878863356658.0,-1749.24,-3345.32,1.11642,2.64219,2.58892,-0.0532736,60.0
1744878863377462.0,-1749.24,-3345.32,1.11642,2.64219,2.52038,-0.121815,60.0
1744878863397909.0,-1751.78,-3343.96,1.1164,2.58892,2.62329,0.0343719,60.0
1744878863418718.0,-1751.78,-3343.96,1.1164,2.58892,2.48253,-0.106386,60.0
1744878863442217.0,-1753.9,-3341.91,1.11591,2.62329,2.56599,-0.0573031,60.0
1744878863462573.0,-1753.9,-3341.91,1.11591,2.62329,2.69999,0.0766963,60.0
1744878863483448.0,-1756.44,-3340.54,1.1159,2.56599,2.60308,0.0370898,60.0
1744878863503980.0,-1756.44,-3340.54,1.1159,2.56599,2.40631,-0.159682,60.0
1744878863524539.0,-1756.44,-3340.54,1.1159,2.56599,2.56039,-0.00559963,60.0
1744878863545080.0,-1758.98,-3338.5,1.11553,2.40631,2.33147,-0.0748396,60.0
1744878863565658.0,-1758.98,-3338.5,1.11553,2.40631,2.49968,0.0933767,60.0
1744878863586761.0,-1761.53,-3336.45,1.11517,2.33147,2.41751,0.0860454,60.0
1744878863607024.0,-1761.53,-3336.45,1.11517,2.33147,2.38376,0.0522988,60.0
1744878863627752.0,-1761.53,-3336.45,1.11517,2.33147,2.30197,-0.0295006,60.0
1744878863648447.0,-1763.64,-3335.08,1.11504,2.38376,2.54088,0.157113,60.0
1744878863669376.0,-1763.64,-3335.08,1.11504,2.38376,2.43377,0.0500024,60.0
1744878863690242.0,-1766.19,-3333.04,1.11468,2.54088,2.51134,-0.0295393,60.0
1744878863710835.0,-1766.19,-3333.04,1.11468,2.54088,2.62857,0.0876956,60.0
1744878863731659.0,-1766.19,-3333.04,1.11468,2.54088,2.49482,-0.0460587,60.0
1744878863752363.0,-1768.73,-3330.99,1.11431,2.62857,2.63063,0.00206014,60.0
1744878863773081.0,-1768.73,-3330.99,1.11431,2.62857,2.49928,-0.129293,60.0
1744878863793641.0,-1770.85,-3329.62,1.11419,2.63063,2.64245,0.0118142,60.0
1744878863814193.0,-1770.85,-3329.62,1.11419,2.63063,2.57711,-0.0535249,60.0
1744878863835078.0,-1773.39,-3327.58,1.11383,2.64245,2.53781,-0.104638,60.0
1744878863855817.0,-1773.39,-3327.58,1.11383,2.64245,2.59811,-0.0443423,60.0
1744878863876488.0,-1773.39,-3327.58,1.11383,2.64245,2.51812,-0.124326,60.0
1744878863897110.0,-1775.93,-3326.21,1.11383,2.59811,2.55775,-0.0403559,60.0
1744878863917728.0,-1775.93,-3326.21,1.11383,2.59811,2.58548,-0.0126222,60.0
1744878863938388.0,-1775.93,-3326.21,1.11383,2.59811,2.48389,-0.114214,60.0
1744878863959485.0,-1778.05,-3324.16,1.11336,2.58548,2.51133,-0.074156,60.0
1744878863981301.0,-1778.05,-3324.16,1.11336,2.58548,2.55843,-0.0270557,60.0
1744878864001736.0,-1780.59,-3322.8,1.11336,2.51133,2.40128,-0.110045,60.0
1744878864022404.0,-1780.59,-3322.8,1.11336,2.51133,2.46051,-0.0508125,60.0
1744878864043210.0,-1783.13,-3320.75,1.11301,2.40128,2.53708,0.135797,60.0
1744878864063807.0,-1783.13,-3320.75,1.11301,2.40128,2.48765,0.0863638,60.0
1744878864084357.0,-1783.13,-3320.75,1.11301,2.40128,2.39915,-0.00212847,60.0
1744878864104930.0,-1785.67,-3318.7,1.11266,2.48765,2.45539,-0.0322596,60.0
1744878864125634.0,-1785.67,-3318.7,1.11266,2.48765,2.58208,0.0944305,60.0
1744878864146471.0,-1787.79,-3317.34,1.11254,2.45539,2.46159,0.00620204,60.0
1744878864167180.0,-1787.79,-3317.34,1.11254,2.45539,2.47177,0.0163807,60.0
1744878864187795.0,-1787.79,-3317.34,1.11254,2.45539,2.36036,-0.0950272,60.0
1744878864208327.0,-1790.33,-3315.29,1.11219,2.47177,2.42553,-0.0462409,60.0
1744878864229081.0,-1790.33,-3315.29,1.11219,2.47177,2.59952,0.127758,60.0
1744878864249713.0,-1792.87,-3313.93,1.1122,2.42553,2.28883,-0.136697,60.0
1744878864270372.0,-1792.87,-3313.93,1.1122,2.42553,2.53476,0.109237,60.0
1744878864291188.0,-1792.87,-3313.93,1.1122,2.42553,2.41053,-0.0149911,60.0
1744878864311721.0,-1795.42,-3311.88,1.11186,2.53476,2.47581,-0.0589574,60.0
1744878864332851.0,-1795.42,-3311.88,1.11186,2.53476,2.50675,-0.0280148,60.0
1744878864353596.0,-1797.53,-3310.51,1.11175,2.47581,2.43014,-0.0456627,60.0
1744878864374077.0,-1797.53,-3310.51,1.11175,2.47581,2.43921,-0.0365941,60.0
1744878864394544.0,-1797.53,-3310.51,1.11175,2.47581,2.45114,-0.0246652,60.0
1744878864415426.0,-1800.08,-3308.47,1.11141,2.43921,2.48564,0.0464306,60.0
1744878864436506.0,-1800.08,-3308.47,1.11141,2.43921,2.47594,0.0367308,60.0
1744878864457168.0,-1802.62,-3306.42,1.11106,2.48564,2.46353,-0.0221128,60.0
1744878864477680.0,-1802.62,-3306.42,1.11106,2.48564,2.58714,0.101502,60.0
1744878864498440.0,-1804.74,-3305.05,1.11096,2.58714,2.60668,0.019534,60.0
1744878864518723.0,-1804.74,-3305.05,1.11096,2.58714,2.56842,-0.0187255,60.0
1744878864539275.0,-1804.74,-3305.05,1.11096,2.58714,2.52063,-0.0665166,60.0
1744878864559755.0,-1807.28,-3303.01,1.11062,2.56842,2.45257,-0.115846,60.0
1744878864580237.0,-1807.28,-3303.01,1.11062,2.56842,2.53063,-0.0377923,60.0
1744878864600745.0,-1809.82,-3300.96,1.11029,2.45257,2.56968,0.117106,60.0
1744878864621302.0,-1809.82,-3300.96,1.11029,2.45257,2.55249,0.0999212,60.0
1744878864642130.0,-1809.82,-3300.96,1.11029,2.45257,2.57199,0.119415,60.0
1744878864662946.0,-1811.94,-3299.59,1.11018,2.55249,2.50473,-0.0477609,60.0
1744878864683581.0,-1811.94,-3299.59,1.11018,2.55249,2.4984,-0.0540919,60.0
1744878864704300.0,-1814.48,-3297.55,1.10985,2.50473,2.42476,-0.0799779,60.0
1744878864725285.0,-1814.48,-3297.55,1.10985,2.50473,2.44833,-0.0564053,60.0
1744878864745640.0,-1814.48,-3297.55,1.10985,2.50473,2.62265,0.117916,60.0
1744878864766470.0,-1817.02,-3296.18,1.10987,2.44833,2.56625,0.11792,60.0
1744878864787166.0,-1817.02,-3296.18,1.10987,2.44833,2.48633,0.0380053,60.0
1744878864807546.0,-1819.56,-3294.13,1.10954,2.56625,2.60457,0.0383238,60.0
1744878864828412.0,-1819.56,-3294.13,1.10954,2.56625,2.67663,0.110384,60.0
1744878864848858.0,-1819.56,-3294.13,1.10954,2.56625,2.47475,-0.0914941,60.0
1744878864869564.0,-1821.68,-3292.09,1.10909,2.67663,2.62682,-0.049817,60.0
1744878864890311.0,-1821.68,-3292.09,1.10909,2.67663,2.6147,-0.0619348,60.0
1744878864910920.0,-1824.22,-3290.72,1.10912,2.62682,2.59576,-0.0310539,60.0
1744878864931787.0,-1824.22,-3290.72,1.10912,2.62682,2.64391,0.0170954,60.0
1744878864952464.0,-1824.22,-3290.72,1.10912,2.62682,2.53095,-0.0958696,60.0
1744878864973342.0,-1826.76,-3288.67,1.10879,2.64391,2.70591,0.0619947,60.0
1744878864993695.0,-1826.76,-3288.67,1.10879,2.64391,2.60267,-0.0412399,60.0
1744878865014496.0,-1829.31,-3287.31,1.10882,2.70591,2.6411,-0.0648046,60.0
1744878865035167.0,-1829.31,-3287.31,1.10882,2.70591,2.65168,-0.054223,60.0
1744878865055920.0,-1831.85,-3285.26,1.1085,2.6411,2.52981,-0.111286,60.0
1744878865076829.0,-1831.85,-3285.26,1.1085,2.6411,2.57673,-0.0643682,60.0
1744878865097476.0,-1831.85,-3285.26,1.1085,2.6411,2.6417,0.000594956,60.0
1744878865117964.0,-1833.96,-3283.9,1.10841,2.57673,2.42695,-0.149782,60.0
1744878865138731.0,-1833.96,-3283.9,1.10841,2.57673,2.48244,-0.0942884,60.0
1744878865159412.0,-1836.51,-3281.85,1.10809,2.42695,2.4222,-0.00474718,60.0
1744878865180325.0,-1836.51,-3281.85,1.10809,2.42695,2.34744,-0.0795093,60.0
1744878865201082.0,-1836.51,-3281.85,1.10809,2.42695,2.36113,-0.0658202,60.0
1744878865221756.0,-1839.05,-3280.48,1.10812,2.34744,2.45615,0.108704,60.0
1744878865242447.0,-1839.05,-3280.48,1.10812,2.34744,2.5109,0.163459,60.0
1744878865263336.0,-1841.59,-3278.44,1.10781,2.45615,2.47492,0.0187718,60.0
1744878865283780.0,-1841.59,-3278.44,1.10781,2.45615,2.386,-0.0701488,60.0
1744878865304717.0,-1841.59,-3278.44,1.10781,2.45615,2.34173,-0.114413,60.0
1744878865325423.0,-1844.13,-3277.07,1.10784,2.386,2.44762,0.0616265,60.0
1744878865346650.0,-1844.13,-3277.07,1.10784,2.386,2.39785,0.011851,60.0
1744878865367324.0,-1846.25,-3275.02,1.10741,2.44762,2.58005,0.132427,60.0
1744878865387874.0,-1846.25,-3275.02,1.10741,2.44762,2.54631,0.0986841,60.0
1744878865408673.0,-1846.25,-3275.02,1.10741,2.44762,2.49178,0.0441531,60.0
1744878865429308.0,-1848.79,-3273.66,1.10745,2.54631,2.48951,-0.0567966,60.0
1744878865450078.0,-1848.79,-3273.66,1.10745,2.54631,2.58112,0.0348132,60.0
1744878865470580.0,-1851.33,-3271.61,1.10714,2.48951,2.6084,0.118894,60.0
1744878865491567.0,-1851.33,-3271.61,1.10714,2.48951,2.62901,0.139496,60.0
1744878865511941.0,-1853.87,-3269.56,1.10683,2.6084,2.61008,0.00167235,60.0
1744878865532857.0,-1853.87,-3269.56,1.10683,2.6084,2.54684,-0.0615671,60.0
1744878865553599.0,-1853.87,-3269.56,1.10683,2.6084,2.49255,-0.115853,60.0
1744878865574133.0,-1855.99,-3268.2,1.10675,2.54684,2.54185,-0.00498941,60.0
1744878865594842.0,-1855.99,-3268.2,1.10675,2.54684,2.57462,0.0277823,60.0
1744878865615512.0,-1858.53,-3266.15,1.10644,2.54185,2.53095,-0.0109018,60.0
1744878865636076.0,-1858.53,-3266.15,1.10644,2.54185,2.53449,-0.00735663,60.0
1744878865656495.0,-1858.53,-3266.15,1.10644,2.54185,2.39909,-0.142757,60.0
1744878865677084.0,-1861.08,-3264.79,1.10649,2.53449,2.4972,-0.0372903,60.0
1744878865697784.0,-1861.08,-3264.79,1.10649,2.53449,2.51325,-0.0212438,60.0
1744878865718264.0,-1863.62,-3262.74,1.10619,2.4972,2.62696,0.129762,60.0
1744878865739684.0,-1863.62,-3262.74,1.10619,2.4972,2.48458,-0.012626,60.0
1744878865760196.0,-1863.62,-3262.74,1.10619,2.4972,2.56678,0.0695807,60.0
1744878865780905.0,-1865.74,-3261.37,1.10611,2.48458,2.44808,-0.0364976,60.0
1744878865801603.0,-1865.74,-3261.37,1.10611,2.48458,2.51073,0.0261515,60.0
1744878865822363.0,-1868.28,-3259.33,1.10581,2.44808,2.33355,-0.114529,60.0
1744878865843027.0,-1868.28,-3259.33,1.10581,2.44808,2.60256,0.154478,60.0
1744878865863928.0,-1870.82,-3257.96,1.10586,2.60256,2.56166,-0.0408913,60.0
1744878865884972.0,-1870.82,-3257.96,1.10586,2.60256,2.52176,-0.0807947,60.0
1744878865905584.0,-1870.82,-3257.96,1.10586,2.60256,2.59796,-0.0045957,60.0
1744878865926293.0,-1873.36,-3255.91,1.10557,2.52176,2.49941,-0.022348,60.0
1744878865946971.0,-1873.36,-3255.91,1.10557,2.52176,2.39699,-0.124767,60.0
1744878865967933.0,-1875.48,-3253.87,1.10515,2.49941,2.43569,-0.0637198,60.0
1744878865988563.0,-1875.48,-3253.87,1.10515,2.49941,2.55211,0.0527004,60.0
1744878866009236.0,-1875.48,-3253.87,1.10515,2.49941,2.44515,-0.0542655,60.0
1744878866029909.0,-1878.02,-3252.5,1.1052,2.55211,2.52062,-0.0314943,60.0
1744878866050690.0,-1878.02,-3252.5,1.1052,2.55211,2.55274,0.000625012,60.0
1744878866071538.0,-1880.56,-3250.45,1.10491,2.52062,2.40226,-0.118363,60.0
1744878866092259.0,-1880.56,-3250.45,1.10491,2.52062,2.56121,0.0405917,60.0
1744878866112900.0,-1880.56,-3250.45,1.10491,2.52062,2.48566,-0.0349632,60.0
1744878866133692.0,-1883.1,-3249.09,1.10497,2.56121,2.60713,0.0459194,60.0
1744878866154275.0,-1883.1,-3249.09,1.10497,2.56121,2.59179,0.0305805,60.0
1744878866175179.0,-1885.22,-3247.04,1.10455,2.60713,2.44309,-0.16404,60.0
1744878866195533.0,-1885.22,-3247.04,1.10455,2.60713,2.68669,0.0795566,60.0
1744878866216263.0,-1885.22,-3247.04,1.10455,2.60713,2.55491,-0.0522206,60.0
1744878866237164.0,-1887.76,-3245.68,1.10462,2.68669,2.58711,-0.0995746,60.0
1744878866257989.0,-1887.76,-3245.68,1.10462,2.68669,2.61372,-0.0729657,60.0
1744878866278866.0,-1890.31,-3243.63,1.10433,2.58711,2.5381,-0.0490148,60.0
1744878866299113.0,-1890.31,-3243.63,1.10433,2.58711,2.61331,0.0262024,60.0
1744878866319836.0,-1892.85,-3242.26,1.10439,2.5381,2.3942,-0.143895,60.0
1744878866340577.0,-1892.85,-3242.26,1.10439,2.5381,2.50946,-0.0286362,60.0
1744878866361446.0,-1892.85,-3242.26,1.10439,2.5381,2.64355,0.105455,60.0
1744878866382168.0,-1895.39,-3240.22,1.10411,2.50946,2.38509,-0.124374,60.0
1744878866402913.0,-1895.39,-3240.22,1.10411,2.50946,2.438,-0.0714573,60.0
1744878866423915.0,-1897.93,-3238.85,1.10418,2.38509,2.40239,0.0173061,60.0
1744878866444758.0,-1897.93,-3238.85,1.10418,2.38509,2.33542,-0.0496709,60.0
1744878866465172.0,-1897.93,-3238.85,1.10418,2.38509,2.53788,0.152797,60.0
1744878866485910.0,-1900.05,-3236.8,1.10377,2.33542,2.47493,0.139512,60.0
1744878866506577.0,-1900.05,-3236.8,1.10377,2.33542,2.32749,-0.00792872,60.0
1744878866527368.0,-1902.59,-3235.44,1.10384,2.47493,2.34167,-0.133256,60.0
1744878866548065.0,-1902.59,-3235.44,1.10384,2.47493,2.55819,0.0832589,60.0
1744878866568824.0,-1902.59,-3235.44,1.10384,2.47493,2.48884,0.0139104,60.0
1744878866589570.0,-1905.13,-3233.39,1.10356,2.55819,2.59728,0.0390909,60.0
1744878866610331.0,-1905.13,-3233.39,1.10356,2.55819,2.39537,-0.162817,60.0
1744878866631087.0,-1907.67,-3232.03,1.10363,2.59728,2.44742,-0.14986,60.0
1744878866651807.0,-1907.67,-3232.03,1.10363,2.59728,2.47558,-0.121702,60.0
1744878866672532.0,-1907.67,-3232.03,1.10363,2.59728,2.50549,-0.091791,60.0
1744878866693132.0,-1909.79,-3229.98,1.10323,2.47558,2.57479,0.0992125,60.0
1744878866713869.0,-1909.79,-3229.98,1.10323,2.47558,2.47114,-0.00443202,60.0
1744878866734561.0,-1912.33,-3227.93,1.10296,2.57479,2.41283,-0.161961,60.0
1744878866755401.0,-1912.33,-3227.93,1.10296,2.57479,2.49527,-0.079515,60.0
1744878866776067.0,-1914.87,-3226.57,1.10304,2.41283,2.43127,0.018443,60.0
1744878866796775.0,-1914.87,-3226.57,1.10304,2.41283,2.43153,0.0186988,60.0
1744878866817253.0,-1914.87,-3226.57,1.10304,2.41283,2.55878,0.145956,60.0
1744878866838015.0,-1917.42,-3224.52,1.10277,2.43153,2.5264,0.0948724,60.0
1744878866858759.0,-1917.42,-3224.52,1.10277,2.43153,2.48645,0.0549246,60.0
1744878866879272.0,-1919.53,-3223.15,1.10272,2.5264,2.36816,-0.158239,60.0
1744878866900050.0,-1919.53,-3223.15,1.10272,2.5264,2.45057,-0.0758316,60.0
1744878866920729.0,-1919.53,-3223.15,1.10272,2.5264,2.59415,0.0677518,60.0
1744878866941772.0,-1922.08,-3221.11,1.10246,2.45057,2.43261,-0.0179557,60.0
1744878866965122.0,-1922.08,-3221.11,1.10246,2.45057,2.47358,0.023015,60.0
1744878866985553.0,-1924.62,-3219.74,1.10254,2.43261,2.47129,0.0386808,60.0
1744878867005991.0,-1924.62,-3219.74,1.10254,2.43261,2.55462,0.122006,60.0
1744878867026948.0,-1924.62,-3219.74,1.10254,2.43261,2.53235,0.0997443,60.0
1744878867047524.0,-1927.16,-3217.69,1.10227,2.55462,2.48122,-0.0733928,60.0
1744878867067972.0,-1927.16,-3217.69,1.10227,2.55462,2.39473,-0.159887,60.0
1744878867088596.0,-1929.28,-3215.65,1.10188,2.48122,2.47691,-0.0043104,60.0
1744878867109543.0,-1929.28,-3215.65,1.10188,2.48122,2.57632,0.0950984,60.0
1744878867130085.0,-1931.82,-3214.28,1.10197,2.47691,2.47519,-0.00172225,60.0
1744878867150689.0,-1931.82,-3214.28,1.10197,2.47691,2.57518,0.0982631,60.0
1744878867171256.0,-1931.82,-3214.28,1.10197,2.47691,2.56301,0.0861002,60.0
1744878867191820.0,-1934.36,-3212.23,1.10171,2.57518,2.45469,-0.120485,60.0
1744878867212709.0,-1934.36,-3212.23,1.10171,2.57518,2.55184,-0.0233374,60.0
1744878867233532.0,-1936.48,-3210.87,1.10167,2.45469,2.45037,-0.00432696,60.0
1744878867254405.0,-1936.48,-3210.87,1.10167,2.45469,2.50767,0.0529744,60.0
1744878867274901.0,-1936.48,-3210.87,1.10167,2.45469,2.39207,-0.0626263,60.0
1744878867295776.0,-1939.02,-3208.82,1.10142,2.50767,2.44282,-0.0648488,60.0
1744878867316280.0,-1939.02,-3208.82,1.10142,2.50767,2.43885,-0.0688185,60.0
1744878867336918.0,-1941.56,-3206.77,1.10116,2.44282,2.53291,0.0900902,60.0
1744878867357828.0,-1941.56,-3206.77,1.10116,2.44282,2.39751,-0.045311,60.0
1744878867378682.0,-1941.56,-3206.77,1.10116,2.44282,2.41681,-0.0260057,60.0
1744878867399345.0,-1943.68,-3205.41,1.10112,2.39751,2.40137,0.00385887,60.0
1744878867419918.0,-1943.68,-3205.41,1.10112,2.39751,2.33769,-0.0598124,60.0
1744878867440589.0,-1946.22,-3203.36,1.10087,2.40137,2.56015,0.158782,60.0
1744878867461650.0,-1946.22,-3203.36,1.10087,2.40137,2.37785,-0.023511,60.0
1744878867482090.0,-1946.22,-3203.36,1.10087,2.40137,2.39407,-0.00729165,60.0
1744878867502847.0,-1948.76,-3201.31,1.10063,2.37785,2.23167,-0.146189,60.0
1744878867523541.0,-1948.76,-3201.31,1.10063,2.37785,2.2941,-0.0837587,60.0
1744878867544606.0,-1950.88,-3199.95,1.10059,2.23167,2.3814,0.149732,60.0
1744878867565293.0,-1950.88,-3199.95,1.10059,2.23167,2.38753,0.15586,60.0
1744878867585882.0,-1953.42,-3197.9,1.10035,2.3814,2.42163,0.0402337,60.0
1744878867606918.0,-1953.42,-3197.9,1.10035,2.3814,2.45851,0.0771084,60.0
1744878867627918.0,-1953.42,-3197.9,1.10035,2.3814,2.51931,0.137913,60.0
1744878867648460.0,-1955.97,-3195.85,1.1001,2.45851,2.60871,0.150207,60.0
1744878867669247.0,-1955.97,-3195.85,1.1001,2.45851,2.53417,0.0756593,60.0
1744878867690077.0,-1958.08,-3194.49,1.10007,2.60871,2.71625,0.107536,60.0
1744878867710764.0,-1958.08,-3194.49,1.10007,2.60871,2.74634,0.137623,60.0
1744878867731187.0,-1958.08,-3194.49,1.10007,2.60871,2.53509,-0.0736258,60.0
1744878867752195.0,-1960.63,-3192.44,1.09983,2.74634,2.6297,-0.116632,60.0
1744878867772751.0,-1960.63,-3192.44,1.09983,2.74634,2.61002,-0.136317,60.0
1744878867793710.0,-1962.74,-3190.39,1.09946,2.6297,2.57946,-0.0502433,60.0
1744878867814429.0,-1962.74,-3190.39,1.09946,2.6297,2.5115,-0.118206,60.0
1744878867835075.0,-1962.74,-3190.39,1.09946,2.6297,2.60535,-0.0243549,60.0
1744878867855789.0,-1965.28,-3189.03,1.09956,2.5115,2.41221,-0.0992845,60.0
1744878867876497.0,-1965.28,-3189.03,1.09956,2.5115,2.5572,0.0456976,60.0
1744878867897112.0,-1967.83,-3186.98,1.09933,2.41221,2.45319,0.0409778,60.0
1744878867917739.0,-1967.83,-3186.98,1.09933,2.41221,2.42138,0.00916145,60.0
1744878867938483.0,-1969.94,-3184.93,1.09896,2.45319,2.49789,0.0446947,60.0
1744878867959161.0,-1969.94,-3184.93,1.09896,2.45319,2.37556,-0.077627,60.0
1744878867980129.0,-1969.94,-3184.93,1.09896,2.45319,2.41153,-0.0416645,60.0
1744878868000464.0,-1972.49,-3183.57,1.09907,2.37556,2.46909,0.0935251,60.0
1744878868021379.0,-1972.49,-3183.57,1.09907,2.37556,2.52648,0.150911,60.0
1744878868041979.0,-1975.03,-3181.52,1.09884,2.46909,2.56966,0.100575,60.0
1744878868062724.0,-1975.03,-3181.52,1.09884,2.46909,2.37009,-0.0989962,60.0
1744878868083473.0,-1975.03,-3181.52,1.09884,2.46909,2.58905,0.119963,60.0
1744878868104120.0,-1977.15,-3179.47,1.09848,2.37009,2.3329,-0.037198,60.0
1744878868125013.0,-1977.15,-3179.47,1.09848,2.37009,2.47197,0.101878,60.0
1744878868145738.0,-1979.69,-3178.11,1.09859,2.3329,2.47234,0.139448,60.0
1744878868166317.0,-1979.69,-3178.11,1.09859,2.3329,2.22953,-0.103361,60.0
1744878868187185.0,-1979.69,-3178.11,1.09859,2.3329,2.42322,0.0903215,60.0
1744878868207716.0,-1981.81,-3176.06,1.09823,2.22953,2.29508,0.0655419,60.0
1744878868228397.0,-1981.81,-3176.06,1.09823,2.22953,2.32977,0.100234,60.0
1744878868249079.0,-1984.35,-3174.01,1.098,2.29508,2.36812,0.0730486,60.0
1744878868269796.0,-1984.35,-3174.01,1.098,2.29508,2.42264,0.127564,60.0
1744878868290719.0,-1986.47,-3171.96,1.09765,2.42264,2.45583,0.0331908,60.0
1744878868311441.0,-1986.47,-3171.96,1.09765,2.42264,2.3146,-0.108042,60.0
1744878868332042.0,-1986.47,-3171.96,1.09765,2.42264,2.57063,0.147987,60.0
1744878868352844.0,-1989.01,-3169.91,1.09743,2.3146,2.42311,0.108507,60.0
1744878868373597.0,-1989.01,-3169.91,1.09743,2.3146,2.38418,0.0695787,60.0
1744878868394274.0,-1991.13,-3168.55,1.09741,2.42311,2.51307,0.0899618,60.0
1744878868415167.0,-1991.13,-3168.55,1.09741,2.42311,2.45981,0.0367047,60.0
1744878868435794.0,-1991.13,-3168.55,1.09741,2.42311,2.55603,0.132925,60.0
1744878868456431.0,-1993.67,-3166.5,1.09719,2.45981,2.40628,-0.05353,60.0
1744878868477085.0,-1993.67,-3166.5,1.09719,2.45981,2.59978,0.139973,60.0
1744878868498110.0,-1995.79,-3164.45,1.09684,2.40628,2.4452,0.0389216,60.0
1744878868518862.0,-1995.79,-3164.45,1.09684,2.40628,2.56809,0.161812,60.0
1744878868543473.0,-1995.79,-3164.45,1.09684,2.40628,2.57051,0.164234,60.0
1744878868564090.0,-1997.9,-3162.41,1.09649,2.56809,2.58202,0.0139314,60.0
1744878868584766.0,-1997.9,-3162.41,1.09649,2.56809,2.45717,-0.110922,60.0
1744878868605407.0,-2000.45,-3160.36,1.09628,2.58202,2.60677,0.0247443,60.0
1744878868626168.0,-2000.45,-3160.36,1.09628,2.58202,2.51038,-0.0716452,60.0
1744878868646935.0,-2002.56,-3158.99,1.09627,2.60677,2.48635,-0.120422,60.0
1744878868667286.0,-2002.56,-3158.99,1.09627,2.60677,2.44365,-0.16312,60.0
1744878868688281.0,-2002.56,-3158.99,1.09627,2.60677,2.58004,-0.0267292,60.0
1744878868709143.0,-2005.11,-3156.95,1.09606,2.44365,2.47066,0.0270168,60.0
1744878868729899.0,-2005.11,-3156.95,1.09606,2.44365,2.33872,-0.104928,60.0
1744878868750643.0,-2007.22,-3154.9,1.09572,2.47066,2.44269,-0.0279791,60.0
1744878868771336.0,-2007.22,-3154.9,1.09572,2.47066,2.40116,-0.0695085,60.0
1744878868792151.0,-2007.22,-3154.9,1.09572,2.47066,2.50676,0.0360954,60.0
1744878868812724.0,-2009.77,-3152.85,1.09551,2.40116,2.46453,0.0633705,60.0
1744878868833708.0,-2009.77,-3152.85,1.09551,2.40116,2.43822,0.0370662,60.0
1744878868854225.0,-2011.88,-3151.49,1.0955,2.46453,2.32635,-0.138179,60.0
1744878868874878.0,-2011.88,-3151.49,1.0955,2.46453,2.31272,-0.151806,60.0
1744878868895504.0,-2011.88,-3151.49,1.0955,2.46453,2.58786,0.123335,60.0
1744878868916306.0,-2014.43,-3149.44,1.0953,2.31272,2.47558,0.162863,60.0
1744878868936749.0,-2014.43,-3149.44,1.0953,2.31272,2.4427,0.129978,60.0
1744878868957591.0,-2016.54,-3147.39,1.09496,2.47558,2.49483,0.0192444,60.0
1744878868978391.0,-2016.54,-3147.39,1.09496,2.47558,2.49101,0.0154311,60.0
1744878868999033.0,-2016.54,-3147.39,1.09496,2.47558,2.46941,-0.00617697,60.0
1744878869019974.0,-2019.09,-3145.34,1.09476,2.49101,2.59,0.0989893,60.0
1744878869040731.0,-2019.09,-3145.34,1.09476,2.49101,2.63365,0.142633,60.0
1744878869061379.0,-2021.2,-3143.29,1.09442,2.59,2.49165,-0.0983548,60.0
1744878869082026.0,-2021.2,-3143.29,1.09442,2.59,2.67875,0.0887427,60.0
1744878869102700.0,-2023.74,-3141.93,1.09456,2.67875,2.60539,-0.0733582,60.0
1744878869123727.0,-2023.74,-3141.93,1.09456,2.67875,2.56974,-0.109003,60.0
1744878869144217.0,-2023.74,-3141.93,1.09456,2.67875,2.53525,-0.143498,60.0
1744878869164926.0,-2025.86,-3139.88,1.09423,2.56974,2.43538,-0.134365,60.0
1744878869185651.0,-2025.86,-3139.88,1.09423,2.56974,2.45142,-0.118319,60.0
1744878869206360.0,-2028.4,-3137.83,1.09403,2.43538,2.51215,0.0767727,60.0
1744878869227113.0,-2028.4,-3137.83,1.09403,2.43538,2.59216,0.156786,60.0
1744878869247891.0,-2028.4,-3137.83,1.09403,2.43538,2.43562,0.000245788,60.0
1744878869268474.0,-2030.95,-3136.47,1.09417,2.59216,2.58725,-0.00490902,60.0
1744878869289221.0,-2030.95,-3136.47,1.09417,2.59216,2.51533,-0.0768318,60.0
1744878869309941.0,-2033.06,-3134.42,1.09384,2.58725,2.47312,-0.114133,60.0
1744878869330635.0,-2033.06,-3134.42,1.09384,2.58725,2.69069,0.103433,60.0
1744878869351417.0,-2033.06,-3134.42,1.09384,2.58725,2.49736,-0.0898974,60.0
1744878869372093.0,-2035.61,-3132.37,1.09365,2.69069,2.58255,-0.108141,60.0
1744878869392772.0,-2035.61,-3132.37,1.09365,2.69069,2.69424,0.00355426,60.0
1744878869413598.0,-2037.72,-3131.01,1.09366,2.58255,2.47825,-0.104296,60.0
1744878869434201.0,-2037.72,-3131.01,1.09366,2.58255,2.50253,-0.0800164,60.0
1744878869455172.0,-2037.72,-3131.01,1.09366,2.58255,2.56764,-0.0149116,60.0
1744878869476014.0,-2040.27,-3128.96,1.09347,2.50253,2.62396,0.121431,60.0
1744878869496815.0,-2040.27,-3128.96,1.09347,2.50253,2.46984,-0.0326875,60.0
1744878869517617.0,-2042.81,-3126.91,1.09328,2.62396,2.59377,-0.0301881,60.0
1744878869538485.0,-2042.81,-3126.91,1.09328,2.62396,2.47274,-0.15122,60.0
1744878869559419.0,-2045.35,-3125.55,1.09343,2.59377,2.44083,-0.152945,60.0
1744878869580550.0,-2045.35,-3125.55,1.09343,2.59377,2.63276,0.0389901,60.0
1744878869600887.0,-2045.35,-3125.55,1.09343,2.59377,2.50333,-0.0904414,60.0
1744878869621588.0,-2047.47,-3123.5,1.09311,2.63276,2.52795,-0.10481,60.0
1744878869642440.0,-2047.47,-3123.5,1.09311,2.63276,2.50353,-0.129234,60.0
1744878869663030.0,-2050.01,-3122.14,1.09326,2.52795,2.66649,0.138541,60.0
1744878869683662.0,-2050.01,-3122.14,1.09326,2.52795,2.39798,-0.129973,60.0
1744878869704503.0,-2050.01,-3122.14,1.09326,2.52795,2.44031,-0.0876417,60.0
1744878869725485.0,-2052.55,-3120.09,1.09308,2.39798,2.49626,0.0982802,60.0
1744878869746041.0,-2052.55,-3120.09,1.09308,2.39798,2.4547,0.0567235,60.0
1744878869766766.0,-2054.67,-3118.04,1.09277,2.49626,2.531,0.0347399,60.0
1744878869787378.0,-2054.67,-3118.04,1.09277,2.49626,2.50209,0.00582999,60.0
1744878869808150.0,-2054.67,-3118.04,1.09277,2.49626,2.56723,0.0709706,60.0
1744878869828778.0,-2057.21,-3116.68,1.09292,2.50209,2.44674,-0.0553476,60.0
1744878869849644.0,-2057.21,-3116.68,1.09292,2.50209,2.61491,0.112817,60.0
1744878869870726.0,-2059.75,-3114.63,1.09275,2.44674,2.43619,-0.0105501,60.0
1744878869891074.0,-2059.75,-3114.63,1.09275,2.44674,2.5576,0.110861,60.0
1744878869911722.0,-2059.75,-3114.63,1.09275,2.44674,2.53345,0.0867035,60.0
1744878869932390.0,-2062.29,-3113.26,1.09291,2.5576,2.44858,-0.10902,60.0
1744878869953667.0,-2062.29,-3113.26,1.09291,2.5576,2.55176,-0.00583834,60.0
1744878869974504.0,-2064.41,-3111.21,1.09259,2.44858,2.51256,0.0639787,60.0
1744878869995436.0,-2064.41,-3111.21,1.09259,2.44858,2.60078,0.152193,60.0
1744878870015768.0,-2066.95,-3109.17,1.09242,2.51256,2.60058,0.0880148,60.0
1744878870036364.0,-2066.95,-3109.17,1.09242,2.51256,2.46379,-0.04877,60.0
1744878870057794.0,-2066.95,-3109.17,1.09242,2.51256,2.3646,-0.147959,60.0
1744878870078705.0,-2069.49,-3107.8,1.09259,2.46379,2.42562,-0.0381714,60.0
1744878870099402.0,-2069.49,-3107.8,1.09259,2.46379,2.4896,0.0258066,60.0
1744878870120294.0,-2071.61,-3105.75,1.09228,2.42562,2.54144,0.115818,60.0
1744878870141262.0,-2071.61,-3105.75,1.09228,2.42562,2.53512,0.109496,60.0
1744878870161732.0,-2071.61,-3105.75,1.09228,2.42562,2.56421,0.138587,60.0
1744878870182702.0,-2074.15,-3103.71,1.09211,2.53512,2.39711,-0.138007,60.0
1744878870203411.0,-2074.15,-3103.71,1.09211,2.53512,2.46658,-0.068539,60.0
1744878870224143.0,-2076.7,-3102.34,1.09228,2.39711,2.44496,0.0478458,60.0
1744878870244995.0,-2076.7,-3102.34,1.09228,2.39711,2.52425,0.127144,60.0
1744878870265669.0,-2076.7,-3102.34,1.09228,2.39711,2.49076,0.0936516,60.0
1744878870286349.0,-2078.81,-3100.29,1.09198,2.52425,2.36014,-0.164117,60.0
1744878870306909.0,-2078.81,-3100.29,1.09198,2.52425,2.65191,0.127652,60.0
1744878870327740.0,-2081.36,-3098.93,1.09215,2.36014,2.43852,0.0783797,60.0
1744878870348614.0,-2081.36,-3098.93,1.09215,2.36014,2.42806,0.0679267,60.0
1744878870369543.0,-2083.9,-3096.88,1.09198,2.43852,2.36417,-0.0743501,60.0
1744878870390452.0,-2083.9,-3096.88,1.09198,2.43852,2.35525,-0.0832639,60.0
1744878870411314.0,-2083.9,-3096.88,1.09198,2.43852,2.47857,0.0400492,60.0
1744878870431866.0,-2086.02,-3094.83,1.09169,2.35525,2.32538,-0.0298767,60.0
1744878870452780.0,-2086.02,-3094.83,1.09169,2.35525,2.45863,0.103376,60.0
1744878870473710.0,-2088.56,-3092.79,1.09153,2.32538,2.4475,0.122121,60.0
1744878870494694.0,-2088.56,-3092.79,1.09153,2.32538,2.30966,-0.0157141,60.0
1744878870515403.0,-2088.56,-3092.79,1.09153,2.32538,2.27577,-0.0496029,60.0
1744878870536081.0,-2090.68,-3091.42,1.09156,2.30966,2.4494,0.139735,60.0
1744878870556906.0,-2090.68,-3091.42,1.09156,2.30966,2.35307,0.0434052,60.0
1744878870577582.0,-2093.22,-3089.37,1.09141,2.4494,2.36164,-0.0877573,60.0
1744878870598314.0,-2093.22,-3089.37,1.09141,2.4494,2.49938,0.0499785,60.0
1744878870619081.0,-2093.22,-3089.37,1.09141,2.4494,2.61181,0.16241,60.0
1744878870639664.0,-2095.34,-3087.32,1.09112,2.49938,2.4937,-0.00567235,60.0
1744878870661707.0,-2095.34,-3087.32,1.09112,2.49938,2.5337,0.0343207,60.0
1744878870682041.0,-2097.88,-3085.28,1.09097,2.4937,2.54016,0.0464598,60.0
1744878870703067.0,-2097.88,-3085.28,1.09097,2.4937,2.42722,-0.0664802,60.0
1744878870723982.0,-2097.88,-3085.28,1.09097,2.4937,2.58328,0.0895723,60.0
1744878870744443.0,-2100.0,-3083.91,1.091,2.42722,2.42523,-0.00199547,60.0
1744878870765252.0,-2100.0,-3083.91,1.091,2.42722,2.43579,0.00856375,60.0
1744878870786070.0,-2102.54,-3081.86,1.09086,2.42523,2.54616,0.120934,60.0
1744878870807045.0,-2102.54,-3081.86,1.09086,2.42523,2.53122,0.105991,60.0
1744878870827826.0,-2104.66,-3079.82,1.09057,2.54616,2.50609,-0.0400758,60.0
1744878870848712.0,-2104.66,-3079.82,1.09057,2.54616,2.43989,-0.106268,60.0
1744878870869453.0,-2104.66,-3079.82,1.09057,2.54616,2.49465,-0.0515154,60.0
1744878870890226.0,-2107.2,-3077.77,1.09042,2.43989,2.51253,0.0726398,60.0
1744878870910886.0,-2107.2,-3077.77,1.09042,2.43989,2.52193,0.0820394,60.0
1744878870931645.0,-2109.74,-3076.4,1.09061,2.51253,2.67116,0.158629,60.0
1744878870952783.0,-2109.74,-3076.4,1.09061,2.51253,2.3715,-0.141032,60.0
1744878870973705.0,-2109.74,-3076.4,1.09061,2.51253,2.52131,0.00877857,60.0
1744878870994350.0,-2111.86,-3074.36,1.09033,2.3715,2.34858,-0.0229179,60.0
1744878871015114.0,-2111.86,-3074.36,1.09033,2.3715,2.46418,0.0926825,60.0
1744878871035748.0,-2114.4,-3072.31,1.09019,2.34858,2.30024,-0.048341,60.0
1744878871056668.0,-2114.4,-3072.31,1.09019,2.34858,2.42189,0.0733016,60.0
1744878871076982.0,-2114.4,-3072.31,1.09019,2.34858,2.42447,0.0758906,60.0
1744878871097735.0,-2116.52,-3070.26,1.08991,2.42189,2.45759,0.0357073,60.0
1744878871118480.0,-2116.52,-3070.26,1.08991,2.42189,2.33504,-0.0868415,60.0
1744878871139201.0,-2119.06,-3068.9,1.0901,2.45759,2.38405,-0.0735416,60.0
1744878871159773.0,-2119.06,-3068.9,1.0901,2.45759,2.41408,-0.0435167,60.0
1744878871180409.0,-2119.06,-3068.9,1.0901,2.45759,2.46886,0.0112698,60.0
1744878871201093.0,-2121.18,-3066.85,1.08982,2.41408,2.49075,0.0766743,60.0
1744878871221806.0,-2121.18,-3066.85,1.08982,2.41408,2.4559,0.0418248,60.0
1744878871242536.0,-2123.29,-3064.8,1.08954,2.49075,2.46353,-0.0272218,60.0
1744878871263183.0,-2123.29,-3064.8,1.08954,2.49075,2.39538,-0.0953729,60.0
1744878871283790.0,-2125.84,-3062.75,1.08941,2.46353,2.49672,0.0331869,60.0
1744878871304476.0,-2125.84,-3062.75,1.08941,2.46353,2.58527,0.121737,60.0
1744878871325109.0,-2125.84,-3062.75,1.08941,2.46353,2.56109,0.0975593,60.0
1744878871345669.0,-2127.95,-3061.39,1.08946,2.58526,2.57668,-0.00858747,60.0
1744878871366495.0,-2127.95,-3061.39,1.08946,2.58526,2.54716,-0.0381035,60.0
1744878871387114.0,-2130.5,-3059.34,1.08933,2.57668,2.64406,0.0673802,60.0
1744878871408087.0,-2130.5,-3059.34,1.08933,2.57668,2.46298,-0.113698,60.0
1744878871428658.0,-2130.5,-3059.34,1.08933,2.57668,2.4962,-0.0804764,60.0
1744878871449841.0,-2133.04,-3057.29,1.0892,2.46298,2.61639,0.153415,60.0
1744878871470384.0,-2133.04,-3057.29,1.0892,2.46298,2.56997,0.106991,60.0
1744878871491089.0,-2135.16,-3055.24,1.08894,2.61639,2.5009,-0.115491,60.0
1744878871511899.0,-2135.16,-3055.24,1.08894,2.61639,2.68415,0.0677532,60.0
1744878871532698.0,-2135.16,-3055.24,1.08894,2.61639,2.45335,-0.163045,60.0
1744878871553004.0,-2137.7,-3053.88,1.08914,2.68415,2.61135,-0.0727996,60.0
1744878871573965.0,-2137.7,-3053.88,1.08914,2.68415,2.60104,-0.0831108,60.0
1744878871595350.0,-2139.82,-3051.83,1.08887,2.61135,2.46747,-0.143879,60.0
1744878871615675.0,-2139.82,-3051.83,1.08887,2.61135,2.65385,0.042501,60.0
1744878871636199.0,-2142.36,-3049.78,1.08875,2.46747,2.61389,0.146418,60.0
1744878871656978.0,-2142.36,-3049.78,1.08875,2.46747,2.37024,-0.0972317,60.0
1744878871677614.0,-2142.36,-3049.78,1.08875,2.46747,2.4099,-0.0575647,60.0
1744878871698326.0,-2144.9,-3048.42,1.08895,2.37024,2.44546,0.0752259,60.0
1744878871718795.0,-2144.9,-3048.42,1.08895,2.37024,2.50987,0.139633,60.0
1744878871739399.0,-2147.02,-3046.37,1.08869,2.44546,2.4032,-0.0422668,60.0
1744878871760077.0,-2147.02,-3046.37,1.08869,2.44546,2.54286,0.0973966,60.0
1744878871780836.0,-2147.02,-3046.37,1.08869,2.44546,2.40496,-0.0405002,60.0
1744878871801766.0,-2149.56,-3044.32,1.08857,2.54286,2.48675,-0.056109,60.0
1744878871822380.0,-2149.56,-3044.32,1.08857,2.54286,2.49721,-0.0456545,60.0
1744878871843580.0,-2151.68,-3042.96,1.08864,2.48675,2.52317,0.0364218,60.0
1744878871864444.0,-2151.68,-3042.96,1.08864,2.48675,2.44049,-0.0462631,60.0
1744878871885084.0,-2151.68,-3042.96,1.08864,2.48675,2.45178,-0.0349722,60.0
1744878871905734.0,-2154.22,-3040.91,1.08852,2.44049,2.51516,0.0746675,60.0
1744878871926407.0,-2154.22,-3040.91,1.08852,2.44049,2.48896,0.0484749,60.0
1744878871947355.0,-2156.76,-3038.86,1.08841,2.51516,2.46636,-0.0487994,60.0
1744878871968161.0,-2156.76,-3038.86,1.08841,2.51516,2.60828,0.0931234,60.0
1744878871988916.0,-2156.76,-3038.86,1.08841,2.51516,2.6109,0.095749,60.0
1744878872009814.0,-2158.88,-3036.81,1.08815,2.60828,2.53234,-0.0759431,60.0
1744878872031338.0,-2158.88,-3036.81,1.08815,2.60828,2.63972,0.0314366,60.0
1744878872052061.0,-2161.42,-3035.45,1.08837,2.53234,2.56223,0.0298939,60.0
1744878872073441.0,-2161.42,-3035.45,1.08837,2.53234,2.59354,0.0612026,60.0
1744878872095267.0,-2163.54,-3033.4,1.08812,2.56223,2.40477,-0.157457,60.0
1744878872115072.0,-2163.54,-3033.4,1.08812,2.56223,2.66208,0.099847,60.0
1744878872135772.0,-2163.54,-3033.4,1.08812,2.56223,2.42169,-0.140541,60.0
1744878872156565.0,-2166.08,-3032.04,1.08833,2.66208,2.56016,-0.101918,60.0
1744878872177440.0,-2166.08,-3032.04,1.08833,2.66208,2.58679,-0.0752821,60.0
1744878872198418.0,-2168.62,-3029.99,1.08823,2.56016,2.50521,-0.0549449,60.0
1744878872219105.0,-2168.62,-3029.99,1.08823,2.56016,2.43739,-0.122768,60.0
1744878872240034.0,-2168.62,-3029.99,1.08823,2.56016,2.61512,0.0549599,60.0
1744878872261086.0,-2171.16,-3027.94,1.08812,2.43739,2.5363,0.0989113,60.0
1744878872282126.0,-2171.16,-3027.94,1.08812,2.43739,2.50567,0.0682746,60.0
1744878872302966.0,-2173.28,-3026.58,1.0882,2.5363,2.46139,-0.0749104,60.0
1744878872323756.0,-2173.28,-3026.58,1.0882,2.5363,2.63013,0.0938233,60.0
1744878872345620.0,-2175.82,-3024.53,1.0881,2.63013,2.51439,-0.115736,60.0
1744878872366501.0,-2175.82,-3024.53,1.0881,2.63013,2.49941,-0.130719,60.0
1744878872387500.0,-2175.82,-3024.53,1.0881,2.63013,2.67436,0.0442354,60.0
1744878872407719.0,-2178.36,-3023.16,1.08832,2.49941,2.39183,-0.107573,60.0
1744878872428347.0,-2178.36,-3023.16,1.08832,2.49941,2.58766,0.0882573,60.0
1744878872449433.0,-2180.48,-3021.11,1.08808,2.39183,2.26544,-0.126397,60.0
1744878872470118.0,-2180.48,-3021.11,1.08808,2.39183,2.50625,0.114415,60.0
1744878872490858.0,-2180.48,-3021.11,1.08808,2.39183,2.39162,-0.000213221,60.0
1744878872511721.0,-2183.02,-3019.07,1.08798,2.50625,2.55671,0.0504593,60.0
1744878872532108.0,-2183.02,-3019.07,1.08798,2.50625,2.59803,0.0917837,60.0
1744878872553157.0,-2185.57,-3017.7,1.08821,2.55671,2.51595,-0.0407555,60.0
1744878872573520.0,-2185.57,-3017.7,1.08821,2.55671,2.41973,-0.136975,60.0
1744878872595788.0,-2185.57,-3017.7,1.08821,2.55671,2.68197,0.125265,60.0
1744878872616177.0,-2187.68,-3015.65,1.08797,2.41973,2.53864,0.118905,60.0
1744878872637086.0,-2187.68,-3015.65,1.08797,2.41973,2.50717,0.0874432,60.0
1744878872657344.0,-2190.23,-3013.61,1.08788,2.53864,2.42613,-0.112503,60.0
1744878872677995.0,-2190.23,-3013.61,1.08788,2.53864,2.57427,0.0356332,60.0
1744878872698759.0,-2190.23,-3013.61,1.08788,2.53864,2.38728,-0.151356,60.0
1744878872719433.0,-2192.77,-3012.24,1.08811,2.57427,2.41509,-0.159177,60.0
1744878872740384.0,-2192.77,-3012.24,1.08811,2.57427,2.48004,-0.0942273,60.0
1744878872761290.0,-2195.31,-3010.19,1.08803,2.41509,2.49703,0.0819414,60.0
1744878872781984.0,-2195.31,-3010.19,1.08803,2.41509,2.44069,0.0255994,60.0
1744878872803103.0,-2197.43,-3008.83,1.08811,2.49703,2.55811,0.0610761,60.0
1744878872823440.0,-2197.43,-3008.83,1.08811,2.49703,2.51466,0.0176284,60.0
1744878872844363.0,-2197.43,-3008.83,1.08811,2.49703,2.35307,-0.143961,60.0
1744878872865232.0,-2199.97,-3006.78,1.08803,2.51466,2.54007,0.0254027,60.0
1744878872886476.0,-2199.97,-3006.78,1.08803,2.51466,2.65435,0.139689,60.0
1744878872907495.0,-2202.51,-3004.73,1.08794,2.54007,2.59514,0.0550706,60.0
1744878872928372.0,-2202.51,-3004.73,1.08794,2.54007,2.63622,0.0961586,60.0
1744878872949484.0,-2202.51,-3004.73,1.08794,2.54007,2.43907,-0.100998,60.0
1744878872970152.0,-2204.63,-3003.37,1.08804,2.63622,2.5373,-0.0989245,60.0
1744878872991018.0,-2204.63,-3003.37,1.08804,2.63622,2.52932,-0.1069,60.0
1744878873011862.0,-2207.17,-3001.32,1.08795,2.5373,2.58266,0.0453643,60.0
1744878873032826.0,-2207.17,-3001.32,1.08795,2.5373,2.54443,0.00713033,60.0
1744878873053490.0,-2207.17,-3001.32,1.08795,2.5373,2.38056,-0.156737,60.0
1744878873074243.0,-2209.71,-2999.96,1.0882,2.54443,2.64063,0.0962042,60.0
1744878873097164.0,-2209.71,-2999.96,1.0882,2.54443,2.45351,-0.0909155,60.0
1744878873118732.0,-2212.25,-2997.91,1.08812,2.64063,2.5832,-0.057437,60.0
1744878873139559.0,-2212.25,-2997.91,1.08812,2.64063,2.62354,-0.0170962,60.0
1744878873160075.0,-2214.37,-2996.54,1.08821,2.5832,2.58754,0.00434311,60.0
1744878873180753.0,-2214.37,-2996.54,1.08821,2.5832,2.53811,-0.0450904,60.0
1744878873201446.0,-2214.37,-2996.54,1.08821,2.5832,2.59044,0.00724491,60.0
1744878873222264.0,-2216.91,-2994.49,1.08814,2.53811,2.52876,-0.00935199,60.0
1744878873242947.0,-2216.91,-2994.49,1.08814,2.53811,2.42375,-0.114359,60.0
1744878873263948.0,-2219.45,-2992.45,1.08807,2.52876,2.47166,-0.0570992,60.0
1744878873284640.0,-2219.45,-2992.45,1.08807,2.52876,2.61454,0.0857838,60.0
1744878873305509.0,-2219.45,-2992.45,1.08807,2.52876,2.39563,-0.133125,60.0
1744878873326019.0,-2222.0,-2991.08,1.08831,2.61454,2.50843,-0.106105,60.0
1744878873346521.0,-2222.0,-2991.08,1.08831,2.61454,2.4569,-0.157636,60.0
1744878873367264.0,-2224.11,-2989.03,1.0881,2.50843,2.47866,-0.0297742,60.0
1744878873387980.0,-2224.11,-2989.03,1.0881,2.50843,2.44029,-0.0681431,60.0
1744878873408668.0,-2224.11,-2989.03,1.0881,2.50843,2.47599,-0.0324393,60.0
1744878873429414.0,-2226.66,-2987.67,1.08835,2.44029,2.49662,0.0563311,60.0
1744878873450194.0,-2226.66,-2987.67,1.08835,2.44029,2.47492,0.0346301,60.0
1744878873470765.0,-2229.2,-2985.62,1.08828,2.49662,2.47983,-0.0167881,60.0
1744878873491845.0,-2229.2,-2985.62,1.08828,2.49662,2.47847,-0.0181551,60.0
1744878873512637.0,-2231.74,-2984.26,1.08853,2.47983,2.50263,0.0227921,60.0
1744878873533280.0,-2231.74,-2984.26,1.08853,2.47983,2.6198,0.139966,60.0
1744878873553928.0,-2231.74,-2984.26,1.08853,2.47983,2.58501,0.105179,60.0
1744878873574369.0,-2234.28,-2982.21,1.08847,2.6198,2.55357,-0.0662327,60.0
1744878873595067.0,-2234.28,-2982.21,1.08847,2.6198,2.54658,-0.0732218,60.0
1744878873615809.0,-2236.4,-2980.84,1.08858,2.55357,2.45258,-0.100986,60.0
1744878873636939.0,-2236.4,-2980.84,1.08858,2.55357,2.4856,-0.0679694,60.0
1744878873657191.0,-2236.4,-2980.84,1.08858,2.55357,2.57099,0.0174242,60.0
1744878873677873.0,-2238.94,-2978.8,1.08852,2.4856,2.59214,0.106539,60.0
1744878873698506.0,-2238.94,-2978.8,1.08852,2.4856,2.50956,0.0239634,60.0
1744878873719186.0,-2241.48,-2977.43,1.08877,2.59214,2.60788,0.0157419,60.0
1744878873739924.0,-2241.48,-2977.43,1.08877,2.59214,2.47228,-0.119855,60.0
1744878873760854.0,-2241.48,-2977.43,1.08877,2.59214,2.50605,-0.0860831,60.0
1744878873781208.0,-2244.02,-2975.38,1.08872,2.47228,2.37036,-0.10192,60.0
1744878873801952.0,-2244.02,-2975.38,1.08872,2.47228,2.40829,-0.0639921,60.0
1744878873822662.0,-2246.14,-2973.33,1.08851,2.37036,2.53258,0.162218,60.0
1744878873843254.0,-2246.14,-2973.33,1.08851,2.37036,2.44628,0.075919,60.0
1744878873863907.0,-2246.14,-2973.33,1.08851,2.37036,2.35722,-0.0131401,60.0
1744878873884669.0,-2248.68,-2971.97,1.08877,2.44628,2.53418,0.087904,60.0
1744878873905412.0,-2248.68,-2971.97,1.08877,2.44628,2.50189,0.0556131,60.0
1744878873926082.0,-2251.22,-2969.92,1.08872,2.53418,2.63145,0.0972629,60.0
1744878873946849.0,-2251.22,-2969.92,1.08872,2.53418,2.38912,-0.145063,60.0
1744878873967469.0,-2253.77,-2968.56,1.08899,2.63145,2.6697,0.0382483,60.0
1744878873988190.0,-2253.77,-2968.56,1.08899,2.63145,2.52747,-0.103981,60.0
1744878874008812.0,-2253.77,-2968.56,1.08899,2.63145,2.60289,-0.0285593,60.0
1744878874029536.0,-2255.88,-2966.51,1.08879,2.52747,2.41516,-0.112309,60.0
1744878874050236.0,-2255.88,-2966.51,1.08879,2.52747,2.39531,-0.132158,60.0
1744878874071015.0,-2258.43,-2965.14,1.08905,2.41516,2.55081,0.135652,60.0
1744878874091687.0,-2258.43,-2965.14,1.08905,2.41516,2.5526,0.13744,60.0
1744878874112392.0,-2258.43,-2965.14,1.08905,2.41516,2.44402,0.0288666,60.0
1744878874133066.0,-2260.97,-2963.1,1.08901,2.5526,2.62502,0.0724253,60.0
1744878874153760.0,-2260.97,-2963.1,1.08901,2.5526,2.46164,-0.0909569,60.0
1744878874174406.0,-2263.51,-2961.73,1.08928,2.62502,2.47011,-0.154912,60.0
1744878874195102.0,-2263.51,-2961.73,1.08928,2.62502,2.49702,-0.128006,60.0
1744878874215753.0,-2263.51,-2961.73,1.08928,2.62502,2.58219,-0.0428287,60.0
1744878874236441.0,-2265.63,-2959.68,1.08908,2.49702,2.45624,-0.040773,60.0
1744878874257141.0,-2265.63,-2959.68,1.08908,2.49702,2.6168,0.11978,60.0
1744878874277727.0,-2268.17,-2957.64,1.08904,2.45624,2.52067,0.0644294,60.0
1744878874298460.0,-2268.17,-2957.64,1.08904,2.45624,2.38458,-0.0716666,60.0
1744878874319288.0,-2268.17,-2957.64,1.08904,2.45624,2.56111,0.104864,60.0
1744878874339969.0,-2270.71,-2956.27,1.08931,2.38458,2.32406,-0.0605183,60.0
1744878874360660.0,-2270.71,-2956.27,1.08931,2.38458,2.53154,0.146963,60.0
1744878874381318.0,-2273.25,-2954.22,1.08928,2.32406,2.38547,0.0614153,60.0
1744878874402148.0,-2273.25,-2954.22,1.08928,2.32406,2.42713,0.103071,60.0
1744878874422939.0,-2275.37,-2952.86,1.0894,2.38547,2.50859,0.123115,60.0
1744878874443851.0,-2275.37,-2952.86,1.0894,2.38547,2.36154,-0.0239344,60.0
1744878874464609.0,-2275.37,-2952.86,1.0894,2.38547,2.45906,0.0735816,60.0
1744878874485231.0,-2277.91,-2950.81,1.08936,2.36154,2.35666,-0.00488482,60.0
1744878874505884.0,-2277.91,-2950.81,1.08936,2.36154,2.45022,0.0886826,60.0
1744878874526547.0,-2280.45,-2948.76,1.08933,2.35666,2.37429,0.0176315,60.0
1744878874547384.0,-2280.45,-2948.76,1.08933,2.35666,2.50212,0.145463,60.0
1744878874567812.0,-2280.45,-2948.76,1.08933,2.35666,2.27853,-0.0781231,60.0
1744878874589050.0,-2282.57,-2947.4,1.08946,2.50212,2.4405,-0.0616137,60.0
1744878874609525.0,-2282.57,-2947.4,1.08946,2.50212,2.58247,0.0803495,60.0
1744878874630543.0,-2285.11,-2945.35,1.08943,2.4405,2.46075,0.0202496,60.0
1744878874650946.0,-2285.11,-2945.35,1.08943,2.4405,2.58985,0.149341,60.0
1744878874672078.0,-2285.11,-2945.35,1.08943,2.4405,2.43808,-0.00242088,60.0
1744878874692478.0,-2287.23,-2943.3,1.08925,2.58985,2.47067,-0.11918,60.0
1744878874713181.0,-2287.23,-2943.3,1.08925,2.58985,2.49097,-0.0988791,60.0
1744878874733898.0,-2289.77,-2941.94,1.08953,2.47067,2.53568,0.0650173,60.0
1744878874754582.0,-2289.77,-2941.94,1.08953,2.47067,2.46958,-0.00108775,60.0
1744878874775658.0,-2289.77,-2941.94,1.08953,2.47067,2.57292,0.102252,60.0
1744878874796025.0,-2292.31,-2939.89,1.0895,2.46958,2.35751,-0.112065,60.0
1744878874817084.0,-2292.31,-2939.89,1.0895,2.46958,2.54578,0.0762029,60.0
1744878874837732.0,-2294.43,-2937.84,1.08933,2.35751,2.4497,0.0921897,60.0
1744878874858165.0,-2294.43,-2937.84,1.08933,2.35751,2.48519,0.127679,60.0
1744878874878791.0,-2296.97,-2935.79,1.0893,2.4497,2.45383,0.00412491,60.0
1744878874899788.0,-2296.97,-2935.79,1.0893,2.4497,2.4203,-0.0294004,60.0
1744878874920278.0,-2296.97,-2935.79,1.0893,2.4497,2.50386,0.054156,60.0
1744878874940760.0,-2299.09,-2934.43,1.08944,2.4203,2.44545,0.0251472,60.0
1744878874961861.0,-2299.09,-2934.43,1.08944,2.4203,2.52755,0.107243,60.0
1744878874982666.0,-2301.63,-2932.38,1.08942,2.44545,2.39411,-0.0513373,60.0
1744878875003539.0,-2301.63,-2932.38,1.08942,2.44545,2.54977,0.104325,60.0
1744878875023970.0,-2301.63,-2932.38,1.08942,2.44545,2.48288,0.0374298,60.0
1744878875045216.0,-2304.17,-2930.33,1.0894,2.54977,2.59825,0.0484763,60.0
1744878875065636.0,-2304.17,-2930.33,1.0894,2.54977,2.52192,-0.0278549,60.0
1744878875086272.0,-2306.29,-2928.97,1.08954,2.59825,2.54042,-0.0578348,60.0
1744878875106844.0,-2306.29,-2928.97,1.08954,2.59825,2.64453,0.0462762,60.0
1744878875127731.0,-2306.29,-2928.97,1.08954,2.59825,2.51865,-0.0795998,60.0
1744878875148414.0,-2308.83,-2926.92,1.08952,2.64453,2.57197,-0.0725545,60.0
1744878875169220.0,-2308.83,-2926.92,1.08952,2.64453,2.61599,-0.0285397,60.0
1744878875189869.0,-2310.95,-2924.87,1.08935,2.57197,2.45741,-0.114561,60.0
1744878875210622.0,-2310.95,-2924.87,1.08935,2.57197,2.57397,0.00199335,60.0
1744878875231396.0,-2310.95,-2924.87,1.08935,2.57197,2.47457,-0.0974014,60.0
1744878875252201.0,-2313.49,-2923.51,1.08965,2.57397,2.43706,-0.136911,60.0
1744878875272743.0,-2313.49,-2923.51,1.08965,2.57397,2.51111,-0.0628555,60.0
1744878875293628.0,-2316.04,-2921.46,1.08964,2.43706,2.36095,-0.0761028,60.0
1744878875314096.0,-2316.04,-2921.46,1.08964,2.43706,2.57353,0.136477,60.0
1744878875334786.0,-2318.15,-2919.41,1.08948,2.36095,2.36944,0.00849047,60.0
1744878875355803.0,-2318.15,-2919.41,1.08948,2.36095,2.4173,0.0563458,60.0
1744878875376466.0,-2318.15,-2919.41,1.08948,2.36095,2.45008,0.0891257,60.0
1744878875397219.0,-2320.7,-2918.05,1.08978,2.4173,2.41319,-0.00410797,60.0
1744878875417894.0,-2320.7,-2918.05,1.08978,2.4173,2.41841,0.00111372,60.0
1744878875438607.0,-2323.24,-2916.0,1.08977,2.41319,2.55561,0.142415,60.0
1744878875459616.0,-2323.24,-2916.0,1.08977,2.41319,2.55702,0.143825,60.0
1744878875480323.0,-2323.24,-2916.0,1.08977,2.41319,2.38417,-0.0290207,60.0
1744878875500636.0,-2325.36,-2913.95,1.08961,2.55702,2.42045,-0.136569,60.0
1744878875521197.0,-2325.36,-2913.95,1.08961,2.55702,2.62009,0.0630782,60.0
1744878875541841.0,-2327.9,-2912.58,1.08992,2.42045,2.39183,-0.0286217,60.0
1744878875562562.0,-2327.9,-2912.58,1.08992,2.42045,2.45092,0.0304751,60.0
1744878875583627.0,-2327.9,-2912.58,1.08992,2.42045,2.54584,0.125389,60.0
1744878875604347.0,-2330.01,-2910.54,1.08976,2.45092,2.36093,-0.0899931,60.0
1744878875624923.0,-2330.01,-2910.54,1.08976,2.45092,2.55265,0.101723,60.0
1744878875645662.0,-2332.56,-2908.49,1.08976,2.36093,2.52027,0.159337,60.0
1744878875666340.0,-2332.56,-2908.49,1.08976,2.36093,2.4051,0.0441741,60.0
1744878875687018.0,-2332.56,-2908.49,1.08976,2.36093,2.48132,0.120388,60.0
1744878875707651.0,-2335.1,-2907.12,1.09007,2.4051,2.50608,0.100977,60.0
1744878875728691.0,-2335.1,-2907.12,1.09007,2.4051,2.53775,0.132652,60.0
1744878875749516.0,-2337.22,-2905.08,1.08992,2.50608,2.44113,-0.0649525,60.0
1744878875770276.0,-2337.22,-2905.08,1.08992,2.50608,2.59523,0.0891506,60.0
1744878875790808.0,-2339.76,-2903.03,1.08992,2.44113,2.52943,0.088302,60.0
1744878875811820.0,-2339.76,-2903.03,1.08992,2.44113,2.4467,0.00557593,60.0
1744878875832486.0,-2339.76,-2903.03,1.08992,2.44113,2.53039,0.0892592,60.0
1744878875853358.0,-2341.88,-2900.98,1.08977,2.4467,2.42366,-0.0230453,60.0
1744878875873860.0,-2341.88,-2900.98,1.08977,2.4467,2.46918,0.022478,60.0
1744878875894509.0,-2344.42,-2899.61,1.09009,2.42366,2.53212,0.108465,60.0
1744878875915310.0,-2344.42,-2899.61,1.09009,2.42366,2.51372,0.0900585,60.0
1744878875935965.0,-2344.42,-2899.61,1.09009,2.42366,2.53913,0.115473,60.0
1744878875956811.0,-2346.54,-2897.57,1.08994,2.51372,2.45936,-0.0543531,60.0
1744878875977503.0,-2346.54,-2897.57,1.08994,2.51372,2.44552,-0.0681975,60.0
1744878875998193.0,-2349.08,-2895.52,1.08995,2.45936,2.59016,0.130797,60.0
1744878876019011.0,-2349.08,-2895.52,1.08995,2.45936,2.46538,0.00601974,60.0
1744878876039675.0,-2349.08,-2895.52,1.08995,2.45936,2.4967,0.0373365,60.0
1744878876060311.0,-2351.2,-2893.47,1.0898,2.46538,2.56235,0.0969702,60.0
1744878876080934.0,-2351.2,-2893.47,1.0898,2.46538,2.44183,-0.0235566,60.0
1744878876101632.0,-2353.74,-2892.11,1.09013,2.56235,2.59706,0.0347021,60.0
1744878876122276.0,-2353.74,-2892.11,1.09013,2.56235,2.48197,-0.0803841,60.0
1744878876143012.0,-2353.74,-2892.11,1.09013,2.56235,2.50461,-0.0577474,60.0
1744878876163780.0,-2356.28,-2890.06,1.09014,2.48197,2.60267,0.120698,60.0
1744878876184404.0,-2356.28,-2890.06,1.09014,2.48197,2.55962,0.0776472,60.0
1744878876205105.0,-2358.4,-2888.01,1.09,2.60267,2.5172,-0.0854658,60.0
1744878876225845.0,-2358.4,-2888.01,1.09,2.60267,2.50503,-0.0976382,60.0
1744878876246578.0,-2360.94,-2886.65,1.09032,2.5172,2.59627,0.0790684,60.0
1744878876267318.0,-2360.94,-2886.65,1.09032,2.5172,2.41548,-0.101718,60.0
1744878876288013.0,-2360.94,-2886.65,1.09032,2.5172,2.41745,-0.099756,60.0
1744878876308869.0,-2363.06,-2884.6,1.09019,2.41548,2.57854,0.163052,60.0
1744878876329681.0,-2363.06,-2884.6,1.09019,2.41548,2.40161,-0.0138767,60.0
1744878876350421.0,-2365.6,-2882.55,1.09021,2.57854,2.59898,0.0204453,60.0
1744878876371208.0,-2365.6,-2882.55,1.09021,2.57854,2.51302,-0.065519,60.0
1744878876391828.0,-2365.6,-2882.55,1.09021,2.57854,2.53202,-0.0465116,60.0
1744878876412415.0,-2367.72,-2881.18,1.09038,2.51302,2.52849,0.0154775,60.0
1744878876433370.0,-2367.72,-2881.18,1.09038,2.51302,2.57924,0.066224,60.0
1744878876454102.0,-2370.26,-2879.14,1.0904,2.52849,2.40841,-0.120079,60.0
1744878876475361.0,-2370.26,-2879.14,1.0904,2.52849,2.59483,0.0663347,60.0
1744878876495968.0,-2370.26,-2879.14,1.0904,2.52849,2.59135,0.0628539,60.0
1744878876516508.0,-2372.8,-2877.09,1.09043,2.59483,2.69326,0.0984354,60.0
1744878876537393.0,-2372.8,-2877.09,1.09043,2.59483,2.57114,-0.0236902,60.0
1744878876558034.0,-2374.92,-2875.72,1.0906,2.69326,2.62296,-0.0703063,60.0
1744878876578731.0,-2374.92,-2875.72,1.0906,2.69326,2.61724,-0.0760228,60.0
1744878876599632.0,-2374.92,-2875.72,1.0906,2.69326,2.60052,-0.0927404,60.0
1744878876620200.0,-2377.46,-2873.68,1.09063,2.61724,2.47715,-0.140094,60.0
1744878876641065.0,-2377.46,-2873.68,1.09063,2.61724,2.55062,-0.0666243,60.0
1744878876661745.0,-2380.0,-2871.63,1.09066,2.47715,2.44199,-0.0351563,60.0
1744878876682503.0,-2380.0,-2871.63,1.09066,2.47715,2.44465,-0.0324952,60.0
1744878876702861.0,-2382.54,-2870.26,1.091,2.44199,2.48328,0.0412906,60.0
1744878876723823.0,-2382.54,-2870.26,1.091,2.44199,2.50346,0.0614651,60.0
1744878876744536.0,-2382.54,-2870.26,1.091,2.44199,2.49766,0.0556694,60.0
1744878876765113.0,-2384.66,-2868.21,1.09087,2.50346,2.45522,-0.0482402,60.0
1744878876785656.0,-2384.66,-2868.21,1.09087,2.50346,2.38892,-0.114537,60.0
1744878876806699.0,-2387.2,-2866.17,1.09091,2.45522,2.51834,0.063128,60.0
1744878876827332.0,-2387.2,-2866.17,1.09091,2.45522,2.45919,0.00397209,60.0
1744878876847899.0,-2387.2,-2866.17,1.09091,2.45522,2.53479,0.0795715,60.0
1744878876868500.0,-2389.74,-2864.8,1.09125,2.45919,2.42636,-0.0328281,60.0
1744878876889320.0,-2389.74,-2864.8,1.09125,2.45919,2.41068,-0.0485104,60.0
1744878876910303.0,-2391.86,-2862.75,1.09113,2.42636,2.34353,-0.0828301,60.0
1744878876931101.0,-2391.86,-2862.75,1.09113,2.42636,2.35305,-0.0733123,60.0
1744878876952042.0,-2391.86,-2862.75,1.09113,2.42636,2.53129,0.104934,60.0
1744878876972771.0,-2394.4,-2861.39,1.09147,2.35305,2.50768,0.154635,60.0
1744878876993514.0,-2394.4,-2861.39,1.09147,2.35305,2.34754,-0.00550654,60.0
1744878877014129.0,-2396.52,-2859.34,1.09135,2.50768,2.46282,-0.0448574,60.0
1744878877035001.0,-2396.52,-2859.34,1.09135,2.50768,2.53162,0.0239422,60.0
1744878877055555.0,-2399.06,-2857.29,1.09139,2.53162,2.49988,-0.0317431,60.0
1744878877076219.0,-2399.06,-2857.29,1.09139,2.53162,2.51825,-0.0133696,60.0
1744878877096953.0,-2399.06,-2857.29,1.09139,2.53162,2.38346,-0.148162,60.0
1744878877117589.0,-2401.6,-2855.93,1.09174,2.51825,2.60329,0.0850326,60.0
1744878877138662.0,-2401.6,-2855.93,1.09174,2.51825,2.60325,0.0849968,60.0
1744878877159389.0,-2403.72,-2853.88,1.09163,2.60329,2.52351,-0.0797777,60.0
1744878877180047.0,-2403.72,-2853.88,1.09163,2.60329,2.62853,0.0252431,60.0
1744878877200748.0,-2403.72,-2853.88,1.09163,2.60329,2.46647,-0.136813,60.0
1744878877221899.0,-2406.26,-2851.83,1.09167,2.62853,2.70239,0.0738554,60.0
1744878877242364.0,-2406.26,-2851.83,1.09167,2.62853,2.61709,-0.011441,60.0
1744878877262941.0,-2408.81,-2850.47,1.09203,2.70239,2.58973,-0.112659,60.0
1744878877283666.0,-2408.81,-2850.47,1.09203,2.70239,2.66586,-0.0365234,60.0
1744878877304412.0,-2408.81,-2850.47,1.09203,2.70239,2.66398,-0.0384064,60.0
1744878877325050.0,-2411.35,-2848.42,1.09208,2.66586,2.52136,-0.144505,60.0
1744878877345796.0,-2411.35,-2848.42,1.09208,2.66586,2.59172,-0.0741375,60.0
1744878877366558.0,-2413.47,-2847.05,1.09227,2.52136,2.42004,-0.101321,60.0
1744878877387644.0,-2413.47,-2847.05,1.09227,2.52136,2.48218,-0.0391752,60.0
1744878877407957.0,-2413.47,-2847.05,1.09227,2.52136,2.35727,-0.16409,60.0
1744878877429014.0,-2416.01,-2845.01,1.09232,2.48218,2.51966,0.0374754,60.0
1744878877449624.0,-2416.01,-2845.01,1.09232,2.48218,2.52393,0.0417493,60.0
1744878877470350.0,-2418.55,-2842.96,1.09238,2.51966,2.51756,-0.00209284,60.0
1744878877491197.0,-2418.55,-2842.96,1.09238,2.51966,2.60627,0.0866152,60.0
1744878877511830.0,-2421.09,-2841.59,1.09274,2.51756,2.51366,-0.00390051,60.0
1744878877532561.0,-2421.09,-2841.59,1.09274,2.51756,2.57464,0.057072,60.0
1744878877553016.0,-2421.09,-2841.59,1.09274,2.51756,2.42357,-0.0939914,60.0
1744878877573781.0,-2423.21,-2839.55,1.09263,2.57464,2.53973,-0.0349065,60.0
1744878877594494.0,-2423.21,-2839.55,1.09263,2.57464,2.41089,-0.163743,60.0
1744878877615216.0,-2425.75,-2838.18,1.093,2.53973,2.68443,0.144697,60.0
1744878877635826.0,-2425.75,-2838.18,1.093,2.53973,2.39102,-0.148712,60.0
1744878877656324.0,-2425.75,-2838.18,1.093,2.53973,2.51205,-0.0276759,60.0
1744878877676978.0,-2428.29,-2836.13,1.09306,2.39102,2.50467,0.113655,60.0
1744878877697679.0,-2428.29,-2836.13,1.09306,2.39102,2.48507,0.0940481,60.0
1744878877718343.0,-2430.83,-2834.77,1.09342,2.50467,2.39845,-0.106224,60.0
1744878877739238.0,-2430.83,-2834.77,1.09342,2.50467,2.6253,0.120627,60.0
1744878877759905.0,-2430.83,-2834.77,1.09342,2.50467,2.40279,-0.10188,60.0
1744878877780815.0,-2432.95,-2832.72,1.09332,2.6253,2.55922,-0.0660761,60.0
1744878877801270.0,-2432.95,-2832.72,1.09332,2.6253,2.64176,0.0164624,60.0
1744878877821851.0,-2435.49,-2830.67,1.09339,2.55922,2.44882,-0.110406,60.0
1744878877842595.0,-2435.49,-2830.67,1.09339,2.55922,2.46147,-0.097754,60.0
1744878877863281.0,-2435.49,-2830.67,1.09339,2.55922,2.62298,0.0637601,60.0
1744878877884009.0,-2438.03,-2829.31,1.09376,2.46147,2.56737,0.105899,60.0
1744878877904737.0,-2438.03,-2829.31,1.09376,2.46147,2.54918,0.0877094,60.0
1744878877925506.0,-2440.58,-2827.26,1.09382,2.56737,2.64403,0.0766623,60.0
1744878877946463.0,-2440.58,-2827.26,1.09382,2.56737,2.50434,-0.0630265,60.0
1744878877967209.0,-2442.69,-2825.89,1.09403,2.64403,2.62869,-0.0153411,60.0
1744878877987979.0,-2442.69,-2825.89,1.09403,2.64403,2.6634,0.0193648,60.0
1744878878008992.0,-2442.69,-2825.89,1.09403,2.64403,2.51039,-0.133642,60.0
1744878878029598.0,-2445.23,-2823.85,1.0941,2.6634,2.51301,-0.150391,60.0
1744878878050346.0,-2445.23,-2823.85,1.0941,2.6634,2.55417,-0.109226,60.0
1744878878071173.0,-2447.78,-2822.48,1.09448,2.51301,2.65577,0.142764,60.0
1744878878092007.0,-2447.78,-2822.48,1.09448,2.51301,2.47036,-0.0426481,60.0
1744878878112378.0,-2447.78,-2822.48,1.09448,2.51301,2.5769,0.0638983,60.0
1744878878133602.0,-2450.32,-2820.43,1.09455,2.47036,2.49975,0.0293977,60.0
1744878878153923.0,-2450.32,-2820.43,1.09455,2.47036,2.4555,-0.0148538,60.0
1744878878174653.0,-2452.86,-2819.07,1.09493,2.49975,2.42018,-0.0795701,60.0
1744878878195331.0,-2452.86,-2819.07,1.09493,2.49975,2.38978,-0.109976,60.0
1744878878216018.0,-2452.86,-2819.07,1.09493,2.49975,2.63546,0.135705,60.0
1744878878236858.0,-2454.98,-2817.02,1.09484,2.38978,2.32402,-0.0657604,60.0
1744878878257492.0,-2454.98,-2817.02,1.09484,2.38978,2.41569,0.0259119,60.0
1744878878278237.0,-2457.52,-2815.65,1.09522,2.32402,2.47079,0.146769,60.0
1744878878298992.0,-2457.52,-2815.65,1.09522,2.32402,2.41658,0.0925628,60.0
1744878878319738.0,-2457.52,-2815.65,1.09522,2.32402,2.48606,0.16204,60.0
1744878878340423.0,-2460.06,-2813.61,1.0953,2.41658,2.50201,0.085426,60.0
1744878878361080.0,-2460.06,-2813.61,1.0953,2.41658,2.49482,0.0782347,60.0
1744878878381816.0,-2462.6,-2811.56,1.09538,2.50201,2.6246,0.122591,60.0
1744878878402433.0,-2462.6,-2811.56,1.09538,2.50201,2.48634,-0.015671,60.0
1744878878423294.0,-2462.6,-2811.56,1.09538,2.50201,2.54059,0.0385868,60.0
1744878878443868.0,-2464.72,-2810.19,1.0956,2.48634,2.57959,0.0932547,60.0
1744878878465324.0,-2464.72,-2810.19,1.0956,2.48634,2.48264,-0.00370006,60.0
1744878878485833.0,-2467.26,-2808.15,1.09569,2.57959,2.46238,-0.117212,60.0
1744878878506651.0,-2467.26,-2808.15,1.09569,2.57959,2.43122,-0.148366,60.0
1744878878527715.0,-2469.8,-2806.78,1.09608,2.46238,2.49078,0.0283988,60.0
1744878878548101.0,-2469.8,-2806.78,1.09608,2.46238,2.41169,-0.0506839,60.0
1744878878569114.0,-2469.8,-2806.78,1.09608,2.46238,2.42803,-0.0343518,60.0
1744878878589525.0,-2471.92,-2804.73,1.096,2.41169,2.5034,0.0917074,60.0
1744878878610469.0,-2471.92,-2804.73,1.096,2.41169,2.54494,0.133245,60.0
1744878878631331.0,-2474.46,-2802.68,1.09609,2.5034,2.38082,-0.122577,60.0
1744878878651937.0,-2474.46,-2802.68,1.09609,2.5034,2.56216,0.0587582,60.0
1744878878672441.0,-2474.46,-2802.68,1.09609,2.5034,2.60603,0.102624,60.0
1744878878692952.0,-2477.0,-2801.32,1.09648,2.56216,2.41083,-0.151325,60.0
1744878878713733.0,-2477.0,-2801.32,1.09648,2.56216,2.4884,-0.0737587,60.0
1744878878734457.0,-2479.12,-2799.27,1.09641,2.41083,2.34497,-0.0658628,60.0
1744878878755138.0,-2479.12,-2799.27,1.09641,2.41083,2.49409,0.0832572,60.0
1744878878776064.0,-2479.12,-2799.27,1.09641,2.41083,2.43897,0.0281385,60.0
1744878878796874.0,-2481.66,-2797.91,1.0968,2.49409,2.58455,0.0904561,60.0
1744878878817968.0,-2481.66,-2797.91,1.0968,2.49409,2.41835,-0.0757419,60.0
1744878878838611.0,-2484.21,-2795.86,1.09689,2.58455,2.67177,0.087222,60.0
1744878878859292.0,-2484.21,-2795.86,1.09689,2.58455,2.52639,-0.0581597,60.0
1744878878879763.0,-2486.75,-2793.81,1.09699,2.67177,2.58799,-0.0837836,60.0
1744878878900686.0,-2486.75,-2793.81,1.09699,2.67177,2.57567,-0.0961011,60.0
1744878878921184.0,-2486.75,-2793.81,1.09699,2.67177,2.67281,0.00104027,60.0
1744878878941781.0,-2488.87,-2792.45,1.09722,2.57567,2.5862,0.0105352,60.0
1744878878962529.0,-2488.87,-2792.45,1.09722,2.57567,2.50906,-0.0666136,60.0
1744878878983550.0,-2491.41,-2790.4,1.09732,2.5862,2.49585,-0.0903565,60.0
1744878879004196.0,-2491.41,-2790.4,1.09732,2.5862,2.55762,-0.0285875,60.0
1744878879024609.0,-2491.41,-2790.4,1.09732,2.5862,2.70781,0.121607,60.0
1744878879045429.0,-2493.95,-2789.03,1.09772,2.55762,2.48306,-0.0745589,60.0
1744878879066080.0,-2493.95,-2789.03,1.09772,2.55762,2.56615,0.0085325,60.0
1744878879086814.0,-2496.49,-2786.98,1.09783,2.48306,2.32346,-0.159596,60.0
1744878879107498.0,-2496.49,-2786.98,1.09783,2.48306,2.59423,0.111177,60.0
1744878879128165.0,-2496.49,-2786.98,1.09783,2.48306,2.36218,-0.120876,60.0
1744878879148844.0,-2498.61,-2785.62,1.09806,2.59423,2.4628,-0.131434,60.0
1744878879169478.0,-2498.61,-2785.62,1.09806,2.59423,2.46686,-0.127379,60.0
1744878879190335.0,-2501.15,-2783.57,1.09817,2.4628,2.35481,-0.107995,60.0
1744878879210913.0,-2501.15,-2783.57,1.09817,2.4628,2.46816,0.00535505,60.0
1744878879231673.0,-2501.15,-2783.57,1.09817,2.4628,2.42353,-0.0392702,60.0
1744878879252376.0,-2503.69,-2781.52,1.09828,2.46816,2.53522,0.0670667,60.0
1744878879273095.0,-2503.69,-2781.52,1.09828,2.46816,2.61995,0.15179,60.0
1744878879293476.0,-2506.23,-2780.16,1.09868,2.53522,2.51015,-0.0250692,60.0
1744878879314349.0,-2506.23,-2780.16,1.09868,2.53522,2.62068,0.0854607,60.0
1744878879334945.0,-2508.35,-2778.11,1.09863,2.51015,2.54316,0.0330034,60.0
1744878879355810.0,-2508.35,-2778.11,1.09863,2.51015,2.54291,0.0327579,60.0
1744878879376461.0,-2508.35,-2778.11,1.09863,2.51015,2.45007,-0.0600882,60.0
1744878879397252.0,-2510.89,-2776.75,1.09904,2.54291,2.41517,-0.127737,60.0
1744878879417580.0,-2510.89,-2776.75,1.09904,2.54291,2.67954,0.136632,60.0
1744878879438298.0,-2513.43,-2774.7,1.09915,2.41517,2.3585,-0.0566716,60.0
1744878879459439.0,-2513.43,-2774.7,1.09915,2.41517,2.47127,0.0560955,60.0
1744878879480319.0,-2513.43,-2774.7,1.09915,2.41517,2.49695,0.0817714,60.0
1744878879501029.0,-2515.98,-2773.33,1.09956,2.47127,2.51158,0.0403104,60.0
1744878879521702.0,-2515.98,-2773.33,1.09956,2.47127,2.52689,0.0556213,60.0
1744878879542473.0,-2518.09,-2771.28,1.09951,2.51158,2.55179,0.0402103,60.0
1744878879563388.0,-2518.09,-2771.28,1.09951,2.51158,2.51098,-0.000602351,60.0
1744878879583941.0,-2518.09,-2771.28,1.09951,2.51158,2.5711,0.0595246,60.0
1744878879604585.0,-2520.64,-2769.24,1.09963,2.51098,2.38719,-0.123785,60.0
1744878879625387.0,-2520.64,-2769.24,1.09963,2.51098,2.4633,-0.0476779,60.0
1744878879646229.0,-2523.18,-2767.87,1.10005,2.38719,2.3433,-0.0438917,60.0
1744878879667021.0,-2523.18,-2767.87,1.10005,2.38719,2.49807,0.110879,60.0
1744878879687962.0,-2523.18,-2767.87,1.10005,2.38719,2.42194,0.0347503,60.0
1744878879708627.0,-2525.29,-2765.82,1.1,2.49807,2.36073,-0.137345,60.0
1744878879729349.0,-2525.29,-2765.82,1.1,2.49807,2.57646,0.0783834,60.0
1744878879750025.0,-2527.84,-2764.46,1.10042,2.36073,2.45877,0.0980392,60.0
1744878879770638.0,-2527.84,-2764.46,1.10042,2.36073,2.51055,0.14982,60.0
1744878879791242.0,-2530.38,-2762.41,1.10054,2.45877,2.50989,0.0511195,60.0
1744878879812101.0,-2530.38,-2762.41,1.10054,2.45877,2.31552,-0.143247,60.0
1744878879832812.0,-2530.38,-2762.41,1.10054,2.45877,2.46554,0.00677525,60.0
1744878879853219.0,-2532.5,-2760.36,1.1005,2.31552,2.46348,0.147956,60.0
1744878879873894.0,-2532.5,-2760.36,1.1005,2.31552,2.47322,0.157699,60.0
1744878879894653.0,-2535.04,-2759.0,1.10092,2.46348,2.54571,0.0822379,60.0
1744878879915581.0,-2535.04,-2759.0,1.10092,2.46348,2.38031,-0.083167,60.0
1744878879936350.0,-2535.04,-2759.0,1.10092,2.46348,2.50013,0.0366528,60.0
1744878879957318.0,-2537.58,-2756.95,1.10105,2.38031,2.49085,0.11054,60.0
1744878879978155.0,-2537.58,-2756.95,1.10105,2.38031,2.5394,0.159095,60.0
1744878879998755.0,-2539.7,-2754.9,1.10102,2.49085,2.55077,0.0599241,60.0
1744878880019747.0,-2539.7,-2754.9,1.10102,2.49085,2.59705,0.106204,60.0
1744878880040137.0,-2539.7,-2754.9,1.10102,2.49085,2.52874,0.0378953,60.0
1744878880061197.0,-2542.24,-2753.54,1.10144,2.59705,2.59683,-0.000219319,60.0
1744878880081793.0,-2542.24,-2753.54,1.10144,2.59705,2.47469,-0.122367,60.0
1744878880102465.0,-2544.36,-2751.49,1.10141,2.59683,2.68399,0.0871542,60.0
1744878880123358.0,-2544.36,-2751.49,1.10141,2.59683,2.5439,-0.0529329,60.0
1744878880144155.0,-2544.36,-2751.49,1.10141,2.59683,2.5759,-0.0209368,60.0
1744878880164568.0,-2546.9,-2749.44,1.10154,2.5439,2.43284,-0.111061,60.0
1744878880185257.0,-2546.9,-2749.44,1.10154,2.5439,2.40804,-0.13586,60.0
1744878880206130.0,-2549.44,-2748.08,1.10197,2.43284,2.44217,0.00932814,60.0
1744878880226746.0,-2549.44,-2748.08,1.10197,2.43284,2.45952,0.0266823,60.0
1744878880247492.0,-2551.56,-2746.03,1.10194,2.44217,2.5099,0.0677335,60.0
1744878880268218.0,-2551.56,-2746.03,1.10194,2.44217,2.55937,0.117201,60.0
1744878880288858.0,-2551.56,-2746.03,1.10194,2.44217,2.35175,-0.0904162,60.0
1744878880309679.0,-2554.1,-2743.98,1.10208,2.55937,2.48337,-0.0759986,60.0
1744878880330379.0,-2554.1,-2743.98,1.10208,2.55937,2.51325,-0.0461172,60.0
1744878880351151.0,-2556.64,-2742.61,1.10252,2.48337,2.56388,0.0805096,60.0
1744878880371971.0,-2556.64,-2742.61,1.10252,2.48337,2.4285,-0.0548694,60.0
1744878880392973.0,-2556.64,-2742.61,1.10252,2.48337,2.55413,0.0707581,60.0
1744878880413750.0,-2558.76,-2740.57,1.10249,2.4285,2.49151,0.0630143,60.0
1744878880434386.0,-2558.76,-2740.57,1.10249,2.4285,2.45971,0.0312132,60.0
1744878880455164.0,-2561.3,-2738.52,1.10263,2.49151,2.63286,0.141347,60.0
1744878880476312.0,-2561.3,-2738.52,1.10263,2.49151,2.64991,0.158396,60.0
1744878880497252.0,-2561.3,-2738.52,1.10263,2.49151,2.6038,0.112286,60.0
1744878880518103.0,-2563.84,-2737.15,1.10307,2.64991,2.50805,-0.14186,60.0
1744878880538679.0,-2563.84,-2737.15,1.10307,2.64991,2.51441,-0.135498,60.0
1744878880559372.0,-2565.96,-2735.1,1.10305,2.50805,2.66012,0.152069,60.0
1744878880580248.0,-2565.96,-2735.1,1.10305,2.50805,2.50688,-0.0011684,60.0
1744878880600818.0,-2568.5,-2733.06,1.1032,2.66012,2.67026,0.0101377,60.0
1744878880621687.0,-2568.5,-2733.06,1.1032,2.66012,2.72948,0.0693611,60.0
1744878880642228.0,-2568.5,-2733.06,1.1032,2.66012,2.58703,-0.0730872,60.0
1744878880662854.0,-2571.04,-2731.69,1.10364,2.72948,2.68506,-0.044423,60.0
1744878880683714.0,-2571.04,-2731.69,1.10364,2.72948,2.64589,-0.0835869,60.0
1744878880704245.0,-2573.16,-2729.64,1.10362,2.68506,2.59229,-0.0927651,60.0
1744878880724934.0,-2573.16,-2729.64,1.10362,2.68506,2.62749,-0.0575688,60.0
1744878880745622.0,-2573.16,-2729.64,1.10362,2.68506,2.53205,-0.153007,60.0
1744878880766376.0,-2575.7,-2728.28,1.10407,2.62749,2.52616,-0.101324,60.0
1744878880787296.0,-2575.7,-2728.28,1.10407,2.62749,2.5606,-0.0668853,60.0
1744878880807726.0,-2578.24,-2726.23,1.10422,2.52616,2.5331,0.00693856,60.0
1744878880828608.0,-2578.24,-2726.23,1.10422,2.52616,2.62485,0.0986828,60.0
1744878880849027.0,-2578.24,-2726.23,1.10422,2.52616,2.43737,-0.0887974,60.0
1744878880869918.0,-2580.79,-2724.87,1.10467,2.62485,2.61933,-0.00551389,60.0
1744878880890454.0,-2580.79,-2724.87,1.10467,2.62485,2.49517,-0.129672,60.0
1744878880911238.0,-2583.33,-2722.82,1.10483,2.61933,2.48513,-0.134202,60.0
1744878880932510.0,-2583.33,-2722.82,1.10483,2.61933,2.54294,-0.0763949,60.0
1744878880953343.0,-2583.33,-2722.82,1.10483,2.61933,2.48019,-0.139139,60.0
1744878880974174.0,-2585.45,-2721.45,1.10511,2.54294,2.51567,-0.0272644,60.0
1744878880994974.0,-2585.45,-2721.45,1.10511,2.54294,2.47801,-0.0649237,60.0
1744878881016082.0,-2587.99,-2719.4,1.10527,2.51567,2.55247,0.0367946,60.0
1744878881036573.0,-2587.99,-2719.4,1.10527,2.51567,2.40393,-0.11174,60.0
1744878881057391.0,-2590.53,-2718.04,1.10572,2.55247,2.42451,-0.127958,60.0
1744878881078189.0,-2590.53,-2718.04,1.10572,2.55247,2.55202,-0.000444866,60.0
1744878881098902.0,-2590.53,-2718.04,1.10572,2.55247,2.46474,-0.0877243,60.0
1744878881119323.0,-2593.07,-2715.99,1.10589,2.55202,2.49371,-0.0583137,60.0
1744878881140071.0,-2593.07,-2715.99,1.10589,2.55202,2.51151,-0.0405112,60.0
1744878881160877.0,-2595.61,-2714.63,1.10635,2.49371,2.60514,0.111434,60.0
1744878881181785.0,-2595.61,-2714.63,1.10635,2.49371,2.46375,-0.0299598,60.0
1744878881202545.0,-2595.61,-2714.63,1.10635,2.49371,2.45509,-0.0386238,60.0
1744878881223211.0,-2598.15,-2712.58,1.10651,2.46375,2.45022,-0.0135257,60.0
1744878881243827.0,-2598.15,-2712.58,1.10651,2.46375,2.57035,0.1066,60.0
1744878881264573.0,-2600.27,-2711.21,1.1068,2.45022,2.51264,0.0624179,60.0
1744878881285343.0,-2600.27,-2711.21,1.1068,2.45022,2.48714,0.036916,60.0
1744878881305861.0,-2600.27,-2711.21,1.1068,2.45022,2.55126,0.101038,60.0
1744878881326552.0,-2602.81,-2709.17,1.10697,2.48714,2.54843,0.0612857,60.0
1744878881347298.0,-2602.81,-2709.17,1.10697,2.48714,2.56294,0.0757945,60.0
1744878881368414.0,-2605.35,-2707.8,1.10743,2.54843,2.45189,-0.0965397,60.0
1744878881389257.0,-2605.35,-2707.8,1.10743,2.54843,2.48253,-0.0658928,60.0
1744878881409908.0,-2605.35,-2707.8,1.10743,2.54843,2.68808,0.139657,60.0
1744878881430531.0,-2607.9,-2705.75,1.10761,2.48253,2.45598,-0.0265523,60.0
1744878881451077.0,-2607.9,-2705.75,1.10761,2.48253,2.36962,-0.112913,60.0
1744878881471890.0,-2610.44,-2703.7,1.10778,2.45598,2.42543,-0.0305546,60.0
1744878881492548.0,-2610.44,-2703.7,1.10778,2.45598,2.60864,0.152659,60.0
1744878881513442.0,-2612.56,-2702.34,1.10807,2.42543,2.5189,0.0934708,60.0
1744878881534148.0,-2612.56,-2702.34,1.10807,2.42543,2.54355,0.118126,60.0
1744878881555243.0,-2612.56,-2702.34,1.10807,2.42543,2.44203,0.0166011,60.0
1744878881576219.0,-2615.1,-2700.29,1.10825,2.54355,2.61857,0.0750167,60.0
1744878881596545.0,-2615.1,-2700.29,1.10825,2.54355,2.59353,0.0499755,60.0
1744878881617263.0,-2617.64,-2698.93,1.10872,2.61857,2.4601,-0.158467,60.0
1744878881637908.0,-2617.64,-2698.93,1.10872,2.61857,2.543,-0.0755655,60.0
1744878881658580.0,-2617.64,-2698.93,1.10872,2.61857,2.65778,0.0392056,60.0
1744878881679701.0,-2620.18,-2696.88,1.1089,2.543,2.45889,-0.0841114,60.0
1744878881700024.0,-2620.18,-2696.88,1.1089,2.543,2.58053,0.0375293,60.0
1744878881720834.0,-2622.3,-2695.51,1.1092,2.45889,2.56273,0.103835,60.0
1744878881741584.0,-2622.3,-2695.51,1.1092,2.45889,2.49804,0.039148,60.0
1744878881762236.0,-2622.3,-2695.51,1.1092,2.45889,2.46638,0.00748353,60.0
1744878881782682.0,-2624.84,-2693.46,1.10938,2.49804,2.5519,0.0538601,60.0
1744878881803939.0,-2624.84,-2693.46,1.10938,2.49804,2.39787,-0.100166,60.0
1744878881824785.0,-2627.38,-2692.1,1.10986,2.5519,2.56187,0.00996633,60.0
1744878881845656.0,-2627.38,-2692.1,1.10986,2.5519,2.61084,0.0589407,60.0
1744878881866733.0,-2629.92,-2690.05,1.11004,2.61084,2.50291,-0.107928,60.0
1744878881887619.0,-2629.92,-2690.05,1.11004,2.61084,2.52167,-0.0891705,60.0
1744878881908348.0,-2629.92,-2690.05,1.11004,2.61084,2.69901,0.088165,60.0
1744878881929372.0,-2632.04,-2688.0,1.11006,2.52167,2.37821,-0.143464,60.0
1744878881950303.0,-2632.04,-2688.0,1.11006,2.52167,2.58041,0.0587441,60.0
1744878881971105.0,-2634.58,-2686.64,1.11054,2.37821,2.51229,0.13408,60.0
1744878881991922.0,-2634.58,-2686.64,1.11054,2.37821,2.39,0.011791,60.0
1744878882012748.0,-2634.58,-2686.64,1.11054,2.37821,2.46979,0.091581,60.0
1744878882033344.0,-2637.12,-2684.59,1.11073,2.39,2.28275,-0.107244,60.0
1744878882054039.0,-2637.12,-2684.59,1.11073,2.39,2.54758,0.157583,60.0
1744878882074718.0,-2639.67,-2683.23,1.11121,2.28275,2.35727,0.0745128,60.0
1744878882095644.0,-2639.67,-2683.23,1.11121,2.28275,2.35893,0.0761766,60.0
1744878882116266.0,-2639.67,-2683.23,1.11121,2.28275,2.41215,0.129393,60.0
1744878882137108.0,-2641.78,-2681.18,1.11123,2.35893,2.39977,0.0408429,60.0
1744878882157653.0,-2641.78,-2681.18,1.11123,2.35893,2.48052,0.121585,60.0
1744878882178431.0,-2644.32,-2679.13,1.11142,2.39977,2.45249,0.0527139,60.0
1744878882199257.0,-2644.32,-2679.13,1.11142,2.39977,2.41048,0.0107018,60.0
1744878882219883.0,-2644.32,-2679.13,1.11142,2.39977,2.38508,-0.0146928,60.0
1744878882240395.0,-2646.87,-2677.76,1.11191,2.41048,2.39308,-0.0174003,60.0
1744878882261205.0,-2646.87,-2677.76,1.11191,2.41048,2.34399,-0.0664874,60.0
1744878882281916.0,-2648.98,-2675.72,1.11193,2.39308,2.45939,0.0663183,60.0
1744878882302667.0,-2648.98,-2675.72,1.11193,2.39308,2.49321,0.100136,60.0
1744878882323453.0,-2651.53,-2673.67,1.11213,2.45939,2.39135,-0.0680424,60.0
1744878882344303.0,-2651.53,-2673.67,1.11213,2.45939,2.48491,0.025515,60.0
1744878882364903.0,-2651.53,-2673.67,1.11213,2.45939,2.39144,-0.0679496,60.0
1744878882385497.0,-2653.64,-2672.3,1.11245,2.48491,2.60916,0.124252,60.0
1744878882406406.0,-2653.64,-2672.3,1.11245,2.48491,2.61993,0.135018,60.0
1744878882426984.0,-2656.19,-2670.26,1.11265,2.60916,2.47673,-0.132425,60.0
1744878882447562.0,-2656.19,-2670.26,1.11265,2.60916,2.64222,0.0330612,60.0
1744878882468578.0,-2656.19,-2670.26,1.11265,2.60916,2.50976,-0.0993988,60.0
1744878882489385.0,-2658.73,-2668.21,1.11286,2.64222,2.55465,-0.0875689,60.0
1744878882510105.0,-2658.73,-2668.21,1.11286,2.64222,2.511,-0.131222,60.0
1744878882530931.0,-2660.85,-2666.84,1.11317,2.55465,2.5294,-0.0252504,60.0
1744878882551923.0,-2660.85,-2666.84,1.11317,2.55465,2.4509,-0.103757,60.0
1744878882572611.0,-2660.85,-2666.84,1.11317,2.55465,2.4974,-0.0572506,60.0
1744878882593338.0,-2663.39,-2664.79,1.11338,2.4509,2.31502,-0.135872,60.0
1744878882614051.0,-2663.39,-2664.79,1.11338,2.4509,2.50459,0.0536936,60.0
1744878882634788.0,-2665.93,-2662.75,1.11359,2.31502,2.4434,0.128376,60.0
1744878882655482.0,-2665.93,-2662.75,1.11359,2.31502,2.42787,0.112845,60.0
1744878882676194.0,-2668.05,-2661.38,1.11391,2.4434,2.58822,0.14482,60.0
1744878882696886.0,-2668.05,-2661.38,1.11391,2.4434,2.54939,0.10599,60.0
1744878882717600.0,-2668.05,-2661.38,1.11391,2.4434,2.51524,0.0718405,60.0
1744878882738477.0,-2670.59,-2659.33,1.11413,2.54939,2.57852,0.0291272,60.0
1744878882759161.0,-2670.59,-2659.33,1.11413,2.54939,2.41857,-0.130819,60.0
1744878882779814.0,-2672.71,-2657.28,1.11416,2.57852,2.59286,0.0143472,60.0
1744878882800586.0,-2672.71,-2657.28,1.11416,2.57852,2.51138,-0.0671372,60.0
1744878882821240.0,-2672.71,-2657.28,1.11416,2.57852,2.56314,-0.0153791,60.0
1744878882841898.0,-2675.25,-2655.92,1.11466,2.51138,2.6242,0.112823,60.0
1744878882862629.0,-2675.25,-2655.92,1.11466,2.51138,2.57031,0.0589274,60.0
1744878882883340.0,-2677.79,-2653.87,1.11488,2.6242,2.49085,-0.133349,60.0
1744878882904238.0,-2677.79,-2653.87,1.11488,2.6242,2.51661,-0.10759,60.0
1744878882925337.0,-2677.79,-2653.87,1.11488,2.6242,2.57454,-0.0496628,60.0
1744878882945999.0,-2679.91,-2652.51,1.11521,2.51661,2.53303,0.0164196,60.0
1744878882966870.0,-2679.91,-2652.51,1.11521,2.51661,2.55315,0.0365375,60.0
1744878882988017.0,-2682.45,-2650.46,1.11543,2.53303,2.60886,0.075827,60.0
1744878883008679.0,-2682.45,-2650.46,1.11543,2.53303,2.42955,-0.103479,60.0
1744878883029523.0,-2682.45,-2650.46,1.11543,2.53303,2.65527,0.12224,60.0
1744878883050188.0,-2684.99,-2648.41,1.11565,2.42955,2.3653,-0.0642546,60.0
1744878883070909.0,-2684.99,-2648.41,1.11565,2.42955,2.39515,-0.0344009,60.0
1744878883092575.0,-2687.11,-2647.04,1.11598,2.3653,2.4273,0.0620002,60.0
1744878883113314.0,-2687.11,-2647.04,1.11598,2.3653,2.49345,0.128152,60.0
1744878883133873.0,-2689.65,-2645.0,1.11621,2.4273,2.40853,-0.0187691,60.0
1744878883154550.0,-2689.65,-2645.0,1.11621,2.4273,2.57555,0.148248,60.0
1744878883175396.0,-2689.65,-2645.0,1.11621,2.4273,2.50158,0.0742828,60.0
1744878883196025.0,-2692.19,-2642.95,1.11643,2.57555,2.56342,-0.0121259,60.0
1744878883216664.0,-2692.19,-2642.95,1.11643,2.57555,2.68732,0.111772,60.0
1744878883237358.0,-2694.31,-2641.58,1.11677,2.56342,2.5496,-0.0138175,60.0
1744878883257981.0,-2694.31,-2641.58,1.11677,2.56342,2.39921,-0.164207,60.0
1744878883278664.0,-2694.31,-2641.58,1.11677,2.56342,2.50162,-0.061798,60.0
1744878883299289.0,-2696.85,-2639.54,1.117,2.39921,2.42229,0.0230729,60.0
1744878883320106.0,-2696.85,-2639.54,1.117,2.39921,2.48843,0.0892195,60.0
1744878883340782.0,-2699.39,-2637.49,1.11723,2.42229,2.42233,4.12956e-05,60.0
1744878883361223.0,-2699.39,-2637.49,1.11723,2.42229,2.52384,0.101558,60.0
1744878883382256.0,-2699.39,-2637.49,1.11723,2.42229,2.4684,0.0461164,60.0
1744878883403005.0,-2701.51,-2636.12,1.11756,2.52384,2.45753,-0.0663179,60.0
1744878883423694.0,-2701.51,-2636.12,1.11756,2.52384,2.5193,-0.00454575,60.0
1744878883444391.0,-2704.05,-2634.07,1.1178,2.45753,2.32768,-0.129842,60.0
1744878883465223.0,-2704.05,-2634.07,1.1178,2.45753,2.49943,0.0419086,60.0
1744878883486097.0,-2706.59,-2632.03,1.11804,2.49943,2.62745,0.128018,60.0
1744878883506476.0,-2706.59,-2632.03,1.11804,2.49943,2.53686,0.0374237,60.0
1744878883527414.0,-2706.59,-2632.03,1.11804,2.49943,2.56933,0.0698981,60.0
1744878883548042.0,-2708.71,-2630.66,1.11838,2.53686,2.428,-0.108862,60.0
1744878883568862.0,-2708.71,-2630.66,1.11838,2.53686,2.46305,-0.0738095,60.0
1744878883589256.0,-2711.25,-2628.61,1.11861,2.428,2.52334,0.0953435,60.0
1744878883610039.0,-2711.25,-2628.61,1.11861,2.428,2.5481,0.120106,60.0
1744878883630703.0,-2711.25,-2628.61,1.11861,2.428,2.51398,0.0859837,60.0
1744878883651663.0,-2713.37,-2626.56,1.11868,2.5481,2.38381,-0.164295,60.0
1744878883672167.0,-2713.37,-2626.56,1.11868,2.5481,2.59407,0.0459678,60.0
1744878883692640.0,-2715.91,-2625.2,1.1192,2.38381,2.50194,0.118135,60.0
1744878883713583.0,-2715.91,-2625.2,1.1192,2.38381,2.53067,0.14686,60.0
1744878883734438.0,-2715.91,-2625.2,1.1192,2.38381,2.31548,-0.0683308,60.0
1744878883754835.0,-2718.45,-2623.15,1.11944,2.53067,2.52337,-0.00729283,60.0
1744878883775740.0,-2718.45,-2623.15,1.11944,2.53067,2.49341,-0.0372575,60.0
1744878883796392.0,-2720.57,-2621.1,1.11951,2.52337,2.55442,0.0310422,60.0
1744878883817010.0,-2720.57,-2621.1,1.11951,2.52337,2.47222,-0.0511567,60.0
1744878883837762.0,-2720.57,-2621.1,1.11951,2.52337,2.44181,-0.0815625,60.0
1744878883858574.0,-2723.11,-2619.74,1.12004,2.47222,2.36287,-0.109346,60.0
1744878883879094.0,-2723.11,-2619.74,1.12004,2.47222,2.48071,0.00849595,60.0
1744878883899904.0,-2725.66,-2617.69,1.12029,2.36287,2.41655,0.0536754,60.0
1744878883920587.0,-2725.66,-2617.69,1.12029,2.36287,2.44466,0.0817908,60.0
1744878883941133.0,-2727.77,-2615.64,1.12035,2.41655,2.45081,0.0342612,60.0
1744878883962149.0,-2727.77,-2615.64,1.12035,2.41655,2.48765,0.071105,60.0
1744878883983008.0,-2727.77,-2615.64,1.12035,2.41655,2.49178,0.0752355,60.0
1744878884003927.0,-2730.31,-2614.28,1.12089,2.48765,2.50996,0.0223039,60.0
1744878884024751.0,-2730.31,-2614.28,1.12089,2.48765,2.63168,0.144032,60.0
1744878884045641.0,-2732.43,-2612.23,1.12096,2.50996,2.43132,-0.0786394,60.0
1744878884066464.0,-2732.43,-2612.23,1.12096,2.50996,2.48994,-0.0200206,60.0
1744878884087427.0,-2732.43,-2612.23,1.12096,2.50996,2.43639,-0.0735661,60.0
1744878884108315.0,-2734.97,-2610.18,1.12121,2.48994,2.48275,-0.00718426,60.0
1744878884128987.0,-2734.97,-2610.18,1.12121,2.48994,2.53596,0.0460247,60.0
1744878884149578.0,-2737.52,-2608.82,1.12175,2.48275,2.39553,-0.0872246,60.0
1744878884170404.0,-2737.52,-2608.82,1.12175,2.48275,2.57688,0.094129,60.0
1744878884190862.0,-2737.52,-2608.82,1.12175,2.48275,2.48119,-0.00155653,60.0
1744878884211666.0,-2739.63,-2606.77,1.12182,2.57688,2.58849,0.0116079,60.0
1744878884232172.0,-2739.63,-2606.77,1.12182,2.57688,2.51938,-0.0574988,60.0
1744878884252829.0,-2742.18,-2604.72,1.12208,2.58849,2.68957,0.101086,60.0
1744878884273490.0,-2742.18,-2604.72,1.12208,2.58849,2.42872,-0.159766,60.0
1744878884294109.0,-2742.18,-2604.72,1.12208,2.58849,2.6442,0.0557137,60.0
1744878884314728.0,-2744.29,-2603.35,1.12244,2.42872,2.50381,0.0750848,60.0
1744878884335430.0,-2744.29,-2603.35,1.12244,2.42872,2.38865,-0.0400746,60.0
1744878884356160.0,-2746.84,-2601.31,1.1227,2.50381,2.37709,-0.12672,60.0
1744878884377099.0,-2746.84,-2601.31,1.1227,2.50381,2.38174,-0.122069,60.0
1744878884397712.0,-2749.38,-2599.26,1.12297,2.37709,2.47651,0.0994191,60.0
1744878884418258.0,-2749.38,-2599.26,1.12297,2.37709,2.31966,-0.057422,60.0
1744878884439400.0,-2749.38,-2599.26,1.12297,2.37709,2.52601,0.148922,60.0
1744878884460171.0,-2751.49,-2597.21,1.12305,2.31966,2.35593,0.0362644,60.0
1744878884480966.0,-2751.49,-2597.21,1.12305,2.31966,2.41585,0.0961806,60.0
1744878884501700.0,-2754.04,-2595.85,1.1236,2.35593,2.35507,-0.000855798,60.0
1744878884522361.0,-2754.04,-2595.85,1.1236,2.35593,2.36349,0.00755668,60.0
1744878884543082.0,-2754.04,-2595.85,1.1236,2.35593,2.47906,0.123131,60.0
1744878884563838.0,-2756.15,-2593.8,1.12368,2.36349,2.48573,0.122241,60.0
1744878884584528.0,-2756.15,-2593.8,1.12368,2.36349,2.33319,-0.0302945,60.0
1744878884605058.0,-2758.7,-2591.75,1.12395,2.48573,2.60569,0.119961,60.0
1744878884626012.0,-2758.7,-2591.75,1.12395,2.48573,2.46798,-0.0177512,60.0
1744878884646696.0,-2758.7,-2591.75,1.12395,2.48573,2.57769,0.0919647,60.0
1744878884667471.0,-2760.81,-2590.38,1.12432,2.46798,2.42273,-0.0452478,60.0
1744878884688180.0,-2760.81,-2590.38,1.12432,2.46798,2.44156,-0.0264195,60.0
1744878884709005.0,-2763.36,-2588.34,1.12459,2.42273,2.48854,0.0658107,60.0
1744878884729733.0,-2763.36,-2588.34,1.12459,2.42273,2.33799,-0.0847378,60.0
1744878884750674.0,-2763.36,-2588.34,1.12459,2.42273,2.51266,0.0899289,60.0
1744878884771429.0,-2765.47,-2586.29,1.12468,2.33799,2.37423,0.0362373,60.0
1744878884792030.0,-2765.47,-2586.29,1.12468,2.33799,2.42932,0.0913257,60.0
1744878884812663.0,-2768.02,-2584.24,1.12496,2.37423,2.42884,0.0546076,60.0
1744878884833504.0,-2768.02,-2584.24,1.12496,2.37423,2.42556,0.0513312,60.0
1744878884854126.0,-2770.13,-2582.19,1.12505,2.42884,2.5415,0.112664,60.0
1744878884874653.0,-2770.13,-2582.19,1.12505,2.42884,2.5624,0.133562,60.0
1744878884895504.0,-2770.13,-2582.19,1.12505,2.42884,2.4794,0.0505594,60.0
1744878884916071.0,-2772.67,-2580.83,1.12561,2.5624,2.50085,-0.061547,60.0
1744878884936412.0,-2772.67,-2580.83,1.12561,2.5624,2.70158,0.139177,60.0
1744878884957313.0,-2774.79,-2578.78,1.1257,2.50085,2.41411,-0.0867435,60.0
1744878884978174.0,-2774.79,-2578.78,1.1257,2.50085,2.58668,0.0858247,60.0
1744878884998972.0,-2774.79,-2578.78,1.1257,2.50085,2.56392,0.0630698,60.0
1744878885019709.0,-2777.33,-2576.73,1.12599,2.58668,2.56263,-0.0240455,60.0
1744878885040996.0,-2777.33,-2576.73,1.12599,2.58668,2.47296,-0.113718,60.0
1744878885061686.0,-2779.45,-2574.68,1.12609,2.56263,2.51824,-0.044388,60.0
1744878885082214.0,-2779.45,-2574.68,1.12609,2.56263,2.55789,-0.0047434,60.0
1744878885102947.0,-2779.45,-2574.68,1.12609,2.56263,2.45621,-0.10642,60.0
1744878885123633.0,-2781.99,-2573.32,1.12665,2.55789,2.63882,0.0809319,60.0
1744878885144289.0,-2781.99,-2573.32,1.12665,2.55789,2.55347,-0.00442039,60.0
1744878885165064.0,-2784.11,-2571.27,1.12675,2.63882,2.59274,-0.0460775,60.0
1744878885185789.0,-2784.11,-2571.27,1.12675,2.63882,2.61611,-0.02271,60.0
1744878885206470.0,-2784.11,-2571.27,1.12675,2.63882,2.69754,0.0587232,60.0
1744878885227321.0,-2786.65,-2569.22,1.12704,2.61611,2.57531,-0.0408028,60.0
1744878885247923.0,-2786.65,-2569.22,1.12704,2.61611,2.6191,0.00298748,60.0
1744878885268836.0,-2789.19,-2567.86,1.1276,2.57531,2.60624,0.0309298,60.0
1744878885289454.0,-2789.19,-2567.86,1.1276,2.57531,2.68216,0.106853,60.0
1744878885309837.0,-2791.31,-2565.81,1.12771,2.60624,2.5095,-0.0967333,60.0
1744878885330406.0,-2791.31,-2565.81,1.12771,2.60624,2.47035,-0.135881,60.0
1744878885351173.0,-2791.31,-2565.81,1.12771,2.60624,2.63598,0.0297434,60.0
1744878885371540.0,-2793.85,-2563.76,1.128,2.47035,2.47752,0.00716652,60.0
1744878885392114.0,-2793.85,-2563.76,1.128,2.47035,2.41852,-0.0518392,60.0
1744878885412685.0,-2796.4,-2562.39,1.12857,2.47752,2.64084,0.163318,60.0
1744878885433449.0,-2796.4,-2562.39,1.12857,2.47752,2.55879,0.0812681,60.0
1744878885453884.0,-2796.4,-2562.39,1.12857,2.47752,2.61691,0.139392,60.0
1744878885474992.0,-2798.51,-2560.35,1.12868,2.55879,2.48116,-0.0776247,60.0
1744878885495743.0,-2798.51,-2560.35,1.12868,2.55879,2.68491,0.126117,60.0
1744878885516874.0,-2801.06,-2558.3,1.12898,2.48116,2.62127,0.140108,60.0
1744878885537676.0,-2801.06,-2558.3,1.12898,2.48116,2.57349,0.0923286,60.0
1744878885558450.0,-2801.06,-2558.3,1.12898,2.48116,2.47724,-0.0039277,60.0
1744878885579059.0,-2803.6,-2556.93,1.12955,2.57349,2.55551,-0.0179846,60.0
1744878885599574.0,-2803.6,-2556.93,1.12955,2.57349,2.48646,-0.0870333,60.0
1744878885620294.0,-2805.72,-2554.88,1.12967,2.55551,2.47455,-0.0809534,60.0
1744878885641117.0,-2805.72,-2554.88,1.12967,2.55551,2.57865,0.0231399,60.0
1744878885661673.0,-2805.72,-2554.88,1.12967,2.55551,2.57374,0.0182313,60.0
1744878885682353.0,-2808.26,-2553.52,1.13024,2.57865,2.44576,-0.132892,60.0
1744878885703023.0,-2808.26,-2553.52,1.13024,2.57865,2.64017,0.0615228,60.0
1744878885723767.0,-2810.8,-2551.47,1.13055,2.44576,2.49635,0.0505983,60.0
1744878885744203.0,-2810.8,-2551.47,1.13055,2.44576,2.54401,0.0982534,60.0
1744878885765072.0,-2813.34,-2549.42,1.13085,2.49635,2.46152,-0.034838,60.0
1744878885785681.0,-2813.34,-2549.42,1.13085,2.49635,2.40817,-0.0881796,60.0
1744878885806593.0,-2813.34,-2549.42,1.13085,2.49635,2.49128,-0.00507096,60.0
1744878885827162.0,-2815.46,-2548.06,1.13125,2.40817,2.4576,0.0494291,60.0
1744878885847904.0,-2815.46,-2548.06,1.13125,2.40817,2.47025,0.0620787,60.0
1744878885868576.0,-2818.0,-2546.01,1.13156,2.4576,2.57958,0.121979,60.0
1744878885889305.0,-2818.0,-2546.01,1.13156,2.4576,2.29528,-0.162319,60.0
1744878885910065.0,-2818.0,-2546.01,1.13156,2.4576,2.30802,-0.149587,60.0
1744878885930894.0,-2820.54,-2543.96,1.13187,2.29528,2.36991,0.0746212,60.0
1744878885951933.0,-2820.54,-2543.96,1.13187,2.29528,2.4319,0.136615,60.0
1744878885972854.0,-2822.66,-2542.6,1.13226,2.36991,2.39883,0.0289236,60.0
1744878885993480.0,-2822.66,-2542.6,1.13226,2.36991,2.45045,0.0805437,60.0
1744878886014138.0,-2822.66,-2542.6,1.13226,2.36991,2.23454,-0.13537,60.0
1744878886034768.0,-2825.2,-2540.55,1.13258,2.45045,2.50785,0.0573993,60.0
1744878886055518.0,-2825.2,-2540.55,1.13258,2.45045,2.5539,0.103448,60.0
1744878886076158.0,-2827.32,-2538.5,1.1327,2.50785,2.44437,-0.0634783,60.0
1744878886096750.0,-2827.32,-2538.5,1.1327,2.50785,2.50074,-0.00710599,60.0
1744878886117521.0,-2827.32,-2538.5,1.1327,2.50785,2.63517,0.127324,60.0
1744878886138275.0,-2829.86,-2537.13,1.13329,2.50074,2.59687,0.0961269,60.0
1744878886159395.0,-2829.86,-2537.13,1.13329,2.50074,2.5676,0.0668596,60.0
1744878886180226.0,-2832.4,-2535.09,1.13361,2.59687,2.56842,-0.0284444,60.0
1744878886201022.0,-2832.4,-2535.09,1.13361,2.59687,2.64118,0.0443064,60.0
1744878886221643.0,-2834.52,-2533.04,1.13374,2.56842,2.51161,-0.0568172,60.0
1744878886242226.0,-2834.52,-2533.04,1.13374,2.56842,2.44072,-0.127706,60.0
1744878886263062.0,-2834.52,-2533.04,1.13374,2.56842,2.64468,0.076258,60.0
1744878886283719.0,-2837.06,-2531.67,1.13433,2.44072,2.4926,0.0518773,60.0
1744878886304538.0,-2837.06,-2531.67,1.13433,2.44072,2.34313,-0.0975893,60.0
1744878886325185.0,-2839.6,-2529.63,1.13465,2.4926,2.50694,0.0143406,60.0
1744878886345976.0,-2839.6,-2529.63,1.13465,2.4926,2.49474,0.00214119,60.0
1744878886366623.0,-2839.6,-2529.63,1.13465,2.4926,2.48635,-0.00624505,60.0
1744878886387168.0,-2841.72,-2527.58,1.13479,2.49474,2.55777,0.063034,60.0
1744878886407924.0,-2841.72,-2527.58,1.13479,2.49474,2.64595,0.15121,60.0
1744878886428625.0,-2844.26,-2526.21,1.13539,2.55777,2.5842,0.0264272,60.0
1744878886449370.0,-2844.26,-2526.21,1.13539,2.55777,2.49669,-0.0610848,60.0
1744878886470080.0,-2844.26,-2526.21,1.13539,2.55777,2.39414,-0.16363,60.0
1744878886490919.0,-2846.38,-2524.16,1.13552,2.49669,2.52737,0.0306804,60.0
1744878886511583.0,-2846.38,-2524.16,1.13552,2.49669,2.50021,0.00352684,60.0
1744878886532430.0,-2848.92,-2522.12,1.13585,2.52737,2.4939,-0.0334666,60.0
1744878886553169.0,-2848.92,-2522.12,1.13585,2.52737,2.44223,-0.0851338,60.0
1744878886573641.0,-2851.46,-2520.75,1.13645,2.4939,2.56747,0.0735722,60.0
1744878886594383.0,-2851.46,-2520.75,1.13645,2.4939,2.4713,-0.0225965,60.0
1744878886615181.0,-2851.46,-2520.75,1.13645,2.4939,2.54592,0.0520242,60.0
1744878886635954.0,-2853.58,-2518.7,1.13659,2.4713,2.35931,-0.111997,60.0
1744878886656533.0,-2853.58,-2518.7,1.13659,2.4713,2.45445,-0.0168499,60.0
1744878886677395.0,-2856.12,-2517.34,1.1372,2.35931,2.46527,0.105962,60.0
1744878886698138.0,-2856.12,-2517.34,1.1372,2.35931,2.44837,0.0890628,60.0
1744878886718955.0,-2856.12,-2517.34,1.1372,2.35931,2.49721,0.1379,60.0
1744878886739770.0,-2858.66,-2515.29,1.13753,2.44837,2.40097,-0.0473978,60.0
1744878886760441.0,-2858.66,-2515.29,1.13753,2.44837,2.48868,0.040309,60.0
1744878886781003.0,-2860.78,-2513.24,1.13768,2.40097,2.39004,-0.010931,60.0
1744878886801755.0,-2860.78,-2513.24,1.13768,2.40097,2.54136,0.140391,60.0
1744878886822384.0,-2860.78,-2513.24,1.13768,2.40097,2.49823,0.0972593,60.0
1744878886842980.0,-2863.32,-2511.19,1.13802,2.54136,2.57238,0.0310172,60.0
1744878886863921.0,-2863.32,-2511.19,1.13802,2.54136,2.41174,-0.129618,60.0
1744878886884922.0,-2865.86,-2509.83,1.13862,2.57238,2.54045,-0.0319314,60.0
1744878886905502.0,-2865.86,-2509.83,1.13862,2.57238,2.46498,-0.1074,60.0
1744878886926474.0,-2865.86,-2509.83,1.13862,2.57238,2.5096,-0.0627825,60.0
1744878886947120.0,-2867.98,-2507.78,1.13877,2.46498,2.44301,-0.0219688,60.0
1744878886967941.0,-2867.98,-2507.78,1.13877,2.46498,2.56412,0.0991381,60.0
1744878886989101.0,-2870.52,-2505.73,1.13912,2.44301,2.45006,0.00704589,60.0
1744878887009784.0,-2870.52,-2505.73,1.13912,2.44301,2.33392,-0.109094,60.0
1744878887030206.0,-2870.52,-2505.73,1.13912,2.44301,2.57309,0.13008,60.0
1744878887051143.0,-2872.64,-2504.37,1.13954,2.33392,2.27999,-0.0539269,60.0
1744878887072087.0,-2872.64,-2504.37,1.13954,2.33392,2.47188,0.137964,60.0
1744878887093087.0,-2875.18,-2502.32,1.13988,2.27999,2.32059,0.0405996,60.0
1744878887113632.0,-2875.18,-2502.32,1.13988,2.27999,2.30584,0.0258528,60.0
1744878887134311.0,-2877.3,-2500.27,1.14004,2.32059,2.47866,0.158074,60.0
1744878887154840.0,-2877.3,-2500.27,1.14004,2.32059,2.35584,0.0352481,60.0
1744878887175641.0,-2877.3,-2500.27,1.14004,2.32059,2.35679,0.0362009,60.0
1744878887196315.0,-2879.84,-2498.9,1.14066,2.35584,2.50587,0.150036,60.0
1744878887216834.0,-2879.84,-2498.9,1.14066,2.35584,2.40507,0.0492358,60.0
1744878887237696.0,-2881.96,-2496.86,1.14081,2.50587,2.55155,0.0456782,60.0
1744878887258309.0,-2881.96,-2496.86,1.14081,2.50587,2.53637,0.0304991,60.0
1744878887278822.0,-2881.96,-2496.86,1.14081,2.50587,2.53818,0.0323073,60.0
1744878887299527.0,-2884.5,-2494.81,1.14117,2.53637,2.51333,-0.02304,60.0
1744878887320336.0,-2884.5,-2494.81,1.14117,2.53637,2.52722,-0.00915598,60.0
1744878887341087.0,-2887.04,-2492.76,1.14152,2.51333,2.48806,-0.0252701,60.0
1744878887362104.0,-2887.04,-2492.76,1.14152,2.51333,2.4325,-0.0808302,60.0
1744878887382701.0,-2887.04,-2492.76,1.14152,2.51333,2.67414,0.160805,60.0
1744878887403248.0,-2889.16,-2491.39,1.14195,2.4325,2.53892,0.106418,60.0
1744878887423958.0,-2889.16,-2491.39,1.14195,2.4325,2.33954,-0.0929665,60.0
1744878887444693.0,-2891.7,-2489.35,1.14231,2.53892,2.48365,-0.0552697,60.0
1744878887465969.0,-2891.7,-2489.35,1.14231,2.53892,2.57617,0.0372535,60.0
1744878887486731.0,-2891.7,-2489.35,1.14231,2.53892,2.52138,-0.0175367,60.0
1744878887507427.0,-2893.82,-2487.3,1.14247,2.57617,2.45632,-0.119857,60.0
1744878887528326.0,-2893.82,-2487.3,1.14247,2.57617,2.48397,-0.0921997,60.0
1744878887549088.0,-2896.36,-2485.25,1.14283,2.45632,2.59468,0.138367,60.0
1744878887569876.0,-2896.36,-2485.25,1.14283,2.45632,2.45168,-0.00463877,60.0
1744878887590671.0,-2898.48,-2483.88,1.14326,2.59468,2.51722,-0.0774664,60.0
1744878887611406.0,-2898.48,-2483.88,1.14326,2.59468,2.62761,0.0329282,60.0
1744878887631906.0,-2898.48,-2483.88,1.14326,2.59468,2.44286,-0.151824,60.0
1744878887652794.0,-2901.02,-2481.84,1.14363,2.62761,2.5806,-0.0470103,60.0
1744878887673755.0,-2901.02,-2481.84,1.14363,2.62761,2.56105,-0.0665619,60.0
1744878887694499.0,-2903.14,-2479.79,1.1438,2.5806,2.57253,-0.0080711,60.0
1744878887715066.0,-2903.14,-2479.79,1.1438,2.5806,2.55566,-0.0249368,60.0
1744878887735982.0,-2903.14,-2479.79,1.1438,2.5806,2.56989,-0.0107085,60.0
1744878887756485.0,-2905.68,-2478.42,1.14443,2.55566,2.58962,0.0339549,60.0
1744878887777237.0,-2905.68,-2478.42,1.14443,2.55566,2.57433,0.0186679,60.0
1744878887798110.0,-2908.22,-2476.38,1.1448,2.58962,2.58692,-0.00270134,60.0
1744878887818586.0,-2908.22,-2476.38,1.1448,2.58962,2.51081,-0.0788121,60.0
1744878887839524.0,-2908.22,-2476.38,1.1448,2.58962,2.63109,0.0414721,60.0
1744878887860248.0,-2910.34,-2474.33,1.14497,2.51081,2.53386,0.0230542,60.0
1744878887880858.0,-2910.34,-2474.33,1.14497,2.51081,2.38295,-0.12786,60.0
1744878887901303.0,-2912.88,-2472.96,1.14561,2.53386,2.44354,-0.0903204,60.0
1744878887922060.0,-2912.88,-2472.96,1.14561,2.53386,2.42406,-0.109806,60.0
1744878887942779.0,-2915.43,-2470.91,1.14598,2.44354,2.42726,-0.0162781,60.0
1744878887963636.0,-2915.43,-2470.91,1.14598,2.44354,2.44677,0.0032247,60.0
1744878887984514.0,-2915.43,-2470.91,1.14598,2.44354,2.52207,0.0785236,60.0
1744878888005490.0,-2917.54,-2468.87,1.14616,2.44677,2.58979,0.143028,60.0
1744878888026172.0,-2917.54,-2468.87,1.14616,2.44677,2.49933,0.0525681,60.0
1744878888046686.0,-2917.54,-2468.87,1.14616,2.44677,2.40768,-0.0390903,60.0
1744878888067465.0,-2920.08,-2467.5,1.1468,2.49933,2.43504,-0.0642992,60.0
1744878888088012.0,-2920.08,-2467.5,1.1468,2.49933,2.51307,0.013734,60.0
1744878888108756.0,-2922.63,-2465.45,1.14717,2.43504,2.54504,0.11001,60.0
1744878888129761.0,-2922.63,-2465.45,1.14717,2.43504,2.47829,0.0432553,60.0
1744878888150558.0,-2922.63,-2465.45,1.14717,2.43504,2.47085,0.0358187,60.0
1744878888171235.0,-2924.74,-2463.4,1.14736,2.47829,2.49688,0.0185866,60.0
1744878888191670.0,-2924.74,-2463.4,1.14736,2.47829,2.36578,-0.112513,60.0
1744878888212339.0,-2927.29,-2462.04,1.148,2.49688,2.53776,0.0408801,60.0
1744878888233126.0,-2927.29,-2462.04,1.148,2.49688,2.47891,-0.017967,60.0
1744878888253490.0,-2927.29,-2462.04,1.148,2.49688,2.56455,0.0676764,60.0
1744878888274552.0,-2929.83,-2459.99,1.14838,2.47891,2.50039,0.0214818,60.0
1744878888295122.0,-2929.83,-2459.99,1.14838,2.47891,2.54394,0.0650269,60.0
1744878888315830.0,-2931.95,-2457.94,1.14857,2.50039,2.34492,-0.15547,60.0
1744878888336454.0,-2931.95,-2457.94,1.14857,2.50039,2.38465,-0.115741,60.0
1744878888357075.0,-2934.49,-2456.58,1.14921,2.34492,2.40537,0.0604529,60.0
1744878888377775.0,-2934.49,-2456.58,1.14921,2.34492,2.36554,0.02062,60.0
1744878888398477.0,-2934.49,-2456.58,1.14921,2.34492,2.28805,-0.0568716,60.0
1744878888419032.0,-2937.03,-2454.53,1.1496,2.36554,2.44835,0.0828106,60.0
1744878888440117.0,-2937.03,-2454.53,1.1496,2.36554,2.43284,0.0672981,60.0
1744878888460778.0,-2939.15,-2452.48,1.14979,2.44835,2.40663,-0.0417237,60.0
1744878888481315.0,-2939.15,-2452.48,1.14979,2.44835,2.52787,0.0795182,60.0
1744878888502234.0,-2939.15,-2452.48,1.14979,2.44835,2.45154,0.00318812,60.0
1744878888522660.0,-2941.69,-2451.12,1.15044,2.52787,2.49477,-0.0331055,60.0
1744878888543698.0,-2941.69,-2451.12,1.15044,2.52787,2.54947,0.0216023,60.0
1744878888564318.0,-2943.81,-2449.07,1.15064,2.49477,2.61233,0.117561,60.0
1744878888584722.0,-2943.81,-2449.07,1.15064,2.49477,2.39254,-0.102222,60.0
1744878888605317.0,-2943.81,-2449.07,1.15064,2.49477,2.63377,0.139007,60.0
1744878888625991.0,-2946.35,-2447.02,1.15103,2.39254,2.49376,0.101215,60.0
1744878888646682.0,-2946.35,-2447.02,1.15103,2.39254,2.54919,0.156647,60.0
1744878888667711.0,-2948.47,-2445.65,1.15149,2.49376,2.53716,0.0433981,60.0
1744878888688283.0,-2948.47,-2445.65,1.15149,2.49376,2.33121,-0.162549,60.0
1744878888709090.0,-2948.47,-2445.65,1.15149,2.49376,2.4792,-0.0145583,60.0
1744878888729617.0,-2951.01,-2443.61,1.15188,2.33121,2.45678,0.125567,60.0
1744878888750366.0,-2951.01,-2443.61,1.15188,2.33121,2.33441,0.00319653,60.0
1744878888771451.0,-2953.55,-2441.56,1.15228,2.45678,2.43403,-0.0227427,60.0
1744878888796295.0,-2953.55,-2441.56,1.15228,2.45678,2.37569,-0.0810841,60.0
1744878888816787.0,-2955.67,-2439.51,1.15248,2.43403,2.42372,-0.0103132,60.0
1744878888837737.0,-2955.67,-2439.51,1.15248,2.43403,2.49682,0.0627878,60.0
1744878888858384.0,-2955.67,-2439.51,1.15248,2.43403,2.49186,0.0578296,60.0
1744878888879122.0,-2958.21,-2438.14,1.15314,2.49682,2.61002,0.113203,60.0
1744878888899846.0,-2958.21,-2438.14,1.15314,2.49682,2.50996,0.0131377,60.0
1744878888920415.0,-2960.33,-2436.1,1.15334,2.61002,2.45132,-0.158705,60.0
1744878888941384.0,-2960.33,-2436.1,1.15334,2.61002,2.45231,-0.15771,60.0
1744878888962131.0,-2960.33,-2436.1,1.15334,2.61002,2.59089,-0.019139,60.0
1744878888983309.0,-2962.87,-2434.05,1.15375,2.45231,2.58725,0.134937,60.0
1744878889004110.0,-2962.87,-2434.05,1.15375,2.45231,2.44112,-0.0111975,60.0
1744878889024891.0,-2964.99,-2432.0,1.15395,2.58725,2.57724,-0.0100148,60.0
1744878889045350.0,-2964.99,-2432.0,1.15395,2.58725,2.47085,-0.116402,60.0
1744878889066147.0,-2967.53,-2430.63,1.15462,2.57724,2.57321,-0.00402739,60.0
1744878889086901.0,-2967.53,-2430.63,1.15462,2.57724,2.53074,-0.0464921,60.0
1744878889107628.0,-2967.53,-2430.63,1.15462,2.57724,2.50929,-0.0679499,60.0
1744878889128343.0,-2970.07,-2428.59,1.15503,2.53074,2.58803,0.0572887,60.0
1744878889149040.0,-2970.07,-2428.59,1.15503,2.53074,2.46017,-0.0705767,60.0
1744878889169697.0,-2972.19,-2426.54,1.15524,2.58803,2.55126,-0.0367714,60.0
1744878889190487.0,-2972.19,-2426.54,1.15524,2.58803,2.68602,0.0979864,60.0
1744878889211103.0,-2972.19,-2426.54,1.15524,2.58803,2.44743,-0.140604,60.0
1744878889231775.0,-2974.73,-2425.17,1.15591,2.68602,2.6378,-0.0482175,60.0
1744878889252601.0,-2974.73,-2425.17,1.15591,2.68602,2.55115,-0.134872,60.0
1744878889273544.0,-2977.27,-2423.12,1.15632,2.6378,2.56952,-0.0682809,60.0
1744878889294213.0,-2977.27,-2423.12,1.15632,2.6378,2.54885,-0.088954,60.0
1744878889314778.0,-2977.27,-2423.12,1.15632,2.6378,2.50021,-0.137591,60.0
1744878889335460.0,-2979.39,-2421.76,1.15679,2.54885,2.42641,-0.122443,60.0
1744878889356189.0,-2979.39,-2421.76,1.15679,2.54885,2.48823,-0.0606226,60.0
1744878889377113.0,-2981.93,-2419.71,1.15721,2.42641,2.45633,0.0299265,60.0
1744878889397629.0,-2981.93,-2419.71,1.15721,2.42641,2.42217,-0.00423028,60.0
1744878889418821.0,-2984.47,-2417.66,1.15762,2.42218,2.36233,-0.0598471,60.0
1744878889439010.0,-2984.47,-2417.66,1.15762,2.42218,2.48356,0.0613889,60.0
1744878889459825.0,-2984.47,-2417.66,1.15762,2.42218,2.38565,-0.036528,60.0
1744878889480831.0,-2986.59,-2416.3,1.1581,2.48356,2.52859,0.0450265,60.0
1744878889501529.0,-2986.59,-2416.3,1.1581,2.48356,2.55695,0.0733869,60.0
1744878889522172.0,-2989.13,-2414.25,1.15852,2.52859,2.49274,-0.0358478,60.0
1744878889542638.0,-2989.13,-2414.25,1.15852,2.52859,2.5363,0.00771182,60.0
1744878889563362.0,-2989.13,-2414.25,1.15852,2.52859,2.36572,-0.162867,60.0
1744878889584072.0,-2991.67,-2412.88,1.1592,2.5363,2.4717,-0.0645982,60.0
1744878889604704.0,-2991.67,-2412.88,1.1592,2.5363,2.38146,-0.154845,60.0
1744878889625578.0,-2993.79,-2410.84,1.15942,2.4717,2.51287,0.0411624,60.0
1744878889646284.0,-2993.79,-2410.84,1.15942,2.4717,2.38779,-0.0839117,60.0
1744878889667092.0,-2993.79,-2410.84,1.15942,2.4717,2.55816,0.0864603,60.0
1744878889688227.0,-2996.33,-2408.79,1.15985,2.38779,2.43277,0.0449794,60.0
1744878889708574.0,-2996.33,-2408.79,1.15985,2.38779,2.41427,0.0264727,60.0
1744878889729698.0,-2998.87,-2407.42,1.16053,2.43277,2.42896,-0.00381406,60.0
1744878889750310.0,-2998.87,-2407.42,1.16053,2.43277,2.57444,0.14167,60.0
1744878889771037.0,-2998.87,-2407.42,1.16053,2.43277,2.55248,0.119705,60.0
1744878889791840.0,-3000.99,-2405.37,1.16076,2.57444,2.50682,-0.0676228,60.0
1744878889812384.0,-3000.99,-2405.37,1.16076,2.57444,2.65232,0.0778816,60.0
1744878889833041.0,-3003.53,-2403.33,1.16119,2.50682,2.47969,-0.0271265,60.0
1744878889853763.0,-3003.53,-2403.33,1.16119,2.50682,2.57779,0.070972,60.0
1744878889874554.0,-3006.07,-2401.96,1.16187,2.47969,2.51113,0.0314337,60.0
1744878889895318.0,-3006.07,-2401.96,1.16187,2.47969,2.49325,0.0135523,60.0
1744878889916111.0,-3006.07,-2401.96,1.16187,2.47969,2.43614,-0.0435554,60.0
1744878889936738.0,-3008.19,-2399.91,1.1621,2.49325,2.40274,-0.0905028,60.0
1744878889957401.0,-3008.19,-2399.91,1.1621,2.49325,2.51665,0.0234061,60.0
1744878889978622.0,-3010.73,-2397.86,1.16254,2.40274,2.48198,0.0792327,60.0
1744878889999466.0,-3010.73,-2397.86,1.16254,2.40274,2.47674,0.0740018,60.0
1744878890020060.0,-3010.73,-2397.86,1.16254,2.40274,2.49648,0.0937411,60.0
1744878890040844.0,-3013.27,-2396.5,1.16323,2.47674,2.54726,0.0705144,60.0
1744878890061558.0,-3013.27,-2396.5,1.16323,2.47674,2.46307,-0.0136771,60.0
1744878890082453.0,-3015.39,-2394.45,1.16347,2.54726,2.54109,-0.00616616,60.0
1744878890103184.0,-3015.39,-2394.45,1.16347,2.54726,2.55127,0.00401627,60.0
1744878890123930.0,-3015.39,-2394.45,1.16347,2.54726,2.58742,0.04016,60.0
1744878890144380.0,-3017.93,-2392.4,1.1639,2.55127,2.64415,0.0928769,60.0
1744878890165060.0,-3017.93,-2392.4,1.1639,2.55127,2.39512,-0.156158,60.0
1744878890185689.0,-3020.48,-2391.04,1.1646,2.64415,2.72458,0.0804304,60.0
1744878890206608.0,-3020.48,-2391.04,1.1646,2.64415,2.53381,-0.110343,60.0
1744878890228384.0,-3022.59,-2388.99,1.16484,2.53381,2.41411,-0.119695,60.0
1744878890248952.0,-3022.59,-2388.99,1.16484,2.53381,2.47676,-0.0570458,60.0
1744878890269642.0,-3022.59,-2388.99,1.16484,2.53381,2.44496,-0.088849,60.0
1744878890290377.0,-3025.13,-2387.62,1.16554,2.47676,2.50719,0.0304281,60.0
1744878890311209.0,-3025.13,-2387.62,1.16554,2.47676,2.52208,0.045319,60.0
1744878890331801.0,-3027.68,-2385.58,1.16598,2.50719,2.56077,0.0535804,60.0
1744878890352423.0,-3027.68,-2385.58,1.16598,2.50719,2.61626,0.109067,60.0
1744878890373192.0,-3027.68,-2385.58,1.16598,2.50719,2.56954,0.0623483,60.0
1744878890394042.0,-3029.79,-2383.53,1.16622,2.61626,2.46891,-0.147349,60.0
1744878890414826.0,-3029.79,-2383.53,1.16622,2.61626,2.52232,-0.0939366,60.0
1744878890435499.0,-3032.34,-2382.16,1.16693,2.46891,2.51845,0.0495352,60.0
1744878890456206.0,-3032.34,-2382.16,1.16693,2.46891,2.49887,0.0299574,60.0
1744878890477259.0,-3032.34,-2382.16,1.16693,2.46891,2.49004,0.0211336,60.0
1744878890498148.0,-3034.88,-2380.11,1.16737,2.49887,2.47361,-0.0252537,60.0
1744878890518716.0,-3034.88,-2380.11,1.16737,2.49887,2.54768,0.0488152,60.0
1744878890539447.0,-3036.99,-2378.75,1.16788,2.47361,2.52295,0.0493395,60.0
1744878890560100.0,-3036.99,-2378.75,1.16788,2.47361,2.44966,-0.0239556,60.0
1744878890580791.0,-3036.99,-2378.75,1.16788,2.47361,2.45337,-0.0202413,60.0
1744878890601563.0,-3039.54,-2376.7,1.16833,2.44966,2.55357,0.103909,60.0
1744878890623130.0,-3039.54,-2376.7,1.16833,2.44966,2.58263,0.132971,60.0
1744878890644207.0,-3042.08,-2374.65,1.16878,2.55357,2.57367,0.0200984,60.0
1744878890664992.0,-3042.08,-2374.65,1.16878,2.55357,2.51265,-0.0409205,60.0
1744878890685567.0,-3044.62,-2373.29,1.16949,2.57367,2.42536,-0.148308,60.0
1744878890706369.0,-3044.62,-2373.29,1.16949,2.57367,2.52795,-0.0457164,60.0
1744878890727967.0,-3044.62,-2373.29,1.16949,2.57367,2.61106,0.0373988,60.0
1744878890748617.0,-3046.74,-2371.24,1.16974,2.52795,2.6379,0.109952,60.0
1744878890769307.0,-3046.74,-2371.24,1.16974,2.52795,2.37115,-0.156795,60.0
1744878890789727.0,-3049.28,-2369.87,1.17046,2.6379,2.62468,-0.0132234,60.0
1744878890810424.0,-3049.28,-2369.87,1.17046,2.6379,2.48822,-0.149679,60.0
1744878890831111.0,-3049.28,-2369.87,1.17046,2.6379,2.77815,0.140248,60.0
1744878890851824.0,-3051.82,-2367.83,1.17091,2.48822,2.47158,-0.0166412,60.0
1744878890872528.0,-3051.82,-2367.83,1.17091,2.48822,2.39281,-0.0954071,60.0
1744878890893218.0,-3053.94,-2365.78,1.17117,2.47158,2.49698,0.0254024,60.0
1744878890913893.0,-3053.94,-2365.78,1.17117,2.47158,2.51044,0.0388569,60.0
1744878890934611.0,-3053.94,-2365.78,1.17117,2.47158,2.34115,-0.130426,60.0
1744878890955617.0,-3056.48,-2364.41,1.17189,2.51044,2.40078,-0.109653,60.0
1744878890976247.0,-3056.48,-2364.41,1.17189,2.51044,2.48563,-0.024808,60.0
1744878890996996.0,-3059.02,-2362.36,1.17235,2.40078,2.45137,0.0505853,60.0
1744878891019769.0,-3059.02,-2362.36,1.17235,2.40078,2.41716,0.0163771,60.0
1744878891040510.0,-3061.56,-2361.0,1.17307,2.45137,2.39392,-0.0574501,60.0
1744878891060955.0,-3061.56,-2361.0,1.17307,2.45137,2.57731,0.125944,60.0
1744878891081626.0,-3061.56,-2361.0,1.17307,2.45137,2.47654,0.0251743,60.0
1744878891102304.0,-3063.68,-2358.95,1.17333,2.57731,2.48362,-0.0936925,60.0
1744878891123023.0,-3063.68,-2358.95,1.17333,2.57731,2.56764,-0.00967069,60.0
1744878891143895.0,-3066.22,-2356.9,1.1738,2.48362,2.55435,0.0707296,60.0
1744878891164584.0,-3066.22,-2356.9,1.1738,2.48362,2.38648,-0.0971377,60.0
1744878891185221.0,-3066.22,-2356.9,1.1738,2.48362,2.52641,0.0427901,60.0
1744878891205888.0,-3068.76,-2355.54,1.17452,2.38648,2.52306,0.13658,60.0
1744878891226552.0,-3068.76,-2355.54,1.17452,2.38648,2.42905,0.0425631,60.0
1744878891247397.0,-3070.88,-2353.49,1.17479,2.52306,2.53766,0.0145978,60.0
1744878891268224.0,-3070.88,-2353.49,1.17479,2.52306,2.51498,-0.00808581,60.0
1744878891288908.0,-3070.88,-2353.49,1.17479,2.52306,2.68008,0.157018,60.0
1744878891309603.0,-3073.42,-2352.12,1.17552,2.51498,2.499,-0.0159737,60.0
1744878891330121.0,-3073.42,-2352.12,1.17552,2.51498,2.61135,0.0963741,60.0
1744878891350583.0,-3075.96,-2350.07,1.17599,2.499,2.50554,0.00653688,60.0
1744878891371117.0,-3075.96,-2350.07,1.17599,2.499,2.62502,0.126016,60.0
1744878891391908.0,-3075.96,-2350.07,1.17599,2.499,2.51253,0.0135252,60.0
1744878891412471.0,-3078.08,-2348.03,1.17626,2.62502,2.57208,-0.052939,60.0
1744878891433068.0,-3078.08,-2348.03,1.17626,2.62502,2.64775,0.0227312,60.0
1744878891453604.0,-3080.62,-2346.66,1.17699,2.57208,2.46934,-0.102739,60.0
1744878891474575.0,-3080.62,-2346.66,1.17699,2.57208,2.41935,-0.152725,60.0
1744878891495372.0,-3083.17,-2344.61,1.17747,2.46934,2.45473,-0.014612,60.0
1744878891516057.0,-3083.17,-2344.61,1.17747,2.46934,2.60647,0.137129,60.0
1744878891536636.0,-3083.17,-2344.61,1.17747,2.46934,2.48508,0.0157392,60.0
1744878891557361.0,-3085.71,-2343.25,1.1782,2.60647,2.68106,0.0745892,60.0
1744878891578072.0,-3085.71,-2343.25,1.1782,2.60647,2.68199,0.0755155,60.0
1744878891598625.0,-3087.82,-2341.2,1.17848,2.68106,2.59613,-0.0849277,60.0
1744878891619581.0,-3087.82,-2341.2,1.17848,2.68106,2.57554,-0.10552,60.0
1744878891640301.0,-3087.82,-2341.2,1.17848,2.68106,2.53213,-0.14893,60.0
1744878891660865.0,-3090.37,-2339.15,1.17896,2.57554,2.50097,-0.0745691,60.0
1744878891681709.0,-3090.37,-2339.15,1.17896,2.57554,2.54622,-0.0293153,60.0
1744878891702355.0,-3092.91,-2337.79,1.1797,2.50097,2.44294,-0.0580285,60.0
1744878891722944.0,-3092.91,-2337.79,1.1797,2.50097,2.46274,-0.0382255,60.0
1744878891743710.0,-3092.91,-2337.79,1.1797,2.50097,2.44714,-0.0538283,60.0
1744878891764432.0,-3095.45,-2335.74,1.18018,2.46274,2.53473,0.0719887,60.0
1744878891785386.0,-3095.45,-2335.74,1.18018,2.46274,2.44826,-0.0144887,60.0
1744878891806035.0,-3097.57,-2334.37,1.18072,2.53473,2.38876,-0.14597,60.0
1744878891826561.0,-3097.57,-2334.37,1.18072,2.53473,2.699,0.164267,60.0
1744878891847327.0,-3097.57,-2334.37,1.18072,2.53473,2.64997,0.11524,60.0
1744878891867834.0,-3100.11,-2332.32,1.18121,2.699,2.5466,-0.152401,60.0
1744878891888731.0,-3100.11,-2332.32,1.18121,2.699,2.71981,0.0208086,60.0
1744878891909302.0,-3102.65,-2330.96,1.18195,2.5466,2.47224,-0.0743562,60.0
1744878891930310.0,-3102.65,-2330.96,1.18195,2.5466,2.60663,0.0600312,60.0
1744878891950919.0,-3105.19,-2328.91,1.18244,2.47224,2.53372,0.0614762,60.0
1744878891971448.0,-3105.19,-2328.91,1.18244,2.47224,2.57477,0.102529,60.0
1744878891992338.0,-3105.19,-2328.91,1.18244,2.47224,2.42439,-0.0478531,60.0
1744878892013087.0,-3107.73,-2327.55,1.18318,2.57477,2.47068,-0.104095,60.0
1744878892033746.0,-3107.73,-2327.55,1.18318,2.57477,2.44862,-0.12615,60.0
1744878892054313.0,-3109.85,-2325.5,1.18347,2.47068,2.56887,0.0981925,60.0
1744878892074762.0,-3109.85,-2325.5,1.18347,2.47068,2.37999,-0.0906858,60.0
1744878892095670.0,-3109.85,-2325.5,1.18347,2.47068,2.43799,-0.0326859,60.0
1744878892116413.0,-3112.39,-2324.13,1.18422,2.37999,2.54405,0.164061,60.0
1744878892137030.0,-3112.39,-2324.13,1.18422,2.37999,2.39826,0.0182692,60.0
1744878892157661.0,-3114.93,-2322.08,1.18472,2.54405,2.572,0.0279494,60.0
1744878892178154.0,-3114.93,-2322.08,1.18472,2.54405,2.45935,-0.0847017,60.0
1744878892198863.0,-3114.93,-2322.08,1.18472,2.54405,2.59958,0.0555328,60.0
1744878892219650.0,-3117.48,-2320.04,1.18522,2.45935,2.51532,0.0559673,60.0
1744878892240354.0,-3117.48,-2320.04,1.18522,2.45935,2.48939,0.0300427,60.0
1744878892261207.0,-3119.59,-2318.67,1.18576,2.51532,2.37712,-0.138194,60.0
1744878892281978.0,-3119.59,-2318.67,1.18576,2.51532,2.59977,0.084451,60.0
1744878892302729.0,-3119.59,-2318.67,1.18576,2.51532,2.42463,-0.090687,60.0
1744878892323566.0,-3122.13,-2316.62,1.18627,2.59977,2.476,-0.123764,60.0
1744878892344399.0,-3122.13,-2316.62,1.18627,2.59977,2.63846,0.0386901,60.0
1744878892364940.0,-3124.68,-2315.26,1.18702,2.476,2.43155,-0.044457,60.0
1744878892385469.0,-3124.68,-2315.26,1.18702,2.476,2.40174,-0.0742611,60.0
1744878892406010.0,-3127.22,-2313.21,1.18753,2.43155,2.51295,0.0813999,60.0
1744878892426667.0,-3127.22,-2313.21,1.18753,2.43155,2.41886,-0.0126892,60.0
1744878892447557.0,-3127.22,-2313.21,1.18753,2.43155,2.43264,0.00109525,60.0
1744878892468280.0,-3129.34,-2311.84,1.18807,2.41886,2.56666,0.147805,60.0
1744878892488992.0,-3129.34,-2311.84,1.18807,2.41886,2.51607,0.0972075,60.0
1744878892509810.0,-3131.88,-2309.8,1.18858,2.56666,2.50554,-0.0611199,60.0
1744878892530486.0,-3131.88,-2309.8,1.18858,2.56666,2.45728,-0.109388,60.0
1744878892551149.0,-3131.88,-2309.8,1.18858,2.56666,2.49064,-0.0760267,60.0
1744878892571891.0,-3134.42,-2307.75,1.18909,2.45728,2.55346,0.0961874,60.0
1744878892592585.0,-3134.42,-2307.75,1.18909,2.45728,2.52147,0.0641917,60.0
1744878892613236.0,-3136.96,-2306.38,1.18985,2.55346,2.53001,-0.0234534,60.0
1744878892634169.0,-3136.96,-2306.38,1.18985,2.55346,2.45842,-0.0950396,60.0
1744878892654685.0,-3136.96,-2306.38,1.18985,2.55346,2.62621,0.0727442,60.0
1744878892675384.0,-3139.08,-2304.33,1.19016,2.45842,2.52485,0.0664221,60.0
1744878892695967.0,-3139.08,-2304.33,1.19016,2.45842,2.53394,0.0755157,60.0
1744878892716685.0,-3141.62,-2302.97,1.19092,2.52485,2.51936,-0.00548949,60.0
1744878892737345.0,-3141.62,-2302.97,1.19092,2.52485,2.53391,0.00906794,60.0
1744878892758116.0,-3141.62,-2302.97,1.19092,2.52485,2.57133,0.0464811,60.0
1744878892778788.0,-3144.16,-2300.92,1.19144,2.53391,2.39747,-0.136442,60.0
1744878892799949.0,-3144.16,-2300.92,1.19144,2.53391,2.65344,0.119523,60.0
1744878892820373.0,-3146.28,-2298.87,1.19175,2.39747,2.50839,0.110914,60.0
1744878892841287.0,-3146.28,-2298.87,1.19175,2.39747,2.51689,0.119416,60.0
1744878892862624.0,-3148.82,-2297.51,1.19252,2.50839,2.41743,-0.0909585,60.0
1744878892883288.0,-3148.82,-2297.51,1.19252,2.50839,2.47938,-0.0290013,60.0
1744878892903905.0,-3148.82,-2297.51,1.19252,2.50839,2.64375,0.135361,60.0
1744878892924508.0,-3151.36,-2295.46,1.19304,2.47938,2.61863,0.139248,60.0
1744878892945149.0,-3151.36,-2295.46,1.19304,2.47938,2.46481,-0.0145702,60.0
1744878892966043.0,-3153.9,-2294.09,1.19381,2.61863,2.66283,0.0441972,60.0
1744878892986736.0,-3153.9,-2294.09,1.19381,2.61863,2.48979,-0.128844,60.0
1744878893007421.0,-3153.9,-2294.09,1.19381,2.61863,2.61878,0.000152296,60.0
1744878893027904.0,-3156.02,-2292.04,1.19412,2.48979,2.55996,0.070172,60.0
1744878893048531.0,-3156.02,-2292.04,1.19412,2.48979,2.53496,0.0451669,60.0
1744878893069200.0,-3158.56,-2290.0,1.19465,2.55996,2.47131,-0.0886481,60.0
1744878893089934.0,-3158.56,-2290.0,1.19465,2.55996,2.46099,-0.0989697,60.0
1744878893110897.0,-3158.56,-2290.0,1.19465,2.55996,2.41727,-0.142695,60.0
1744878893131263.0,-3161.1,-2288.63,1.19542,2.46099,2.43041,-0.0305836,60.0
1744878893152105.0,-3161.1,-2288.63,1.19542,2.46099,2.5025,0.0415139,60.0
1744878893172730.0,-3163.22,-2286.58,1.19574,2.43041,2.56749,0.137082,60.0
1744878893193466.0,-3163.22,-2286.58,1.19574,2.43041,2.4045,-0.0259102,60.0
1744878893214160.0,-3163.22,-2286.58,1.19574,2.43041,2.47973,0.0493195,60.0
1744878893234672.0,-3165.76,-2285.22,1.19652,2.4045,2.55559,0.151089,60.0
1744878893255481.0,-3165.76,-2285.22,1.19652,2.4045,2.52064,0.116142,60.0
1744878893276092.0,-3168.3,-2283.17,1.19705,2.55559,2.65181,0.0962233,60.0
1744878893296919.0,-3168.3,-2283.17,1.19705,2.55559,2.47206,-0.0835259,60.0
1744878893317637.0,-3170.85,-2281.12,1.19759,2.65181,2.57144,-0.0803699,60.0
1744878893338433.0,-3170.85,-2281.12,1.19759,2.65181,2.62614,-0.0256639,60.0
1744878893359139.0,-3170.85,-2281.12,1.19759,2.65181,2.5365,-0.115304,60.0
1744878893379836.0,-3172.96,-2279.76,1.19816,2.62615,2.56766,-0.0584801,60.0
1744878893400453.0,-3172.96,-2279.76,1.19816,2.62615,2.64012,0.0139748,60.0
1744878893420999.0,-3175.51,-2277.71,1.19869,2.56766,2.40531,-0.16236,60.0
1744878893441861.0,-3175.51,-2277.71,1.19869,2.56766,2.57351,0.00584179,60.0
1744878893462353.0,-3175.51,-2277.71,1.19869,2.56766,2.51645,-0.0512116,60.0
1744878893483686.0,-3178.05,-2276.34,1.19948,2.57351,2.42248,-0.151022,60.0
1744878893504344.0,-3178.05,-2276.34,1.19948,2.57351,2.59347,0.0199664,60.0
1744878893524908.0,-3180.59,-2274.29,1.20002,2.42248,2.49108,0.0685966,60.0
1744878893545583.0,-3180.59,-2274.29,1.20002,2.42248,2.44563,0.023141,60.0
1744878893566268.0,-3180.59,-2274.29,1.20002,2.42248,2.43453,0.0120431,60.0
1744878893586955.0,-3182.71,-2272.93,1.20059,2.44563,2.44103,-0.00459202,60.0
1744878893607643.0,-3182.71,-2272.93,1.20059,2.44563,2.47295,0.0273212,60.0
1744878893628212.0,-3185.25,-2270.88,1.20113,2.44103,2.48585,0.0448179,60.0
1744878893648681.0,-3185.25,-2270.88,1.20113,2.44103,2.54066,0.0996264,60.0
1744878893669381.0,-3185.25,-2270.88,1.20113,2.44103,2.56535,0.12432,60.0
1744878893690393.0,-3187.79,-2268.83,1.20168,2.54066,2.46859,-0.0720675,60.0
1744878893710922.0,-3187.79,-2268.83,1.20168,2.54066,2.66793,0.127271,60.0
1744878893731704.0,-3189.91,-2267.47,1.20226,2.46859,2.48142,0.012831,60.0
1744878893752403.0,-3189.91,-2267.47,1.20226,2.46859,2.53128,0.0626912,60.0
1744878893773144.0,-3192.45,-2265.42,1.2028,2.48142,2.54729,0.065867,60.0
1744878893794116.0,-3192.45,-2265.42,1.2028,2.48142,2.55734,0.0759131,60.0
1744878893814906.0,-3192.45,-2265.42,1.2028,2.48142,2.41578,-0.0656413,60.0
1744878893835370.0,-3194.99,-2264.05,1.2036,2.55734,2.48999,-0.0673432,60.0
1744878893855984.0,-3194.99,-2264.05,1.2036,2.55734,2.47827,-0.0790635,60.0
1744878893876884.0,-3197.53,-2262.0,1.20415,2.48999,2.63833,0.148337,60.0
1744878893897510.0,-3197.53,-2262.0,1.20415,2.48999,2.38117,-0.108822,60.0
1744878893917965.0,-3197.53,-2262.0,1.20415,2.48999,2.40589,-0.084099,60.0
1744878893938644.0,-3199.65,-2259.96,1.20449,2.38117,2.46525,0.0840811,60.0
1744878893959325.0,-3199.65,-2259.96,1.20449,2.38117,2.5218,0.140632,60.0
1744878893980247.0,-3202.19,-2258.59,1.20528,2.46525,2.55948,0.094226,60.0
1744878894001114.0,-3202.19,-2258.59,1.20528,2.46525,2.62512,0.15987,60.0
1744878894021758.0,-3202.19,-2258.59,1.20528,2.46525,2.52032,0.0550655,60.0
1744878894042440.0,-3204.73,-2256.54,1.20584,2.62512,2.54189,-0.0832326,60.0
1744878894063301.0,-3204.73,-2256.54,1.20584,2.62512,2.48531,-0.139812,60.0
1744878894084066.0,-3206.85,-2255.18,1.20643,2.54189,2.49176,-0.0501301,60.0
1744878894104627.0,-3206.85,-2255.18,1.20643,2.54189,2.52575,-0.0161421,60.0
1744878894125316.0,-3206.85,-2255.18,1.20643,2.54189,2.41902,-0.122869,60.0
1744878894146033.0,-3209.39,-2253.13,1.20698,2.52575,2.66188,0.136132,60.0
1744878894166709.0,-3209.39,-2253.13,1.20698,2.52575,2.51957,-0.00617875,60.0
1744878894187647.0,-3211.93,-2251.08,1.20755,2.66188,2.57017,-0.0917126,60.0
1744878894208344.0,-3211.93,-2251.08,1.20755,2.66188,2.52687,-0.135009,60.0
1744878894228905.0,-3214.47,-2249.72,1.20835,2.57017,2.566,-0.00416933,60.0
1744878894249582.0,-3214.47,-2249.72,1.20835,2.57017,2.47851,-0.0916594,60.0
1744878894270136.0,-3214.47,-2249.72,1.20835,2.57017,2.43603,-0.134134,60.0
1744878894290849.0,-3216.59,-2247.67,1.2087,2.47851,2.47307,-0.0054405,60.0
1744878894311600.0,-3216.59,-2247.67,1.2087,2.47851,2.50169,0.0231841,60.0
1744878894332337.0,-3219.13,-2246.3,1.2095,2.47307,2.59518,0.122111,60.0
1744878894353021.0,-3219.13,-2246.3,1.2095,2.47307,2.42737,-0.0456994,60.0
1744878894373711.0,-3219.13,-2246.3,1.2095,2.47307,2.51288,0.0398093,60.0
1744878894394463.0,-3221.68,-2244.25,1.21007,2.42737,2.56377,0.136405,60.0
1744878894415201.0,-3221.68,-2244.25,1.21007,2.42737,2.57934,0.151976,60.0
1744878894426613.0,-3221.68,-2244.25,1.21007,2.42737,2.48272,0.0553502,60.0
1744878894447442.0,-3223.79,-2242.89,1.21066,2.57934,2.65604,0.0766952,60.0
1744878894468095.0,-3223.79,-2242.89,1.21066,2.57934,2.47261,-0.106733,60.0
1744878894489186.0,-3226.33,-2240.84,1.21123,2.65604,2.58741,-0.0686262,60.0
1744878894509738.0,-3226.33,-2240.84,1.21123,2.65604,2.5613,-0.0947365,60.0
1744878894530466.0,-3226.33,-2240.84,1.21123,2.65604,2.51773,-0.138312,60.0
1744878894551109.0,-3228.88,-2238.79,1.21181,2.5613,2.44774,-0.113566,60.0
1744878894571868.0,-3228.88,-2238.79,1.21181,2.5613,2.65674,0.0954379,60.0
1744878894592604.0,-3231.42,-2237.43,1.21262,2.44774,2.55406,0.106322,60.0
1744878894613361.0,-3231.42,-2237.43,1.21262,2.44774,2.47191,0.0241738,60.0
1744878894634053.0,-3233.96,-2235.38,1.21319,2.55406,2.59793,0.0438755,60.0
1744878894654678.0,-3233.96,-2235.38,1.21319,2.55406,2.49706,-0.0569988,60.0
1744878894675311.0,-3233.96,-2235.38,1.21319,2.55406,2.40166,-0.152397,60.0
1744878894696049.0,-3236.08,-2234.01,1.21379,2.49706,2.37421,-0.12285,60.0
1744878894716732.0,-3236.08,-2234.01,1.21379,2.49706,2.41154,-0.0855238,60.0
1744878894737495.0,-3238.62,-2231.96,1.21437,2.37421,2.4909,0.116688,60.0
1744878894758229.0,-3238.62,-2231.96,1.21437,2.37421,2.47899,0.104779,60.0
1744878894778919.0,-3238.62,-2231.96,1.21437,2.37421,2.47169,0.0974809,60.0
1744878894799568.0,-3241.16,-2230.6,1.21519,2.47899,2.50105,0.0220672,60.0
1744878894820289.0,-3241.16,-2230.6,1.21519,2.47899,2.34681,-0.132176,60.0
1744878894840919.0,-3243.28,-2228.55,1.21555,2.50105,2.55952,0.0584702,60.0
1744878894861677.0,-3243.28,-2228.55,1.21555,2.50105,2.47424,-0.0268141,60.0
1744878894882318.0,-3243.28,-2228.55,1.21555,2.50105,2.55466,0.053601,60.0
1744878894903342.0,-3245.82,-2226.5,1.21613,2.47424,2.45105,-0.0231942,60.0
1744878894923970.0,-3245.82,-2226.5,1.21613,2.47424,2.62361,0.149372,60.0
1744878894944621.0,-3248.36,-2225.14,1.21695,2.45105,2.47418,0.0231303,60.0
1744878894965298.0,-3248.36,-2225.14,1.21695,2.45105,2.31836,-0.132689,60.0
1744878894986244.0,-3248.36,-2225.14,1.21695,2.45105,2.56149,0.110443,60.0
1744878895007267.0,-3250.9,-2223.09,1.21754,2.31836,2.37952,0.0611604,60.0
1744878895027936.0,-3250.9,-2223.09,1.21754,2.31836,2.46329,0.144931,60.0
1744878895048725.0,-3253.02,-2221.72,1.21815,2.37952,2.45147,0.0719487,60.0
1744878895069431.0,-3253.02,-2221.72,1.21815,2.37952,2.39181,0.0122943,60.0
1744878895090072.0,-3255.56,-2219.68,1.21874,2.45147,2.45271,0.00124101,60.0
1744878895110896.0,-3255.56,-2219.68,1.21874,2.45147,2.54826,0.0967899,60.0
1744878895131456.0,-3255.56,-2219.68,1.21874,2.45147,2.38368,-0.0677881,60.0
1744878895152208.0,-3257.68,-2217.63,1.21911,2.54826,2.45816,-0.0900952,60.0
1744878895172835.0,-3257.68,-2217.63,1.21911,2.54826,2.54063,-0.00763043,60.0
1744878895193435.0,-3260.22,-2216.26,1.21994,2.45816,2.60392,0.14576,60.0
1744878895214402.0,-3260.22,-2216.26,1.21994,2.45816,2.39606,-0.0620999,60.0
1744878895234971.0,-3260.22,-2216.26,1.21994,2.45816,2.62247,0.164308,60.0
1744878895255630.0,-3262.76,-2214.21,1.22053,2.39606,2.52829,0.132232,60.0
1744878895276367.0,-3262.76,-2214.21,1.22053,2.39606,2.28247,-0.113596,60.0
1744878895297095.0,-3264.88,-2212.16,1.22091,2.52829,2.38655,-0.14174,60.0
1744878895317839.0,-3264.88,-2212.16,1.22091,2.52829,2.5913,0.0630029,60.0
1744878895338592.0,-3264.88,-2212.16,1.22091,2.52829,2.58892,0.0606229,60.0
1744878895359194.0,-3267.42,-2210.8,1.22174,2.5913,2.46246,-0.128833,60.0
1744878895379988.0,-3267.42,-2210.8,1.22174,2.5913,2.55437,-0.0369259,60.0
1744878895400660.0,-3269.96,-2208.75,1.22234,2.46246,2.50239,0.0399228,60.0
1744878895421375.0,-3269.96,-2208.75,1.22234,2.46246,2.39707,-0.0653899,60.0
1744878895442282.0,-3272.08,-2206.7,1.22272,2.39707,2.52175,0.124676,60.0
1744878895462876.0,-3272.08,-2206.7,1.22272,2.39707,2.4349,0.0378287,60.0
1744878895483669.0,-3272.08,-2206.7,1.22272,2.39707,2.52023,0.123158,60.0
1744878895504342.0,-3274.62,-2205.34,1.22355,2.4349,2.59198,0.15708,60.0
1744878895525027.0,-3274.62,-2205.34,1.22355,2.4349,2.50568,0.07078,60.0
1744878895545675.0,-3277.16,-2203.29,1.22416,2.59198,2.72733,0.135344,60.0
1744878895566440.0,-3277.16,-2203.29,1.22416,2.59198,2.48254,-0.109442,60.0
1744878895587100.0,-3277.16,-2203.29,1.22416,2.59198,2.60603,0.014051,60.0
1744878895607712.0,-3279.28,-2201.24,1.22454,2.48254,2.47798,-0.00456049,60.0
1744878895628338.0,-3279.28,-2201.24,1.22454,2.48254,2.43815,-0.0443839,60.0
1744878895649354.0,-3281.82,-2199.88,1.22538,2.47798,2.54864,0.0706582,60.0
1744878895669865.0,-3281.82,-2199.88,1.22538,2.47798,2.51233,0.0343512,60.0
1744878895690523.0,-3281.82,-2199.88,1.22538,2.47798,2.38375,-0.0942263,60.0
1744878895711354.0,-3283.94,-2197.83,1.22577,2.51233,2.4582,-0.0541274,60.0
1744878895732240.0,-3283.94,-2197.83,1.22577,2.51233,2.40118,-0.111152,60.0
1744878895752820.0,-3286.48,-2195.78,1.22638,2.4582,2.52062,0.0624145,60.0
1744878895773291.0,-3286.48,-2195.78,1.22638,2.4582,2.61186,0.153661,60.0
1744878895794061.0,-3286.48,-2195.78,1.22638,2.4582,2.44863,-0.00957689,60.0
1744878895814795.0,-3289.02,-2194.41,1.22722,2.61186,2.58827,-0.0235965,60.0
1744878895835564.0,-3289.02,-2194.41,1.22722,2.61186,2.45886,-0.153001,60.0
1744878895856292.0,-3291.14,-2192.36,1.22762,2.58827,2.60729,0.0190273,60.0
1744878895876966.0,-3291.14,-2192.36,1.22762,2.58827,2.62527,0.0370059,60.0
1744878895897849.0,-3293.68,-2190.32,1.22823,2.62527,2.52433,-0.100942,60.0
1744878895918544.0,-3293.68,-2190.32,1.22823,2.62527,2.49934,-0.125933,60.0
1744878895939287.0,-3293.68,-2190.32,1.22823,2.62527,2.59894,-0.0263286,60.0
1744878895960027.0,-3296.23,-2188.95,1.22908,2.49934,2.43891,-0.0604316,60.0
1744878895980747.0,-3296.23,-2188.95,1.22908,2.49934,2.44059,-0.0587475,60.0
1744878896001398.0,-3298.34,-2186.9,1.22947,2.43891,2.37304,-0.065867,60.0
1744878896022211.0,-3298.34,-2186.9,1.22947,2.43891,2.55139,0.112478,60.0
1744878896042859.0,-3298.34,-2186.9,1.22947,2.43891,2.42413,-0.0147761,60.0
1744878896063749.0,-3300.88,-2184.85,1.23009,2.55139,2.46281,-0.0885701,60.0
1744878896084374.0,-3300.88,-2184.85,1.23009,2.55139,2.69685,0.145469,60.0
1744878896104977.0,-3303.43,-2183.49,1.23094,2.46281,2.4824,0.0195834,60.0
1744878896126182.0,-3303.43,-2183.49,1.23094,2.46281,2.53227,0.0694521,60.0
1744878896146783.0,-3303.43,-2183.49,1.23094,2.46281,2.40195,-0.0608649,60.0
1744878896167608.0,-3305.54,-2181.44,1.23134,2.53227,2.63172,0.0994488,60.0
1744878896188318.0,-3305.54,-2181.44,1.23134,2.53227,2.40154,-0.130727,60.0
1744878896209142.0,-3308.09,-2180.08,1.2322,2.63172,2.47584,-0.155872,60.0
1744878896229542.0,-3308.09,-2180.08,1.2322,2.63172,2.5163,-0.115419,60.0
1744878896250369.0,-3308.09,-2180.08,1.2322,2.63172,2.50597,-0.125745,60.0
1744878896270982.0,-3310.63,-2178.03,1.23282,2.5163,2.35485,-0.161447,60.0
1744878896291644.0,-3310.63,-2178.03,1.23282,2.5163,2.46813,-0.0481693,60.0
1744878896312443.0,-3313.17,-2175.98,1.23345,2.35485,2.49057,0.135719,60.0
1744878896333167.0,-3313.17,-2175.98,1.23345,2.35485,2.51874,0.16389,60.0
1744878896353813.0,-3315.29,-2174.61,1.23409,2.49057,2.54746,0.0568939,60.0
1744878896374725.0,-3315.29,-2174.61,1.23409,2.49057,2.52751,0.0369417,60.0
1744878896395259.0,-3315.29,-2174.61,1.23409,2.49057,2.61693,0.126364,60.0
1744878896416160.0,-3317.83,-2172.57,1.23471,2.52751,2.37797,-0.149537,60.0
1744878896436798.0,-3317.83,-2172.57,1.23471,2.52751,2.57518,0.0476747,60.0
1744878896457318.0,-3317.83,-2172.57,1.23471,2.52751,2.47875,-0.0487602,60.0
1744878896478241.0,-3320.37,-2171.2,1.23558,2.57518,2.73165,0.156469,60.0
1744878896498686.0,-3320.37,-2171.2,1.23558,2.57518,2.50401,-0.0711777,60.0
1744878896519405.0,-3322.49,-2169.15,1.23599,2.73165,2.59495,-0.136706,60.0
1744878896540354.0,-3322.49,-2169.15,1.23599,2.73165,2.5861,-0.145552,60.0
1744878896560770.0,-3325.03,-2167.1,1.23662,2.59495,2.65308,0.0581305,60.0
1744878896581516.0,-3325.03,-2167.1,1.23662,2.59495,2.54086,-0.0540876,60.0
1744878896602434.0,-3325.03,-2167.1,1.23662,2.59495,2.44706,-0.147887,60.0
1744878896622894.0,-3327.57,-2165.74,1.23749,2.54086,2.47498,-0.0658833,60.0
1744878896643682.0,-3327.57,-2165.74,1.23749,2.54086,2.42798,-0.112879,60.0
1744878896664419.0,-3330.11,-2163.69,1.23812,2.47498,2.42207,-0.0529032,60.0
1744878896685070.0,-3330.11,-2163.69,1.23812,2.47498,2.51507,0.0400953,60.0
1744878896705821.0,-3330.11,-2163.69,1.23812,2.47498,2.33244,-0.142536,60.0
1744878896726623.0,-3332.23,-2162.32,1.23877,2.51507,2.64113,0.126059,60.0
1744878896747376.0,-3332.23,-2162.32,1.23877,2.51507,2.53827,0.0231959,60.0
1744878896767973.0,-3334.77,-2160.28,1.23941,2.64113,2.53839,-0.102737,60.0
1744878896788670.0,-3334.77,-2160.28,1.23941,2.64113,2.51257,-0.128563,60.0
1744878896809286.0,-3334.77,-2160.28,1.23941,2.64113,2.52913,-0.112001,60.0
1744878896829896.0,-3337.31,-2158.91,1.24028,2.51257,2.35305,-0.15952,60.0
1744878896850583.0,-3337.31,-2158.91,1.24028,2.51257,2.65927,0.146705,60.0
1744878896871475.0,-3339.85,-2156.86,1.24092,2.35305,2.36731,0.0142608,60.0
1744878896892132.0,-3339.85,-2156.86,1.24092,2.35305,2.36855,0.0154992,60.0
1744878896912800.0,-3339.85,-2156.86,1.24092,2.35305,2.45372,0.100673,60.0
1744878896933580.0,-3341.97,-2154.81,1.24134,2.36855,2.48598,0.117429,60.0
1744878896954189.0,-3341.97,-2154.81,1.24134,2.36855,2.40323,0.0346801,60.0
1744878896975048.0,-3344.51,-2153.45,1.24222,2.48598,2.62032,0.134348,60.0
1744878896996060.0,-3344.51,-2153.45,1.24222,2.48598,2.48179,-0.00418128,60.0
1744878897016388.0,-3347.05,-2151.4,1.24286,2.62032,2.5695,-0.0508214,60.0
1744878897037054.0,-3347.05,-2151.4,1.24286,2.62032,2.5622,-0.058123,60.0
1744878897058046.0,-3347.05,-2151.4,1.24286,2.62032,2.50504,-0.115284,60.0
1744878897078432.0,-3349.6,-2150.03,1.24374,2.5622,2.62025,0.0580501,60.0
1744878897099299.0,-3349.6,-2150.03,1.24374,2.5622,2.49127,-0.0709266,60.0
1744878897119935.0,-3351.71,-2147.99,1.24417,2.62025,2.5118,-0.108454,60.0
1744878897140607.0,-3351.71,-2147.99,1.24417,2.62025,2.51496,-0.105293,60.0
1744878897161373.0,-3351.71,-2147.99,1.24417,2.62025,2.51962,-0.100634,60.0
1744878897181898.0,-3354.25,-2146.62,1.24505,2.51496,2.51549,0.000533073,60.0
1744878897202735.0,-3354.25,-2146.62,1.24505,2.51496,2.48942,-0.0255359,60.0
1744878897223612.0,-3356.8,-2144.57,1.2457,2.51549,2.49564,-0.0198567,60.0
1744878897244045.0,-3356.8,-2144.57,1.2457,2.51549,2.38279,-0.132697,60.0
1744878897264748.0,-3356.8,-2144.57,1.2457,2.51549,2.63505,0.119557,60.0
1744878897285619.0,-3359.34,-2142.52,1.24636,2.38279,2.5361,0.15331,60.0
1744878897306318.0,-3359.34,-2142.52,1.24636,2.38279,2.52951,0.146717,60.0
1744878897327019.0,-3361.46,-2141.16,1.24702,2.5361,2.63384,0.0977364,60.0
1744878897347785.0,-3361.46,-2141.16,1.24702,2.5361,2.53019,-0.00591272,60.0
1744878897368687.0,-3361.46,-2141.16,1.24702,2.5361,2.53926,0.00315804,60.0
1744878897389250.0,-3364.0,-2139.11,1.24768,2.53019,2.44622,-0.083973,60.0
1744878897409993.0,-3364.0,-2139.11,1.24768,2.53019,2.40326,-0.126932,60.0
1744878897430561.0,-3366.54,-2137.75,1.24856,2.44622,2.50605,0.0598351,60.0
1744878897451338.0,-3366.54,-2137.75,1.24856,2.44622,2.53502,0.0887965,60.0
1744878897471960.0,-3368.66,-2135.7,1.249,2.50605,2.49721,-0.00884792,60.0
1744878897492705.0,-3368.66,-2135.7,1.249,2.50605,2.51972,0.0136634,60.0
1744878897513446.0,-3368.66,-2135.7,1.249,2.50605,2.38502,-0.121034,60.0
1744878897534326.0,-3371.2,-2133.65,1.24966,2.51972,2.47567,-0.0440444,60.0
1744878897554940.0,-3371.2,-2133.65,1.24966,2.51972,2.47138,-0.0483334,60.0
1744878897575554.0,-3373.74,-2132.28,1.25055,2.47567,2.63017,0.1545,60.0
1744878897596323.0,-3373.74,-2132.28,1.25055,2.47567,2.49974,0.0240674,60.0
1744878897617155.0,-3373.74,-2132.28,1.25055,2.47567,2.38989,-0.0857854,60.0
1744878897637836.0,-3376.28,-2130.23,1.25122,2.49974,2.59167,0.0919303,60.0
1744878897658661.0,-3376.28,-2130.23,1.25122,2.49974,2.5745,0.0747565,60.0
1744878897679293.0,-3378.4,-2128.87,1.25189,2.59167,2.52148,-0.0701878,60.0
1744878897699908.0,-3378.4,-2128.87,1.25189,2.59167,2.47767,-0.113998,60.0
1744878897720577.0,-3378.4,-2128.87,1.25189,2.59167,2.59352,0.0018452,60.0
1744878897741226.0,-3380.94,-2126.82,1.25255,2.47767,2.37317,-0.104499,60.0
1744878897761913.0,-3380.94,-2126.82,1.25255,2.47767,2.51419,0.03652,60.0
1744878897782923.0,-3383.48,-2125.46,1.25345,2.37317,2.43017,0.0570008,60.0
1744878897803327.0,-3383.48,-2125.46,1.25345,2.37317,2.39031,0.0171382,60.0
1744878897823891.0,-3383.48,-2125.46,1.25345,2.37317,2.39891,0.0257382,60.0
1744878897844616.0,-3385.6,-2123.41,1.2539,2.39031,2.54041,0.150103,60.0
1744878897865326.0,-3385.6,-2123.41,1.2539,2.39031,2.54433,0.154023,60.0
1744878897886017.0,-3388.14,-2121.36,1.25457,2.54041,2.64008,0.0996704,60.0
1744878897906781.0,-3388.14,-2121.36,1.25457,2.54041,2.52278,-0.017636,60.0
1744878897927497.0,-3390.68,-2119.99,1.25547,2.64008,2.49358,-0.146501,60.0
1744878897948179.0,-3390.68,-2119.99,1.25547,2.64008,2.62382,-0.0162655,60.0
1744878897968842.0,-3390.68,-2119.99,1.25547,2.64008,2.4935,-0.146586,60.0
1744878897990224.0,-3393.22,-2117.95,1.25615,2.62382,2.51134,-0.112479,60.0
1744878898011133.0,-3393.22,-2117.95,1.25615,2.62382,2.56982,-0.0539974,60.0
1744878898031491.0,-3395.34,-2115.9,1.2566,2.51134,2.50816,-0.00318252,60.0
1744878898052194.0,-3395.34,-2115.9,1.2566,2.51134,2.49664,-0.0147002,60.0
1744878898072853.0,-3395.34,-2115.9,1.2566,2.51134,2.48443,-0.0269111,60.0
1744878898093549.0,-3397.88,-2114.53,1.2575,2.49664,2.3946,-0.102036,60.0
1744878898114621.0,-3397.88,-2114.53,1.2575,2.49664,2.46073,-0.0359137,60.0
1744878898135224.0,-3400.42,-2112.48,1.25818,2.3946,2.38226,-0.0123465,60.0
1744878898155813.0,-3400.42,-2112.48,1.25818,2.3946,2.51237,0.117763,60.0
1744878898176520.0,-3400.42,-2112.48,1.25818,2.3946,2.42793,0.0333225,60.0
1744878898197252.0,-3402.54,-2111.12,1.25887,2.51237,2.44624,-0.066127,60.0
1744878898217949.0,-3402.54,-2111.12,1.25887,2.51237,2.43708,-0.0752838,60.0
1744878898238923.0,-3405.08,-2109.07,1.25955,2.44624,2.5316,0.0853566,60.0
1744878898259392.0,-3405.08,-2109.07,1.25955,2.44624,2.38963,-0.0566137,60.0
1744878898280435.0,-3405.08,-2109.07,1.25955,2.44624,2.53224,0.0859956,60.0
1744878898301088.0,-3407.63,-2107.02,1.26023,2.38963,2.3605,-0.0291315,60.0
1744878898321836.0,-3407.63,-2107.02,1.26023,2.38963,2.48002,0.090395,60.0
1744878898342613.0,-3409.74,-2105.66,1.26092,2.36049,2.44756,0.0870615,60.0
1744878898363084.0,-3409.74,-2105.66,1.26092,2.36049,2.25471,-0.105782,60.0
1744878898383754.0,-3412.28,-2103.61,1.26161,2.44756,2.4467,-0.000860773,60.0
1744878898404417.0,-3412.28,-2103.61,1.26161,2.44756,2.49446,0.0469062,60.0
1744878898425060.0,-3412.28,-2103.61,1.26161,2.44756,2.34974,-0.0978123,60.0
1744878898445733.0,-3414.83,-2101.56,1.2623,2.49446,2.62193,0.127472,60.0
1744878898466397.0,-3414.83,-2101.56,1.2623,2.49446,2.35751,-0.136957,60.0
1744878898487301.0,-3416.94,-2100.19,1.26298,2.62193,2.57734,-0.0445902,60.0
1744878898507964.0,-3416.94,-2100.19,1.26298,2.62193,2.52353,-0.0984068,60.0
1744878898529271.0,-3416.94,-2100.19,1.26298,2.62193,2.53248,-0.0894571,60.0
1744878898549529.0,-3419.49,-2098.14,1.26368,2.52353,2.57355,0.0500183,60.0
1744878898570124.0,-3419.49,-2098.14,1.26368,2.52353,2.55967,0.036139,60.0
1744878898590651.0,-3422.03,-2096.78,1.2646,2.57355,2.52564,-0.0479024,60.0
1744878898611318.0,-3422.03,-2096.78,1.2646,2.57355,2.57306,-0.000485121,60.0
1744878898632282.0,-3422.03,-2096.78,1.2646,2.57355,2.58011,0.00656294,60.0
1744878898652787.0,-3424.14,-2094.73,1.26506,2.57306,2.57286,-0.000200062,60.0
1744878898673194.0,-3424.14,-2094.73,1.26506,2.57306,2.51963,-0.0534315,60.0
1744878898693881.0,-3426.69,-2092.68,1.26576,2.57286,2.57884,0.00597427,60.0
1744878898714464.0,-3426.69,-2092.68,1.26576,2.57286,2.63704,0.0641799,60.0
1744878898735216.0,-3426.69,-2092.68,1.26576,2.57286,2.49434,-0.0785238,60.0
1744878898755559.0,-3429.23,-2091.32,1.26668,2.63704,2.56992,-0.0671236,60.0
1744878898776276.0,-3429.23,-2091.32,1.26668,2.63704,2.55578,-0.0812568,60.0
1744878898801430.0,-3431.77,-2089.27,1.26738,2.56992,2.56985,-6.44515e-05,60.0
1744878898822028.0,-3431.77,-2089.27,1.26738,2.56992,2.61252,0.0425982,60.0
1744878898842627.0,-3433.89,-2087.9,1.26808,2.56985,2.58806,0.0182041,60.0
1744878898863284.0,-3433.89,-2087.9,1.26808,2.56985,2.60322,0.0333636,60.0
1744878898883711.0,-3433.89,-2087.9,1.26808,2.56985,2.7014,0.131548,60.0
1744878898904510.0,-3436.43,-2085.86,1.26878,2.60322,2.44407,-0.159146,60.0
1744878898924832.0,-3436.43,-2085.86,1.26878,2.60322,2.58312,-0.0200983,60.0
1744878898945458.0,-3438.97,-2084.49,1.26971,2.44407,2.32611,-0.117957,60.0
1744878898966380.0,-3438.97,-2084.49,1.26971,2.44407,2.35616,-0.087908,60.0
1744878898986857.0,-3438.97,-2084.49,1.26971,2.44407,2.51089,0.066815,60.0
1744878899007470.0,-3441.51,-2082.44,1.27042,2.35616,2.42567,0.0695061,60.0
1744878899028585.0,-3441.51,-2082.44,1.27042,2.35616,2.48822,0.132058,60.0
1744878899049256.0,-3443.63,-2080.39,1.2709,2.42567,2.51671,0.091044,60.0
1744878899069599.0,-3443.63,-2080.39,1.2709,2.42567,2.41218,-0.0134883,60.0
1744878899090333.0,-3443.63,-2080.39,1.2709,2.42567,2.5576,0.131932,60.0
1744878899110916.0,-3446.17,-2079.03,1.27183,2.41218,2.51039,0.0982072,60.0
1744878899131782.0,-3446.17,-2079.03,1.27183,2.41218,2.41625,0.00406926,60.0
1744878899152213.0,-3448.71,-2076.98,1.27254,2.51039,2.48054,-0.0298451,60.0
1744878899172767.0,-3448.71,-2076.98,1.27254,2.51039,2.46241,-0.0479821,60.0
1744878899193708.0,-3450.83,-2074.93,1.27302,2.48054,2.4096,-0.0709456,60.0
1744878899214453.0,-3450.83,-2074.93,1.27302,2.48054,2.52729,0.0467445,60.0
1744878899234702.0,-3450.83,-2074.93,1.27302,2.48054,2.39278,-0.0877603,60.0
1744878899255425.0,-3453.37,-2073.57,1.27396,2.52729,2.54661,0.0193202,60.0
1744878899276232.0,-3453.37,-2073.57,1.27396,2.52729,2.43481,-0.0924784,60.0
1744878899296908.0,-3455.91,-2071.52,1.27467,2.54661,2.53653,-0.0100752,60.0
1744878899317412.0,-3455.91,-2071.52,1.27467,2.54661,2.64402,0.0974091,60.0
1744878899338340.0,-3455.91,-2071.52,1.27467,2.54661,2.47562,-0.0709849,60.0
1744878899359200.0,-3458.03,-2070.15,1.27538,2.64402,2.50781,-0.13621,60.0
1744878899379738.0,-3458.03,-2070.15,1.27538,2.64402,2.4924,-0.151616,60.0
1744878899400542.0,-3460.57,-2068.1,1.2761,2.50781,2.59316,0.0853573,60.0
1744878899421250.0,-3460.57,-2068.1,1.2761,2.50781,2.46956,-0.0382497,60.0
1744878899442095.0,-3460.57,-2068.1,1.2761,2.50781,2.49438,-0.0134257,60.0
1744878899462569.0,-3463.11,-2066.05,1.27682,2.46956,2.59729,0.12773,60.0
1744878899483447.0,-3463.11,-2066.05,1.27682,2.46956,2.55845,0.0888912,60.0
1744878899504132.0,-3465.65,-2064.69,1.27776,2.59729,2.49933,-0.0979548,60.0
1744878899524778.0,-3465.65,-2064.69,1.27776,2.59729,2.44553,-0.151755,60.0
1744878899545355.0,-3467.77,-2062.64,1.27826,2.49933,2.49377,-0.00555802,60.0
1744878899566062.0,-3467.77,-2062.64,1.27826,2.49933,2.46395,-0.0353834,60.0
1744878899586775.0,-3467.77,-2062.64,1.27826,2.49933,2.49995,0.000619354,60.0
1744878899607490.0,-3470.31,-2061.28,1.2792,2.46395,2.4298,-0.0341473,60.0
1744878899628555.0,-3470.31,-2061.28,1.2792,2.46395,2.55013,0.0861769,60.0
1744878899649280.0,-3472.86,-2059.23,1.27993,2.4298,2.53158,0.101779,60.0
1744878899669881.0,-3472.86,-2059.23,1.27993,2.4298,2.32521,-0.104588,60.0
1744878899690514.0,-3472.86,-2059.23,1.27993,2.4298,2.5579,0.128101,60.0
1744878899711137.0,-3475.4,-2057.86,1.28088,2.32521,2.3342,0.00898804,60.0
1744878899731945.0,-3475.4,-2057.86,1.28088,2.32521,2.46213,0.136912,60.0
1744878899752894.0,-3477.51,-2055.81,1.28137,2.3342,2.47303,0.138826,60.0
1744878899773218.0,-3477.51,-2055.81,1.28137,2.3342,2.41609,0.0818846,60.0
1744878899793993.0,-3477.51,-2055.81,1.28137,2.3342,2.41411,0.0799037,60.0
1744878899815084.0,-3480.06,-2053.76,1.28211,2.41609,2.54494,0.128851,60.0
1744878899835829.0,-3480.06,-2053.76,1.28211,2.41609,2.42709,0.0110011,60.0
1744878899856386.0,-3482.17,-2052.4,1.28283,2.54494,2.58825,0.0433165,60.0
1744878899877250.0,-3482.17,-2052.4,1.28283,2.54494,2.66143,0.116494,60.0
1744878899898013.0,-3482.17,-2052.4,1.28283,2.54494,2.48413,-0.0608056,60.0
1744878899918737.0,-3484.72,-2050.35,1.28356,2.66143,2.54806,-0.113369,60.0
1744878899939465.0,-3484.72,-2050.35,1.28356,2.66143,2.65779,-0.00363642,60.0
1744878899960192.0,-3487.26,-2048.3,1.2843,2.54806,2.48298,-0.0650778,60.0
1744878899981316.0,-3487.26,-2048.3,1.2843,2.54806,2.47118,-0.0768838,60.0
1744878900002218.0,-3489.37,-2046.94,1.28502,2.48298,2.57309,0.090107,60.0
1744878900023021.0,-3489.37,-2046.94,1.28502,2.48298,2.40673,-0.0762493,60.0
1744878900043985.0,-3489.37,-2046.94,1.28502,2.48298,2.41358,-0.0694066,60.0
1744878900064669.0,-3491.92,-2044.89,1.28576,2.40673,2.55979,0.153053,60.0
1744878900085181.0,-3491.92,-2044.89,1.28576,2.40673,2.40019,-0.00654484,60.0
1744878900105694.0,-3494.46,-2042.84,1.2865,2.55979,2.53888,-0.0209091,60.0
1744878900126560.0,-3494.46,-2042.84,1.2865,2.55979,2.6092,0.0494123,60.0
1744878900147325.0,-3494.46,-2042.84,1.2865,2.55979,2.56171,0.00192013,60.0
1744878900168036.0,-3496.58,-2041.47,1.28723,2.6092,2.64014,0.0309393,60.0
1744878900189033.0,-3496.58,-2041.47,1.28723,2.6092,2.50799,-0.101213,60.0
1744878900209573.0,-3499.12,-2039.43,1.28797,2.64014,2.50278,-0.137359,60.0
1744878900230304.0,-3499.12,-2039.43,1.28797,2.64014,2.48762,-0.152523,60.0
1744878900251023.0,-3499.12,-2039.43,1.28797,2.64014,2.65473,0.0145961,60.0
1744878900271690.0,-3501.66,-2038.06,1.28893,2.48762,2.60922,0.121607,60.0
1744878900292462.0,-3501.66,-2038.06,1.28893,2.48762,2.64676,0.159141,60.0
1744878900313144.0,-3504.2,-2036.01,1.28968,2.60922,2.4526,-0.156621,60.0
1744878900333834.0,-3504.2,-2036.01,1.28968,2.60922,2.44494,-0.164287,60.0
1744878900354578.0,-3504.2,-2036.01,1.28968,2.60922,2.47256,-0.136664,60.0
1744878900375334.0,-3506.32,-2033.96,1.29019,2.44494,2.44192,-0.00301458,60.0
1744878900395969.0,-3506.32,-2033.96,1.29019,2.44494,2.59729,0.152354,60.0
1744878900416671.0,-3508.86,-2032.6,1.29116,2.44192,2.58368,0.141755,60.0
1744878900437569.0,-3508.86,-2032.6,1.29116,2.44192,2.41443,-0.0274922,60.0
1744878900458328.0,-3511.4,-2030.55,1.29191,2.58368,2.6194,0.0357242,60.0
1744878900478991.0,-3511.4,-2030.55,1.29191,2.58368,2.52906,-0.0546153,60.0
1744878900500430.0,-3511.4,-2030.55,1.29191,2.58368,2.63219,0.0485136,60.0
1744878900521201.0,-3513.52,-2029.18,1.29265,2.52906,2.47325,-0.0558147,60.0
1744878900542085.0,-3513.52,-2029.18,1.29265,2.52906,2.53963,0.010569,60.0
1744878900562741.0,-3516.06,-2027.14,1.2934,2.47325,2.58227,0.109021,60.0
1744878900583578.0,-3516.06,-2027.14,1.2934,2.47325,2.39007,-0.0831795,60.0
1744878900604143.0,-3516.06,-2027.14,1.2934,2.47325,2.42729,-0.0459589,60.0
1744878900624944.0,-3518.6,-2025.09,1.29416,2.39007,2.38751,-0.00255528,60.0
1744878900645738.0,-3518.6,-2025.09,1.29416,2.39007,2.31776,-0.0723096,60.0
1744878900666452.0,-3521.14,-2023.72,1.29513,2.38751,2.46078,0.073269,60.0
1744878900686986.0,-3521.14,-2023.72,1.29513,2.38751,2.30819,-0.0793197,60.0
1744878900707836.0,-3521.14,-2023.72,1.29513,2.38751,2.41007,0.022557,60.0
1744878900728446.0,-3523.26,-2021.67,1.29565,2.30819,2.24338,-0.064811,60.0
1744878900749273.0,-3523.26,-2021.67,1.29565,2.30819,2.36121,0.0530167,60.0
1744878900770155.0,-3525.8,-2019.63,1.29641,2.24338,2.29876,0.0553807,60.0
1744878900790668.0,-3525.8,-2019.63,1.29641,2.24338,2.40233,0.158954,60.0
1744878900811418.0,-3525.8,-2019.63,1.29641,2.24338,2.31716,0.0737779,60.0
1744878900832444.0,-3527.92,-2018.26,1.29716,2.40233,2.53472,0.132389,60.0
1744878900853017.0,-3527.92,-2018.26,1.29716,2.40233,2.43598,0.0336501,60.0
1744878900873869.0,-3530.46,-2016.21,1.29792,2.53472,2.48506,-0.0496675,60.0
1744878900894490.0,-3530.46,-2016.21,1.29792,2.53472,2.40818,-0.126541,60.0
1744878900915000.0,-3533.0,-2014.16,1.29869,2.48506,2.51246,0.0274015,60.0
1744878900935700.0,-3533.0,-2014.16,1.29869,2.48506,2.60889,0.123832,60.0
1744878900956451.0,-3533.0,-2014.16,1.29869,2.48506,2.50519,0.0201362,60.0
1744878900977087.0,-3535.12,-2012.8,1.29943,2.60889,2.5016,-0.107289,60.0
1744878900998035.0,-3535.12,-2012.8,1.29943,2.60889,2.54944,-0.0594441,60.0
1744878901018641.0,-3537.66,-2010.75,1.3002,2.5016,2.65054,0.148938,60.0
1744878901039457.0,-3537.66,-2010.75,1.3002,2.5016,2.59443,0.0928305,60.0
1744878901060305.0,-3537.66,-2010.75,1.3002,2.5016,2.59147,0.0898737,60.0
1744878901081020.0,-3539.78,-2008.7,1.30073,2.59443,2.53836,-0.0560684,60.0
1744878901101839.0,-3539.78,-2008.7,1.30073,2.59443,2.5591,-0.0353325,60.0
1744878901122768.0,-3542.32,-2007.34,1.30172,2.53836,2.51229,-0.0260713,60.0
1744878901143347.0,-3542.32,-2007.34,1.30172,2.53836,2.50004,-0.0383219,60.0
1744878901164584.0,-3542.32,-2007.34,1.30172,2.53836,2.49358,-0.0447825,60.0
1744878901185416.0,-3544.86,-2005.29,1.30249,2.50004,2.36764,-0.132396,60.0
1744878901205989.0,-3544.86,-2005.29,1.30249,2.50004,2.42463,-0.0754069,60.0
1744878901226661.0,-3546.98,-2003.24,1.30303,2.36764,2.38652,0.0188792,60.0
1744878901247391.0,-3546.98,-2003.24,1.30303,2.36764,2.47286,0.105212,60.0
1744878901268141.0,-3546.98,-2003.24,1.30303,2.36764,2.41166,0.044011,60.0
1744878901288898.0,-3549.52,-2001.87,1.30402,2.47286,2.51737,0.0445149,60.0
1744878901309685.0,-3549.52,-2001.87,1.30402,2.47286,2.58348,0.110624,60.0
1744878901330554.0,-3552.06,-1999.82,1.3048,2.51737,2.62864,0.111264,60.0
1744878901351276.0,-3552.06,-1999.82,1.3048,2.51737,2.59389,0.076515,60.0
1744878901371949.0,-3554.18,-1997.78,1.30534,2.62864,2.65131,0.0226744,60.0
1744878901392629.0,-3554.18,-1997.78,1.30534,2.62864,2.56428,-0.0643569,60.0
1744878901413418.0,-3554.18,-1997.78,1.30534,2.62864,2.51365,-0.114988,60.0
1744878901434178.0,-3556.72,-1996.41,1.30633,2.56428,2.52603,-0.0382487,60.0
1744878901454985.0,-3556.72,-1996.41,1.30633,2.56428,2.66975,0.105473,60.0
1744878901475647.0,-3559.26,-1994.36,1.30711,2.52603,2.46669,-0.0593378,60.0
1744878901496897.0,-3559.26,-1994.36,1.30711,2.52603,2.45626,-0.0697665,60.0
1744878901517552.0,-3559.26,-1994.36,1.30711,2.52603,2.52399,-0.00203906,60.0
1744878901538138.0,-3561.38,-1992.31,1.30766,2.45626,2.47457,0.0183028,60.0
1744878901559020.0,-3561.38,-1992.31,1.30766,2.45626,2.39163,-0.0646334,60.0
1744878901579488.0,-3563.92,-1990.95,1.30866,2.47457,2.56289,0.0883222,60.0
1744878901600238.0,-3563.92,-1990.95,1.30866,2.47457,2.43004,-0.0445243,60.0
1744878901621048.0,-3563.92,-1990.95,1.30866,2.47457,2.51397,0.0394033,60.0
1744878901642018.0,-3566.46,-1988.9,1.30944,2.43004,2.41074,-0.0193037,60.0
1744878901662553.0,-3566.46,-1988.9,1.30944,2.43004,2.52574,0.0957001,60.0
1744878901683274.0,-3568.58,-1987.53,1.31021,2.41074,2.3835,-0.0272422,60.0
1744878901704132.0,-3568.58,-1987.53,1.31021,2.41074,2.39765,-0.0130859,60.0
1744878901724874.0,-3568.58,-1987.53,1.31021,2.41074,2.56904,0.158305,60.0
1744878901745793.0,-3571.12,-1985.49,1.311,2.39765,2.49228,0.0946297,60.0
1744878901766413.0,-3571.12,-1985.49,1.311,2.39765,2.43129,0.0336329,60.0
1744878901787124.0,-3573.67,-1983.44,1.31179,2.49228,2.47862,-0.013667,60.0
1744878901807824.0,-3573.67,-1983.44,1.31179,2.49228,2.4138,-0.0784815,60.0
1744878901828574.0,-3575.78,-1982.07,1.31255,2.47862,2.59589,0.117273,60.0
1744878901849250.0,-3575.78,-1982.07,1.31255,2.47862,2.50068,0.0220654,60.0
1744878901870910.0,-3575.78,-1982.07,1.31255,2.47862,2.54267,0.0640595,60.0
1744878901891625.0,-3578.32,-1980.02,1.31335,2.50068,2.58554,0.0848553,60.0
1744878901912527.0,-3578.32,-1980.02,1.31335,2.50068,2.46084,-0.0398417,60.0
1744878901933255.0,-3580.44,-1977.98,1.3139,2.58554,2.59979,0.0142495,60.0
1744878901954000.0,-3580.44,-1977.98,1.3139,2.58554,2.46946,-0.116072,60.0
1744878901974934.0,-3580.44,-1977.98,1.3139,2.58554,2.42149,-0.164048,60.0
1744878901995935.0,-3582.98,-1976.61,1.31491,2.46946,2.49057,0.0211053,60.0
1744878902017140.0,-3582.98,-1976.61,1.31491,2.46946,2.61766,0.148201,60.0
1744878902037942.0,-3585.53,-1974.56,1.31571,2.49057,2.55191,0.0613365,60.0
1744878902058761.0,-3585.53,-1974.56,1.31571,2.49057,2.53003,0.0394602,60.0
1744878902080491.0,-3587.64,-1972.51,1.31627,2.53003,2.45682,-0.0732122,60.0
1744878902101371.0,-3587.64,-1972.51,1.31627,2.53003,2.49823,-0.0317945,60.0
1744878902122235.0,-3587.64,-1972.51,1.31627,2.53003,2.60157,0.0715435,60.0
1744878902143031.0,-3590.18,-1971.15,1.31729,2.49823,2.58377,0.0855348,60.0
1744878902163801.0,-3590.18,-1971.15,1.31729,2.49823,2.50346,0.00522548,60.0
1744878902184573.0,-3592.73,-1969.1,1.31809,2.58377,2.46123,-0.122536,60.0
1744878902205368.0,-3592.73,-1969.1,1.31809,2.58377,2.45671,-0.127058,60.0
1744878902226099.0,-3592.73,-1969.1,1.31809,2.58377,2.55756,-0.0262122,60.0
1744878902246910.0,-3594.84,-1967.05,1.31865,2.45671,2.47301,0.0162936,60.0
1744878902267707.0,-3594.84,-1967.05,1.31865,2.45671,2.478,0.0212856,60.0
1744878902288562.0,-3597.39,-1965.69,1.31967,2.47301,2.35005,-0.122951,60.0
1744878902310583.0,-3597.39,-1965.69,1.31967,2.47301,2.58582,0.112818,60.0
1744878902331212.0,-3597.39,-1965.69,1.31967,2.47301,2.48622,0.0132166,60.0
1744878902352120.0,-3599.93,-1963.64,1.32048,2.58582,2.45279,-0.133035,60.0
1744878902372983.0,-3599.93,-1963.64,1.32048,2.58582,2.54461,-0.0412115,60.0
1744878902393840.0,-3602.04,-1961.59,1.32105,2.45279,2.37682,-0.075968,60.0
1744878902414615.0,-3602.04,-1961.59,1.32105,2.45279,2.36407,-0.0887221,60.0
1744878902435371.0,-3602.04,-1961.59,1.32105,2.45279,2.53273,0.0799437,60.0
1744878902456232.0,-3604.59,-1960.22,1.32207,2.36407,2.43456,0.0704887,60.0
1744878902477047.0,-3604.59,-1960.22,1.32207,2.36407,2.5115,0.147434,60.0
1744878902498075.0,-3607.13,-1958.17,1.32288,2.43456,2.39955,-0.0350013,60.0
1744878902518871.0,-3607.13,-1958.17,1.32288,2.43456,2.43612,0.00156873,60.0
1744878902539649.0,-3607.13,-1958.17,1.32288,2.43456,2.55055,0.115993,60.0
1744878902560493.0,-3609.25,-1956.13,1.32346,2.43612,2.57015,0.134021,60.0
1744878902581339.0,-3609.25,-1956.13,1.32346,2.43612,2.49397,0.0578465,60.0
1744878902602269.0,-3611.79,-1954.76,1.32448,2.57015,2.49011,-0.080034,60.0
1744878902623200.0,-3611.79,-1954.76,1.32448,2.57015,2.49299,-0.077154,60.0
1744878902648118.0,-3613.9,-1952.71,1.32506,2.49011,2.50417,0.0140575,60.0
1744878902669123.0,-3613.9,-1952.71,1.32506,2.49011,2.44559,-0.0445243,60.0
1744878902690055.0,-3613.9,-1952.71,1.32506,2.49011,2.46635,-0.0237605,60.0
1744878902711048.0,-3616.45,-1950.66,1.32587,2.44559,2.44882,0.00323001,60.0
1744878902732075.0,-3616.45,-1950.66,1.32587,2.44559,2.47839,0.0328026,60.0
1744878902753005.0,-3618.99,-1949.3,1.3269,2.44882,2.54623,0.0974084,60.0
1744878902773989.0,-3618.99,-1949.3,1.3269,2.44882,2.57602,0.127202,60.0
1744878902795644.0,-3621.11,-1947.25,1.32748,2.54623,2.45204,-0.0941887,60.0
1744878902821346.0,-3621.11,-1947.25,1.32748,2.54623,2.48093,-0.0652995,60.0
1744878902843190.0,-3621.11,-1947.25,1.32748,2.54623,2.55991,0.0136816,60.0
1744878902865034.0,-3623.65,-1945.2,1.32831,2.48093,2.57719,0.0962626,60.0
1744878902887075.0,-3623.65,-1945.2,1.32831,2.48093,2.53855,0.0576206,60.0
1744878902910101.0,-3625.76,-1943.84,1.3291,2.57719,2.4905,-0.086689,60.0
1744878902935796.0,-3625.76,-1943.84,1.3291,2.57719,2.60659,0.0294027,60.0
1744878902962519.0,-3628.31,-1941.79,1.32992,2.4905,2.61096,0.120458,60.0
1744878902986619.0,-3628.31,-1941.79,1.32992,2.4905,2.56067,0.0701664,60.0
1744878903009933.0,-3630.85,-1939.74,1.33075,2.61096,2.6115,0.000540064,60.0
1744878903034060.0,-3630.85,-1939.74,1.33075,2.61096,2.46349,-0.147473,60.0
1744878903059511.0,-3632.97,-1938.37,1.33155,2.6115,2.51205,-0.099448,60.0
1744878903114950.0,-3635.51,-1936.32,1.33238,2.46348,2.39866,-0.0648293,60.0
1744878903138381.0,-3635.51,-1936.32,1.33238,2.46348,2.41136,-0.0521291,60.0
1744878903161236.0,-3635.51,-1936.32,1.33238,2.46348,2.35455,-0.108931,60.0
1744878903202276.0,-3638.05,-1934.28,1.33321,2.41136,2.31596,-0.095391,60.0
1744878903230298.0,-3640.17,-1932.91,1.33401,2.35455,2.49268,0.138122,60.0
1744878903257611.0,-3640.17,-1932.91,1.33401,2.35455,2.43014,0.0755837,60.0
1744878903283095.0,-3642.71,-1930.86,1.33484,2.49268,2.55184,0.0591625,60.0
1744878903311584.0,-3642.71,-1930.86,1.33484,2.49268,2.43471,-0.0579644,60.0
1744878903339552.0,-3645.25,-1928.81,1.33568,2.55184,2.61251,0.060672,60.0
1744878903369017.0,-3647.37,-1927.45,1.33648,2.43471,2.51207,0.0773615,60.0
1744878903396746.0,-3647.37,-1927.45,1.33648,2.43471,2.48003,0.0453169,60.0
1744878903442902.0,-3649.91,-1925.4,1.33732,2.51207,2.36501,-0.147066,60.0
1744878903481848.0,-3652.45,-1923.35,1.33817,2.48003,2.47578,-0.00424489,60.0
1744878903545775.0,-3654.57,-1921.99,1.33897,2.36501,2.43209,0.0670841,60.0
1744878903599697.0,-3657.11,-1919.94,1.33982,2.47578,2.59773,0.121942,60.0
1744878903665373.0,-3659.23,-1917.89,1.34042,2.43209,2.49348,0.0613884,60.0
1744878903722277.0,-3659.23,-1917.89,1.34042,2.43209,2.58176,0.149665,60.0
1744878903788645.0,-3664.31,-1914.47,1.34232,2.49348,2.47782,-0.0156569,60.0
1744878903843982.0,-3666.43,-1912.43,1.34293,2.58176,2.46285,-0.11891,60.0
1744878903892352.0,-3666.43,-1912.43,1.34293,2.58176,2.54507,-0.0366848,60.0
1744878903948519.0,-3671.09,-1909.01,1.34459,2.46285,2.59703,0.134184,60.0
1744878904000909.0,-3673.63,-1906.96,1.34545,2.59703,2.44646,-0.150569,60.0
1744878904055266.0,-3676.17,-1905.6,1.34651,2.59703,2.65297,0.0559364,60.0
1744878904120871.0,-3678.29,-1903.55,1.34712,2.44646,2.55393,0.107472,60.0
1744878904183847.0,-3680.83,-1901.5,1.34798,2.65297,2.63942,-0.0135469,60.0
1744878904239036.0,-3683.37,-1900.14,1.34905,2.55393,2.41804,-0.135893,60.0
1744878904311912.0,-3685.49,-1898.09,1.34967,2.63942,2.54807,-0.0913524,60.0
1744878904364529.0,-3688.03,-1896.72,1.35073,2.41804,2.45855,0.0405125,60.0
1744878904415586.0,-3690.57,-1894.67,1.3516,2.54807,2.49169,-0.0563801,60.0
1744878904479075.0,-3693.11,-1892.62,1.35247,2.45855,2.4435,-0.0150551,60.0
1744878904541326.0,-3695.23,-1891.26,1.35329,2.49169,2.46552,-0.0261672,60.0
1744878904600110.0,-3697.77,-1889.21,1.35416,2.4435,2.44947,0.00597197,60.0
1744878904668652.0,-3700.31,-1887.84,1.35524,2.46552,2.50429,0.0387671,60.0
1744878904717858.0,-3700.31,-1887.84,1.35524,2.46552,2.5472,0.081676,60.0
1744878904770807.0,-3704.97,-1883.75,1.35674,2.50429,2.4365,-0.0677907,60.0
1744878904825466.0,-3707.51,-1882.38,1.35782,2.5472,2.52303,-0.0241711,60.0
1744878904877832.0,-3709.63,-1880.33,1.35845,2.4365,2.41843,-0.0180648,60.0
1744878904938993.0,-3712.17,-1878.29,1.35933,2.52303,2.54513,0.0221014,60.0
1744878904998794.0,-3714.71,-1876.92,1.36041,2.41843,2.5211,0.102663,60.0
1744878905067471.0,-3716.83,-1874.87,1.36105,2.54513,2.44379,-0.101339,60.0
1744878905122321.0,-3719.37,-1872.82,1.36193,2.5211,2.63064,0.109544,60.0
1744878905180764.0,-3721.91,-1871.46,1.36302,2.44379,2.55486,0.111068,60.0
1744878905245856.0,-3721.91,-1871.46,1.36302,2.44379,2.52519,0.0814001,60.0
1744878905323996.0,-3726.57,-1868.04,1.36475,2.55486,2.58175,0.0268913,60.0
1744878905372091.0,-3726.57,-1868.04,1.36475,2.55486,2.56975,0.0148964,60.0
1744878905426620.0,-3731.23,-1863.95,1.36628,2.56975,2.50987,-0.0598792,60.0
1744878905481846.0,-3733.77,-1862.58,1.36738,2.56975,2.41647,-0.153284,60.0
1744878905549950.0,-3736.32,-1860.53,1.36827,2.50987,2.56912,0.0592437,60.0
1744878905601822.0,-3738.86,-1859.17,1.36937,2.41647,2.42616,0.00969382,60.0
1744878905653463.0,-3740.97,-1857.12,1.37002,2.56912,2.63015,0.0610345,60.0
1744878905721132.0,-3743.52,-1855.07,1.37092,2.42616,2.44604,0.0198802,60.0
1744878905776703.0,-3746.06,-1853.7,1.37202,2.63015,2.61201,-0.0181426,60.0
1744878905835559.0,-3748.6,-1851.66,1.37292,2.44604,2.4991,0.0530612,60.0
1744878905893653.0,-3750.72,-1850.29,1.37377,2.61201,2.6119,-0.000107882,60.0
1744878905972073.0,-3753.26,-1848.24,1.37468,2.4991,2.52301,0.0239067,60.0
1744878906030323.0,-3755.8,-1846.88,1.37578,2.6119,2.51565,-0.0962474,60.0
1744878906069537.0,-3755.8,-1846.88,1.37578,2.6119,2.49282,-0.119086,60.0
1744878906092958.0,-3757.92,-1844.83,1.37644,2.51565,2.57692,0.0612693,60.0
1744878906113935.0,-3757.92,-1844.83,1.37644,2.51565,2.49453,-0.0211278,60.0
1744878906135225.0,-3760.46,-1842.78,1.37735,2.57692,2.56303,-0.013893,60.0
1744878906156246.0,-3760.46,-1842.78,1.37735,2.57692,2.51513,-0.0617911,60.0
1744878906179908.0,-3760.46,-1842.78,1.37735,2.57692,2.50543,-0.0714896,60.0
1744878906203124.0,-3763.0,-1841.41,1.37846,2.51513,2.43352,-0.0816087,60.0
1744878906224795.0,-3763.0,-1841.41,1.37846,2.51513,2.58939,0.0742539,60.0
1744878906248524.0,-3765.54,-1839.36,1.37938,2.43352,2.39952,-0.0340013,60.0
1744878906269789.0,-3765.54,-1839.36,1.37938,2.43352,2.51611,0.0825871,60.0
1744878906296898.0,-3767.66,-1838.0,1.38024,2.39952,2.34659,-0.0529336,60.0
1744878906320441.0,-3767.66,-1838.0,1.38024,2.39952,2.5563,0.156776,60.0
1744878906341707.0,-3770.2,-1835.95,1.38115,2.34659,2.50485,0.15826,60.0
1744878906365648.0,-3770.2,-1835.95,1.38115,2.34659,2.36001,0.0134242,60.0
1744878906396467.0,-3772.74,-1833.9,1.38207,2.50485,2.5452,0.0403465,60.0
1744878906421835.0,-3772.74,-1833.9,1.38207,2.50485,2.62092,0.116071,60.0
1744878906455451.0,-3775.28,-1832.54,1.38319,2.5452,2.54443,-0.000765095,60.0
1744878906478860.0,-3775.28,-1832.54,1.38319,2.5452,2.43268,-0.112518,60.0
1744878906502389.0,-3777.4,-1830.49,1.38386,2.54443,2.48867,-0.0557623,60.0
1744878906527506.0,-3777.4,-1830.49,1.38386,2.54443,2.58386,0.0394333,60.0
1744878906553632.0,-3779.94,-1829.12,1.38498,2.48867,2.46143,-0.0272407,60.0
1744878906578323.0,-3779.94,-1829.12,1.38498,2.48867,2.53661,0.0479429,60.0
1744878906607780.0,-3782.48,-1827.07,1.3859,2.46143,2.42882,-0.0326049,60.0
1744878906633149.0,-3782.48,-1827.07,1.3859,2.46143,2.50136,0.0399349,60.0
1744878906667207.0,-3784.6,-1825.03,1.38658,2.42882,2.55635,0.127529,60.0
1744878906699429.0,-3787.14,-1823.66,1.3877,2.50136,2.59284,0.0914787,60.0
1744878906728054.0,-3787.14,-1823.66,1.3877,2.50136,2.39761,-0.103753,60.0
1744878906773630.0,-3789.68,-1821.61,1.38863,2.59284,2.50664,-0.0861979,60.0
1744878906799267.0,-3791.8,-1820.25,1.3895,2.39761,2.44538,0.0477673,60.0
1744878906838763.0,-3791.8,-1820.25,1.3895,2.39761,2.25935,-0.138255,60.0
1744878906886253.0,-3794.34,-1818.2,1.39043,2.44538,2.48638,0.0410087,60.0
1744878906942987.0,-3796.88,-1816.15,1.39137,2.25935,2.37249,0.113134,60.0
1744878907003729.0,-3801.54,-1812.73,1.39318,2.37249,2.46609,0.0936026,60.0
1744878907064479.0,-3804.09,-1810.69,1.39412,2.46609,2.5728,0.106712,60.0
1744878907115016.0,-3804.09,-1810.69,1.39412,2.46609,2.33191,-0.134181,60.0
1744878907144320.0,-3806.2,-1809.32,1.395,2.5728,2.48135,-0.0914566,60.0
1744878907192632.0,-3808.74,-1807.27,1.39594,2.33191,2.46909,0.137181,60.0
1744878907239460.0,-3808.74,-1807.27,1.39594,2.33191,2.42049,0.0885768,60.0
1744878907291519.0,-3810.86,-1805.22,1.39663,2.46909,2.47337,0.00428457,60.0
1744878907361527.0,-3813.4,-1803.17,1.39757,2.42049,2.5125,0.0920164,60.0
1744878907421245.0,-3818.06,-1799.76,1.3994,2.47337,2.39392,-0.079459,60.0
1744878907475854.0,-3820.6,-1797.71,1.40035,2.5125,2.3703,-0.142207,60.0
1744878907545263.0,-3822.72,-1796.35,1.40124,2.39392,2.26089,-0.133029,60.0
1744878907595748.0,-3822.72,-1796.35,1.40124,2.39392,2.47431,0.0803948,60.0
1744878907652273.0,-3827.38,-1792.25,1.40289,2.47431,2.61171,0.137401,60.0
1744878907709122.0,-3829.92,-1790.2,1.40385,2.47431,2.58826,0.113947,60.0
1744878907770018.0,-3832.04,-1788.84,1.40474,2.58826,2.49022,-0.0980395,60.0
1744878907831228.0,-3832.04,-1788.84,1.40474,2.58826,2.48791,-0.100345,60.0
1744878907900519.0,-3836.7,-1784.74,1.4064,2.49022,2.53487,0.0446486,60.0
1744878907951539.0,-3836.7,-1784.74,1.4064,2.49022,2.56149,0.0712766,60.0
1744878907981934.0,-3839.24,-1782.69,1.40737,2.53487,2.37919,-0.155679,60.0
1744878908066843.0,-3843.9,-1779.28,1.40923,2.56149,2.49769,-0.0638006,60.0
1744878908127614.0,-3846.44,-1777.23,1.41019,2.37919,2.40651,0.0273262,60.0
1744878908180689.0,-3846.44,-1777.23,1.41019,2.37919,2.39175,0.0125582,60.0
1744878908250802.0,-3851.1,-1773.81,1.41206,2.40651,2.47069,0.0641799,60.0
1744878908322860.0,-3853.22,-1771.76,1.41278,2.39175,2.47912,0.0873789,60.0
1744878908380603.0,-3855.76,-1769.72,1.41375,2.47069,2.55177,0.0810783,60.0
1744878908451246.0,-3858.3,-1768.35,1.41491,2.47912,2.45254,-0.0265888,60.0
1744878908511005.0,-3860.42,-1766.3,1.41563,2.55177,2.63915,0.0873747,60.0
1744878908559716.0,-3860.42,-1766.3,1.41563,2.55177,2.57124,0.0194653,60.0
1744878908618725.0,-3862.96,-1764.25,1.41661,2.63915,2.50776,-0.131391,60.0
1744878908693477.0,-3867.62,-1760.84,1.4185,2.57124,2.67243,0.101192,60.0
1744878908759382.0,-3869.74,-1758.79,1.41922,2.50776,2.40063,-0.107124,60.0
1744878908819269.0,-3872.28,-1757.42,1.42039,2.67243,2.54968,-0.122754,60.0
1744878908882471.0,-3874.82,-1755.38,1.42138,2.40063,2.41766,0.0170234,60.0
1744878908938192.0,-3876.94,-1753.33,1.4221,2.54968,2.63785,0.0881779,60.0
1744878908992958.0,-3876.94,-1753.33,1.4221,2.54968,2.61272,0.0630441,60.0
1744878909058379.0,-3882.02,-1749.91,1.42427,2.63785,2.58502,-0.0528386,60.0
1744878909119843.0,-3884.56,-1747.86,1.42526,2.58502,2.53766,-0.0473547,60.0
1744878909180584.0,-3886.68,-1746.5,1.42618,2.58502,2.44499,-0.140022,60.0
1744878909254209.0,-3889.22,-1744.45,1.42717,2.53766,2.62705,0.0893887,60.0
1744878909314567.0,-3891.76,-1743.08,1.42835,2.44499,2.35679,-0.0881987,60.0
1744878909377507.0,-3894.3,-1741.04,1.42935,2.62705,2.72059,0.0935411,60.0
1744878909424434.0,-3894.3,-1741.04,1.42935,2.62705,2.59534,-0.0317068,60.0
1744878909497498.0,-3898.96,-1737.62,1.43128,2.72059,2.67721,-0.0433809,60.0
1744878909542214.0,-3898.96,-1737.62,1.43128,2.72059,2.60997,-0.110617,60.0
1744878909606503.0,-3904.05,-1734.21,1.43347,2.67721,2.53584,-0.141365,60.0
1744878909633789.0,-3904.05,-1734.21,1.43347,2.67721,2.61555,-0.0616559,60.0
1744878909661706.0,-3906.59,-1732.84,1.43466,2.53584,2.51577,-0.0200771,60.0
1744878909714914.0,-3909.13,-1730.79,1.43566,2.61555,2.64028,0.0247223,60.0
1744878909778898.0,-3911.67,-1729.43,1.43685,2.51577,2.60109,0.0853193,60.0
1744878909830497.0,-3911.67,-1729.43,1.43685,2.51577,2.45334,-0.0624253,60.0
1744878909898908.0,-3916.33,-1726.01,1.4388,2.60109,2.5814,-0.0196847,60.0
1744878909963512.0,-3918.87,-1724.65,1.43999,2.45334,2.3493,-0.104041,60.0
1744878910015515.0,-3921.41,-1722.6,1.44101,2.5814,2.45386,-0.127542,60.0
1744878910044623.0,-3921.41,-1722.6,1.44101,2.5814,2.42268,-0.158724,60.0
1744878910148853.0,-3926.49,-1719.19,1.44322,2.45386,2.39179,-0.0620706,60.0
1744878910200489.0,-3929.04,-1717.82,1.44442,2.42268,2.38386,-0.0388185,60.0
1744878910249437.0,-3929.04,-1717.82,1.44442,2.42268,2.44642,0.0237456,60.0
1744878910323178.0,-3933.69,-1714.41,1.44639,2.38386,2.36627,-0.0175866,60.0
1744878910384260.0,-3936.24,-1712.36,1.44741,2.44642,2.39843,-0.0479981,60.0
1744878910443267.0,-3938.78,-1710.99,1.44862,2.36627,2.36258,-0.00369442,60.0
1744878910503425.0,-3940.9,-1708.94,1.44938,2.39843,2.34553,-0.0528962,60.0
1744878910556571.0,-3940.9,-1708.94,1.44938,2.39843,2.37636,-0.0220682,60.0
1744878910584991.0,-3943.44,-1706.89,1.45041,2.34553,2.46784,0.122316,60.0
1744878910633030.0,-3945.98,-1705.53,1.45162,2.37636,2.44757,0.0712164,60.0
1744878910687527.0,-3948.1,-1703.48,1.45239,2.46784,2.51602,0.048174,60.0
1744878910749415.0,-3950.64,-1701.43,1.45342,2.44757,2.30954,-0.138028,60.0
1744878910804224.0,-3953.18,-1700.07,1.45463,2.51602,2.47083,-0.0451882,60.0
1744878910851439.0,-3953.18,-1700.07,1.45463,2.51602,2.53341,0.0173877,60.0
1744878910919059.0,-3957.84,-1695.97,1.45644,2.47083,2.44719,-0.0236391,60.0
1744878910979402.0,-3957.84,-1695.97,1.45644,2.47083,2.52062,0.0497846,60.0
1744878911054368.0,-3962.5,-1692.55,1.45844,2.44719,2.38787,-0.0593195,60.0
1744878911108038.0,-3965.04,-1690.51,1.45948,2.52062,2.55702,0.0364094,60.0
1744878911170234.0,-3967.16,-1689.14,1.46044,2.38787,2.42863,0.0407571,60.0
1744878911216802.0,-3967.16,-1689.14,1.46044,2.38787,2.45685,0.0689776,60.0
1744878911280697.0,-3972.24,-1685.04,1.46253,2.45685,2.60088,0.144031,60.0
1744878911309040.0,-3972.24,-1685.04,1.46253,2.45685,2.56939,0.11254,60.0
1744878911337037.0,-3974.36,-1682.99,1.46331,2.60088,2.57658,-0.0243046,60.0
1744878911365473.0,-3974.36,-1682.99,1.46331,2.60088,2.46913,-0.131753,60.0
1744878911398549.0,-3976.9,-1681.63,1.46454,2.57658,2.64812,0.0715426,60.0
1744878911458549.0,-3979.02,-1679.58,1.46533,2.46913,2.50116,0.0320303,60.0
1744878911502516.0,-3979.02,-1679.58,1.46533,2.46913,2.50024,0.0311125,60.0
1744878911568899.0,-3981.56,-1677.53,1.46638,2.50116,2.34957,-0.151586,60.0
1744878911638647.0,-3986.22,-1674.12,1.4684,2.50024,2.59069,0.0904533,60.0
1744878911690235.0,-3988.76,-1672.07,0.469457,2.34957,2.51388,0.164313,60.0
1744878911749575.0,-3990.88,-1670.7,0.470428,2.59069,2.4615,-0.129198,60.0
1744878911805323.0,-3993.42,-1668.65,0.471487,2.51388,2.43555,-0.0783356,60.0
1744878911872840.0,-3995.96,-1666.61,0.472549,2.4615,2.32088,-0.14062,60.0
1744878911901558.0,-3995.96,-1666.61,0.472549,2.4615,2.46593,0.00443786,60.0
1744878911932719.0,-3998.08,-1665.24,0.473523,2.32088,2.3769,0.0560219,60.0
1744878911960787.0,-3998.08,-1665.24,0.473523,2.32088,2.47937,0.158497,60.0
1744878912015167.0,-4000.62,-1663.19,0.474587,2.3769,2.46451,0.0876091,60.0
1744878912054223.0,-4002.74,-1661.14,0.475387,2.47937,2.60937,0.130001,60.0
1744878912110038.0,-4005.28,-1659.78,0.476631,2.60937,2.50019,-0.109186,60.0
1744878912139154.0,-4005.28,-1659.78,0.476631,2.60937,2.58131,-0.0280637,60.0
1744878912190075.0,-4007.82,-1657.73,0.4777,2.50019,2.38545,-0.114737,60.0
1744878912237550.0,-4009.94,-1655.68,0.478504,2.58131,2.48308,-0.0982328,60.0
1744878912314260.0,-4012.48,-1654.31,0.479752,2.38545,2.43662,0.0511639,60.0
1744878912358824.0,-4012.48,-1654.31,0.479752,2.38545,2.34392,-0.0415302,60.0
1744878912428570.0,-4017.14,-1650.22,0.481634,2.34392,2.37148,0.0275566,60.0
1744878912482468.0,-4019.68,-1648.17,0.48271,2.37148,2.47242,0.100939,60.0
1744878912510944.0,-4019.68,-1648.17,0.48271,2.37148,2.49956,0.128079,60.0
1744878912537499.0,-4021.8,-1646.8,0.483697,2.47242,2.53252,0.0601084,60.0
1744878912558327.0,-4021.8,-1646.8,0.483697,2.47242,2.50677,0.0343568,60.0
1744878912594938.0,-4021.8,-1646.8,0.483697,2.47242,2.63601,0.163589,60.0
1744878912615230.0,-4024.34,-1644.75,0.484776,2.50677,2.50156,-0.00520966,60.0
1744878912641355.0,-4024.34,-1644.75,0.484776,2.50677,2.64746,0.140683,60.0
1744878912661924.0,-4026.46,-1642.71,0.485589,2.50156,2.54381,0.0422475,60.0
1744878912682778.0,-4026.46,-1642.71,0.485589,2.50156,2.53082,0.0292529,60.0
1744878912703778.0,-4029.0,-1640.66,0.486672,2.54381,2.45529,-0.0885223,60.0
1744878912724706.0,-4029.0,-1640.66,0.486672,2.54381,2.41934,-0.124468,60.0
1744878912745986.0,-4029.0,-1640.66,0.486672,2.54381,2.5337,-0.0101067,60.0
1744878912768948.0,-4031.11,-1639.29,0.487663,2.41934,2.36563,-0.0537125,60.0
1744878912789782.0,-4031.11,-1639.29,0.487663,2.41934,2.54292,0.123578,60.0
1744878912812380.0,-4033.66,-1637.24,0.488749,2.36563,2.3186,-0.0470328,60.0
1744878912852536.0,-4033.66,-1637.24,0.488749,2.36563,2.52559,0.159962,60.0
1744878912876345.0,-4035.77,-1635.19,0.489568,2.3186,2.31463,-0.00396766,60.0
1744878912919835.0,-4038.31,-1633.14,0.490657,2.52559,2.64904,0.123448,60.0
1744878912946867.0,-4038.31,-1633.14,0.490657,2.52559,2.45226,-0.0733332,60.0
1744878912986790.0,-4040.43,-1631.78,0.491652,2.64904,2.5939,-0.0551415,60.0
1744878913013716.0,-4040.43,-1631.78,0.491652,2.64904,2.54433,-0.104712,60.0
1744878913037272.0,-4042.97,-1629.73,0.492744,2.5939,2.48094,-0.112957,60.0
1744878913073614.0,-4045.52,-1627.68,0.493838,2.48094,2.42674,-0.0542024,60.0
1744878913097196.0,-4045.52,-1627.68,0.493838,2.48094,2.60816,0.127217,60.0
1744878913119208.0,-4045.52,-1627.68,0.493838,2.48094,2.52058,0.0396369,60.0
1744878913141204.0,-4047.63,-1626.32,0.494837,2.60816,2.67051,0.0623471,60.0
1744878913164082.0,-4047.63,-1626.32,0.494837,2.60816,2.4654,-0.142756,60.0
1744878913188045.0,-4050.17,-1624.27,0.495934,2.67051,2.62938,-0.041123,60.0
1744878913217182.0,-4050.17,-1624.27,0.495934,2.67051,2.69007,0.0195622,60.0
1744878913241488.0,-4052.29,-1622.22,0.496762,2.62938,2.55361,-0.0757742,60.0
1744878913268740.0,-4052.29,-1622.22,0.496762,2.62938,2.46614,-0.16324,60.0
1744878913294853.0,-4054.83,-1620.85,0.498035,2.55361,2.53214,-0.0214639,60.0
1744878913319309.0,-4054.83,-1620.85,0.498035,2.55361,2.52497,-0.0286352,60.0
1744878913344667.0,-4057.37,-1618.8,0.499136,2.53214,2.46131,-0.0708353,60.0
1744878913369713.0,-4057.37,-1618.8,0.499136,2.53214,2.45227,-0.0798708,60.0
1744878913393709.0,-4059.49,-1616.76,0.499968,2.46131,2.47598,0.0146702,60.0
1744878913446744.0,-4062.03,-1615.39,0.501245,2.45227,2.52747,0.0751958,60.0
1744878913482388.0,-4064.58,-1613.34,0.502351,2.47598,2.42528,-0.0506992,60.0
1744878913513550.0,-4064.58,-1613.34,0.502351,2.47598,2.46735,-0.00862611,60.0
1744878913539060.0,-4066.69,-1611.98,0.50336,2.42528,2.57739,0.152108,60.0
1744878913564418.0,-4066.69,-1611.98,0.50336,2.42528,2.4414,0.0161161,60.0
1744878913624254.0,-4069.23,-1609.93,0.504469,2.57739,2.56233,-0.0150589,60.0
1744878913651234.0,-4071.78,-1607.88,0.505579,2.4414,2.39652,-0.0448764,60.0
1744878913701689.0,-4073.89,-1606.51,0.506591,2.39652,2.41099,0.0144666,60.0
1744878913726775.0,-4073.89,-1606.51,0.506591,2.39652,2.55098,0.154464,60.0
1744878913767366.0,-4076.43,-1604.46,0.507705,2.41099,2.35847,-0.052514,60.0
1744878913811579.0,-4076.43,-1604.46,0.507705,2.41099,2.54279,0.131805,60.0
1744878913841453.0,-4078.98,-1602.42,0.50882,2.35847,2.46654,0.108064,60.0
1744878913876477.0,-4081.09,-1601.05,0.509836,2.54279,2.56966,0.0268675,60.0
1744878913928022.0,-4083.64,-1599.0,0.510954,2.46654,2.38906,-0.0774758,60.0
1744878913981834.0,-4085.75,-1596.95,0.511801,2.56966,2.46861,-0.101049,60.0
1744878914012615.0,-4085.75,-1596.95,0.511801,2.56966,2.43925,-0.130411,60.0
1744878914067138.0,-4088.29,-1594.9,0.512922,2.46861,2.53147,0.0628615,60.0
1744878914131084.0,-4090.84,-1593.54,0.514215,2.43925,2.46923,0.0299853,60.0
1744878914172703.0,-4090.84,-1593.54,0.514215,2.43925,2.4096,-0.029653,60.0
1744878914203162.0,-4092.95,-1591.49,0.515067,2.46923,2.44652,-0.0227139,60.0
1744878914231116.0,-4092.95,-1591.49,0.515067,2.46923,2.52753,0.0582924,60.0
1744878914288465.0,-4097.61,-1588.08,0.517217,2.44652,2.55579,0.109269,60.0
1744878914343908.0,-4100.15,-1586.03,0.518346,2.52753,2.48686,-0.0406654,60.0
1744878914395467.0,-4102.7,-1583.98,0.519476,2.48686,2.5885,0.101644,60.0
1744878914456259.0,-4104.81,-1582.61,0.520504,2.48686,2.5571,0.0702422,60.0
1744878914518262.0,-4104.81,-1582.61,0.520504,2.48686,2.39236,-0.0945055,60.0
1744878914579835.0,-4109.47,-1578.51,0.522499,2.5571,2.70939,0.152289,60.0
1744878914608102.0,-4109.47,-1578.51,0.522499,2.5571,2.46206,-0.0950389,60.0
1744878914636853.0,-4112.01,-1577.15,0.523804,2.70939,2.56616,-0.143235,60.0
1744878914704898.0,-4112.01,-1577.15,0.523804,2.70939,2.70041,-0.00898352,60.0
1744878914762431.0,-4116.67,-1573.05,0.525807,2.56616,2.51979,-0.0463704,60.0
1744878914814046.0,-4116.67,-1573.05,0.525807,2.56616,2.44424,-0.121915,60.0
1744878914844809.0,-4119.21,-1571.69,0.527116,2.51979,2.45497,-0.0648164,60.0
1744878914873410.0,-4121.76,-1569.64,0.528259,2.44424,2.43752,-0.00672688,60.0
1744878914936313.0,-4123.87,-1568.27,0.529296,2.45497,2.45495,-2.4976e-05,60.0
1744878914985750.0,-4126.41,-1566.22,0.530441,2.45495,2.58667,0.131726,60.0
1744878915034242.0,-4126.41,-1566.22,0.530441,2.45495,2.48712,0.0321755,60.0
1744878915081258.0,-4128.96,-1564.17,0.531589,2.58667,2.60219,0.015521,60.0
1744878915142807.0,-4131.5,-1562.81,0.532904,2.48712,2.49293,0.00580733,60.0
1744878915228466.0,-4136.16,-1558.71,0.534931,2.60219,2.61594,0.0137441,60.0
1744878915277025.0,-4136.16,-1558.71,0.534931,2.60219,2.54043,-0.0617643,60.0
1744878915342483.0,-4140.82,-1555.3,0.53713,2.61594,2.49777,-0.118167,60.0
1744878915399590.0,-4143.36,-1553.93,0.538453,2.54043,2.58154,0.0411146,60.0
1744878915452831.0,-4145.9,-1551.88,0.539611,2.49777,2.41213,-0.0856407,60.0
1744878915511152.0,-4148.44,-1550.52,0.540936,2.58154,2.42641,-0.155137,60.0
1744878915562248.0,-4148.44,-1550.52,0.540936,2.58154,2.55107,-0.0304714,60.0
1744878915636912.0,-4153.1,-1546.42,0.542983,2.42641,2.51633,0.0899267,60.0
1744878915694339.0,-4155.64,-1545.05,0.544313,2.55107,2.54236,-0.00870647,60.0
1744878915749610.0,-4155.64,-1545.05,0.544313,2.55107,2.63123,0.0801604,60.0
1744878915805221.0,-4158.18,-1543.01,0.545478,2.54236,2.43918,-0.103181,60.0
1744878915872567.0,-4162.84,-1539.59,0.547702,2.63123,2.5217,-0.10953,60.0
1744878915927833.0,-4162.84,-1539.59,0.547702,2.63123,2.6097,-0.021536,60.0
1744878915993485.0,-4167.92,-1536.18,0.550208,2.5217,2.45586,-0.0658429,60.0
1744878916055003.0,-4167.92,-1536.18,0.550208,2.5217,2.3955,-0.126203,60.0
1744878916123189.0,-4172.58,-1532.76,0.552443,2.45586,2.42117,-0.0346891,60.0
1744878916176381.0,-4172.58,-1532.76,0.552443,2.45586,2.61935,0.163496,60.0
1744878916246299.0,-4177.66,-1529.35,0.55496,2.42117,2.50913,0.0879594,60.0
1744878916297593.0,-4180.21,-1527.3,0.55614,2.61935,2.55622,-0.0631342,60.0
1744878916355251.0,-4182.32,-1525.93,0.557206,2.50913,2.61584,0.106709,60.0
1744878916419621.0,-4184.86,-1523.88,0.558388,2.55622,2.48793,-0.0682925,60.0
1744878916471835.0,-4187.41,-1522.52,0.559735,2.61584,2.59402,-0.0218209,60.0
1744878916527143.0,-4187.41,-1522.52,0.559735,2.61584,2.49406,-0.121776,60.0
1744878916595457.0,-4192.06,-1519.1,0.561991,2.49406,2.36042,-0.133639,60.0
1744878916658784.0,-4194.61,-1517.06,0.563179,2.49406,2.4588,-0.0352627,60.0
1744878916714370.0,-4197.15,-1515.69,0.564532,2.36042,2.51052,0.150095,60.0
1744878916775136.0,-4199.69,-1513.64,0.565723,2.4588,2.46805,0.00925005,60.0
1744878916828385.0,-4201.81,-1511.59,0.566637,2.51052,2.53661,0.0260937,60.0
1744878916886742.0,-4204.35,-1510.23,0.567993,2.46805,2.47651,0.00846344,60.0
1744878916916525.0,-4204.35,-1510.23,0.567993,2.46805,2.49852,0.0304667,60.0
1744878916948668.0,-4206.89,-1508.18,0.569189,2.47651,2.63478,0.158267,60.0
1744878916975815.0,-4206.89,-1508.18,0.569189,2.47651,2.60084,0.124331,60.0
1744878917015377.0,-4209.43,-1506.81,0.570548,2.63478,2.6531,0.0183249,60.0
1744878917073765.0,-4211.55,-1504.76,0.571467,2.60084,2.64605,0.0452097,60.0
1744878917133370.0,-4214.09,-1502.71,0.572668,2.6531,2.56141,-0.0916973,60.0
1744878917192329.0,-4219.17,-1499.3,0.575235,2.64605,2.60442,-0.0416298,60.0
1744878917220258.0,-4219.17,-1499.3,0.575235,2.64605,2.54393,-0.102127,60.0
1744878917248368.0,-4221.71,-1497.93,0.576601,2.60442,2.49329,-0.111136,60.0
1744878917298025.0,-4221.71,-1497.93,0.576601,2.60442,2.49459,-0.109831,60.0
1744878917328791.0,-4223.83,-1495.89,0.577527,2.49329,2.55628,0.0629955,60.0
1744878917359997.0,-4226.37,-1494.52,0.578895,2.49459,2.6375,0.142904,60.0
1744878917421748.0,-4228.91,-1492.47,0.580105,2.55628,2.42814,-0.128141,60.0
1744878917477934.0,-4231.45,-1491.11,0.581476,2.6375,2.49088,-0.146615,60.0
1744878917507106.0,-4231.45,-1491.11,0.581476,2.6375,2.52655,-0.110945,60.0
1744878917616314.0,-4236.54,-1487.69,0.584063,2.49088,2.57908,0.0882016,60.0
1744878917685966.0,-4238.66,-1485.64,0.584998,2.52655,2.46305,-0.0635065,60.0
1744878917746620.0,-4241.2,-1484.28,0.586374,2.57908,2.65089,0.07181,60.0
1744878917807098.0,-4243.74,-1482.91,0.587752,2.46305,2.30267,-0.16038,60.0
1744878917850417.0,-4243.74,-1482.91,0.587752,2.46305,2.57902,0.115973,60.0
1744878917926713.0,-4246.28,-1480.86,0.588972,2.30267,2.32214,0.0194709,60.0
1744878917994768.0,-4250.94,-1477.45,0.591294,2.57902,2.56565,-0.0133703,60.0
1744878918057972.0,-4250.94,-1477.45,0.591294,2.57902,2.45465,-0.12437,60.0
1744878918122304.0,-4253.48,-1475.4,0.592519,2.56565,2.62987,0.0642233,60.0
1744878918209035.0,-4258.56,-1471.98,0.595132,2.45465,2.5922,0.137552,60.0
1744878918261634.0,-4261.1,-1470.62,0.59652,2.62987,2.50987,-0.120006,60.0
1744878918310359.0,-4261.1,-1470.62,0.59652,2.62987,2.5885,-0.041368,60.0
1744878918366393.0,-4265.76,-1467.2,0.598857,2.50987,2.4507,-0.0591699,60.0
1744878918433795.0,-4268.3,-1465.16,0.600092,2.5885,2.62982,0.0413174,60.0
1744878918494792.0,-4270.84,-1463.79,0.601485,2.4507,2.55606,0.105366,60.0
1744878918556706.0,-4273.39,-1461.74,0.602722,2.62982,2.5364,-0.0934207,60.0
1744878918609868.0,-4273.39,-1461.74,0.602722,2.62982,2.49649,-0.133335,60.0
1744878918667674.0,-4275.5,-1460.38,0.603833,2.5364,2.51068,-0.0257164,60.0
1744878918697066.0,-4278.05,-1458.33,0.605074,2.49649,2.53702,0.0405376,60.0
1744878918730928.0,-4280.59,-1456.96,0.606472,2.51068,2.60222,0.0915407,60.0
1744878918758496.0,-4280.59,-1456.96,0.606472,2.51068,2.60377,0.0930883,60.0
1744878918805507.0,-4283.13,-1454.91,0.607716,2.60222,2.52591,-0.0763126,60.0
1744878918855113.0,-4285.67,-1453.55,0.609116,2.52591,2.54438,0.018472,60.0
1744878918900729.0,-4285.67,-1453.55,0.609116,2.52591,2.52327,-0.00263829,60.0
1744878918970141.0,-4290.33,-1450.13,0.611481,2.54438,2.52295,-0.0214363,60.0
1744878919022591.0,-4292.87,-1448.08,0.612731,2.52295,2.59814,0.075193,60.0
1744878919055467.0,-4292.87,-1448.08,0.612731,2.52295,2.58788,0.0649304,60.0
1744878919076264.0,-4295.41,-1446.72,0.614137,2.59814,2.49694,-0.101204,60.0
1744878919097134.0,-4295.41,-1446.72,0.614137,2.59814,2.47949,-0.118648,60.0
1744878919118018.0,-4295.41,-1446.72,0.614137,2.59814,2.60464,0.00649626,60.0
1744878919138865.0,-4297.95,-1444.67,0.61539,2.47949,2.48273,0.00323827,60.0
1744878919159744.0,-4297.95,-1444.67,0.61539,2.47949,2.56951,0.0900153,60.0
1744878919180590.0,-4300.49,-1443.3,0.616799,2.48273,2.34425,-0.138485,60.0
1744878919201424.0,-4300.49,-1443.3,0.616799,2.48273,2.35939,-0.12334,60.0
1744878919222443.0,-4300.49,-1443.3,0.616799,2.48273,2.46372,-0.0190081,60.0
1744878919243327.0,-4302.61,-1441.25,0.617769,2.35939,2.37783,0.0184445,60.0
1744878919264219.0,-4302.61,-1441.25,0.617769,2.35939,2.39676,0.0373697,60.0
1744878919285061.0,-4305.15,-1439.89,0.61918,2.37783,2.47076,0.0929265,60.0
1744878919306082.0,-4305.15,-1439.89,0.61918,2.37783,2.42883,0.0509931,60.0
1744878919326889.0,-4307.69,-1437.84,0.620439,2.47076,2.45129,-0.0194727,60.0
1744878919348166.0,-4307.69,-1437.84,0.620439,2.47076,2.42284,-0.0479216,60.0
1744878919370397.0,-4307.69,-1437.84,0.620439,2.47076,2.47179,0.0010311,60.0
1744878919391350.0,-4310.23,-1435.79,0.6217,2.42284,2.32295,-0.0998903,60.0
1744878919412164.0,-4310.23,-1435.79,0.6217,2.42284,2.54643,0.123589,60.0
1744878919433940.0,-4312.35,-1434.43,0.622829,2.32295,2.37618,0.0532361,60.0
1744878919459484.0,-4312.35,-1434.43,0.622829,2.32295,2.3536,0.0306534,60.0
1744878919481196.0,-4314.89,-1432.38,0.624092,2.37618,2.50959,0.133407,60.0
1744878919503234.0,-4314.89,-1432.38,0.624092,2.37618,2.47519,0.0990076,60.0
1744878919524711.0,-4314.89,-1432.38,0.624092,2.37618,2.35441,-0.0217726,60.0
1744878919545533.0,-4317.43,-1430.33,0.625358,2.47519,2.63389,0.158702,60.0
1744878919568250.0,-4317.43,-1430.33,0.625358,2.47519,2.58386,0.108665,60.0
1744878919589366.0,-4319.55,-1428.96,0.62649,2.63389,2.58088,-0.0530188,60.0
1744878919611729.0,-4319.55,-1428.96,0.62649,2.63389,2.55813,-0.0757673,60.0
1744878919637725.0,-4322.09,-1426.91,0.627758,2.58088,2.62466,0.0437809,60.0
1744878919658909.0,-4322.09,-1426.91,0.627758,2.58088,2.5506,-0.0302787,60.0
1744878919682416.0,-4324.64,-1425.55,0.62918,2.62466,2.48476,-0.139897,60.0
1744878919705548.0,-4324.64,-1425.55,0.62918,2.62466,2.60567,-0.018984,60.0
1744878919727268.0,-4324.64,-1425.55,0.62918,2.62466,2.47323,-0.151429,60.0
1744878919758633.0,-4326.75,-1423.5,0.630164,2.60567,2.44928,-0.156397,60.0
1744878919780819.0,-4326.75,-1423.5,0.630164,2.60567,2.5896,-0.016067,60.0
1744878919822436.0,-4329.29,-1421.45,0.631437,2.44928,2.44933,5.8805e-05,60.0
1744878919844251.0,-4329.29,-1421.45,0.631437,2.44928,2.36083,-0.0884453,60.0
1744878919870149.0,-4331.84,-1420.08,0.632863,2.44933,2.40214,-0.0471924,60.0
1744878919897210.0,-4331.84,-1420.08,0.632863,2.44933,2.44517,-0.00416562,60.0
1744878919958187.0,-4334.38,-1418.04,0.634139,2.40214,2.50537,0.10323,60.0
1744878919981940.0,-4336.49,-1416.67,0.63528,2.44517,2.43649,-0.0086793,60.0
1744878920021474.0,-4339.04,-1414.62,0.636559,2.43649,2.43042,-0.00606621,60.0
1744878920046187.0,-4339.04,-1414.62,0.636559,2.43649,2.51819,0.0816981,60.0
1744878920069459.0,-4339.04,-1414.62,0.636559,2.43649,2.58527,0.148784,60.0
1744878920095014.0,-4341.58,-1412.57,0.637839,2.51819,2.4715,-0.0466914,60.0
1744878920126711.0,-4343.69,-1411.21,0.638983,2.58527,2.64688,0.0616022,60.0
1744878920154092.0,-4343.69,-1411.21,0.638983,2.58527,2.53154,-0.0537334,60.0
1744878920180706.0,-4346.24,-1409.16,0.640267,2.64688,2.60411,-0.0427645,60.0
1744878920206786.0,-4346.24,-1409.16,0.640267,2.64688,2.50042,-0.146456,60.0
1744878920234396.0,-4348.78,-1407.79,0.641703,2.60411,2.67678,0.0726694,60.0
1744878920286410.0,-4350.9,-1405.74,0.6427,2.50042,2.34395,-0.156469,60.0
1744878920340708.0,-4353.44,-1403.69,0.643988,2.67678,2.52675,-0.150028,60.0
1744878920393488.0,-4355.98,-1402.33,0.645428,2.34395,2.49714,0.153189,60.0
1744878920421101.0,-4355.98,-1402.33,0.645428,2.34395,2.37398,0.030035,60.0
1744878920448340.0,-4358.52,-1400.28,0.646719,2.49714,2.42277,-0.0743692,60.0
1744878920502606.0,-4360.64,-1398.91,0.647872,2.37398,2.42727,0.0532843,60.0
1744878920529662.0,-4360.64,-1398.91,0.647872,2.37398,2.53169,0.1577,60.0
1744878920558830.0,-4363.18,-1396.87,0.649166,2.42727,2.37542,-0.0518466,60.0
1744878920603704.0,-4363.18,-1396.87,0.649166,2.42727,2.49581,0.0685448,60.0
1744878920629747.0,-4365.72,-1394.82,0.650462,2.37542,2.52709,0.151668,60.0
1744878920669025.0,-4367.84,-1393.45,0.651618,2.49581,2.59937,0.103552,60.0
1744878920721122.0,-4367.84,-1393.45,0.651618,2.49581,2.6027,0.106885,60.0
1744878920778970.0,-4372.92,-1390.04,0.654366,2.59937,2.48932,-0.110045,60.0
1744878920836777.0,-4375.04,-1387.99,0.655377,2.6027,2.56733,-0.0353662,60.0
1744878920904471.0,-4377.58,-1385.94,0.65668,2.48932,2.53042,0.0411007,60.0
1744878920952788.0,-4377.58,-1385.94,0.65668,2.48932,2.48531,-0.0040114,60.0
1744878921005478.0,-4380.12,-1384.57,0.658134,2.53042,2.45946,-0.0709622,60.0
1744878921070388.0,-4382.66,-1382.52,0.65944,2.48531,2.55806,0.0727542,60.0
1744878921133153.0,-4384.78,-1381.16,0.660605,2.45946,2.5899,0.130446,60.0
1744878921192387.0,-4389.86,-1377.06,0.663226,2.55806,2.52892,-0.0291424,60.0
1744878921264382.0,-4391.98,-1375.7,0.664393,2.5899,2.47715,-0.112753,60.0
1744878921326843.0,-4394.52,-1373.65,0.665708,2.52892,2.66421,0.13529,60.0
1744878921373508.0,-4394.52,-1373.65,0.665708,2.52892,2.44148,-0.0874404,60.0
1744878921437600.0,-4399.6,-1370.23,0.668488,2.66421,2.52029,-0.143917,60.0
1744878921501795.0,-4402.14,-1368.87,0.669953,2.44148,2.28503,-0.156446,60.0
1744878921544322.0,-4402.14,-1368.87,0.669953,2.44148,2.39766,-0.043825,60.0
1744878921602402.0,-4404.26,-1366.82,0.67098,2.28503,2.38301,0.0979727,60.0
1744878921653587.0,-4406.8,-1364.77,0.672303,2.39766,2.30189,-0.0957609,60.0
1744878921683097.0,-4409.34,-1363.4,0.673772,2.38301,2.45407,0.0710658,60.0
1744878921713731.0,-4411.46,-1361.35,0.674803,2.30189,2.40624,0.104342,60.0
1744878921742112.0,-4411.46,-1361.35,0.674803,2.30189,2.38866,0.086763,60.0
1744878921830712.0,-4416.54,-1357.94,0.677604,2.40624,2.55033,0.144097,60.0
1744878921891466.0,-4416.54,-1357.94,0.677604,2.40624,2.40037,-0.00587085,60.0
1744878921955732.0,-4421.2,-1354.52,0.680115,2.55033,2.47951,-0.0708203,60.0
1744878922020155.0,-4423.75,-1352.48,0.681448,2.40037,2.31144,-0.0889278,60.0
1744878922075326.0,-4425.86,-1350.43,0.682488,2.47951,2.5682,0.0886845,60.0
1744878922139403.0,-4428.4,-1349.06,0.683968,2.31144,2.39016,0.0787195,60.0
1744878922201050.0,-4430.52,-1347.01,0.68501,2.39016,2.53677,0.146617,60.0
1744878922255583.0,-4433.06,-1344.96,0.686349,2.39016,2.51704,0.126879,60.0
1744878922302241.0,-4433.06,-1344.96,0.686349,2.39016,2.44183,0.0516714,60.0
1744878922376428.0,-4437.72,-1341.55,0.68888,2.51704,2.59525,0.0782132,60.0
1744878922423145.0,-4437.72,-1341.55,0.68888,2.51704,2.5078,-0.00923873,60.0
1744878922450938.0,-4440.26,-1339.5,0.690224,2.59525,2.50345,-0.0918024,60.0
1744878922497362.0,-4442.38,-1337.45,0.691273,2.5078,2.58516,0.0773617,60.0
1744878922529186.0,-4444.92,-1336.09,0.692763,2.50345,2.39839,-0.105055,60.0
1744878922557826.0,-4444.92,-1336.09,0.692763,2.50345,2.45722,-0.0462262,60.0
1744878922654760.0,-4449.58,-1331.99,0.695164,2.39839,2.31302,-0.0853729,60.0
1744878922710382.0,-4449.58,-1331.99,0.695164,2.39839,2.34587,-0.0525235,60.0
1744878922738770.0,-4452.12,-1330.62,0.696658,2.31302,2.38331,0.0702909,60.0
1744878922772352.0,-4454.24,-1328.57,0.697714,2.34587,2.4356,0.0897308,60.0
1744878922818451.0,-4456.78,-1326.52,0.699068,2.4356,2.50907,0.0734733,60.0
1744878922867599.0,-4456.78,-1326.52,0.699068,2.4356,2.34141,-0.0941917,60.0
1744878922920002.0,-4458.9,-1324.48,0.700128,2.50907,2.43076,-0.0783164,60.0
1744878922979336.0,-4463.56,-1321.06,0.702688,2.34141,2.35623,0.0148191,60.0
1744878923032065.0,-4466.1,-1319.01,0.704049,2.43076,2.45273,0.02197,60.0
1744878923081863.0,-4466.1,-1319.01,0.704049,2.43076,2.34595,-0.0848049,60.0
1744878923109324.0,-4468.22,-1316.96,0.705113,2.45273,2.51849,0.0657666,60.0
1744878923143560.0,-4470.76,-1314.91,0.706477,2.34595,2.43294,0.086987,60.0
1744878923190475.0,-4470.76,-1314.91,0.706477,2.34595,2.3777,0.0317491,60.0
1744878923254637.0,-4474.99,-1311.5,0.708753,2.43294,2.56283,0.129894,60.0
1744878923306047.0,-4477.54,-1309.45,0.710121,2.3777,2.41919,0.0414881,60.0
1744878923367267.0,-4479.65,-1307.4,0.711193,2.56283,2.53406,-0.0287724,60.0
1744878923430151.0,-4482.19,-1305.35,0.712564,2.41919,2.51641,0.097224,60.0
1744878923482965.0,-4484.31,-1303.3,0.713638,2.53406,2.50121,-0.0328485,60.0
1744878923550086.0,-4486.85,-1301.94,0.715152,2.50121,2.52905,0.0278428,60.0
1744878923578385.0,-4486.85,-1301.94,0.715152,2.50121,2.43618,-0.0650266,60.0
1744878923607336.0,-4488.97,-1299.89,0.716229,2.52905,2.63323,0.104175,60.0
1744878923659211.0,-4488.97,-1299.89,0.716229,2.52905,2.55321,0.0241526,60.0
1744878923725763.0,-4493.63,-1295.79,0.718686,2.63323,2.62425,-0.00897538,60.0
1744878923783570.0,-4496.17,-1294.43,0.720205,2.55321,2.6181,0.0648981,60.0
1744878923831871.0,-4496.17,-1294.43,0.720205,2.55321,2.56958,0.0163775,60.0
1744878923884852.0,-4500.83,-1290.33,0.722671,2.6181,2.56925,-0.048859,60.0
1744878923947796.0,-4500.83,-1290.33,0.722671,2.6181,2.50037,-0.117732,60.0
1744878924014141.0,-4505.49,-1286.91,0.725281,2.56925,2.418,-0.151242,60.0
1744878924070291.0,-4508.03,-1284.86,0.726669,2.50037,2.5507,0.0503236,60.0
1744878924130398.0,-4510.57,-1283.5,0.728196,2.418,2.52833,0.110331,60.0
1744878924180553.0,-4510.57,-1283.5,0.728196,2.418,2.4401,0.0220923,60.0
1744878924228599.0,-4512.69,-1281.45,0.729286,2.52833,2.5276,-0.000730734,60.0
1744878924294416.0,-4517.77,-1278.03,0.73221,2.44009,2.5294,0.0893098,60.0
1744878924343886.0,-4517.77,-1278.03,0.73221,2.44009,2.41496,-0.0251342,60.0
1744878924405724.0,-4522.43,-1273.94,0.734703,2.5294,2.43544,-0.0939607,60.0
1744878924471404.0,-4524.55,-1272.57,0.735936,2.41496,2.57877,0.163809,60.0
1744878924522629.0,-4527.09,-1270.52,0.737337,2.43544,2.50722,0.0717788,60.0
1744878924550876.0,-4527.09,-1270.52,0.737337,2.43544,2.59507,0.159628,60.0
1744878924586771.0,-4529.63,-1268.47,0.738739,2.50722,2.5752,0.0679811,60.0
1744878924645288.0,-4529.63,-1268.47,0.738739,2.50722,2.61344,0.106218,60.0
1744878924706127.0,-4534.29,-1265.06,0.741381,2.61344,2.48074,-0.132697,60.0
1744878924751715.0,-4534.29,-1265.06,0.741381,2.61344,2.54887,-0.0645681,60.0
1744878924816639.0,-4538.95,-1261.64,0.744029,2.48074,2.34124,-0.139505,60.0
1744878924880672.0,-4541.49,-1259.6,0.745438,2.54887,2.67062,0.121746,60.0
1744878924942923.0,-4541.49,-1259.6,0.745438,2.54887,2.45335,-0.0955256,60.0
1744878925012903.0,-4546.15,-1256.18,0.748094,2.67062,2.50927,-0.161345,60.0
1744878925059695.0,-4546.15,-1256.18,0.748094,2.67062,2.53212,-0.138496,60.0
1744878925106883.0,-4548.69,-1254.13,0.749508,2.50927,2.56437,0.0550993,60.0
1744878925136033.0,-4551.23,-1252.77,0.751058,2.53212,2.5178,-0.0143195,60.0
1744878925169370.0,-4553.77,-1250.72,0.752475,2.56437,2.4652,-0.0991742,60.0
1744878925242769.0,-4555.89,-1249.35,0.753724,2.5178,2.4381,-0.0796995,60.0
1744878925297579.0,-4555.89,-1249.35,0.753724,2.5178,2.57418,0.0563808,60.0
1744878925357480.0,-4560.97,-1245.94,0.7567,2.4381,2.45364,0.0155382,60.0
1744878925417872.0,-4563.52,-1243.89,0.758123,2.45364,2.3953,-0.0583389,60.0
1744878925445618.0,-4563.52,-1243.89,0.758123,2.45364,2.37293,-0.0807157,60.0
1744878925478090.0,-4565.63,-1241.84,0.759244,2.3953,2.46652,0.0712206,60.0
1744878925529034.0,-4568.17,-1240.47,0.760804,2.37293,2.33174,-0.0411918,60.0
1744878925555276.0,-4568.17,-1240.47,0.760804,2.37293,2.5324,0.159476,60.0
1744878925593692.0,-4570.72,-1238.42,0.762232,2.33173,2.46785,0.13612,60.0
1744878925646082.0,-4572.83,-1236.37,0.763357,2.5324,2.67308,0.140677,60.0
1744878925692503.0,-4572.83,-1236.37,0.763357,2.5324,2.44665,-0.0857513,60.0
1744878925721721.0,-4575.37,-1235.01,0.76492,2.67308,2.52311,-0.149972,60.0
1744878925751880.0,-4577.92,-1232.96,0.766353,2.44665,2.46052,0.0138656,60.0
1744878925808772.0,-4580.03,-1231.59,0.767614,2.52311,2.46565,-0.057455,60.0
1744878925863617.0,-4582.57,-1229.55,0.769049,2.46052,2.432,-0.0285172,60.0
1744878925887116.0,-4582.57,-1229.55,0.769049,2.46052,2.36284,-0.0976745,60.0
1744878925908257.0,-4582.57,-1229.55,0.769049,2.46052,2.40038,-0.0601353,60.0
1744878925928980.0,-4584.69,-1227.5,0.770181,2.36284,2.28097,-0.0818692,60.0
1744878925949990.0,-4584.69,-1227.5,0.770181,2.36284,2.38554,0.0226984,60.0
1744878925970991.0,-4587.23,-1226.13,0.771751,2.28097,2.39316,0.11219,60.0
1744878925991605.0,-4587.23,-1226.13,0.771751,2.28097,2.36614,0.0851652,60.0
1744878926012355.0,-4587.23,-1226.13,0.771751,2.28097,2.40334,0.122366,60.0
1744878926033189.0,-4589.77,-1224.08,0.773192,2.36614,2.33687,-0.0292713,60.0
1744878926054012.0,-4589.77,-1224.08,0.773192,2.36614,2.47104,0.104897,60.0
1744878926074752.0,-4591.89,-1222.03,0.774328,2.33687,2.48614,0.149276,60.0
1744878926096111.0,-4591.89,-1222.03,0.774328,2.33687,2.37653,0.0396666,60.0
1744878926116871.0,-4591.89,-1222.03,0.774328,2.33687,2.48683,0.149963,60.0
1744878926137807.0,-4594.43,-1219.98,0.775771,2.37653,2.48672,0.110187,60.0
1744878926158647.0,-4594.43,-1219.98,0.775771,2.37653,2.45563,0.0790962,60.0
1744878926179526.0,-4596.55,-1218.62,0.77704,2.48672,2.49671,0.00998701,60.0
1744878926200376.0,-4596.55,-1218.62,0.77704,2.48672,2.45114,-0.0355768,60.0
1744878926221320.0,-4599.09,-1216.57,0.778487,2.49671,2.54882,0.0521159,60.0
1744878926242245.0,-4599.09,-1216.57,0.778487,2.49671,2.45433,-0.0423775,60.0
1744878926263069.0,-4599.09,-1216.57,0.778487,2.49671,2.45499,-0.0417153,60.0
1744878926290890.0,-4601.21,-1214.52,0.779629,2.45433,2.3779,-0.0764312,60.0
1744878926311751.0,-4601.21,-1214.52,0.779629,2.45433,2.43766,-0.0166705,60.0
1744878926337493.0,-4603.75,-1212.47,0.781078,2.3779,2.45531,0.0774108,60.0
1744878926359102.0,-4603.75,-1212.47,0.781078,2.3779,2.42434,0.0464455,60.0
1744878926380082.0,-4605.87,-1211.11,0.782352,2.45531,2.51988,0.0645747,60.0
1744878926401136.0,-4605.87,-1211.11,0.782352,2.45531,2.41095,-0.0443599,60.0
1744878926425042.0,-4608.41,-1209.06,0.783805,2.51988,2.66818,0.148299,60.0
1744878926457997.0,-4608.41,-1209.06,0.783805,2.51988,2.54058,0.0206934,60.0
1744878926480147.0,-4610.53,-1207.01,0.784952,2.66818,2.50995,-0.158238,60.0
1744878926501877.0,-4610.53,-1207.01,0.784952,2.66818,2.52786,-0.140326,60.0
1744878926527836.0,-4613.07,-1204.96,0.786408,2.50995,2.34711,-0.162834,60.0
1744878926548975.0,-4613.07,-1204.96,0.786408,2.50995,2.58241,0.0724681,60.0
1744878926571334.0,-4613.07,-1204.96,0.786408,2.50995,2.4691,-0.0408472,60.0
1744878926592335.0,-4615.61,-1203.59,0.787994,2.58241,2.68415,0.101741,60.0
1744878926620219.0,-4615.61,-1203.59,0.787994,2.58241,2.51529,-0.0671212,60.0
1744878926642288.0,-4617.73,-1201.54,0.789145,2.68415,2.59291,-0.0912483,60.0
1744878926666989.0,-4617.73,-1201.54,0.789145,2.68415,2.60216,-0.0819899,60.0
1744878926688362.0,-4620.27,-1199.49,0.790605,2.59291,2.6932,0.100296,60.0
1744878926713021.0,-4620.27,-1199.49,0.790605,2.59291,2.50338,-0.089528,60.0
1744878926736635.0,-4622.39,-1198.13,0.791888,2.6932,2.58959,-0.103616,60.0
1744878926760589.0,-4622.39,-1198.13,0.791888,2.6932,2.62978,-0.0634189,60.0
1744878926786871.0,-4624.93,-1196.08,0.793351,2.58959,2.57609,-0.0134974,60.0
1744878926812668.0,-4624.93,-1196.08,0.793351,2.58959,2.56385,-0.0257339,60.0
1744878926856971.0,-4627.47,-1194.03,0.794816,2.57609,2.57426,-0.00183266,60.0
1744878926879027.0,-4627.47,-1194.03,0.794816,2.57609,2.54085,-0.0352336,60.0
1744878926900880.0,-4630.01,-1192.67,0.79641,2.57426,2.57691,0.00265906,60.0
1744878926923988.0,-4630.01,-1192.67,0.79641,2.57426,2.68791,0.113659,60.0
1744878926946328.0,-4632.13,-1190.62,0.79757,2.57691,2.48887,-0.0880466,60.0
1744878926968764.0,-4632.13,-1190.62,0.79757,2.57691,2.50814,-0.0687753,60.0
1744878926995914.0,-4634.67,-1189.25,0.799166,2.48887,2.52298,0.0341109,60.0
1744878927042666.0,-4637.21,-1187.2,0.800637,2.52298,2.59958,0.0766057,60.0
1744878927068844.0,-4637.21,-1187.2,0.800637,2.52298,2.42418,-0.0988035,60.0
1744878927094394.0,-4639.33,-1185.84,0.801928,2.59958,2.4923,-0.107282,60.0
1744878927120377.0,-4639.33,-1185.84,0.801928,2.59958,2.62531,0.0257213,60.0
1744878927162835.0,-4641.87,-1183.79,0.803402,2.4923,2.5615,0.0691932,60.0
1744878927204665.0,-4644.41,-1181.74,0.804877,2.62531,2.49416,-0.131142,60.0
1744878927251883.0,-4644.41,-1181.74,0.804877,2.62531,2.54525,-0.0800595,60.0
1744878927278517.0,-4646.95,-1180.37,0.806481,2.49416,2.59578,0.101613,60.0
1744878927303670.0,-4646.95,-1180.37,0.806481,2.49416,2.44508,-0.0490801,60.0
1744878927328963.0,-4649.49,-1178.32,0.80796,2.59578,2.58231,-0.0134663,60.0
1744878927367883.0,-4651.61,-1176.96,0.809256,2.44508,2.53673,0.0916432,60.0
1744878927393519.0,-4651.61,-1176.96,0.809256,2.44508,2.45043,0.00535162,60.0
1744878927418507.0,-4651.61,-1176.96,0.809256,2.44508,2.41458,-0.0305046,60.0
1744878927471898.0,-4656.69,-1173.54,0.812347,2.45043,2.57814,0.127701,60.0
1744878927539026.0,-4659.24,-1171.49,0.813832,2.41458,2.49908,0.0845042,60.0
1744878927587080.0,-4659.24,-1171.49,0.813832,2.41458,2.5361,0.121522,60.0
1744878927643887.0,-4663.89,-1168.08,0.816621,2.49908,2.49911,2.52511e-05,60.0
1744878927670142.0,-4663.89,-1168.08,0.816621,2.49908,2.5683,0.069222,60.0
1744878927702738.0,-4666.44,-1166.03,0.81811,2.49911,2.43417,-0.0649355,60.0
1744878927731429.0,-4666.44,-1166.03,0.81811,2.49911,2.5426,0.0434893,60.0
1744878927787907.0,-4668.55,-1164.66,0.819415,2.43417,2.42409,-0.0100824,60.0
1744878927819872.0,-4671.09,-1162.62,0.820907,2.5426,2.65825,0.115657,60.0
1744878927879544.0,-4673.64,-1160.57,0.822401,2.42409,2.52289,0.0987987,60.0
1744878927939545.0,-4675.75,-1159.2,0.82371,2.65825,2.56429,-0.0939612,60.0
1744878927990925.0,-4678.29,-1157.15,0.825207,2.52289,2.41783,-0.105062,60.0
1744878928040176.0,-4678.29,-1157.15,0.825207,2.52289,2.42106,-0.101832,60.0
1744878928067431.0,-4680.84,-1155.79,0.826829,2.41783,2.51749,0.0996672,60.0
1744878928110642.0,-4683.38,-1153.74,0.828329,2.42106,2.58115,0.160091,60.0
1744878928136626.0,-4683.38,-1153.74,0.828329,2.42106,2.49132,0.0702618,60.0
1744878928163862.0,-4685.49,-1151.69,0.829519,2.58115,2.67521,0.0940615,60.0
1744878928205698.0,-4685.49,-1151.69,0.829519,2.58115,2.63886,0.0577104,60.0
1744878928255846.0,-4688.04,-1150.32,0.831146,2.67521,2.57338,-0.101825,60.0
1744878928315538.0,-4692.69,-1146.91,0.833967,2.57338,2.48621,-0.0871703,60.0
1744878928368866.0,-4695.24,-1144.86,0.835475,2.48621,2.61683,0.130615,60.0
1744878928397947.0,-4695.24,-1144.86,0.835475,2.48621,2.54974,0.0635286,60.0
1744878928444565.0,-4697.78,-1143.49,0.837106,2.61683,2.45504,-0.161789,60.0
1744878928471762.0,-4697.78,-1143.49,0.837106,2.61683,2.49974,-0.117089,60.0
1744878928498080.0,-4700.32,-1141.44,0.838617,2.45504,2.53132,0.0762807,60.0
1744878928545597.0,-4700.32,-1141.44,0.838617,2.45504,2.55612,0.101082,60.0
1744878928605942.0,-4704.98,-1138.03,0.841452,2.53132,2.68175,0.150427,60.0
1744878928661792.0,-4707.52,-1135.98,0.842968,2.55612,2.44936,-0.106759,60.0
1744878928713928.0,-4710.06,-1134.61,0.844606,2.44936,2.38696,-0.0623976,60.0
1744878928763488.0,-4710.06,-1134.61,0.844606,2.44936,2.47615,0.026792,60.0
1744878928790270.0,-4712.6,-1132.56,0.846125,2.38696,2.45924,0.0722722,60.0
1744878928828215.0,-4714.72,-1131.2,0.847452,2.47615,2.60258,0.126427,60.0
1744878928875605.0,-4714.72,-1131.2,0.847452,2.47615,2.41665,-0.0595077,60.0
1744878928922148.0,-4717.26,-1129.15,0.848974,2.60258,2.62626,0.0236829,60.0
1744878928976799.0,-4719.8,-1127.78,0.850618,2.41665,2.47781,0.0611644,60.0
1744878929026454.0,-4722.34,-1125.73,0.852143,2.62626,2.61795,-0.00831347,60.0
1744878929094027.0,-4724.46,-1123.69,0.853354,2.47781,2.52981,0.0519944,60.0
1744878929160804.0,-4729.54,-1120.27,0.856532,2.61795,2.46324,-0.154712,60.0
1744878929209896.0,-4729.54,-1120.27,0.856532,2.61795,2.60476,-0.013194,60.0
1744878929257936.0,-4732.08,-1118.91,0.858182,2.46324,2.45325,-0.00999276,60.0
1744878929286440.0,-4734.2,-1116.86,0.8594,2.60476,2.5482,-0.0565602,60.0
1744878929377558.0,-4739.28,-1113.44,0.862588,2.45325,2.37839,-0.0748573,60.0
1744878929450994.0,-4741.82,-1112.08,0.864244,2.5482,2.39102,-0.157181,60.0
1744878929505818.0,-4743.94,-1110.03,0.865467,2.37839,2.3943,0.0159084,60.0
1744878929566427.0,-4746.48,-1107.98,0.867007,2.39102,2.39518,0.00416765,60.0
1744878929623803.0,-4749.02,-1106.61,0.868667,2.39518,2.46976,0.0745758,60.0
1744878929669399.0,-4749.02,-1106.61,0.868667,2.39518,2.54353,0.14835,60.0
1744878929697672.0,-4751.14,-1104.56,0.869894,2.46976,2.37408,-0.0956797,60.0
1744878929748901.0,-4753.68,-1103.2,0.871556,2.54353,2.61313,0.0695975,60.0
1744878929793151.0,-4756.23,-1101.15,0.873103,2.37408,2.38796,0.0138782,60.0
1744878929819570.0,-4756.23,-1101.15,0.873103,2.37408,2.48308,0.109,60.0
1744878929851171.0,-4758.34,-1099.1,0.874334,2.38796,2.50945,0.121495,60.0
1744878929899573.0,-4758.34,-1099.1,0.874334,2.38796,2.54318,0.155222,60.0
1744878929970104.0,-4760.88,-1097.73,0.876,2.50945,2.40987,-0.0995844,60.0
1744878930032273.0,-4765.54,-1093.63,0.878786,2.40987,2.52665,0.116782,60.0
1744878930088175.0,-4768.08,-1092.27,0.880457,2.40987,2.47618,0.066314,60.0
1744878930147336.0,-4770.63,-1090.22,0.882012,2.52665,2.56846,0.0418109,60.0
1744878930198026.0,-4770.63,-1090.22,0.882012,2.52665,2.4602,-0.0664452,60.0
1744878930227433.0,-4772.74,-1088.17,0.883252,2.56846,2.52347,-0.0449859,60.0
1744878930263294.0,-4775.28,-1086.81,0.884926,2.4602,2.32685,-0.13336,60.0
1744878930335308.0,-4777.83,-1084.76,0.886486,2.52347,2.51741,-0.00606604,60.0
1744878930390449.0,-4779.94,-1082.71,0.88773,2.32685,2.38902,0.0621705,60.0
1744878930445749.0,-4782.48,-1081.34,0.889408,2.38902,2.24602,-0.142998,60.0
1744878930511458.0,-4784.6,-1079.29,0.890655,2.38902,2.52077,0.13175,60.0
1744878930557431.0,-4784.6,-1079.29,0.890655,2.38902,2.52721,0.138194,60.0
1744878930616951.0,-4787.14,-1077.24,0.892221,2.52077,2.53293,0.012168,60.0
1744878930678861.0,-4789.68,-1075.19,0.893789,2.52721,2.45868,-0.0685313,60.0
1744878930752438.0,-4794.34,-1071.78,0.896725,2.53293,2.59919,0.0662512,60.0
1744878930796816.0,-4794.34,-1071.78,0.896725,2.53293,2.45654,-0.0763959,60.0
1744878930823604.0,-4796.46,-1069.73,0.897978,2.59919,2.59768,-0.00150282,60.0
1744878930851403.0,-4796.46,-1069.73,0.897978,2.59919,2.44105,-0.158136,60.0
1744878930908326.0,-4801.54,-1066.32,0.901241,2.44105,2.57808,0.137034,60.0
1744878930966283.0,-4803.66,-1064.27,0.902499,2.57808,2.56385,-0.0142348,60.0
1744878931015870.0,-4803.66,-1064.27,0.902499,2.57808,2.55648,-0.0216066,60.0
1744878931077599.0,-4806.2,-1062.9,0.904191,2.56385,2.41928,-0.144572,60.0
1744878931156993.0,-4810.86,-1059.49,0.907145,2.55648,2.60237,0.0458938,60.0
1744878931184668.0,-4810.86,-1059.49,0.907145,2.55648,2.44924,-0.107238,60.0
1744878931245390.0,-4813.4,-1057.44,0.908728,2.60237,2.54242,-0.0599518,60.0
1744878931281700.0,-4815.94,-1055.39,0.910313,2.44924,2.54411,0.0948721,60.0
1744878931329675.0,-4815.94,-1055.39,0.910313,2.44924,2.43002,-0.0192208,60.0
1744878931393794.0,-4818.06,-1054.02,0.911691,2.54411,2.65645,0.112337,60.0
1744878931423581.0,-4820.6,-1051.97,0.913279,2.43002,2.34267,-0.0873499,60.0
1744878931454739.0,-4823.14,-1050.61,0.91498,2.65645,2.60008,-0.0563674,60.0
1744878931481623.0,-4823.14,-1050.61,0.91498,2.65645,2.71966,0.0632103,60.0
1744878931518334.0,-4825.68,-1048.56,0.916571,2.60008,2.59231,-0.00777089,60.0
1744878931569095.0,-4825.68,-1048.56,0.916571,2.60008,2.4595,-0.140584,60.0
1744878931630230.0,-4830.34,-1045.14,0.919548,2.4595,2.51643,0.056933,60.0
1744878931676962.0,-4830.34,-1045.14,0.919548,2.4595,2.40851,-0.0509885,60.0
1744878931734964.0,-4835.43,-1041.73,0.922852,2.40851,2.40816,-0.000352793,60.0
1744878931793262.0,-4835.43,-1041.73,0.922852,2.40851,2.38279,-0.0257216,60.0
1744878931844302.0,-4837.54,-1039.68,0.924128,2.40816,2.50642,0.0982627,60.0
1744878931908670.0,-4842.63,-1036.26,0.92744,2.38279,2.5246,0.141812,60.0
1744878931960843.0,-4844.74,-1034.21,0.928721,2.50642,2.46044,-0.0459767,60.0
1744878932009360.0,-4844.74,-1034.21,0.928721,2.50642,2.64064,0.134226,60.0
1744878932036844.0,-4847.29,-1032.85,0.930436,2.46044,2.32073,-0.139708,60.0
1744878932066982.0,-4849.83,-1030.8,0.932042,2.64064,2.51457,-0.126075,60.0
1744878932129708.0,-4851.94,-1028.75,0.933327,2.32073,2.46939,0.148654,60.0
1744878932174798.0,-4851.94,-1028.75,0.933327,2.32073,2.39835,0.0776127,60.0
1744878932223855.0,-4854.49,-1027.38,0.935046,2.46939,2.4589,-0.0104902,60.0
1744878932251303.0,-4857.03,-1025.34,0.936657,2.39835,2.55326,0.154915,60.0
1744878932344809.0,-4859.14,-1023.29,0.937946,2.4589,2.41995,-0.0389436,60.0
1744878932413070.0,-4861.69,-1021.92,0.939669,2.55326,2.56945,0.0161863,60.0
1744878932433806.0,-4863.8,-1019.87,0.94096,2.41995,2.47469,0.0547328,60.0
1744878932454582.0,-4863.8,-1019.87,0.94096,2.41995,2.45771,0.0377597,60.0
1744878932475602.0,-4866.34,-1017.82,0.942577,2.47469,2.44228,-0.0324053,60.0
1744878932496473.0,-4866.34,-1017.82,0.942577,2.47469,2.40924,-0.0654422,60.0
1744878932517260.0,-4868.89,-1016.46,0.944304,2.44228,2.55043,0.108146,60.0
1744878932538133.0,-4868.89,-1016.46,0.944304,2.44228,2.34236,-0.0999238,60.0
1744878932559361.0,-4868.89,-1016.46,0.944304,2.44228,2.55571,0.113427,60.0
1744878932580068.0,-4871.0,-1014.41,0.9456,2.34236,2.50194,0.159579,60.0
1744878932600757.0,-4871.0,-1014.41,0.9456,2.34236,2.47328,0.130925,60.0
1744878932621745.0,-4873.54,-1012.36,0.947221,2.50194,2.43768,-0.0642581,60.0
1744878932648223.0,-4873.54,-1012.36,0.947221,2.50194,2.57166,0.0697255,60.0
1744878932668674.0,-4875.66,-1010.99,0.948628,2.43768,2.52881,0.0911337,60.0
1744878932689652.0,-4875.66,-1010.99,0.948628,2.43768,2.33085,-0.106825,60.0
1744878932723823.0,-4878.2,-1008.94,0.950252,2.52881,2.39094,-0.137869,60.0
1744878932744772.0,-4878.2,-1008.94,0.950252,2.52881,2.48961,-0.0392004,60.0
1744878932772367.0,-4880.74,-1006.89,0.951878,2.39094,2.36823,-0.0227086,60.0
1744878932794383.0,-4880.74,-1006.89,0.951878,2.39094,2.43693,0.0459848,60.0
1744878932816047.0,-4880.74,-1006.89,0.951878,2.39094,2.28343,-0.107508,60.0
1744878932840343.0,-4882.86,-1004.85,0.953181,2.43693,2.52314,0.086208,60.0
1744878932861864.0,-4882.86,-1004.85,0.953181,2.43693,2.46529,0.0283623,60.0
1744878932886711.0,-4885.4,-1003.48,0.954918,2.52314,2.58957,0.0664347,60.0
1744878932909428.0,-4885.4,-1003.48,0.954918,2.52314,2.54895,0.0258144,60.0
1744878932959257.0,-4887.52,-1001.43,0.956223,2.58957,2.47192,-0.117653,60.0
1744878932982054.0,-4890.06,-999.382,0.957855,2.54895,2.55912,0.0101689,60.0
1744878933009172.0,-4890.06,-999.382,0.957855,2.54895,2.49898,-0.0499701,60.0
1744878933032461.0,-4892.18,-998.016,0.95927,2.55912,2.49443,-0.0646924,60.0
1744878933054632.0,-4892.18,-998.016,0.95927,2.55912,2.40205,-0.157064,60.0
1744878933076491.0,-4894.72,-995.967,0.960905,2.49443,2.56072,0.0662975,60.0
1744878933098510.0,-4894.72,-995.967,0.960905,2.49443,2.39107,-0.103353,60.0
1744878933119834.0,-4894.72,-995.967,0.960905,2.49443,2.33071,-0.163714,60.0
1744878933144495.0,-4897.26,-993.918,0.962542,2.39107,2.35426,-0.0368099,60.0
1744878933166376.0,-4897.26,-993.918,0.962542,2.39107,2.37652,-0.0145538,60.0
1744878933188978.0,-4899.38,-992.552,0.96396,2.35426,2.37364,0.0193785,60.0
1744878933217045.0,-4899.38,-992.552,0.96396,2.35426,2.50768,0.153412,60.0
1744878933240346.0,-4901.92,-990.503,0.9656,2.37364,2.48801,0.114364,60.0
1744878933264412.0,-4901.92,-990.503,0.9656,2.37364,2.31089,-0.0627562,60.0
1744878933287659.0,-4904.04,-988.454,0.966915,2.48801,2.54566,0.0576568,60.0
1744878933320824.0,-4904.04,-988.454,0.966915,2.48801,2.61333,0.125324,60.0
1744878933345182.0,-4906.58,-986.405,0.968558,2.54566,2.42799,-0.117673,60.0
1744878933372688.0,-4906.58,-986.405,0.968558,2.54566,2.69024,0.144579,60.0
1744878933400268.0,-4909.12,-985.039,0.970308,2.42799,2.56443,0.136443,60.0
1744878933435041.0,-4911.24,-982.989,0.971627,2.69024,2.64626,-0.0439858,60.0
1744878933459571.0,-4911.24,-982.989,0.971627,2.69024,2.55775,-0.132495,60.0
1744878933486071.0,-4913.78,-980.94,0.973275,2.64626,2.6316,-0.014655,60.0
1744878933544806.0,-4913.78,-980.94,0.973275,2.64626,2.5534,-0.0928544,60.0
1744878933569123.0,-4915.9,-979.574,0.974702,2.6316,2.48751,-0.144095,60.0
1744878933598058.0,-4918.44,-977.525,0.976352,2.48751,2.4558,-0.0317082,60.0
1744878933647106.0,-4918.44,-977.525,0.976352,2.48751,2.53999,0.0524897,60.0
1744878933675080.0,-4920.98,-975.476,0.978004,2.4558,2.41677,-0.0390227,60.0
1744878933713000.0,-4923.1,-974.11,0.979435,2.53999,2.40682,-0.133176,60.0
1744878933738949.0,-4923.1,-974.11,0.979435,2.53999,2.59794,0.0579444,60.0
1744878933768615.0,-4925.64,-972.061,0.98109,2.40682,2.51227,0.105447,60.0
1744878933794836.0,-4925.64,-972.061,0.98109,2.40682,2.48416,0.0773432,60.0
1744878933830872.0,-4928.18,-970.012,0.982747,2.51227,2.42688,-0.0853899,60.0
1744878933857442.0,-4928.18,-970.012,0.982747,2.51227,2.40602,-0.106246,60.0
1744878933885953.0,-4930.3,-968.646,0.98418,2.42688,2.51427,0.087395,60.0
1744878933912811.0,-4930.3,-968.646,0.98418,2.42688,2.55896,0.132086,60.0
1744878933945343.0,-4932.84,-966.597,0.98584,2.51427,2.61929,0.105023,60.0
1744878933998857.0,-4935.38,-964.548,0.987502,2.61929,2.4729,-0.146396,60.0
1744878934026227.0,-4935.38,-964.548,0.987502,2.61929,2.56607,-0.0532291,60.0
1744878934064399.0,-4937.5,-963.182,0.988939,2.4729,2.34424,-0.128656,60.0
1744878934110678.0,-4937.5,-963.182,0.988939,2.4729,2.60321,0.130314,60.0
1744878934138905.0,-4940.04,-961.133,0.990604,2.34424,2.38879,0.0445432,60.0
1744878934170545.0,-4942.58,-959.084,0.99227,2.60321,2.63549,0.0322762,60.0
1744878934213482.0,-4942.58,-959.084,0.99227,2.60321,2.43952,-0.163692,60.0
1744878934244178.0,-4944.7,-957.718,0.993711,2.63549,2.50197,-0.133522,60.0
1744878934274891.0,-4947.24,-955.669,0.99538,2.43952,2.37102,-0.0685046,60.0
1744878934328885.0,-4947.24,-955.669,0.99538,2.43952,2.59297,0.153445,60.0
1744878934358339.0,-4949.36,-954.303,0.996823,2.37102,2.40368,0.0326628,60.0
1744878934387342.0,-4951.9,-952.254,0.998495,2.59297,2.60108,0.00811686,60.0
1744878934443269.0,-4954.44,-950.205,1.00017,2.40368,2.5248,0.121119,60.0
1744878934497870.0,-4954.44,-950.205,1.00017,2.40368,2.55466,0.150985,60.0
1744878934552539.0,-4959.1,-946.79,1.00329,2.5248,2.4139,-0.110896,60.0
1744878934621933.0,-4961.64,-944.741,1.00497,2.4139,2.51803,0.104128,60.0
1744878934651184.0,-4961.64,-944.741,1.00497,2.4139,2.50627,0.0923624,60.0
1744878934732672.0,-4966.3,-941.326,1.0081,2.51803,2.61782,0.0997899,60.0
1744878934795927.0,-4968.84,-939.277,1.00979,2.50627,2.49216,-0.0141071,60.0
1744878934849962.0,-4970.96,-937.911,1.01124,2.49216,2.48817,-0.00398808,60.0
1744878934915422.0,-4973.5,-935.862,1.01292,2.49216,2.56686,0.0747062,60.0
1744878934981450.0,-4976.04,-933.813,1.01461,2.48817,2.61252,0.124349,60.0
1744878935025242.0,-4976.04,-933.813,1.01461,2.48817,2.36315,-0.125017,60.0
1744878935053949.0,-4978.16,-932.447,1.01607,2.61252,2.67762,0.0650992,60.0
1744878935087918.0,-4980.7,-930.397,1.01776,2.36315,2.40406,0.0409028,60.0
1744878935162206.0,-4983.24,-928.348,1.01945,2.67762,2.51647,-0.16115,60.0
1744878935211678.0,-4985.36,-926.982,1.02091,2.40406,2.3327,-0.0713591,60.0
1744878935266559.0,-4987.9,-924.933,1.02261,2.51647,2.55556,0.0390907,60.0
1744878935293043.0,-4987.9,-924.933,1.02261,2.51647,2.53251,0.016044,60.0
1744878935343090.0,-4990.44,-923.567,1.0244,2.55556,2.41709,-0.138465,60.0
1744878935382487.0,-4992.56,-921.518,1.02577,2.53251,2.64587,0.113356,60.0
1744878935446183.0,-4995.1,-919.469,1.02747,2.41709,2.52397,0.106873,60.0
1744878935494051.0,-4995.1,-919.469,1.02747,2.41709,2.39218,-0.0249153,60.0
1744878935521803.0,-4997.64,-918.103,1.02927,2.52397,2.47633,-0.0476359,60.0
1744878935566199.0,-4999.76,-916.054,1.03064,2.39218,2.37862,-0.013556,60.0
1744878935619888.0,-4999.76,-916.054,1.03064,2.39218,2.53448,0.142302,60.0
1744878935648288.0,-5002.3,-914.005,1.03234,2.37862,2.50519,0.126567,60.0
1744878935689443.0,-5004.84,-912.639,1.03415,2.53448,2.56212,0.0276361,60.0
1744878935745447.0,-5006.96,-910.59,1.03552,2.50519,2.47551,-0.0296819,60.0
1744878935794040.0,-5006.96,-910.59,1.03552,2.50519,2.63516,0.129974,60.0
1744878935847722.0,-5011.62,-907.175,1.03871,2.47551,2.39243,-0.0830747,60.0
1744878935903334.0,-5014.16,-905.126,1.04042,2.63516,2.54506,-0.0901069,60.0
1744878935931966.0,-5014.16,-905.126,1.04042,2.63516,2.49185,-0.143314,60.0
1744878935963171.0,-5016.7,-903.077,1.04213,2.54506,2.44963,-0.0954249,60.0
1744878936016094.0,-5018.82,-901.711,1.04361,2.49185,2.61577,0.123916,60.0
1744878936068589.0,-5021.36,-899.662,1.04533,2.44963,2.40327,-0.0463581,60.0
1744878936125614.0,-5023.9,-898.296,1.04714,2.40327,2.41497,0.0116984,60.0
1744878936153813.0,-5023.9,-898.296,1.04714,2.40327,2.43533,0.0320588,60.0
1744878936188976.0,-5026.02,-896.246,1.04852,2.41497,2.31839,-0.0965779,60.0
1744878936240549.0,-5028.56,-894.197,1.05025,2.43533,2.38681,-0.0485212,60.0
1744878936296989.0,-5028.56,-894.197,1.05025,2.43533,2.46351,0.0281779,60.0
1744878936366629.0,-5033.22,-890.782,1.05345,2.38681,2.43014,0.0433285,60.0
1744878936421389.0,-5035.76,-888.733,1.05518,2.46351,2.52112,0.0576105,60.0
1744878936479892.0,-5037.87,-886.684,1.05657,2.43014,2.4822,0.0520608,60.0
1744878936531786.0,-5037.87,-886.684,1.05657,2.43014,2.50295,0.0728109,60.0
1744878936596835.0,-5042.53,-883.269,1.05979,2.4822,2.62657,0.144371,60.0
1744878936644132.0,-5042.53,-883.269,1.05979,2.4822,2.47607,-0.00612741,60.0
1744878936715930.0,-5047.62,-879.854,1.06335,2.62657,2.49967,-0.1269,60.0
1744878936782836.0,-5049.73,-877.805,1.06475,2.47607,2.45984,-0.0162352,60.0
1744878936847709.0,-5052.27,-875.756,1.06649,2.45984,2.46054,0.00070394,60.0
1744878936875809.0,-5052.27,-875.756,1.06649,2.45984,2.50673,0.0468967,60.0
1744878936901442.0,-5054.82,-874.39,1.06832,2.46054,2.52556,0.0650204,60.0
1744878936949204.0,-5054.82,-874.39,1.06832,2.46054,2.5511,0.0905597,60.0
1744878936995850.0,-5056.93,-872.34,1.06972,2.52556,2.51568,-0.00988518,60.0
1744878937025350.0,-5059.47,-870.291,1.07146,2.5511,2.3887,-0.1624,60.0
1744878937060643.0,-5061.59,-868.925,1.07296,2.51568,2.53921,0.0235302,60.0
1744878937087799.0,-5061.59,-868.925,1.07296,2.51568,2.45834,-0.0573415,60.0
1744878937115107.0,-5064.13,-866.876,1.0747,2.53921,2.5672,0.0279967,60.0
1744878937164469.0,-5064.13,-866.876,1.0747,2.53921,2.62209,0.0828792,60.0
1744878937240244.0,-5068.79,-863.461,1.07795,2.5672,2.45119,-0.11601,60.0
1744878937298857.0,-5071.33,-861.412,1.0797,2.62209,2.4992,-0.122882,60.0
1744878937355014.0,-5073.87,-859.363,1.08145,2.45119,2.59724,0.146046,60.0
1744878937420387.0,-5075.99,-857.997,1.08296,2.4992,2.50994,0.0107311,60.0
1744878937466693.0,-5075.99,-857.997,1.08296,2.4992,2.41789,-0.0813129,60.0
1744878937495328.0,-5078.53,-855.948,1.08471,2.50994,2.57347,0.063537,60.0
1744878937525276.0,-5081.07,-854.582,1.08656,2.41789,2.42736,0.00946826,60.0
1744878937582786.0,-5083.62,-852.532,1.08831,2.57347,2.71771,0.144242,60.0
1744878937611336.0,-5083.62,-852.532,1.08831,2.57347,2.60892,0.0354488,60.0
1744878937639686.0,-5085.73,-850.483,1.08973,2.71771,2.58978,-0.12793,60.0
1744878937679318.0,-5085.73,-850.483,1.08973,2.71771,2.71133,-0.00638742,60.0
1744878937741635.0,-5090.82,-847.068,1.09335,2.58978,2.6054,0.0156171,60.0
1744878937793075.0,-5090.82,-847.068,1.09335,2.58978,2.43803,-0.151756,60.0
1744878937862639.0,-5095.47,-843.653,1.09662,2.6054,2.69944,0.0940368,60.0
1744878937927242.0,-5098.02,-842.287,1.09848,2.43803,2.40048,-0.0375437,60.0
1744878937988784.0,-5098.02,-842.287,1.09848,2.43803,2.41034,-0.027685,60.0
1744878938049236.0,-5100.56,-840.238,1.10025,2.40048,2.51726,0.116774,60.0
1744878938120911.0,-5105.22,-836.823,1.10354,2.41034,2.48731,0.0769672,60.0
1744878938169236.0,-5105.22,-836.823,1.10354,2.41034,2.43918,0.0288362,60.0
1744878938226091.0,-5110.3,-833.408,1.10717,2.48731,2.52548,0.0381684,60.0
1744878938286084.0,-5112.42,-831.358,1.10861,2.43918,2.49455,0.0553696,60.0
1744878938315002.0,-5112.42,-831.358,1.10861,2.43918,2.39636,-0.0428196,60.0
1744878938348042.0,-5114.96,-829.309,1.11038,2.49455,2.55808,0.0635328,60.0
1744878938394062.0,-5114.96,-829.309,1.11038,2.49455,2.40732,-0.0872248,60.0
1744878938450436.0,-5119.62,-825.894,1.11369,2.55808,2.59082,0.0327357,60.0
1744878938518477.0,-5122.16,-823.845,1.11547,2.40732,2.34211,-0.0652104,60.0
1744878938584431.0,-5124.7,-822.479,1.11734,2.59082,2.54176,-0.0490623,60.0
1744878938647604.0,-5126.81,-820.43,1.11878,2.34211,2.41394,0.0718223,60.0
1744878938671074.0,-5126.81,-820.43,1.11878,2.34211,2.40639,0.0642727,60.0
1744878938691850.0,-5126.81,-820.43,1.11878,2.34211,2.42144,0.0793266,60.0
1744878938712989.0,-5129.36,-819.064,1.12066,2.40639,2.46816,0.0617766,60.0
1744878938742618.0,-5129.36,-819.064,1.12066,2.40639,2.49355,0.0871649,60.0
1744878938763401.0,-5131.9,-817.015,1.12244,2.46816,2.5335,0.0653412,60.0
1744878938784322.0,-5131.9,-817.015,1.12244,2.46816,2.57511,0.106944,60.0
1744878938804940.0,-5134.01,-814.965,1.12389,2.5335,2.42347,-0.110036,60.0
1744878938825700.0,-5134.01,-814.965,1.12389,2.5335,2.6847,0.151198,60.0
1744878938846445.0,-5134.01,-814.965,1.12389,2.5335,2.40185,-0.131651,60.0
1744878938867558.0,-5136.56,-813.599,1.12577,2.6847,2.55855,-0.126152,60.0
1744878938888576.0,-5136.56,-813.599,1.12577,2.6847,2.55856,-0.126141,60.0
1744878938909139.0,-5139.1,-811.55,1.12756,2.55855,2.43039,-0.128159,60.0
1744878938929852.0,-5139.1,-811.55,1.12756,2.55855,2.69694,0.138395,60.0
1744878938952559.0,-5141.21,-809.501,1.12901,2.43039,2.35746,-0.0729302,60.0
1744878938973601.0,-5141.21,-809.501,1.12901,2.43039,2.32411,-0.106282,60.0
1744878938994407.0,-5141.21,-809.501,1.12901,2.43039,2.28337,-0.147018,60.0
1744878939015119.0,-5143.76,-808.135,1.13089,2.32411,2.20259,-0.121519,60.0
1744878939035802.0,-5143.76,-808.135,1.13089,2.32411,2.19179,-0.132317,60.0
1744878939056314.0,-5146.3,-806.086,1.13269,2.20259,2.06336,-0.139232,60.0
1744878939077254.0,-5146.3,-806.086,1.13269,2.20259,2.10256,-0.100027,60.0
1744878939098205.0,-5146.3,-806.086,1.13269,2.20259,2.04007,-0.162516,60.0
1744878939119111.0,-5148.41,-804.037,1.13415,2.10256,2.00514,-0.0974211,60.0
1744878939139922.0,-5148.41,-804.037,1.13415,2.10256,1.95651,-0.146053,60.0
1744878939160820.0,-5150.96,-802.671,1.13603,2.00514,1.89493,-0.110215,60.0
1744878939185675.0,-5150.96,-802.671,1.13603,2.00514,1.91506,-0.0900813,60.0
1744878939206942.0,-5153.07,-800.621,1.13749,1.89493,1.80917,-0.0857553,60.0
1744878939227449.0,-5153.07,-800.621,1.13749,1.89493,1.77773,-0.117192,60.0
1744878939248095.0,-5153.07,-800.621,1.13749,1.89493,1.81363,-0.0812928,60.0
1744878939269067.0,-5155.61,-798.572,1.13929,1.77773,1.79691,0.0191801,60.0
1744878939289511.0,-5155.61,-798.572,1.13929,1.77773,1.6315,-0.146233,60.0
1744878939310553.0,-5157.73,-796.523,1.14075,1.79691,1.77453,-0.0223886,60.0
1744878939331385.0,-5157.73,-796.523,1.14075,1.79691,1.70765,-0.0892677,60.0
1744878939352060.0,-5157.73,-796.523,1.14075,1.79691,1.69675,-0.10016,60.0
1744878939372844.0,-5160.27,-795.157,1.14264,1.70765,1.54872,-0.158927,60.0
1744878939393993.0,-5160.27,-795.157,1.14264,1.70765,1.68014,-0.0275089,60.0
1744878939414892.0,-5162.39,-793.108,1.14411,1.54872,1.70457,0.15585,60.0
1744878939435780.0,-5162.39,-793.108,1.14411,1.54872,1.48238,-0.0663388,60.0
1744878939456386.0,-5162.39,-793.108,1.14411,1.54872,1.68398,0.13526,60.0
1744878939477473.0,-5164.51,-791.059,1.14557,1.48238,1.58422,0.101836,60.0
1744878939498347.0,-5164.51,-791.059,1.14557,1.48238,1.46762,-0.0147628,60.0
1744878939519244.0,-5167.05,-789.01,1.14738,1.58422,1.64161,0.0573899,60.0
1744878939540180.0,-5167.05,-789.01,1.14738,1.58422,1.71612,0.131908,60.0
1744878939560989.0,-5169.17,-786.96,1.14885,1.64161,1.70165,0.0600462,60.0
1744878939581592.0,-5169.17,-786.96,1.14885,1.64161,1.608,-0.0336047,60.0
1744878939602133.0,-5169.17,-786.96,1.14885,1.64161,1.72319,0.0815837,60.0
1744878939622849.0,-5171.29,-784.911,1.15032,1.608,1.57976,-0.0282441,60.0
1744878939643677.0,-5171.29,-784.911,1.15032,1.608,1.73264,0.124641,60.0
1744878939664201.0,-5173.4,-782.862,1.15179,1.57976,1.68436,0.1046,60.0
1744878939684699.0,-5173.4,-782.862,1.15179,1.57976,1.7313,0.151544,60.0
1744878939705264.0,-5173.4,-782.862,1.15179,1.57976,1.69892,0.119165,60.0
1744878939726126.0,-5175.94,-780.813,1.15361,1.7313,1.86291,0.131606,60.0
1744878939746822.0,-5175.94,-780.813,1.15361,1.7313,1.74937,0.0180649,60.0
1744878939767838.0,-5178.06,-778.764,1.15508,1.86291,1.72562,-0.137284,60.0
1744878939788558.0,-5178.06,-778.764,1.15508,1.86291,1.8385,-0.0244117,60.0
1744878939809109.0,-5178.06,-778.764,1.15508,1.86291,1.75714,-0.105771,60.0
1744878939829810.0,-5180.18,-776.714,1.15655,1.8385,1.80325,-0.035241,60.0
1744878939850525.0,-5180.18,-776.714,1.15655,1.8385,1.70075,-0.137745,60.0
1744878939871738.0,-5182.3,-774.665,1.15803,1.80325,1.67866,-0.124592,60.0
1744878939892548.0,-5182.3,-774.665,1.15803,1.80325,1.73529,-0.0679612,60.0
1744878939913141.0,-5182.3,-774.665,1.15803,1.80325,1.74827,-0.0549845,60.0
1744878939934010.0,-5184.41,-772.616,1.15951,1.73529,1.74133,0.00603429,60.0
1744878939954733.0,-5184.41,-772.616,1.15951,1.73529,1.81243,0.0771377,60.0
1744878939975500.0,-5186.53,-769.884,1.1609,1.74133,1.79008,0.0487472,60.0
1744878939996146.0,-5186.53,-769.884,1.1609,1.74133,1.68818,-0.0531471,60.0
1744878940016800.0,-5188.65,-767.834,1.16239,1.79008,1.66133,-0.12875,60.0
1744878940037495.0,-5188.65,-767.834,1.16239,1.79008,1.69735,-0.0927267,60.0
1744878940058330.0,-5188.65,-767.834,1.16239,1.79008,1.77375,-0.0163219,60.0
1744878940079047.0,-5190.34,-765.785,1.16352,1.69735,1.68896,-0.00838354,60.0
1744878940099732.0,-5190.34,-765.785,1.16352,1.69735,1.56365,-0.133696,60.0
1744878940120459.0,-5192.46,-763.736,1.165,1.68896,1.67573,-0.0132396,60.0
1744878940141237.0,-5192.46,-763.736,1.165,1.68896,1.84493,0.155965,60.0
1744878940162013.0,-5192.46,-763.736,1.165,1.68896,1.71541,0.0264441,60.0
1744878940182846.0,-5194.58,-761.687,1.16649,1.84493,1.73207,-0.112855,60.0
1744878940203808.0,-5194.58,-761.687,1.16649,1.84493,1.69932,-0.145607,60.0
1744878940224634.0,-5196.7,-758.954,1.16789,1.73207,1.69888,-0.0331929,60.0
1744878940245763.0,-5196.7,-758.954,1.16789,1.73207,1.61312,-0.118953,60.0
1744878940266239.0,-5196.7,-758.954,1.16789,1.73207,1.67763,-0.0544419,60.0
1744878940287070.0,-5198.39,-756.905,1.16903,1.61312,1.68972,0.0765947,60.0
1744878940307804.0,-5198.39,-756.905,1.16903,1.61312,1.61366,0.000534971,60.0
1744878940328587.0,-5200.51,-754.856,1.17052,1.68972,1.58502,-0.104698,60.0
1744878940349288.0,-5200.51,-754.856,1.17052,1.68972,1.71105,0.0213365,60.0
1744878940370064.0,-5202.63,-752.124,1.17193,1.58502,1.59774,0.0127166,60.0
1744878940391088.0,-5202.63,-752.124,1.17193,1.58502,1.61242,0.0274027,60.0
1744878940411763.0,-5202.63,-752.124,1.17193,1.58502,1.51865,-0.0663722,60.0
1744878940432469.0,-5204.32,-750.074,1.17308,1.61242,1.74424,0.131816,60.0
1744878940453142.0,-5204.32,-750.074,1.17308,1.61242,1.66808,0.0556566,60.0
1744878940474097.0,-5206.44,-748.025,1.17457,1.74424,1.7759,0.0316657,60.0
1744878940494752.0,-5206.44,-748.025,1.17457,1.74424,1.58214,-0.162098,60.0
1744878940515811.0,-5206.44,-748.025,1.17457,1.74424,1.7408,-0.00343621,60.0
1744878940536353.0,-5208.13,-745.293,1.17564,1.58214,1.73961,0.157467,60.0
1744878940557066.0,-5208.13,-745.293,1.17564,1.58214,1.54419,-0.0379466,60.0
1744878940577784.0,-5209.83,-743.244,1.17679,1.73961,1.86823,0.128619,60.0
1744878940598404.0,-5209.83,-743.244,1.17679,1.73961,1.59821,-0.141401,60.0
1744878940619041.0,-5209.83,-743.244,1.17679,1.73961,1.64818,-0.0914238,60.0
1744878940639732.0,-5211.94,-740.511,1.1782,1.59821,1.66234,0.0641364,60.0
1744878940660531.0,-5211.94,-740.511,1.1782,1.59821,1.64717,0.0489674,60.0
1744878940681202.0,-5213.64,-738.462,1.17936,1.66234,1.77833,0.115986,60.0
1744878940701898.0,-5213.64,-738.462,1.17936,1.66234,1.61671,-0.0456304,60.0
1744878940722597.0,-5213.64,-738.462,1.17936,1.66234,1.74904,0.0866937,60.0
1744878940744882.0,-5215.33,-735.73,1.18043,1.61671,1.66792,0.0512107,60.0
1744878940765621.0,-5215.33,-735.73,1.18043,1.61671,1.76224,0.145529,60.0
1744878940786411.0,-5217.45,-733.68,1.18193,1.66792,1.66705,-0.000869865,60.0
1744878940807252.0,-5217.45,-733.68,1.18193,1.66792,1.68558,0.0176621,60.0
1744878940827705.0,-5219.15,-730.948,1.18301,1.66705,1.64216,-0.0248899,60.0
1744878940848392.0,-5219.15,-730.948,1.18301,1.66705,1.6678,0.000749039,60.0
1744878940869838.0,-5219.15,-730.948,1.18301,1.66705,1.58522,-0.0818287,60.0
1744878940890446.0,-5220.84,-728.899,1.18416,1.6678,1.69245,0.0246488,60.0
1744878940911242.0,-5220.84,-728.899,1.18416,1.6678,1.7296,0.0618035,60.0
1744878940931707.0,-5222.53,-726.166,1.18524,1.69245,1.62861,-0.0638408,60.0
1744878940952548.0,-5222.53,-726.166,1.18524,1.69245,1.55697,-0.135477,60.0
1744878940972982.0,-5222.53,-726.166,1.18524,1.69245,1.62263,-0.069818,60.0
1744878940993791.0,-5224.23,-723.434,1.18632,1.55697,1.6846,0.127631,60.0
1744878941014172.0,-5224.23,-723.434,1.18632,1.55697,1.65258,0.0956123,60.0
1744878941035240.0,-5225.92,-721.385,1.18748,1.6846,1.75281,0.0682092,60.0
1744878941055967.0,-5225.92,-721.385,1.18748,1.6846,1.72781,0.0432091,60.0
1744878941076301.0,-5225.92,-721.385,1.18748,1.6846,1.52154,-0.163061,60.0
1744878941096988.0,-5227.62,-718.652,1.18857,1.72781,1.77941,0.0515953,60.0
1744878941117638.0,-5227.62,-718.652,1.18857,1.72781,1.68702,-0.0407959,60.0
1744878941138228.0,-5229.31,-716.603,1.18973,1.77941,1.79689,0.0174803,60.0
1744878941158915.0,-5229.31,-716.603,1.18973,1.77941,1.76533,-0.014078,60.0
1744878941179559.0,-5231.0,-713.87,1.19082,1.79689,1.90232,0.105434,60.0
1744878941200338.0,-5231.0,-713.87,1.19082,1.79689,1.77801,-0.0188789,60.0
1744878941220977.0,-5231.0,-713.87,1.19082,1.79689,1.77689,-0.0199975,60.0
1744878941241389.0,-5232.7,-711.138,1.19191,1.77801,1.76434,-0.013665,60.0
1744878941262286.0,-5232.7,-711.138,1.19191,1.77801,1.69479,-0.0832198,60.0
1744878941283004.0,-5233.97,-708.406,1.19265,1.76434,1.64256,-0.121783,60.0
1744878941303800.0,-5233.97,-708.406,1.19265,1.76434,1.88888,0.124535,60.0
1744878941324433.0,-5233.97,-708.406,1.19265,1.76434,1.60623,-0.158112,60.0
1744878941344977.0,-5235.66,-706.356,1.19382,1.88888,1.73958,-0.149297,60.0
1744878941365689.0,-5235.66,-706.356,1.19382,1.88888,1.87183,-0.0170475,60.0
1744878941386716.0,-5237.36,-703.624,1.19491,1.73958,1.71034,-0.0292406,60.0
1744878941407379.0,-5237.36,-703.624,1.19491,1.73958,1.67178,-0.067806,60.0
1744878941427837.0,-5237.36,-703.624,1.19491,1.73958,1.79274,0.0531524,60.0
1744878941448512.0,-5238.63,-700.892,1.19565,1.67178,1.73894,0.067164,60.0
1744878941469065.0,-5238.63,-700.892,1.19565,1.67178,1.82698,0.155198,60.0
1744878941489773.0,-5240.32,-698.159,1.19675,1.73894,1.72842,-0.0105234,60.0
1744878941510550.0,-5240.32,-698.159,1.19675,1.73894,1.63526,-0.10368,60.0
1744878941531211.0,-5240.32,-698.159,1.19675,1.73894,1.6418,-0.0971441,60.0
1744878941551677.0,-5241.59,-695.427,1.1975,1.63526,1.71646,0.0811957,60.0
1744878941572309.0,-5241.59,-695.427,1.1975,1.63526,1.59269,-0.0425712,60.0
1744878941593015.0,-5243.29,-693.377,1.19867,1.71646,1.80018,0.0837258,60.0
1744878941613819.0,-5243.29,-693.377,1.19867,1.71646,1.62799,-0.0884695,60.0
1744878941634733.0,-5244.56,-690.645,1.19943,1.62799,1.72574,0.0977555,60.0
1744878941655428.0,-5244.56,-690.645,1.19943,1.62799,1.61382,-0.0141644,60.0
1744878941676089.0,-5244.56,-690.645,1.19943,1.62799,1.53577,-0.0922183,60.0
1744878941696806.0,-5245.83,-687.913,1.20018,1.61382,1.67821,0.0643838,60.0
1744878941717560.0,-5245.83,-687.913,1.20018,1.61382,1.75509,0.141269,60.0
1744878941738651.0,-5247.52,-685.18,1.20128,1.67821,1.6639,-0.014309,60.0
1744878941759401.0,-5247.52,-685.18,1.20128,1.67821,1.64593,-0.032281,60.0
1744878941780050.0,-5247.52,-685.18,1.20128,1.67821,1.84146,0.16325,60.0
1744878941800745.0,-5248.79,-682.448,1.20204,1.64593,1.51391,-0.132015,60.0
1744878941821334.0,-5248.79,-682.448,1.20204,1.64593,1.66472,0.0187986,60.0
1744878941842109.0,-5250.06,-679.715,1.2028,1.51391,1.63706,0.12315,60.0
1744878941862921.0,-5250.06,-679.715,1.2028,1.51391,1.60302,0.0891103,60.0
1744878941884213.0,-5250.06,-679.715,1.2028,1.51391,1.62677,0.112859,60.0
1744878941905010.0,-5251.34,-676.983,1.20355,1.60302,1.61436,0.0113407,60.0
1744878941925805.0,-5251.34,-676.983,1.20355,1.60302,1.51212,-0.0909034,60.0
1744878941946536.0,-5252.61,-674.25,1.20431,1.61436,1.67798,0.0636188,60.0
1744878941967529.0,-5252.61,-674.25,1.20431,1.61436,1.56044,-0.053921,60.0
1744878941988083.0,-5252.61,-674.25,1.20431,1.61436,1.59916,-0.0151982,60.0
1744878942009048.0,-5253.88,-671.518,1.20508,1.56044,1.57744,0.016994,60.0
1744878942029829.0,-5253.88,-671.518,1.20508,1.56044,1.55628,-0.00416468,60.0
1744878942050522.0,-5255.15,-668.785,1.20584,1.57744,1.67007,0.0926392,60.0
1744878942071141.0,-5255.15,-668.785,1.20584,1.57744,1.7016,0.12416,60.0
1744878942091729.0,-5256.42,-666.053,1.2066,1.67007,1.64472,-0.0253592,60.0
1744878942112469.0,-5256.42,-666.053,1.2066,1.67007,1.73877,0.0686935,60.0
1744878942133260.0,-5256.42,-666.053,1.2066,1.67007,1.71303,0.0429592,60.0
1744878942153893.0,-5257.69,-663.321,1.20737,1.73877,1.69173,-0.0470425,60.0
1744878942174490.0,-5257.69,-663.321,1.20737,1.73877,1.79929,0.0605224,60.0
1744878942195100.0,-5258.96,-660.588,1.20814,1.69173,1.63275,-0.0589739,60.0
1744878942215613.0,-5258.96,-660.588,1.20814,1.69173,1.77109,0.0793679,60.0
1744878942236178.0,-5258.96,-660.588,1.20814,1.69173,1.53724,-0.154489,60.0
1744878942256788.0,-5260.23,-657.856,1.20891,1.77109,1.69289,-0.0782038,60.0
1744878942277431.0,-5260.23,-657.856,1.20891,1.77109,1.80674,0.035645,60.0
1744878942298059.0,-5261.08,-655.123,1.20933,1.69289,1.67461,-0.0182794,60.0
1744878942318715.0,-5261.08,-655.123,1.20933,1.69289,1.7407,0.0478061,60.0
1744878942339904.0,-5261.08,-655.123,1.20933,1.69289,1.65908,-0.0338148,60.0
1744878942360340.0,-5262.35,-652.391,1.2101,1.7407,1.79376,0.0530634,60.0
1744878942381187.0,-5262.35,-652.391,1.2101,1.7407,1.59145,-0.149246,60.0
1744878942401834.0,-5263.62,-649.658,1.21087,1.79376,1.68843,-0.10533,60.0
1744878942422602.0,-5263.62,-649.658,1.21087,1.79376,1.63232,-0.16144,60.0
1744878942443448.0,-5263.62,-649.658,1.21087,1.79376,1.67635,-0.117413,60.0
1744878942464270.0,-5264.47,-646.926,1.21129,1.63232,1.67974,0.0474199,60.0
1744878942485088.0,-5264.47,-646.926,1.21129,1.63232,1.68381,0.0514924,60.0
1744878942505760.0,-5265.74,-644.193,1.21207,1.67974,1.7589,0.0791625,60.0
1744878942526539.0,-5265.74,-644.193,1.21207,1.67974,1.68386,0.00411936,60.0
1744878942547690.0,-5266.58,-641.461,1.2125,1.7589,1.74646,-0.0124442,60.0
1744878942568239.0,-5266.58,-641.461,1.2125,1.7589,1.71262,-0.0462867,60.0
1744878942588992.0,-5266.58,-641.461,1.2125,1.7589,1.73506,-0.0238371,60.0
1744878942609858.0,-5267.85,-638.728,1.21327,1.71261,1.61297,-0.0996421,60.0
1744878942630485.0,-5267.85,-638.728,1.21327,1.71261,1.70805,-0.00456555,60.0
1744878942651185.0,-5268.7,-635.313,1.21364,1.61297,1.6621,0.049128,60.0
1744878942671855.0,-5268.7,-635.313,1.21364,1.61297,1.64924,0.0362648,60.0
1744878942692496.0,-5268.7,-635.313,1.21364,1.61297,1.6552,0.0422272,60.0
1744878942713309.0,-5269.55,-632.58,1.21407,1.64924,1.64843,-0.000806744,60.0
1744878942734166.0,-5269.55,-632.58,1.21407,1.64924,1.60897,-0.0402704,60.0
1744878942754823.0,-5270.4,-629.848,1.2145,1.64843,1.65926,0.010832,60.0
1744878942775549.0,-5270.4,-629.848,1.2145,1.64843,1.59745,-0.0509831,60.0
1744878942797147.0,-5270.4,-629.848,1.2145,1.64843,1.80775,0.159314,60.0
1744878942817708.0,-5271.67,-627.115,1.21528,1.59745,1.68834,0.0908897,60.0
1744878942838663.0,-5271.67,-627.115,1.21528,1.59745,1.56281,-0.0346386,60.0
1744878942859436.0,-5272.51,-624.383,1.21572,1.68834,1.69517,0.00683466,60.0
1744878942880295.0,-5272.51,-624.383,1.21572,1.68834,1.56309,-0.125251,60.0
1744878942901191.0,-5273.36,-621.65,1.21615,1.69517,1.78311,0.0879331,60.0
1744878942921589.0,-5273.36,-621.65,1.21615,1.69517,1.557,-0.138167,60.0
1744878942942206.0,-5273.36,-621.65,1.21615,1.69517,1.65516,-0.0400095,60.0
1744878942962974.0,-5274.21,-618.235,1.21652,1.557,1.57933,0.0223253,60.0
1744878942983409.0,-5274.21,-618.235,1.21652,1.557,1.64254,0.0855374,60.0
1744878943004008.0,-5275.06,-615.502,1.21696,1.57933,1.6463,0.0669735,60.0
1744878943024552.0,-5275.06,-615.502,1.21696,1.57933,1.58507,0.00574317,60.0
1744878943045390.0,-5275.06,-615.502,1.21696,1.57933,1.58368,0.00434699,60.0
1744878943066175.0,-5275.9,-612.77,1.2174,1.58507,1.59587,0.0108012,60.0
1744878943087138.0,-5275.9,-612.77,1.2174,1.58507,1.52998,-0.055092,60.0
1744878943107748.0,-5276.33,-610.037,1.21749,1.59587,1.74851,0.152632,60.0
1744878943128457.0,-5276.33,-610.037,1.21749,1.59587,1.74716,0.151283,60.0
1744878943149290.0,-5276.33,-610.037,1.21749,1.59587,1.69372,0.0978455,60.0
1744878943169865.0,-5277.17,-606.621,1.21787,1.74716,1.70533,-0.0418292,60.0
1744878943190732.0,-5277.17,-606.621,1.21787,1.74716,1.83844,0.091286,60.0
1744878943211710.0,-5278.02,-603.889,1.21831,1.70533,1.60114,-0.104184,60.0
1744878943232265.0,-5278.02,-603.889,1.21831,1.70533,1.57978,-0.125548,60.0
1744878943253048.0,-5278.02,-603.889,1.21831,1.70533,1.65451,-0.0508182,60.0
1744878943273745.0,-5278.87,-601.156,1.21876,1.57978,1.67402,0.0942388,60.0
1744878943294738.0,-5278.87,-601.156,1.21876,1.57978,1.63611,0.0563316,60.0
1744878943315423.0,-5279.29,-598.424,1.21885,1.67402,1.68195,0.00792715,60.0
1744878943336229.0,-5279.29,-598.424,1.21885,1.67402,1.57629,-0.0977324,60.0
1744878943356726.0,-5279.29,-598.424,1.21885,1.67402,1.58465,-0.089372,60.0
1744878943377697.0,-5280.14,-595.008,1.21924,1.57629,1.53551,-0.0407758,60.0
1744878943398478.0,-5280.14,-595.008,1.21924,1.57629,1.47992,-0.0963637,60.0
1744878943419152.0,-5280.56,-592.276,1.21934,1.53551,1.64751,0.111995,60.0
1744878943439873.0,-5280.56,-592.276,1.21934,1.53551,1.68753,0.152016,60.0
1744878943460404.0,-5281.41,-589.543,1.21979,1.64751,1.69935,0.0518478,60.0
1744878943481316.0,-5281.41,-589.543,1.21979,1.64751,1.73104,0.0835303,60.0
1744878943502264.0,-5281.41,-589.543,1.21979,1.64751,1.73002,0.0825128,60.0
1744878943522896.0,-5281.83,-586.128,1.21982,1.73104,1.79291,0.0618711,60.0
1744878943543502.0,-5281.83,-586.128,1.21982,1.73104,1.71476,-0.0162783,60.0
1744878943564114.0,-5282.68,-583.395,1.22028,1.79291,1.63405,-0.158861,60.0
1744878943584669.0,-5282.68,-583.395,1.22028,1.79291,1.782,-0.010909,60.0
1744878943605264.0,-5282.68,-583.395,1.22028,1.79291,1.76535,-0.0275587,60.0
1744878943626009.0,-5283.1,-580.663,1.22038,1.782,1.62394,-0.158054,60.0
1744878943646404.0,-5283.1,-580.663,1.22038,1.782,1.71921,-0.0627873,60.0
1744878943667005.0,-5283.95,-577.93,1.22084,1.62394,1.68856,0.0646143,60.0
1744878943687816.0,-5283.95,-577.93,1.22084,1.62394,1.62559,0.00164689,60.0
1744878943708588.0,-5283.95,-577.93,1.22084,1.62394,1.63422,0.0102724,60.0
1744878943729319.0,-5284.38,-574.514,1.22088,1.62559,1.74793,0.122336,60.0
1744878943750003.0,-5284.38,-574.514,1.22088,1.62559,1.5961,-0.0294912,60.0
1744878943770769.0,-5284.8,-571.782,1.22099,1.74793,1.61001,-0.137914,60.0
1744878943791512.0,-5284.8,-571.782,1.22099,1.74793,1.71594,-0.0319832,60.0
1744878943812273.0,-5284.8,-571.782,1.22099,1.74793,1.80854,0.0606102,60.0
1744878943833063.0,-5285.65,-569.049,1.22145,1.71594,1.56199,-0.153951,60.0
1744878943853794.0,-5285.65,-569.049,1.22145,1.71594,1.69873,-0.0172179,60.0
1744878943874685.0,-5286.07,-565.634,1.2215,1.56199,1.59915,0.0371547,60.0
1744878943895797.0,-5286.07,-565.634,1.2215,1.56199,1.50973,-0.05226,60.0
1744878943916260.0,-5286.49,-562.901,1.22161,1.59915,1.50719,-0.0919596,60.0
1744878943936915.0,-5286.49,-562.901,1.22161,1.59915,1.68497,0.0858207,60.0
1744878943957467.0,-5286.49,-562.901,1.22161,1.59915,1.6424,0.0432526,60.0
1744878943977932.0,-5287.34,-560.169,1.22207,1.68497,1.72411,0.039145,60.0
1744878943998834.0,-5287.34,-560.169,1.22207,1.68497,1.69844,0.0134706,60.0
1744878944019741.0,-5287.76,-556.753,1.22212,1.72411,1.78316,0.0590489,60.0
1744878944040348.0,-5287.76,-556.753,1.22212,1.72411,1.68037,-0.0437391,60.0
1744878944060944.0,-5287.76,-556.753,1.22212,1.72411,1.63022,-0.0938949,60.0
1744878944081583.0,-5288.19,-554.02,1.22224,1.68037,1.60658,-0.0737902,60.0
1744878944102520.0,-5288.19,-554.02,1.22224,1.68037,1.80156,0.121191,60.0
1744878944123210.0,-5288.61,-551.288,1.22235,1.60658,1.61605,0.00946996,60.0
1744878944143642.0,-5288.61,-551.288,1.22235,1.60658,1.55911,-0.0474778,60.0
1744878944164352.0,-5288.61,-551.288,1.22235,1.60658,1.68622,0.0796372,60.0
1744878944184881.0,-5289.04,-547.872,1.22241,1.55911,1.47934,-0.0797673,60.0
1744878944205573.0,-5289.04,-547.872,1.22241,1.55911,1.62169,0.062582,60.0
1744878944226274.0,-5289.46,-545.14,1.22253,1.47934,1.45624,-0.0230995,60.0
1744878944247144.0,-5289.46,-545.14,1.22253,1.47934,1.42631,-0.0530246,60.0
1744878944267733.0,-5289.46,-545.14,1.22253,1.47934,1.55573,0.0763934,60.0
1744878944288333.0,-5289.88,-542.407,1.22265,1.42631,1.47223,0.0459188,60.0
1744878944308965.0,-5289.88,-542.407,1.22265,1.42631,1.41959,-0.00672609,60.0
1744878944329563.0,-5290.31,-538.991,1.22271,1.47223,1.50508,0.0328445,60.0
1744878944350211.0,-5290.31,-538.991,1.22271,1.47223,1.45068,-0.0215503,60.0
1744878944370799.0,-5290.73,-536.259,1.22284,1.50508,1.60162,0.0965441,60.0
1744878944391935.0,-5290.73,-536.259,1.22284,1.50508,1.58929,0.0842166,60.0
1744878944412544.0,-5290.73,-536.259,1.22284,1.50508,1.62569,0.120616,60.0
1744878944433197.0,-5291.15,-533.526,1.22296,1.58929,1.52002,-0.0692722,60.0
1744878944453756.0,-5291.15,-533.526,1.22296,1.58929,1.5898,0.000508303,60.0
1744878944474475.0,-5291.58,-530.111,1.22303,1.52002,1.6684,0.148376,60.0
1744878944495255.0,-5291.58,-530.111,1.22303,1.52002,1.59676,0.0767368,60.0
1744878944515894.0,-5291.58,-530.111,1.22303,1.52002,1.63606,0.116034,60.0
1744878944536742.0,-5291.58,-527.378,1.2228,1.59676,1.58373,-0.0130258,60.0
1744878944557446.0,-5291.58,-527.378,1.2228,1.59676,1.72885,0.132093,60.0
1744878944578298.0,-5292.0,-523.962,1.22287,1.58373,1.61034,0.0266023,60.0
1744878944598902.0,-5292.0,-523.962,1.22287,1.58373,1.70845,0.124712,60.0
1744878944619681.0,-5292.0,-523.962,1.22287,1.58373,1.68,0.0962671,60.0
1744878944640367.0,-5292.42,-521.23,1.223,1.70845,1.74207,0.0336235,60.0
1744878944661094.0,-5292.42,-521.23,1.223,1.70845,1.72995,0.0215092,60.0
1744878944681881.0,-5292.43,-518.497,1.22278,1.74207,1.74153,-0.000536917,60.0
1744878944702646.0,-5292.43,-518.497,1.22278,1.74207,1.77258,0.0305133,60.0
1744878944723343.0,-5292.43,-518.497,1.22278,1.74207,1.61853,-0.123543,60.0
1744878944744052.0,-5292.85,-515.082,1.22286,1.77258,1.68254,-0.0900382,60.0
1744878944764869.0,-5292.85,-515.082,1.22286,1.77258,1.61103,-0.161548,60.0
1744878944785609.0,-5293.27,-512.349,1.22299,1.68254,1.61812,-0.0644261,60.0
1744878944806266.0,-5293.27,-512.349,1.22299,1.68254,1.83031,0.147768,60.0
1744878944827044.0,-5293.7,-509.617,1.22312,1.61812,1.60088,-0.0172338,60.0
1744878944847821.0,-5293.7,-509.617,1.22312,1.61812,1.73251,0.114397,60.0
1744878944868438.0,-5293.7,-509.617,1.22312,1.61812,1.75199,0.133875,60.0
1744878944889283.0,-5293.7,-506.201,1.22285,1.73251,1.70972,-0.02279,60.0
1744878944909957.0,-5293.7,-506.201,1.22285,1.73251,1.5964,-0.136115,60.0
1744878944930616.0,-5294.12,-503.468,1.22299,1.70972,1.73253,0.0228089,60.0
1744878944951332.0,-5294.12,-503.468,1.22299,1.70972,1.61352,-0.0962035,60.0
1744878944972028.0,-5294.12,-503.468,1.22299,1.70972,1.71637,0.00664115,60.0
1744878944992818.0,-5294.54,-500.053,1.22307,1.61352,1.61148,-0.00204552,60.0
1744878945013508.0,-5294.54,-500.053,1.22307,1.61352,1.63795,0.0244264,60.0
1744878945034148.0,-5294.97,-497.32,1.22321,1.61148,1.60016,-0.0113198,60.0
1744878945055023.0,-5294.97,-497.32,1.22321,1.61148,1.73283,0.121354,60.0
1744878945075989.0,-5294.97,-497.32,1.22321,1.61148,1.46036,-0.151113,60.0
1744878945096675.0,-5294.97,-494.588,1.223,1.73283,1.65848,-0.0743548,60.0
1744878945117183.0,-5294.97,-494.588,1.223,1.73283,1.83398,0.101148,60.0
1744878945137918.0,-5295.39,-491.172,1.22309,1.65848,1.72427,0.0657992,60.0
1744878945158531.0,-5295.39,-491.172,1.22309,1.65848,1.55075,-0.107725,60.0
1744878945179163.0,-5295.39,-491.172,1.22309,1.65848,1.56854,-0.0899338,60.0
1744878945199955.0,-5295.81,-488.439,1.22323,1.55075,1.61039,0.0596359,60.0
1744878945220698.0,-5295.81,-488.439,1.22323,1.55075,1.6116,0.0608459,60.0
1744878945241376.0,-5296.24,-485.707,1.22338,1.61039,1.74601,0.135627,60.0
1744878945262088.0,-5296.24,-485.707,1.22338,1.61039,1.5994,-0.0109877,60.0
1744878945282737.0,-5296.24,-482.291,1.22312,1.74601,1.70212,-0.0438917,60.0
1744878945303258.0,-5296.24,-482.291,1.22312,1.74601,1.781,0.0349897,60.0
1744878945324047.0,-5296.24,-482.291,1.22312,1.74601,1.74959,0.0035723,60.0
1744878945344758.0,-5296.66,-479.559,1.22327,1.781,1.61786,-0.163143,60.0
1744878945365319.0,-5296.66,-479.559,1.22327,1.781,1.639,-0.141999,60.0
1744878945386209.0,-5297.09,-476.826,1.22341,1.61786,1.53055,-0.0873063,60.0
1744878945406946.0,-5297.09,-476.826,1.22341,1.61786,1.66541,0.0475464,60.0
1744878945427718.0,-5297.09,-476.826,1.22341,1.61786,1.6421,0.0242384,60.0
1744878945448473.0,-5297.51,-473.41,1.22351,1.66541,1.75695,0.091541,60.0
1744878945469445.0,-5297.51,-473.41,1.22351,1.66541,1.71429,0.0488825,60.0
1744878945489959.0,-5297.51,-470.678,1.22331,1.75695,1.68378,-0.0731644,60.0
1744878945510665.0,-5297.51,-470.678,1.22331,1.75695,1.8089,0.0519495,60.0
1744878945531437.0,-5297.51,-470.678,1.22331,1.75695,1.6129,-0.144052,60.0
1744878945552225.0,-5297.93,-467.262,1.22341,1.8089,1.76079,-0.0481048,60.0
1744878945572945.0,-5297.93,-467.262,1.22341,1.8089,1.67649,-0.132411,60.0
1744878945593719.0,-5298.36,-464.53,1.22357,1.76079,1.81893,0.0581387,60.0
1744878945614734.0,-5298.36,-464.53,1.22357,1.76079,1.68562,-0.0751769,60.0
1744878945635136.0,-5298.78,-461.797,1.22372,1.81893,1.83867,0.0197393,60.0
1744878945655769.0,-5298.78,-461.797,1.22372,1.81893,1.79313,-0.0257999,60.0
1744878945676497.0,-5298.78,-461.797,1.22372,1.81893,1.77535,-0.0435847,60.0
1744878945697687.0,-5299.2,-458.381,1.22383,1.79313,1.71059,-0.0825442,60.0
1744878945718071.0,-5299.2,-458.381,1.22383,1.79313,1.65947,-0.133658,60.0
1744878945738904.0,-5299.2,-455.649,1.22363,1.71059,1.85576,0.145168,60.0
1744878945759848.0,-5299.2,-455.649,1.22363,1.71059,1.58815,-0.122432,60.0
1744878945780455.0,-5299.2,-455.649,1.22363,1.71059,1.68938,-0.0212073,60.0
1744878945801003.0,-5299.63,-452.916,1.22379,1.58815,1.6603,0.072144,60.0
1744878945821715.0,-5299.63,-452.916,1.22379,1.58815,1.73072,0.142565,60.0
1744878945842601.0,-5300.05,-449.501,1.2239,1.6603,1.56147,-0.0988305,60.0
1744878945863360.0,-5300.05,-449.501,1.2239,1.6603,1.72389,0.0635894,60.0
1744878945884331.0,-5300.05,-449.501,1.2239,1.6603,1.73018,0.0698834,60.0
1744878945904933.0,-5300.48,-446.768,1.22407,1.72389,1.81741,0.0935203,60.0
1744878945925332.0,-5300.48,-446.768,1.22407,1.72389,1.61187,-0.112021,60.0
1744878945946244.0,-5300.9,-444.035,1.22423,1.81741,1.82197,0.0045593,60.0
1744878945966786.0,-5300.9,-444.035,1.22423,1.81741,1.67262,-0.14479,60.0
1744878945987846.0,-5301.32,-440.62,1.22434,1.67262,1.66262,-0.00999875,60.0
1744878946008508.0,-5301.32,-440.62,1.22434,1.67262,1.64243,-0.0301861,60.0
1744878946029171.0,-5301.32,-440.62,1.22434,1.67262,1.56608,-0.106534,60.0
1744878946052885.0,-5301.75,-437.887,1.22451,1.64243,1.72001,0.0775803,60.0
1744878946070235.0,-5301.75,-437.887,1.22451,1.64243,1.64847,0.00603768,60.0
1744878946090775.0,-5302.17,-435.155,1.22468,1.72001,1.67953,-0.0404836,60.0
1744878946111934.0,-5302.17,-435.155,1.22468,1.72001,1.63829,-0.0817234,60.0
1744878946132159.0,-5302.17,-435.155,1.22468,1.72001,1.64597,-0.0740375,60.0
1744878946153090.0,-5302.59,-431.739,1.2248,1.63829,1.51091,-0.127376,60.0
1744878946173429.0,-5302.59,-431.739,1.2248,1.63829,1.62321,-0.015084,60.0
1744878946194377.0,-5302.59,-429.006,1.22461,1.51091,1.66501,0.1541,60.0
1744878946215063.0,-5302.59,-429.006,1.22461,1.51091,1.64069,0.129772,60.0
1744878946235738.0,-5302.59,-429.006,1.22461,1.51091,1.67482,0.163905,60.0
1744878946256269.0,-5303.02,-425.591,1.22474,1.64069,1.71298,0.072291,60.0
1744878946277154.0,-5303.02,-425.591,1.22474,1.64069,1.71221,0.0715215,60.0
1744878946298056.0,-5303.44,-422.858,1.22491,1.71298,1.75169,0.038709,60.0
1744878946318285.0,-5303.44,-422.858,1.22491,1.71298,1.73222,0.0192428,60.0
1744878946338946.0,-5303.44,-422.858,1.22491,1.71298,1.82009,0.10711,60.0
1744878946359925.0,-5303.86,-420.126,1.22508,1.73222,1.77118,0.0389601,60.0
1744878946380954.0,-5303.86,-420.126,1.22508,1.73222,1.85074,0.118521,60.0
1744878946401918.0,-5304.29,-416.71,1.22521,1.77118,1.64587,-0.125307,60.0
1744878946422592.0,-5304.29,-416.71,1.22521,1.77118,1.71707,-0.0541109,60.0
1744878946443407.0,-5304.29,-416.71,1.22521,1.77118,1.79296,0.021779,60.0
1744878946464063.0,-5304.71,-413.977,1.22539,1.71707,1.70433,-0.0127404,60.0
1744878946484893.0,-5304.71,-413.977,1.22539,1.71707,1.68711,-0.029963,60.0
1744878946505594.0,-5304.71,-411.245,1.22521,1.70433,1.7353,0.0309747,60.0
1744878946526378.0,-5304.71,-411.245,1.22521,1.70433,1.67861,-0.0257174,60.0
1744878946547217.0,-5305.14,-407.829,1.22535,1.7353,1.57333,-0.161973,60.0
1744878946567920.0,-5305.14,-407.829,1.22535,1.7353,1.71355,-0.0217541,60.0
1744878946588688.0,-5305.14,-407.829,1.22535,1.7353,1.65628,-0.0790187,60.0
1744878946609573.0,-5305.56,-405.097,1.22553,1.71355,1.68577,-0.0277789,60.0
1744878946629911.0,-5305.56,-405.097,1.22553,1.71355,1.64732,-0.0662298,60.0
1744878946650639.0,-5305.98,-402.364,1.22571,1.68577,1.80208,0.11631,60.0
1744878946671660.0,-5305.98,-402.364,1.22571,1.68577,1.59518,-0.0905939,60.0
1744878946692055.0,-5305.98,-402.364,1.22571,1.68577,1.68846,0.0026931,60.0
1744878946713385.0,-5306.41,-398.948,1.22585,1.59518,1.57477,-0.0204082,60.0
1744878946733998.0,-5306.41,-398.948,1.22585,1.59518,1.59352,-0.00166094,60.0
1744878946754609.0,-5306.83,-396.216,1.22603,1.57477,1.5678,-0.00696929,60.0
1744878946775222.0,-5306.83,-396.216,1.22603,1.57477,1.6603,0.0855299,60.0
1744878946795941.0,-5306.83,-396.216,1.22603,1.57477,1.69395,0.119179,60.0
1744878946816743.0,-5307.25,-392.8,1.22617,1.6603,1.61663,-0.043663,60.0
1744878946837292.0,-5307.25,-392.8,1.22617,1.6603,1.53611,-0.124187,60.0
1744878946858065.0,-5307.25,-390.068,1.226,1.61663,1.72707,0.110438,60.0
1744878946878999.0,-5307.25,-390.068,1.226,1.61663,1.74904,0.132401,60.0
1744878946899464.0,-5307.25,-390.068,1.226,1.61663,1.58581,-0.0308247,60.0
1744878946920038.0,-5307.68,-387.335,1.22619,1.74904,1.84303,0.0939986,60.0
1744878946940566.0,-5307.68,-387.335,1.22619,1.74904,1.62061,-0.128427,60.0
1744878946961576.0,-5308.1,-383.919,1.22634,1.84303,1.71483,-0.128203,60.0
1744878946982175.0,-5308.1,-383.919,1.22634,1.84303,1.75705,-0.0859831,60.0
1744878947002821.0,-5308.53,-381.187,1.22653,1.71483,1.72006,0.00523335,60.0
1744878947023731.0,-5308.53,-381.187,1.22653,1.71483,1.86376,0.148932,60.0
1744878947044228.0,-5308.53,-381.187,1.22653,1.71483,1.64171,-0.0731242,60.0
1744878947065097.0,-5308.95,-378.454,1.22672,1.86376,1.7267,-0.137062,60.0
1744878947086066.0,-5308.95,-378.454,1.22672,1.86376,1.79717,-0.0665916,60.0
1744878947106507.0,-5309.37,-375.039,1.22687,1.7267,1.82165,0.0949474,60.0
1744878947127413.0,-5309.37,-375.039,1.22687,1.7267,1.62304,-0.103666,60.0
1744878947148003.0,-5309.37,-375.039,1.22687,1.7267,1.69041,-0.0362893,60.0
1744878947168857.0,-5309.8,-372.306,1.22707,1.62304,1.5825,-0.0405397,60.0
1744878947189483.0,-5309.8,-372.306,1.22707,1.62304,1.56603,-0.0570097,60.0
1744878947210162.0,-5309.8,-369.573,1.22691,1.5825,1.74121,0.158711,60.0
1744878947230749.0,-5309.8,-369.573,1.22691,1.5825,1.69589,0.113391,60.0
1744878947251470.0,-5309.8,-369.573,1.22691,1.5825,1.64966,0.0671642,60.0
1744878947272415.0,-5310.22,-366.158,1.22706,1.69589,1.73196,0.036075,60.0
1744878947293022.0,-5310.22,-366.158,1.22706,1.69589,1.61828,-0.0776083,60.0
1744878947313664.0,-5310.64,-363.425,1.22726,1.73196,1.73051,-0.00145102,60.0
1744878947334325.0,-5310.64,-363.425,1.22726,1.73196,1.72061,-0.0113559,60.0
1744878947355014.0,-5310.64,-363.425,1.22726,1.73196,1.59784,-0.134118,60.0
1744878947375780.0,-5311.07,-360.693,1.22746,1.72061,1.83107,0.110466,60.0
1744878947396574.0,-5311.07,-360.693,1.22746,1.72061,1.75294,0.0323299,60.0
1744878947417243.0,-5311.49,-357.277,1.22762,1.83107,1.75794,-0.0731352,60.0
1744878947437981.0,-5311.49,-357.277,1.22762,1.83107,1.80395,-0.0271261,60.0
1744878947458874.0,-5311.91,-354.544,1.22782,1.75794,1.79199,0.0340547,60.0
1744878947479716.0,-5311.91,-354.544,1.22782,1.75794,1.63985,-0.118084,60.0
1744878947500568.0,-5311.91,-354.544,1.22782,1.75794,1.67032,-0.0876207,60.0
1744878947521411.0,-5312.34,-351.129,1.22799,1.63985,1.70281,0.0629598,60.0
1744878947542162.0,-5312.34,-351.129,1.22799,1.63985,1.73558,0.0957272,60.0
1744878947562461.0,-5312.76,-348.396,1.22819,1.70281,1.54503,-0.157784,60.0
1744878947583445.0,-5312.76,-348.396,1.22819,1.70281,1.63945,-0.0633624,60.0
1744878947604268.0,-5312.76,-348.396,1.22819,1.70281,1.65602,-0.0467893,60.0
1744878947624880.0,-5313.19,-345.664,1.2284,1.63945,1.71332,0.0738685,60.0
1744878947645459.0,-5313.19,-345.664,1.2284,1.63945,1.72607,0.0866196,60.0
1744878947666485.0,-5313.61,-342.248,1.22857,1.71332,1.71397,0.000645488,60.0
1744878947686904.0,-5313.61,-342.248,1.22857,1.71332,1.5672,-0.146121,60.0
1744878947707893.0,-5313.61,-342.248,1.22857,1.71332,1.70896,-0.00436418,60.0
1744878947728565.0,-5313.61,-339.515,1.22842,1.5672,1.72792,0.160718,60.0
1744878947749280.0,-5313.61,-339.515,1.22842,1.5672,1.67817,0.110976,60.0
1744878947769949.0,-5314.03,-336.783,1.22863,1.72792,1.73791,0.00999635,60.0
1744878947790706.0,-5314.03,-336.783,1.22863,1.72792,1.77164,0.0437229,60.0
1744878947811708.0,-5314.03,-336.783,1.22863,1.72792,1.65302,-0.0748951,60.0
1744878947832287.0,-5314.46,-333.367,1.22881,1.77164,1.82463,0.0529924,60.0
1744878947852661.0,-5314.46,-333.367,1.22881,1.77164,1.72484,-0.0468036,60.0
1744878947873319.0,-5314.88,-330.635,1.22902,1.82463,1.71996,-0.104671,60.0
1744878947894697.0,-5314.88,-330.635,1.22902,1.82463,1.84832,0.0236839,60.0
1744878947915124.0,-5314.88,-330.635,1.22902,1.82463,1.68291,-0.141723,60.0
1744878947935843.0,-5315.3,-327.902,1.22923,1.84832,1.93161,0.0832934,60.0
1744878947956361.0,-5315.3,-327.902,1.22923,1.84832,1.77622,-0.0720998,60.0
1744878947976855.0,-5315.73,-324.486,1.22941,1.93161,1.80126,-0.130345,60.0
1744878947997547.0,-5315.73,-324.486,1.22941,1.93161,1.77864,-0.152966,60.0
1744878948018569.0,-5316.15,-321.754,1.22963,1.80126,1.76391,-0.0373509,60.0
1744878948039226.0,-5316.15,-321.754,1.22963,1.80126,1.64483,-0.156439,60.0
1744878948059906.0,-5316.15,-321.754,1.22963,1.80126,1.8249,0.0236381,60.0
1744878948080744.0,-5316.57,-319.021,1.22984,1.64483,1.65856,0.0137345,60.0
1744878948101313.0,-5316.57,-319.021,1.22984,1.64483,1.65677,0.0119455,60.0
1744878948121971.0,-5317.0,-315.605,1.23003,1.65856,1.8204,0.161841,60.0
1744878948142615.0,-5317.0,-315.605,1.23003,1.65856,1.63967,-0.0188943,60.0
1744878948163606.0,-5317.0,-315.605,1.23003,1.65856,1.72257,0.0640136,60.0
1744878948184084.0,-5317.42,-312.873,1.23025,1.63967,1.62183,-0.0178337,60.0
1744878948204719.0,-5317.42,-312.873,1.23025,1.63967,1.65077,0.0111075,60.0
1744878948225491.0,-5317.84,-310.14,1.23047,1.62183,1.60541,-0.0164217,60.0
1744878948245997.0,-5317.84,-310.14,1.23047,1.62183,1.59182,-0.0300087,60.0
1744878948266700.0,-5317.84,-310.14,1.23047,1.62183,1.55687,-0.0649655,60.0
1744878948287684.0,-5318.27,-306.725,1.23066,1.59182,1.7271,0.135273,60.0
1744878948308410.0,-5318.27,-306.725,1.23066,1.59182,1.71103,0.119203,60.0
1744878948329023.0,-5318.69,-303.992,1.23088,1.7271,1.81226,0.0851643,60.0
1744878948349773.0,-5318.69,-303.992,1.23088,1.7271,1.65661,-0.0704869,60.0
1744878948370427.0,-5318.69,-303.992,1.23088,1.7271,1.63753,-0.0895639,60.0
1744878948391587.0,-5319.12,-300.576,1.23107,1.65661,1.69792,0.0413091,60.0
1744878948412416.0,-5319.12,-300.576,1.23107,1.65661,1.57342,-0.083185,60.0
1744878948433010.0,-5319.54,-297.844,1.2313,1.69792,1.66804,-0.0298808,60.0
1744878948453726.0,-5319.54,-297.844,1.2313,1.69792,1.74952,0.0516062,60.0
1744878948474533.0,-5319.96,-295.111,1.23153,1.66804,1.7533,0.0852624,60.0
1744878948496080.0,-5319.96,-295.111,1.23153,1.66804,1.72455,0.0565103,60.0
1744878948516826.0,-5319.96,-295.111,1.23153,1.66804,1.76197,0.0939297,60.0
1744878948537486.0,-5320.39,-291.696,1.23173,1.72455,1.70132,-0.0232301,60.0
1744878948558141.0,-5320.39,-291.696,1.23173,1.72455,1.5612,-0.16335,60.0
1744878948578997.0,-5320.81,-288.963,1.23196,1.70132,1.76777,0.0664494,60.0
1744878948599380.0,-5320.81,-288.963,1.23196,1.70132,1.6606,-0.0407144,60.0
1744878948620033.0,-5320.81,-288.963,1.23196,1.70132,1.63122,-0.0700999,60.0
1744878948640797.0,-5321.23,-286.23,1.23219,1.6606,1.79553,0.134923,60.0
1744878948661458.0,-5321.23,-286.23,1.23219,1.6606,1.8007,0.140098,60.0
1744878948682231.0,-5321.66,-282.815,1.23239,1.79553,1.65324,-0.142282,60.0
1744878948702950.0,-5321.66,-282.815,1.23239,1.79553,1.79275,-0.00277154,60.0
1744878948723759.0,-5321.66,-282.815,1.23239,1.79553,1.77233,-0.0231981,60.0
1744878948744312.0,-5322.08,-280.082,1.23262,1.79275,1.89373,0.100977,60.0
1744878948765033.0,-5322.08,-280.082,1.23262,1.79275,1.76896,-0.0237954,60.0
1744878948785750.0,-5322.5,-277.35,1.23286,1.89373,1.75478,-0.138951,60.0
1744878948806631.0,-5322.5,-277.35,1.23286,1.89373,1.73674,-0.156994,60.0
1744878948827200.0,-5322.5,-277.35,1.23286,1.89373,1.76444,-0.129291,60.0
1744878948847926.0,-5322.93,-273.934,1.23307,1.73674,1.74353,0.00679393,60.0
1744878948868819.0,-5322.93,-273.934,1.23307,1.73674,1.74521,0.00846832,60.0
1744878948889541.0,-5323.35,-271.201,1.2333,1.74353,1.6465,-0.0970342,60.0
1744878948910090.0,-5323.35,-271.201,1.2333,1.74353,1.63638,-0.107151,60.0
1744878948930728.0,-5323.78,-268.469,1.23354,1.6465,1.64765,0.0011559,60.0
1744878948951531.0,-5323.78,-268.469,1.23354,1.6465,1.63318,-0.0133167,60.0
1744878948972076.0,-5323.78,-268.469,1.23354,1.6465,1.76392,0.117423,60.0
1744878948992889.0,-5324.2,-265.053,1.23375,1.63318,1.70566,0.0724779,60.0
1744878949013598.0,-5324.2,-265.053,1.23375,1.63318,1.75637,0.123192,60.0
1744878949034271.0,-5324.62,-262.321,1.234,1.70566,1.67083,-0.0348247,60.0
1744878949055009.0,-5324.62,-262.321,1.234,1.70566,1.78838,0.082717,60.0
1744878949075792.0,-5324.62,-262.321,1.234,1.70566,1.72568,0.0200259,60.0
1744878949096461.0,-5325.05,-259.588,1.23424,1.78838,1.65516,-0.133215,60.0
1744878949117094.0,-5325.05,-259.588,1.23424,1.78838,1.77519,-0.0131872,60.0
1744878949137978.0,-5325.47,-256.172,1.23446,1.65516,1.59547,-0.0596871,60.0
1744878949158404.0,-5325.47,-256.172,1.23446,1.65516,1.59123,-0.0639261,60.0
1744878949179193.0,-5325.47,-256.172,1.23446,1.65516,1.67627,0.0211084,60.0
1744878949200244.0,-5325.89,-253.44,1.2347,1.59123,1.63146,0.0402228,60.0
1744878949220881.0,-5325.89,-253.44,1.2347,1.59123,1.59155,0.00031907,60.0
1744878949241930.0,-5326.32,-250.707,1.23495,1.63146,1.73923,0.107772,60.0
1744878949262477.0,-5326.32,-250.707,1.23495,1.63146,1.79424,0.162778,60.0
1744878949283417.0,-5326.32,-250.707,1.23495,1.63146,1.62468,-0.0067728,60.0
1744878949304247.0,-5326.74,-247.291,1.23517,1.79424,1.78458,-0.00965251,60.0
1744878949324837.0,-5326.74,-247.291,1.23517,1.79424,1.74168,-0.0525562,60.0
1744878949348179.0,-5327.16,-244.559,1.23542,1.78458,1.65272,-0.131867,60.0
1744878949369049.0,-5327.16,-244.559,1.23542,1.78458,1.66809,-0.116489,60.0
1744878949389663.0,-5327.59,-241.143,1.23564,1.65272,1.67157,0.0188506,60.0
1744878949410598.0,-5327.59,-241.143,1.23564,1.65272,1.68532,0.032605,60.0
1744878949431263.0,-5327.59,-241.143,1.23564,1.65272,1.57346,-0.0792587,60.0
1744878949452011.0,-5328.01,-238.411,1.2359,1.68532,1.77784,0.092523,60.0
1744878949472533.0,-5328.01,-238.411,1.2359,1.68532,1.56526,-0.120065,60.0
1744878949493553.0,-5328.43,-235.678,1.23615,1.77784,1.77317,-0.00467479,60.0
1744878949513967.0,-5328.43,-235.678,1.23615,1.77784,1.74864,-0.029203,60.0
1744878949534614.0,-5328.43,-235.678,1.23615,1.77784,1.76734,-0.0105031,60.0
1744878949555319.0,-5328.43,-232.262,1.23602,1.74864,1.65236,-0.0962803,60.0
1744878949575807.0,-5328.43,-232.262,1.23602,1.74864,1.66157,-0.0870674,60.0
1744878949596678.0,-5328.86,-229.53,1.23628,1.65236,1.60124,-0.0511211,60.0
1744878949617492.0,-5328.86,-229.53,1.23628,1.65236,1.58102,-0.0713419,60.0
1744878949638030.0,-5329.28,-226.797,1.23654,1.60124,1.65115,0.049912,60.0
1744878949658689.0,-5329.28,-226.797,1.23654,1.60124,1.57153,-0.0297067,60.0
1744878949679353.0,-5329.28,-226.797,1.23654,1.60124,1.63844,0.0371956,60.0
1744878949700048.0,-5329.71,-223.382,1.23677,1.57153,1.56194,-0.00959674,60.0
1744878949720683.0,-5329.71,-223.382,1.23677,1.57153,1.47505,-0.0964822,60.0
1744878949741477.0,-5330.13,-220.649,1.23703,1.56194,1.59291,0.0309728,60.0
1744878949762194.0,-5330.13,-220.649,1.23703,1.56194,1.66125,0.0993093,60.0
1744878949782854.0,-5330.13,-220.649,1.23703,1.56194,1.54358,-0.018354,60.0
1744878949803938.0,-5330.55,-217.916,1.23729,1.66125,1.70374,0.0424932,60.0
1744878949824831.0,-5330.55,-217.916,1.23729,1.66125,1.6345,-0.0267489,60.0
1744878949845252.0,-5330.98,-214.501,1.23753,1.70374,1.59328,-0.110462,60.0
1744878949866032.0,-5330.98,-214.501,1.23753,1.70374,1.58298,-0.120756,60.0
1744878949886945.0,-5330.98,-214.501,1.23753,1.70374,1.72286,0.019125,60.0
1744878949907767.0,-5331.4,-211.768,1.2378,1.58298,1.74371,0.160724,60.0
1744878949928426.0,-5331.4,-211.768,1.2378,1.58298,1.56077,-0.0222099,60.0
1744878949948927.0,-5331.82,-209.036,1.23806,1.74371,1.7656,0.0218885,60.0
1744878949969704.0,-5331.82,-209.036,1.23806,1.74371,1.64939,-0.0943131,60.0
1744878949991611.0,-5331.82,-209.036,1.23806,1.74371,1.65808,-0.0856283,60.0
1744878950012530.0,-5331.82,-205.62,1.23795,1.64939,1.61271,-0.0366808,60.0
1744878950033082.0,-5331.82,-205.62,1.23795,1.64939,1.69245,0.0430588,60.0
1744878950053667.0,-5332.25,-202.887,1.23822,1.61271,1.74445,0.131732,60.0
1744878950074588.0,-5332.25,-202.887,1.23822,1.61271,1.61404,0.00132628,60.0
1744878950095276.0,-5332.67,-199.472,1.23847,1.74445,1.60566,-0.138782,60.0
1744878950116136.0,-5332.67,-199.472,1.23847,1.74445,1.74268,-0.00176681,60.0
1744878950136768.0,-5332.67,-199.472,1.23847,1.74445,1.65702,-0.0874254,60.0
1744878950157519.0,-5333.09,-196.739,1.23874,1.74268,1.90352,0.160839,60.0
1744878950178401.0,-5333.09,-196.739,1.23874,1.74268,1.65279,-0.0898849,60.0
1744878950199083.0,-5333.52,-194.006,1.23901,1.90352,1.74476,-0.15876,60.0
1744878950219812.0,-5333.52,-194.006,1.23901,1.90352,1.81365,-0.0898694,60.0
1744878950240534.0,-5333.52,-194.006,1.23901,1.90352,1.79481,-0.108712,60.0
1744878950261226.0,-5333.94,-190.591,1.23926,1.81365,1.79683,-0.0168182,60.0
1744878950281868.0,-5333.94,-190.591,1.23926,1.81365,1.92733,0.113684,60.0
1744878950302652.0,-5333.94,-187.858,1.23918,1.79683,1.69807,-0.0987596,60.0
1744878950323177.0,-5333.94,-187.858,1.23918,1.79683,1.87289,0.0760619,60.0
1744878950343656.0,-5333.94,-187.858,1.23918,1.79683,1.66725,-0.129579,60.0
1744878950364318.0,-5334.36,-185.126,1.23946,1.87289,1.80488,-0.0680139,60.0
1744878950385639.0,-5334.36,-185.126,1.23946,1.87289,1.95238,0.0794915,60.0
1744878950406789.0,-5334.79,-181.71,1.23971,1.80488,1.80037,-0.00450665,60.0
1744878950427441.0,-5334.79,-181.71,1.23971,1.80488,1.7512,-0.0536768,60.0
1744878950448248.0,-5335.64,-178.977,1.24035,1.80037,1.68463,-0.115742,60.0
1744878950468996.0,-5335.64,-178.977,1.24035,1.80037,1.77569,-0.0246797,60.0
1744878950489913.0,-5335.64,-178.977,1.24035,1.80037,1.72301,-0.0773616,60.0
1744878950510863.0,-5336.06,-176.245,1.24063,1.77569,1.71218,-0.0635122,60.0
1744878950531322.0,-5336.06,-176.245,1.24063,1.77569,1.87566,0.0999725,60.0
1744878950552497.0,-5336.48,-172.829,1.24089,1.71218,1.72622,0.0140367,60.0
1744878950573151.0,-5336.48,-172.829,1.24089,1.71218,1.58234,-0.129839,60.0
1744878950593998.0,-5336.48,-172.829,1.24089,1.71218,1.72706,0.0148825,60.0
1744878950615194.0,-5336.91,-170.096,1.24117,1.58234,1.6409,0.0585547,60.0
1744878950635502.0,-5336.91,-170.096,1.24117,1.58234,1.71655,0.134205,60.0
1744878950656739.0,-5337.33,-167.364,1.24145,1.6409,1.57005,-0.0708473,60.0
1744878950677338.0,-5337.33,-167.364,1.24145,1.6409,1.6038,-0.0370923,60.0
1744878950698115.0,-5337.33,-167.364,1.24145,1.6409,1.60393,-0.0369636,60.0
1744878950718554.0,-5337.75,-163.948,1.24172,1.6038,1.71409,0.110286,60.0
1744878950739809.0,-5337.75,-163.948,1.24172,1.6038,1.5781,-0.0257058,60.0
1744878950760542.0,-5338.18,-161.216,1.24201,1.71409,1.73678,0.0226891,60.0
1744878950781318.0,-5338.18,-161.216,1.24201,1.71409,1.66989,-0.0441962,60.0
1744878950802090.0,-5338.6,-158.483,1.24229,1.73678,1.59169,-0.145086,60.0
1744878950823001.0,-5338.6,-158.483,1.24229,1.73678,1.7999,0.063122,60.0
1744878950843893.0,-5338.6,-158.483,1.24229,1.73678,1.74263,0.00585594,60.0
1744878950864700.0,-5339.02,-155.067,1.24256,1.7999,1.65572,-0.144178,60.0
1744878950885515.0,-5339.02,-155.067,1.24256,1.7999,1.72885,-0.0710519,60.0
1744878950906336.0,-5339.45,-152.335,1.24285,1.65572,1.63036,-0.0253669,60.0
1744878950927255.0,-5339.45,-152.335,1.24285,1.65572,1.74803,0.0923092,60.0
1744878950947951.0,-5339.45,-152.335,1.24285,1.65572,1.72507,0.0693521,60.0
1744878950968583.0,-5339.87,-149.602,1.24314,1.74803,1.64502,-0.103014,60.0
1744878950989192.0,-5339.87,-149.602,1.24314,1.74803,1.69777,-0.0502576,60.0
1744878951009916.0,-5340.29,-146.186,1.24342,1.64502,1.75193,0.106914,60.0
1744878951030878.0,-5340.29,-146.186,1.24342,1.64502,1.65211,0.00709501,60.0
1744878951051468.0,-5340.29,-146.186,1.24342,1.64502,1.62039,-0.0246318,60.0
1744878951072124.0,-5340.72,-143.454,1.24371,1.65211,1.7516,0.0994922,60.0
1744878951092813.0,-5340.72,-143.454,1.24371,1.65211,1.58561,-0.0665056,60.0
1744878951113629.0,-5341.14,-140.721,1.24401,1.7516,1.75829,0.0066852,60.0
1744878951134372.0,-5341.14,-140.721,1.24401,1.7516,1.71106,-0.0405444,60.0
1744878951155206.0,-5341.14,-140.721,1.24401,1.7516,1.61848,-0.133122,60.0
1744878951175735.0,-5341.57,-137.306,1.24429,1.71106,1.70251,-0.00854849,60.0
1744878951196481.0,-5341.57,-137.306,1.24429,1.71106,1.61345,-0.0976132,60.0
1744878951217254.0,-5341.99,-134.573,1.24459,1.70251,1.84754,0.145027,60.0
1744878951237840.0,-5341.99,-134.573,1.24459,1.70251,1.67468,-0.0278292,60.0
1744878951258552.0,-5342.41,-131.157,1.24487,1.84754,1.71676,-0.130782,60.0
1744878951279155.0,-5342.41,-131.157,1.24487,1.84754,1.75885,-0.0886894,60.0
1744878951299941.0,-5342.41,-131.157,1.24487,1.84754,2.01071,0.163174,60.0
1744878951320659.0,-5342.84,-128.425,1.24517,1.75885,1.72557,-0.0332829,60.0
1744878951341588.0,-5342.84,-128.425,1.24517,1.75885,1.71716,-0.0416874,60.0
1744878951362396.0,-5343.26,-125.692,1.24548,1.72557,1.62335,-0.102214,60.0
1744878951383045.0,-5343.26,-125.692,1.24548,1.72557,1.70065,-0.02492,60.0
1744878951404530.0,-5343.26,-125.692,1.24548,1.72557,1.65991,-0.0656511,60.0
1744878951425655.0,-5343.68,-122.276,1.24576,1.70065,1.82979,0.129148,60.0
1744878951446230.0,-5343.68,-122.276,1.24576,1.70065,1.64955,-0.0510984,60.0
1744878951466538.0,-5344.11,-119.544,1.24607,1.82979,1.86798,0.0381855,60.0
1744878951487259.0,-5344.11,-119.544,1.24607,1.82979,1.79682,-0.0329763,60.0
1744878951507909.0,-5344.11,-119.544,1.24607,1.82979,1.67941,-0.150384,60.0
1744878951528613.0,-5344.53,-116.811,1.24637,1.79682,1.75793,-0.0388903,60.0
1744878951549246.0,-5344.53,-116.811,1.24637,1.79682,1.82686,0.0300458,60.0
1744878951569841.0,-5344.95,-113.396,1.24667,1.75793,1.63108,-0.126842,60.0
1744878951590561.0,-5344.95,-113.396,1.24667,1.75793,1.63075,-0.127175,60.0
1744878951611280.0,-5344.95,-113.396,1.24667,1.75793,1.85471,0.0967877,60.0
1744878951632098.0,-5345.38,-110.663,1.24698,1.63075,1.61496,-0.01579,60.0
1744878951652888.0,-5345.38,-110.663,1.24698,1.63075,1.73952,0.10877,60.0
1744878951673392.0,-5345.8,-107.93,1.24729,1.61496,1.74226,0.127294,60.0
1744878951693915.0,-5345.8,-107.93,1.24729,1.61496,1.69512,0.0801626,60.0
1744878951714452.0,-5346.22,-104.515,1.24758,1.74226,1.70072,-0.0415327,60.0
1744878951735093.0,-5346.22,-104.515,1.24758,1.74226,1.82155,0.0792977,60.0
1744878951755563.0,-5346.22,-104.515,1.24758,1.74226,1.60521,-0.137043,60.0
1744878951776348.0,-5346.65,-101.782,1.2479,1.82155,1.68224,-0.139309,60.0
1744878951796957.0,-5346.65,-101.782,1.2479,1.82155,1.7731,-0.0484507,60.0
1744878951817533.0,-5347.07,-99.0496,1.24821,1.68224,1.62953,-0.0527153,60.0
1744878951838092.0,-5347.07,-99.0496,1.24821,1.68224,1.76266,0.0804167,60.0
1744878951858834.0,-5347.07,-99.0496,1.24821,1.68224,1.67687,-0.00537118,60.0
1744878951879750.0,-5347.49,-95.6339,1.24851,1.76266,1.71906,-0.0435987,60.0
1744878951901907.0,-5347.49,-95.6339,1.24851,1.76266,1.81673,0.0540736,60.0
1744878951922529.0,-5348.34,-92.9013,1.24919,1.71906,1.68423,-0.0348353,60.0
1744878951943018.0,-5348.34,-92.9013,1.24919,1.71906,1.67028,-0.0487814,60.0
1744878951963500.0,-5348.34,-92.9013,1.24919,1.71906,1.64259,-0.0764724,60.0
1744878951984180.0,-5348.77,-90.1687,1.2495,1.67028,1.53296,-0.137326,60.0
1744878952004813.0,-5348.77,-90.1687,1.2495,1.67028,1.69605,0.0257723,60.0
1744878952025657.0,-5349.19,-86.753,1.24981,1.53296,1.53506,0.00210679,60.0
1744878952046361.0,-5349.19,-86.753,1.24981,1.53296,1.56532,0.0323678,60.0
1744878952067065.0,-5349.61,-84.0204,1.25013,1.53506,1.58186,0.0467962,60.0
1744878952087899.0,-5349.61,-84.0204,1.25013,1.53506,1.574,0.0389372,60.0
1744878952108546.0,-5349.61,-84.0204,1.25013,1.53506,1.61888,0.0838158,60.0
1744878952129350.0,-5350.04,-81.2879,1.25045,1.574,1.59979,0.0257893,60.0
1744878952149926.0,-5350.04,-81.2879,1.25045,1.574,1.71692,0.142917,60.0
1744878952170574.0,-5350.04,-77.8721,1.25041,1.59979,1.67481,0.0750175,60.0
1744878952191428.0,-5350.04,-77.8721,1.25041,1.59979,1.5638,-0.0359869,60.0
1744878952211986.0,-5350.04,-77.8721,1.25041,1.59979,1.6274,0.0276138,60.0
1744878952232644.0,-5350.46,-75.1396,1.25073,1.5638,1.55942,-0.0043778,60.0
1744878952253532.0,-5350.46,-75.1396,1.25073,1.5638,1.65097,0.0871641,60.0
1744878952273989.0,-5350.88,-72.407,1.25106,1.55942,1.62153,0.0621038,60.0
1744878952294512.0,-5350.88,-72.407,1.25106,1.55942,1.68938,0.129961,60.0
1744878952315413.0,-5350.88,-72.407,1.25106,1.55942,1.69903,0.139606,60.0
1744878952335791.0,-5351.31,-68.9913,1.25138,1.68938,1.67892,-0.0104597,60.0
1744878952356363.0,-5351.31,-68.9913,1.25138,1.68938,1.73021,0.0408273,60.0
1744878952377020.0,-5351.73,-66.2587,1.2517,1.67892,1.82528,0.146357,60.0
1744878952397941.0,-5351.73,-66.2587,1.2517,1.67892,1.63649,-0.0424351,60.0
1744878952418550.0,-5351.73,-66.2587,1.2517,1.67892,1.81889,0.139969,60.0
1744878952439274.0,-5351.73,-62.8429,1.25167,1.63649,1.64059,0.00410232,60.0
1744878952460027.0,-5351.73,-62.8429,1.25167,1.63649,1.77866,0.142172,60.0
1744878952480744.0,-5352.15,-60.1104,1.252,1.64059,1.68656,0.0459699,60.0
1744878952501387.0,-5352.15,-60.1104,1.252,1.64059,1.62404,-0.0165508,60.0
1744878952522027.0,-5352.58,-57.3778,1.25233,1.68656,1.79934,0.112779,60.0
1744878952542943.0,-5352.58,-57.3778,1.25233,1.68656,1.68335,-0.00321687,60.0
1744878952563397.0,-5352.58,-57.3778,1.25233,1.68656,1.5821,-0.104463,60.0
1744878952584263.0,-5353.0,-53.9621,1.25266,1.68335,1.67717,-0.0061788,60.0
1744878952604955.0,-5353.0,-53.9621,1.25266,1.68335,1.66669,-0.0166524,60.0
1744878952625674.0,-5353.0,-51.2295,1.25263,1.67717,1.61691,-0.0602542,60.0
1744878952646222.0,-5353.0,-51.2295,1.25263,1.67717,1.59096,-0.0862053,60.0
1744878952667056.0,-5353.0,-51.2295,1.25263,1.67717,1.62863,-0.0485407,60.0
1744878952687733.0,-5353.42,-48.4969,1.25297,1.59096,1.61172,0.020758,60.0
1744878952708342.0,-5353.42,-48.4969,1.25297,1.59096,1.65984,0.0688742,60.0
1744878952729356.0,-5353.85,-45.0812,1.2533,1.61172,1.66377,0.0520493,60.0
1744878952750198.0,-5353.85,-45.0812,1.2533,1.61172,1.61849,0.00677274,60.0
1744878952771069.0,-5353.85,-45.0812,1.2533,1.61172,1.66266,0.050946,60.0
1744878952791966.0,-5354.27,-42.3486,1.25364,1.61849,1.51791,-0.100585,60.0
1744878952812957.0,-5354.27,-42.3486,1.25364,1.61849,1.60317,-0.0153226,60.0
1744878952833738.0,-5354.27,-39.616,1.25362,1.51791,1.58286,0.0649582,60.0
1744878952854601.0,-5354.27,-39.616,1.25362,1.51791,1.61075,0.0928451,60.0
1744878952875253.0,-5354.69,-36.2003,1.25396,1.58286,1.70618,0.12331,60.0
1744878952896463.0,-5354.69,-36.2003,1.25396,1.58286,1.57471,-0.00815916,60.0
1744878952916970.0,-5354.69,-36.2003,1.25396,1.58286,1.64416,0.0612931,60.0
1744878952937676.0,-5354.69,-33.4677,1.25394,1.57471,1.69678,0.122073,60.0
1744878952958203.0,-5354.69,-33.4677,1.25394,1.57471,1.64521,0.0705012,60.0
1744878952978945.0,-5355.12,-30.052,1.25428,1.69678,1.69347,-0.00330498,60.0
1744878952999307.0,-5355.12,-30.052,1.25428,1.69678,1.73932,0.0425438,60.0
1744878953020102.0,-5355.12,-30.052,1.25428,1.69678,1.55887,-0.137907,60.0
1744878953040855.0,-5355.54,-27.3194,1.25463,1.73932,1.74137,0.00205024,60.0
1744878953061436.0,-5355.54,-27.3194,1.25463,1.73932,1.59646,-0.142864,60.0
1744878953081883.0,-5355.54,-24.5868,1.25462,1.74137,1.88733,0.145955,60.0
1744878953102468.0,-5355.54,-24.5868,1.25462,1.74137,1.75524,0.0138722,60.0
1744878953123122.0,-5355.54,-24.5868,1.25462,1.74137,1.74789,0.00651752,60.0
1744878953143752.0,-5355.97,-21.1711,1.25496,1.75524,1.75275,-0.00249828,60.0
1744878953164293.0,-5355.97,-21.1711,1.25496,1.75524,1.77319,0.0179498,60.0
1744878953184868.0,-5356.39,-18.4385,1.25531,1.75275,1.66722,-0.0855297,60.0
1744878953205607.0,-5356.39,-18.4385,1.25531,1.75275,1.81617,0.0634218,60.0
1744878953225935.0,-5356.39,-18.4385,1.25531,1.75275,1.60606,-0.146689,60.0
1744878953246635.0,-5356.39,-15.7059,1.2553,1.81617,1.65437,-0.161796,60.0
1744878953267417.0,-5356.39,-15.7059,1.2553,1.81617,1.74706,-0.0691067,60.0
1744878953288302.0,-5356.81,-12.2902,1.25565,1.65437,1.75877,0.104401,60.0
1744878953308960.0,-5356.81,-12.2902,1.25565,1.65437,1.73884,0.0844645,60.0
1744878953329615.0,-5357.24,-9.55761,1.256,1.75877,1.73658,-0.0221902,60.0
1744878953350369.0,-5357.24,-9.55761,1.256,1.75877,1.78422,0.0254418,60.0
1744878953371316.0,-5357.24,-9.55761,1.256,1.75877,1.83056,0.0717845,60.0
1744878953392031.0,-5357.66,-6.14189,1.25635,1.78422,1.73281,-0.0514078,60.0
1744878953412925.0,-5357.66,-6.14189,1.25635,1.78422,1.67541,-0.108805,60.0
1744878953433402.0,-5358.08,-3.4093,1.25671,1.73281,1.68536,-0.0474462,60.0
1744878953454288.0,-5358.08,-3.4093,1.25671,1.73281,1.77621,0.0433993,60.0
1744878953475322.0,-5358.08,-3.4093,1.25671,1.73281,1.82737,0.0945635,60.0
1744878953496014.0,-5358.08,-0.676719,1.25671,1.77621,1.73572,-0.0404913,60.0
1744878953516785.0,-5358.08,-0.676719,1.25671,1.77621,1.76117,-0.0150347,60.0
1744878953537302.0,-5358.51,2.73901,1.25707,1.73572,1.73316,-0.00255968,60.0
1744878953558246.0,-5358.51,2.73901,1.25707,1.73572,1.60092,-0.134797,60.0
1744878953578934.0,-5358.51,2.73901,1.25707,1.73572,1.79913,0.0634119,60.0
1744878953599456.0,-5358.93,5.47159,1.25742,1.60092,1.70351,0.102594,60.0
1744878953620130.0,-5358.93,5.47159,1.25742,1.60092,1.57782,-0.0230941,60.0
1744878953641002.0,-5359.35,8.20418,1.25778,1.70351,1.66015,-0.043364,60.0
1744878953661502.0,-5359.35,8.20418,1.25778,1.70351,1.71726,0.0137503,60.0
1744878953682215.0,-5359.35,8.20418,1.25778,1.70351,1.58084,-0.122667,60.0
1744878953702730.0,-5359.78,11.6199,1.25815,1.71726,1.72128,0.0040157,60.0
1744878953723545.0,-5359.78,11.6199,1.25815,1.71726,1.67688,-0.0403859,60.0
1744878953744290.0,-5360.2,14.3525,1.25851,1.72128,1.67179,-0.0494917,60.0
1744878953764880.0,-5360.2,14.3525,1.25851,1.72128,1.78279,0.0615071,60.0
1744878953785609.0,-5360.62,17.0851,1.25887,1.67179,1.54049,-0.131299,60.0
1744878953806242.0,-5360.62,17.0851,1.25887,1.67179,1.77129,0.0995038,60.0
1744878953826729.0,-5360.62,17.0851,1.25887,1.67179,1.51421,-0.157578,60.0
1744878953847726.0,-5360.62,20.5008,1.25888,1.77129,1.73922,-0.0320688,60.0
1744878953868493.0,-5360.62,20.5008,1.25888,1.77129,1.63261,-0.138677,60.0
1744878953889438.0,-5360.62,20.5008,1.25888,1.77129,1.8022,0.0309107,60.0
1744878953910591.0,-5361.05,23.2334,1.25925,1.63261,1.57453,-0.0580796,60.0
1744878953930912.0,-5361.05,23.2334,1.25925,1.63261,1.77114,0.138531,60.0
1744878953951891.0,-5361.47,25.966,1.25962,1.57453,1.53958,-0.0349492,60.0
1744878953972682.0,-5361.47,25.966,1.25962,1.57453,1.73881,0.164275,60.0
1744878953993551.0,-5361.89,29.3817,1.25999,1.73881,1.86661,0.127803,60.0
1744878954014051.0,-5361.89,29.3817,1.25999,1.73881,1.62795,-0.110861,60.0
1744878954034737.0,-5361.89,29.3817,1.25999,1.73881,1.82137,0.0825638,60.0
1744878954055579.0,-5362.32,32.1143,1.26036,1.62795,1.73677,0.108821,60.0
1744878954076339.0,-5362.32,32.1143,1.26036,1.62795,1.69293,0.0649822,60.0
1744878954096975.0,-5362.74,35.53,1.26073,1.73677,1.70471,-0.032059,60.0
1744878954117757.0,-5362.74,35.53,1.26073,1.73677,1.7741,0.0373341,60.0
1744878954138380.0,-5362.74,35.53,1.26073,1.73677,1.72529,-0.0114793,60.0
1744878954159385.0,-5363.16,38.2626,1.26111,1.7741,1.7934,0.019301,60.0
1744878954180069.0,-5363.16,38.2626,1.26111,1.7741,1.624,-0.150107,60.0
1744878954200628.0,-5363.16,40.9952,1.26112,1.7934,1.82194,0.0285397,60.0
1744878954221167.0,-5363.16,40.9952,1.26112,1.7934,1.77994,-0.0134681,60.0
1744878954242161.0,-5363.16,40.9952,1.26112,1.7934,1.66067,-0.13273,60.0
1744878954262564.0,-5363.59,44.4109,1.2615,1.77994,1.77762,-0.0023132,60.0
1744878954283305.0,-5363.59,44.4109,1.2615,1.77994,1.75019,-0.0297439,60.0
1744878954304202.0,-5364.01,47.1435,1.26188,1.77762,1.65909,-0.118532,60.0
1744878954324781.0,-5364.01,47.1435,1.26188,1.77762,1.68093,-0.0966932,60.0
1744878954345451.0,-5364.01,47.1435,1.26188,1.77762,1.64681,-0.13081,60.0
1744878954366081.0,-5364.43,49.8761,1.26226,1.68093,1.60474,-0.0761903,60.0
1744878954386584.0,-5364.43,49.8761,1.26226,1.68093,1.62081,-0.0601213,60.0
1744878954407862.0,-5364.86,53.2918,1.26264,1.60474,1.73592,0.131179,60.0
1744878954428766.0,-5364.86,53.2918,1.26264,1.60474,1.65925,0.0545076,60.0
1744878954449593.0,-5365.28,56.0244,1.26302,1.73592,1.68448,-0.0514348,60.0
1744878954470243.0,-5365.28,56.0244,1.26302,1.73592,1.61221,-0.123706,60.0
1744878954490953.0,-5365.28,56.0244,1.26302,1.73592,1.60525,-0.130672,60.0
1744878954511588.0,-5365.71,58.757,1.2634,1.61221,1.6828,0.0705842,60.0
1744878954532571.0,-5365.71,58.757,1.2634,1.61221,1.54216,-0.0700502,60.0
1744878954553150.0,-5366.13,62.1728,1.26379,1.6828,1.7675,0.0847063,60.0
1744878954573913.0,-5366.13,62.1728,1.26379,1.6828,1.55471,-0.128091,60.0
1744878954594404.0,-5366.13,62.1728,1.26379,1.6828,1.67642,-0.00637753,60.0
1744878954615203.0,-5366.55,64.9054,1.26418,1.55471,1.62653,0.0718226,60.0
1744878954635780.0,-5366.55,64.9054,1.26418,1.55471,1.5171,-0.0376043,60.0
1744878954656874.0,-5366.98,67.6379,1.26456,1.62653,1.54797,-0.0785553,60.0
1744878954677404.0,-5366.98,67.6379,1.26456,1.62653,1.51655,-0.109983,60.0
1744878954698331.0,-5366.98,67.6379,1.26456,1.62653,1.64026,0.0137294,60.0
1744878954718911.0,-5366.98,71.0537,1.2646,1.51655,1.58104,0.0644919,60.0
1744878954739570.0,-5366.98,71.0537,1.2646,1.51655,1.65387,0.137327,60.0
1744878954760208.0,-5367.4,73.7863,1.26499,1.58104,1.48781,-0.0932261,60.0
1744878954780871.0,-5367.4,73.7863,1.26499,1.58104,1.70791,0.126869,60.0
1744878954801416.0,-5367.4,73.7863,1.26499,1.58104,1.49639,-0.0846446,60.0
1744878954822423.0,-5367.82,77.202,1.26539,1.70791,1.66056,-0.0473474,60.0
1744878954843085.0,-5367.82,77.202,1.26539,1.70791,1.7102,0.00229232,60.0
1744878954863687.0,-5368.25,79.9346,1.26578,1.66056,1.6942,0.0336373,60.0
1744878954884129.0,-5368.25,79.9346,1.26578,1.66056,1.64256,-0.0179946,60.0
1744878954905104.0,-5368.25,79.9346,1.26578,1.66056,1.71254,0.0519789,60.0
1744878954926211.0,-5368.25,82.6672,1.26581,1.64256,1.64739,0.00482314,60.0
1744878954947001.0,-5368.25,82.6672,1.26581,1.64256,1.69084,0.0482748,60.0
1744878954967724.0,-5368.67,86.0829,1.26621,1.64739,1.69644,0.0490538,60.0
1744878954988345.0,-5368.67,86.0829,1.26621,1.64739,1.77379,0.126406,60.0
1744878955009138.0,-5369.09,88.8155,1.26661,1.69644,1.66601,-0.0304294,60.0
1744878955030053.0,-5369.09,88.8155,1.26661,1.69644,1.61241,-0.0840292,60.0
1744878955050924.0,-5369.09,88.8155,1.26661,1.69644,1.76231,0.0658723,60.0
1744878955071805.0,-5369.52,91.5481,1.26701,1.61241,1.75652,0.144104,60.0
1744878955092666.0,-5369.52,91.5481,1.26701,1.61241,1.77472,0.162312,60.0
1744878955113532.0,-5369.52,94.9638,1.26706,1.75652,1.7394,-0.0171191,60.0
1744878955134525.0,-5369.52,94.9638,1.26706,1.75652,1.59785,-0.158665,60.0
1744878955155344.0,-5369.52,94.9638,1.26706,1.75652,1.76063,0.00411533,60.0
1744878955176053.0,-5369.94,97.6964,1.26745,1.59785,1.66606,0.0682043,60.0
1744878955196797.0,-5369.94,97.6964,1.26745,1.59785,1.57189,-0.0259642,60.0
1744878955217569.0,-5370.36,101.112,1.26786,1.66606,1.59199,-0.0740658,60.0
1744878955238284.0,-5370.36,101.112,1.26786,1.66606,1.58192,-0.0841389,60.0
1744878955259150.0,-5370.36,101.112,1.26786,1.66606,1.66486,-0.00119523,60.0
1744878955279705.0,-5370.36,103.845,1.26791,1.58192,1.56608,-0.0158401,60.0
1744878955300573.0,-5370.36,103.845,1.26791,1.58192,1.74565,0.163737,60.0
1744878955321165.0,-5370.79,106.577,1.26831,1.56608,1.62426,0.0581866,60.0
1744878955342096.0,-5370.79,106.577,1.26831,1.56608,1.68549,0.119415,60.0
1744878955362892.0,-5371.21,109.993,1.26873,1.62426,1.71452,0.0902547,60.0
1744878955383133.0,-5371.21,109.993,1.26873,1.62426,1.52833,-0.0959304,60.0
1744878955403998.0,-5371.21,109.993,1.26873,1.62426,1.66685,0.0425825,60.0
1744878955424696.0,-5371.21,112.726,1.26877,1.52833,1.62445,0.0961189,60.0
1744878955445391.0,-5371.21,112.726,1.26877,1.52833,1.48,-0.0483279,60.0
1744878955466090.0,-5371.63,115.458,1.26918,1.62445,1.68294,0.0584841,60.0
1744878955486805.0,-5371.63,115.458,1.26918,1.62445,1.54016,-0.0842897,60.0
1744878955507444.0,-5371.63,115.458,1.26918,1.62445,1.47394,-0.150516,60.0
1744878955528139.0,-5371.63,118.874,1.26924,1.54016,1.62485,0.084689,60.0
1744878955548843.0,-5371.63,118.874,1.26924,1.54016,1.68305,0.142883,60.0
1744878955569613.0,-5372.06,121.607,1.26965,1.62485,1.73641,0.111564,60.0
1744878955590313.0,-5372.06,121.607,1.26965,1.62485,1.6979,0.0730471,60.0
1744878955611001.0,-5372.06,121.607,1.26965,1.62485,1.51243,-0.11242,60.0
1744878955632006.0,-5372.06,125.022,1.26972,1.6979,1.8187,0.120802,60.0
1744878955652627.0,-5372.06,125.022,1.26972,1.6979,1.6505,-0.047401,60.0
1744878955673329.0,-5372.48,127.755,1.27013,1.8187,1.72044,-0.0982572,60.0
1744878955693991.0,-5372.48,127.755,1.27013,1.8187,1.69426,-0.124444,60.0
1744878955714773.0,-5372.48,127.755,1.27013,1.8187,1.80008,-0.0186224,60.0
1744878955735424.0,-5372.9,130.488,1.27054,1.69426,1.67977,-0.0144878,60.0
1744878955756097.0,-5372.9,130.488,1.27054,1.69426,1.73446,0.0402007,60.0
1744878955776804.0,-5372.9,133.903,1.27061,1.67977,1.72314,0.0433716,60.0
1744878955797466.0,-5372.9,133.903,1.27061,1.67977,1.72241,0.0426383,60.0
1744878955818162.0,-5373.33,136.636,1.27103,1.72314,1.65329,-0.0698495,60.0
1744878955839175.0,-5373.33,136.636,1.27103,1.72314,1.76205,0.0389071,60.0
1744878955859941.0,-5373.33,136.636,1.27103,1.72314,1.74486,0.0217206,60.0
1744878955880390.0,-5373.33,139.368,1.27109,1.76205,1.76747,0.00542131,60.0
1744878955901523.0,-5373.33,139.368,1.27109,1.76205,1.677,-0.08505,60.0
1744878955929565.0,-5373.75,142.784,1.27152,1.76747,1.63369,-0.133781,60.0
1744878955943034.0,-5373.75,142.784,1.27152,1.76747,1.69039,-0.0770822,60.0
1744878955963607.0,-5373.75,142.784,1.27152,1.76747,1.64717,-0.120301,60.0
1744878955984259.0,-5374.17,145.517,1.27194,1.69039,1.70239,0.0120084,60.0
1744878956004860.0,-5374.17,145.517,1.27194,1.69039,1.73068,0.0402913,60.0
1744878956025418.0,-5374.6,148.933,1.27238,1.70239,1.64098,-0.0614131,60.0
1744878956046114.0,-5374.6,148.933,1.27238,1.70239,1.68564,-0.016751,60.0
1744878956067309.0,-5374.6,148.933,1.27238,1.70239,1.73676,0.0343671,60.0
1744878956087513.0,-5374.6,151.665,1.27244,1.68564,1.53532,-0.150324,60.0
1744878956108274.0,-5374.6,151.665,1.27244,1.68564,1.6073,-0.0783404,60.0
1744878956129019.0,-5375.02,154.398,1.27286,1.53532,1.52593,-0.00939103,60.0
1744878956150000.0,-5375.02,154.398,1.27286,1.53532,1.69765,0.162329,60.0
1744878956170556.0,-5375.02,154.398,1.27286,1.53532,1.65158,0.116265,60.0
1744878956191144.0,-5375.44,157.813,1.27331,1.69765,1.70561,0.00795855,60.0
1744878956212099.0,-5375.44,157.813,1.27331,1.69765,1.82705,0.129403,60.0
1744878956232841.0,-5375.44,160.546,1.27337,1.70561,1.57158,-0.134028,60.0
1744878956253523.0,-5375.44,160.546,1.27337,1.70561,1.56784,-0.137767,60.0
1744878956274132.0,-5375.44,160.546,1.27337,1.70561,1.61281,-0.0927927,60.0
1744878956294858.0,-5375.87,163.279,1.2738,1.56784,1.60686,0.0390212,60.0
1744878956315670.0,-5375.87,163.279,1.2738,1.56784,1.48948,-0.0783597,60.0
1744878956336477.0,-5376.29,166.694,1.27425,1.60686,1.67384,0.066979,60.0
1744878956357139.0,-5376.29,166.694,1.27425,1.60686,1.76745,0.160588,60.0
1744878956378034.0,-5376.29,169.427,1.27432,1.67384,1.74729,0.0734512,60.0
1744878956398898.0,-5376.29,169.427,1.27432,1.67384,1.81552,0.141679,60.0
1744878956419782.0,-5376.29,169.427,1.27432,1.67384,1.57234,-0.101505,60.0
1744878956440513.0,-5376.71,172.16,1.27475,1.81552,1.68485,-0.130665,60.0
1744878956461174.0,-5376.71,172.16,1.27475,1.81552,1.68254,-0.132981,60.0
1744878956482147.0,-5377.14,175.575,1.2752,1.68485,1.69545,0.0105915,60.0
1744878956502771.0,-5377.14,175.575,1.2752,1.68485,1.57773,-0.107124,60.0
1744878956523507.0,-5377.14,175.575,1.2752,1.68485,1.63795,-0.0469034,60.0
1744878956544208.0,-5377.56,178.308,1.27563,1.57773,1.54873,-0.0290042,60.0
1744878956564944.0,-5377.56,178.308,1.27563,1.57773,1.44046,-0.137268,60.0
1744878956585555.0,-5377.56,181.724,1.27573,1.54873,1.69305,0.144325,60.0
1744878956606053.0,-5377.56,181.724,1.27573,1.54873,1.58286,0.0341326,60.0
1744878956626854.0,-5377.56,181.724,1.27573,1.54873,1.642,0.0932765,60.0
1744878956647532.0,-5377.98,184.456,1.27617,1.58286,1.64539,0.0625278,60.0
1744878956668203.0,-5377.98,184.456,1.27617,1.58286,1.6291,0.0462371,60.0
1744878956688786.0,-5377.98,187.189,1.27625,1.64539,1.80792,0.162534,60.0
1744878956709478.0,-5377.98,187.189,1.27625,1.64539,1.68379,0.038406,60.0
1744878956730001.0,-5378.41,190.605,1.27671,1.80792,1.68764,-0.120281,60.0
1744878956750665.0,-5378.41,190.605,1.27671,1.80792,1.73777,-0.0701526,60.0
1744878956771436.0,-5378.41,190.605,1.27671,1.80792,1.75455,-0.0533725,60.0
1744878956792434.0,-5378.83,193.337,1.27715,1.73777,1.68407,-0.0537015,60.0
1744878956813084.0,-5378.83,193.337,1.27715,1.73777,1.74772,0.00995153,60.0
1744878956833888.0,-5378.83,196.07,1.27723,1.68407,1.81826,0.134192,60.0
1744878956854522.0,-5378.83,196.07,1.27723,1.68407,1.66949,-0.0145747,60.0
1744878956875210.0,-5378.83,196.07,1.27723,1.68407,1.69952,0.0154546,60.0
1744878956896261.0,-5379.25,199.486,1.27769,1.66949,1.76245,0.0929565,60.0
1744878956917178.0,-5379.25,199.486,1.27769,1.66949,1.75596,0.086472,60.0
1744878956937854.0,-5379.68,202.218,1.27814,1.76245,1.68083,-0.0816219,60.0
1744878956958853.0,-5379.68,202.218,1.27814,1.76245,1.62981,-0.132643,60.0
1744878956979519.0,-5379.68,202.218,1.27814,1.76245,1.68431,-0.0781398,60.0
1744878957000086.0,-5380.1,205.634,1.2786,1.62981,1.73818,0.108374,60.0
1744878957020679.0,-5380.1,205.634,1.2786,1.62981,1.73123,0.101425,60.0
1744878957041272.0,-5380.1,208.366,1.27869,1.73818,1.85132,0.113138,60.0
1744878957062006.0,-5380.1,208.366,1.27869,1.73818,1.71479,-0.0233929,60.0
1744878957082700.0,-5380.1,208.366,1.27869,1.73818,1.75618,0.0179989,60.0
1744878957103489.0,-5380.53,211.099,1.27914,1.71479,1.69425,-0.0205396,60.0
1744878957124129.0,-5380.53,211.099,1.27914,1.71479,1.57217,-0.142613,60.0
1744878957144891.0,-5380.95,214.515,1.27961,1.69425,1.67022,-0.0240215,60.0
1744878957165526.0,-5380.95,214.515,1.27961,1.69425,1.59986,-0.0943846,60.0
1744878957186180.0,-5381.37,217.247,1.28006,1.67022,1.59893,-0.0712977,60.0
1744878957207181.0,-5381.37,217.247,1.28006,1.67022,1.77506,0.10484,60.0
1744878957227802.0,-5381.37,217.247,1.28006,1.67022,1.65682,-0.013409,60.0
1744878957248644.0,-5381.37,219.98,1.28016,1.77506,1.7637,-0.0113631,60.0
1744878957269290.0,-5381.37,219.98,1.28016,1.77506,1.6557,-0.119367,60.0
1744878957289759.0,-5381.8,223.396,1.28063,1.7637,1.7316,-0.0320995,60.0
1744878957310429.0,-5381.8,223.396,1.28063,1.7637,1.8711,0.107399,60.0
1744878957331089.0,-5381.8,223.396,1.28063,1.7637,1.82625,0.0625485,60.0
1744878957352038.0,-5382.22,226.128,1.28109,1.8711,1.70947,-0.161631,60.0
1744878957372431.0,-5382.22,226.128,1.28109,1.8711,1.77671,-0.0943888,60.0
1744878957393626.0,-5382.64,228.861,1.28154,1.70947,1.60754,-0.101929,60.0
1744878957414357.0,-5382.64,228.861,1.28154,1.70947,1.65378,-0.0556863,60.0
1744878957434729.0,-5382.64,228.861,1.28154,1.70947,1.60339,-0.106077,60.0
1744878957455334.0,-5383.07,232.277,1.28202,1.65378,1.70608,0.0522952,60.0
1744878957475902.0,-5383.07,232.277,1.28202,1.65378,1.63695,-0.0168302,60.0
1744878957496434.0,-5383.49,235.009,1.28248,1.70608,1.73818,0.0320976,60.0
1744878957517182.0,-5383.49,235.009,1.28248,1.70608,1.76798,0.0618988,60.0
1744878957537987.0,-5383.49,235.009,1.28248,1.70608,1.62578,-0.0802962,60.0
1744878957558598.0,-5383.49,238.425,1.28261,1.76798,1.63955,-0.128427,60.0
1744878957579334.0,-5383.49,238.425,1.28261,1.76798,1.71458,-0.0534018,60.0
1744878957600220.0,-5383.91,241.158,1.28307,1.63955,1.53503,-0.104519,60.0
1744878957620797.0,-5383.91,241.158,1.28307,1.63955,1.67013,0.0305808,60.0
1744878957641563.0,-5384.34,243.89,1.28353,1.53503,1.62963,0.0945999,60.0
1744878957662054.0,-5384.34,243.89,1.28353,1.53503,1.62758,0.0925442,60.0
1744878957682580.0,-5384.34,243.89,1.28353,1.53503,1.63172,0.0966919,60.0
1744878957703335.0,-5384.76,247.306,1.28402,1.62758,1.78607,0.158497,60.0
1744878957724452.0,-5384.76,247.306,1.28402,1.62758,1.66332,0.0357396,60.0
1744878957745164.0,-5385.18,250.039,1.28449,1.78607,1.68183,-0.104241,60.0
1744878957765665.0,-5385.18,250.039,1.28449,1.78607,1.80043,0.0143559,60.0
1744878957786541.0,-5385.18,250.039,1.28449,1.78607,1.7059,-0.0801709,60.0
1744878957807640.0,-5385.61,252.771,1.28495,1.80043,1.68722,-0.11321,60.0
1744878957828450.0,-5385.61,252.771,1.28495,1.80043,1.66692,-0.133508,60.0
1744878957849303.0,-5386.03,256.187,1.28545,1.68722,1.74594,0.0587223,60.0
1744878957869987.0,-5386.03,256.187,1.28545,1.68722,1.70048,0.0132656,60.0
1744878957891162.0,-5386.03,256.187,1.28545,1.68722,1.61929,-0.0679299,60.0
1744878957911685.0,-5386.03,258.92,1.28556,1.70048,1.71076,0.0102743,60.0
1744878957932282.0,-5386.03,258.92,1.28556,1.70048,1.66319,-0.0372987,60.0
1744878957952996.0,-5386.45,261.652,1.28603,1.71076,1.7965,0.085744,60.0
1744878957973684.0,-5386.45,261.652,1.28603,1.71076,1.71847,0.00770777,60.0
1744878957994622.0,-5386.45,261.652,1.28603,1.71076,1.77769,0.066929,60.0
1744878958015742.0,-5386.88,265.068,1.28653,1.71847,1.64086,-0.0776072,60.0
1744878958036416.0,-5386.88,265.068,1.28653,1.71847,1.59396,-0.124505,60.0
1744878958057146.0,-5387.3,267.801,1.287,1.64086,1.75847,0.117607,60.0
1744878958077851.0,-5387.3,267.801,1.287,1.64086,1.60419,-0.0366651,60.0
1744878958098706.0,-5387.72,271.216,1.2875,1.75847,1.70204,-0.056424,60.0
1744878958119395.0,-5387.72,271.216,1.2875,1.75847,1.66796,-0.090506,60.0
1744878958140074.0,-5387.72,271.216,1.2875,1.75847,1.61053,-0.147932,60.0
1744878958160713.0,-5388.15,273.949,1.28798,1.66796,1.70732,0.0393611,60.0
1744878958181431.0,-5388.15,273.949,1.28798,1.66796,1.80182,0.133863,60.0
1744878958202339.0,-5388.57,276.681,1.28845,1.70732,1.79844,0.0911189,60.0
1744878958222987.0,-5388.57,276.681,1.28845,1.70732,1.82149,0.114173,60.0
1744878958243403.0,-5388.57,276.681,1.28845,1.70732,1.57334,-0.133978,60.0
1744878958264271.0,-5388.99,280.097,1.28896,1.82149,1.70515,-0.116347,60.0
1744878958284969.0,-5388.99,280.097,1.28896,1.82149,1.73291,-0.0885803,60.0
1744878958305629.0,-5389.42,282.83,1.28944,1.70515,1.65299,-0.0521579,60.0
1744878958326555.0,-5389.42,282.83,1.28944,1.70515,1.54723,-0.157913,60.0
1744878958347591.0,-5389.42,282.83,1.28944,1.70515,1.79742,0.0922762,60.0
1744878958368294.0,-5389.42,285.562,1.28956,1.54723,1.5247,-0.0225323,60.0
1744878958389038.0,-5389.42,285.562,1.28956,1.54723,1.55643,0.00919707,60.0
1744878958410005.0,-5389.84,288.978,1.29007,1.5247,1.59401,0.0693092,60.0
1744878958430773.0,-5389.84,288.978,1.29007,1.5247,1.51936,-0.00534487,60.0
1744878958451392.0,-5390.26,291.711,1.29056,1.59401,1.50403,-0.0899814,60.0
1744878958472190.0,-5390.26,291.711,1.29056,1.59401,1.72456,0.130554,60.0
1744878958492932.0,-5390.26,291.711,1.29056,1.59401,1.68014,0.0861294,60.0
1744878958513604.0,-5390.69,294.443,1.29104,1.72456,1.79727,0.0727064,60.0
1744878958534351.0,-5390.69,294.443,1.29104,1.72456,1.70017,-0.024397,60.0
1744878958555113.0,-5391.11,297.859,1.29156,1.79727,1.72268,-0.0745894,60.0
1744878958575727.0,-5391.11,297.859,1.29156,1.79727,1.67309,-0.124184,60.0
1744878958596420.0,-5391.11,297.859,1.29156,1.79727,1.73042,-0.0668485,60.0
1744878958617106.0,-5391.53,300.592,1.29205,1.67309,1.55575,-0.117342,60.0
1744878958637796.0,-5391.53,300.592,1.29205,1.67309,1.6222,-0.0508832,60.0
1744878958658279.0,-5391.53,303.324,1.29217,1.55575,1.5039,-0.0518438,60.0
1744878958678950.0,-5391.53,303.324,1.29217,1.55575,1.46161,-0.0941316,60.0
1744878958699620.0,-5391.53,303.324,1.29217,1.55575,1.54435,-0.0113995,60.0
1744878958720344.0,-5391.96,306.74,1.2927,1.46161,1.56089,0.0992774,60.0
1744878958741123.0,-5391.96,306.74,1.2927,1.46161,1.41473,-0.0468871,60.0
1744878958762040.0,-5392.38,309.473,1.29319,1.56089,1.67534,0.114448,60.0
1744878958782746.0,-5392.38,309.473,1.29319,1.56089,1.66969,0.108799,60.0
1744878958803435.0,-5392.38,309.473,1.29319,1.56089,1.6438,0.0829119,60.0
1744878958823973.0,-5392.38,312.888,1.29335,1.66969,1.56225,-0.107437,60.0
1744878958844798.0,-5392.38,312.888,1.29335,1.66969,1.61878,-0.050907,60.0
1744878958865519.0,-5392.8,315.621,1.29385,1.56225,1.56636,0.00411012,60.0
1744878958886257.0,-5392.8,315.621,1.29385,1.56225,1.53509,-0.0271647,60.0
1744878958907141.0,-5393.23,318.354,1.29434,1.56636,1.69822,0.131854,60.0
1744878958928334.0,-5393.23,318.354,1.29434,1.56636,1.46948,-0.0968865,60.0
1744878958949147.0,-5393.23,318.354,1.29434,1.56636,1.65802,0.0916575,60.0
1744878958969732.0,-5393.23,321.769,1.29451,1.46948,1.59668,0.127201,60.0
1744878958990366.0,-5393.23,321.769,1.29451,1.46948,1.60344,0.133962,60.0
1744878959011026.0,-5393.65,324.502,1.29501,1.59668,1.63929,0.0426167,60.0
1744878959031697.0,-5393.65,324.502,1.29501,1.59668,1.6459,0.0492221,60.0
1744878959052569.0,-5393.65,324.502,1.29501,1.59668,1.71103,0.114356,60.0
1744878959073144.0,-5393.65,327.235,1.29515,1.6459,1.6387,-0.00719466,60.0
1744878959093793.0,-5393.65,327.235,1.29515,1.6459,1.77542,0.129516,60.0
1744878959114581.0,-5394.07,330.65,1.29568,1.6387,1.74841,0.109707,60.0
1744878959135335.0,-5394.07,330.65,1.29568,1.6387,1.73467,0.0959651,60.0
1744878959155853.0,-5394.07,330.65,1.29568,1.6387,1.50735,-0.131359,60.0
1744878959176789.0,-5394.5,333.383,1.29618,1.73467,1.75963,0.0249582,60.0
1744878959197574.0,-5394.5,333.383,1.29618,1.73467,1.79215,0.0574819,60.0
1744878959218255.0,-5394.5,336.799,1.29636,1.75963,1.60896,-0.150668,60.0
1744878959238975.0,-5394.5,336.799,1.29636,1.75963,1.74798,-0.0116466,60.0
1744878959259610.0,-5394.5,336.799,1.29636,1.75963,1.74912,-0.010508,60.0
1744878959280537.0,-5394.92,339.531,1.29687,1.74798,1.62611,-0.121872,60.0
1744878959301110.0,-5394.92,339.531,1.29687,1.74798,1.68815,-0.0598287,60.0
1744878959321820.0,-5394.92,342.264,1.29701,1.62611,1.61897,-0.00714322,60.0
1744878959342529.0,-5394.92,342.264,1.29701,1.62611,1.7396,0.113486,60.0
1744878959363168.0,-5395.34,345.68,1.29756,1.61897,1.49373,-0.125234,60.0
1744878959383999.0,-5395.34,345.68,1.29756,1.61897,1.67667,0.0577009,60.0
1744878959405118.0,-5395.34,345.68,1.29756,1.61897,1.55747,-0.0614967,60.0
1744878959426541.0,-5395.77,348.412,1.29806,1.67667,1.69189,0.0152223,60.0
1744878959446891.0,-5395.77,348.412,1.29806,1.67667,1.62389,-0.0527772,60.0
1744878959467622.0,-5395.77,351.145,1.29821,1.69189,1.70569,0.0137955,60.0
1744878959488540.0,-5395.77,351.145,1.29821,1.69189,1.65137,-0.0405172,60.0
1744878959509159.0,-5395.77,351.145,1.29821,1.69189,1.5488,-0.143093,60.0
1744878959529907.0,-5396.19,354.561,1.29876,1.65137,1.74836,0.0969832,60.0
1744878959550511.0,-5396.19,354.561,1.29876,1.65137,1.55448,-0.0968937,60.0
1744878959571313.0,-5396.61,357.293,1.29927,1.74836,1.6658,-0.0825518,60.0
1744878959591961.0,-5396.61,357.293,1.29927,1.74836,1.76142,0.0130679,60.0
1744878959612596.0,-5396.61,357.293,1.29927,1.74836,1.60798,-0.140373,60.0
1744878959633399.0,-5396.61,360.709,1.29946,1.76142,1.67839,-0.0830359,60.0
1744878959654069.0,-5396.61,360.709,1.29946,1.76142,1.60406,-0.15736,60.0
1744878959674833.0,-5397.04,363.442,1.29998,1.67839,1.72111,0.04272,60.0
1744878959695725.0,-5397.04,363.442,1.29998,1.67839,1.7901,0.111707,60.0
1744878959716382.0,-5397.46,366.174,1.30049,1.72111,1.7944,0.0732935,60.0
1744878959737049.0,-5397.46,366.174,1.30049,1.72111,1.70667,-0.0144369,60.0
1744878959757725.0,-5397.46,366.174,1.30049,1.72111,1.73788,0.0167725,60.0
1744878959778594.0,-5397.46,369.59,1.30069,1.70667,1.59601,-0.110659,60.0
1744878959799335.0,-5397.46,369.59,1.30069,1.70667,1.86308,0.156406,60.0
1744878959819908.0,-5397.88,372.323,1.30121,1.59601,1.6858,0.0897871,60.0
1744878959840680.0,-5397.88,372.323,1.30121,1.59601,1.75186,0.155844,60.0
1744878959861476.0,-5397.88,372.323,1.30121,1.59601,1.66211,0.0660934,60.0
1744878959882140.0,-5398.31,375.055,1.30173,1.75186,1.72654,-0.0253191,60.0
1744878959903140.0,-5398.31,375.055,1.30173,1.75186,1.77652,0.0246663,60.0
1744878959923989.0,-5398.31,378.471,1.30193,1.72654,1.68668,-0.039853,60.0
1744878959944632.0,-5398.31,378.471,1.30193,1.72654,1.76199,0.0354495,60.0
1744878959965409.0,-5398.31,378.471,1.30193,1.72654,1.6007,-0.125832,60.0
1744878959986036.0,-5398.73,381.204,1.30245,1.76199,1.60093,-0.161058,60.0
1744878960006646.0,-5398.73,381.204,1.30245,1.76199,1.71643,-0.0455543,60.0
1744878960027496.0,-5399.15,384.619,1.30301,1.60093,1.50548,-0.095448,60.0
1744878960048097.0,-5399.15,384.619,1.30301,1.60093,1.74209,0.141163,60.0
1744878960068771.0,-5399.58,387.352,1.30354,1.50548,1.61281,0.10733,60.0
1744878960089791.0,-5399.58,387.352,1.30354,1.50548,1.63444,0.128958,60.0
1744878960110448.0,-5399.58,387.352,1.30354,1.50548,1.62917,0.12369,60.0
1744878960131183.0,-5399.58,390.085,1.30371,1.63444,1.65535,0.0209122,60.0
1744878960151610.0,-5399.58,390.085,1.30371,1.63444,1.68269,0.0482533,60.0
1744878960172526.0,-5400.0,393.5,1.30427,1.65535,1.61945,-0.0358993,60.0
1744878960193401.0,-5400.0,393.5,1.30427,1.65535,1.57612,-0.0792278,60.0
1744878960214184.0,-5400.0,393.5,1.30427,1.65535,1.74707,0.0917197,60.0
1744878960234620.0,-5400.42,396.233,1.3048,1.57612,1.669,0.0928779,60.0
1744878960255310.0,-5400.42,396.233,1.3048,1.57612,1.57406,-0.00206226,60.0
1744878960276248.0,-5400.42,398.966,1.30497,1.669,1.64372,-0.0252829,60.0
1744878960296941.0,-5400.42,398.966,1.30497,1.669,1.79505,0.126045,60.0
1744878960317490.0,-5400.42,398.966,1.30497,1.669,1.68234,0.0133412,60.0
1744878960338146.0,-5400.85,402.381,1.30555,1.79505,1.75484,-0.040211,60.0
1744878960358972.0,-5400.85,402.381,1.30555,1.79505,1.77322,-0.0218237,60.0
1744878960379780.0,-5401.27,405.114,1.30608,1.75484,1.7191,-0.0357344,60.0
1744878960400558.0,-5401.27,405.114,1.30608,1.75484,1.60825,-0.146583,60.0
1744878960421732.0,-5401.69,407.847,1.30661,1.7191,1.68284,-0.0362634,60.0
1744878960442410.0,-5401.69,407.847,1.30661,1.7191,1.64718,-0.071924,60.0
1744878960463155.0,-5401.69,407.847,1.30661,1.7191,1.5804,-0.138696,60.0
1744878960484091.0,-5401.69,411.262,1.30683,1.64718,1.7975,0.150318,60.0
1744878960504767.0,-5401.69,411.262,1.30683,1.64718,1.6059,-0.0412747,60.0
1744878960525627.0,-5402.12,413.995,1.30737,1.7975,1.70877,-0.0887224,60.0
1744878960546357.0,-5402.12,413.995,1.30737,1.7975,1.71998,-0.0775154,60.0
1744878960567022.0,-5402.12,413.995,1.30737,1.7975,1.89258,0.0950885,60.0
1744878960587832.0,-5402.54,417.411,1.30795,1.71998,1.67466,-0.0453243,60.0
1744878960610334.0,-5402.54,417.411,1.30795,1.71998,1.70883,-0.0111525,60.0
1744878960631055.0,-5402.96,420.143,1.30849,1.67466,1.69444,0.0197837,60.0
1744878960651817.0,-5402.96,420.143,1.30849,1.67466,1.64905,-0.0256061,60.0
1744878960672241.0,-5402.96,420.143,1.30849,1.67466,1.6854,0.0107433,60.0
1744878960692999.0,-5402.96,422.876,1.30867,1.64905,1.65366,0.00461197,60.0
1744878960713946.0,-5402.96,422.876,1.30867,1.64905,1.63173,-0.0173235,60.0
1744878960734350.0,-5403.39,426.292,1.30925,1.65366,1.64781,-0.00585203,60.0
1744878960755639.0,-5403.39,426.292,1.30925,1.65366,1.73509,0.0814329,60.0
1744878960776465.0,-5403.81,429.024,1.3098,1.64781,1.71769,0.0698783,60.0
1744878960796961.0,-5403.81,429.024,1.3098,1.64781,1.64261,-0.00519838,60.0
1744878960817777.0,-5403.81,429.024,1.3098,1.64781,1.67353,0.0257219,60.0
1744878960838225.0,-5404.23,431.757,1.31034,1.64261,1.76706,0.124446,60.0
1744878960858916.0,-5404.23,431.757,1.31034,1.64261,1.60988,-0.0327323,60.0
1744878960879874.0,-5404.23,435.173,1.31057,1.76706,1.77684,0.00978322,60.0
1744878960901170.0,-5404.23,435.173,1.31057,1.76706,1.89481,0.127758,60.0
1744878960921671.0,-5404.23,435.173,1.31057,1.76706,1.8766,0.109539,60.0
1744878960942325.0,-5404.66,437.905,1.31112,1.89481,1.8784,-0.0164138,60.0
1744878960962992.0,-5404.66,437.905,1.31112,1.89481,1.74822,-0.146595,60.0
1744878960983715.0,-5405.08,440.638,1.31167,1.8784,1.7746,-0.103801,60.0
1744878961004747.0,-5405.08,440.638,1.31167,1.8784,1.72902,-0.149377,60.0
1744878961025309.0,-5405.08,440.638,1.31167,1.8784,1.84765,-0.0307543,60.0
1744878961045881.0,-5405.5,444.054,1.31226,1.72902,1.64208,-0.0869425,60.0
1744878961066558.0,-5405.5,444.054,1.31226,1.72902,1.60956,-0.119463,60.0
1744878961087290.0,-5405.93,446.786,1.31281,1.64208,1.72484,0.0827544,60.0
1744878961108334.0,-5405.93,446.786,1.31281,1.64208,1.69727,0.0551887,60.0
1744878961129057.0,-5406.35,450.202,1.31341,1.72484,1.74125,0.0164141,60.0
1744878961149730.0,-5406.35,450.202,1.31341,1.72484,1.76215,0.0373113,60.0
1744878961170417.0,-5406.35,450.202,1.31341,1.72484,1.69059,-0.0342422,60.0
1744878961191099.0,-5406.77,452.935,1.31396,1.76215,1.67633,-0.0858173,60.0
1744878961211963.0,-5406.77,452.935,1.31396,1.76215,1.61851,-0.143633,60.0
1744878961232635.0,-5407.2,455.667,1.31452,1.67633,1.77406,0.0977307,60.0
1744878961253122.0,-5407.2,455.667,1.31452,1.67633,1.82669,0.150355,60.0
1744878961273858.0,-5407.2,455.667,1.31452,1.67633,1.68699,0.0106552,60.0
1744878961294527.0,-5407.2,459.083,1.31476,1.82669,1.74629,-0.080397,60.0
1744878961315512.0,-5407.2,459.083,1.31476,1.82669,1.68804,-0.138646,60.0
1744878961336209.0,-5407.62,461.816,1.31532,1.74629,1.74395,-0.00234135,60.0
1744878961357046.0,-5407.62,461.816,1.31532,1.74629,1.82433,0.0780428,60.0
1744878961377650.0,-5407.62,461.816,1.31532,1.74629,1.68412,-0.0621639,60.0
1744878961398387.0,-5408.04,464.548,1.31588,1.82433,1.68356,-0.140774,60.0
1744878961419620.0,-5408.04,464.548,1.31588,1.82433,1.75054,-0.0737874,60.0
1744878961440609.0,-5408.47,467.964,1.31649,1.68356,1.58393,-0.0996243,60.0
1744878961461685.0,-5408.47,467.964,1.31649,1.68356,1.70893,0.0253724,60.0
1744878961482447.0,-5408.89,470.697,1.31705,1.58393,1.67165,0.0877214,60.0
1744878961503146.0,-5408.89,470.697,1.31705,1.58393,1.65107,0.06714,60.0
1744878961523809.0,-5408.89,470.697,1.31705,1.58393,1.62587,0.0419324,60.0
1744878961544475.0,-5409.31,473.429,1.31761,1.65107,1.81061,0.159535,60.0
1744878961565297.0,-5409.31,473.429,1.31761,1.65107,1.65578,0.00470216,60.0
1744878961586087.0,-5409.74,476.845,1.31822,1.81061,1.70065,-0.109955,60.0
1744878961606749.0,-5409.74,476.845,1.31822,1.81061,1.74408,-0.0665318,60.0
1744878961627555.0,-5409.74,476.845,1.31822,1.81061,1.73429,-0.0763208,60.0
1744878961648571.0,-5410.16,479.578,1.31879,1.74408,1.7899,0.0458251,60.0
1744878961669352.0,-5410.16,479.578,1.31879,1.74408,1.71686,-0.0272208,60.0
1744878961689940.0,-5410.58,482.31,1.31935,1.7899,1.8664,0.0764992,60.0
1744878961710514.0,-5410.58,482.31,1.31935,1.7899,1.70401,-0.0858909,60.0
1744878961731311.0,-5410.58,482.31,1.31935,1.7899,1.81078,0.0208767,60.0
1744878961751952.0,-5411.01,485.726,1.31997,1.70401,1.69002,-0.0139857,60.0
1744878961772678.0,-5411.01,485.726,1.31997,1.70401,1.77797,0.0739564,60.0
1744878961793355.0,-5411.43,488.459,1.32054,1.69002,1.61498,-0.0750395,60.0
1744878961814662.0,-5411.43,488.459,1.32054,1.69002,1.8452,0.155178,60.0
1744878961835519.0,-5411.43,488.459,1.32054,1.69002,1.64361,-0.0464175,60.0
1744878961856155.0,-5411.85,491.191,1.32111,1.8452,1.77151,-0.073693,60.0
1744878961876735.0,-5411.85,491.191,1.32111,1.8452,1.70685,-0.138352,60.0
1744878961897815.0,-5412.28,494.607,1.32174,1.77151,1.76447,-0.00704123,60.0
1744878961918423.0,-5412.28,494.607,1.32174,1.77151,1.72023,-0.0512771,60.0
1744878961939120.0,-5412.7,497.34,1.32231,1.76447,1.77019,0.00572193,60.0
1744878961960113.0,-5412.7,497.34,1.32231,1.76447,1.721,-0.0434672,60.0
1744878961980902.0,-5412.7,497.34,1.32231,1.76447,1.75259,-0.0118785,60.0
1744878962001549.0,-5413.12,500.072,1.32288,1.721,1.59599,-0.125015,60.0
1744878962021990.0,-5413.12,500.072,1.32288,1.721,1.80448,0.0834795,60.0
1744878962042662.0,-5413.97,503.488,1.32387,1.59599,1.56665,-0.0293355,60.0
1744878962063391.0,-5413.97,503.488,1.32387,1.59599,1.64237,0.0463885,60.0
1744878962084488.0,-5413.97,503.488,1.32387,1.59599,1.64071,0.0447271,60.0
1744878962105064.0,-5414.39,506.221,1.32445,1.64237,1.78504,0.142663,60.0
1744878962125807.0,-5414.39,506.221,1.32445,1.64237,1.7804,0.138024,60.0
1744878962146204.0,-5414.82,509.637,1.32508,1.78504,1.67609,-0.108947,60.0
1744878962167483.0,-5414.82,509.637,1.32508,1.78504,1.70208,-0.0829519,60.0
1744878962188033.0,-5414.82,509.637,1.32508,1.78504,1.76502,-0.0200146,60.0
1744878962208621.0,-5415.24,512.369,1.32566,1.70208,1.77186,0.0697773,60.0
1744878962229368.0,-5415.24,512.369,1.32566,1.70208,1.70966,0.00757649,60.0
1744878962249968.0,-5415.66,515.102,1.32624,1.77186,1.70761,-0.0642563,60.0
1744878962270591.0,-5415.66,515.102,1.32624,1.77186,1.70184,-0.0700262,60.0
1744878962291780.0,-5415.66,515.102,1.32624,1.77186,1.75874,-0.0131262,60.0
1744878962312367.0,-5416.09,518.518,1.32687,1.70184,1.54965,-0.152182,60.0
1744878962333151.0,-5416.09,518.518,1.32687,1.70184,1.72065,0.0188174,60.0
1744878962353906.0,-5416.51,521.25,1.32746,1.54965,1.70245,0.152798,60.0
1744878962374746.0,-5416.51,521.25,1.32746,1.54965,1.71239,0.162739,60.0
1744878962395470.0,-5416.93,523.983,1.32804,1.70245,1.64387,-0.0585775,60.0
1744878962416043.0,-5416.93,523.983,1.32804,1.70245,1.6547,-0.0477471,60.0
1744878962437042.0,-5416.93,523.983,1.32804,1.70245,1.69005,-0.0124011,60.0
1744878962457889.0,-5417.36,527.399,1.32868,1.6547,1.5363,-0.1184,60.0
1744878962478468.0,-5417.36,527.399,1.32868,1.6547,1.61228,-0.042428,60.0
1744878962499017.0,-5417.78,530.131,1.32927,1.5363,1.5531,0.0167988,60.0
1744878962519965.0,-5417.78,530.131,1.32927,1.5363,1.66373,0.127425,60.0
1744878962540401.0,-5417.78,530.131,1.32927,1.5363,1.57158,0.0352736,60.0
1744878962561011.0,-5417.78,532.864,1.3295,1.66373,1.71842,0.0546936,60.0
1744878962581577.0,-5417.78,532.864,1.3295,1.66373,1.73601,0.0722816,60.0
1744878962602221.0,-5418.2,536.28,1.33014,1.71842,1.76168,0.0432576,60.0
1744878962622796.0,-5418.2,536.28,1.33014,1.71842,1.69325,-0.0251684,60.0
1744878962643832.0,-5418.2,536.28,1.33014,1.71842,1.64143,-0.0769981,60.0
1744878962664484.0,-5418.63,539.012,1.33073,1.69325,1.73835,0.045094,60.0
1744878962684886.0,-5418.63,539.012,1.33073,1.69325,1.64174,-0.0515173,60.0
1744878962705723.0,-5419.05,541.745,1.33133,1.73835,1.89771,0.159365,60.0
1744878962726322.0,-5419.05,541.745,1.33133,1.73835,1.66722,-0.0711314,60.0
1744878962746976.0,-5419.05,541.745,1.33133,1.73835,1.71229,-0.0260579,60.0
1744878962767667.0,-5419.47,545.161,1.33198,1.66722,1.73572,0.068506,60.0
1744878962788534.0,-5419.47,545.161,1.33198,1.66722,1.62563,-0.041587,60.0
1744878962808791.0,-5419.9,547.893,1.33257,1.73572,1.61196,-0.123767,60.0
1744878962829805.0,-5419.9,547.893,1.33257,1.73572,1.59834,-0.137388,60.0
1744878962850408.0,-5420.32,550.626,1.33317,1.61196,1.66176,0.0498066,60.0
1744878962871346.0,-5420.32,550.626,1.33317,1.61196,1.65622,0.0442679,60.0
1744878962892087.0,-5420.32,550.626,1.33317,1.61196,1.57359,-0.0383673,60.0
1744878962912918.0,-5420.74,554.042,1.33382,1.65622,1.54185,-0.114374,60.0
1744878962933861.0,-5420.74,554.042,1.33382,1.65622,1.62368,-0.0325401,60.0
1744878962954920.0,-5421.17,556.774,1.33442,1.54185,1.48271,-0.0591447,60.0
1744878962975454.0,-5421.17,556.774,1.33442,1.54185,1.52064,-0.0212114,60.0
1744878962996237.0,-5421.17,556.774,1.33442,1.54185,1.66089,0.119036,60.0
1744878963017159.0,-5421.17,560.19,1.33472,1.52064,1.67064,0.149997,60.0
1744878963038215.0,-5421.17,560.19,1.33472,1.52064,1.682,0.161361,60.0
1744878963059115.0,-5421.59,562.923,1.33532,1.67064,1.79542,0.124789,60.0
1744878963079909.0,-5421.59,562.923,1.33532,1.67064,1.64553,-0.0251074,60.0
1744878963100565.0,-5421.59,562.923,1.33532,1.67064,1.7759,0.105263,60.0
1744878963121306.0,-5422.01,565.655,1.33592,1.64553,1.5865,-0.059031,60.0
1744878963142014.0,-5422.01,565.655,1.33592,1.64553,1.69725,0.0517171,60.0
1744878963162711.0,-5422.43,569.071,1.33659,1.5865,1.65479,0.0682953,60.0
1744878963183611.0,-5422.43,569.071,1.33659,1.5865,1.70287,0.116374,60.0
1744878963204208.0,-5422.43,571.804,1.33683,1.65479,1.63458,-0.0202107,60.0
1744878963225023.0,-5422.43,571.804,1.33683,1.65479,1.64279,-0.0120034,60.0
1744878963245402.0,-5422.43,571.804,1.33683,1.65479,1.65165,-0.00314166,60.0
1744878963266326.0,-5422.86,574.536,1.33744,1.64279,1.5509,-0.091886,60.0
1744878963286968.0,-5422.86,574.536,1.33744,1.64279,1.72084,0.0780514,60.0
1744878963307992.0,-5423.28,577.952,1.33811,1.5509,1.69568,0.14478,60.0
1744878963328588.0,-5423.28,577.952,1.33811,1.5509,1.60915,0.058242,60.0
1744878963349364.0,-5423.28,577.952,1.33811,1.5509,1.46479,-0.0861109,60.0
1744878963370060.0,-5423.28,580.685,1.33835,1.60915,1.70651,0.097369,60.0
1744878963390752.0,-5423.28,580.685,1.33835,1.60915,1.54261,-0.0665405,60.0
1744878963411743.0,-5423.7,583.417,1.33896,1.70651,1.60341,-0.103103,60.0
1744878963432480.0,-5423.7,583.417,1.33896,1.70651,1.73739,0.0308729,60.0
1744878963452902.0,-5423.7,583.417,1.33896,1.70651,1.80718,0.10067,60.0
1744878963473557.0,-5424.13,586.833,1.33964,1.73739,1.71761,-0.0197803,60.0
1744878963494574.0,-5424.13,586.833,1.33964,1.73739,1.71268,-0.0247034,60.0
1744878963515224.0,-5424.13,589.566,1.33989,1.71761,1.7141,-0.00350815,60.0
1744878963535927.0,-5424.13,589.566,1.33989,1.71761,1.62226,-0.0953449,60.0
1744878963556772.0,-5424.55,592.982,1.34057,1.7141,1.76218,0.0480808,60.0
1744878963577403.0,-5424.55,592.982,1.34057,1.7141,1.7033,-0.0108019,60.0
1744878963598056.0,-5424.55,592.982,1.34057,1.7141,1.599,-0.115101,60.0
1744878963618805.0,-5424.97,595.714,1.34118,1.7033,1.5534,-0.1499,60.0
1744878963639632.0,-5424.97,595.714,1.34118,1.7033,1.6689,-0.0344017,60.0
1744878963660284.0,-5424.97,598.447,1.34144,1.5534,1.47431,-0.0790843,60.0
1744878963681026.0,-5424.97,598.447,1.34144,1.5534,1.56621,0.0128129,60.0
1744878963701542.0,-5424.97,598.447,1.34144,1.5534,1.64119,0.0877905,60.0
1744878963722348.0,-5425.4,601.863,1.34212,1.56621,1.71136,0.145151,60.0
1744878963743171.0,-5425.4,601.863,1.34212,1.56621,1.67672,0.110512,60.0
1744878963764066.0,-5425.82,604.595,1.34274,1.71136,1.69437,-0.0169864,60.0
1744878963784773.0,-5425.82,604.595,1.34274,1.71136,1.83737,0.126012,60.0
1744878963805338.0,-5425.82,604.595,1.34274,1.71136,1.66928,-0.0420771,60.0
1744878963826062.0,-5425.82,607.328,1.343,1.83737,1.74654,-0.0908338,60.0
1744878963847168.0,-5425.82,607.328,1.343,1.83737,1.75837,-0.0789996,60.0
1744878963867759.0,-5426.24,610.744,1.34368,1.74654,1.64459,-0.10195,60.0
1744878963888398.0,-5426.24,610.744,1.34368,1.74654,1.78626,0.0397179,60.0
1744878963909428.0,-5426.24,610.744,1.34368,1.74654,1.74714,0.000600831,60.0
1744878963930592.0,-5426.67,613.476,1.34431,1.78626,1.85495,0.0686932,60.0
1744878963951009.0,-5426.67,613.476,1.34431,1.78626,1.73939,-0.0468652,60.0
1744878963971729.0,-5427.09,616.892,1.345,1.85495,1.76132,-0.0936261,60.0
1744878963992614.0,-5427.09,616.892,1.345,1.85495,1.78225,-0.0726994,60.0
1744878964013194.0,-5427.51,619.625,1.34562,1.76132,1.81256,0.0512319,60.0
1744878964033954.0,-5427.51,619.625,1.34562,1.76132,1.86281,0.101486,60.0
1744878964054554.0,-5427.51,619.625,1.34562,1.76132,1.64696,-0.114362,60.0
1744878964075347.0,-5427.94,622.357,1.34625,1.86281,1.78165,-0.0811575,60.0
1744878964096000.0,-5427.94,622.357,1.34625,1.86281,1.79373,-0.0690823,60.0
1744878964116781.0,-5427.94,625.773,1.34658,1.78165,1.64172,-0.139937,60.0
1744878964137358.0,-5427.94,625.773,1.34658,1.78165,1.81015,0.028499,60.0
1744878964158234.0,-5427.94,625.773,1.34658,1.78165,1.69023,-0.0914218,60.0
1744878964178800.0,-5428.36,628.506,1.34721,1.81015,1.71438,-0.0957711,60.0
1744878964199515.0,-5428.36,628.506,1.34721,1.81015,1.75729,-0.0528595,60.0
1744878964220158.0,-5428.78,631.238,1.34784,1.71438,1.55742,-0.156961,60.0
1744878964240928.0,-5428.78,631.238,1.34784,1.71438,1.81903,0.104652,60.0
1744878964261621.0,-5428.78,631.238,1.34784,1.71438,1.65629,-0.0580919,60.0
1744878964282405.0,-5429.21,634.654,1.34854,1.81903,1.7343,-0.0847305,60.0
1744878964303228.0,-5429.21,634.654,1.34854,1.81903,1.66912,-0.149916,60.0
1744878964323813.0,-5429.63,637.387,1.34918,1.7343,1.6808,-0.0534974,60.0
1744878964344453.0,-5429.63,637.387,1.34918,1.7343,1.61835,-0.115951,60.0
1744878964365400.0,-5429.63,637.387,1.34918,1.7343,1.77719,0.0428903,60.0
1744878964387072.0,-5430.48,640.12,1.35017,1.61835,1.55033,-0.0680196,60.0
1744878964408112.0,-5430.48,640.12,1.35017,1.61835,1.76049,0.142137,60.0
1744878964428721.0,-5430.48,643.535,1.35051,1.55033,1.67692,0.126589,60.0
1744878964449410.0,-5430.48,643.535,1.35051,1.55033,1.56491,0.0145779,60.0
1744878964470178.0,-5430.9,646.268,1.35115,1.67692,1.52126,-0.155662,60.0
1744878964491132.0,-5430.9,646.268,1.35115,1.67692,1.61845,-0.058469,60.0
1744878964511637.0,-5430.9,646.268,1.35115,1.67692,1.69676,0.0198394,60.0
1744878964532610.0,-5431.32,649.001,1.35179,1.61845,1.62087,0.00242202,60.0
1744878964553322.0,-5431.32,649.001,1.35179,1.61845,1.49447,-0.123983,60.0
1744878964574035.0,-5431.75,652.416,1.3525,1.62087,1.72186,0.100983,60.0
1744878964594768.0,-5431.75,652.416,1.3525,1.62087,1.6123,-0.00856893,60.0
1744878964615505.0,-5431.75,652.416,1.3525,1.62087,1.70797,0.0871016,60.0
1744878964636173.0,-5432.17,655.149,1.35314,1.6123,1.69192,0.0796123,60.0
1744878964656823.0,-5432.17,655.149,1.35314,1.6123,1.77556,0.163258,60.0
1744878964677636.0,-5432.59,657.882,1.35378,1.69192,1.57099,-0.120921,60.0
1744878964698380.0,-5432.59,657.882,1.35378,1.69192,1.63397,-0.0579422,60.0
1744878964719005.0,-5432.59,657.882,1.35378,1.69192,1.57472,-0.117193,60.0
1744878964740063.0,-5433.02,661.297,1.3545,1.63397,1.52194,-0.112038,60.0
1744878964760731.0,-5433.02,661.297,1.3545,1.63397,1.50228,-0.13169,60.0
1744878964781381.0,-5433.44,664.03,1.35514,1.52194,1.59563,0.0736961,60.0
1744878964802030.0,-5433.44,664.03,1.35514,1.52194,1.67486,0.152921,60.0
1744878964822947.0,-5433.44,667.446,1.3555,1.59563,1.63848,0.0428468,60.0
1744878964843864.0,-5433.44,667.446,1.3555,1.59563,1.65519,0.0595563,60.0
1744878964864358.0,-5433.44,667.446,1.3555,1.59563,1.56974,-0.0258907,60.0
1744878964884992.0,-5433.86,670.178,1.35615,1.65519,1.64867,-0.00651308,60.0
1744878964905763.0,-5433.86,670.178,1.35615,1.65519,1.64037,-0.0148196,60.0
1744878964927189.0,-5434.29,672.911,1.35679,1.64867,1.74853,0.0998512,60.0
1744878964947798.0,-5434.29,672.911,1.35679,1.64867,1.71354,0.064864,60.0
1744878964968634.0,-5434.29,672.911,1.35679,1.64867,1.57255,-0.0761229,60.0
1744878964989218.0,-5434.71,676.327,1.35752,1.71354,1.86205,0.148514,60.0
1744878965009846.0,-5434.71,676.327,1.35752,1.71354,1.59264,-0.120903,60.0
1744878965030530.0,-5434.71,679.059,1.35781,1.86205,1.74489,-0.117164,60.0
1744878965051189.0,-5434.71,679.059,1.35781,1.86205,1.73407,-0.127978,60.0
1744878965071895.0,-5434.71,679.059,1.35781,1.86205,1.76406,-0.0979902,60.0
1744878965092544.0,-5435.13,681.792,1.35846,1.73407,1.65096,-0.0831186,60.0
1744878965113631.0,-5435.13,681.792,1.35846,1.73407,1.59879,-0.135286,60.0
1744878965134833.0,-5435.55,685.208,1.35919,1.65096,1.79245,0.141497,60.0
1744878965155534.0,-5435.55,685.208,1.35919,1.65096,1.55834,-0.092614,60.0
1744878965176154.0,-5435.98,687.941,1.35984,1.55834,1.64857,0.0902244,60.0
1744878965196951.0,-5435.98,687.941,1.35984,1.55834,1.47809,-0.080249,60.0
1744878965217506.0,-5435.98,687.941,1.35984,1.55834,1.59725,0.0389077,60.0
1744878965238344.0,-5435.98,690.673,1.36014,1.47809,1.42552,-0.0525706,60.0
1744878965258959.0,-5435.98,690.673,1.36014,1.47809,1.63127,0.153174,60.0
1744878965279924.0,-5436.4,694.089,1.36087,1.42552,1.57348,0.147959,60.0
1744878965300670.0,-5436.4,694.089,1.36087,1.42552,1.49273,0.067203,60.0
1744878965321348.0,-5436.4,694.089,1.36087,1.42552,1.56851,0.142985,60.0
1744878965342334.0,-5436.82,696.822,1.36153,1.49273,1.47959,-0.0131386,60.0
1744878965362868.0,-5436.82,696.822,1.36153,1.49273,1.65617,0.163447,60.0
1744878965383871.0,-5436.82,700.237,1.3619,1.47959,1.59919,0.119606,60.0
1744878965404752.0,-5436.82,700.237,1.3619,1.47959,1.60056,0.120972,60.0
1744878965425525.0,-5436.82,700.237,1.3619,1.47959,1.43566,-0.04393,60.0
1744878965446281.0,-5437.25,702.97,1.36256,1.60056,1.567,-0.0335609,60.0
1744878965467282.0,-5437.25,702.97,1.36256,1.60056,1.7202,0.119639,60.0
1744878965487995.0,-5437.25,705.703,1.36286,1.567,1.5974,0.0304012,60.0
1744878965508830.0,-5437.25,705.703,1.36286,1.567,1.68055,0.113554,60.0
1744878965529858.0,-5437.25,705.703,1.36286,1.567,1.69725,0.130252,60.0
1744878965550077.0,-5437.67,709.118,1.3636,1.68055,1.82946,0.148909,60.0
1744878965570799.0,-5437.67,709.118,1.3636,1.68055,1.83411,0.153556,60.0
1744878965591802.0,-5437.67,711.851,1.36391,1.82946,1.77873,-0.0507287,60.0
1744878965612334.0,-5437.67,711.851,1.36391,1.82946,1.7566,-0.0728609,60.0
1744878965633064.0,-5438.09,715.267,1.36465,1.77873,1.75534,-0.0233937,60.0
1744878965653655.0,-5438.09,715.267,1.36465,1.77873,1.65823,-0.120499,60.0
1744878965674367.0,-5438.09,715.267,1.36465,1.77873,1.71151,-0.0672248,60.0
1744878965695398.0,-5438.09,717.999,1.36496,1.65823,1.7949,0.136668,60.0
1744878965716188.0,-5438.09,717.999,1.36496,1.65823,1.70235,0.0441121,60.0
1744878965736766.0,-5438.52,720.732,1.36563,1.7949,1.76602,-0.028881,60.0
1744878965757535.0,-5438.52,720.732,1.36563,1.7949,1.75949,-0.0354086,60.0
1744878965778070.0,-5438.52,720.732,1.36563,1.7949,1.94581,0.150913,60.0
1744878965798853.0,-5438.94,724.148,1.36637,1.75949,1.7653,0.00581086,60.0
1744878965819567.0,-5438.94,724.148,1.36637,1.75949,1.71683,-0.042661,60.0
1744878965840430.0,-5438.94,726.88,1.36668,1.7653,1.63755,-0.127758,60.0
1744878965861037.0,-5438.94,726.88,1.36668,1.7653,1.81893,0.0536265,60.0
1744878965881822.0,-5438.94,726.88,1.36668,1.7653,1.66862,-0.0966817,60.0
1744878965902503.0,-5439.36,729.613,1.36736,1.81893,1.70601,-0.112921,60.0
1744878965923535.0,-5439.36,729.613,1.36736,1.81893,1.83453,0.015597,60.0
1744878965944353.0,-5439.79,733.029,1.36811,1.70601,1.58066,-0.125346,60.0
1744878965964743.0,-5439.79,733.029,1.36811,1.70601,1.65677,-0.0492405,60.0
1744878965985378.0,-5439.79,733.029,1.36811,1.70601,1.56451,-0.141503,60.0
1744878966006099.0,-5440.21,735.762,1.36879,1.65677,1.63215,-0.0246227,60.0
1744878966026782.0,-5440.21,735.762,1.36879,1.65677,1.59233,-0.064441,60.0
1744878966047502.0,-5440.63,738.494,1.36946,1.63215,1.7179,0.0857578,60.0
1744878966068208.0,-5440.63,738.494,1.36946,1.63215,1.67188,0.0397364,60.0
1744878966089278.0,-5440.63,741.91,1.36986,1.67188,1.55947,-0.112416,60.0
1744878966109925.0,-5440.63,741.91,1.36986,1.67188,1.82625,0.154365,60.0
1744878966130511.0,-5440.63,741.91,1.36986,1.67188,1.6765,0.00461281,60.0
1744878966151075.0,-5441.06,744.643,1.37054,1.82625,1.74429,-0.0819569,60.0
1744878966172103.0,-5441.06,744.643,1.37054,1.82625,1.77795,-0.0482936,60.0
1744878966192659.0,-5441.48,748.058,1.3713,1.74429,1.69912,-0.0451676,60.0
1744878966213052.0,-5441.48,748.058,1.3713,1.74429,1.79351,0.0492188,60.0
1744878966233768.0,-5441.48,748.058,1.3713,1.74429,1.7763,0.0320127,60.0
1744878966254875.0,-5441.9,750.791,1.37198,1.79351,1.64763,-0.14588,60.0
1744878966275361.0,-5441.9,750.791,1.37198,1.79351,1.77179,-0.0217196,60.0
1744878966296128.0,-5442.33,753.524,1.37267,1.64763,1.72982,0.082188,60.0
1744878966316609.0,-5442.33,753.524,1.37267,1.64763,1.75084,0.103215,60.0
1744878966337505.0,-5442.33,753.524,1.37267,1.64763,1.54119,-0.106435,60.0
1744878966358132.0,-5442.32,756.939,1.37307,1.75084,1.85644,0.105598,60.0
1744878966378909.0,-5442.32,756.939,1.37307,1.75084,1.7134,-0.037447,60.0
1744878966399893.0,-5442.75,759.672,1.37376,1.85644,1.78014,-0.0762984,60.0
1744878966420555.0,-5442.75,759.672,1.37376,1.85644,1.7254,-0.131041,60.0
1744878966441363.0,-5442.75,759.672,1.37376,1.85644,1.79108,-0.0653602,60.0
1744878966461833.0,-5443.17,762.405,1.37445,1.7254,1.61344,-0.11196,60.0
1744878966482730.0,-5443.17,762.405,1.37445,1.7254,1.76824,0.0428403,60.0
1744878966503428.0,-5443.59,765.821,1.37522,1.61344,1.74541,0.131975,60.0
1744878966524340.0,-5443.59,765.821,1.37522,1.61344,1.76018,0.146742,60.0
1744878966545242.0,-5444.02,768.553,1.37591,1.76018,1.65935,-0.100835,60.0
1744878966565899.0,-5444.02,768.553,1.37591,1.76018,1.84967,0.0894868,60.0
1744878966586402.0,-5444.02,768.553,1.37591,1.76018,1.66619,-0.0939879,60.0
1744878966607099.0,-5444.44,771.286,1.3766,1.84967,1.68881,-0.160857,60.0
1744878966627897.0,-5444.44,771.286,1.3766,1.84967,1.71528,-0.134394,60.0
1744878966648599.0,-5444.86,774.702,1.37737,1.68881,1.81383,0.125017,60.0
1744878966669173.0,-5444.86,774.702,1.37737,1.68881,1.6222,-0.0666085,60.0
1744878966689859.0,-5444.86,774.702,1.37737,1.68881,1.59444,-0.0943713,60.0
1744878966710341.0,-5445.29,777.434,1.37807,1.6222,1.74746,0.12526,60.0
1744878966730970.0,-5445.29,777.434,1.37807,1.6222,1.63213,0.00992435,60.0
1744878966751745.0,-5445.71,780.167,1.37876,1.74746,1.75224,0.00477477,60.0
1744878966772721.0,-5445.71,780.167,1.37876,1.74746,1.86777,0.120304,60.0
1744878966793413.0,-5445.71,780.167,1.37876,1.74746,1.60168,-0.145783,60.0
1744878966814143.0,-5446.13,783.583,1.37954,1.86777,1.72183,-0.14594,60.0
1744878966835005.0,-5446.13,783.583,1.37954,1.86777,1.71583,-0.151941,60.0
1744878966855763.0,-5446.56,786.315,1.38024,1.72183,1.67064,-0.0511876,60.0
1744878966876451.0,-5446.56,786.315,1.38024,1.72183,1.58416,-0.137664,60.0
1744878966897059.0,-5446.56,786.315,1.38024,1.72183,1.81468,0.0928524,60.0
1744878966918069.0,-5446.98,789.731,1.38103,1.58416,1.67383,0.0896681,60.0
1744878966938877.0,-5446.98,789.731,1.38103,1.58416,1.60834,0.0241731,60.0
1744878966959697.0,-5447.4,792.464,1.38173,1.67383,1.75014,0.0763125,60.0
1744878966980348.0,-5447.4,792.464,1.38173,1.67383,1.64829,-0.0255408,60.0
1744878967000894.0,-5447.83,795.197,1.38243,1.75014,1.69089,-0.0592546,60.0
1744878967021685.0,-5447.83,795.197,1.38243,1.75014,1.70656,-0.0435809,60.0
1744878967042505.0,-5447.83,795.197,1.38243,1.75014,1.78629,0.0361428,60.0
1744878967063332.0,-5448.25,798.612,1.38322,1.70656,1.84885,0.142281,60.0
1744878967073757.0,-5448.25,798.612,1.38322,1.70656,1.72596,0.0194005,60.0
1744878967094449.0,-5448.25,798.612,1.38322,1.70656,1.76769,0.061129,60.0
1744878967115371.0,-5448.67,801.345,1.38392,1.72596,1.82837,0.102406,60.0
1744878967136064.0,-5448.67,801.345,1.38392,1.72596,1.71124,-0.0147262,60.0
1744878967156775.0,-5449.1,804.078,1.38463,1.82837,1.74808,-0.0802864,60.0
1744878967177635.0,-5449.1,804.078,1.38463,1.82837,1.95253,0.124164,60.0
1744878967198587.0,-5449.1,804.078,1.38463,1.82837,1.81741,-0.0109608,60.0
1744878967219735.0,-5449.52,807.493,1.38542,1.95253,1.95458,0.00204188,60.0
1744878967240228.0,-5449.52,807.493,1.38542,1.95253,1.87207,-0.0804695,60.0
1744878967260741.0,-5449.94,810.226,1.38613,1.95458,1.83865,-0.115923,60.0
1744878967281550.0,-5449.94,810.226,1.38613,1.95458,1.8243,-0.130277,60.0
1744878967302285.0,-5449.94,810.226,1.38613,1.95458,1.81822,-0.136361,60.0
1744878967323102.0,-5450.37,812.959,1.38684,1.8243,1.76665,-0.057653,60.0
1744878967343800.0,-5450.37,812.959,1.38684,1.8243,1.72269,-0.101606,60.0
1744878967364630.0,-5450.79,816.375,1.38764,1.76665,1.69137,-0.0752797,60.0
1744878967386213.0,-5450.79,816.375,1.38764,1.76665,1.71474,-0.0519054,60.0
1744878967407620.0,-5451.21,819.107,1.38835,1.69137,1.5952,-0.0961692,60.0
1744878967428106.0,-5451.21,819.107,1.38835,1.69137,1.75348,0.0621119,60.0
1744878967448866.0,-5451.21,819.107,1.38835,1.69137,1.64827,-0.0430956,60.0
1744878967469376.0,-5452.06,821.84,1.38943,1.75348,1.63941,-0.114065,60.0
1744878967490052.0,-5452.06,821.84,1.38943,1.75348,1.77477,0.0212867,60.0
1744878967510656.0,-5452.48,825.256,1.39023,1.63941,1.70285,0.063432,60.0
1744878967531367.0,-5452.48,825.256,1.39023,1.63941,1.65793,0.0185173,60.0
1744878967551914.0,-5452.48,825.256,1.39023,1.63941,1.59236,-0.0470521,60.0
1744878967572545.0,-5452.91,827.988,1.39095,1.65793,1.64638,-0.0115528,60.0
1744878967593323.0,-5452.91,827.988,1.39095,1.65793,1.58814,-0.0697938,60.0
1744878967613799.0,-5453.33,830.721,1.39166,1.64638,1.58668,-0.0596991,60.0
1744878967634336.0,-5453.33,830.721,1.39166,1.64638,1.68024,0.0338619,60.0
1744878967654929.0,-5453.33,830.721,1.39166,1.64638,1.71856,0.072187,60.0
1744878967675659.0,-5453.75,834.137,1.39247,1.68024,1.6198,-0.0604358,60.0
1744878967696269.0,-5453.75,834.137,1.39247,1.68024,1.80011,0.119875,60.0
1744878967716905.0,-5454.18,836.869,1.39319,1.6198,1.62559,0.00578683,60.0
1744878967737553.0,-5454.18,836.869,1.39319,1.6198,1.55282,-0.0669885,60.0
1744878967758669.0,-5454.18,836.869,1.39319,1.6198,1.69608,0.0762794,60.0
1744878967779175.0,-5454.6,839.602,1.39391,1.55282,1.65202,0.099207,60.0
1744878967799732.0,-5454.6,839.602,1.39391,1.55282,1.63259,0.079776,60.0
1744878967820117.0,-5455.02,843.018,1.39473,1.65202,1.78101,0.128983,60.0
1744878967840646.0,-5455.02,843.018,1.39473,1.65202,1.60515,-0.0468756,60.0
1744878967861204.0,-5455.44,845.751,1.39545,1.78101,1.70296,-0.0780496,60.0
1744878967882002.0,-5455.44,845.751,1.39545,1.78101,1.64175,-0.139256,60.0
1744878967902738.0,-5455.44,845.751,1.39545,1.78101,1.72956,-0.051441,60.0
1744878967924444.0,-5455.87,848.483,1.39618,1.64175,1.59113,-0.0506192,60.0
1744878967945024.0,-5455.87,848.483,1.39618,1.64175,1.50486,-0.136884,60.0
1744878967965428.0,-5456.29,851.899,1.39699,1.59113,1.75384,0.162708,60.0
1744878967986148.0,-5456.29,851.899,1.39699,1.59113,1.5457,-0.0454306,60.0
1744878968006718.0,-5456.29,851.899,1.39699,1.59113,1.55839,-0.0327398,60.0
1744878968027287.0,-5456.71,854.632,1.39772,1.5457,1.57104,0.0253449,60.0
1744878968047891.0,-5456.71,854.632,1.39772,1.5457,1.67668,0.130976,60.0
1744878968068704.0,-5457.14,857.364,1.39845,1.57104,1.59277,0.0217237,60.0
1744878968089392.0,-5457.14,857.364,1.39845,1.57104,1.68117,0.110124,60.0
1744878968110184.0,-5457.14,857.364,1.39845,1.57104,1.61848,0.047432,60.0
1744878968130878.0,-5457.14,860.78,1.39891,1.68117,1.72094,0.0397717,60.0
1744878968152068.0,-5457.14,860.78,1.39891,1.68117,1.74064,0.0594707,60.0
1744878968172510.0,-5457.56,863.513,1.39964,1.72094,1.57546,-0.145477,60.0
1744878968193198.0,-5457.56,863.513,1.39964,1.72094,1.60774,-0.113199,60.0
1744878968213754.0,-5457.56,863.513,1.39964,1.72094,1.58224,-0.138698,60.0
1744878968234289.0,-5457.98,866.929,1.40047,1.60774,1.6189,0.0111566,60.0
1744878968255411.0,-5457.98,866.929,1.40047,1.60774,1.72899,0.121246,60.0
1744878968275930.0,-5458.41,869.661,1.4012,1.6189,1.54287,-0.0760293,60.0
1744878968296638.0,-5458.41,869.661,1.4012,1.6189,1.55988,-0.0590168,60.0
1744878968317489.0,-5458.83,872.394,1.40194,1.55988,1.52475,-0.0351264,60.0
1744878968338333.0,-5458.83,872.394,1.40194,1.55988,1.66226,0.102378,60.0
1744878968359024.0,-5458.83,872.394,1.40194,1.55988,1.46931,-0.0905727,60.0
1744878968379325.0,-5458.83,875.81,1.4024,1.66226,1.53901,-0.123249,60.0
1744878968400188.0,-5458.83,875.81,1.4024,1.66226,1.75213,0.0898722,60.0
1744878968421104.0,-5459.25,878.542,1.40314,1.53901,1.54954,0.0105329,60.0
1744878968441968.0,-5459.25,878.542,1.40314,1.53901,1.60216,0.0631519,60.0
1744878968462770.0,-5459.25,878.542,1.40314,1.53901,1.61666,0.0776496,60.0
1744878968483706.0,-5459.68,881.275,1.40388,1.60216,1.60421,0.00204659,60.0
1744878968505328.0,-5459.68,881.275,1.40388,1.60216,1.72463,0.122472,60.0
1744878968525560.0,-5459.68,884.691,1.40435,1.60421,1.53782,-0.0663846,60.0
1744878968546546.0,-5459.68,884.691,1.40435,1.60421,1.72709,0.122882,60.0
1744878968567060.0,-5459.68,884.691,1.40435,1.60421,1.62552,0.0213102,60.0
1744878968587800.0,-5460.1,887.423,1.4051,1.72709,1.57145,-0.155643,60.0
1744878968608431.0,-5460.1,887.423,1.4051,1.72709,1.57664,-0.15045,60.0
1744878968628892.0,-5460.52,890.156,1.40584,1.57145,1.5798,0.00835415,60.0
1744878968649599.0,-5460.52,890.156,1.40584,1.57145,1.60306,0.0316167,60.0
1744878968670344.0,-5460.52,890.156,1.40584,1.57145,1.69984,0.128397,60.0
1744878968690992.0,-5460.52,893.572,1.40632,1.60306,1.64081,0.0377504,60.0
1744878968711571.0,-5460.52,893.572,1.40632,1.60306,1.67017,0.0671023,60.0
1744878968732189.0,-5460.95,896.305,1.40706,1.64081,1.68692,0.0461067,60.0
1744878968753225.0,-5460.95,896.305,1.40706,1.64081,1.68225,0.0414332,60.0
1744878968773675.0,-5461.37,899.72,1.40791,1.68692,1.64333,-0.0435887,60.0
1744878968794361.0,-5461.37,899.72,1.40791,1.68692,1.68136,-0.00556529,60.0
1744878968815212.0,-5461.37,899.72,1.40791,1.68692,1.73231,0.0453846,60.0
1744878968835675.0,-5461.37,902.453,1.40829,1.68136,1.62213,-0.0592237,60.0
1744878968856304.0,-5461.37,902.453,1.40829,1.68136,1.83229,0.150931,60.0
1744878968876881.0,-5461.79,905.186,1.40904,1.62213,1.56252,-0.0596145,60.0
1744878968897475.0,-5461.79,905.186,1.40904,1.62213,1.77523,0.153097,60.0
1744878968918377.0,-5461.79,905.186,1.40904,1.62213,1.69313,0.0710018,60.0
1744878968938720.0,-5461.79,908.601,1.40953,1.77523,1.74638,-0.0288457,60.0
1744878968959412.0,-5461.79,908.601,1.40953,1.77523,1.68508,-0.0901471,60.0
1744878968980102.0,-5462.21,911.334,1.41028,1.74638,1.72825,-0.0181287,60.0
1744878969000868.0,-5462.21,911.334,1.41028,1.74638,1.907,0.160613,60.0
1744878969021271.0,-5462.21,911.334,1.41028,1.74638,1.77297,0.0265867,60.0
1744878969041889.0,-5462.64,914.067,1.41103,1.907,1.91293,0.00592965,60.0
1744878969062650.0,-5462.64,914.067,1.41103,1.907,1.74796,-0.159037,60.0
1744878969083445.0,-5463.06,917.483,1.41189,1.91293,1.84473,-0.0681936,60.0
1744878969104028.0,-5463.06,917.483,1.41189,1.91293,1.78224,-0.13069,60.0
1744878969124971.0,-5463.06,917.483,1.41189,1.91293,1.79835,-0.114574,60.0
1744878969145549.0,-5463.06,920.215,1.41228,1.78224,1.62177,-0.160471,60.0
1744878969166190.0,-5463.06,920.215,1.41228,1.78224,1.77571,-0.00652668,60.0
1744878969186767.0,-5463.48,923.631,1.41313,1.62177,1.61208,-0.00968802,60.0
1744878969207582.0,-5463.48,923.631,1.41313,1.62177,1.66019,0.0384221,60.0
1744878969227852.0,-5463.48,923.631,1.41313,1.62177,1.67277,0.0510035,60.0
1744878969248784.0,-5463.91,926.364,1.41389,1.66019,1.73042,0.0702333,60.0
1744878969269379.0,-5463.91,926.364,1.41389,1.66019,1.54034,-0.119845,60.0
1744878969290089.0,-5464.33,929.096,1.41465,1.73042,1.72978,-0.000640344,60.0
1744878969310638.0,-5464.33,929.096,1.41465,1.73042,1.70179,-0.0286286,60.0
1744878969331234.0,-5464.75,932.512,1.41552,1.72978,1.68931,-0.0404717,60.0
1744878969351849.0,-5464.75,932.512,1.41552,1.72978,1.73214,0.00235672,60.0
1744878969372797.0,-5464.75,932.512,1.41552,1.72978,1.82111,0.091326,60.0
1744878969393091.0,-5464.75,935.245,1.41591,1.73214,1.6657,-0.0664383,60.0
1744878969414052.0,-5464.75,935.245,1.41591,1.73214,1.77404,0.0418986,60.0
1744878969434989.0,-5465.18,937.977,1.41668,1.6657,1.69963,0.0339318,60.0
1744878969455389.0,-5465.18,937.977,1.41668,1.6657,1.72074,0.0550427,60.0
1744878969476289.0,-5465.18,937.977,1.41668,1.6657,1.57433,-0.0913728,60.0
1744878969496599.0,-5465.6,941.393,1.41755,1.72074,1.6009,-0.119846,60.0
1744878969517295.0,-5465.6,941.393,1.41755,1.72074,1.68675,-0.0339903,60.0
1744878969538016.0,-5466.02,944.126,1.41831,1.6009,1.72618,0.125286,60.0
1744878969558463.0,-5466.02,944.126,1.41831,1.6009,1.69438,0.0934833,60.0
1744878969579135.0,-5466.02,944.126,1.41831,1.6009,1.60054,-0.000357226,60.0
1744878969599815.0,-5466.45,946.859,1.41908,1.69438,1.67498,-0.0194006,60.0
1744878969620668.0,-5466.45,946.859,1.41908,1.69438,1.72615,0.0317668,60.0
1744878969641526.0,-5466.87,950.274,1.41995,1.67498,1.62381,-0.0511733,60.0
1744878969662250.0,-5466.87,950.274,1.41995,1.67498,1.75051,0.0755342,60.0
1744878969682832.0,-5466.87,950.274,1.41995,1.67498,1.57399,-0.100984,60.0
1744878969703310.0,-5466.87,953.007,1.42036,1.75051,1.75724,0.00672719,60.0
1744878969724193.0,-5466.87,953.007,1.42036,1.75051,1.785,0.0344834,60.0
1744878969744894.0,-5467.29,956.423,1.42123,1.75724,1.7363,-0.0209353,60.0
1744878969765907.0,-5467.29,956.423,1.42123,1.75724,1.62948,-0.127764,60.0
1744878969786710.0,-5467.71,959.155,1.42201,1.7363,1.63016,-0.106141,60.0
1744878969807585.0,-5467.71,959.155,1.42201,1.7363,1.68861,-0.0476946,60.0
1744878969828480.0,-5467.71,959.155,1.42201,1.7363,1.68933,-0.046971,60.0
1744878969849159.0,-5468.14,961.888,1.42278,1.68861,1.59049,-0.0981238,60.0
1744878969869893.0,-5468.14,961.888,1.42278,1.68861,1.83078,0.142167,60.0
1744878969890564.0,-5468.56,965.304,1.42366,1.59049,1.5933,0.00281478,60.0
1744878969912405.0,-5468.56,965.304,1.42366,1.59049,1.65884,0.0683553,60.0
1744878969933607.0,-5468.56,965.304,1.42366,1.59049,1.72884,0.13835,60.0
1744878969953971.0,-5468.98,968.037,1.42444,1.65884,1.61153,-0.0473071,60.0
1744878969974486.0,-5468.98,968.037,1.42444,1.65884,1.76305,0.104212,60.0
1744878969995326.0,-5469.41,970.769,1.42521,1.61153,1.56067,-0.0508664,60.0
1744878970016325.0,-5469.41,970.769,1.42521,1.61153,1.77072,0.159187,60.0
1744878970037061.0,-5469.41,970.769,1.42521,1.61153,1.59096,-0.0205704,60.0
1744878970057747.0,-5469.41,974.185,1.42573,1.77072,1.77753,0.00681299,60.0
1744878970078342.0,-5469.41,974.185,1.42573,1.77072,1.77202,0.00129637,60.0
1744878970099082.0,-5469.83,976.918,1.42652,1.77753,1.67804,-0.0994932,60.0
1744878970119868.0,-5469.83,976.918,1.42652,1.77753,1.83914,0.0616057,60.0
1744878970140483.0,-5469.83,976.918,1.42652,1.77753,1.70829,-0.0692426,60.0
1744878970160874.0,-5470.25,979.65,1.4273,1.83914,1.76063,-0.0785136,60.0
1744878970181792.0,-5470.25,979.65,1.4273,1.83914,1.82965,-0.00948517,60.0
1744878970202473.0,-5470.68,983.066,1.42819,1.76063,1.64204,-0.118589,60.0
1744878970223151.0,-5470.68,983.066,1.42819,1.76063,1.71136,-0.0492658,60.0
1744878970244239.0,-5471.1,985.799,1.42897,1.64204,1.53208,-0.109956,60.0
1744878970264401.0,-5471.1,985.799,1.42897,1.64204,1.60894,-0.0330995,60.0
1744878970284884.0,-5471.1,985.799,1.42897,1.64204,1.6429,0.000867416,60.0
1744878970305391.0,-5471.52,988.532,1.42976,1.60894,1.45268,-0.156258,60.0
1744878970325868.0,-5471.52,988.532,1.42976,1.60894,1.76837,0.159431,60.0
1744878970346341.0,-5471.95,991.947,1.43065,1.45268,1.58693,0.134251,60.0
1744878970367143.0,-5471.95,991.947,1.43065,1.45268,1.58474,0.132057,60.0
1744878970387815.0,-5471.95,991.947,1.43065,1.45268,1.41483,-0.037846,60.0
1744878970408644.0,-5472.37,994.68,1.43144,1.58474,1.7083,0.123564,60.0
1744878970429197.0,-5472.37,994.68,1.43144,1.58474,1.69087,0.106131,60.0
1744878970449919.0,-5472.37,998.096,1.43197,1.7083,1.78701,0.0787108,60.0
1744878970470781.0,-5472.37,998.096,1.43197,1.7083,1.74259,0.0342901,60.0
1744878970491822.0,-5472.37,998.096,1.43197,1.7083,1.60386,-0.104439,60.0
1744878970512437.0,-5472.79,1000.83,1.43276,1.74259,1.82269,0.0801011,60.0
1744878970532899.0,-5472.79,1000.83,1.43276,1.74259,1.73245,-0.0101429,60.0
1744878970553495.0,-5473.21,1003.56,1.43356,1.82269,1.83,0.00730465,60.0
1744878970574026.0,-5473.21,1003.56,1.43356,1.82269,1.77551,-0.0471817,60.0
1744878970594887.0,-5473.21,1003.56,1.43356,1.82269,1.69681,-0.125878,60.0
1744878970615603.0,-5473.64,1006.98,1.43446,1.77551,1.66183,-0.113676,60.0
1744878970636232.0,-5473.64,1006.98,1.43446,1.77551,1.78965,0.0141399,60.0
1744878970656829.0,-5474.06,1009.71,1.43525,1.66183,1.76173,0.0999003,60.0
1744878970677638.0,-5474.06,1009.71,1.43525,1.66183,1.78768,0.125848,60.0
1744878970698289.0,-5474.06,1009.71,1.43525,1.66183,1.71243,0.050596,60.0
1744878970719058.0,-5474.48,1012.44,1.43605,1.78768,1.64972,-0.137959,60.0
1744878970739870.0,-5474.48,1012.44,1.43605,1.78768,1.70371,-0.0839693,60.0
1744878970760407.0,-5474.91,1015.86,1.43696,1.64972,1.54305,-0.106671,60.0
1744878970781343.0,-5474.91,1015.86,1.43696,1.64972,1.76838,0.118658,60.0
1744878970802133.0,-5474.91,1018.59,1.43739,1.54305,1.41597,-0.127083,60.0
1744878970822937.0,-5474.91,1018.59,1.43739,1.54305,1.61482,0.0717719,60.0
1744878970843604.0,-5474.91,1018.59,1.43739,1.54305,1.6444,0.101348,60.0
1744878970864504.0,-5475.33,1021.32,1.43819,1.61482,1.54648,-0.0683484,60.0
1744878970885395.0,-5475.33,1021.32,1.43819,1.61482,1.49988,-0.114939,60.0
1744878970906411.0,-5475.75,1024.74,1.4391,1.54648,1.5624,0.0159215,60.0
1744878970927344.0,-5475.75,1024.74,1.4391,1.54648,1.67755,0.131077,60.0
1744878970947895.0,-5475.75,1024.74,1.4391,1.54648,1.68896,0.142487,60.0
1744878970968798.0,-5476.18,1027.47,1.43991,1.67755,1.61905,-0.0585044,60.0
1744878970989110.0,-5476.18,1027.47,1.43991,1.67755,1.51428,-0.163276,60.0
1744878971009824.0,-5476.6,1030.89,1.44082,1.61905,1.71684,0.097795,60.0
1744878971030910.0,-5476.6,1030.89,1.44082,1.61905,1.47804,-0.141012,60.0
1744878971051345.0,-5476.6,1030.89,1.44082,1.61905,1.56089,-0.0581555,60.0
1744878971072229.0,-5476.6,1033.62,1.44126,1.47804,1.43234,-0.0456974,60.0
1744878971092626.0,-5476.6,1033.62,1.44126,1.47804,1.55245,0.0744127,60.0
1744878971113305.0,-5477.02,1036.35,1.44207,1.43234,1.50754,0.0751974,60.0
1744878971134091.0,-5477.02,1036.35,1.44207,1.43234,1.5165,0.0841571,60.0
1744878971154670.0,-5477.45,1039.77,1.44299,1.50754,1.60409,0.0965543,60.0
1744878971175543.0,-5477.45,1039.77,1.44299,1.50754,1.66687,0.159332,60.0
1744878971196173.0,-5477.45,1039.77,1.44299,1.50754,1.6476,0.140068,60.0
1744878971216649.0,-5477.44,1042.5,1.44343,1.66687,1.54871,-0.118161,60.0
1744878971237339.0,-5477.44,1042.5,1.44343,1.66687,1.51997,-0.146894,60.0
1744878971258262.0,-5477.87,1045.23,1.44425,1.54871,1.63926,0.0905492,60.0
1744878971279027.0,-5477.87,1045.23,1.44425,1.54871,1.58631,0.0376035,60.0
1744878971299938.0,-5477.87,1045.23,1.44425,1.54871,1.63691,0.0882084,60.0
1744878971320606.0,-5477.87,1048.65,1.4448,1.58631,1.72335,0.137037,60.0
1744878971341401.0,-5477.87,1048.65,1.4448,1.58631,1.53038,-0.055925,60.0
1744878971362066.0,-5478.29,1051.38,1.44562,1.72335,1.65185,-0.0715015,60.0
1744878971382765.0,-5478.29,1051.38,1.44562,1.72335,1.77333,0.0499789,60.0
1744878971403801.0,-5478.29,1051.38,1.44562,1.72335,1.64911,-0.0742339,60.0
1744878971424113.0,-5478.29,1054.8,1.44618,1.77333,1.62999,-0.143332,60.0
1744878971444739.0,-5478.29,1054.8,1.44618,1.77333,1.82013,0.0468015,60.0
1744878971465378.0,-5478.71,1057.53,1.447,1.62999,1.72603,0.0960317,60.0
1744878971486384.0,-5478.71,1057.53,1.447,1.62999,1.62782,-0.00217505,60.0
1744878971507052.0,-5478.71,1057.53,1.447,1.62999,1.64382,0.0138264,60.0
1744878971527679.0,-5478.71,1060.26,1.44745,1.62782,1.64609,0.0182717,60.0
1744878971548409.0,-5478.71,1060.26,1.44745,1.62782,1.59683,-0.0309891,60.0
1744878971568867.0,-5479.14,1063.68,1.44838,1.64609,1.68328,0.0371931,60.0
1744878971589626.0,-5479.14,1063.68,1.44838,1.64609,1.6919,0.0458123,60.0
1744878971610316.0,-5479.56,1066.41,1.4492,1.68328,1.67052,-0.0127595,60.0
1744878971630996.0,-5479.56,1066.41,1.4492,1.68328,1.73285,0.0495615,60.0
1744878971652091.0,-5479.56,1066.41,1.4492,1.68328,1.72749,0.0442062,60.0
1744878971672818.0,-5479.56,1069.14,1.44966,1.73285,1.61029,-0.122559,60.0
1744878971693483.0,-5479.56,1069.14,1.44966,1.73285,1.80704,0.0741905,60.0
1744878971714037.0,-5479.98,1072.56,1.4506,1.61029,1.61301,0.00271918,60.0
1744878971734934.0,-5479.98,1072.56,1.4506,1.61029,1.60457,-0.00571262,60.0
1744878971755620.0,-5479.98,1072.56,1.4506,1.61029,1.76432,0.154034,60.0
1744878971776409.0,-5479.98,1075.29,1.45105,1.60457,1.76592,0.161348,60.0
1744878971796964.0,-5479.98,1075.29,1.45105,1.60457,1.63,0.0254273,60.0
1744878971817528.0,-5480.4,1078.71,1.452,1.76592,1.72961,-0.036314,60.0
1744878971838125.0,-5480.4,1078.71,1.452,1.76592,1.86068,0.0947583,60.0
1744878971859000.0,-5480.4,1078.71,1.452,1.76592,1.78488,0.0189618,60.0
1744878971879932.0,-5480.83,1081.44,1.45282,1.86068,1.69883,-0.161847,60.0
1744878971900598.0,-5480.83,1081.44,1.45282,1.86068,1.88178,0.0210992,60.0
1744878971921151.0,-5480.83,1084.17,1.45328,1.69883,1.69993,0.00109839,60.0
1744878971941999.0,-5480.83,1084.17,1.45328,1.69883,1.77539,0.0765531,60.0
1744878971962677.0,-5480.83,1084.17,1.45328,1.69883,1.7247,0.0258635,60.0
1744878971983432.0,-5481.25,1087.59,1.45423,1.77539,1.66689,-0.108497,60.0
1744878972004122.0,-5481.25,1087.59,1.45423,1.77539,1.64621,-0.129174,60.0
1744878972024872.0,-5481.67,1090.32,1.45506,1.66689,1.61557,-0.0513234,60.0
1744878972045746.0,-5481.67,1090.32,1.45506,1.66689,1.52241,-0.144478,60.0
1744878972066413.0,-5481.67,1090.32,1.45506,1.66689,1.81303,0.146142,60.0
1744878972087315.0,-5482.1,1093.06,1.45589,1.52241,1.43061,-0.0918054,60.0
1744878972108204.0,-5482.1,1093.06,1.45589,1.52241,1.66584,0.143431,60.0
1744878972128653.0,-5482.1,1096.47,1.45648,1.43061,1.52511,0.0945035,60.0
1744878972149279.0,-5482.1,1096.47,1.45648,1.43061,1.43551,0.00490778,60.0
1744878972169933.0,-5482.52,1099.2,1.45731,1.52511,1.50593,-0.0191819,60.0
1744878972190588.0,-5482.52,1099.2,1.45731,1.52511,1.58515,0.0600383,60.0
1744878972211303.0,-5482.52,1099.2,1.45731,1.52511,1.5485,0.0233931,60.0
1744878972231963.0,-5482.52,1101.94,1.45778,1.58515,1.53942,-0.0457317,60.0
1744878972252822.0,-5482.52,1101.94,1.45778,1.58515,1.73499,0.149842,60.0
1744878972273446.0,-5482.94,1105.35,1.45874,1.53942,1.6806,0.141185,60.0
1744878972294175.0,-5482.94,1105.35,1.45874,1.53942,1.685,0.145588,60.0
1744878972314950.0,-5482.94,1105.35,1.45874,1.53942,1.66887,0.129455,60.0
1744878972335586.0,-5482.94,1108.09,1.45921,1.685,1.6838,-0.00119936,60.0
1744878972356747.0,-5482.94,1108.09,1.45921,1.685,1.57651,-0.108498,60.0
1744878972377165.0,-5483.37,1111.5,1.46017,1.6838,1.80162,0.117821,60.0
1744878972397900.0,-5483.37,1111.5,1.46017,1.6838,1.74686,0.063058,60.0
1744878972418969.0,-5483.37,1111.5,1.46017,1.6838,1.80606,0.12226,60.0
1744878972439667.0,-5483.36,1114.23,1.46064,1.74686,1.61397,-0.13289,60.0
1744878972459987.0,-5483.36,1114.23,1.46064,1.74686,1.75073,0.0038688,60.0
1744878972480779.0,-5483.79,1116.97,1.46149,1.61397,1.52887,-0.0851069,60.0
1744878972501599.0,-5483.79,1116.97,1.46149,1.61397,1.59991,-0.0140573,60.0
1744878972522278.0,-5483.79,1116.97,1.46149,1.61397,1.75193,0.137959,60.0
1744878972542933.0,-5484.21,1120.38,1.46245,1.59991,1.64519,0.0452781,60.0
1744878972563884.0,-5484.21,1120.38,1.46245,1.59991,1.62246,0.0225442,60.0
1744878972584390.0,-5484.21,1123.11,1.46293,1.64519,1.59496,-0.0502336,60.0
1744878972605307.0,-5484.21,1123.11,1.46293,1.64519,1.64554,0.000346382,60.0
1744878972626218.0,-5484.63,1126.53,1.46389,1.59496,1.49963,-0.0953262,60.0
1744878972646847.0,-5484.63,1126.53,1.46389,1.59496,1.69456,0.0996053,60.0
1744878972667683.0,-5484.63,1126.53,1.46389,1.59496,1.71233,0.11737,60.0
1744878972688154.0,-5484.63,1129.26,1.46438,1.69456,1.59323,-0.101334,60.0
1744878972709057.0,-5484.63,1129.26,1.46438,1.69456,1.70406,0.00949137,60.0
1744878972729859.0,-5485.06,1132.0,1.46522,1.59323,1.67319,0.0799553,60.0
1744878972750437.0,-5485.06,1132.0,1.46522,1.59323,1.59296,-0.000269498,60.0
1744878972771161.0,-5485.06,1132.0,1.46522,1.59323,1.61794,0.0247137,60.0
1744878972791774.0,-5485.06,1135.41,1.46583,1.59296,1.75058,0.157623,60.0
1744878972812419.0,-5485.06,1135.41,1.46583,1.59296,1.61625,0.0232843,60.0
1744878972833102.0,-5485.48,1138.14,1.46668,1.75058,1.60638,-0.144201,60.0
1744878972854086.0,-5485.48,1138.14,1.46668,1.75058,1.69293,-0.0576509,60.0
1744878972874603.0,-5485.48,1138.14,1.46668,1.75058,1.63288,-0.117709,60.0
1744878972895273.0,-5485.48,1140.88,1.46717,1.69293,1.62624,-0.0666926,60.0
1744878972916117.0,-5485.48,1140.88,1.46717,1.69293,1.65389,-0.0390405,60.0
1744878972936921.0,-5485.9,1144.29,1.46814,1.62624,1.57228,-0.0539562,60.0
1744878972957624.0,-5485.9,1144.29,1.46814,1.62624,1.77487,0.148631,60.0
1744878972978639.0,-5485.9,1147.03,1.46863,1.77487,1.66669,-0.108177,60.0
1744878972998953.0,-5485.9,1147.03,1.46863,1.77487,1.63602,-0.138854,60.0
1744878973019972.0,-5485.9,1147.03,1.46863,1.77487,1.75093,-0.0239417,60.0
1744878973040814.0,-5486.33,1150.44,0.469614,1.63602,1.71694,0.080925,60.0
1744878973061726.0,-5486.33,1150.44,0.469614,1.63602,1.78087,0.144853,60.0
1744878973082202.0,-5486.75,1153.17,0.470471,1.71694,1.71963,0.00269133,60.0
1744878973102819.0,-5486.75,1153.17,0.470471,1.71694,1.66029,-0.0566514,60.0
1744878973123562.0,-5486.75,1153.17,0.470471,1.71694,1.68973,-0.0272162,60.0
1744878973144090.0,-5486.75,1155.91,0.470965,1.66029,1.70965,0.0493562,60.0
1744878973164807.0,-5486.75,1155.91,0.470965,1.66029,1.50967,-0.150622,60.0
1744878973185522.0,-5487.17,1159.32,0.471949,1.70965,1.62892,-0.0807241,60.0
1744878973206281.0,-5487.17,1159.32,0.471949,1.70965,1.73166,0.0220129,60.0
1744878973227026.0,-5487.17,1159.32,0.471949,1.70965,1.67037,-0.0392759,60.0
1744878973247680.0,-5487.17,1162.06,0.472445,1.73166,1.71009,-0.0215684,60.0
1744878973268446.0,-5487.17,1162.06,0.472445,1.73166,1.7487,0.0170358,60.0
1744878973289423.0,-5487.59,1164.79,0.473308,1.71009,1.62575,-0.0843454,60.0
1744878973310014.0,-5487.59,1164.79,0.473308,1.71009,1.68991,-0.0201858,60.0
1744878973330669.0,-5487.59,1164.79,0.473308,1.71009,1.68615,-0.0239375,60.0
1744878973351473.0,-5488.02,1168.2,0.474296,1.68991,1.5815,-0.108403,60.0
1744878973371951.0,-5488.02,1168.2,0.474296,1.68991,1.79595,0.106042,60.0
1744878973392663.0,-5488.02,1170.94,0.474796,1.5815,1.69392,0.112416,60.0
1744878973413307.0,-5488.02,1170.94,0.474796,1.5815,1.71697,0.135467,60.0
1744878973434396.0,-5488.44,1174.35,0.475788,1.69392,1.53939,-0.154528,60.0
1744878973454897.0,-5488.44,1174.35,0.475788,1.69392,1.61547,-0.0784501,60.0
1744878973475966.0,-5488.44,1174.35,0.475788,1.69392,1.60693,-0.0869856,60.0
1744878973496616.0,-5488.86,1177.08,0.476656,1.61547,1.61696,0.0014921,60.0
1744878973517411.0,-5488.86,1177.08,0.476656,1.61547,1.66939,0.0539259,60.0
1744878973538010.0,-5488.86,1179.82,0.47716,1.61696,1.69997,0.0830068,60.0
1744878973558674.0,-5488.86,1179.82,0.47716,1.61696,1.4974,-0.119558,60.0
1744878973579808.0,-5488.86,1179.82,0.47716,1.61696,1.72059,0.103633,60.0
1744878973600193.0,-5489.29,1183.23,0.478157,1.4974,1.63016,0.13276,60.0
1744878973620934.0,-5489.29,1183.23,0.478157,1.4974,1.62918,0.131782,60.0
1744878973641776.0,-5489.71,1185.97,0.479029,1.63016,1.69379,0.063628,60.0
1744878973662655.0,-5489.71,1185.97,0.479029,1.63016,1.76906,0.1389,60.0
1744878973683613.0,-5489.71,1185.97,0.479029,1.63016,1.74139,0.111233,60.0
1744878973704470.0,-5489.71,1188.7,0.479536,1.76906,1.71199,-0.0570705,60.0
1744878973725315.0,-5489.71,1188.7,0.479536,1.76906,1.7762,0.00713641,60.0
1744878973746139.0,-5490.13,1192.11,0.480538,1.71199,1.75249,0.040495,60.0
1744878973766989.0,-5490.13,1192.11,0.480538,1.71199,1.76355,0.0515625,60.0
1744878973787869.0,-5490.13,1192.11,0.480538,1.71199,1.69833,-0.0136569,60.0
1744878973808745.0,-5490.13,1194.85,0.481048,1.76355,1.6648,-0.0987561,60.0
1744878973829673.0,-5490.13,1194.85,0.481048,1.76355,1.80113,0.0375771,60.0
1744878973850709.0,-5490.55,1198.26,0.482053,1.6648,1.64599,-0.0188072,60.0
1744878973871526.0,-5490.55,1198.26,0.482053,1.6648,1.66311,-0.00168669,60.0
1744878973892465.0,-5490.98,1201.0,0.482931,1.64599,1.6762,0.0302139,60.0
1744878973913230.0,-5490.98,1201.0,0.482931,1.64599,1.5848,-0.0611851,60.0
1744878973933936.0,-5490.98,1201.0,0.482931,1.64599,1.62668,-0.0193119,60.0
1744878973954602.0,-5490.98,1203.73,0.483445,1.5848,1.7026,0.117798,60.0
1744878973975475.0,-5490.98,1203.73,0.483445,1.5848,1.72658,0.141771,60.0
1744878973996149.0,-5491.4,1207.14,0.484455,1.7026,1.78026,0.0776543,60.0
1744878974016888.0,-5491.4,1207.14,0.484455,1.7026,1.65523,-0.0473679,60.0
1744878974037835.0,-5491.4,1207.14,0.484455,1.7026,1.63365,-0.0689554,60.0
1744878974058583.0,-5491.82,1209.88,0.485337,1.65523,1.67455,0.019313,60.0
1744878974079269.0,-5491.82,1209.88,0.485337,1.65523,1.49841,-0.156821,60.0
1744878974099961.0,-5491.82,1212.61,0.485855,1.67455,1.73332,0.058776,60.0
1744878974120676.0,-5491.82,1212.61,0.485855,1.67455,1.64099,-0.0335608,60.0
1744878974141309.0,-5491.82,1212.61,0.485855,1.67455,1.67418,-0.000368872,60.0
1744878974162028.0,-5492.25,1216.03,0.48687,1.64099,1.70709,0.0661052,60.0
1744878974182690.0,-5492.25,1216.03,0.48687,1.64099,1.55317,-0.0878201,60.0
1744878974203863.0,-5492.67,1218.76,0.487756,1.70709,1.64536,-0.0617342,60.0
1744878974224308.0,-5492.67,1218.76,0.487756,1.70709,1.72913,0.0220422,60.0
1744878974245036.0,-5492.67,1218.76,0.487756,1.70709,1.7585,0.0514086,60.0
1744878974265718.0,-5492.67,1222.17,0.488408,1.72913,1.60691,-0.122227,60.0
1744878974286369.0,-5492.67,1222.17,0.488408,1.72913,1.69233,-0.036804,60.0
1744878974307170.0,-5493.09,1224.91,0.489297,1.60691,1.60706,0.000153125,60.0
1744878974327808.0,-5493.09,1224.91,0.489297,1.60691,1.57951,-0.0273978,60.0
1744878974348494.0,-5493.09,1224.91,0.489297,1.60691,1.68587,0.0789673,60.0
1744878974369450.0,-5493.51,1227.64,0.490186,1.57951,1.45567,-0.123835,60.0
1744878974390175.0,-5493.51,1227.64,0.490186,1.57951,1.73087,0.15136,60.0
1744878974410939.0,-5493.51,1231.05,0.490843,1.45567,1.53484,0.0791648,60.0
1744878974432000.0,-5493.51,1231.05,0.490843,1.45567,1.55783,0.102153,60.0
1744878974452834.0,-5493.94,1233.79,0.491736,1.53484,1.44155,-0.0932926,60.0
1744878974473289.0,-5493.94,1233.79,0.491736,1.53484,1.5712,0.0363564,60.0
1744878974493968.0,-5493.94,1233.79,0.491736,1.53484,1.56588,0.0310364,60.0
1744878974514677.0,-5493.94,1236.52,0.492264,1.5712,1.65702,0.0858214,60.0
1744878974535376.0,-5493.94,1236.52,0.492264,1.5712,1.73403,0.162829,60.0
1744878974556519.0,-5494.36,1239.94,0.493291,1.65702,1.71983,0.0628169,60.0
1744878974577313.0,-5494.36,1239.94,0.493291,1.65702,1.78196,0.124938,60.0
1744878974598168.0,-5494.36,1239.94,0.493291,1.65702,1.65156,-0.00545666,60.0
1744878974618707.0,-5494.36,1242.67,0.493822,1.78196,1.85493,0.0729769,60.0
1744878974639636.0,-5494.36,1242.67,0.493822,1.78196,1.68407,-0.097881,60.0
1744878974660179.0,-5494.78,1246.08,0.494853,1.85493,1.76624,-0.0886916,60.0
1744878974680870.0,-5494.78,1246.08,0.494853,1.85493,1.70525,-0.149686,60.0
1744878974701414.0,-5494.78,1246.08,0.494853,1.85493,1.85016,-0.00476811,60.0
1744878974722128.0,-5494.78,1248.82,0.495386,1.70525,1.7262,0.0209568,60.0
1744878974742755.0,-5494.78,1248.82,0.495386,1.70525,1.67088,-0.0343698,60.0
1744878974763444.0,-5495.2,1251.55,0.496286,1.7262,1.62122,-0.104987,60.0
1744878974784178.0,-5495.2,1251.55,0.496286,1.7262,1.71155,-0.0146579,60.0
1744878974804690.0,-5495.2,1251.55,0.496286,1.7262,1.59663,-0.129572,60.0
1744878974825437.0,-5495.63,1254.97,0.497322,1.71155,1.62863,-0.0829168,60.0
1744878974846019.0,-5495.63,1254.97,0.497322,1.71155,1.5504,-0.161145,60.0
1744878974866994.0,-5495.63,1257.7,0.497859,1.62863,1.65135,0.0227175,60.0
1744878974887619.0,-5495.63,1257.7,0.497859,1.62863,1.59857,-0.0300627,60.0
1744878974908524.0,-5496.05,1260.43,0.498763,1.65135,1.75074,0.0993933,60.0
1744878974929298.0,-5496.05,1260.43,0.498763,1.65135,1.50751,-0.143839,60.0
1744878974949949.0,-5496.05,1260.43,0.498763,1.65135,1.79644,0.145097,60.0
1744878974970717.0,-5496.47,1263.85,0.499803,1.50751,1.42524,-0.0822645,60.0
1744878974991392.0,-5496.47,1263.85,0.499803,1.50751,1.6145,0.106995,60.0
1744878975012102.0,-5496.47,1266.58,0.500344,1.42524,1.5065,0.081258,60.0
1744878975033044.0,-5496.47,1266.58,0.500344,1.42524,1.5589,0.133657,60.0
1744878975053922.0,-5496.47,1266.58,0.500344,1.42524,1.49162,0.0663743,60.0
1744878975074314.0,-5496.9,1270.0,0.501388,1.5589,1.64875,0.0898516,60.0
1744878975095071.0,-5496.9,1270.0,0.501388,1.5589,1.59359,0.0346913,60.0
1744878975115793.0,-5496.9,1272.73,0.501931,1.64875,1.59601,-0.0527385,60.0
1744878975136592.0,-5496.9,1272.73,0.501931,1.64875,1.60732,-0.0414349,60.0
1744878975157108.0,-5496.9,1272.73,0.501931,1.64875,1.49956,-0.14919,60.0
1744878975177936.0,-5497.32,1275.46,0.502842,1.60732,1.74033,0.133013,60.0
1744878975198361.0,-5497.32,1275.46,0.502842,1.60732,1.71885,0.111533,60.0
1744878975219163.0,-5497.32,1278.88,0.503524,1.74033,1.62986,-0.110471,60.0
1744878975239760.0,-5497.32,1278.88,0.503524,1.74033,1.65365,-0.0866733,60.0
1744878975260972.0,-5497.32,1278.88,0.503524,1.74033,1.58641,-0.153914,60.0
1744878975281370.0,-5497.74,1281.61,0.504438,1.65365,1.59396,-0.0596905,60.0
1744878975302262.0,-5497.74,1281.61,0.504438,1.65365,1.75167,0.09802,60.0
1744878975322901.0,-5497.74,1284.34,0.504986,1.59396,1.72754,0.133581,60.0
1744878975343794.0,-5497.74,1284.34,0.504986,1.59396,1.61641,0.0224452,60.0
1744878975364266.0,-5498.16,1287.76,0.506039,1.72754,1.7527,0.0251575,60.0
1744878975384831.0,-5498.16,1287.76,0.506039,1.72754,1.75733,0.0297812,60.0
1744878975405678.0,-5498.16,1287.76,0.506039,1.72754,1.70023,-0.0273139,60.0
1744878975426718.0,-5498.16,1290.49,0.50659,1.75733,1.59303,-0.164296,60.0
1744878975447255.0,-5498.16,1290.49,0.50659,1.75733,1.61086,-0.146471,60.0
1744878975468107.0,-5498.59,1293.91,0.507647,1.59303,1.53432,-0.0587085,60.0
1744878975488853.0,-5498.59,1293.91,0.507647,1.59303,1.74433,0.151297,60.0
1744878975509653.0,-5498.59,1293.91,0.507647,1.59303,1.60003,0.00699781,60.0
1744878975530361.0,-5499.01,1296.64,0.508567,1.74433,1.66081,-0.0835127,60.0
1744878975551569.0,-5499.01,1296.64,0.508567,1.74433,1.5984,-0.145924,60.0
1744878975572214.0,-5499.01,1299.37,0.509122,1.66081,1.66469,0.00387475,60.0
1744878975592761.0,-5499.01,1299.37,0.509122,1.66081,1.515,-0.145816,60.0
1744878975613545.0,-5499.01,1299.37,0.509122,1.66081,1.81507,0.15426,60.0
1744878975634202.0,-5499.43,1302.79,0.510183,1.515,1.66515,0.150147,60.0
1744878975655305.0,-5499.43,1302.79,0.510183,1.515,1.65529,0.140293,60.0
1744878975675671.0,-5499.43,1305.52,0.510741,1.66515,1.82311,0.157965,60.0
1744878975696442.0,-5499.43,1305.52,0.510741,1.66515,1.59846,-0.0666849,60.0
1744878975717087.0,-5499.43,1305.52,0.510741,1.66515,1.74621,0.0810678,60.0
1744878975737967.0,-5499.85,1308.25,0.511665,1.59846,1.59704,-0.0014239,60.0
1744878975758540.0,-5499.85,1308.25,0.511665,1.59846,1.58875,-0.0097159,60.0
1744878975779400.0,-5499.85,1311.67,0.512365,1.59704,1.72224,0.125199,60.0
1744878975799900.0,-5499.85,1311.67,0.512365,1.59704,1.56311,-0.0339279,60.0
1744878975820640.0,-5499.85,1311.67,0.512365,1.59704,1.63084,0.0338005,60.0
1744878975841436.0,-5500.28,1314.4,0.513293,1.56311,1.53743,-0.0256805,60.0
1744878975862052.0,-5500.28,1314.4,0.513293,1.56311,1.67889,0.115779,60.0
1744878975882727.0,-5500.28,1317.82,0.513996,1.53743,1.67207,0.134645,60.0
1744878975903599.0,-5500.28,1317.82,0.513996,1.53743,1.60505,0.0676162,60.0
1744878975924545.0,-5500.7,1320.55,0.514926,1.67207,1.70988,0.0378051,60.0
1744878975945094.0,-5500.7,1320.55,0.514926,1.67207,1.56575,-0.106327,60.0
1744878975966023.0,-5500.7,1320.55,0.514926,1.67207,1.72245,0.0503724,60.0
1744878975986509.0,-5500.7,1323.28,0.515491,1.56575,1.59654,0.0307911,60.0
1744878976007424.0,-5500.7,1323.28,0.515491,1.56575,1.68094,0.115194,60.0
1744878976028015.0,-5501.12,1326.7,0.516566,1.59654,1.60355,0.00701503,60.0
1744878976048743.0,-5501.12,1326.7,0.516566,1.59654,1.6148,0.0182594,60.0
1744878976069389.0,-5501.12,1326.7,0.516566,1.59654,1.64681,0.0502764,60.0
1744878976090098.0,-5501.12,1329.43,0.517133,1.6148,1.72829,0.113495,60.0
1744878976110864.0,-5501.12,1329.43,0.517133,1.6148,1.56274,-0.052059,60.0
1744878976131484.0,-5501.54,1332.85,0.518211,1.72829,1.86556,0.137271,60.0
1744878976152244.0,-5501.54,1332.85,0.518211,1.72829,1.67181,-0.0564817,60.0
1744878976172792.0,-5501.54,1332.85,0.518211,1.72829,1.76321,0.034916,60.0
1744878976193542.0,-5501.54,1335.58,0.518781,1.67181,1.69126,0.0194515,60.0
1744878976214485.0,-5501.54,1335.58,0.518781,1.67181,1.5535,-0.118314,60.0
1744878976235083.0,-5501.97,1338.31,0.519719,1.69126,1.60756,-0.0837064,60.0
1744878976255764.0,-5501.97,1338.31,0.519719,1.69126,1.6074,-0.0838637,60.0
1744878976276541.0,-5501.97,1338.31,0.519719,1.69126,1.57926,-0.112004,60.0
1744878976297108.0,-5501.97,1341.73,0.520435,1.6074,1.73608,0.128687,60.0
1744878976318174.0,-5501.97,1341.73,0.520435,1.6074,1.60912,0.00172036,60.0
1744878976338497.0,-5502.39,1344.46,0.521376,1.73608,1.58476,-0.151329,60.0
1744878976359360.0,-5502.39,1344.46,0.521376,1.73608,1.70442,-0.0316694,60.0
1744878976379930.0,-5502.39,1347.19,0.521951,1.58476,1.74595,0.161191,60.0
1744878976400715.0,-5502.39,1347.19,0.521951,1.58476,1.6989,0.114145,60.0
1744878976422030.0,-5502.39,1347.19,0.521951,1.58476,1.66061,0.0758552,60.0
1744878976442285.0,-5502.81,1350.61,0.523038,1.6989,1.55703,-0.141866,60.0
1744878976463550.0,-5502.81,1350.61,0.523038,1.6989,1.84623,0.147332,60.0
1744878976483982.0,-5502.81,1353.34,0.523616,1.55703,1.64311,0.0860751,60.0
1744878976504887.0,-5502.81,1353.34,0.523616,1.55703,1.59091,0.0338741,60.0
1744878976525694.0,-5502.81,1353.34,0.523616,1.55703,1.61563,0.058591,60.0
1744878976546174.0,-5503.24,1356.76,0.524706,1.59091,1.62783,0.0369179,60.0
1744878976566907.0,-5503.24,1356.76,0.524706,1.59091,1.72636,0.13545,60.0
1744878976587973.0,-5503.23,1359.49,0.525287,1.62783,1.6327,0.00487558,60.0
1744878976608627.0,-5503.23,1359.49,0.525287,1.62783,1.62544,-0.00238564,60.0
1744878976629371.0,-5503.23,1359.49,0.525287,1.62783,1.60533,-0.0224925,60.0
1744878976649995.0,-5503.23,1362.22,0.525869,1.62544,1.57596,-0.0494843,60.0
1744878976670908.0,-5503.23,1362.22,0.525869,1.62544,1.65981,0.0343654,60.0
1744878976691410.0,-5503.66,1365.64,0.526964,1.57596,1.72878,0.152829,60.0
1744878976712146.0,-5503.66,1365.64,0.526964,1.57596,1.6372,0.0612445,60.0
1744878976732890.0,-5503.66,1365.64,0.526964,1.57596,1.66873,0.0927726,60.0
1744878976753574.0,-5503.66,1368.37,0.527548,1.6372,1.5776,-0.0595962,60.0
1744878976774097.0,-5503.66,1368.37,0.527548,1.6372,1.75463,0.117431,60.0
1744878976794997.0,-5504.08,1371.1,0.5285,1.5776,1.63759,0.0599836,60.0
1744878976815851.0,-5504.08,1371.1,0.5285,1.5776,1.6961,0.1185,60.0
1744878976836527.0,-5504.08,1374.52,0.529234,1.63759,1.79526,0.15767,60.0
1744878976857160.0,-5504.08,1374.52,0.529234,1.63759,1.68453,0.0469397,60.0
1744878976877699.0,-5504.08,1374.52,0.529234,1.63759,1.73498,0.0973955,60.0
1744878976898513.0,-5504.5,1377.25,0.530188,1.68453,1.83168,0.147153,60.0
1744878976919527.0,-5504.5,1377.25,0.530188,1.68453,1.60852,-0.0760096,60.0
1744878976940232.0,-5504.5,1380.67,0.530925,1.83168,1.70143,-0.130246,60.0
1744878976960867.0,-5504.5,1380.67,0.530925,1.83168,1.80008,-0.0315996,60.0
1744878976981602.0,-5504.5,1380.67,0.530925,1.83168,1.71541,-0.116268,60.0
1744878977002182.0,-5504.92,1383.4,0.531883,1.80008,1.7573,-0.0427809,60.0
1744878977022911.0,-5504.92,1383.4,0.531883,1.80008,1.82343,0.0233525,60.0
1744878977043505.0,-5504.92,1386.13,0.532474,1.7573,1.69432,-0.0629801,60.0
1744878977064398.0,-5504.92,1386.13,0.532474,1.7573,1.60013,-0.157165,60.0
1744878977085168.0,-5504.92,1386.13,0.532474,1.7573,1.75301,-0.00429069,60.0
1744878977105945.0,-5505.35,1389.55,0.533583,1.60013,1.65236,0.0522264,60.0
1744878977126574.0,-5505.35,1389.55,0.533583,1.60013,1.51532,-0.0848162,60.0
1744878977147503.0,-5505.35,1392.28,0.534177,1.65236,1.70332,0.0509547,60.0
1744878977167958.0,-5505.35,1392.28,0.534177,1.65236,1.79506,0.142701,60.0
1744878977188801.0,-5505.35,1392.28,0.534177,1.65236,1.75646,0.104099,60.0
1744878977209359.0,-5505.77,1395.01,0.535139,1.79506,1.64062,-0.154447,60.0
1744878977229960.0,-5505.77,1395.01,0.535139,1.79506,1.88122,0.0861584,60.0
1744878977250538.0,-5506.19,1398.43,0.536252,1.64062,1.78402,0.143404,60.0
1744878977271479.0,-5506.19,1398.43,0.536252,1.64062,1.78392,0.143308,60.0
1744878977291939.0,-5506.19,1401.16,0.536851,1.78402,1.75641,-0.0276052,60.0
1744878977312760.0,-5506.19,1401.16,0.536851,1.78402,1.69848,-0.0855365,60.0
1744878977335176.0,-5506.19,1401.16,0.536851,1.78402,1.81614,0.032117,60.0
1744878977356056.0,-5506.62,1404.58,0.537967,1.69848,1.57952,-0.118962,60.0
1744878977376932.0,-5506.62,1404.58,0.537967,1.69848,1.64852,-0.0499637,60.0
1744878977397728.0,-5507.04,1407.31,0.538935,1.57952,1.67585,0.0963331,60.0
1744878977418665.0,-5507.04,1407.31,0.538935,1.57952,1.58233,0.0028091,60.0
1744878977439509.0,-5507.04,1407.31,0.538935,1.57952,1.72828,0.148758,60.0
1744878977460318.0,-5507.04,1410.04,0.539537,1.58233,1.69383,0.111501,60.0
1744878977481188.0,-5507.04,1410.04,0.539537,1.58233,1.68389,0.101559,60.0
1744878977502038.0,-5507.46,1413.46,0.540658,1.69383,1.81399,0.120158,60.0
1744878977522836.0,-5507.46,1413.46,0.540658,1.69383,1.70822,0.0143845,60.0
1744878977543577.0,-5507.46,1413.46,0.540658,1.69383,1.5722,-0.121627,60.0
1744878977564523.0,-5507.46,1416.19,0.541263,1.70822,1.84506,0.136849,60.0
1744878977587480.0,-5507.46,1416.19,0.541263,1.70822,1.64173,-0.0664856,60.0
1744878977605815.0,-5507.88,1418.93,0.542235,1.84506,1.94695,0.101889,60.0
1744878977626590.0,-5507.88,1418.93,0.542235,1.84506,1.84072,-0.00434114,60.0
1744878977647374.0,-5508.31,1422.34,0.543361,1.94695,1.84015,-0.106808,60.0
1744878977668270.0,-5508.31,1422.34,0.543361,1.94695,1.81122,-0.135733,60.0
1744878977688837.0,-5508.31,1422.34,0.543361,1.94695,1.82553,-0.121427,60.0
1744878977709370.0,-5508.73,1425.07,0.544337,1.81122,1.68765,-0.123569,60.0
1744878977729975.0,-5508.73,1425.07,0.544337,1.81122,1.81794,0.00672306,60.0
1744878977750823.0,-5508.73,1428.49,0.545099,1.68765,1.70256,0.0149038,60.0
1744878977771309.0,-5508.73,1428.49,0.545099,1.68765,1.63661,-0.0510421,60.0
1744878977792119.0,-5508.73,1428.49,0.545099,1.68765,1.68141,-0.0062405,60.0
1744878977812684.0,-5509.15,1431.22,0.546077,1.63661,1.72511,0.0884954,60.0
1744878977833625.0,-5509.15,1431.22,0.546077,1.63661,1.54031,-0.0963039,60.0
1744878977854420.0,-5509.58,1433.96,0.547056,1.72511,1.60594,-0.119163,60.0
1744878977875072.0,-5509.58,1433.96,0.547056,1.72511,1.60581,-0.119293,60.0
1744878977896113.0,-5509.58,1433.96,0.547056,1.72511,1.64633,-0.0787704,60.0
1744878977917263.0,-5510.0,1437.37,0.54819,1.60581,1.44844,-0.157374,60.0
1744878977937663.0,-5510.0,1437.37,0.54819,1.60581,1.7282,0.12239,60.0
1744878977958392.0,-5510.42,1440.1,0.549172,1.44844,1.42876,-0.0196788,60.0
1744878977979076.0,-5510.42,1440.1,0.549172,1.44844,1.48651,0.0380696,60.0
1744878977999999.0,-5510.42,1442.84,0.549788,1.42876,1.5918,0.163041,60.0
1744878978020595.0,-5510.42,1442.84,0.549788,1.42876,1.45175,0.0229896,60.0
1744878978041423.0,-5510.42,1442.84,0.549788,1.42876,1.58728,0.158519,60.0
1744878978062105.0,-5510.84,1446.25,0.550927,1.45175,1.5619,0.110146,60.0
1744878978082831.0,-5510.84,1446.25,0.550927,1.45175,1.5238,0.0720556,60.0
1744878978103468.0,-5511.27,1448.98,0.551913,1.5619,1.6792,0.1173,60.0
1744878978124152.0,-5511.27,1448.98,0.551913,1.5619,1.70631,0.14441,60.0
1744878978144730.0,-5511.27,1448.98,0.551913,1.5619,1.66786,0.105969,60.0
1744878978165538.0,-5511.27,1452.4,0.552688,1.70631,1.70796,0.00165323,60.0
1744878978186582.0,-5511.27,1452.4,0.552688,1.70631,1.58339,-0.122912,60.0
1744878978206986.0,-5511.69,1455.13,0.553676,1.70796,1.70714,-0.000817672,60.0
1744878978227825.0,-5511.69,1455.13,0.553676,1.70796,1.62898,-0.0789753,60.0
1744878978248499.0,-5511.69,1455.13,0.553676,1.70796,1.66639,-0.0415693,60.0
1744878978269044.0,-5511.69,1457.87,0.554299,1.62898,1.62372,-0.0052616,60.0
1744878978289787.0,-5511.69,1457.87,0.554299,1.62898,1.62363,-0.00535354,60.0
1744878978310548.0,-5512.11,1461.28,0.555446,1.62372,1.64998,0.026255,60.0
1744878978331285.0,-5512.11,1461.28,0.555446,1.62372,1.51966,-0.10406,60.0
1744878978352034.0,-5512.11,1461.28,0.555446,1.62372,1.53168,-0.0920419,60.0
1744878978372804.0,-5512.53,1464.01,0.556438,1.51966,1.51671,-0.00295221,60.0
1744878978393537.0,-5512.53,1464.01,0.556438,1.51966,1.44368,-0.0759851,60.0
1744878978414205.0,-5512.53,1466.75,0.557065,1.51671,1.58421,0.0674963,60.0
1744878978435099.0,-5512.53,1466.75,0.557065,1.51671,1.56292,0.0462121,60.0
1744878978455821.0,-5512.96,1470.16,0.558216,1.58421,1.62505,0.0408448,60.0
1744878978476439.0,-5512.96,1470.16,0.558216,1.58421,1.44353,-0.140672,60.0
1744878978497320.0,-5512.96,1470.16,0.558216,1.58421,1.58858,0.00437264,60.0
1744878978518083.0,-5512.96,1472.9,0.558845,1.44353,1.52404,0.08051,60.0
1744878978538988.0,-5512.96,1472.9,0.558845,1.44353,1.55949,0.115959,60.0
1744878978559622.0,-5512.96,1476.31,0.559633,1.52404,1.53342,0.00937374,60.0
1744878978580316.0,-5512.96,1476.31,0.559633,1.52404,1.58897,0.0649309,60.0
1744878978601099.0,-5512.96,1476.31,0.559633,1.52404,1.68383,0.159788,60.0
1744878978622102.0,-5513.38,1479.04,0.560632,1.58897,1.66601,0.0770339,60.0
1744878978642572.0,-5513.38,1479.04,0.560632,1.58897,1.57991,-0.0090655,60.0
1744878978663452.0,-5513.38,1481.78,0.561265,1.66601,1.78238,0.116374,60.0
1744878978684157.0,-5513.38,1481.78,0.561265,1.66601,1.63078,-0.035233,60.0
1744878978704796.0,-5513.38,1481.78,0.561265,1.66601,1.57918,-0.0868288,60.0
1744878978725693.0,-5513.8,1485.19,0.562425,1.63078,1.5257,-0.105072,60.0
1744878978746510.0,-5513.8,1485.19,0.562425,1.63078,1.7618,0.131022,60.0
1744878978767116.0,-5513.8,1487.93,0.56306,1.5257,1.61839,0.0926851,60.0
1744878978787814.0,-5513.8,1487.93,0.56306,1.5257,1.53233,0.00662254,60.0
1744878978808524.0,-5513.8,1487.93,0.56306,1.5257,1.65613,0.130425,60.0
1744878978829100.0,-5513.8,1490.66,0.563697,1.53233,1.68794,0.155613,60.0
1744878978853255.0,-5513.8,1490.66,0.563697,1.53233,1.63688,0.104549,60.0
1744878978873900.0,-5514.22,1494.07,0.564861,1.68794,1.73822,0.0502774,60.0
1744878978894573.0,-5514.22,1494.07,0.564861,1.68794,1.62286,-0.0650769,60.0
1744878978915232.0,-5514.22,1496.81,0.565501,1.73822,1.83455,0.09633,60.0
1744878978936263.0,-5514.22,1496.81,0.565501,1.73822,1.62646,-0.111755,60.0
1744878978956903.0,-5514.22,1496.81,0.565501,1.73822,1.66523,-0.0729879,60.0
1744878978977451.0,-5514.22,1500.22,0.566301,1.62646,1.75109,0.124631,60.0
1744878978998052.0,-5514.22,1500.22,0.566301,1.62646,1.56382,-0.0626455,60.0
1744878979018917.0,-5514.65,1502.95,0.56731,1.75109,1.73549,-0.0156055,60.0
1744878979039646.0,-5514.65,1502.95,0.56731,1.75109,1.60955,-0.14154,60.0
1744878979060426.0,-5514.65,1502.95,0.56731,1.75109,1.6881,-0.0629889,60.0
1744878979081092.0,-5514.64,1505.69,0.567953,1.60955,1.48243,-0.127121,60.0
1744878979101781.0,-5514.64,1505.69,0.567953,1.60955,1.70889,0.0993336,60.0
1744878979122445.0,-5515.07,1509.1,0.569126,1.48243,1.34055,-0.141883,60.0
1744878979143128.0,-5515.07,1509.1,0.569126,1.48243,1.5407,0.058264,60.0
1744878979163812.0,-5515.07,1509.1,0.569126,1.48243,1.61192,0.12949,60.0
1744878979184474.0,-5515.07,1511.84,0.569772,1.5407,1.62517,0.0844755,60.0
1744878979205381.0,-5515.07,1511.84,0.569772,1.5407,1.46217,-0.0785234,60.0
1744878979226000.0,-5515.07,1515.25,0.57058,1.62517,1.70752,0.0823514,60.0
1744878979246566.0,-5515.07,1515.25,0.57058,1.62517,1.66527,0.0400966,60.0
1744878979267191.0,-5515.49,1517.98,0.571596,1.70752,1.70859,0.00106698,60.0
1744878979287900.0,-5515.49,1517.98,0.571596,1.70752,1.56963,-0.137888,60.0
1744878979308622.0,-5515.49,1517.98,0.571596,1.70752,1.86898,0.161462,60.0
1744878979329320.0,-5515.49,1520.72,0.572245,1.56963,1.68803,0.118398,60.0
1744878979350073.0,-5515.49,1520.72,0.572245,1.56963,1.5181,-0.0515378,60.0
1744878979370784.0,-5515.49,1524.13,0.573059,1.68803,1.59602,-0.092012,60.0
1744878979391567.0,-5515.49,1524.13,0.573059,1.68803,1.78903,0.100996,60.0
1744878979412398.0,-5515.49,1524.13,0.573059,1.68803,1.59492,-0.0931096,60.0
1744878979433282.0,-5515.91,1526.87,0.574078,1.78903,1.72605,-0.0629764,60.0
1744878979454152.0,-5515.91,1526.87,0.574078,1.78903,1.63953,-0.149499,60.0
1744878979474572.0,-5515.91,1529.6,0.574732,1.72605,1.78043,0.054379,60.0
1744878979495412.0,-5515.91,1529.6,0.574732,1.72605,1.65161,-0.0744403,60.0
1744878979516142.0,-5515.91,1529.6,0.574732,1.72605,1.80131,0.0752633,60.0
1744878979536821.0,-5516.33,1533.01,0.575917,1.65161,1.73903,0.0874147,60.0
1744878979557629.0,-5516.33,1533.01,0.575917,1.65161,1.75623,0.10462,60.0
1744878979578272.0,-5516.33,1535.75,0.576573,1.73903,1.6862,-0.0528253,60.0
1744878979598922.0,-5516.33,1535.75,0.576573,1.73903,1.59306,-0.145962,60.0
1744878979619691.0,-5516.33,1535.75,0.576573,1.73903,1.76612,0.0270989,60.0
1744878979640312.0,-5516.76,1539.16,0.577762,1.59306,1.65981,0.0667466,60.0
1744878979661292.0,-5516.76,1539.16,0.577762,1.59306,1.61608,0.0230191,60.0
1744878979681685.0,-5516.76,1541.9,0.57842,1.65981,1.63598,-0.0238322,60.0
1744878979702587.0,-5516.76,1541.9,0.57842,1.65981,1.73598,0.0761724,60.0
1744878979723383.0,-5517.18,1544.63,0.579447,1.63598,1.69793,0.0619538,60.0
1744878979744481.0,-5517.18,1544.63,0.579447,1.63598,1.65643,0.0204557,60.0
1744878979765378.0,-5517.18,1544.63,0.579447,1.63598,1.74294,0.106964,60.0
1744878979785780.0,-5517.18,1548.04,0.580274,1.65643,1.70932,0.0528811,60.0
1744878979806712.0,-5517.18,1548.04,0.580274,1.65643,1.62974,-0.0266985,60.0
1744878979827541.0,-5517.6,1550.78,0.581303,1.70932,1.85747,0.148154,60.0
1744878979848094.0,-5517.6,1550.78,0.581303,1.70932,1.71963,0.0103157,60.0
1744878979868518.0,-5517.6,1550.78,0.581303,1.70932,1.72418,0.0148607,60.0
1744878979889219.0,-5517.6,1554.19,0.582133,1.71963,1.81157,0.0919372,60.0
1744878979909848.0,-5517.6,1554.19,0.582133,1.71963,1.78108,0.0614506,60.0
1744878979930804.0,-5518.02,1556.93,0.583165,1.81157,1.66572,-0.14585,60.0
1744878979951599.0,-5518.02,1556.93,0.583165,1.81157,1.72303,-0.0885369,60.0
1744878979972428.0,-5518.02,1556.93,0.583165,1.81157,1.73863,-0.0729419,60.0
1744878979993121.0,-5518.02,1559.66,0.583831,1.72303,1.62362,-0.0994147,60.0
1744878980013901.0,-5518.02,1559.66,0.583831,1.72303,1.72379,0.000759796,60.0
1744878980034577.0,-5518.45,1563.07,0.585033,1.62362,1.74082,0.117206,60.0
1744878980055190.0,-5518.45,1563.07,0.585033,1.62362,1.65267,0.0290512,60.0
1744878980075965.0,-5518.45,1563.07,0.585033,1.62362,1.48894,-0.13468,60.0
1744878980096667.0,-5518.87,1565.81,0.586069,1.65267,1.59298,-0.0596897,60.0
1744878980117352.0,-5518.87,1565.81,0.586069,1.65267,1.62406,-0.0286064,60.0
1744878980137978.0,-5518.87,1568.54,0.586739,1.59298,1.52952,-0.0634624,60.0
1744878980158693.0,-5518.87,1568.54,0.586739,1.59298,1.61214,0.0191654,60.0
1744878980179465.0,-5519.29,1571.95,0.587946,1.52952,1.53534,0.00582139,60.0
1744878980200112.0,-5519.29,1571.95,0.587946,1.52952,1.48273,-0.0467845,60.0
1744878980220831.0,-5519.29,1571.95,0.587946,1.52952,1.62061,0.0910956,60.0
1744878980241428.0,-5519.29,1574.69,0.588618,1.48273,1.57051,0.0877822,60.0
1744878980262125.0,-5519.29,1574.69,0.588618,1.48273,1.62309,0.140357,60.0
1744878980282883.0,-5519.71,1578.1,0.589828,1.57051,1.66618,0.0956674,60.0
1744878980303859.0,-5519.71,1578.1,0.589828,1.57051,1.68723,0.116718,60.0
1744878980324567.0,-5519.71,1578.1,0.589828,1.57051,1.48789,-0.082619,60.0
1744878980345148.0,-5519.71,1580.84,0.590503,1.68723,1.63762,-0.0496141,60.0
1744878980365793.0,-5519.71,1580.84,0.590503,1.68723,1.77965,0.0924213,60.0
1744878980386174.0,-5520.14,1583.57,0.591547,1.63762,1.52848,-0.109133,60.0
1744878980407186.0,-5520.14,1583.57,0.591547,1.63762,1.70511,0.0674878,60.0
1744878980428157.0,-5520.14,1583.57,0.591547,1.63762,1.51991,-0.117707,60.0
1744878980448976.0,-5520.14,1586.98,0.592394,1.70511,1.54275,-0.162354,60.0
1744878980469527.0,-5520.14,1586.98,0.592394,1.70511,1.75832,0.0532157,60.0
1744878980490078.0,-5520.56,1589.72,0.593441,1.54275,1.5892,0.046447,60.0
1744878980511032.0,-5520.56,1589.72,0.593441,1.54275,1.56447,0.0217207,60.0
1744878980531544.0,-5520.56,1589.72,0.593441,1.54275,1.69131,0.148559,60.0
1744878980552501.0,-5520.56,1592.45,0.594121,1.56447,1.61719,0.0527213,60.0
1744878980573182.0,-5520.56,1592.45,0.594121,1.56447,1.57109,0.00661853,60.0
1744878980593837.0,-5520.98,1595.87,0.59534,1.61719,1.73613,0.118933,60.0
1744878980614319.0,-5520.98,1595.87,0.59534,1.61719,1.74636,0.129167,60.0
1744878980635026.0,-5520.98,1598.6,0.596023,1.73613,1.60898,-0.127144,60.0
1744878980655897.0,-5520.98,1598.6,0.596023,1.73613,1.7567,0.020575,60.0
1744878980676537.0,-5520.98,1598.6,0.596023,1.73613,1.66032,-0.0758056,60.0
1744878980697194.0,-5521.4,1602.01,0.597246,1.7567,1.91625,0.159548,60.0
1744878980718068.0,-5521.4,1602.01,0.597246,1.7567,1.62156,-0.135139,60.0
1744878980738894.0,-5521.4,1604.75,0.597931,1.91625,1.79745,-0.118798,60.0
1744878980759566.0,-5521.4,1604.75,0.597931,1.91625,1.75422,-0.162027,60.0
1744878980780167.0,-5521.4,1604.75,0.597931,1.91625,1.82492,-0.0913349,60.0
1744878980800959.0,-5521.83,1607.48,0.598985,1.75422,1.6506,-0.103621,60.0
1744878980821955.0,-5521.83,1607.48,0.598985,1.75422,1.7452,-0.00902693,60.0
1744878980842483.0,-5521.83,1610.9,0.599845,1.6506,1.76065,0.110045,60.0
1744878980863290.0,-5521.83,1610.9,0.599845,1.6506,1.53561,-0.114996,60.0
1744878980884070.0,-5521.83,1610.9,0.599845,1.6506,1.54986,-0.100738,60.0
1744878980904839.0,-5522.25,1613.63,0.600902,1.53561,1.68978,0.154175,60.0
1744878980925598.0,-5522.25,1613.63,0.600902,1.53561,1.60957,0.0739656,60.0
1744878980946682.0,-5522.67,1616.36,0.60196,1.68978,1.73069,0.0409113,60.0
1744878980967413.0,-5522.67,1616.36,0.60196,1.68978,1.56062,-0.129159,60.0
1744878980987992.0,-5522.67,1619.78,0.602825,1.73069,1.77386,0.0431669,60.0
1744878981008768.0,-5522.67,1619.78,0.602825,1.73069,1.66479,-0.0659038,60.0
1744878981029526.0,-5522.67,1619.78,0.602825,1.73069,1.80196,0.0712655,60.0
1744878981050244.0,-5523.09,1622.51,0.603886,1.66479,1.69243,0.027641,60.0
1744878981070933.0,-5523.09,1622.51,0.603886,1.66479,1.805,0.140211,60.0
1744878981091602.0,-5523.09,1625.93,0.604753,1.69243,1.72019,0.0277649,60.0
1744878981112264.0,-5523.09,1625.93,0.604753,1.69243,1.74673,0.0543003,60.0
1744878981133007.0,-5523.09,1625.93,0.604753,1.69243,1.63453,-0.0579032,60.0
1744878981153556.0,-5523.52,1628.66,0.605817,1.74673,1.60712,-0.139613,60.0
1744878981174581.0,-5523.52,1628.66,0.605817,1.74673,1.60298,-0.143753,60.0
1744878981195415.0,-5523.94,1631.39,0.606881,1.60712,1.73799,0.130871,60.0
1744878981216150.0,-5523.94,1631.39,0.606881,1.60712,1.6611,0.0539791,60.0
1744878981236619.0,-5523.94,1631.39,0.606881,1.60712,1.63521,0.0280905,60.0
1744878981257412.0,-5523.94,1634.81,0.607754,1.6611,1.77539,0.114294,60.0
1744878981278056.0,-5523.94,1634.81,0.607754,1.6611,1.54913,-0.111961,60.0
1744878981298752.0,-5524.36,1637.54,0.608821,1.77539,1.61943,-0.15596,60.0
1744878981319493.0,-5524.36,1637.54,0.608821,1.77539,1.68419,-0.0912035,60.0
1744878981340478.0,-5524.36,1637.54,0.608821,1.77539,1.68747,-0.0879245,60.0
1744878981361103.0,-5524.78,1640.27,0.60989,1.68419,1.65309,-0.031098,60.0
1744878981381784.0,-5524.78,1640.27,0.60989,1.68419,1.68964,0.00545675,60.0
1744878981402232.0,-5524.78,1643.69,0.610767,1.65309,1.5686,-0.0844841,60.0
1744878981422961.0,-5524.78,1643.69,0.610767,1.65309,1.54604,-0.107048,60.0
1744878981443657.0,-5524.78,1643.69,0.610767,1.65309,1.68192,0.0288283,60.0
1744878981464311.0,-5525.21,1646.42,0.611838,1.54604,1.43463,-0.111416,60.0
1744878981485125.0,-5525.21,1646.42,0.611838,1.54604,1.67763,0.131594,60.0
1744878981505791.0,-5525.63,1649.84,0.613087,1.43463,1.59839,0.163769,60.0
1744878981527846.0,-5525.63,1649.84,0.613087,1.43463,1.56624,0.131612,60.0
1744878981548510.0,-5525.63,1652.57,0.613792,1.59839,1.75913,0.16074,60.0
1744878981568975.0,-5525.63,1652.57,0.613792,1.59839,1.72498,0.126583,60.0
1744878981589849.0,-5525.63,1652.57,0.613792,1.59839,1.614,0.0156046,60.0
1744878981610623.0,-5526.05,1655.3,0.614867,1.72498,1.67112,-0.0538624,60.0
1744878981631371.0,-5526.05,1655.3,0.614867,1.72498,1.66482,-0.0601612,60.0
1744878981652111.0,-5526.05,1658.72,0.615753,1.67112,1.72206,0.0509467,60.0
1744878981672838.0,-5526.05,1658.72,0.615753,1.67112,1.72435,0.0532391,60.0
1744878981693322.0,-5526.05,1658.72,0.615753,1.67112,1.76842,0.0973091,60.0
1744878981713983.0,-5526.47,1661.45,0.61683,1.72435,1.85841,0.134053,60.0
1744878981734725.0,-5526.47,1661.45,0.61683,1.72435,1.78408,0.0597279,60.0
1744878981755783.0,-5526.9,1664.18,0.617909,1.85841,1.73201,-0.126394,60.0
1744878981776429.0,-5526.9,1664.18,0.617909,1.85841,1.77302,-0.0853874,60.0
1744878981796961.0,-5526.9,1664.18,0.617909,1.85841,1.77491,-0.0834998,60.0
1744878981817638.0,-5526.9,1667.6,0.618799,1.77302,1.80105,0.0280344,60.0
1744878981838398.0,-5526.9,1667.6,0.618799,1.77302,1.912,0.13898,60.0
1744878981859066.0,-5527.32,1670.33,0.619881,1.80105,1.7494,-0.0516555,60.0
1744878981879696.0,-5527.32,1670.33,0.619881,1.80105,1.86804,0.0669893,60.0
1744878981900435.0,-5527.74,1673.75,0.621142,1.7494,1.90674,0.157337,60.0
1744878981921122.0,-5527.74,1673.75,0.621142,1.7494,1.72222,-0.0271794,60.0
1744878981941915.0,-5527.74,1673.75,0.621142,1.7494,1.61925,-0.130149,60.0
1744878981962844.0,-5528.17,1676.48,0.622226,1.72222,1.65668,-0.065537,60.0
1744878981983566.0,-5528.17,1676.48,0.622226,1.72222,1.57812,-0.144099,60.0
1744878982003948.0,-5528.16,1679.21,0.622944,1.65668,1.78228,0.125592,60.0
1744878982024669.0,-5528.16,1679.21,0.622944,1.65668,1.54955,-0.107132,60.0
1744878982045326.0,-5528.16,1679.21,0.622944,1.65668,1.71055,0.0538714,60.0
1744878982065999.0,-5528.59,1682.63,0.62421,1.54955,1.43208,-0.117472,60.0
1744878982087163.0,-5528.59,1682.63,0.62421,1.54955,1.69939,0.149843,60.0
1744878982107635.0,-5529.01,1685.36,0.625298,1.43208,1.56129,0.129206,60.0
1744878982128308.0,-5529.01,1685.36,0.625298,1.43208,1.51312,0.0810363,60.0
1744878982148986.0,-5529.01,1685.36,0.625298,1.43208,1.47965,0.0475678,60.0
1744878982169713.0,-5529.43,1688.09,0.626387,1.51312,1.63657,0.123451,60.0
1744878982190386.0,-5529.43,1688.09,0.626387,1.51312,1.66936,0.156248,60.0
1744878982211203.0,-5529.43,1691.51,0.62729,1.63657,1.6596,0.0230368,60.0
1744878982231772.0,-5529.43,1691.51,0.62729,1.63657,1.6238,-0.0127624,60.0
1744878982252612.0,-5529.43,1691.51,0.62729,1.63657,1.64227,0.00570617,60.0
1744878982273353.0,-5529.86,1694.24,0.628382,1.6238,1.47094,-0.152863,60.0
1744878982294101.0,-5529.86,1694.24,0.628382,1.6238,1.54238,-0.0814255,60.0
1744878982314801.0,-5529.85,1697.66,0.629288,1.47094,1.44676,-0.0241818,60.0
1744878982335312.0,-5529.85,1697.66,0.629288,1.47094,1.58916,0.118219,60.0
1744878982356140.0,-5530.28,1700.39,0.630383,1.44676,1.50015,0.0533943,60.0
1744878982376874.0,-5530.28,1700.39,0.630383,1.44676,1.39993,-0.0468339,60.0
1744878982397617.0,-5530.28,1700.39,0.630383,1.44676,1.58375,0.136995,60.0
1744878982418154.0,-5530.28,1703.12,0.63111,1.39993,1.41049,0.0105607,60.0
1744878982439215.0,-5530.28,1703.12,0.63111,1.39993,1.55264,0.152713,60.0
1744878982460085.0,-5530.7,1706.54,0.632389,1.41049,1.47867,0.0681793,60.0
1744878982480880.0,-5530.7,1706.54,0.632389,1.41049,1.54042,0.129929,60.0
1744878982501492.0,-5530.7,1706.54,0.632389,1.41049,1.50994,0.0994511,60.0
1744878982522475.0,-5530.7,1709.27,0.633119,1.54042,1.69931,0.158891,60.0
1744878982543136.0,-5530.7,1709.27,0.633119,1.54042,1.60082,0.0604084,60.0
1744878982563787.0,-5531.12,1712.0,0.634219,1.69931,1.76205,0.0627471,60.0
1744878982584221.0,-5531.12,1712.0,0.634219,1.69931,1.77111,0.0717985,60.0
1744878982605204.0,-5531.12,1712.0,0.634219,1.69931,1.6509,-0.0484083,60.0
1744878982625992.0,-5531.12,1715.42,0.635135,1.77111,1.78308,0.0119751,60.0
1744878982646601.0,-5531.12,1715.42,0.635135,1.77111,1.762,-0.0091014,60.0
1744878982667563.0,-5531.12,1718.15,0.635868,1.78308,1.69532,-0.0877599,60.0
1744878982688250.0,-5531.12,1718.15,0.635868,1.78308,1.62816,-0.154923,60.0
1744878982708840.0,-5531.12,1718.15,0.635868,1.78308,1.64561,-0.137469,60.0
1744878982729645.0,-5531.54,1721.57,0.637156,1.62816,1.5111,-0.117061,60.0
1744878982750164.0,-5531.54,1721.57,0.637156,1.62816,1.71768,0.08952,60.0
1744878982770687.0,-5531.54,1724.3,0.637892,1.5111,1.66642,0.155323,60.0
1744878982791425.0,-5531.54,1724.3,0.637892,1.5111,1.59176,0.0806627,60.0
1744878982811972.0,-5531.97,1727.03,0.638998,1.66642,1.60037,-0.0660449,60.0
1744878982832564.0,-5531.97,1727.03,0.638998,1.66642,1.72658,0.0601596,60.0
1744878982852964.0,-5531.97,1727.03,0.638998,1.66642,1.779,0.112577,60.0
1744878982873821.0,-5531.97,1730.45,0.639922,1.72658,1.65584,-0.0707351,60.0
1744878982894551.0,-5531.97,1730.45,0.639922,1.72658,1.70209,-0.0244847,60.0
1744878982915250.0,-5532.39,1733.18,0.641031,1.65584,1.66179,0.00594747,60.0
1744878982936202.0,-5532.39,1733.18,0.641031,1.65584,1.65908,0.00323988,60.0
1744878982957049.0,-5532.39,1733.18,0.641031,1.65584,1.6966,0.0407542,60.0
1744878982977770.0,-5532.39,1735.92,0.641772,1.65908,1.73625,0.0771623,60.0
1744878982998402.0,-5532.39,1735.92,0.641772,1.65908,1.74233,0.0832462,60.0
1744878983018971.0,-5532.81,1739.33,0.643069,1.73625,1.69371,-0.0425345,60.0
1744878983039660.0,-5532.81,1739.33,0.643069,1.73625,1.78476,0.0485171,60.0
1744878983060419.0,-5532.81,1739.33,0.643069,1.73625,1.71788,-0.0183678,60.0
1744878983081555.0,-5532.81,1742.06,0.643813,1.78476,1.87734,0.0925745,60.0
1744878983102252.0,-5532.81,1742.06,0.643813,1.78476,1.63829,-0.146471,60.0
1744878983122934.0,-5533.23,1745.48,0.645113,1.87734,1.8012,-0.076137,60.0
1744878983143533.0,-5533.23,1745.48,0.645113,1.87734,1.86071,-0.0166255,60.0
1744878983164398.0,-5533.23,1745.48,0.645113,1.87734,1.71827,-0.159069,60.0
1744878983185052.0,-5533.66,1748.21,0.646228,1.86071,1.78307,-0.0776384,60.0
1744878983205842.0,-5533.66,1748.21,0.646228,1.86071,1.83182,-0.0288926,60.0
1744878983226521.0,-5533.66,1750.95,0.646976,1.78307,1.87708,0.0940019,60.0
1744878983247309.0,-5533.66,1750.95,0.646976,1.78307,1.66804,-0.115035,60.0
1744878983267927.0,-5534.08,1754.36,0.648281,1.87708,1.76395,-0.113126,60.0
1744878983288812.0,-5534.08,1754.36,0.648281,1.87708,1.99597,0.118899,60.0
1744878983309640.0,-5534.08,1754.36,0.648281,1.87708,1.71844,-0.158631,60.0
1744878983330265.0,-5534.5,1757.09,0.6494,1.99597,1.90429,-0.0916851,60.0
1744878983351175.0,-5534.5,1757.09,0.6494,1.99597,1.8458,-0.150176,60.0
1744878983372004.0,-5534.92,1759.83,0.65052,1.90429,1.75214,-0.152146,60.0
1744878983392804.0,-5534.92,1759.83,0.65052,1.90429,1.76694,-0.13735,60.0
1744878983413339.0,-5534.92,1759.83,0.65052,1.90429,1.79123,-0.11306,60.0
1744878983434358.0,-5535.35,1763.24,0.65183,1.76694,1.72572,-0.0412143,60.0
1744878983455204.0,-5535.35,1763.24,0.65183,1.76694,1.6922,-0.0747361,60.0
1744878983476096.0,-5535.77,1765.98,0.652953,1.72572,1.86288,0.137157,60.0
1744878983496749.0,-5535.77,1765.98,0.652953,1.72572,1.78266,0.0569388,60.0
1744878983517250.0,-5535.77,1765.98,0.652953,1.72572,1.65037,-0.0753541,60.0
1744878983537889.0,-5535.77,1769.39,0.653898,1.78266,1.74551,-0.0371505,60.0
1744878983558682.0,-5535.77,1769.39,0.653898,1.78266,1.63181,-0.150858,60.0
1744878983579263.0,-5536.19,1772.12,0.655023,1.74551,1.60975,-0.13576,60.0
1744878983600174.0,-5536.19,1772.12,0.655023,1.74551,1.585,-0.160518,60.0
1744878983621096.0,-5536.62,1774.86,0.65615,1.60975,1.65668,0.0469237,60.0
1744878983641831.0,-5536.62,1774.86,0.65615,1.60975,1.62462,0.0148631,60.0
1744878983662484.0,-5536.62,1774.86,0.65615,1.60975,1.64216,0.0324077,60.0
1744878983683106.0,-5537.04,1778.27,0.657468,1.62462,1.66443,0.0398155,60.0
1744878983703568.0,-5537.04,1778.27,0.657468,1.62462,1.67356,0.0489453,60.0
1744878983724203.0,-5537.46,1781.01,0.658597,1.66443,1.75866,0.0942272,60.0
1744878983745236.0,-5537.46,1781.01,0.658597,1.66443,1.56764,-0.0967872,60.0
1744878983765840.0,-5537.46,1781.01,0.658597,1.66443,1.74531,0.080883,60.0
1744878983786659.0,-5537.88,1783.74,0.659728,1.56764,1.50847,-0.0591774,60.0
1744878983807485.0,-5537.88,1783.74,0.659728,1.56764,1.50333,-0.0643169,60.0
1744878983828198.0,-5538.31,1787.15,0.661051,1.50847,1.39973,-0.108737,60.0
1744878983856756.0,-5538.31,1787.15,0.661051,1.50847,1.62082,0.112357,60.0
1744878983877511.0,-5538.73,1789.89,0.662184,1.39973,1.4522,0.0524676,60.0
1744878983898228.0,-5538.73,1789.89,0.662184,1.39973,1.44825,0.0485217,60.0
1744878983919047.0,-5538.73,1789.89,0.662184,1.39973,1.47446,0.0747294,60.0
1744878983940082.0,-5538.73,1792.62,0.66295,1.44825,1.47004,0.0217854,60.0
1744878983960901.0,-5538.73,1792.62,0.66295,1.44825,1.50589,0.057638,60.0
1744878983981359.0,-5539.15,1796.04,0.664277,1.47004,1.49179,0.0217542,60.0
1744878984002357.0,-5539.15,1796.04,0.664277,1.47004,1.53158,0.0615475,60.0
1744878984023057.0,-5539.15,1796.04,0.664277,1.47004,1.44266,-0.0273765,60.0
1744878984043970.0,-5539.57,1798.77,0.665415,1.53158,1.67187,0.140289,60.0
1744878984064400.0,-5539.57,1798.77,0.665415,1.53158,1.58378,0.0521906,60.0
1744878984085037.0,-5539.57,1802.18,0.666377,1.67187,1.64524,-0.0266365,60.0
1744878984105476.0,-5539.57,1802.18,0.666377,1.67187,1.74156,0.0696829,60.0
1744878984126117.0,-5540.0,1804.92,0.667516,1.74156,1.89187,0.150316,60.0
1744878984146883.0,-5540.0,1804.92,0.667516,1.74156,1.78943,0.0478777,60.0
1744878984167591.0,-5540.0,1804.92,0.667516,1.74156,1.61549,-0.126066,60.0
1744878984188300.0,-5540.42,1807.65,0.668657,1.78943,1.80162,0.0121806,60.0
1744878984208925.0,-5540.42,1807.65,0.668657,1.78943,1.67345,-0.115983,60.0
1744878984229815.0,-5540.42,1811.06,0.669624,1.80162,1.65606,-0.145558,60.0
1744878984250327.0,-5540.42,1811.06,0.669624,1.80162,1.71691,-0.0847057,60.0
1744878984270898.0,-5540.42,1811.06,0.669624,1.80162,1.70162,-0.0999999,60.0
1744878984291658.0,-5540.84,1813.8,0.670768,1.71691,1.68349,-0.0334164,60.0
1744878984312456.0,-5540.84,1813.8,0.670768,1.71691,1.84503,0.128122,60.0
1744878984332851.0,-5541.26,1816.53,0.671913,1.68349,1.7722,0.0887031,60.0
1744878984353482.0,-5541.26,1816.53,0.671913,1.68349,1.66484,-0.0186538,60.0
1744878984374679.0,-5541.26,1816.53,0.671913,1.68349,1.52465,-0.158847,60.0
1744878984395012.0,-5541.26,1819.95,0.672884,1.66484,1.56928,-0.0955604,60.0
1744878984415779.0,-5541.26,1819.95,0.672884,1.66484,1.70001,0.0351696,60.0
1744878984436900.0,-5541.69,1822.68,0.674032,1.56928,1.56624,-0.00303591,60.0
1744878984457504.0,-5541.69,1822.68,0.674032,1.56928,1.68975,0.120472,60.0
1744878984478007.0,-5541.69,1822.68,0.674032,1.56928,1.55096,-0.0183221,60.0
1744878984498558.0,-5542.11,1825.41,0.675181,1.68975,1.55291,-0.136843,60.0
1744878984519161.0,-5542.11,1825.41,0.675181,1.68975,1.56407,-0.12568,60.0
1744878984540345.0,-5542.11,1828.83,0.676157,1.55291,1.4358,-0.117104,60.0
1744878984560933.0,-5542.11,1828.83,0.676157,1.55291,1.60525,0.0523402,60.0
1744878984581574.0,-5542.53,1831.56,0.677308,1.60525,1.74545,0.140207,60.0
1744878984602350.0,-5542.53,1831.56,0.677308,1.60525,1.55332,-0.0519272,60.0
1744878984623079.0,-5542.53,1831.56,0.677308,1.60525,1.73477,0.129526,60.0
1744878984643526.0,-5542.96,1834.98,0.678657,1.55332,1.57524,0.0219155,60.0
1744878984664257.0,-5542.96,1834.98,0.678657,1.55332,1.60366,0.0503355,60.0
1744878984685007.0,-5542.95,1837.71,0.679442,1.57524,1.57513,-0.000103499,60.0
1744878984705776.0,-5542.95,1837.71,0.679442,1.57524,1.57524,2.2607e-06,60.0
1744878984726564.0,-5542.95,1837.71,0.679442,1.57524,1.72103,0.145791,60.0
1744878984747206.0,-5543.38,1840.44,0.680597,1.57524,1.55624,-0.0190037,60.0
1744878984767800.0,-5543.38,1840.44,0.680597,1.57524,1.68986,0.11462,60.0
1744878984788354.0,-5543.38,1843.86,0.681582,1.55623,1.66153,0.105292,60.0
1744878984808993.0,-5543.38,1843.86,0.681582,1.55623,1.58794,0.0317085,60.0
1744878984829851.0,-5543.38,1843.86,0.681582,1.55623,1.63345,0.0772187,60.0
1744878984850425.0,-5543.8,1846.59,0.682739,1.58794,1.71452,0.126573,60.0
1744878984871066.0,-5543.8,1846.59,0.682739,1.58794,1.61225,0.0243039,60.0
1744878984891508.0,-5543.8,1849.32,0.683529,1.71452,1.74347,0.028956,60.0
1744878984912146.0,-5543.8,1849.32,0.683529,1.71452,1.55318,-0.161334,60.0
1744878984932956.0,-5543.8,1849.32,0.683529,1.71452,1.81612,0.101609,60.0
1744878984953787.0,-5544.22,1852.74,0.684888,1.55318,1.58785,0.0346655,60.0
1744878984974258.0,-5544.22,1852.74,0.684888,1.55318,1.51001,-0.0431693,60.0
1744878984995079.0,-5544.22,1855.47,0.68568,1.58785,1.55594,-0.0319068,60.0
1744878985015817.0,-5544.22,1855.47,0.68568,1.58785,1.73612,0.148274,60.0
1744878985036863.0,-5544.64,1858.89,0.687042,1.73612,1.63268,-0.103438,60.0
1744878985057472.0,-5544.64,1858.89,0.687042,1.73612,1.71734,-0.0187795,60.0
1744878985078268.0,-5544.64,1858.89,0.687042,1.73612,1.58135,-0.154768,60.0
1744878985099021.0,-5544.64,1861.62,0.687837,1.71734,1.60747,-0.10987,60.0
1744878985119700.0,-5544.64,1861.62,0.687837,1.71734,1.71601,-0.00133333,60.0
1744878985140771.0,-5545.07,1864.35,0.689002,1.60747,1.64258,0.0351049,60.0
1744878985161501.0,-5545.07,1864.35,0.689002,1.60747,1.55016,-0.0573082,60.0
1744878985182214.0,-5545.07,1864.35,0.689002,1.60747,1.67316,0.0656911,60.0
1744878985202983.0,-5545.07,1867.77,0.69,1.55016,1.62134,0.0711799,60.0
1744878985223561.0,-5545.07,1867.77,0.69,1.55016,1.6408,0.090634,60.0
1744878985244238.0,-5545.49,1870.5,0.691168,1.62134,1.6994,0.0780545,60.0
1744878985264886.0,-5545.49,1870.5,0.691168,1.62134,1.57009,-0.0512517,60.0
1744878985285651.0,-5545.49,1870.5,0.691168,1.62134,1.59673,-0.0246166,60.0
1744878985306491.0,-5545.49,1873.92,0.692168,1.57009,1.49077,-0.0793251,60.0
1744878985327174.0,-5545.49,1873.92,0.692168,1.57009,1.56944,-0.000653696,60.0
1744878985347970.0,-5545.91,1876.65,0.693339,1.49077,1.62139,0.130625,60.0
1744878985368769.0,-5545.91,1876.65,0.693339,1.49077,1.54984,0.059074,60.0
1744878985389612.0,-5545.91,1876.65,0.693339,1.49077,1.63519,0.144422,60.0
1744878985409999.0,-5545.91,1879.38,0.694142,1.54984,1.47422,-0.0756222,60.0
1744878985431239.0,-5545.91,1879.38,0.694142,1.54984,1.65458,0.104736,60.0
1744878985452016.0,-5546.33,1882.8,0.695516,1.47422,1.62812,0.153897,60.0
1744878985472476.0,-5546.33,1882.8,0.695516,1.47422,1.56845,0.0942337,60.0
1744878985493163.0,-5546.33,1885.53,0.696322,1.62812,1.558,-0.0701175,60.0
1744878985513475.0,-5546.33,1885.53,0.696322,1.62812,1.59787,-0.0302434,60.0
1744878985534230.0,-5546.33,1885.53,0.696322,1.62812,1.70045,0.0723347,60.0
1744878985554910.0,-5546.33,1888.26,0.697128,1.59787,1.6114,0.0135246,60.0
1744878985575864.0,-5546.33,1888.26,0.697128,1.59787,1.60081,0.00293757,60.0
1744878985596307.0,-5546.75,1891.68,0.698508,1.6114,1.60277,-0.00862369,60.0
1744878985616880.0,-5546.75,1891.68,0.698508,1.6114,1.60424,-0.00715584,60.0
1744878985638024.0,-5546.75,1891.68,0.698508,1.6114,1.73168,0.120279,60.0
1744878985658460.0,-5546.75,1894.41,0.699317,1.60424,1.7361,0.131858,60.0
1744878985679258.0,-5546.75,1894.41,0.699317,1.60424,1.57133,-0.0329076,60.0
1744878985699693.0,-5546.75,1897.83,0.70033,1.7361,1.72364,-0.0124594,60.0
1744878985720639.0,-5546.75,1897.83,0.70033,1.7361,1.73921,0.00310789,60.0
1744878985741567.0,-5546.75,1897.83,0.70033,1.7361,1.77701,0.0409153,60.0
1744878985761974.0,-5547.18,1900.56,0.701511,1.73921,1.70526,-0.0339454,60.0
1744878985782882.0,-5547.18,1900.56,0.701511,1.73921,1.68496,-0.0542488,60.0
1744878985803895.0,-5547.18,1903.29,0.702324,1.70526,1.60913,-0.0961308,60.0
1744878985824742.0,-5547.18,1903.29,0.702324,1.70526,1.73588,0.0306198,60.0
1744878985845614.0,-5547.18,1903.29,0.702324,1.70526,1.78256,0.0772964,60.0
1744878985865889.0,-5547.17,1906.71,0.703342,1.73588,1.58188,-0.154001,60.0
1744878985886674.0,-5547.17,1906.71,0.703342,1.73588,1.71936,-0.0165169,60.0
1744878985907513.0,-5547.6,1909.44,0.704527,1.58188,1.67693,0.0950506,60.0
1744878985928259.0,-5547.6,1909.44,0.704527,1.58188,1.54906,-0.0328153,60.0
1744878985948902.0,-5547.6,1912.86,0.705548,1.67693,1.5897,-0.0872307,60.0
1744878985969636.0,-5547.6,1912.86,0.705548,1.67693,1.68964,0.0127103,60.0
1744878985990001.0,-5547.6,1912.86,0.705548,1.67693,1.59792,-0.0790077,60.0
1744878986010243.0,-5548.02,1915.59,0.706736,1.68964,1.71919,0.0295511,60.0
1744878986030802.0,-5548.02,1915.59,0.706736,1.68964,1.56021,-0.129426,60.0
1744878986051213.0,-5548.02,1918.32,0.707555,1.71919,1.76972,0.0505281,60.0
1744878986072114.0,-5548.02,1918.32,0.707555,1.71919,1.57797,-0.141223,60.0
1744878986092786.0,-5548.02,1918.32,0.707555,1.71919,1.71556,-0.00362939,60.0
1744878986113337.0,-5548.44,1921.74,0.708951,1.57797,1.70867,0.130699,60.0
1744878986134112.0,-5548.44,1921.74,0.708951,1.57797,1.58255,0.00458594,60.0
1744878986154728.0,-5548.44,1924.47,0.709773,1.70867,1.584,-0.124671,60.0
1744878986175454.0,-5548.44,1924.47,0.709773,1.70867,1.5932,-0.11547,60.0
1744878986196234.0,-5548.44,1924.47,0.709773,1.70867,1.70614,-0.00252859,60.0
1744878986217153.0,-5548.86,1927.2,0.710966,1.5932,1.68757,0.0943675,60.0
1744878986237781.0,-5548.86,1927.2,0.710966,1.5932,1.5653,-0.0279032,60.0
1744878986258173.0,-5548.86,1930.62,0.711996,1.68757,1.73744,0.0498743,60.0
1744878986278760.0,-5548.86,1930.62,0.711996,1.68757,1.66785,-0.019713,60.0
1744878986299710.0,-5548.86,1930.62,0.711996,1.68757,1.78328,0.0957162,60.0
1744878986320387.0,-5549.29,1933.35,0.713192,1.66785,1.6969,0.0290478,60.0
1744878986341204.0,-5549.29,1933.35,0.713192,1.66785,1.63171,-0.0361387,60.0
1744878986361773.0,-5549.29,1936.77,0.714226,1.6969,1.67875,-0.0181483,60.0
1744878986382356.0,-5549.29,1936.77,0.714226,1.6969,1.74451,0.0476124,60.0
1744878986403083.0,-5549.71,1939.5,0.715424,1.67875,1.75513,0.0763807,60.0
1744878986423779.0,-5549.71,1939.5,0.715424,1.67875,1.70357,0.0248163,60.0
1744878986444781.0,-5549.71,1939.5,0.715424,1.67875,1.8368,0.158049,60.0
1744878986465347.0,-5549.71,1942.23,0.716253,1.70357,1.59904,-0.104527,60.0
1744878986486267.0,-5549.71,1942.23,0.716253,1.70357,1.61169,-0.0918829,60.0
1744878986506795.0,-5550.13,1945.65,0.717661,1.59904,1.62001,0.0209676,60.0
1744878986527536.0,-5550.13,1945.65,0.717661,1.59904,1.71634,0.117303,60.0
1744878986548381.0,-5550.13,1945.65,0.717661,1.59904,1.68982,0.090774,60.0
1744878986569173.0,-5550.55,1948.38,0.718863,1.71634,1.85114,0.134794,60.0
1744878986590044.0,-5550.55,1948.38,0.718863,1.71634,1.74543,0.0290895,60.0
1744878986610594.0,-5550.55,1951.12,0.719697,1.85114,1.72322,-0.127915,60.0
1744878986631228.0,-5550.55,1951.12,0.719697,1.85114,1.70313,-0.148006,60.0
1744878986651791.0,-5550.55,1951.12,0.719697,1.85114,1.72555,-0.125591,60.0
1744878986672727.0,-5550.98,1954.53,0.72111,1.70313,1.6481,-0.0550304,60.0
1744878986693267.0,-5550.98,1954.53,0.72111,1.70313,1.82287,0.119738,60.0
1744878986714269.0,-5550.97,1957.26,0.721946,1.6481,1.62187,-0.0262293,60.0
1744878986734690.0,-5550.97,1957.26,0.721946,1.6481,1.79457,0.14647,60.0
1744878986755559.0,-5551.4,1960.68,0.723362,1.79457,1.71885,-0.0757212,60.0
1744878986776126.0,-5551.4,1960.68,0.723362,1.79457,1.76633,-0.0282387,60.0
1744878986796881.0,-5551.4,1960.68,0.723362,1.79457,1.63364,-0.160929,60.0
1744878986817414.0,-5551.82,1963.41,0.724571,1.76633,1.68267,-0.0836606,60.0
1744878986838042.0,-5551.82,1963.41,0.724571,1.76633,1.71771,-0.0486227,60.0
1744878986858701.0,-5552.24,1966.14,0.72578,1.68267,1.7662,0.0835321,60.0
1744878986879407.0,-5552.24,1966.14,0.72578,1.68267,1.79939,0.116713,60.0
1744878986900116.0,-5552.24,1966.14,0.72578,1.68267,1.67479,-0.00788125,60.0
1744878986920770.0,-5552.24,1969.56,0.726832,1.79939,1.67144,-0.127948,60.0
1744878986941922.0,-5552.24,1969.56,0.726832,1.79939,1.67756,-0.121828,60.0
1744878986962558.0,-5552.67,1972.29,0.728044,1.67144,1.68207,0.0106304,60.0
1744878986983683.0,-5552.67,1972.29,0.728044,1.67144,1.63337,-0.0380634,60.0
1744878987004328.0,-5552.67,1972.29,0.728044,1.67144,1.57979,-0.0916519,60.0
1744878987025029.0,-5553.09,1975.03,0.729257,1.63337,1.79301,0.159637,60.0
1744878987045890.0,-5553.09,1975.03,0.729257,1.63337,1.54831,-0.085062,60.0
1744878987066628.0,-5553.51,1978.44,0.730683,1.79301,1.70363,-0.0893857,60.0
1744878987087122.0,-5553.51,1978.44,0.730683,1.79301,1.88472,0.0917063,60.0
1744878987107807.0,-5553.51,1978.44,0.730683,1.79301,1.67437,-0.118636,60.0
1744878987128465.0,-5553.51,1981.17,0.73153,1.88472,1.93734,0.0526267,60.0
1744878987149245.0,-5553.51,1981.17,0.73153,1.88472,1.75289,-0.131826,60.0
1744878987169838.0,-5553.93,1983.91,0.732747,1.93734,1.82234,-0.115002,60.0
1744878987190708.0,-5553.93,1983.91,0.732747,1.93734,1.86492,-0.0724189,60.0
1744878987211417.0,-5554.36,1987.32,0.734178,1.82234,1.75606,-0.0662835,60.0
1744878987232092.0,-5554.36,1987.32,0.734178,1.82234,1.70042,-0.121923,60.0
1744878987252709.0,-5554.36,1987.32,0.734178,1.82234,1.76204,-0.0602997,60.0
1744878987273433.0,-5554.78,1990.06,0.735398,1.70042,1.68856,-0.0118572,60.0
1744878987294284.0,-5554.78,1990.06,0.735398,1.70042,1.655,-0.0454221,60.0
1744878987314950.0,-5555.2,1993.47,0.736832,1.68856,1.82971,0.141145,60.0
1744878987335851.0,-5555.2,1993.47,0.736832,1.68856,1.62912,-0.0594433,60.0
1744878987356218.0,-5555.2,1993.47,0.736832,1.68856,1.6594,-0.0291614,60.0
1744878987377048.0,-5555.62,1996.2,0.738055,1.62912,1.64601,0.0168953,60.0
1744878987397646.0,-5555.62,1996.2,0.738055,1.62912,1.71785,0.0887313,60.0
1744878987418443.0,-5556.05,1998.94,0.739278,1.64601,1.69788,0.0518623,60.0
1744878987439646.0,-5556.05,1998.94,0.739278,1.64601,1.50391,-0.142108,60.0
1744878987460206.0,-5556.05,1998.94,0.739278,1.64601,1.75427,0.10826,60.0
1744878987480922.0,-5556.47,2002.35,0.740717,1.50391,1.60632,0.102416,60.0
1744878987501780.0,-5556.47,2002.35,0.740717,1.50391,1.63179,0.127888,60.0
1744878987522307.0,-5556.89,2005.09,0.741944,1.60632,1.67906,0.0727348,60.0
1744878987543079.0,-5556.89,2005.09,0.741944,1.60632,1.6647,0.058382,60.0
1744878987563788.0,-5556.89,2005.09,0.741944,1.60632,1.58491,-0.0214065,60.0
1744878987584488.0,-5556.89,2007.82,0.742802,1.6647,1.55692,-0.107783,60.0
1744878987605254.0,-5556.89,2007.82,0.742802,1.6647,1.61692,-0.0477853,60.0
1744878987625804.0,-5557.31,2011.23,0.744245,1.55692,1.65419,0.0972656,60.0
1744878987646625.0,-5557.31,2011.23,0.744245,1.55692,1.57223,0.0153127,60.0
1744878987667033.0,-5557.74,2013.97,0.745476,1.65419,1.5597,-0.0944839,60.0
1744878987687881.0,-5557.74,2013.97,0.745476,1.65419,1.7123,0.0581159,60.0
1744878987708452.0,-5557.74,2013.97,0.745476,1.65419,1.69417,0.039987,60.0
1744878987729136.0,-5558.16,2016.7,0.746707,1.7123,1.66241,-0.0498955,60.0
1744878987749843.0,-5558.16,2016.7,0.746707,1.7123,1.58909,-0.123208,60.0
1744878987770778.0,-5558.58,2020.12,0.748156,1.66241,1.8024,0.139996,60.0
1744878987791518.0,-5558.58,2020.12,0.748156,1.66241,1.60028,-0.0621244,60.0
1744878987812044.0,-5558.58,2020.12,0.748156,1.66241,1.73658,0.0741746,60.0
1744878987832823.0,-5558.58,2022.85,0.74902,1.60028,1.54065,-0.0596306,60.0
1744878987853610.0,-5558.58,2022.85,0.74902,1.60028,1.63685,0.0365638,60.0
1744878987874354.0,-5559.0,2026.26,0.750472,1.54065,1.61908,0.0784334,60.0
1744878987894969.0,-5559.0,2026.26,0.750472,1.54065,1.56593,0.0252807,60.0
1744878987915809.0,-5559.0,2026.26,0.750472,1.54065,1.57113,0.0304817,60.0
1744878987936945.0,-5559.43,2029.0,0.751709,1.56593,1.67711,0.111176,60.0
1744878987957688.0,-5559.43,2029.0,0.751709,1.56593,1.66232,0.0963859,60.0
1744878987978576.0,-5559.43,2031.73,0.752577,1.67711,1.67973,0.00262674,60.0
1744878987999148.0,-5559.43,2031.73,0.752577,1.67711,1.67567,-0.00144297,60.0
1744878988019597.0,-5559.85,2035.15,0.754034,1.67973,1.71998,0.0402429,60.0
1744878988040281.0,-5559.85,2035.15,0.754034,1.67973,1.52969,-0.150045,60.0
1744878988061021.0,-5559.85,2035.15,0.754034,1.67973,1.65814,-0.0215937,60.0
1744878988081786.0,-5560.27,2037.88,0.755274,1.52969,1.68864,0.158949,60.0
1744878988102329.0,-5560.27,2037.88,0.755274,1.52969,1.50357,-0.0261213,60.0
1744878988123003.0,-5560.27,2040.61,0.756146,1.68864,1.54642,-0.142216,60.0
1744878988143663.0,-5560.27,2040.61,0.756146,1.68864,1.69713,0.00848815,60.0
1744878988164535.0,-5560.27,2040.61,0.756146,1.68864,1.68626,-0.00237874,60.0
1744878988185286.0,-5560.69,2044.03,0.757608,1.69713,1.69781,0.000686469,60.0
1744878988206069.0,-5560.69,2044.03,0.757608,1.69713,1.81799,0.12086,60.0
1744878988226640.0,-5560.69,2046.76,0.758482,1.69781,1.71506,0.0172465,60.0
1744878988247398.0,-5560.69,2046.76,0.758482,1.69781,1.79858,0.100764,60.0
1744878988268036.0,-5560.69,2046.76,0.758482,1.69781,1.71839,0.0205718,60.0
1744878988288560.0,-5561.12,2050.18,0.759947,1.79858,1.70087,-0.0977129,60.0
1744878988309223.0,-5561.12,2050.18,0.759947,1.79858,1.80984,0.0112592,60.0
1744878988329992.0,-5561.54,2052.91,0.761194,1.70087,1.58277,-0.118097,60.0
1744878988350741.0,-5561.54,2052.91,0.761194,1.70087,1.80887,0.108006,60.0
1744878988371501.0,-5561.54,2052.91,0.761194,1.70087,1.56498,-0.135886,60.0
1744878988392197.0,-5561.96,2055.64,0.762443,1.80887,1.71584,-0.0930316,60.0
1744878988412858.0,-5561.96,2055.64,0.762443,1.80887,1.71984,-0.0890359,60.0
1744878988433860.0,-5561.96,2059.06,0.763542,1.71584,1.6706,-0.0452375,60.0
1744878988454265.0,-5561.96,2059.06,0.763542,1.71584,1.66763,-0.0482102,60.0
1744878988475272.0,-5562.38,2061.79,0.764793,1.6706,1.77071,0.100103,60.0
1744878988495920.0,-5562.38,2061.79,0.764793,1.6706,1.77019,0.0995835,60.0
1744878988516493.0,-5562.38,2061.79,0.764793,1.6706,1.74658,0.0759819,60.0
1744878988537260.0,-5562.81,2064.52,0.766045,1.77019,1.78807,0.0178814,60.0
1744878988558080.0,-5562.81,2064.52,0.766045,1.77019,1.69557,-0.07462,60.0
1744878988578543.0,-5563.23,2067.94,0.76752,1.78807,1.73422,-0.0538463,60.0
1744878988599424.0,-5563.23,2067.94,0.76752,1.78807,1.66784,-0.120225,60.0
1744878988619953.0,-5563.23,2067.94,0.76752,1.78807,1.80383,0.015766,60.0
1744878988640643.0,-5563.65,2070.67,0.768775,1.66784,1.67788,0.0100358,60.0
1744878988661431.0,-5563.65,2070.67,0.768775,1.66784,1.61973,-0.0481155,60.0
1744878988682002.0,-5563.65,2073.4,0.769661,1.67788,1.65294,-0.0249362,60.0
1744878988702689.0,-5563.65,2073.4,0.769661,1.67788,1.72386,0.045984,60.0
1744878988723479.0,-5563.65,2073.4,0.769661,1.67788,1.52592,-0.151962,60.0
1744878988744267.0,-5564.07,2076.82,0.77114,1.72386,1.68176,-0.0421051,60.0
1744878988764998.0,-5564.07,2076.82,0.77114,1.72386,1.71715,-0.00670742,60.0
1744878988785921.0,-5564.5,2079.55,0.772399,1.68176,1.5371,-0.144658,60.0
1744878988806391.0,-5564.5,2079.55,0.772399,1.68176,1.68599,0.00423615,60.0
1744878988826945.0,-5564.5,2079.55,0.772399,1.68176,1.60619,-0.0755703,60.0
1744878988847962.0,-5564.92,2082.97,0.773881,1.68599,1.73067,0.0446734,60.0
1744878988868570.0,-5564.92,2082.97,0.773881,1.68599,1.75299,0.0669929,60.0
1744878988889324.0,-5565.34,2085.7,0.775143,1.73067,1.8909,0.160235,60.0
1744878988910171.0,-5565.34,2085.7,0.775143,1.73067,1.79758,0.0669159,60.0
1744878988931087.0,-5565.77,2088.43,0.776406,1.8909,1.81593,-0.0749715,60.0
1744878988952124.0,-5565.77,2088.43,0.776406,1.8909,1.789,-0.101901,60.0
1744878988972767.0,-5565.77,2088.43,0.776406,1.8909,1.83203,-0.0588703,60.0
1744878988993431.0,-5566.19,2091.85,0.777893,1.789,1.76562,-0.0233763,60.0
1744878989013926.0,-5566.19,2091.85,0.777893,1.789,1.8155,0.0265043,60.0
1744878989034622.0,-5566.19,2094.58,0.778788,1.76562,1.64325,-0.122376,60.0
1744878989055636.0,-5566.19,2094.58,0.778788,1.76562,1.75348,-0.012146,60.0
1744878989076089.0,-5566.19,2094.58,0.778788,1.76562,1.708,-0.0576282,60.0
1744878989096722.0,-5566.61,2097.32,0.780054,1.75348,1.82975,0.0762711,60.0
1744878989117355.0,-5566.61,2097.32,0.780054,1.75348,1.68139,-0.0720903,60.0
1744878989138020.0,-5567.03,2100.73,0.781547,1.82975,1.78965,-0.0401007,60.0
1744878989158744.0,-5567.03,2100.73,0.781547,1.82975,1.76602,-0.0637295,60.0
1744878989179488.0,-5567.03,2100.73,0.781547,1.82975,1.83575,0.00599798,60.0
1744878989200400.0,-5567.46,2103.46,0.782816,1.76602,1.77133,0.00531221,60.0
1744878989221130.0,-5567.46,2103.46,0.782816,1.76602,1.67003,-0.095988,60.0
1744878989241842.0,-5568.3,2106.2,0.784457,1.77133,1.78796,0.0166319,60.0
1744878989262473.0,-5568.3,2106.2,0.784457,1.77133,1.73461,-0.0367214,60.0
1744878989282995.0,-5568.73,2109.61,0.785954,1.78796,1.66347,-0.124495,60.0
1744878989303829.0,-5568.73,2109.61,0.785954,1.78796,1.74522,-0.0427409,60.0
1744878989324639.0,-5568.73,2109.61,0.785954,1.78796,1.73275,-0.0552146,60.0
1744878989345276.0,-5569.15,2112.35,0.787228,1.74522,1.85192,0.1067,60.0
1744878989366103.0,-5569.15,2112.35,0.787228,1.74522,1.65971,-0.0855091,60.0
1744878989386961.0,-5569.57,2115.08,0.788502,1.85192,1.8138,-0.0381194,60.0
1744878989407614.0,-5569.57,2115.08,0.788502,1.85192,1.72643,-0.125495,60.0
1744878989428382.0,-5569.57,2115.08,0.788502,1.85192,1.79688,-0.0550428,60.0
1744878989449132.0,-5569.99,2118.49,0.790004,1.72643,1.59451,-0.131922,60.0
1744878989470122.0,-5569.99,2118.49,0.790004,1.72643,1.76382,0.0373926,60.0
1744878989490609.0,-5570.42,2121.23,0.791281,1.59451,1.71881,0.1243,60.0
1744878989511119.0,-5570.42,2121.23,0.791281,1.59451,1.54465,-0.0498563,60.0
1744878989532220.0,-5570.42,2121.23,0.791281,1.59451,1.58094,-0.0135675,60.0
1744878989552910.0,-5570.84,2123.96,0.792559,1.54465,1.6421,0.0974471,60.0
1744878989573561.0,-5570.84,2123.96,0.792559,1.54465,1.65534,0.11069,60.0
1744878989594322.0,-5571.26,2127.38,0.794066,1.6421,1.58951,-0.0525881,60.0
1744878989614949.0,-5571.26,2127.38,0.794066,1.6421,1.68616,0.0440605,60.0
1744878989635408.0,-5571.26,2127.38,0.794066,1.6421,1.65131,0.00921473,60.0
1744878989655893.0,-5571.68,2130.11,0.795347,1.68616,1.71101,0.024854,60.0
1744878989676606.0,-5571.68,2130.11,0.795347,1.68616,1.81902,0.132858,60.0
1744878989697520.0,-5572.11,2132.84,0.796629,1.71101,1.6555,-0.0555103,60.0
1744878989717948.0,-5572.11,2132.84,0.796629,1.71101,1.80594,0.0949316,60.0
1744878989738896.0,-5572.53,2136.26,0.798141,1.6555,1.5778,-0.0776967,60.0
1744878989759373.0,-5572.53,2136.26,0.798141,1.6555,1.53873,-0.116772,60.0
1744878989780125.0,-5572.53,2136.26,0.798141,1.6555,1.55711,-0.0983878,60.0
1744878989800700.0,-5572.95,2138.99,0.799426,1.53873,1.65166,0.112933,60.0
1744878989821492.0,-5572.95,2138.99,0.799426,1.53873,1.68174,0.143015,60.0
1744878989842144.0,-5573.38,2141.72,0.800712,1.65166,1.738,0.0863412,60.0
1744878989863018.0,-5573.38,2141.72,0.800712,1.65166,1.71151,0.0598453,60.0
1744878989883708.0,-5573.38,2141.72,0.800712,1.65166,1.55842,-0.0932372,60.0
1744878989904423.0,-5573.8,2145.14,0.802228,1.71151,1.74872,0.0372155,60.0
1744878989924952.0,-5573.8,2145.14,0.802228,1.71151,1.59947,-0.112033,60.0
1744878989945923.0,-5574.22,2147.87,0.803517,1.74872,1.69079,-0.0579339,60.0
1744878989966785.0,-5574.22,2147.87,0.803517,1.74872,1.58593,-0.162788,60.0
1744878989987578.0,-5574.22,2147.87,0.803517,1.74872,1.72218,-0.0265444,60.0
1744878990008287.0,-5574.64,2151.29,0.805037,1.58593,1.6945,0.108569,60.0
1744878990029119.0,-5574.64,2151.29,0.805037,1.58593,1.70835,0.122411,60.0
1744878990049812.0,-5574.64,2154.02,0.805957,1.6945,1.78005,0.0855502,60.0
1744878990070619.0,-5574.64,2154.02,0.805957,1.6945,1.70912,0.0146202,60.0
1744878990091260.0,-5574.64,2154.02,0.805957,1.6945,1.66029,-0.0342122,60.0
1744878990111987.0,-5575.07,2156.75,0.807249,1.70912,1.64329,-0.0658313,60.0
1744878990132509.0,-5575.07,2156.75,0.807249,1.70912,1.73914,0.0300146,60.0
1744878990153128.0,-5575.49,2160.17,0.808774,1.64329,1.60459,-0.0386995,60.0
1744878990173900.0,-5575.49,2160.17,0.808774,1.64329,1.69713,0.0538397,60.0
1744878990194528.0,-5575.49,2160.17,0.808774,1.64329,1.51068,-0.13261,60.0
1744878990215636.0,-5575.91,2162.9,0.810069,1.69713,1.71003,0.012893,60.0
1744878990236250.0,-5575.91,2162.9,0.810069,1.69713,1.60379,-0.0933458,60.0
1744878990257038.0,-5576.33,2165.63,0.811366,1.71003,1.67383,-0.0361992,60.0
1744878990277785.0,-5576.33,2165.63,0.811366,1.71003,1.69851,-0.0115111,60.0
1744878990298768.0,-5576.76,2169.05,0.812895,1.67383,1.5737,-0.100129,60.0
1744878990319490.0,-5576.76,2169.05,0.812895,1.67383,1.60498,-0.0688501,60.0
1744878990340130.0,-5576.76,2169.05,0.812895,1.67383,1.68398,0.0101512,60.0
1744878990360908.0,-5577.18,2171.78,0.814194,1.60498,1.60132,-0.0036582,60.0
1744878990381448.0,-5577.18,2171.78,0.814194,1.60498,1.54651,-0.0584657,60.0
1744878990402253.0,-5577.6,2174.52,0.815494,1.60132,1.73234,0.131025,60.0
1744878990423028.0,-5577.6,2174.52,0.815494,1.60132,1.54535,-0.0559639,60.0
1744878990444299.0,-5577.6,2174.52,0.815494,1.60132,1.76526,0.163945,60.0
1744878990465058.0,-5577.6,2177.93,0.816657,1.54535,1.51116,-0.0341921,60.0
1744878990485758.0,-5577.6,2177.93,0.816657,1.54535,1.55026,0.00490489,60.0
1744878990506222.0,-5578.02,2180.66,0.81796,1.51116,1.65197,0.140811,60.0
1744878990527006.0,-5578.02,2180.66,0.81796,1.51116,1.58099,0.0698302,60.0
1744878990547950.0,-5578.02,2180.66,0.81796,1.51116,1.59694,0.0857834,60.0
1744878990568697.0,-5578.45,2183.4,0.819265,1.58099,1.73861,0.157614,60.0
1744878990589319.0,-5578.45,2183.4,0.819265,1.58099,1.74221,0.161219,60.0
1744878990609809.0,-5578.45,2186.81,0.820432,1.73861,1.80693,0.0683288,60.0
1744878990630513.0,-5578.45,2186.81,0.820432,1.73861,1.59118,-0.147424,60.0
1744878990651178.0,-5578.87,2189.55,0.821739,1.80693,1.73617,-0.0707607,60.0
1744878990672007.0,-5578.87,2189.55,0.821739,1.80693,1.73057,-0.0763671,60.0
1744878990692730.0,-5578.87,2189.55,0.821739,1.80693,1.68292,-0.124015,60.0
1744878990713391.0,-5579.29,2192.96,0.823281,1.73057,1.75115,0.0205882,60.0
1744878990734149.0,-5579.29,2192.96,0.823281,1.73057,1.68033,-0.0502364,60.0
1744878990754885.0,-5579.71,2195.69,0.824591,1.75115,1.62246,-0.128696,60.0
1744878990775568.0,-5579.71,2195.69,0.824591,1.75115,1.64124,-0.109919,60.0
1744878990796354.0,-5579.71,2195.69,0.824591,1.75115,1.75965,0.00849755,60.0
1744878990817013.0,-5579.71,2198.43,0.82553,1.64124,1.66328,0.0220425,60.0
1744878990837980.0,-5579.71,2198.43,0.82553,1.64124,1.72754,0.0862996,60.0
1744878990858604.0,-5580.14,2201.84,0.827077,1.66328,1.62187,-0.0414081,60.0
1744878990879100.0,-5580.14,2201.84,0.827077,1.66328,1.79907,0.135793,60.0
1744878990899672.0,-5580.14,2201.84,0.827077,1.66328,1.59993,-0.0633505,60.0
1744878990920746.0,-5580.56,2204.58,0.828391,1.79907,1.83272,0.0336455,60.0
1744878990941803.0,-5580.56,2204.58,0.828391,1.79907,1.69387,-0.105198,60.0
1744878990962229.0,-5580.98,2207.31,0.829705,1.83272,1.71154,-0.12118,60.0
1744878990983003.0,-5580.98,2207.31,0.829705,1.83272,1.77276,-0.0599535,60.0
1744878991003972.0,-5580.98,2207.31,0.829705,1.83272,1.70227,-0.130449,60.0
1744878991024592.0,-5581.4,2210.72,0.831257,1.77276,1.68209,-0.0906762,60.0
1744878991045264.0,-5581.4,2210.72,0.831257,1.77276,1.70898,-0.0637823,60.0
1744878991065930.0,-5581.83,2213.46,0.832574,1.68209,1.52553,-0.156559,60.0
1744878991086575.0,-5581.83,2213.46,0.832574,1.68209,1.72122,0.0391331,60.0
1744878991107225.0,-5581.83,2216.87,0.833758,1.52553,1.6598,0.134269,60.0
1744878991127992.0,-5581.83,2216.87,0.833758,1.52553,1.52831,0.00278396,60.0
1744878991148672.0,-5581.83,2216.87,0.833758,1.52553,1.58121,0.0556863,60.0
1744878991169700.0,-5582.25,2219.61,0.835078,1.52831,1.6333,0.104989,60.0
1744878991190292.0,-5582.25,2219.61,0.835078,1.52831,1.63222,0.103905,60.0
1744878991211281.0,-5582.67,2222.34,0.836399,1.6333,1.67641,0.043108,60.0
1744878991231603.0,-5582.67,2222.34,0.836399,1.6333,1.6685,0.0351964,60.0
1744878991252599.0,-5582.67,2222.34,0.836399,1.6333,1.61495,-0.0183553,60.0
1744878991273406.0,-5583.09,2225.75,0.837959,1.6685,1.51474,-0.153759,60.0
1744878991294012.0,-5583.09,2225.75,0.837959,1.6685,1.54301,-0.125485,60.0
1744878991314742.0,-5583.09,2228.49,0.838911,1.51474,1.57549,0.0607502,60.0
1744878991335311.0,-5583.09,2228.49,0.838911,1.51474,1.66681,0.152068,60.0
1744878991355838.0,-5583.09,2228.49,0.838911,1.51474,1.65911,0.144371,60.0
1744878991376577.0,-5583.52,2231.22,0.840236,1.66681,1.60562,-0.0611859,60.0
1744878991396992.0,-5583.52,2231.22,0.840236,1.66681,1.76854,0.101735,60.0
1744878991417646.0,-5583.94,2234.64,0.841801,1.60562,1.58081,-0.0248092,60.0
1744878991438590.0,-5583.94,2234.64,0.841801,1.60562,1.62793,0.0223076,60.0
1744878991459330.0,-5583.94,2234.64,0.841801,1.60562,1.71768,0.112056,60.0
1744878991480009.0,-5583.94,2237.37,0.842757,1.62793,1.60429,-0.0236387,60.0
1744878991500669.0,-5583.94,2237.37,0.842757,1.62793,1.76206,0.134131,60.0
1744878991521432.0,-5584.36,2240.1,0.844086,1.60429,1.70622,0.101927,60.0
1744878991542020.0,-5584.36,2240.1,0.844086,1.60429,1.6267,0.0224051,60.0
1744878991562724.0,-5584.78,2243.52,0.845656,1.70622,1.6465,-0.0597159,60.0
1744878991583460.0,-5584.78,2243.52,0.845656,1.70622,1.74443,0.0382092,60.0
1744878991604280.0,-5584.78,2243.52,0.845656,1.70622,1.61511,-0.0911116,60.0
1744878991625109.0,-5584.78,2246.25,0.846615,1.74443,1.78785,0.0434231,60.0
1744878991645911.0,-5584.78,2246.25,0.846615,1.74443,1.69876,-0.0456686,60.0
1744878991666476.0,-5585.21,2249.67,0.848188,1.78785,1.67702,-0.110831,60.0
1744878991687081.0,-5585.21,2249.67,0.848188,1.78785,1.72266,-0.0651888,60.0
1744878991707768.0,-5585.21,2249.67,0.848188,1.78785,1.65213,-0.135723,60.0
1744878991728437.0,-5585.63,2252.4,0.849522,1.72266,1.85481,0.132148,60.0
1744878991749123.0,-5585.63,2252.4,0.849522,1.72266,1.64233,-0.0803294,60.0
1744878991769777.0,-5586.05,2255.13,0.850858,1.85481,1.74815,-0.10666,60.0
1744878991790418.0,-5586.05,2255.13,0.850858,1.85481,1.90266,0.0478505,60.0
1744878991811162.0,-5586.05,2255.13,0.850858,1.85481,1.83666,-0.0181494,60.0
1744878991832014.0,-5586.05,2258.55,0.852064,1.90266,1.78903,-0.11363,60.0
1744878991853076.0,-5586.05,2258.55,0.852064,1.90266,1.84573,-0.0569304,60.0
1744878991873774.0,-5586.47,2261.28,0.853402,1.78903,1.70436,-0.0846657,60.0
1744878991894497.0,-5586.47,2261.28,0.853402,1.78903,1.7599,-0.0291255,60.0
1744878991915292.0,-5586.47,2261.28,0.853402,1.78903,1.71757,-0.071457,60.0
1744878991936445.0,-5586.9,2264.01,0.854741,1.7599,1.7004,-0.0595013,60.0
1744878991957143.0,-5586.9,2264.01,0.854741,1.7599,1.75149,-0.00840918,60.0
1744878991977938.0,-5587.32,2267.43,0.856324,1.7004,1.79502,0.0946214,60.0
1744878991999125.0,-5587.32,2267.43,0.856324,1.7004,1.75299,0.0525922,60.0
1744878992019512.0,-5587.74,2270.16,0.857665,1.79502,1.70208,-0.0929406,60.0
1744878992040047.0,-5587.74,2270.16,0.857665,1.79502,1.68543,-0.109597,60.0
1744878992060616.0,-5587.74,2270.16,0.857665,1.79502,1.69254,-0.102485,60.0
1744878992081429.0,-5588.16,2272.89,0.859009,1.68543,1.75382,0.0683939,60.0
1744878992102156.0,-5588.16,2272.89,0.859009,1.68543,1.53568,-0.149744,60.0
1744878992122985.0,-5588.59,2276.31,0.860596,1.75382,1.60511,-0.148715,60.0
1744878992143579.0,-5588.59,2276.31,0.860596,1.75382,1.69521,-0.0586083,60.0
1744878992164411.0,-5588.59,2276.31,0.860596,1.75382,1.86557,0.111753,60.0
1744878992185123.0,-5589.01,2279.04,0.861942,1.69521,1.74873,0.053516,60.0
1744878992205791.0,-5589.01,2279.04,0.861942,1.69521,1.57279,-0.122423,60.0
1744878992226755.0,-5589.43,2281.78,0.863289,1.74873,1.80368,0.0549492,60.0
1744878992247327.0,-5589.43,2281.78,0.863289,1.74873,1.79609,0.0473668,60.0
1744878992268015.0,-5589.43,2281.78,0.863289,1.74873,1.66812,-0.0806079,60.0
1744878992288774.0,-5589.86,2285.19,0.864881,1.79609,1.66161,-0.134488,60.0
1744878992309550.0,-5589.86,2285.19,0.864881,1.79609,1.69701,-0.0990846,60.0
1744878992330360.0,-5590.28,2287.92,0.866231,1.66161,1.81914,0.15753,60.0
1744878992351040.0,-5590.28,2287.92,0.866231,1.66161,1.70613,0.0445254,60.0
1744878992371557.0,-5590.7,2291.34,0.867827,1.81914,1.70103,-0.118104,60.0
1744878992392421.0,-5590.7,2291.34,0.867827,1.81914,1.69648,-0.122653,60.0
1744878992412991.0,-5590.7,2291.34,0.867827,1.81914,1.68716,-0.131979,60.0
1744878992433713.0,-5591.12,2294.07,0.869179,1.69648,1.78521,0.0887223,60.0
1744878992454385.0,-5591.12,2294.07,0.869179,1.69648,1.82667,0.130187,60.0
1744878992474863.0,-5591.55,2296.81,0.870532,1.78521,1.86209,0.0768868,60.0
1744878992495498.0,-5591.55,2296.81,0.870532,1.78521,1.73239,-0.0528181,60.0
1744878992518156.0,-5591.55,2296.81,0.870532,1.78521,1.67151,-0.113694,60.0
1744878992538719.0,-5591.97,2300.22,0.872133,1.73239,1.7376,0.00520761,60.0
1744878992559492.0,-5591.97,2300.22,0.872133,1.73239,1.6803,-0.0520872,60.0
1744878992580091.0,-5592.39,2302.95,0.873489,1.7376,1.61028,-0.127319,60.0
1744878992600717.0,-5592.39,2302.95,0.873489,1.7376,1.67429,-0.0633082,60.0
1744878992621335.0,-5592.39,2302.95,0.873489,1.7376,1.64055,-0.097045,60.0
1744878992642021.0,-5592.81,2305.69,0.874847,1.67429,1.63014,-0.0441464,60.0
1744878992662887.0,-5592.81,2305.69,0.874847,1.67429,1.63931,-0.0349741,60.0
1744878992683653.0,-5593.24,2309.1,0.876452,1.63014,1.62449,-0.00565525,60.0
1744878992704360.0,-5593.24,2309.1,0.876452,1.63014,1.69289,0.0627442,60.0
1744878992725044.0,-5593.66,2311.84,0.877812,1.62449,1.67697,0.0524838,60.0
1744878992745904.0,-5593.66,2311.84,0.877812,1.62449,1.51446,-0.110025,60.0
1744878992766640.0,-5593.66,2311.84,0.877812,1.62449,1.73597,0.111486,60.0
1744878992787280.0,-5594.08,2314.57,0.879173,1.51446,1.47132,-0.0431429,60.0
1744878992808085.0,-5594.08,2314.57,0.879173,1.51446,1.56951,0.0550526,60.0
1744878992828919.0,-5594.5,2317.98,0.880784,1.47132,1.504,0.0326792,60.0
1744878992849616.0,-5594.5,2317.98,0.880784,1.47132,1.61684,0.145521,60.0
1744878992870463.0,-5594.5,2317.98,0.880784,1.47132,1.49251,0.0211966,60.0
1744878992891156.0,-5594.93,2320.72,0.882148,1.61684,1.60879,-0.00804991,60.0
1744878992912269.0,-5594.93,2320.72,0.882148,1.61684,1.62686,0.0100259,60.0
1744878992932822.0,-5595.35,2323.45,0.883513,1.60879,1.65137,0.0425825,60.0
1744878992953741.0,-5595.35,2323.45,0.883513,1.60879,1.6549,0.0461095,60.0
1744878992974371.0,-5595.35,2323.45,0.883513,1.60879,1.58325,-0.0255382,60.0
1744878992995419.0,-5595.35,2326.87,0.884755,1.6549,1.78765,0.132756,60.0
1744878993016026.0,-5595.35,2326.87,0.884755,1.6549,1.67527,0.0203719,60.0
1744878993036704.0,-5595.77,2329.6,0.886123,1.78765,1.62814,-0.159518,60.0
1744878993057387.0,-5595.77,2329.6,0.886123,1.78765,1.73622,-0.051433,60.0
1744878993078026.0,-5596.19,2332.33,0.887492,1.73622,1.7231,-0.0131194,60.0
1744878993098923.0,-5596.19,2332.33,0.887492,1.73622,1.60219,-0.13403,60.0
1744878993119626.0,-5596.19,2332.33,0.887492,1.73622,1.80979,0.0735702,60.0
1744878993140144.0,-5596.62,2335.75,0.889112,1.60219,1.58804,-0.0141562,60.0
1744878993160935.0,-5596.62,2335.75,0.889112,1.60219,1.71847,0.116274,60.0
1744878993181709.0,-5597.04,2338.48,0.890484,1.58804,1.74984,0.161804,60.0
1744878993203296.0,-5597.04,2338.48,0.890484,1.58804,1.71873,0.130696,60.0
1744878993224124.0,-5597.04,2338.48,0.890484,1.58804,1.62044,0.0324082,60.0
1744878993244741.0,-5597.04,2341.9,0.891734,1.71873,1.77186,0.0531323,60.0
1744878993265328.0,-5597.04,2341.9,0.891734,1.71873,1.87591,0.157176,60.0
1744878993286115.0,-5597.46,2344.63,0.893108,1.77186,1.68744,-0.0844261,60.0
1744878993306929.0,-5597.46,2344.63,0.893108,1.77186,1.63526,-0.1366,60.0
1744878993327596.0,-5597.46,2344.63,0.893108,1.77186,1.62384,-0.14802,60.0
1744878993348358.0,-5597.88,2347.36,0.894484,1.63526,1.54272,-0.0925468,60.0
1744878993368924.0,-5597.88,2347.36,0.894484,1.63526,1.78976,0.154492,60.0
1744878993389734.0,-5598.31,2350.78,0.896112,1.54272,1.60281,0.0600968,60.0
1744878993410447.0,-5598.31,2350.78,0.896112,1.54272,1.57939,0.0366714,60.0
1744878993431165.0,-5598.31,2350.78,0.896112,1.54272,1.54449,0.00177609,60.0
1744878993451900.0,-5598.73,2353.51,0.89749,1.57939,1.54354,-0.0358456,60.0
1744878993472530.0,-5598.73,2353.51,0.89749,1.57939,1.70862,0.129233,60.0
1744878993493146.0,-5598.73,2356.24,0.898497,1.54354,1.61773,0.0741833,60.0
1744878993513816.0,-5598.73,2356.24,0.898497,1.54354,1.57571,0.032165,60.0
1744878993534574.0,-5599.15,2359.66,0.90013,1.61773,1.5949,-0.0228264,60.0
1744878993555495.0,-5599.15,2359.66,0.90013,1.61773,1.69389,0.0761608,60.0
1744878993576162.0,-5599.15,2359.66,0.90013,1.61773,1.76434,0.146609,60.0
1744878993596921.0,-5599.57,2362.39,0.901512,1.69389,1.59233,-0.101553,60.0
1744878993617624.0,-5599.57,2362.39,0.901512,1.69389,1.7964,0.102508,60.0
1744878993638337.0,-5599.57,2365.12,0.902522,1.59233,1.55938,-0.0329509,60.0
1744878993659014.0,-5599.57,2365.12,0.902522,1.59233,1.58159,-0.0107431,60.0
1744878993679994.0,-5599.57,2365.12,0.902522,1.59233,1.71293,0.120597,60.0
1744878993700502.0,-5600.0,2368.54,0.90416,1.58159,1.53499,-0.0465979,60.0
1744878993721205.0,-5600.0,2368.54,0.90416,1.58159,1.56609,-0.0154992,60.0
1744878993741990.0,-5600.42,2371.27,0.905546,1.53499,1.60255,0.0675529,60.0
1744878993762631.0,-5600.42,2371.27,0.905546,1.53499,1.6955,0.160508,60.0
1744878993783495.0,-5600.42,2371.27,0.905546,1.53499,1.60806,0.0730707,60.0
1744878993804404.0,-5600.42,2374.69,0.906814,1.6955,1.85359,0.15809,60.0
1744878993825179.0,-5600.42,2374.69,0.906814,1.6955,1.71951,0.0240107,60.0
1744878993845757.0,-5600.84,2377.42,0.908202,1.85359,1.70105,-0.152542,60.0
1744878993866478.0,-5600.84,2377.42,0.908202,1.85359,1.76204,-0.0915485,60.0
1744878993887224.0,-5600.84,2380.15,0.909219,1.70105,1.59425,-0.106794,60.0
1744878993908065.0,-5600.84,2380.15,0.909219,1.70105,1.6368,-0.0642512,60.0
1744878993928794.0,-5600.84,2380.15,0.909219,1.70105,1.76816,0.0671128,60.0
1744878993949916.0,-5601.26,2383.57,0.910865,1.6368,1.59218,-0.0446179,60.0
1744878993970445.0,-5601.26,2383.57,0.910865,1.6368,1.63821,0.00140841,60.0
1744878993991006.0,-5601.69,2386.3,0.912257,1.59218,1.5396,-0.0525807,60.0
1744878994011904.0,-5601.69,2386.3,0.912257,1.59218,1.54829,-0.04389,60.0
1744878994032712.0,-5601.69,2386.3,0.912257,1.59218,1.6691,0.0769167,60.0
1744878994053312.0,-5601.68,2389.04,0.913278,1.54829,1.66818,0.119892,60.0
1744878994074339.0,-5601.68,2389.04,0.913278,1.54829,1.70512,0.156829,60.0
1744878994094822.0,-5602.11,2392.45,0.914928,1.66818,1.76186,0.0936746,60.0
1744878994115637.0,-5602.11,2392.45,0.914928,1.66818,1.60908,-0.0591025,60.0
1744878994136369.0,-5602.11,2392.45,0.914928,1.66818,1.79613,0.127948,60.0
1744878994157105.0,-5602.11,2395.18,0.915952,1.60908,1.45456,-0.154518,60.0
1744878994177967.0,-5602.11,2395.18,0.915952,1.60908,1.74219,0.133109,60.0
1744878994198918.0,-5602.53,2398.6,0.917606,1.45456,1.47984,0.0252788,60.0
1744878994219438.0,-5602.53,2398.6,0.917606,1.45456,1.50066,0.0461011,60.0
1744878994240436.0,-5602.53,2398.6,0.917606,1.45456,1.48722,0.0326587,60.0
1744878994261115.0,-5602.53,2401.33,0.918631,1.50066,1.61865,0.11799,60.0
1744878994281773.0,-5602.53,2401.33,0.918631,1.50066,1.63076,0.130095,60.0
1744878994302666.0,-5602.95,2404.07,0.920032,1.61865,1.70943,0.0907785,60.0
1744878994323414.0,-5602.95,2404.07,0.920032,1.61865,1.78264,0.163987,60.0
1744878994344088.0,-5602.95,2407.48,0.921317,1.70943,1.68207,-0.0273593,60.0
1744878994364924.0,-5602.95,2407.48,0.921317,1.70943,1.54522,-0.164213,60.0
1744878994385626.0,-5602.95,2407.48,0.921317,1.70943,1.7311,0.0216669,60.0
1744878994406319.0,-5603.37,2410.21,0.92272,1.54522,1.51062,-0.0345978,60.0
1744878994426941.0,-5603.37,2410.21,0.92272,1.54522,1.68121,0.135996,60.0
1744878994448103.0,-5603.37,2413.63,0.924009,1.51062,1.65865,0.148032,60.0
1744878994468973.0,-5603.37,2413.63,0.924009,1.51062,1.50275,-0.00787214,60.0
1744878994489876.0,-5603.37,2413.63,0.924009,1.51062,1.67421,0.163592,60.0
1744878994510443.0,-5603.79,2416.36,0.925414,1.50275,1.56508,0.0623352,60.0
1744878994531405.0,-5603.79,2416.36,0.925414,1.50275,1.65465,0.151903,60.0
1744878994552037.0,-5603.79,2419.1,0.926448,1.56508,1.53369,-0.0313896,60.0
1744878994572969.0,-5603.79,2419.1,0.926448,1.56508,1.66627,0.101185,60.0
1744878994593490.0,-5603.79,2419.1,0.926448,1.56508,1.53156,-0.03352,60.0
1744878994614266.0,-5603.79,2422.51,0.927741,1.66627,1.59489,-0.0713812,60.0
1744878994635022.0,-5603.79,2422.51,0.927741,1.66627,1.62416,-0.0421092,60.0
1744878994655828.0,-5604.22,2425.24,0.929151,1.59489,1.71041,0.115525,60.0
1744878994676481.0,-5604.22,2425.24,0.929151,1.59489,1.75752,0.162634,60.0
1744878994697154.0,-5604.22,2425.24,0.929151,1.59489,1.55316,-0.0417273,60.0
1744878994717842.0,-5604.21,2427.98,0.930188,1.75752,1.63158,-0.125943,60.0
1744878994738403.0,-5604.21,2427.98,0.930188,1.75752,1.67496,-0.0825591,60.0
1744878994759422.0,-5604.64,2431.39,0.931859,1.63158,1.57359,-0.057991,60.0
1744878994779902.0,-5604.64,2431.39,0.931859,1.63158,1.70914,0.0775583,60.0
1744878994800591.0,-5604.64,2434.13,0.932899,1.57359,1.60241,0.0288263,60.0
1744878994821440.0,-5604.64,2434.13,0.932899,1.57359,1.70418,0.13059,60.0
1744878994842422.0,-5604.64,2434.13,0.932899,1.57359,1.68778,0.114195,60.0
1744878994862637.0,-5604.64,2437.54,0.934201,1.70418,1.68247,-0.0217107,60.0
1744878994884638.0,-5604.64,2437.54,0.934201,1.70418,1.85527,0.15109,60.0
1744878994905071.0,-5605.06,2440.27,0.935617,1.68247,1.53926,-0.143201,60.0
1744878994925898.0,-5605.06,2440.27,0.935617,1.68247,1.7104,0.0279294,60.0
1744878994946883.0,-5605.06,2440.27,0.935617,1.68247,1.66732,-0.0151492,60.0
1744878994967857.0,-5605.06,2443.01,0.93666,1.7104,1.67557,-0.034828,60.0
1744878994988536.0,-5605.06,2443.01,0.93666,1.7104,1.69883,-0.0115631,60.0
1744878995009221.0,-5605.48,2446.42,0.93834,1.67557,1.55047,-0.125102,60.0
1744878995029708.0,-5605.48,2446.42,0.93834,1.67557,1.80324,0.127675,60.0
1744878995050896.0,-5605.48,2446.42,0.93834,1.67557,1.6443,-0.0312708,60.0
1744878995071297.0,-5605.48,2449.16,0.939386,1.80324,1.71416,-0.0890833,60.0
1744878995092093.0,-5605.48,2449.16,0.939386,1.80324,1.74633,-0.0569158,60.0
1744878995113077.0,-5605.9,2452.57,0.941069,1.71416,1.66686,-0.0473013,60.0
1744878995133827.0,-5605.9,2452.57,0.941069,1.71416,1.61295,-0.10121,60.0
1744878995154430.0,-5605.9,2452.57,0.941069,1.71416,1.60747,-0.10669,60.0
1744878995175106.0,-5605.9,2455.3,0.942118,1.61295,1.60866,-0.00429011,60.0
1744878995195817.0,-5605.9,2455.3,0.942118,1.61295,1.66736,0.0544114,60.0
1744878995216671.0,-5606.32,2458.04,0.943541,1.60866,1.52891,-0.0797512,60.0
1744878995237240.0,-5606.32,2458.04,0.943541,1.60866,1.65105,0.0423898,60.0
1744878995258061.0,-5606.32,2461.45,0.944856,1.52891,1.61203,0.083122,60.0
1744878995278715.0,-5606.32,2461.45,0.944856,1.52891,1.46087,-0.0680422,60.0
1744878995299427.0,-5606.32,2461.45,0.944856,1.52891,1.57146,0.0425519,60.0
1744878995320186.0,-5606.75,2464.19,0.946282,1.46087,1.58475,0.12388,60.0
1744878995341102.0,-5606.75,2464.19,0.946282,1.46087,1.56346,0.102589,60.0
1744878995361676.0,-5606.74,2466.92,0.947336,1.58475,1.68078,0.0960287,60.0
1744878995382480.0,-5606.74,2466.92,0.947336,1.58475,1.52121,-0.0635412,60.0
1744878995403460.0,-5606.74,2466.92,0.947336,1.58475,1.74626,0.161517,60.0
1744878995424101.0,-5607.17,2470.33,0.949028,1.52121,1.63271,0.1115,60.0
1744878995444952.0,-5607.17,2470.33,0.949028,1.52121,1.67411,0.152908,60.0
1744878995465366.0,-5607.17,2473.07,0.950085,1.63271,1.54043,-0.0922746,60.0
1744878995485973.0,-5607.17,2473.07,0.950085,1.63271,1.78353,0.150823,60.0
1744878995506823.0,-5607.17,2473.07,0.950085,1.63271,1.67829,0.0455817,60.0
1744878995527625.0,-5607.17,2476.48,0.951407,1.78353,1.75818,-0.0253463,60.0
1744878995548151.0,-5607.17,2476.48,0.951407,1.78353,1.82624,0.0427159,60.0
1744878995568927.0,-5607.59,2479.22,0.95284,1.75818,1.60218,-0.156003,60.0
1744878995589783.0,-5607.59,2479.22,0.95284,1.75818,1.88674,0.128562,60.0
1744878995610383.0,-5607.59,2479.22,0.95284,1.75818,1.7427,-0.0154849,60.0
1744878995631041.0,-5607.59,2481.95,0.9539,1.88674,1.88251,-0.00423398,60.0
1744878995651556.0,-5607.59,2481.95,0.9539,1.88674,1.77304,-0.113705,60.0
1744878995672541.0,-5608.01,2485.36,0.955601,1.88251,1.81049,-0.0720217,60.0
1744878995692955.0,-5608.01,2485.36,0.955601,1.88251,1.75914,-0.12337,60.0
1744878995713840.0,-5608.43,2488.1,0.957037,1.81049,1.74715,-0.0633416,60.0
1744878995734486.0,-5608.43,2488.1,0.957037,1.81049,1.71618,-0.0943111,60.0
1744878995755320.0,-5608.43,2488.1,0.957037,1.81049,1.67624,-0.134244,60.0
1744878995776031.0,-5608.43,2490.83,0.958101,1.71618,1.82217,0.105994,60.0
1744878995796598.0,-5608.43,2490.83,0.958101,1.71618,1.57846,-0.137718,60.0
1744878995817115.0,-5608.85,2494.25,0.959807,1.82217,1.7006,-0.121574,60.0
1744878995837916.0,-5608.85,2494.25,0.959807,1.82217,1.82476,0.00259208,60.0
1744878995858782.0,-5608.85,2494.25,0.959807,1.82217,1.67472,-0.147447,60.0
1744878995879174.0,-5609.28,2496.98,0.961247,1.82476,1.73032,-0.0944407,60.0
1744878995900004.0,-5609.28,2496.98,0.961247,1.82476,1.73958,-0.0851807,60.0
1744878995920815.0,-5609.28,2500.39,0.962582,1.73032,1.80887,0.0785479,60.0
1744878995941755.0,-5609.28,2500.39,0.962582,1.73032,1.64599,-0.084329,60.0
1744878995962637.0,-5609.28,2500.39,0.962582,1.73032,1.70702,-0.0233068,60.0
1744878995983468.0,-5609.7,2503.13,0.964025,1.64599,1.75864,0.11265,60.0
1744878996004168.0,-5609.7,2503.13,0.964025,1.64599,1.7409,0.0949099,60.0
1744878996025003.0,-5610.12,2505.86,0.965469,1.75864,1.77207,0.0134264,60.0
1744878996045672.0,-5610.12,2505.86,0.965469,1.75864,1.59429,-0.164356,60.0
1744878996066377.0,-5610.12,2505.86,0.965469,1.75864,1.79453,0.0358885,60.0
1744878996087163.0,-5610.54,2509.28,0.967183,1.59429,1.7428,0.148512,60.0
1744878996108166.0,-5610.54,2509.28,0.967183,1.59429,1.66495,0.0706638,60.0
1744878996128603.0,-5610.97,2512.01,0.96863,1.7428,1.6894,-0.0533979,60.0
1744878996149367.0,-5610.97,2512.01,0.96863,1.7428,1.61393,-0.128875,60.0
1744878996170058.0,-5610.97,2514.74,0.969704,1.6894,1.69795,0.00854779,60.0
1744878996191072.0,-5610.97,2514.74,0.969704,1.6894,1.83646,0.147059,60.0
1744878996211449.0,-5610.97,2514.74,0.969704,1.6894,1.64855,-0.0408533,60.0
1744878996232089.0,-5611.39,2518.16,0.971422,1.83646,1.70937,-0.127092,60.0
1744878996252770.0,-5611.39,2518.16,0.971422,1.83646,1.76886,-0.0675976,60.0
1744878996273524.0,-5611.81,2520.89,0.972873,1.70937,1.78982,0.0804451,60.0
1744878996294104.0,-5611.81,2520.89,0.972873,1.70937,1.77076,0.0613951,60.0
1744878996314805.0,-5611.81,2520.89,0.972873,1.70937,1.56795,-0.14142,60.0
1744878996335805.0,-5612.23,2523.62,0.974325,1.77076,1.78708,0.0163197,60.0
1744878996356219.0,-5612.23,2523.62,0.974325,1.77076,1.76375,-0.00701814,60.0
1744878996377177.0,-5612.66,2527.04,0.976048,1.78708,1.63688,-0.150209,60.0
1744878996397845.0,-5612.66,2527.04,0.976048,1.78708,1.75955,-0.0275394,60.0
1744878996418359.0,-5612.66,2527.04,0.976048,1.78708,1.70596,-0.0811278,60.0
1744878996439379.0,-5613.08,2529.77,0.977503,1.75955,1.71378,-0.0457612,60.0
1744878996460359.0,-5613.08,2529.77,0.977503,1.75955,1.60452,-0.155026,60.0
1744878996481005.0,-5613.5,2533.19,0.979229,1.71378,1.71713,0.00335041,60.0
1744878996501864.0,-5613.5,2533.19,0.979229,1.71378,1.78661,0.0728279,60.0
1744878996522419.0,-5613.5,2533.19,0.979229,1.71378,1.60541,-0.10837,60.0
1744878996543111.0,-5613.92,2535.92,0.980686,1.78661,1.69065,-0.0959599,60.0
1744878996564008.0,-5613.92,2535.92,0.980686,1.78661,1.71289,-0.0737237,60.0
1744878996584626.0,-5614.35,2538.65,0.982145,1.69065,1.77661,0.0859546,60.0
1744878996605263.0,-5614.35,2538.65,0.982145,1.69065,1.7781,0.0874472,60.0
1744878996625827.0,-5614.77,2542.07,0.983876,1.77661,1.83674,0.0601378,60.0
1744878996646723.0,-5614.77,2542.07,0.983876,1.77661,1.64291,-0.133698,60.0
1744878996667292.0,-5614.77,2542.07,0.983876,1.77661,1.83928,0.0626767,60.0
1744878996688109.0,-5615.19,2544.8,0.985337,1.64291,1.56922,-0.0736851,60.0
1744878996708703.0,-5615.19,2544.8,0.985337,1.64291,1.51488,-0.128025,60.0
1744878996729689.0,-5615.61,2547.53,0.986799,1.56922,1.66839,0.0991624,60.0
1744878996750328.0,-5615.61,2547.53,0.986799,1.56922,1.58749,0.0182627,60.0
1744878996770993.0,-5615.61,2547.53,0.986799,1.56922,1.58419,0.0149705,60.0
1744878996791651.0,-5616.04,2550.95,0.988536,1.58749,1.7265,0.139016,60.0
1744878996812569.0,-5616.04,2550.95,0.988536,1.58749,1.61871,0.0312269,60.0
1744878996833186.0,-5616.04,2553.68,0.989627,1.7265,1.57671,-0.14979,60.0
1744878996853818.0,-5616.04,2553.68,0.989627,1.7265,1.68234,-0.0441577,60.0
1744878996874521.0,-5616.04,2553.68,0.989627,1.7265,1.70954,-0.0169583,60.0
1744878996895247.0,-5616.46,2556.42,0.991093,1.68234,1.7416,0.0592512,60.0
1744878996915841.0,-5616.46,2556.42,0.991093,1.68234,1.60259,-0.0797558,60.0
1744878996936752.0,-5616.88,2559.83,0.992834,1.7416,1.60514,-0.136456,60.0
1744878996957710.0,-5616.88,2559.83,0.992834,1.7416,1.76415,0.0225551,60.0
1744878996978639.0,-5616.88,2559.83,0.992834,1.7416,1.69341,-0.0481907,60.0
1744878996999190.0,-5617.3,2562.56,0.994303,1.76415,1.67242,-0.0917268,60.0
1744878997020189.0,-5617.3,2562.56,0.994303,1.76415,1.87239,0.108234,60.0
1744878997040822.0,-5617.73,2565.3,0.995773,1.67242,1.6446,-0.0278269,60.0
1744878997061435.0,-5617.73,2565.3,0.995773,1.67242,1.66541,-0.0070158,60.0
1744878997082120.0,-5618.15,2568.71,0.997518,1.6446,1.58024,-0.0643555,60.0
1744878997102968.0,-5618.15,2568.71,0.997518,1.6446,1.6364,-0.00819528,60.0
1744878997123904.0,-5618.15,2568.71,0.997518,1.6446,1.73107,0.0864693,60.0
1744878997144717.0,-5618.57,2571.45,0.998991,1.6364,1.60808,-0.0283259,60.0
1744878997165658.0,-5618.57,2571.45,0.998991,1.6364,1.73071,0.0943048,60.0
1744878997186191.0,-5618.99,2574.18,1.00047,1.60808,1.65234,0.0442606,60.0
1744878997206917.0,-5618.99,2574.18,1.00047,1.60808,1.57519,-0.0328812,60.0
1744878997227819.0,-5618.99,2574.18,1.00047,1.60808,1.68998,0.0819011,60.0
1744878997248396.0,-5618.99,2577.59,1.00184,1.57519,1.61022,0.0350271,60.0
1744878997269141.0,-5618.99,2577.59,1.00184,1.57519,1.50403,-0.0711647,60.0
1744878997289672.0,-5619.42,2580.33,1.00332,1.61022,1.47305,-0.137169,60.0
1744878997310485.0,-5619.42,2580.33,1.00332,1.61022,1.69926,0.0890352,60.0
1744878997331018.0,-5619.42,2580.33,1.00332,1.61022,1.67511,0.064888,60.0
1744878997351542.0,-5619.84,2583.74,1.00507,1.69926,1.62048,-0.0787752,60.0
1744878997372161.0,-5619.84,2583.74,1.00507,1.69926,1.66537,-0.0338881,60.0
1744878997392864.0,-5620.26,2586.48,1.00655,1.62048,1.53023,-0.0902555,60.0
1744878997413797.0,-5620.26,2586.48,1.00655,1.62048,1.68424,0.0637621,60.0
1744878997434213.0,-5620.26,2586.48,1.00655,1.62048,1.60562,-0.0148596,60.0
1744878997455509.0,-5620.68,2589.21,1.00803,1.68424,1.6356,-0.0486417,60.0
1744878997476544.0,-5620.68,2589.21,1.00803,1.68424,1.71229,0.0280437,60.0
1744878997497309.0,-5620.68,2592.62,1.00942,1.6356,1.47471,-0.160888,60.0
1744878997518031.0,-5620.68,2592.62,1.00942,1.6356,1.63556,-4.08323e-05,60.0
1744878997538963.0,-5621.11,2595.36,1.0109,1.47471,1.5036,0.0288866,60.0
1744878997559321.0,-5621.11,2595.36,1.0109,1.47471,1.57981,0.1051,60.0
1744878997580246.0,-5621.11,2595.36,1.0109,1.47471,1.54333,0.0686206,60.0
1744878997600758.0,-5621.53,2598.09,1.01238,1.57981,1.72057,0.140758,60.0
1744878997621328.0,-5621.53,2598.09,1.01238,1.57981,1.66094,0.0811254,60.0
1744878997641976.0,-5621.53,2601.51,1.01377,1.72057,1.58921,-0.131365,60.0
1744878997663504.0,-5621.53,2601.51,1.01377,1.72057,1.81609,0.0955138,60.0
1744878997684179.0,-5621.53,2601.51,1.01377,1.72057,1.73838,0.0178122,60.0
1744878997704840.0,-5621.95,2604.24,1.01526,1.81609,1.72856,-0.0875221,60.0
1744878997725666.0,-5621.95,2604.24,1.01526,1.81609,1.7777,-0.0383895,60.0
1744878997746410.0,-5622.37,2607.65,1.01703,1.72856,1.76148,0.0329164,60.0
1744878997767184.0,-5622.37,2607.65,1.01703,1.72856,1.69508,-0.033488,60.0
1744878997787831.0,-5622.37,2607.65,1.01703,1.72856,1.60261,-0.125955,60.0
1744878997808512.0,-5622.8,2610.39,1.01852,1.69508,1.6364,-0.0586781,60.0
1744878997829151.0,-5622.8,2610.39,1.01852,1.69508,1.72317,0.0280971,60.0
1744878997849778.0,-5622.79,2613.12,1.01963,1.6364,1.64025,0.00385281,60.0
1744878997870485.0,-5622.79,2613.12,1.01963,1.6364,1.74178,0.105378,60.0
1744878997891274.0,-5623.22,2616.54,1.0214,1.64025,1.60597,-0.0342781,60.0
1744878997912110.0,-5623.22,2616.54,1.0214,1.64025,1.48024,-0.160007,60.0
1744878997933076.0,-5623.22,2616.54,1.0214,1.64025,1.79607,0.155819,60.0
1744878997954039.0,-5623.64,2619.27,1.0229,1.48024,1.4262,-0.0540396,60.0
1744878997974549.0,-5623.64,2619.27,1.0229,1.48024,1.48833,0.00808894,60.0
1744878997995358.0,-5623.64,2622.0,1.02402,1.4262,1.57161,0.145411,60.0
1744878998016022.0,-5623.64,2622.0,1.02402,1.4262,1.51406,0.0878606,60.0
1744878998036907.0,-5623.64,2622.0,1.02402,1.4262,1.49265,0.066443,60.0
1744878998057328.0,-5624.06,2625.42,1.02579,1.51406,1.63304,0.118976,60.0
1744878998077917.0,-5624.06,2625.42,1.02579,1.51406,1.66274,0.148674,60.0
1744878998098550.0,-5624.48,2628.15,1.02729,1.63304,1.53741,-0.0956297,60.0
1744878998119476.0,-5624.48,2628.15,1.02729,1.63304,1.7628,0.129762,60.0
1744878998140102.0,-5624.48,2628.15,1.02729,1.63304,1.74496,0.11192,60.0
1744878998160598.0,-5624.48,2630.88,1.02842,1.7628,1.61112,-0.151684,60.0
1744878998181292.0,-5624.48,2630.88,1.02842,1.7628,1.84963,0.0868264,60.0
1744878998201840.0,-5624.91,2634.3,1.0302,1.61112,1.74674,0.135623,60.0
1744878998222255.0,-5624.91,2634.3,1.0302,1.61112,1.56084,-0.0502774,60.0
1744878998243338.0,-5624.91,2634.3,1.0302,1.61112,1.72166,0.11054,60.0
1744878998263863.0,-5624.9,2637.03,1.03132,1.56084,1.71844,0.157601,60.0
1744878998284650.0,-5624.9,2637.03,1.03132,1.56084,1.50013,-0.0607094,60.0
1744878998305462.0,-5625.33,2640.45,1.03311,1.71844,1.69663,-0.0218091,60.0
1744878998326080.0,-5625.33,2640.45,1.03311,1.71844,1.73494,0.0164948,60.0
1744878998346728.0,-5625.33,2643.18,1.03424,1.69663,1.54198,-0.154655,60.0
1744878998367351.0,-5625.33,2643.18,1.03424,1.69663,1.72853,0.031902,60.0
1744878998388079.0,-5625.33,2643.18,1.03424,1.69663,1.65195,-0.0446777,60.0
1744878998409025.0,-5625.75,2645.91,1.03574,1.72853,1.61852,-0.11001,60.0
1744878998429799.0,-5625.75,2645.91,1.03574,1.72853,1.634,-0.0945393,60.0
1744878998450535.0,-5626.17,2649.33,1.03753,1.61852,1.77007,0.151541,60.0
1744878998471125.0,-5626.17,2649.33,1.03753,1.61852,1.63875,0.0202244,60.0
1744878998491756.0,-5626.17,2649.33,1.03753,1.61852,1.67146,0.0529321,60.0
1744878998512230.0,-5626.17,2652.06,1.03867,1.63875,1.5929,-0.0458506,60.0
1744878998533193.0,-5626.17,2652.06,1.03867,1.63875,1.60801,-0.0307341,60.0
1744878998553753.0,-5626.59,2654.79,1.04017,1.5929,1.73,0.1371,60.0
1744878998574547.0,-5626.59,2654.79,1.04017,1.5929,1.72311,0.130215,60.0
1744878998595147.0,-5626.59,2654.79,1.04017,1.5929,1.74727,0.154373,60.0
1744878998615830.0,-5626.59,2658.21,1.04159,1.72311,1.69575,-0.0273682,60.0
1744878998636391.0,-5626.59,2658.21,1.04159,1.72311,1.5808,-0.142318,60.0
1744878998657116.0,-5627.01,2660.94,1.04311,1.69575,1.68536,-0.0103839,60.0
1744878998677810.0,-5627.01,2660.94,1.04311,1.69575,1.76953,0.0737834,60.0
1744878998698491.0,-5627.01,2660.94,1.04311,1.69575,1.55863,-0.137118,60.0
1744878998719334.0,-5627.44,2664.36,1.0449,1.76953,1.69909,-0.0704441,60.0
1744878998740079.0,-5627.44,2664.36,1.0449,1.76953,1.82759,0.0580562,60.0
1744878998760789.0,-5627.44,2667.09,1.04604,1.69909,1.7183,0.0192122,60.0
1744878998781538.0,-5627.44,2667.09,1.04604,1.69909,1.76229,0.0632057,60.0
1744878998802250.0,-5627.86,2669.82,1.04756,1.7183,1.74439,0.0260969,60.0
1744878998823064.0,-5627.86,2669.82,1.04756,1.7183,1.73414,0.0158463,60.0
1744878998843800.0,-5627.86,2669.82,1.04756,1.7183,1.70243,-0.0158697,60.0
1744878998869568.0,-5628.28,2673.24,1.04936,1.73414,1.77024,0.0360924,60.0
1744878998890292.0,-5628.28,2673.24,1.04936,1.73414,1.74115,0.00700567,60.0
1744878998910935.0,-5628.28,2675.97,1.0505,1.77024,1.65234,-0.117896,60.0
1744878998931975.0,-5628.28,2675.97,1.0505,1.77024,1.68692,-0.0833142,60.0
1744878998952611.0,-5628.28,2675.97,1.0505,1.77024,1.73532,-0.0349205,60.0
1744878998973344.0,-5628.7,2678.71,1.05202,1.68692,1.73553,0.0486068,60.0
1744878998994206.0,-5628.7,2678.71,1.05202,1.68692,1.75703,0.0701059,60.0
1744878999014936.0,-5629.13,2682.12,1.05383,1.73553,1.80383,0.068306,60.0
1744878999035869.0,-5629.13,2682.12,1.05383,1.73553,1.71964,-0.0158911,60.0
1744878999056691.0,-5629.55,2684.85,1.05535,1.80383,1.64409,-0.15974,60.0
1744878999077157.0,-5629.55,2684.85,1.05535,1.80383,1.8975,0.0936699,60.0
1744878999097791.0,-5629.55,2684.85,1.05535,1.80383,1.7892,-0.0146305,60.0
1744878999118678.0,-5629.97,2688.27,1.05716,1.8975,1.82348,-0.0740242,60.0
1744878999139786.0,-5629.97,2688.27,1.05716,1.8975,1.77481,-0.122697,60.0
1744878999160865.0,-5630.39,2691.0,1.05869,1.82348,1.67862,-0.144861,60.0
1744878999181484.0,-5630.39,2691.0,1.05869,1.82348,1.74368,-0.0797964,60.0
1744878999202316.0,-5630.39,2691.0,1.05869,1.82348,1.70235,-0.121133,60.0
1744878999223026.0,-5630.39,2693.74,1.05984,1.74368,1.62697,-0.116711,60.0
1744878999243606.0,-5630.39,2693.74,1.05984,1.74368,1.81812,0.0744356,60.0
1744878999264289.0,-5630.81,2697.15,1.06165,1.62697,1.63659,0.00961512,60.0
1744878999285155.0,-5630.81,2697.15,1.06165,1.62697,1.77634,0.149363,60.0
1744878999305605.0,-5630.81,2697.15,1.06165,1.62697,1.66802,0.0410487,60.0
1744878999326370.0,-5631.24,2699.89,1.06318,1.77634,1.9096,0.133262,60.0
1744878999347191.0,-5631.24,2699.89,1.06318,1.77634,1.78421,0.00787589,60.0
1744878999367734.0,-5631.66,2702.62,1.06471,1.9096,1.82592,-0.083674,60.0
1744878999388381.0,-5631.66,2702.62,1.06471,1.9096,1.7827,-0.126894,60.0
1744878999408944.0,-5631.66,2702.62,1.06471,1.9096,1.82352,-0.0860743,60.0
1744878999429981.0,-5632.08,2706.03,1.06653,1.7827,1.62018,-0.16252,60.0
1744878999450938.0,-5632.08,2706.03,1.06653,1.7827,1.63157,-0.151133,60.0
1744878999471710.0,-5632.51,2708.77,1.06806,1.62018,1.6715,0.0513193,60.0
1744878999492216.0,-5632.51,2708.77,1.06806,1.62018,1.72278,0.102593,60.0
1744878999512946.0,-5632.93,2711.5,1.0696,1.6715,1.71634,0.0448379,60.0
1744878999534015.0,-5632.93,2711.5,1.0696,1.6715,1.77694,0.105437,60.0
1744878999554737.0,-5632.93,2711.5,1.0696,1.6715,1.60398,-0.0675271,60.0
1744878999575366.0,-5633.35,2714.92,1.07142,1.77694,1.8222,0.0452582,60.0
1744878999595936.0,-5633.35,2714.92,1.07142,1.77694,1.623,-0.153938,60.0
1744878999616796.0,-5633.77,2717.65,1.07296,1.8222,1.77006,-0.0521339,60.0
1744878999637495.0,-5633.77,2717.65,1.07296,1.8222,1.77098,-0.0512146,60.0
1744878999658277.0,-5633.77,2717.65,1.07296,1.8222,1.77008,-0.0521145,60.0
1744878999678901.0,-5634.2,2720.38,1.0745,1.77098,1.66232,-0.108668,60.0
1744878999699658.0,-5634.2,2720.38,1.0745,1.77098,1.85671,0.0857299,60.0
1744878999720413.0,-5634.62,2723.8,1.07633,1.66232,1.66788,0.00556428,60.0
1744878999741249.0,-5634.62,2723.8,1.07633,1.66232,1.70078,0.0384678,60.0
1744878999761989.0,-5634.62,2723.8,1.07633,1.66232,1.65625,-0.00606844,60.0
1744878999782895.0,-5635.04,2726.53,1.07787,1.70078,1.7027,0.00191582,60.0
1744878999803686.0,-5635.04,2726.53,1.07787,1.70078,1.56717,-0.133614,60.0
1744878999824479.0,-5635.46,2729.26,1.07941,1.7027,1.57723,-0.125471,60.0
1744878999845133.0,-5635.46,2729.26,1.07941,1.7027,1.62284,-0.0798567,60.0
1744878999865609.0,-5635.46,2729.26,1.07941,1.7027,1.64595,-0.0567525,60.0
1744878999886248.0,-5635.89,2732.68,1.08124,1.62284,1.48339,-0.139453,60.0
1744878999906893.0,-5635.89,2732.68,1.08124,1.62284,1.73939,0.116543,60.0
1744878999927636.0,-5636.31,2735.41,1.08279,1.48339,1.63374,0.150351,60.0
1744878999948626.0,-5636.31,2735.41,1.08279,1.48339,1.54616,0.0627744,60.0
1744878999969401.0,-5636.73,2738.14,1.08433,1.63374,1.64667,0.0129277,60.0
1744878999990205.0,-5636.73,2738.14,1.08433,1.63374,1.74776,0.11402,60.0
1744879000010899.0,-5636.73,2738.14,1.08433,1.63374,1.77555,0.14181,60.0
1744879000031829.0,-5637.15,2741.56,1.08617,1.74776,1.6026,-0.145164,60.0
1744879000053775.0,-5637.15,2741.56,1.08617,1.74776,1.7495,0.00173816,60.0
1744879000074329.0,-5637.58,2744.29,1.08772,1.6026,1.58656,-0.0160405,60.0
1744879000095100.0,-5637.58,2744.29,1.08772,1.6026,1.52601,-0.0765885,60.0
1744879000115749.0,-5637.58,2744.29,1.08772,1.6026,1.70868,0.106081,60.0
1744879000136201.0,-5638.0,2747.71,1.08956,1.52601,1.65699,0.13098,60.0
1744879000157000.0,-5638.0,2747.71,1.08956,1.52601,1.59472,0.0687077,60.0
1744879000177303.0,-5638.42,2750.44,1.09111,1.65699,1.71179,0.0548031,60.0
1744879000197992.0,-5638.42,2750.44,1.09111,1.65699,1.62298,-0.0340049,60.0
1744879000219084.0,-5638.42,2750.44,1.09111,1.65699,1.70726,0.0502748,60.0
1744879000239595.0,-5638.84,2753.17,1.09266,1.62298,1.58677,-0.0362171,60.0
1744879000260232.0,-5638.84,2753.17,1.09266,1.62298,1.67343,0.0504482,60.0
1744879000281163.0,-5638.84,2756.59,1.09414,1.58677,1.53348,-0.0532874,60.0
1744879000301928.0,-5638.84,2756.59,1.09414,1.58677,1.57513,-0.0116343,60.0
1744879000322504.0,-5638.84,2756.59,1.09414,1.58677,1.57649,-0.0102805,60.0
1744879000343291.0,-5639.26,2759.32,1.09569,1.57513,1.71346,0.138327,60.0
1744879000363972.0,-5639.26,2759.32,1.09569,1.57513,1.66723,0.0920989,60.0
1744879000384552.0,-5639.69,2762.06,1.09725,1.71346,1.70568,-0.00778043,60.0
1744879000405447.0,-5639.69,2762.06,1.09725,1.71346,1.63582,-0.077643,60.0
1744879000425885.0,-5640.11,2765.47,1.0991,1.70568,1.85712,0.151439,60.0
1744879000446825.0,-5640.11,2765.47,1.0991,1.70568,1.66166,-0.0440164,60.0
1744879000467604.0,-5640.11,2765.47,1.0991,1.70568,1.59392,-0.111763,60.0
1744879000488519.0,-5640.11,2768.2,1.10028,1.66166,1.75574,0.0940773,60.0
1744879000509331.0,-5640.11,2768.2,1.10028,1.66166,1.7662,0.104538,60.0
1744879000530077.0,-5640.53,2770.94,1.10184,1.75574,1.66239,-0.0933462,60.0
1744879000550887.0,-5640.53,2770.94,1.10184,1.75574,1.87169,0.115953,60.0
1744879000571411.0,-5640.53,2770.94,1.10184,1.75574,1.7288,-0.026941,60.0
1744879000592128.0,-5640.95,2774.35,1.1037,1.87169,1.74102,-0.130677,60.0
1744879000612811.0,-5640.95,2774.35,1.1037,1.87169,1.78994,-0.081758,60.0
1744879000633591.0,-5641.38,2777.09,1.10526,1.74102,1.71905,-0.021966,60.0
1744879000654331.0,-5641.38,2777.09,1.10526,1.74102,1.76872,0.0277068,60.0
1744879000675050.0,-5641.38,2777.09,1.10526,1.74102,1.65278,-0.0882398,60.0
1744879000695758.0,-5641.8,2780.5,1.10712,1.76872,1.72641,-0.0423081,60.0
1744879000716851.0,-5641.8,2780.5,1.10712,1.76872,1.85314,0.0844129,60.0
1744879000737368.0,-5641.8,2783.23,1.10831,1.72641,1.61691,-0.109506,60.0
1744879000758405.0,-5641.8,2783.23,1.10831,1.72641,1.71456,-0.0118567,60.0
1744879000778899.0,-5642.22,2785.97,1.10987,1.61691,1.51307,-0.103836,60.0
1744879000799605.0,-5642.22,2785.97,1.10987,1.61691,1.72804,0.111136,60.0
1744879000820241.0,-5642.22,2785.97,1.10987,1.61691,1.55098,-0.0659321,60.0
1744879000841190.0,-5642.64,2789.38,1.11174,1.72804,1.71655,-0.0114948,60.0
1744879000861934.0,-5642.64,2789.38,1.11174,1.72804,1.7951,0.0670582,60.0
1744879000882422.0,-5643.07,2792.12,1.11331,1.71655,1.6889,-0.027653,60.0
1744879000903270.0,-5643.07,2792.12,1.11331,1.71655,1.74898,0.032431,60.0
1744879000924002.0,-5643.07,2792.12,1.11331,1.71655,1.62998,-0.0865676,60.0
1744879000944727.0,-5643.49,2794.85,1.11488,1.74898,1.65555,-0.093436,60.0
1744879000965541.0,-5643.49,2794.85,1.11488,1.74898,1.63712,-0.111858,60.0
1744879000986194.0,-5643.91,2798.27,1.11675,1.65555,1.67959,0.0240468,60.0
1744879001006998.0,-5643.91,2798.27,1.11675,1.65555,1.65895,0.00340423,60.0
1744879001027495.0,-5643.91,2798.27,1.11675,1.65555,1.66572,0.0101705,60.0
1744879001048234.0,-5644.33,2801.0,1.11832,1.65895,1.71772,0.0587746,60.0
1744879001068976.0,-5644.33,2801.0,1.11832,1.65895,1.63657,-0.0223751,60.0
1744879001089544.0,-5644.76,2803.73,1.1199,1.71772,1.66152,-0.0562003,60.0
1744879001110381.0,-5644.76,2803.73,1.1199,1.71772,1.6728,-0.0449234,60.0
1744879001131086.0,-5644.76,2803.73,1.1199,1.71772,1.82523,0.107502,60.0
1744879001151991.0,-5645.18,2807.15,1.12177,1.6728,1.7276,0.0548019,60.0
1744879001172324.0,-5645.18,2807.15,1.12177,1.6728,1.61565,-0.0571534,60.0
1744879001193162.0,-5645.18,2809.88,1.12297,1.7276,1.87572,0.148118,60.0
1744879001213843.0,-5645.18,2809.88,1.12297,1.7276,1.58526,-0.142339,60.0
1744879001234667.0,-5645.6,2812.61,1.12455,1.87572,1.71816,-0.157563,60.0
1744879001255305.0,-5645.6,2812.61,1.12455,1.87572,1.78025,-0.0954659,60.0
1744879001275948.0,-5645.6,2812.61,1.12455,1.87572,1.80645,-0.0692709,60.0
1744879001296767.0,-5646.02,2816.03,1.12643,1.78025,1.70296,-0.0772986,60.0
1744879001317529.0,-5646.02,2816.03,1.12643,1.78025,1.88207,0.101812,60.0
1744879001338019.0,-5646.45,2818.76,1.12801,1.70296,1.6597,-0.0432597,60.0
1744879001358698.0,-5646.45,2818.76,1.12801,1.70296,1.55961,-0.14335,60.0
1744879001379486.0,-5646.45,2818.76,1.12801,1.70296,1.6494,-0.0535592,60.0
1744879001400263.0,-5646.87,2822.18,1.12989,1.55961,1.63877,0.0791612,60.0
1744879001420898.0,-5646.87,2822.18,1.12989,1.55961,1.64644,0.0868316,60.0
1744879001441554.0,-5647.29,2824.91,1.13147,1.63877,1.48846,-0.15031,60.0
1744879001462369.0,-5647.29,2824.91,1.13147,1.63877,1.57067,-0.0680954,60.0
1744879001483162.0,-5647.29,2824.91,1.13147,1.63877,1.76497,0.126205,60.0
1744879001503878.0,-5647.71,2827.64,1.13306,1.57067,1.68634,0.115673,60.0
1744879001524421.0,-5647.71,2827.64,1.13306,1.57067,1.65468,0.0840122,60.0
1744879001544990.0,-5648.14,2831.06,1.13495,1.68634,1.68143,-0.00491108,60.0
1744879001565625.0,-5648.14,2831.06,1.13495,1.68634,1.6092,-0.077143,60.0
1744879001586263.0,-5648.14,2831.06,1.13495,1.68634,1.7226,0.0362553,60.0
1744879001606930.0,-5648.56,2833.79,1.13653,1.6092,1.6464,0.0372018,60.0
1744879001627908.0,-5648.56,2833.79,1.13653,1.6092,1.65838,0.049181,60.0
1744879001648582.0,-5648.56,2836.52,1.13775,1.6464,1.61261,-0.0337946,60.0
1744879001668853.0,-5648.56,2836.52,1.13775,1.6464,1.55789,-0.0885152,60.0
1744879001689674.0,-5648.56,2836.52,1.13775,1.6464,1.62531,-0.0210982,60.0
1744879001710206.0,-5648.98,2839.94,1.13964,1.55789,1.63935,0.0814598,60.0
1744879001730839.0,-5648.98,2839.94,1.13964,1.55789,1.46975,-0.0881426,60.0
1744879001751625.0,-5649.4,2842.67,1.14123,1.63935,1.53401,-0.105342,60.0
1744879001772148.0,-5649.4,2842.67,1.14123,1.63935,1.51221,-0.127138,60.0
1744879001792854.0,-5649.82,2845.41,1.14282,1.53401,1.69744,0.163429,60.0
1744879001813457.0,-5649.82,2845.41,1.14282,1.53401,1.60935,0.0753445,60.0
1744879001834138.0,-5649.82,2845.41,1.14282,1.53401,1.53987,0.00585943,60.0
1744879001855310.0,-5649.82,2848.82,1.14434,1.60935,1.64895,0.0395947,60.0
1744879001875918.0,-5649.82,2848.82,1.14434,1.60935,1.64259,0.0332393,60.0
1744879001896716.0,-5650.25,2851.55,1.14594,1.64895,1.77409,0.125149,60.0
1744879001917616.0,-5650.25,2851.55,1.14594,1.64895,1.64177,-0.0071714,60.0
1744879001938483.0,-5650.25,2851.55,1.14594,1.64895,1.6556,0.00665517,60.0
1744879001959215.0,-5650.67,2854.97,1.14784,1.64177,1.73029,0.0885185,60.0
1744879001979956.0,-5650.67,2854.97,1.14784,1.64177,1.53946,-0.102319,60.0
1744879002000840.0,-5650.67,2857.7,1.14906,1.73029,1.78587,0.0555734,60.0
1744879002021743.0,-5650.67,2857.7,1.14906,1.73029,1.67311,-0.0571798,60.0
1744879002042705.0,-5650.67,2857.7,1.14906,1.73029,1.63318,-0.0971172,60.0
1744879002063289.0,-5651.09,2860.44,1.15066,1.67311,1.67269,-0.000423633,60.0
1744879002083676.0,-5651.09,2860.44,1.15066,1.67311,1.53395,-0.139165,60.0
1744879002104553.0,-5651.51,2863.85,1.15256,1.67269,1.57658,-0.0961118,60.0
1744879002125241.0,-5651.51,2863.85,1.15256,1.67269,1.58565,-0.0870361,60.0
1744879002145990.0,-5651.51,2863.85,1.15256,1.67269,1.80703,0.13434,60.0
1744879002166766.0,-5651.51,2866.58,1.15379,1.58565,1.57747,-0.00818285,60.0
1744879002187399.0,-5651.51,2866.58,1.15379,1.58565,1.58733,0.00167802,60.0
1744879002208305.0,-5651.93,2869.32,1.15539,1.57747,1.56878,-0.00869259,60.0
1744879002229526.0,-5651.93,2869.32,1.15539,1.57747,1.7325,0.15503,60.0
1744879002250259.0,-5652.36,2872.73,1.1573,1.56878,1.70179,0.133012,60.0
1744879002270686.0,-5652.36,2872.73,1.1573,1.56878,1.642,0.0732208,60.0
1744879002291723.0,-5652.36,2872.73,1.1573,1.56878,1.432,-0.136782,60.0
1744879002312184.0,-5652.36,2875.47,1.15853,1.642,1.78618,0.144186,60.0
1744879002332870.0,-5652.36,2875.47,1.15853,1.642,1.73128,0.0892864,60.0
1744879002353992.0,-5652.78,2878.88,1.16044,1.78618,1.65681,-0.129375,60.0
1744879002374720.0,-5652.78,2878.88,1.16044,1.78618,1.66517,-0.121014,60.0
1744879002395586.0,-5652.78,2878.88,1.16044,1.78618,1.73712,-0.0490676,60.0
1744879002416266.0,-5653.2,2881.62,1.16205,1.66517,1.65409,-0.0110824,60.0
1744879002436833.0,-5653.2,2881.62,1.16205,1.66517,1.65911,-0.0060655,60.0
1744879002457771.0,-5653.2,2884.35,1.16328,1.65409,1.54727,-0.106822,60.0
1744879002478423.0,-5653.2,2884.35,1.16328,1.65409,1.55809,-0.0959973,60.0
1744879002499020.0,-5653.2,2884.35,1.16328,1.65409,1.73103,0.0769432,60.0
1744879002519747.0,-5653.62,2887.76,1.1652,1.55809,1.64064,0.0825522,60.0
1744879002540607.0,-5653.62,2887.76,1.1652,1.55809,1.63595,0.0778622,60.0
1744879002561266.0,-5653.62,2890.5,1.16644,1.64064,1.72981,0.0891705,60.0
1744879002582013.0,-5653.62,2890.5,1.16644,1.64064,1.66957,0.028931,60.0
1744879002602696.0,-5654.04,2893.23,1.16805,1.72981,1.83673,0.106913,60.0
1744879002623713.0,-5654.04,2893.23,1.16805,1.72981,1.80261,0.0727916,60.0
1744879002644342.0,-5654.04,2893.23,1.16805,1.72981,1.74262,0.0128098,60.0
1744879002664805.0,-5654.47,2896.65,1.16997,1.80261,1.80099,-0.00161329,60.0
1744879002685450.0,-5654.47,2896.65,1.16997,1.80261,1.70677,-0.0958318,60.0
1744879002706125.0,-5654.46,2899.38,1.17121,1.80099,1.90036,0.0993672,60.0
1744879002726721.0,-5654.46,2899.38,1.17121,1.80099,1.81412,0.0131301,60.0
1744879002747826.0,-5654.46,2899.38,1.17121,1.80099,1.84239,0.0413937,60.0
1744879002768577.0,-5654.89,2902.79,1.17314,1.81412,1.9243,0.110176,60.0
1744879002789272.0,-5654.89,2902.79,1.17314,1.81412,1.76688,-0.0472457,60.0
1744879002810021.0,-5655.31,2905.53,1.17476,1.9243,1.86841,-0.0558909,60.0
1744879002830619.0,-5655.31,2905.53,1.17476,1.9243,1.80207,-0.122231,60.0
1744879002851247.0,-5655.31,2905.53,1.17476,1.9243,1.79597,-0.128325,60.0
1744879002872034.0,-5655.73,2908.26,1.17638,1.80207,1.84212,0.0400517,60.0
1744879002892721.0,-5655.73,2908.26,1.17638,1.80207,1.74107,-0.0609984,60.0
1744879002913402.0,-5656.15,2911.68,1.17831,1.84212,1.92905,0.0869355,60.0
1744879002934196.0,-5656.15,2911.68,1.17831,1.84212,1.76743,-0.0746834,60.0
1744879002954934.0,-5656.15,2911.68,1.17831,1.84212,1.76155,-0.0805696,60.0
1744879002975905.0,-5656.58,2914.41,1.17993,1.76743,1.9172,0.149764,60.0
1744879002996513.0,-5656.58,2914.41,1.17993,1.76743,1.6695,-0.0979306,60.0
1744879003017267.0,-5657.0,2917.14,1.18155,1.9172,1.76736,-0.149842,60.0
1744879003038259.0,-5657.0,2917.14,1.18155,1.9172,1.7772,-0.139997,60.0
1744879003058780.0,-5657.42,2920.56,1.18349,1.76736,1.79332,0.0259661,60.0
1744879003079496.0,-5657.42,2920.56,1.18349,1.76736,1.67175,-0.095607,60.0
1744879003100630.0,-5657.42,2920.56,1.18349,1.76736,1.65134,-0.116013,60.0
1744879003121400.0,-5657.84,2923.29,1.18511,1.67175,1.79255,0.120796,60.0
1744879003142122.0,-5657.84,2923.29,1.18511,1.67175,1.66402,-0.0077303,60.0
1744879003162962.0,-5658.27,2926.02,1.18674,1.79255,1.81891,0.0263667,60.0
1744879003183700.0,-5658.27,2926.02,1.18674,1.79255,1.67232,-0.120228,60.0
1744879003204509.0,-5658.27,2926.02,1.18674,1.79255,1.77794,-0.0146018,60.0
1744879003225239.0,-5658.69,2929.44,1.18868,1.67232,1.64523,-0.0270899,60.0
1744879003246020.0,-5658.69,2929.44,1.18868,1.67232,1.74963,0.0773124,60.0
1744879003266740.0,-5659.11,2932.17,1.19031,1.64523,1.53934,-0.105887,60.0
1744879003287547.0,-5659.11,2932.17,1.19031,1.64523,1.66809,0.0228633,60.0
1744879003308227.0,-5659.11,2932.17,1.19031,1.64523,1.49629,-0.148936,60.0
1744879003329025.0,-5659.53,2934.9,1.19194,1.66809,1.78249,0.114404,60.0
1744879003349464.0,-5659.53,2934.9,1.19194,1.66809,1.6567,-0.0113902,60.0
1744879003370203.0,-5659.96,2938.32,1.19389,1.78249,1.67381,-0.108688,60.0
1744879003391157.0,-5659.96,2938.32,1.19389,1.78249,1.74431,-0.0381825,60.0
1744879003411962.0,-5659.96,2938.32,1.19389,1.78249,1.79074,0.00824953,60.0
1744879003432814.0,-5660.38,2941.05,1.19552,1.74431,1.8608,0.11649,60.0
1744879003453698.0,-5660.38,2941.05,1.19552,1.74431,1.63797,-0.10634,60.0
1744879003474612.0,-5660.8,2943.79,1.19716,1.8608,1.7915,-0.069305,60.0
1744879003495192.0,-5660.8,2943.79,1.19716,1.8608,1.74705,-0.113751,60.0
1744879003515967.0,-5661.22,2947.2,1.19911,1.7915,1.7192,-0.0722962,60.0
1744879003536666.0,-5661.22,2947.2,1.19911,1.7915,1.7651,-0.0264003,60.0
1744879003557750.0,-5661.22,2947.2,1.19911,1.7915,1.67136,-0.12014,60.0
1744879003578512.0,-5661.65,2949.93,1.20075,1.7651,1.8399,0.0748076,60.0
1744879003599095.0,-5661.65,2949.93,1.20075,1.7651,1.80975,0.0446524,60.0
1744879003619728.0,-5662.07,2952.67,1.20238,1.8399,1.77497,-0.0649308,60.0
1744879003640103.0,-5662.07,2952.67,1.20238,1.8399,1.80539,-0.0345161,60.0
1744879003660906.0,-5662.07,2952.67,1.20238,1.8399,1.81059,-0.029312,60.0
1744879003681565.0,-5662.49,2956.08,1.20434,1.80539,1.80318,-0.00221173,60.0
1744879003702386.0,-5662.49,2956.08,1.20434,1.80539,1.75789,-0.0475026,60.0
1744879003722895.0,-5662.91,2958.82,1.20598,1.80318,1.64198,-0.161201,60.0
1744879003743569.0,-5662.91,2958.82,1.20598,1.80318,1.72951,-0.0736622,60.0
1744879003764280.0,-5662.91,2958.82,1.20598,1.80318,1.65618,-0.146993,60.0
1744879003785077.0,-5663.76,2961.55,1.208,1.72951,1.70246,-0.0270563,60.0
1744879003805715.0,-5663.76,2961.55,1.208,1.72951,1.74911,0.0195941,60.0
1744879003826261.0,-5664.18,2964.97,1.20996,1.70246,1.73619,0.03373,60.0
1744879003854151.0,-5664.18,2964.97,1.20996,1.70246,1.62759,-0.0748706,60.0
1744879003875034.0,-5664.61,2967.7,1.21161,1.73619,1.68169,-0.054496,60.0
1744879003895714.0,-5664.61,2967.7,1.21161,1.73619,1.68296,-0.0532271,60.0
1744879003916482.0,-5664.61,2967.7,1.21161,1.73619,1.59061,-0.145577,60.0
1744879003937187.0,-5665.03,2970.43,1.21325,1.68296,1.69118,0.00821858,60.0
1744879003958347.0,-5665.03,2970.43,1.21325,1.68296,1.79254,0.109583,60.0
1744879003979473.0,-5665.45,2973.85,1.21522,1.69118,1.7508,0.0596189,60.0
1744879004000141.0,-5665.45,2973.85,1.21522,1.69118,1.84467,0.153487,60.0
1744879004020807.0,-5665.87,2976.58,1.21687,1.7508,1.78786,0.0370602,60.0
1744879004041562.0,-5665.87,2976.58,1.21687,1.7508,1.70518,-0.0456237,60.0
1744879004062191.0,-5665.87,2976.58,1.21687,1.7508,1.77176,0.0209597,60.0
1744879004083009.0,-5666.72,2979.31,1.2189,1.70518,1.60218,-0.102994,60.0
1744879004103534.0,-5666.72,2979.31,1.2189,1.70518,1.66228,-0.0428918,60.0
1744879004124181.0,-5667.14,2982.73,1.22087,1.60218,1.72477,0.122585,60.0
1744879004145002.0,-5667.14,2982.73,1.22087,1.60218,1.68471,0.0825318,60.0
1744879004165851.0,-5667.14,2982.73,1.22087,1.60218,1.60674,0.0045553,60.0
1744879004186569.0,-5667.56,2985.46,1.22252,1.68471,1.65267,-0.0320445,60.0
1744879004207197.0,-5667.56,2985.46,1.22252,1.68471,1.70063,0.0159192,60.0
1744879004228023.0,-5667.99,2988.19,1.22417,1.65267,1.72668,0.0740134,60.0
1744879004248914.0,-5667.99,2988.19,1.22417,1.65267,1.62913,-0.0235417,60.0
1744879004269833.0,-5667.99,2988.19,1.22417,1.65267,1.50267,-0.15,60.0
1744879004290503.0,-5668.41,2991.61,1.22615,1.62913,1.74907,0.119942,60.0
1744879004311121.0,-5668.41,2991.61,1.22615,1.62913,1.51072,-0.118406,60.0
1744879004331844.0,-5668.83,2994.34,1.2278,1.74907,1.80599,0.0569233,60.0
1744879004352426.0,-5668.83,2994.34,1.2278,1.74907,1.85728,0.108211,60.0
1744879004373117.0,-5668.83,2994.34,1.2278,1.74907,1.7145,-0.0345714,60.0
1744879004393843.0,-5669.25,2997.08,1.22946,1.85728,1.75283,-0.10445,60.0
1744879004414546.0,-5669.25,2997.08,1.22946,1.85728,1.86836,0.0110786,60.0
1744879004435471.0,-5669.68,3000.49,1.23144,1.75283,1.58933,-0.163498,60.0
1744879004456351.0,-5669.68,3000.49,1.23144,1.75283,1.70689,-0.0459388,60.0
1744879004477114.0,-5670.1,3003.23,1.2331,1.58933,1.61049,0.0211632,60.0
1744879004497965.0,-5670.1,3003.23,1.2331,1.58933,1.61954,0.0302046,60.0
1744879004518771.0,-5670.1,3003.23,1.2331,1.58933,1.62004,0.0307087,60.0
1744879004539234.0,-5670.52,3005.96,1.23477,1.61954,1.53881,-0.0807301,60.0
1744879004560150.0,-5670.52,3005.96,1.23477,1.61954,1.60438,-0.0151511,60.0
1744879004580777.0,-5670.94,3009.37,1.23675,1.53881,1.61229,0.0734841,60.0
1744879004601530.0,-5670.94,3009.37,1.23675,1.53881,1.49343,-0.0453748,60.0
1744879004622380.0,-5670.94,3009.37,1.23675,1.53881,1.69326,0.154458,60.0
1744879004643141.0,-5671.37,3012.11,1.23841,1.49343,1.58923,0.0958037,60.0
1744879004663813.0,-5671.37,3012.11,1.23841,1.49343,1.65573,0.162301,60.0
1744879004684469.0,-5671.79,3015.52,1.2404,1.58923,1.61198,0.0227494,60.0
1744879004704899.0,-5671.79,3015.52,1.2404,1.58923,1.64473,0.0554941,60.0
1744879004726149.0,-5671.79,3015.52,1.2404,1.58923,1.62623,0.0369969,60.0
1744879004746894.0,-5672.21,3018.26,1.24207,1.64473,1.628,-0.0167294,60.0
1744879004767300.0,-5672.21,3018.26,1.24207,1.64473,1.79158,0.146849,60.0
1744879004788220.0,-5672.63,3020.99,1.24374,1.628,1.7286,0.100598,60.0
1744879004808932.0,-5672.63,3020.99,1.24374,1.628,1.74208,0.114084,60.0
1744879004829651.0,-5672.63,3024.4,1.24535,1.7286,1.70429,-0.0243032,60.0
1744879004850392.0,-5672.63,3024.4,1.24535,1.7286,1.82947,0.100871,60.0
1744879004871163.0,-5672.63,3024.4,1.24535,1.7286,1.6222,-0.106394,60.0
1744879004891636.0,-5673.05,3027.14,1.24703,1.82947,1.77179,-0.057675,60.0
1744879004912327.0,-5673.05,3027.14,1.24703,1.82947,1.77327,-0.0561966,60.0
1744879004933062.0,-5673.48,3029.87,1.2487,1.77179,1.69559,-0.0762039,60.0
1744879004954301.0,-5673.48,3029.87,1.2487,1.77179,1.7532,-0.018594,60.0
1744879004975522.0,-5673.48,3029.87,1.2487,1.77179,1.66019,-0.1116,60.0
1744879004996010.0,-5673.9,3033.29,1.2507,1.7532,1.61085,-0.142345,60.0
1744879005016826.0,-5673.9,3033.29,1.2507,1.7532,1.81624,0.0630362,60.0
1744879005037061.0,-5674.32,3036.02,1.25237,1.61085,1.53781,-0.0730421,60.0
1744879005057707.0,-5674.32,3036.02,1.25237,1.61085,1.63764,0.0267877,60.0
1744879005078516.0,-5674.32,3036.02,1.25237,1.61085,1.66328,0.0524205,60.0
1744879005099193.0,-5674.74,3038.75,1.25405,1.63764,1.65172,0.0140796,60.0
1744879005119902.0,-5674.74,3038.75,1.25405,1.63764,1.75364,0.115994,60.0
1744879005140726.0,-5675.17,3042.17,1.25605,1.65172,1.80721,0.15549,60.0
1744879005161415.0,-5675.17,3042.17,1.25605,1.65172,1.60926,-0.0424629,60.0
1744879005181790.0,-5675.17,3042.17,1.25605,1.65172,1.75472,0.102995,60.0
1744879005202693.0,-5675.59,3044.9,1.25773,1.60926,1.63693,0.0276664,60.0
1744879005223497.0,-5675.59,3044.9,1.25773,1.60926,1.55043,-0.0588321,60.0
1744879005244209.0,-5675.59,3047.63,1.25903,1.63693,1.65189,0.014962,60.0
1744879005264885.0,-5675.59,3047.63,1.25903,1.63693,1.57224,-0.0646877,60.0
1744879005285388.0,-5676.01,3051.05,1.26104,1.65189,1.52159,-0.1303,60.0
1744879005306092.0,-5676.01,3051.05,1.26104,1.65189,1.69143,0.0395425,60.0
1744879005326752.0,-5676.01,3051.05,1.26104,1.65189,1.74199,0.090104,60.0
1744879005347942.0,-5676.43,3053.78,1.26272,1.69143,1.82081,0.129379,60.0
1744879005368307.0,-5676.43,3053.78,1.26272,1.69143,1.62876,-0.0626695,60.0
1744879005388994.0,-5676.86,3057.2,1.26473,1.82081,1.753,-0.0678145,60.0
1744879005409624.0,-5676.86,3057.2,1.26473,1.82081,1.95516,0.134354,60.0
1744879005430392.0,-5676.86,3057.2,1.26473,1.82081,1.66199,-0.158821,60.0
1744879005451565.0,-5677.28,3059.93,1.26642,1.95516,1.82486,-0.130302,60.0
1744879005472298.0,-5677.28,3059.93,1.26642,1.95516,1.80246,-0.152707,60.0
1744879005492964.0,-5677.7,3062.66,1.2681,1.82486,1.95174,0.12688,60.0
1744879005513646.0,-5677.7,3062.66,1.2681,1.82486,1.72319,-0.101672,60.0
1744879005534353.0,-5677.7,3062.66,1.2681,1.82486,1.7036,-0.121257,60.0
1744879005555302.0,-5678.12,3066.08,1.27012,1.72319,1.86326,0.140068,60.0
1744879005575969.0,-5678.12,3066.08,1.27012,1.72319,1.67921,-0.0439805,60.0
1744879005596537.0,-5678.55,3068.81,1.27181,1.86326,1.75858,-0.104678,60.0
1744879005617305.0,-5678.55,3068.81,1.27181,1.86326,1.84764,-0.0156216,60.0
1744879005637860.0,-5678.97,3071.55,1.2735,1.84764,1.91627,0.0686308,60.0
1744879005658576.0,-5678.97,3071.55,1.2735,1.84764,1.76637,-0.0812673,60.0
1744879005679323.0,-5678.97,3071.55,1.2735,1.84764,1.82778,-0.0198518,60.0
1744879005700086.0,-5679.39,3074.96,1.27552,1.76637,1.75296,-0.0134122,60.0
1744879005720939.0,-5679.39,3074.96,1.27552,1.76637,1.69933,-0.0670423,60.0
1744879005741412.0,-5679.81,3077.69,1.27721,1.75296,1.68643,-0.0665303,60.0
1744879005761915.0,-5679.81,3077.69,1.27721,1.75296,1.67521,-0.0777512,60.0
1744879005782563.0,-5679.81,3077.69,1.27721,1.75296,1.61418,-0.138778,60.0
1744879005803182.0,-5680.23,3080.43,1.27891,1.67521,1.73094,0.0557389,60.0
1744879005823996.0,-5680.23,3080.43,1.27891,1.67521,1.69506,0.0198565,60.0
1744879005844641.0,-5680.66,3083.84,1.28093,1.73094,1.57836,-0.152589,60.0
1744879005865195.0,-5680.66,3083.84,1.28093,1.73094,1.74734,0.0163956,60.0
1744879005886031.0,-5680.66,3083.84,1.28093,1.73094,1.59656,-0.134381,60.0
1744879005906960.0,-5681.08,3086.58,1.28263,1.74734,1.7588,0.0114593,60.0
1744879005927509.0,-5681.08,3086.58,1.28263,1.74734,1.90359,0.156252,60.0
1744879005948421.0,-5681.5,3089.31,1.28433,1.7588,1.6797,-0.0790951,60.0
1744879005969307.0,-5681.5,3089.31,1.28433,1.7588,1.7299,-0.0289004,60.0
1744879005989936.0,-5681.5,3089.31,1.28433,1.7588,1.71105,-0.0477512,60.0
1744879006010652.0,-5681.92,3092.72,1.28636,1.7299,1.60172,-0.12818,60.0
1744879006031426.0,-5681.92,3092.72,1.28636,1.7299,1.72331,-0.00659089,60.0
1744879006052067.0,-5682.35,3095.46,1.28806,1.60172,1.76049,0.158773,60.0
1744879006072606.0,-5682.35,3095.46,1.28806,1.60172,1.70246,0.100741,60.0
1744879006093273.0,-5682.35,3095.46,1.28806,1.60172,1.73604,0.134319,60.0
1744879006113973.0,-5682.77,3098.19,1.28976,1.70246,1.571,-0.131463,60.0
1744879006134628.0,-5682.77,3098.19,1.28976,1.70246,1.69194,-0.0105227,60.0
1744879006155340.0,-5683.19,3101.61,1.2918,1.571,1.66386,0.092864,60.0
1744879006176321.0,-5683.19,3101.61,1.2918,1.571,1.63565,0.0646527,60.0
1744879006196980.0,-5683.61,3104.34,1.2935,1.66386,1.81198,0.148116,60.0
1744879006217637.0,-5683.61,3104.34,1.2935,1.66386,1.69402,0.0301555,60.0
1744879006238497.0,-5683.61,3104.34,1.2935,1.66386,1.58262,-0.0812421,60.0
1744879006259355.0,-5684.04,3107.07,1.29521,1.69402,1.56839,-0.125624,60.0
1744879006279927.0,-5684.04,3107.07,1.29521,1.69402,1.71889,0.0248713,60.0
1744879006300555.0,-5684.46,3110.49,1.29725,1.56839,1.53635,-0.0320419,60.0
1744879006321283.0,-5684.46,3110.49,1.29725,1.56839,1.67453,0.106134,60.0
1744879006341905.0,-5684.46,3110.49,1.29725,1.56839,1.55566,-0.0127324,60.0
1744879006362573.0,-5684.88,3113.22,1.29895,1.67453,1.685,0.0104724,60.0
1744879006383223.0,-5684.88,3113.22,1.29895,1.67453,1.80602,0.131492,60.0
1744879006404231.0,-5685.3,3115.95,1.30066,1.685,1.6945,0.00949643,60.0
1744879006424956.0,-5685.3,3115.95,1.30066,1.685,1.55213,-0.132865,60.0
1744879006445772.0,-5685.3,3115.95,1.30066,1.685,1.62397,-0.0610275,60.0
1744879006466497.0,-5685.73,3119.37,1.30271,1.55213,1.6342,0.082069,60.0
1744879006487471.0,-5685.73,3119.37,1.30271,1.55213,1.6272,0.075067,60.0
1744879006508212.0,-5686.15,3122.1,1.30442,1.6342,1.62865,-0.00555157,60.0
1744879006528963.0,-5686.15,3122.1,1.30442,1.6342,1.50685,-0.127349,60.0
1744879006549814.0,-5686.15,3122.1,1.30442,1.6342,1.75378,0.119576,60.0
1744879006570396.0,-5686.57,3125.52,1.30647,1.50685,1.63463,0.127772,60.0
1744879006591451.0,-5686.57,3125.52,1.30647,1.50685,1.61827,0.111412,60.0
1744879006612122.0,-5686.57,3128.25,1.30781,1.63463,1.76273,0.128103,60.0
1744879006632725.0,-5686.57,3128.25,1.30781,1.63463,1.68638,0.0517547,60.0
1744879006653283.0,-5686.99,3130.98,1.30952,1.76273,1.68811,-0.0746156,60.0
1744879006673919.0,-5686.99,3130.98,1.30952,1.76273,1.84608,0.0833546,60.0
1744879006694739.0,-5686.99,3130.98,1.30952,1.76273,1.60804,-0.154689,60.0
1744879006715404.0,-5687.41,3134.4,1.31158,1.84608,1.69016,-0.155927,60.0
1744879006736165.0,-5687.41,3134.4,1.31158,1.84608,1.71004,-0.136047,60.0
1744879006756865.0,-5687.84,3137.13,1.31329,1.69016,1.62734,-0.0628129,60.0
1744879006777484.0,-5687.84,3137.13,1.31329,1.69016,1.63461,-0.0555444,60.0
1744879006798376.0,-5687.84,3137.13,1.31329,1.69016,1.62813,-0.0620215,60.0
1744879006819197.0,-5688.26,3139.87,1.31502,1.63461,1.78072,0.146104,60.0
1744879006839663.0,-5688.26,3139.87,1.31502,1.63461,1.68699,0.0523782,60.0
1744879006860238.0,-5688.68,3143.28,1.31707,1.78072,1.78022,-0.000494091,60.0
1744879006880952.0,-5688.68,3143.28,1.31707,1.78072,1.85396,0.0732432,60.0
1744879006901901.0,-5688.68,3143.28,1.31707,1.78072,1.65776,-0.122958,60.0
1744879006922306.0,-5688.68,3146.01,1.31842,1.85396,1.77237,-0.0815905,60.0
1744879006943121.0,-5688.68,3146.01,1.31842,1.85396,1.73626,-0.117695,60.0
1744879006963986.0,-5689.1,3148.75,1.32014,1.77237,1.65117,-0.121196,60.0
1744879006984953.0,-5689.1,3148.75,1.32014,1.77237,1.62302,-0.14935,60.0
1744879007005288.0,-5689.1,3148.75,1.32014,1.77237,1.66123,-0.111138,60.0
1744879007026023.0,-5689.53,3152.16,1.3222,1.62302,1.68252,0.0595036,60.0
1744879007046913.0,-5689.53,3152.16,1.3222,1.62302,1.64877,0.0257544,60.0
1744879007067241.0,-5689.95,3154.9,1.32393,1.68252,1.7379,0.0553741,60.0
1744879007087833.0,-5689.95,3154.9,1.32393,1.68252,1.55216,-0.130359,60.0
1744879007108825.0,-5690.37,3157.63,1.32566,1.7379,1.58297,-0.154924,60.0
1744879007129603.0,-5690.37,3157.63,1.32566,1.7379,1.61587,-0.122027,60.0
1744879007150707.0,-5690.37,3157.63,1.32566,1.7379,1.81664,0.0787442,60.0
1744879007171325.0,-5690.79,3161.05,1.32773,1.61587,1.45608,-0.159786,60.0
1744879007192388.0,-5690.79,3161.05,1.32773,1.61587,1.57875,-0.0371182,60.0
1744879007213110.0,-5691.22,3163.78,1.32946,1.45608,1.56455,0.108472,60.0
1744879007233755.0,-5691.22,3163.78,1.32946,1.45608,1.34338,-0.112705,60.0
1744879007254612.0,-5691.22,3163.78,1.32946,1.45608,1.4847,0.0286193,60.0
1744879007275204.0,-5691.64,3167.19,1.33153,1.34338,1.37936,0.0359855,60.0
1744879007296098.0,-5691.64,3167.19,1.33153,1.34338,1.43237,0.0889878,60.0
1744879007316512.0,-5692.06,3169.93,1.33326,1.37936,1.4042,0.0248335,60.0
1744879007337248.0,-5692.06,3169.93,1.33326,1.37936,1.47463,0.095267,60.0
1744879007357968.0,-5692.06,3169.93,1.33326,1.37936,1.50292,0.123559,60.0
1744879007378632.0,-5692.06,3172.66,1.33462,1.47463,1.47157,-0.00305642,60.0
1744879007399531.0,-5692.06,3172.66,1.33462,1.47463,1.55075,0.0761214,60.0
1744879007419933.0,-5692.48,3176.08,1.33669,1.47157,1.58879,0.117217,60.0
1744879007440595.0,-5692.48,3176.08,1.33669,1.47157,1.62633,0.15476,60.0
1744879007461889.0,-5692.48,3178.81,1.33805,1.62633,1.59078,-0.0355496,60.0
1744879007482796.0,-5692.48,3178.81,1.33805,1.62633,1.64772,0.021381,60.0
1744879007503610.0,-5692.48,3178.81,1.33805,1.62633,1.70995,0.083616,60.0
1744879007524508.0,-5692.9,3181.54,1.33979,1.64772,1.6263,-0.0214111,60.0
1744879007545312.0,-5692.9,3181.54,1.33979,1.64772,1.61725,-0.0304628,60.0
1744879007565907.0,-5693.33,3184.96,1.34187,1.6263,1.70822,0.081916,60.0
1744879007586420.0,-5693.33,3184.96,1.34187,1.6263,1.68604,0.0597346,60.0
1744879007607265.0,-5693.33,3184.96,1.34187,1.6263,1.5051,-0.121203,60.0
1744879007628174.0,-5693.32,3187.69,1.34323,1.68604,1.63575,-0.0502855,60.0
1744879007649208.0,-5693.32,3187.69,1.34323,1.68604,1.65818,-0.0278621,60.0
1744879007669674.0,-5693.75,3191.11,1.34531,1.63575,1.66138,0.0256315,60.0
1744879007690219.0,-5693.75,3191.11,1.34531,1.63575,1.68307,0.0473152,60.0
1744879007710835.0,-5693.75,3191.11,1.34531,1.63575,1.64212,0.00636478,60.0
1744879007731475.0,-5693.75,3193.84,1.34668,1.68307,1.6506,-0.0324681,60.0
1744879007752530.0,-5693.75,3193.84,1.34668,1.68307,1.6521,-0.0309724,60.0
1744879007773210.0,-5694.17,3196.57,1.34842,1.6506,1.55342,-0.0971763,60.0
1744879007793935.0,-5694.17,3196.57,1.34842,1.6506,1.57262,-0.0779769,60.0
1744879007814496.0,-5694.17,3196.57,1.34842,1.6506,1.72548,0.0748798,60.0
1744879007835410.0,-5694.59,3199.99,1.35051,1.57262,1.48172,-0.0909078,60.0
1744879007855998.0,-5694.59,3199.99,1.35051,1.57262,1.42105,-0.151577,60.0
1744879007876359.0,-5694.59,3202.72,1.35188,1.48172,1.60159,0.119878,60.0
1744879007896942.0,-5694.59,3202.72,1.35188,1.48172,1.49345,0.0117326,60.0
1744879007917899.0,-5695.01,3205.45,1.35363,1.60159,1.54146,-0.0601318,60.0
1744879007938579.0,-5695.01,3205.45,1.35363,1.60159,1.67405,0.0724578,60.0
1744879007959670.0,-5695.01,3205.45,1.35363,1.60159,1.55594,-0.0456514,60.0
1744879007980602.0,-5695.01,3208.87,1.35534,1.67405,1.65689,-0.0171643,60.0
1744879008001273.0,-5695.01,3208.87,1.35534,1.67405,1.77222,0.098171,60.0
1744879008022031.0,-5695.43,3211.6,1.35709,1.65689,1.7405,0.0836133,60.0
1744879008042780.0,-5695.43,3211.6,1.35709,1.65689,1.80391,0.147027,60.0
1744879008063426.0,-5695.43,3211.6,1.35709,1.65689,1.72286,0.0659765,60.0
1744879008084286.0,-5695.43,3215.02,1.35881,1.80391,1.70312,-0.100797,60.0
1744879008104971.0,-5695.43,3215.02,1.35881,1.80391,1.71011,-0.0938055,60.0
1744879008125590.0,-5695.85,3217.75,1.36057,1.70312,1.73016,0.0270447,60.0
1744879008146238.0,-5695.85,3217.75,1.36057,1.70312,1.61558,-0.0875389,60.0
1744879008167037.0,-5695.85,3217.75,1.36057,1.70312,1.76282,0.0597003,60.0
1744879008187716.0,-5695.85,3220.48,1.36194,1.61558,1.67977,0.0641933,60.0
1744879008208342.0,-5695.85,3220.48,1.36194,1.61558,1.58562,-0.0299629,60.0
1744879008229328.0,-5696.28,3223.9,1.36404,1.67977,1.76739,0.0876149,60.0
1744879008250068.0,-5696.28,3223.9,1.36404,1.67977,1.7481,0.0683249,60.0
1744879008270829.0,-5696.28,3223.9,1.36404,1.67977,1.73031,0.0505361,60.0
1744879008291545.0,-5696.7,3226.63,1.3658,1.7481,1.63032,-0.117775,60.0
1744879008312227.0,-5696.7,3226.63,1.3658,1.7481,1.70207,-0.0460284,60.0
1744879008332941.0,-5696.7,3229.36,1.36718,1.63032,1.67031,0.0399922,60.0
1744879008353659.0,-5696.7,3229.36,1.36718,1.63032,1.64332,0.0129935,60.0
1744879008374328.0,-5697.12,3232.78,1.36929,1.67031,1.69621,0.0258982,60.0
1744879008395131.0,-5697.12,3232.78,1.36929,1.67031,1.76213,0.0918143,60.0
1744879008415765.0,-5697.12,3232.78,1.36929,1.67031,1.64786,-0.0224561,60.0
1744879008436211.0,-5697.12,3235.51,1.37067,1.76213,1.65192,-0.110208,60.0
1744879008456977.0,-5697.12,3235.51,1.37067,1.76213,1.75394,-0.00818949,60.0
1744879008477622.0,-5697.54,3238.93,1.37278,1.65192,1.50796,-0.143962,60.0
1744879008498346.0,-5697.54,3238.93,1.37278,1.65192,1.67688,0.0249624,60.0
1744879008519003.0,-5697.54,3238.93,1.37278,1.65192,1.73977,0.0878523,60.0
1744879008539965.0,-5697.96,3241.66,1.37454,1.67688,1.63304,-0.0438432,60.0
1744879008560558.0,-5697.96,3241.66,1.37454,1.67688,1.65758,-0.0193032,60.0
1744879008581112.0,-5697.96,3244.39,1.37593,1.63304,1.58655,-0.0464914,60.0
1744879008601707.0,-5697.96,3244.39,1.37593,1.63304,1.71244,0.0794009,60.0
1744879008622148.0,-5697.96,3244.39,1.37593,1.63304,1.59135,-0.0416933,60.0
1744879008642849.0,-5698.38,3247.81,1.37804,1.71244,1.6991,-0.0133431,60.0
1744879008663765.0,-5698.38,3247.81,1.37804,1.71244,1.59978,-0.112665,60.0
1744879008684165.0,-5698.81,3250.54,1.37981,1.6991,1.69622,-0.00287641,60.0
1744879008704852.0,-5698.81,3250.54,1.37981,1.6991,1.66072,-0.03838,60.0
1744879008725592.0,-5698.81,3250.54,1.37981,1.6991,1.79475,0.0956529,60.0
1744879008746536.0,-5698.81,3253.28,1.3812,1.66072,1.59116,-0.0695567,60.0
1744879008767312.0,-5698.81,3253.28,1.3812,1.66072,1.64434,-0.0163757,60.0
1744879008787964.0,-5699.23,3256.69,1.38332,1.59116,1.65909,0.0679303,60.0
1744879008808734.0,-5699.23,3256.69,1.38332,1.59116,1.59525,0.00409286,60.0
1744879008829423.0,-5699.65,3259.43,1.38509,1.65909,1.60388,-0.055215,60.0
1744879008850244.0,-5699.65,3259.43,1.38509,1.65909,1.71999,0.060901,60.0
1744879008871208.0,-5699.65,3259.43,1.38509,1.65909,1.79239,0.133296,60.0
1744879008891759.0,-5699.65,3262.84,1.38684,1.71999,1.78819,0.0682005,60.0
1744879008912436.0,-5699.65,3262.84,1.38684,1.71999,1.62383,-0.0961622,60.0
1744879008933176.0,-5700.07,3265.57,1.38861,1.78819,1.71628,-0.0719127,60.0
1744879008953957.0,-5700.07,3265.57,1.38861,1.78819,1.82336,0.0351699,60.0
1744879008975046.0,-5700.07,3265.57,1.38861,1.78819,1.63222,-0.155977,60.0
1744879008995688.0,-5700.49,3268.31,1.39039,1.82336,1.77212,-0.0512389,60.0
1744879009016347.0,-5700.49,3268.31,1.39039,1.82336,1.73183,-0.0915364,60.0
1744879009037124.0,-5700.49,3271.72,1.39213,1.77212,1.70993,-0.0621957,60.0
1744879009058912.0,-5700.49,3271.72,1.39213,1.77212,1.62911,-0.143017,60.0
1744879009079873.0,-5700.49,3271.72,1.39213,1.77212,1.75258,-0.0195452,60.0
1744879009100239.0,-5700.91,3274.46,1.39391,1.62911,1.67279,0.0436882,60.0
1744879009120887.0,-5700.91,3274.46,1.39391,1.62911,1.54951,-0.0795918,60.0
1744879009141475.0,-5701.34,3277.19,1.39569,1.67279,1.73798,0.0651896,60.0
1744879009161930.0,-5701.34,3277.19,1.39569,1.67279,1.61248,-0.0603144,60.0
1744879009182733.0,-5701.34,3277.19,1.39569,1.67279,1.72059,0.0477996,60.0
1744879009203585.0,-5701.76,3280.6,1.39782,1.61248,1.7222,0.109719,60.0
1744879009224234.0,-5701.76,3280.6,1.39782,1.61248,1.75554,0.14306,60.0
1744879009244731.0,-5702.18,3283.34,1.39961,1.7222,1.63523,-0.0869713,60.0
1744879009265355.0,-5702.18,3283.34,1.39961,1.7222,1.72679,0.00459085,60.0
1744879009286043.0,-5702.18,3286.07,1.40101,1.63523,1.66053,0.0253026,60.0
1744879009306579.0,-5702.18,3286.07,1.40101,1.63523,1.5416,-0.0936287,60.0
1744879009327047.0,-5702.18,3286.07,1.40101,1.63523,1.69572,0.0604966,60.0
1744879009347601.0,-5702.6,3289.49,1.40315,1.5416,1.5757,0.0341051,60.0
1744879009368466.0,-5702.6,3289.49,1.40315,1.5416,1.46748,-0.0741234,60.0
1744879009388998.0,-5703.03,3292.22,1.40493,1.5757,1.53949,-0.0362154,60.0
1744879009409607.0,-5703.03,3292.22,1.40493,1.5757,1.64162,0.0659209,60.0
1744879009430802.0,-5703.03,3292.22,1.40493,1.5757,1.6132,0.0374927,60.0
1744879009451346.0,-5703.02,3295.63,1.40669,1.64162,1.65709,0.0154667,60.0
1744879009472185.0,-5703.02,3295.63,1.40669,1.64162,1.57921,-0.0624181,60.0
1744879009493058.0,-5703.45,3298.37,1.40848,1.65709,1.63972,-0.0173691,60.0
1744879009513923.0,-5703.45,3298.37,1.40848,1.65709,1.67643,0.0193362,60.0
1744879009534717.0,-5703.45,3298.37,1.40848,1.65709,1.69098,0.0338914,60.0
1744879009555765.0,-5703.87,3301.1,1.41027,1.67643,1.82694,0.150516,60.0
1744879009576320.0,-5703.87,3301.1,1.41027,1.67643,1.69661,0.0201853,60.0
1744879009596973.0,-5703.87,3304.52,1.41204,1.82694,1.78715,-0.0397983,60.0
1744879009617638.0,-5703.87,3304.52,1.41204,1.82694,1.87934,0.0523976,60.0
1744879009638325.0,-5703.87,3304.52,1.41204,1.82694,1.75218,-0.0747609,60.0
1744879009659107.0,-5704.29,3307.25,1.41383,1.87934,1.80071,-0.0786342,60.0
1744879009679705.0,-5704.29,3307.25,1.41383,1.87934,1.85402,-0.0253226,60.0
1744879009700399.0,-5704.71,3309.98,1.41563,1.80071,1.72107,-0.0796356,60.0
1744879009720838.0,-5704.71,3309.98,1.41563,1.80071,1.69052,-0.110189,60.0
1744879009741524.0,-5705.13,3313.4,1.41778,1.72107,1.79939,0.0783203,60.0
1744879009762718.0,-5705.13,3313.4,1.41778,1.72107,1.66611,-0.0549636,60.0
1744879009783082.0,-5705.13,3313.4,1.41778,1.72107,1.84749,0.126421,60.0
1744879009804088.0,-5705.56,3316.13,1.41957,1.66611,1.52466,-0.141451,60.0
1744879009824566.0,-5705.56,3316.13,1.41957,1.66611,1.69602,0.0299137,60.0
1744879009845068.0,-5705.56,3319.55,1.42134,1.52466,1.58036,0.0557021,60.0
1744879009865789.0,-5705.56,3319.55,1.42134,1.52466,1.47103,-0.0536232,60.0
1744879009886452.0,-5705.56,3319.55,1.42134,1.52466,1.53803,0.0133697,60.0
1744879009907030.0,-5705.98,3322.28,1.42314,1.47103,1.58738,0.116345,60.0
1744879009927542.0,-5705.98,3322.28,1.42314,1.47103,1.56125,0.0902155,60.0
1744879009948144.0,-5706.4,3325.01,1.42495,1.58738,1.58001,-0.007372,60.0
1744879009969288.0,-5706.4,3325.01,1.42495,1.58738,1.71726,0.129881,60.0
1744879009990009.0,-5706.4,3325.01,1.42495,1.58738,1.68486,0.0974795,60.0
1744879010010511.0,-5706.82,3328.43,1.4271,1.71726,1.68168,-0.0355763,60.0
1744879010031199.0,-5706.82,3328.43,1.4271,1.71726,1.87935,0.162095,60.0
1744879010051978.0,-5706.82,3331.16,1.42853,1.68168,1.66049,-0.0211964,60.0
1744879010072721.0,-5706.82,3331.16,1.42853,1.68168,1.76021,0.0785284,60.0
1744879010093747.0,-5706.82,3331.16,1.42853,1.68168,1.7031,0.0214205,60.0
1744879010114281.0,-5707.24,3333.89,1.43033,1.76021,1.84341,0.0832005,60.0
1744879010134939.0,-5707.24,3333.89,1.43033,1.76021,1.79743,0.0372161,60.0
1744879010155742.0,-5707.67,3337.31,1.43249,1.84341,1.73761,-0.1058,60.0
1744879010176306.0,-5707.67,3337.31,1.43249,1.84341,1.74889,-0.0945237,60.0
1744879010197172.0,-5707.67,3340.04,1.43392,1.73761,1.63209,-0.105524,60.0
1744879010217531.0,-5707.67,3340.04,1.43392,1.73761,1.7574,0.0197904,60.0
1744879010238449.0,-5707.67,3340.04,1.43392,1.73761,1.65624,-0.0813688,60.0
1744879010259260.0,-5708.09,3342.78,1.43573,1.7574,1.72457,-0.0328333,60.0
1744879010279708.0,-5708.09,3342.78,1.43573,1.7574,1.68559,-0.0718143,60.0
1744879010300409.0,-5708.51,3346.19,1.4379,1.72457,1.68757,-0.0369995,60.0
1744879010321124.0,-5708.51,3346.19,1.4379,1.72457,1.73705,0.0124814,60.0
1744879010342127.0,-5708.51,3346.19,1.4379,1.72457,1.67113,-0.0534405,60.0
1744879010362719.0,-5708.93,3348.92,1.43971,1.73705,1.72002,-0.0170344,60.0
1744879010383484.0,-5708.93,3348.92,1.43971,1.73705,1.71546,-0.0215912,60.0
1744879010404251.0,-5709.35,3352.34,1.44188,1.72002,1.88411,0.164094,60.0
1744879010425016.0,-5709.35,3352.34,1.44188,1.72002,1.66425,-0.055763,60.0
1744879010445501.0,-5709.35,3352.34,1.44188,1.72002,1.82824,0.108219,60.0
1744879010466689.0,-5709.78,3355.07,1.44369,1.66425,1.67349,0.00923844,60.0
1744879010487779.0,-5709.78,3355.07,1.44369,1.66425,1.77263,0.108374,60.0
1744879010508482.0,-5710.2,3357.81,1.44551,1.67349,1.70158,0.0280846,60.0
1744879010528869.0,-5710.2,3357.81,1.44551,1.67349,1.66926,-0.00422759,60.0
1744879010549454.0,-5710.2,3357.81,1.44551,1.67349,1.65927,-0.0142235,60.0
1744879010570302.0,-5710.2,3361.22,1.4473,1.66926,1.61694,-0.0523195,60.0
1744879010590913.0,-5710.2,3361.22,1.4473,1.66926,1.68241,0.013141,60.0
1744879010611688.0,-5710.62,3363.96,1.44912,1.61694,1.74132,0.124374,60.0
1744879010632511.0,-5710.62,3363.96,1.44912,1.61694,1.62067,0.00372677,60.0
1744879010653268.0,-5711.04,3366.69,1.45094,1.74132,1.58911,-0.15221,60.0
1744879010673999.0,-5711.04,3366.69,1.45094,1.74132,1.73991,-0.00140962,60.0
1744879010694617.0,-5711.04,3366.69,1.45094,1.74132,1.66483,-0.076485,60.0
1744879010715063.0,-5711.46,3370.1,1.45312,1.73991,1.8072,0.0672949,60.0
1744879010735581.0,-5711.46,3370.1,1.45312,1.73991,1.6636,-0.0763074,60.0
1744879010756184.0,-5711.89,3372.84,1.45494,1.8072,1.71984,-0.087363,60.0
1744879010776707.0,-5711.89,3372.84,1.45494,1.8072,1.70612,-0.101086,60.0
1744879010797339.0,-5711.89,3372.84,1.45494,1.8072,1.74185,-0.0653551,60.0
1744879010817906.0,-5712.31,3375.57,1.45676,1.70612,1.75856,0.0524383,60.0
1744879010838819.0,-5712.31,3375.57,1.45676,1.70612,1.78487,0.0787565,60.0
1744879010859495.0,-5712.73,3378.99,1.45895,1.75856,1.71587,-0.0426888,60.0
1744879010880092.0,-5712.73,3378.99,1.45895,1.75856,1.67094,-0.0876206,60.0
1744879010900748.0,-5712.73,3378.99,1.45895,1.75856,1.82473,0.0661695,60.0
1744879010921317.0,-5713.15,3381.72,1.46077,1.67094,1.78147,0.110531,60.0
1744879010942385.0,-5713.15,3381.72,1.46077,1.67094,1.54149,-0.129446,60.0
1744879010962979.0,-5713.58,3384.45,1.4626,1.78147,1.64101,-0.14046,60.0
1744879010983747.0,-5713.58,3384.45,1.4626,1.78147,1.66025,-0.121214,60.0
1744879011004707.0,-5713.58,3384.45,1.4626,1.78147,1.78352,0.00205242,60.0
1744879011025214.0,-5713.58,3387.87,1.46441,1.66025,1.71522,0.05497,60.0
1744879011048053.0,-5713.58,3387.87,1.46441,1.66025,1.76012,0.0998685,60.0
1744879011068728.0,-5714.0,3390.6,1.46624,1.71522,1.71335,-0.00187295,60.0
1744879011089560.0,-5714.0,3390.6,1.46624,1.71522,1.66095,-0.054274,60.0
1744879011109935.0,-5714.42,3394.02,1.46843,1.71335,1.69507,-0.0182825,60.0
1744879011130777.0,-5714.42,3394.02,1.46843,1.71335,1.67279,-0.040554,60.0
1744879011151414.0,-5714.42,3394.02,1.46843,1.71335,1.6962,-0.0171476,60.0
1744879011172123.0,-5714.84,3396.75,0.470264,1.67279,1.70179,0.0289965,60.0
1744879011192875.0,-5714.84,3396.75,0.470264,1.67279,1.62793,-0.0448681,60.0
1744879011213645.0,-5715.27,3399.48,0.472098,1.70179,1.6886,-0.0131954,60.0
1744879011234347.0,-5715.27,3399.48,0.472098,1.70179,1.83515,0.133357,60.0
1744879011254996.0,-5715.27,3399.48,0.472098,1.70179,1.71889,0.0171013,60.0
1744879011275968.0,-5715.69,3402.9,0.474296,1.83515,1.70096,-0.134189,60.0
1744879011296416.0,-5715.69,3402.9,0.474296,1.83515,1.84614,0.0109891,60.0
1744879011316990.0,-5716.11,3405.63,0.476132,1.70096,1.74802,0.0470602,60.0
1744879011337699.0,-5716.11,3405.63,0.476132,1.70096,1.58241,-0.118548,60.0
1744879011358483.0,-5716.11,3405.63,0.476132,1.70096,1.62289,-0.0780725,60.0
1744879011379247.0,-5716.53,3408.36,0.477969,1.58241,1.58163,-0.000781688,60.0
1744879011399916.0,-5716.53,3408.36,0.477969,1.58241,1.69322,0.110805,60.0
1744879011420642.0,-5716.95,3411.78,0.480171,1.58163,1.70102,0.119391,60.0
1744879011441368.0,-5716.95,3411.78,0.480171,1.58163,1.61258,0.0309533,60.0
1744879011462322.0,-5716.95,3411.78,0.480171,1.58163,1.69801,0.11638,60.0
1744879011483265.0,-5717.38,3414.51,0.482011,1.61258,1.75786,0.145274,60.0
1744879011503977.0,-5717.38,3414.51,0.482011,1.61258,1.72777,0.115188,60.0
1744879011524791.0,-5717.8,3417.25,0.483852,1.75786,1.61758,-0.140277,60.0
1744879011545469.0,-5717.8,3417.25,0.483852,1.75786,1.71584,-0.042014,60.0
1744879011566333.0,-5718.22,3420.66,0.48606,1.61758,1.76337,0.145787,60.0
1744879011586910.0,-5718.22,3420.66,0.48606,1.61758,1.73524,0.117661,60.0
1744879011607482.0,-5718.22,3420.66,0.48606,1.61758,1.75203,0.13445,60.0
1744879011628135.0,-5718.22,3423.39,0.487523,1.73524,1.57901,-0.156234,60.0
1744879011648722.0,-5718.22,3423.39,0.487523,1.73524,1.79033,0.0550927,60.0
1744879011669278.0,-5718.64,3426.13,0.489367,1.57901,1.57081,-0.00820007,60.0
1744879011689732.0,-5718.64,3426.13,0.489367,1.57901,1.66129,0.0822879,60.0
1744879011710319.0,-5718.64,3426.13,0.489367,1.57901,1.73677,0.157762,60.0
1744879011730941.0,-5719.07,3429.54,0.49158,1.66129,1.73251,0.0712157,60.0
1744879011751489.0,-5719.07,3429.54,0.49158,1.66129,1.5304,-0.130898,60.0
1744879011772076.0,-5719.49,3432.28,0.493427,1.73251,1.70733,-0.0251782,60.0
1744879011792626.0,-5719.49,3432.28,0.493427,1.73251,1.67069,-0.0618216,60.0
1744879011813230.0,-5719.49,3432.28,0.493427,1.73251,1.84617,0.113657,60.0
1744879011833812.0,-5719.91,3435.69,0.495643,1.67069,1.79142,0.120731,60.0
1744879011854783.0,-5719.91,3435.69,0.495643,1.67069,1.58695,-0.0837391,60.0
1744879011875453.0,-5720.33,3438.43,0.497493,1.79142,1.75676,-0.0346625,60.0
1744879011895666.0,-5720.33,3438.43,0.497493,1.79142,1.82996,0.0385421,60.0
1744879011916482.0,-5720.33,3438.43,0.497493,1.79142,1.78788,-0.00353677,60.0
1744879011937050.0,-5720.75,3441.16,0.499345,1.82996,1.81049,-0.0194701,60.0
1744879011958225.0,-5720.75,3441.16,0.499345,1.82996,1.76325,-0.066713,60.0
1744879011979177.0,-5720.75,3444.57,0.501184,1.81049,1.72842,-0.0820663,60.0
1744879011999952.0,-5720.75,3444.57,0.501184,1.81049,1.7788,-0.0316957,60.0
1744879012020403.0,-5721.18,3447.31,0.503038,1.72842,1.81281,0.0843866,60.0
1744879012040941.0,-5721.18,3447.31,0.503038,1.72842,1.70664,-0.0217807,60.0
1744879012061719.0,-5721.18,3447.31,0.503038,1.72842,1.67352,-0.0549034,60.0
1744879012082363.0,-5721.6,3450.04,0.504894,1.70664,1.57117,-0.13547,60.0
1744879012103110.0,-5721.6,3450.04,0.504894,1.70664,1.66664,-0.040006,60.0
1744879012123797.0,-5722.02,3453.46,0.507119,1.57117,1.54307,-0.0280995,60.0
1744879012144491.0,-5722.02,3453.46,0.507119,1.57117,1.73067,0.159492,60.0
1744879012165136.0,-5722.02,3453.46,0.507119,1.57117,1.56561,-0.0055633,60.0
1744879012185492.0,-5722.44,3456.19,0.508977,1.73067,1.59231,-0.138352,60.0
1744879012206103.0,-5722.44,3456.19,0.508977,1.73067,1.64644,-0.0842306,60.0
1744879012227501.0,-5722.87,3458.92,0.510836,1.59231,1.482,-0.110316,60.0
1744879012247835.0,-5722.87,3458.92,0.510836,1.59231,1.68346,0.0911487,60.0
1744879012268483.0,-5722.87,3458.92,0.510836,1.59231,1.52023,-0.0720799,60.0
1744879012289231.0,-5723.29,3462.34,0.513066,1.68346,1.62114,-0.0623196,60.0
1744879012310229.0,-5723.29,3462.34,0.513066,1.68346,1.77091,0.0874434,60.0
1744879012330866.0,-5723.71,3465.07,0.514928,1.62114,1.47759,-0.143551,60.0
1744879012351517.0,-5723.71,3465.07,0.514928,1.62114,1.58999,-0.0311527,60.0
1744879012372355.0,-5723.71,3465.07,0.514928,1.62114,1.59475,-0.0263956,60.0
1744879012392793.0,-5724.13,3467.8,0.516791,1.58999,1.60937,0.0193764,60.0
1744879012413530.0,-5724.13,3467.8,0.516791,1.58999,1.62522,0.0352338,60.0
1744879012434335.0,-5724.55,3471.22,0.519026,1.60937,1.58644,-0.0229236,60.0
1744879012455052.0,-5724.55,3471.22,0.519026,1.60937,1.74169,0.132322,60.0
1744879012475986.0,-5724.55,3473.95,0.520511,1.58644,1.52092,-0.0655252,60.0
1744879012496494.0,-5724.55,3473.95,0.520511,1.58644,1.62984,0.0433995,60.0
1744879012517708.0,-5724.55,3473.95,0.520511,1.58644,1.70093,0.114482,60.0
1744879012538537.0,-5724.98,3477.37,0.522749,1.62984,1.7519,0.122053,60.0
1744879012558926.0,-5724.98,3477.37,0.522749,1.62984,1.73022,0.100379,60.0
1744879012579591.0,-5725.4,3480.1,0.524618,1.7519,1.68023,-0.0716628,60.0
1744879012600276.0,-5725.4,3480.1,0.524618,1.7519,1.83213,0.0802318,60.0
1744879012621111.0,-5725.4,3480.1,0.524618,1.7519,1.80637,0.0544758,60.0
1744879012641864.0,-5725.82,3482.83,0.526487,1.83213,1.8384,0.00627589,60.0
1744879012662581.0,-5725.82,3482.83,0.526487,1.83213,1.92079,0.088665,60.0
1744879012683713.0,-5725.82,3486.25,0.528349,1.8384,1.85632,0.0179134,60.0
1744879012704123.0,-5725.82,3486.25,0.528349,1.8384,1.77445,-0.0639571,60.0
1744879012724909.0,-5725.82,3486.25,0.528349,1.8384,1.70716,-0.131246,60.0
1744879012745585.0,-5726.24,3488.98,0.530221,1.77445,1.80919,0.0347482,60.0
1744879012766303.0,-5726.24,3488.98,0.530221,1.77445,1.64622,-0.128225,60.0
1744879012787364.0,-5726.66,3491.72,0.532095,1.80919,1.65856,-0.150633,60.0
1744879012807937.0,-5726.66,3491.72,0.532095,1.80919,1.67969,-0.129505,60.0
1744879012828516.0,-5727.09,3495.13,0.534343,1.67969,1.62688,-0.0528141,60.0
1744879012849464.0,-5727.09,3495.13,0.534343,1.67969,1.82471,0.14502,60.0
1744879012870138.0,-5727.09,3495.13,0.534343,1.67969,1.67305,-0.00664253,60.0
1744879012890776.0,-5727.51,3497.86,0.536219,1.82471,1.86532,0.0406141,60.0
1744879012911444.0,-5727.51,3497.86,0.536219,1.82471,1.77612,-0.0485877,60.0
1744879012932043.0,-5727.93,3500.6,0.538096,1.86532,1.73958,-0.125744,60.0
1744879012952762.0,-5727.93,3500.6,0.538096,1.86532,1.83501,-0.0303149,60.0
1744879012973487.0,-5727.93,3500.6,0.538096,1.86532,1.83141,-0.0339181,60.0
1744879012994139.0,-5728.35,3504.01,0.540349,1.83501,1.81953,-0.0154744,60.0
1744879013014930.0,-5728.35,3504.01,0.540349,1.83501,1.80442,-0.0305879,60.0
1744879013035950.0,-5728.77,3506.75,0.542229,1.81953,1.65947,-0.160062,60.0
1744879013056763.0,-5728.77,3506.75,0.542229,1.81953,1.68691,-0.13262,60.0
1744879013077467.0,-5728.77,3506.75,0.542229,1.81953,1.70021,-0.119328,60.0
1744879013098169.0,-5729.2,3509.48,0.54411,1.68691,1.72623,0.0393179,60.0
1744879013118679.0,-5729.2,3509.48,0.54411,1.68691,1.68665,-0.0002614,60.0
1744879013139398.0,-5729.62,3512.9,0.546368,1.72623,1.66465,-0.0615826,60.0
1744879013160316.0,-5729.62,3512.9,0.546368,1.72623,1.80079,0.0745565,60.0
1744879013180701.0,-5729.62,3512.9,0.546368,1.72623,1.62565,-0.10058,60.0
1744879013201439.0,-5730.46,3515.63,0.548633,1.80079,1.79836,-0.00243117,60.0
1744879013222080.0,-5730.46,3515.63,0.548633,1.80079,1.76728,-0.0335136,60.0
1744879013242979.0,-5730.89,3518.36,0.550518,1.79836,1.7256,-0.0727562,60.0
1744879013263714.0,-5730.89,3518.36,0.550518,1.79836,1.69368,-0.104676,60.0
1744879013284733.0,-5731.31,3521.78,0.552781,1.7256,1.69951,-0.0260956,60.0
1744879013305084.0,-5731.31,3521.78,0.552781,1.7256,1.85137,0.125766,60.0
1744879013326198.0,-5731.31,3521.78,0.552781,1.7256,1.59699,-0.128608,60.0
1744879013346701.0,-5731.73,3524.51,0.554668,1.85137,1.74529,-0.106074,60.0
1744879013367049.0,-5731.73,3524.51,0.554668,1.85137,1.71627,-0.135094,60.0
1744879013387796.0,-5732.15,3527.24,0.556557,1.74529,1.69573,-0.0495632,60.0
1744879013408518.0,-5732.15,3527.24,0.556557,1.74529,1.58579,-0.159505,60.0
1744879013429133.0,-5732.15,3527.24,0.556557,1.74529,1.85852,0.113225,60.0
1744879013449834.0,-5732.58,3530.66,0.558825,1.58579,1.58371,-0.00208022,60.0
1744879013470768.0,-5732.58,3530.66,0.558825,1.58579,1.6394,0.053609,60.0
1744879013491777.0,-5733.0,3533.39,0.560716,1.58371,1.70338,0.119673,60.0
1744879013512269.0,-5733.0,3533.39,0.560716,1.58371,1.55045,-0.0332551,60.0
1744879013532972.0,-5733.0,3533.39,0.560716,1.58371,1.6173,0.0335889,60.0
1744879013553735.0,-5733.84,3536.13,0.562991,1.55045,1.61841,0.067954,60.0
1744879013574522.0,-5733.84,3536.13,0.562991,1.55045,1.60376,0.0533098,60.0
1744879013595227.0,-5734.27,3539.54,0.565263,1.61841,1.56607,-0.0523324,60.0
1744879013616315.0,-5734.27,3539.54,0.565263,1.61841,1.71045,0.0920479,60.0
1744879013637100.0,-5734.27,3542.27,0.566777,1.56607,1.7233,0.157229,60.0
1744879013657534.0,-5734.27,3542.27,0.566777,1.56607,1.63066,0.0645866,60.0
1744879013678145.0,-5734.27,3542.27,0.566777,1.56607,1.69356,0.127486,60.0
1744879013698931.0,-5734.69,3545.01,0.568674,1.63066,1.70809,0.0774326,60.0
1744879013719913.0,-5734.69,3545.01,0.568674,1.63066,1.54674,-0.0839233,60.0
1744879013740489.0,-5735.11,3548.42,0.570951,1.70809,1.78975,0.0816528,60.0
1744879013761025.0,-5735.11,3548.42,0.570951,1.70809,1.71073,0.00264003,60.0
1744879013781773.0,-5735.11,3548.42,0.570951,1.70809,1.58135,-0.126747,60.0
1744879013802589.0,-5735.53,3551.16,0.57285,1.71073,1.559,-0.151739,60.0
1744879013823263.0,-5735.53,3551.16,0.57285,1.71073,1.58885,-0.121879,60.0
1744879013843952.0,-5735.95,3554.57,0.575131,1.559,1.63262,0.0736258,60.0
1744879013864598.0,-5735.95,3554.57,0.575131,1.559,1.68282,0.12382,60.0
1744879013885283.0,-5735.95,3554.57,0.575131,1.559,1.59923,0.0402351,60.0
1744879013905812.0,-5736.38,3557.3,0.577033,1.68282,1.64287,-0.0399443,60.0
1744879013926575.0,-5736.38,3557.3,0.577033,1.68282,1.81399,0.13117,60.0
1744879013947469.0,-5736.8,3560.04,0.578936,1.64287,1.64064,-0.00223607,60.0
1744879013968009.0,-5736.8,3560.04,0.578936,1.64287,1.68738,0.0445111,60.0
1744879013989051.0,-5736.8,3560.04,0.578936,1.64287,1.70095,0.0580758,60.0
1744879014009612.0,-5737.22,3563.45,0.581221,1.68738,1.55421,-0.133169,60.0
1744879014030295.0,-5737.22,3563.45,0.581221,1.68738,1.56442,-0.122965,60.0
1744879014051128.0,-5737.64,3566.19,0.583127,1.55421,1.69586,0.141644,60.0
1744879014071611.0,-5737.64,3566.19,0.583127,1.55421,1.62019,0.0659743,60.0
1744879014092462.0,-5737.64,3568.92,0.584652,1.69586,1.84415,0.148296,60.0
1744879014112975.0,-5737.64,3568.92,0.584652,1.69586,1.62535,-0.0705027,60.0
1744879014133733.0,-5737.64,3568.92,0.584652,1.69586,1.77206,0.0762047,60.0
1744879014154405.0,-5738.06,3572.34,0.586942,1.62535,1.72964,0.104288,60.0
1744879014175078.0,-5738.06,3572.34,0.586942,1.62535,1.60204,-0.0233188,60.0
1744879014195885.0,-5738.49,3575.07,0.588852,1.72964,1.66459,-0.0650481,60.0
1744879014216709.0,-5738.49,3575.07,0.588852,1.72964,1.75937,0.0297248,60.0
1744879014237511.0,-5738.49,3575.07,0.588852,1.72964,1.58229,-0.14735,60.0
1744879014258447.0,-5738.91,3577.8,0.590763,1.75937,1.64067,-0.118702,60.0
1744879014279191.0,-5738.91,3577.8,0.590763,1.75937,1.82705,0.0676781,60.0
1744879014299995.0,-5739.33,3581.22,0.593058,1.64067,1.63361,-0.00705063,60.0
1744879014320926.0,-5739.33,3581.22,0.593058,1.64067,1.70875,0.0680851,60.0
1744879014341720.0,-5739.33,3581.22,0.593058,1.64067,1.50275,-0.137915,60.0
1744879014362706.0,-5739.33,3583.95,0.594589,1.70875,1.69406,-0.0146858,60.0
1744879014383717.0,-5739.33,3583.95,0.594589,1.70875,1.66297,-0.0457839,60.0
1744879014403993.0,-5739.75,3587.37,0.596887,1.69406,1.76638,0.072311,60.0
1744879014424556.0,-5739.75,3587.37,0.596887,1.69406,1.61196,-0.0821068,60.0
1744879014445416.0,-5739.75,3587.37,0.596887,1.69406,1.56075,-0.133313,60.0
1744879014466164.0,-5740.17,3590.1,0.598804,1.61196,1.54453,-0.0674256,60.0
1744879014486977.0,-5740.17,3590.1,0.598804,1.61196,1.68372,0.0717669,60.0
1744879014507486.0,-5740.6,3592.83,0.600721,1.54453,1.67044,0.125906,60.0
1744879014528169.0,-5740.6,3592.83,0.600721,1.54453,1.61546,0.0709287,60.0
1744879014548959.0,-5741.02,3596.25,0.603024,1.67044,1.6682,-0.00223896,60.0
1744879014569494.0,-5741.02,3596.25,0.603024,1.67044,1.72926,0.058819,60.0
1744879014590202.0,-5741.02,3596.25,0.603024,1.67044,1.73045,0.0600146,60.0
1744879014610906.0,-5741.02,3598.98,0.604562,1.72926,1.64053,-0.088728,60.0
1744879014631416.0,-5741.02,3598.98,0.604562,1.72926,1.68824,-0.0410206,60.0
1744879014652109.0,-5741.44,3601.71,0.606484,1.64053,1.69122,0.0506867,60.0
1744879014672708.0,-5741.44,3601.71,0.606484,1.64053,1.5677,-0.0728312,60.0
1744879014693711.0,-5741.44,3601.71,0.606484,1.64053,1.78275,0.142219,60.0
1744879014714366.0,-5741.86,3605.13,0.608791,1.5677,1.64532,0.0776214,60.0
1744879014734767.0,-5741.86,3605.13,0.608791,1.5677,1.65162,0.0839242,60.0
1744879014755520.0,-5741.86,3607.86,0.610333,1.64532,1.78405,0.138729,60.0
1744879014776137.0,-5741.86,3607.86,0.610333,1.64532,1.5821,-0.0632189,60.0
1744879014796886.0,-5741.86,3607.86,0.610333,1.64532,1.77353,0.12821,60.0
1744879014817622.0,-5742.28,3610.59,0.612258,1.5821,1.57817,-0.00393348,60.0
1744879014838430.0,-5742.28,3610.59,0.612258,1.5821,1.63249,0.0503902,60.0
1744879014859488.0,-5742.71,3614.01,0.614571,1.57817,1.54759,-0.0305808,60.0
1744879014879957.0,-5742.71,3614.01,0.614571,1.57817,1.63226,0.0540947,60.0
1744879014900973.0,-5742.71,3614.01,0.614571,1.57817,1.68538,0.107214,60.0
1744879014921593.0,-5742.7,3616.74,0.616116,1.63226,1.68193,0.0496637,60.0
1744879014942357.0,-5742.7,3616.74,0.616116,1.63226,1.56431,-0.0679481,60.0
1744879014963251.0,-5743.13,3620.16,0.618432,1.68193,1.73994,0.0580175,60.0
1744879014984108.0,-5743.13,3620.16,0.618432,1.68193,1.82257,0.140646,60.0
1744879015004625.0,-5743.55,3622.89,0.620363,1.73994,1.62354,-0.116402,60.0
1744879015025505.0,-5743.55,3622.89,0.620363,1.73994,1.64293,-0.097016,60.0
1744879015046201.0,-5743.55,3622.89,0.620363,1.73994,1.8111,0.0711556,60.0
1744879015067225.0,-5743.55,3625.63,0.621912,1.64293,1.59374,-0.049183,60.0
1744879015087883.0,-5743.55,3625.63,0.621912,1.64293,1.68857,0.0456381,60.0
1744879015108769.0,-5743.97,3629.04,0.624233,1.59374,1.68168,0.0879372,60.0
1744879015129513.0,-5743.97,3629.04,0.624233,1.59374,1.68865,0.0949052,60.0
1744879015150129.0,-5743.97,3629.04,0.624233,1.59374,1.70523,0.111482,60.0
1744879015171028.0,-5744.39,3631.77,0.626167,1.68865,1.77907,0.0904249,60.0
1744879015191723.0,-5744.39,3631.77,0.626167,1.68865,1.68498,-0.00367114,60.0
1744879015212399.0,-5744.39,3634.51,0.627721,1.77907,1.81393,0.0348582,60.0
1744879015233077.0,-5744.39,3634.51,0.627721,1.77907,1.69684,-0.0822307,60.0
1744879015253832.0,-5744.39,3634.51,0.627721,1.77907,1.70509,-0.0739806,60.0
1744879015274351.0,-5744.81,3637.92,0.630046,1.69684,1.59104,-0.105805,60.0
1744879015294799.0,-5744.81,3637.92,0.630046,1.69684,1.56298,-0.133865,60.0
1744879015315440.0,-5745.24,3640.66,0.631984,1.59104,1.5892,-0.00183457,60.0
1744879015336176.0,-5745.24,3640.66,0.631984,1.59104,1.69342,0.102384,60.0
1744879015357106.0,-5745.23,3644.07,0.633931,1.5892,1.49901,-0.0901981,60.0
1744879015377788.0,-5745.23,3644.07,0.633931,1.5892,1.62847,0.0392698,60.0
1744879015398760.0,-5745.23,3644.07,0.633931,1.5892,1.60863,0.0194234,60.0
1744879015419634.0,-5745.66,3646.8,0.635872,1.62847,1.73467,0.1062,60.0
1744879015440207.0,-5745.66,3646.8,0.635872,1.62847,1.76271,0.134236,60.0
1744879015460638.0,-5746.08,3649.54,0.637814,1.73467,1.84952,0.114848,60.0
1744879015481604.0,-5746.08,3649.54,0.637814,1.73467,1.79627,0.061598,60.0
1744879015503103.0,-5746.08,3649.54,0.637814,1.73467,1.87673,0.142056,60.0
1744879015523574.0,-5746.08,3652.95,0.639765,1.79627,1.76173,-0.0345459,60.0
1744879015544408.0,-5746.08,3652.95,0.639765,1.79627,1.66079,-0.13548,60.0
1744879015565005.0,-5746.5,3655.69,0.64171,1.76173,1.72245,-0.0392762,60.0
1744879015585709.0,-5746.5,3655.69,0.64171,1.76173,1.79174,0.0300186,60.0
1744879015606474.0,-5746.5,3655.69,0.64171,1.76173,1.66549,-0.0962401,60.0
1744879015627327.0,-5746.92,3658.42,0.643656,1.79174,1.69823,-0.0935137,60.0
1744879015648298.0,-5746.92,3658.42,0.643656,1.79174,1.73479,-0.0569566,60.0
1744879015668881.0,-5747.34,3661.84,0.645994,1.69823,1.63664,-0.0615891,60.0
1744879015689773.0,-5747.34,3661.84,0.645994,1.69823,1.73676,0.0385297,60.0
1744879015710600.0,-5747.34,3661.84,0.645994,1.69823,1.74691,0.0486792,60.0
1744879015731483.0,-5747.34,3664.57,0.64756,1.73676,1.6001,-0.136656,60.0
1744879015751963.0,-5747.34,3664.57,0.64756,1.73676,1.66533,-0.0714353,60.0
1744879015772636.0,-5747.76,3667.3,0.64951,1.6001,1.6841,0.0839993,60.0
1744879015793367.0,-5747.76,3667.3,0.64951,1.6001,1.68306,0.0829539,60.0
1744879015813736.0,-5748.19,3670.72,0.651853,1.6841,1.73814,0.0540386,60.0
1744879015834352.0,-5748.19,3670.72,0.651853,1.6841,1.62755,-0.0565535,60.0
1744879015854950.0,-5748.19,3670.72,0.651853,1.6841,1.70105,0.0169432,60.0
1744879015876144.0,-5748.61,3673.45,0.653806,1.62755,1.6597,0.0321524,60.0
1744879015896369.0,-5748.61,3673.45,0.653806,1.62755,1.72842,0.100874,60.0
1744879015917118.0,-5748.61,3676.87,0.655769,1.6597,1.72791,0.0682092,60.0
1744879015937615.0,-5748.61,3676.87,0.655769,1.6597,1.65547,-0.00423685,60.0
1744879015958239.0,-5748.61,3676.87,0.655769,1.6597,1.81707,0.157366,60.0
1744879015979130.0,-5749.03,3679.6,0.657725,1.65547,1.81882,0.163353,60.0
1744879015999786.0,-5749.03,3679.6,0.657725,1.65547,1.60973,-0.0457354,60.0
1744879016020425.0,-5749.45,3682.33,0.659681,1.81882,1.74791,-0.0709135,60.0
1744879016041124.0,-5749.45,3682.33,0.659681,1.81882,1.68612,-0.132695,60.0
1744879016061838.0,-5749.45,3682.33,0.659681,1.81882,1.68808,-0.130739,60.0
1744879016083187.0,-5749.87,3685.75,0.662032,1.68612,1.71639,0.0302658,60.0
1744879016103411.0,-5749.87,3685.75,0.662032,1.68612,1.72408,0.0379598,60.0
1744879016124155.0,-5750.3,3688.48,0.663992,1.71639,1.61389,-0.102498,60.0
1744879016144572.0,-5750.3,3688.48,0.663992,1.71639,1.71716,0.00077357,60.0
1744879016165554.0,-5750.3,3688.48,0.663992,1.71639,1.85581,0.139423,60.0
1744879016186209.0,-5750.3,3691.21,0.665569,1.71716,1.65428,-0.0628877,60.0
1744879016206876.0,-5750.3,3691.21,0.665569,1.71716,1.70108,-0.0160878,60.0
1744879016227830.0,-5750.72,3694.63,0.667925,1.65428,1.73585,0.0815721,60.0
1744879016248598.0,-5750.72,3694.63,0.667925,1.65428,1.71544,0.0611617,60.0
1744879016269126.0,-5750.72,3694.63,0.667925,1.65428,1.7419,0.0876227,60.0
1744879016289903.0,-5751.14,3697.36,0.669888,1.71544,1.72793,0.0124947,60.0
1744879016310794.0,-5751.14,3697.36,0.669888,1.71544,1.66465,-0.0507834,60.0
1744879016331254.0,-5751.56,3700.09,0.671852,1.72793,1.62163,-0.106305,60.0
1744879016352056.0,-5751.56,3700.09,0.671852,1.72793,1.76518,0.0372518,60.0
1744879016372776.0,-5751.98,3703.51,0.674213,1.62163,1.71653,0.094899,60.0
1744879016393562.0,-5751.98,3703.51,0.674213,1.62163,1.58958,-0.032044,60.0
1744879016414195.0,-5751.98,3703.51,0.674213,1.62163,1.56677,-0.0548609,60.0
1744879016434898.0,-5751.98,3706.24,0.675797,1.58958,1.55525,-0.0343336,60.0
1744879016455538.0,-5751.98,3706.24,0.675797,1.58958,1.72521,0.135625,60.0
1744879016476623.0,-5752.41,3709.66,0.678161,1.55525,1.6003,0.045048,60.0
1744879016497136.0,-5752.41,3709.66,0.678161,1.55525,1.58779,0.0325449,60.0
1744879016517951.0,-5752.41,3709.66,0.678161,1.55525,1.66775,0.112501,60.0
1744879016538500.0,-5752.83,3712.39,0.680131,1.58779,1.6312,0.0434083,60.0
1744879016559117.0,-5752.83,3712.39,0.680131,1.58779,1.639,0.0512075,60.0
1744879016579656.0,-5753.25,3715.13,0.682101,1.6312,1.61812,-0.0130789,60.0
1744879016600394.0,-5753.25,3715.13,0.682101,1.6312,1.76274,0.131538,60.0
1744879016621022.0,-5753.25,3715.13,0.682101,1.6312,1.65126,0.0200564,60.0
1744879016641965.0,-5753.25,3718.54,0.684088,1.76274,1.69616,-0.0665808,60.0
1744879016662468.0,-5753.25,3718.54,0.684088,1.76274,1.62947,-0.13327,60.0
1744879016683151.0,-5753.67,3721.27,0.686061,1.69616,1.6753,-0.0208625,60.0
1744879016704016.0,-5753.67,3721.27,0.686061,1.69616,1.66198,-0.0341834,60.0
1744879016724743.0,-5753.67,3721.27,0.686061,1.69616,1.58682,-0.109336,60.0
1744879016745358.0,-5754.09,3724.01,0.688035,1.66198,1.77651,0.114531,60.0
1744879016766183.0,-5754.09,3724.01,0.688035,1.66198,1.69584,0.0338683,60.0
1744879016786898.0,-5754.51,3727.42,0.690409,1.77651,1.76288,-0.01363,60.0
1744879016807528.0,-5754.51,3727.42,0.690409,1.77651,1.61597,-0.16054,60.0
1744879016828488.0,-5754.51,3730.16,0.692003,1.76288,1.68501,-0.0778646,60.0
1744879016849194.0,-5754.51,3730.16,0.692003,1.76288,1.79396,0.0310825,60.0
1744879016869841.0,-5754.51,3730.16,0.692003,1.76288,1.81423,0.0513575,60.0
1744879016890883.0,-5754.94,3733.57,0.694381,1.79396,1.67759,-0.116367,60.0
1744879016911584.0,-5754.94,3733.57,0.694381,1.79396,1.68914,-0.104818,60.0
1744879016932269.0,-5755.36,3736.3,0.696361,1.67759,1.66698,-0.0106103,60.0
1744879016952884.0,-5755.36,3736.3,0.696361,1.67759,1.71559,0.0380017,60.0
1744879016973789.0,-5755.36,3736.3,0.696361,1.67759,1.79179,0.114195,60.0
1744879016994668.0,-5755.78,3739.04,0.698342,1.71559,1.75226,0.0366635,60.0
1744879017015209.0,-5755.78,3739.04,0.698342,1.71559,1.56476,-0.150836,60.0
1744879017035910.0,-5756.2,3742.45,0.700724,1.75226,1.90194,0.149679,60.0
1744879017056596.0,-5756.2,3742.45,0.700724,1.75226,1.73689,-0.0153673,60.0
1744879017077357.0,-5756.2,3742.45,0.700724,1.75226,1.69479,-0.0574669,60.0
1744879017097972.0,-5756.62,3745.19,0.702707,1.73689,1.69561,-0.041284,60.0
1744879017118962.0,-5756.62,3745.19,0.702707,1.73689,1.67445,-0.0624453,60.0
1744879017139774.0,-5756.62,3747.92,0.704309,1.69561,1.80871,0.113107,60.0
1744879017160290.0,-5756.62,3747.92,0.704309,1.69561,1.72483,0.0292186,60.0
1744879017181233.0,-5757.05,3751.34,0.706696,1.72483,1.58914,-0.135686,60.0
1744879017201511.0,-5757.05,3751.34,0.706696,1.72483,1.65024,-0.0745868,60.0
1744879017222428.0,-5757.05,3751.34,0.706696,1.72483,1.7079,-0.0169265,60.0
1744879017243352.0,-5757.47,3754.07,0.708684,1.65024,1.79376,0.143518,60.0
1744879017263750.0,-5757.47,3754.07,0.708684,1.65024,1.71947,0.0692364,60.0
1744879017284556.0,-5757.89,3756.8,0.710672,1.79376,1.64465,-0.149111,60.0
1744879017305168.0,-5757.89,3756.8,0.710672,1.79376,1.7189,-0.074852,60.0
1744879017325907.0,-5757.89,3756.8,0.710672,1.79376,1.91509,0.121338,60.0
1744879017346693.0,-5758.31,3760.22,0.713064,1.7189,1.71022,-0.00868804,60.0
1744879017367664.0,-5758.31,3760.22,0.713064,1.7189,1.64387,-0.0750323,60.0
1744879017388245.0,-5758.73,3762.95,0.715056,1.71022,1.74231,0.0320946,60.0
1744879017408916.0,-5758.73,3762.95,0.715056,1.71022,1.57463,-0.135587,60.0
1744879017429643.0,-5758.73,3762.95,0.715056,1.71022,1.6479,-0.0623131,60.0
1744879017450329.0,-5759.16,3765.68,0.717048,1.57463,1.70495,0.130315,60.0
1744879017471636.0,-5759.16,3765.68,0.717048,1.57463,1.64244,0.0678086,60.0
1744879017492276.0,-5759.58,3769.1,0.719445,1.70495,1.81712,0.112174,60.0
1744879017512924.0,-5759.58,3769.1,0.719445,1.70495,1.58402,-0.120927,60.0
1744879017533605.0,-5759.58,3769.1,0.719445,1.70495,1.6955,-0.00944395,60.0
1744879017554340.0,-5759.58,3771.83,0.721057,1.58402,1.52785,-0.0561689,60.0
1744879017574774.0,-5759.58,3771.83,0.721057,1.58402,1.52562,-0.0583946,60.0
1744879017595570.0,-5760.0,3775.25,0.723457,1.52785,1.61542,0.0875661,60.0
1744879017616559.0,-5760.0,3775.25,0.723457,1.52785,1.68481,0.156962,60.0
1744879017637194.0,-5760.42,3777.98,0.725455,1.61542,1.59839,-0.0170287,60.0
1744879017657961.0,-5760.42,3777.98,0.725455,1.61542,1.75204,0.136627,60.0
1744879017678666.0,-5760.42,3777.98,0.725455,1.61542,1.6371,0.0216805,60.0
1744879017699261.0,-5760.84,3780.71,0.727454,1.75204,1.79419,0.0421511,60.0
1744879017719821.0,-5760.84,3780.71,0.727454,1.75204,1.69157,-0.0604719,60.0
1744879017740603.0,-5761.27,3784.13,0.729859,1.79419,1.87004,0.0758448,60.0
1744879017761081.0,-5761.27,3784.13,0.729859,1.79419,1.71195,-0.0822475,60.0
1744879017782106.0,-5761.27,3784.13,0.729859,1.79419,1.66205,-0.132143,60.0
1744879017802304.0,-5761.26,3786.86,0.731477,1.71195,1.58405,-0.127899,60.0
1744879017823092.0,-5761.26,3786.86,0.731477,1.71195,1.78543,0.0734797,60.0
1744879017843926.0,-5761.69,3789.6,0.73348,1.58405,1.66419,0.0801415,60.0
1744879017865817.0,-5761.69,3789.6,0.73348,1.58405,1.49287,-0.0911801,60.0
1744879017886375.0,-5761.69,3789.6,0.73348,1.58405,1.63583,0.051778,60.0
1744879017907348.0,-5762.11,3793.01,0.73589,1.49287,1.62465,0.131787,60.0
1744879017928207.0,-5762.11,3793.01,0.73589,1.49287,1.5219,0.0290325,60.0
1744879017948922.0,-5762.53,3795.74,0.737895,1.62465,1.63164,0.00698486,60.0
1744879017969503.0,-5762.53,3795.74,0.737895,1.62465,1.59082,-0.0338353,60.0
1744879017990202.0,-5762.53,3795.74,0.737895,1.62465,1.53712,-0.0875298,60.0
1744879018011062.0,-5762.53,3798.48,0.739518,1.59082,1.70037,0.109554,60.0
1744879018031963.0,-5762.53,3798.48,0.739518,1.59082,1.64608,0.0552586,60.0
1744879018052681.0,-5762.95,3801.89,0.741933,1.70037,1.68412,-0.0162491,60.0
1744879018073504.0,-5762.95,3801.89,0.741933,1.70037,1.86187,0.161498,60.0
1744879018094423.0,-5763.37,3804.63,0.743942,1.68412,1.82446,0.140336,60.0
1744879018114916.0,-5763.37,3804.63,0.743942,1.68412,1.64109,-0.0430341,60.0
1744879018135465.0,-5763.37,3804.63,0.743942,1.68412,1.6628,-0.0213198,60.0
1744879018156215.0,-5763.8,3808.04,0.74636,1.64109,1.75794,0.116849,60.0
1744879018176745.0,-5763.8,3808.04,0.74636,1.64109,1.65725,0.0161649,60.0
1744879018197473.0,-5763.8,3810.77,0.747989,1.75794,1.66632,-0.091618,60.0
1744879018218158.0,-5763.8,3810.77,0.747989,1.75794,1.86415,0.106209,60.0
1744879018238911.0,-5763.8,3810.77,0.747989,1.75794,1.64428,-0.113656,60.0
1744879018259317.0,-5764.22,3813.51,0.750002,1.86415,1.74961,-0.114542,60.0
1744879018279959.0,-5764.22,3813.51,0.750002,1.86415,1.70818,-0.155963,60.0
1744879018300714.0,-5764.64,3816.92,0.752425,1.74961,1.73539,-0.0142166,60.0
1744879018321668.0,-5764.64,3816.92,0.752425,1.74961,1.61333,-0.136279,60.0
1744879018342362.0,-5764.64,3816.92,0.752425,1.74961,1.65124,-0.0983636,60.0
1744879018362841.0,-5765.06,3819.66,0.754441,1.61333,1.56985,-0.0434804,60.0
1744879018383658.0,-5765.06,3819.66,0.754441,1.61333,1.7708,0.157469,60.0
1744879018404302.0,-5765.06,3822.39,0.756074,1.56985,1.62959,0.0597453,60.0
1744879018425284.0,-5765.06,3822.39,0.756074,1.56985,1.51575,-0.0540928,60.0
1744879018446133.0,-5765.48,3825.81,0.758501,1.51575,1.66076,0.145001,60.0
1744879018467231.0,-5765.48,3825.81,0.758501,1.51575,1.60986,0.0941041,60.0
1744879018488109.0,-5765.48,3825.81,0.758501,1.51575,1.61887,0.103111,60.0
1744879018508745.0,-5765.9,3828.54,0.760521,1.60986,1.63288,0.0230178,60.0
1744879018529750.0,-5765.9,3828.54,0.760521,1.60986,1.61679,0.00693149,60.0
1744879018550349.0,-5765.9,3831.27,0.762159,1.63288,1.79385,0.160973,60.0
1744879018571130.0,-5765.9,3831.27,0.762159,1.63288,1.69912,0.0662389,60.0
1744879018591692.0,-5765.9,3831.27,0.762159,1.63288,1.60737,-0.0255092,60.0
1744879018612806.0,-5766.33,3834.69,0.764591,1.69912,1.78033,0.081217,60.0
1744879018633090.0,-5766.33,3834.69,0.764591,1.69912,1.70666,0.00754653,60.0
1744879018654337.0,-5766.75,3837.42,0.766615,1.78033,1.79577,0.0154426,60.0
1744879018675047.0,-5766.75,3837.42,0.766615,1.78033,1.7075,-0.0728358,60.0
1744879018695703.0,-5766.75,3837.42,0.766615,1.78033,1.67974,-0.100591,60.0
1744879018716579.0,-5767.17,3840.84,0.76905,1.7075,1.75677,0.0492759,60.0
1744879018737123.0,-5767.17,3840.84,0.76905,1.7075,1.64418,-0.0633137,60.0
1744879018757840.0,-5767.17,3843.57,0.770692,1.75677,1.62241,-0.134364,60.0
1744879018778516.0,-5767.17,3843.57,0.770692,1.75677,1.70987,-0.0469063,60.0
1744879018799559.0,-5767.17,3843.57,0.770692,1.75677,1.89214,0.135367,60.0
1744879018820418.0,-5767.59,3846.3,0.77272,1.70987,1.69123,-0.0186344,60.0
1744879018841000.0,-5767.59,3846.3,0.77272,1.70987,1.748,0.0381335,60.0
1744879018861488.0,-5768.01,3849.72,0.77516,1.69123,1.64405,-0.0471859,60.0
1744879018882354.0,-5768.01,3849.72,0.77516,1.69123,1.61438,-0.0768562,60.0
1744879018903272.0,-5768.44,3852.45,0.777191,1.64405,1.51803,-0.12602,60.0
1744879018924043.0,-5768.44,3852.45,0.777191,1.64405,1.55487,-0.0891796,60.0
1744879018944728.0,-5768.44,3852.45,0.777191,1.64405,1.77832,0.134273,60.0
1744879018966041.0,-5768.43,3855.18,0.778838,1.55487,1.56407,0.0092054,60.0
1744879018986547.0,-5768.43,3855.18,0.778838,1.55487,1.6975,0.142632,60.0
1744879019007381.0,-5768.86,3858.6,0.781283,1.56407,1.66471,0.100639,60.0
1744879019028223.0,-5768.86,3858.6,0.781283,1.56407,1.69472,0.13065,60.0
1744879019049064.0,-5768.86,3858.6,0.781283,1.56407,1.53901,-0.0250609,60.0
1744879019070063.0,-5769.28,3861.33,0.783318,1.69472,1.71308,0.0183629,60.0
1744879019090525.0,-5769.28,3861.33,0.783318,1.69472,1.70033,0.00561119,60.0
1744879019111168.0,-5769.28,3864.75,0.785382,1.71308,1.79528,0.0821964,60.0
1744879019131815.0,-5769.28,3864.75,0.785382,1.71308,1.71166,-0.00142279,60.0
1744879019152625.0,-5769.28,3864.75,0.785382,1.71308,1.67888,-0.0342018,60.0
1744879019173378.0,-5769.7,3867.48,0.787419,1.71166,1.62153,-0.0901316,60.0
1744879019194197.0,-5769.7,3867.48,0.787419,1.71166,1.70809,-0.00356651,60.0
1744879019214930.0,-5770.12,3870.21,0.789457,1.62153,1.75665,0.135117,60.0
1744879019235919.0,-5770.12,3870.21,0.789457,1.62153,1.69211,0.0705767,60.0
1744879019256618.0,-5770.54,3873.63,0.79191,1.75665,1.69776,-0.0588833,60.0
1744879019277228.0,-5770.54,3873.63,0.79191,1.75665,1.80503,0.0483785,60.0
1744879019298205.0,-5770.54,3873.63,0.79191,1.75665,1.76753,0.0108855,60.0
1744879019319108.0,-5770.54,3876.36,0.793566,1.80503,1.69877,-0.106259,60.0
1744879019339904.0,-5770.54,3876.36,0.793566,1.80503,1.80121,-0.00381073,60.0
1744879019360653.0,-5770.96,3879.1,0.795608,1.69877,1.66321,-0.0355609,60.0
1744879019381316.0,-5770.96,3879.1,0.795608,1.69877,1.8411,0.14233,60.0
1744879019402013.0,-5770.96,3879.1,0.795608,1.69877,1.68935,-0.00941587,60.0
1744879019422675.0,-5771.39,3882.51,0.798066,1.8411,1.70765,-0.133449,60.0
1744879019443317.0,-5771.39,3882.51,0.798066,1.8411,1.69733,-0.143762,60.0
1744879019464006.0,-5771.81,3885.25,0.800111,1.70765,1.5821,-0.125553,60.0
1744879019484981.0,-5771.81,3885.25,0.800111,1.70765,1.63671,-0.0709401,60.0
1744879019505951.0,-5771.81,3885.25,0.800111,1.70765,1.58162,-0.126027,60.0
1744879019526619.0,-5772.23,3887.98,0.802157,1.63671,1.69647,0.0597589,60.0
1744879019547536.0,-5772.23,3887.98,0.802157,1.63671,1.65834,0.0216353,60.0
1744879019568253.0,-5772.23,3891.39,0.804235,1.69647,1.70112,0.00464915,60.0
1744879019589272.0,-5772.23,3891.39,0.804235,1.69647,1.71314,0.0166764,60.0
1744879019609779.0,-5772.65,3894.13,0.806284,1.70112,1.85258,0.15146,60.0
1744879019630334.0,-5772.65,3894.13,0.806284,1.70112,1.55561,-0.145501,60.0
1744879019651786.0,-5772.65,3894.13,0.806284,1.70112,1.73127,0.030149,60.0
1744879019672186.0,-5773.07,3897.54,0.80875,1.55561,1.65286,0.0972458,60.0
1744879019692702.0,-5773.07,3897.54,0.80875,1.55561,1.6461,0.0904805,60.0
1744879019713747.0,-5773.5,3900.28,0.810801,1.65286,1.50631,-0.146547,60.0
1744879019734214.0,-5773.5,3900.28,0.810801,1.65286,1.73592,0.0830581,60.0
1744879019754856.0,-5773.5,3900.28,0.810801,1.65286,1.60961,-0.0432512,60.0
1744879019775466.0,-5773.92,3903.01,0.812853,1.73592,1.74969,0.0137728,60.0
1744879019796210.0,-5773.92,3903.01,0.812853,1.73592,1.61426,-0.121658,60.0
1744879019817131.0,-5773.92,3906.42,0.81494,1.74969,1.62584,-0.123855,60.0
1744879019837486.0,-5773.92,3906.42,0.81494,1.74969,1.89527,0.14558,60.0
1744879019858133.0,-5773.92,3906.42,0.81494,1.74969,1.74244,-0.00725154,60.0
1744879019878915.0,-5774.34,3909.16,0.816995,1.89527,1.78658,-0.108688,60.0
1744879019899923.0,-5774.34,3909.16,0.816995,1.89527,1.77767,-0.117603,60.0
1744879019920547.0,-5774.76,3911.89,0.819051,1.78658,1.74486,-0.0417215,60.0
1744879019941224.0,-5774.76,3911.89,0.819051,1.78658,1.72764,-0.0589459,60.0
1744879019961758.0,-5774.76,3911.89,0.819051,1.78658,1.69218,-0.0944038,60.0
1744879019982797.0,-5775.18,3915.31,0.821527,1.72764,1.65285,-0.0747871,60.0
1744879020003726.0,-5775.18,3915.31,0.821527,1.72764,1.67269,-0.0549514,60.0
1744879020024404.0,-5775.6,3918.04,0.823586,1.65285,1.81386,0.161015,60.0
1744879020045180.0,-5775.6,3918.04,0.823586,1.65285,1.69437,0.0415218,60.0
1744879020065712.0,-5776.03,3920.77,0.825646,1.81386,1.85782,0.0439586,60.0
1744879020086630.0,-5776.03,3920.77,0.825646,1.81386,1.66978,-0.144082,60.0
1744879020107393.0,-5776.03,3920.77,0.825646,1.81386,1.69477,-0.119094,60.0
1744879020127814.0,-5776.45,3924.19,0.828127,1.66978,1.75935,0.0895694,60.0
1744879020148800.0,-5776.45,3924.19,0.828127,1.66978,1.69927,0.0294822,60.0
1744879020169678.0,-5776.87,3926.92,0.830189,1.75935,1.84472,0.0853666,60.0
1744879020190244.0,-5776.87,3926.92,0.830189,1.75935,1.65854,-0.10081,60.0
1744879020210586.0,-5776.87,3926.92,0.830189,1.75935,1.74468,-0.014672,60.0
1744879020231427.0,-5777.29,3929.65,0.832253,1.65854,1.77981,0.121267,60.0
1744879020252131.0,-5777.29,3929.65,0.832253,1.65854,1.70086,0.0423164,60.0
1744879020272847.0,-5777.72,3933.07,0.834739,1.77981,1.68641,-0.0934033,60.0
1744879020293696.0,-5777.72,3933.07,0.834739,1.77981,1.75414,-0.025669,60.0
1744879020314534.0,-5777.72,3933.07,0.834739,1.77981,1.7946,0.0147885,60.0
1744879020335380.0,-5778.14,3935.8,0.836805,1.75414,1.68484,-0.0693052,60.0
1744879020356185.0,-5778.14,3935.8,0.836805,1.75414,1.72818,-0.0259631,60.0
1744879020376822.0,-5778.56,3939.22,0.839294,1.68484,1.627,-0.0578342,60.0
1744879020397642.0,-5778.56,3939.22,0.839294,1.68484,1.74713,0.0622903,60.0
1744879020418103.0,-5778.56,3939.22,0.839294,1.68484,1.61104,-0.0737961,60.0
1744879020438612.0,-5778.98,3941.95,0.841364,1.74713,1.69715,-0.0499811,60.0
1744879020459349.0,-5778.98,3941.95,0.841364,1.74713,1.72793,-0.0191977,60.0
1744879020480137.0,-5779.4,3944.69,0.843434,1.69715,1.6764,-0.02075,60.0
1744879020500832.0,-5779.4,3944.69,0.843434,1.69715,1.59574,-0.101401,60.0
1744879020521665.0,-5779.83,3948.1,0.845928,1.6764,1.82666,0.150266,60.0
1744879020542414.0,-5779.83,3948.1,0.845928,1.6764,1.61093,-0.0654634,60.0
1744879020563157.0,-5779.83,3948.1,0.845928,1.6764,1.52073,-0.155667,60.0
1744879020583987.0,-5780.25,3950.83,0.848001,1.61093,1.58769,-0.0232403,60.0
1744879020604821.0,-5780.25,3950.83,0.848001,1.61093,1.54825,-0.0626859,60.0
1744879020625930.0,-5780.25,3953.57,0.84969,1.58769,1.72521,0.137519,60.0
1744879020646388.0,-5780.25,3953.57,0.84969,1.58769,1.66021,0.0725143,60.0
1744879020667215.0,-5780.25,3953.57,0.84969,1.58769,1.71215,0.124457,60.0
1744879020687863.0,-5780.67,3956.98,0.852189,1.66021,1.76824,0.108035,60.0
1744879020708595.0,-5780.67,3956.98,0.852189,1.66021,1.5331,-0.127105,60.0
1744879020729414.0,-5781.09,3959.72,0.854266,1.76824,1.72425,-0.0439946,60.0
1744879020750097.0,-5781.09,3959.72,0.854266,1.76824,1.63256,-0.135676,60.0
1744879020770841.0,-5781.09,3959.72,0.854266,1.76824,1.70629,-0.0619504,60.0
1744879020791481.0,-5781.51,3962.45,0.856344,1.63256,1.57622,-0.0563402,60.0
1744879020812297.0,-5781.51,3962.45,0.856344,1.63256,1.72889,0.0963298,60.0
1744879020833251.0,-5781.94,3965.86,0.858848,1.57622,1.70457,0.12835,60.0
1744879020853860.0,-5781.94,3965.86,0.858848,1.57622,1.73044,0.15422,60.0
1744879020874448.0,-5781.94,3965.86,0.858848,1.57622,1.7172,0.140978,60.0
1744879020895208.0,-5782.36,3968.6,0.860929,1.73044,1.74071,0.0102639,60.0
1744879020915988.0,-5782.36,3968.6,0.860929,1.73044,1.80902,0.0785771,60.0
1744879020936649.0,-5782.78,3971.33,0.863011,1.74071,1.68247,-0.0582427,60.0
1744879020957385.0,-5782.78,3971.33,0.863011,1.74071,1.78592,0.0452149,60.0
1744879020978283.0,-5783.2,3974.75,0.865519,1.68247,1.75213,0.069663,60.0
1744879020999109.0,-5783.2,3974.75,0.865519,1.68247,1.75187,0.069409,60.0
1744879021019761.0,-5783.2,3974.75,0.865519,1.68247,1.5809,-0.101564,60.0
1744879021040276.0,-5783.2,3977.48,0.867218,1.75187,1.80209,0.0502154,60.0
1744879021061111.0,-5783.2,3977.48,0.867218,1.75187,1.70479,-0.0470812,60.0
1744879021082057.0,-5783.62,3980.9,0.86973,1.80209,1.7094,-0.0926905,60.0
1744879021103009.0,-5783.62,3980.9,0.86973,1.80209,1.68182,-0.12027,60.0
1744879021123748.0,-5783.62,3980.9,0.86973,1.80209,1.69643,-0.105662,60.0
1744879021144939.0,-5784.04,3983.63,0.871817,1.68182,1.77408,0.0922601,60.0
1744879021165819.0,-5784.04,3983.63,0.871817,1.68182,1.7042,0.0223845,60.0
1744879021186587.0,-5784.47,3986.36,0.873906,1.77408,1.69151,-0.0825742,60.0
1744879021207481.0,-5784.47,3986.36,0.873906,1.77408,1.73661,-0.0374741,60.0
1744879021228369.0,-5784.47,3986.36,0.873906,1.77408,1.80858,0.0345032,60.0
1744879021249032.0,-5784.89,3989.78,0.876422,1.73661,1.63597,-0.100632,60.0
1744879021269685.0,-5784.89,3989.78,0.876422,1.73661,1.80065,0.0640465,60.0
1744879021290384.0,-5785.31,3992.51,0.878514,1.63597,1.73622,0.10025,60.0
1744879021311125.0,-5785.31,3992.51,0.878514,1.63597,1.69038,0.0544061,60.0
1744879021331755.0,-5785.73,3995.24,0.880606,1.73622,1.70579,-0.0304326,60.0
1744879021352383.0,-5785.73,3995.24,0.880606,1.73622,1.72685,-0.00937348,60.0
1744879021373061.0,-5785.73,3995.24,0.880606,1.73622,1.71052,-0.0257014,60.0
1744879021393733.0,-5786.16,3998.66,0.883127,1.72685,1.64946,-0.0773943,60.0
1744879021414426.0,-5786.16,3998.66,0.883127,1.72685,1.64412,-0.0827337,60.0
1744879021435391.0,-5786.58,4001.39,0.885223,1.64946,1.69423,0.0447753,60.0
1744879021455869.0,-5786.58,4001.39,0.885223,1.64946,1.63171,-0.017745,60.0
1744879021476834.0,-5786.58,4001.39,0.885223,1.64946,1.58,-0.0694555,60.0
1744879021497598.0,-5787.0,4004.13,0.887319,1.63171,1.75051,0.118796,60.0
1744879021518351.0,-5787.0,4004.13,0.887319,1.63171,1.57636,-0.0553515,60.0
1744879021538947.0,-5787.42,4007.54,0.889845,1.75051,1.61155,-0.138955,60.0
1744879021559629.0,-5787.42,4007.54,0.889845,1.75051,1.80457,0.0540645,60.0
1744879021580663.0,-5787.42,4007.54,0.889845,1.75051,1.79528,0.0447777,60.0
1744879021601036.0,-5787.84,4010.27,0.891944,1.80457,1.65056,-0.154007,60.0
1744879021621444.0,-5787.84,4010.27,0.891944,1.80457,1.69162,-0.112953,60.0
1744879021642058.0,-5788.27,4013.01,0.894045,1.65056,1.52441,-0.126157,60.0
1744879021662913.0,-5788.27,4013.01,0.894045,1.65056,1.69273,0.0421693,60.0
1744879021683878.0,-5788.27,4013.01,0.894045,1.65056,1.69192,0.041356,60.0
1744879021704337.0,-5788.69,4016.42,0.896575,1.69273,1.63874,-0.053992,60.0
1744879021724959.0,-5788.69,4016.42,0.896575,1.69273,1.71803,0.025293,60.0
1744879021745488.0,-5789.11,4019.16,0.898678,1.63874,1.77022,0.131483,60.0
1744879021766691.0,-5789.11,4019.16,0.898678,1.63874,1.50092,-0.137823,60.0
1744879021787570.0,-5789.11,4021.89,0.900397,1.77022,1.6804,-0.0898278,60.0
1744879021807939.0,-5789.11,4021.89,0.900397,1.77022,1.8316,0.0613726,60.0
1744879021828597.0,-5789.11,4021.89,0.900397,1.77022,1.80264,0.0324138,60.0
1744879021849281.0,-5789.53,4025.31,0.902933,1.8316,1.786,-0.0455942,60.0
1744879021870215.0,-5789.53,4025.31,0.902933,1.8316,1.93007,0.0984735,60.0
1744879021891023.0,-5789.95,4028.04,0.905039,1.786,1.72637,-0.0596331,60.0
1744879021911603.0,-5789.95,4028.04,0.905039,1.786,1.6733,-0.112703,60.0
1744879021932236.0,-5789.95,4028.04,0.905039,1.786,1.66288,-0.123125,60.0
1744879021952956.0,-5790.38,4030.77,0.907147,1.6733,1.7333,0.0600023,60.0
1744879021973872.0,-5790.38,4030.77,0.907147,1.6733,1.64113,-0.0321706,60.0
1744879021994351.0,-5790.8,4034.19,0.909688,1.7333,1.71121,-0.0220915,60.0
1744879022014954.0,-5790.8,4034.19,0.909688,1.7333,1.75753,0.0242304,60.0
1744879022035684.0,-5790.8,4034.19,0.909688,1.7333,1.77228,0.0389785,60.0
1744879022056229.0,-5791.22,4036.92,0.911799,1.75753,1.64803,-0.109498,60.0
1744879022076729.0,-5791.22,4036.92,0.911799,1.75753,1.59706,-0.160472,60.0
1744879022097384.0,-5791.64,4040.34,0.914342,1.64803,1.49165,-0.156383,60.0
1744879022117970.0,-5791.64,4040.34,0.914342,1.64803,1.62361,-0.024429,60.0
1744879022138634.0,-5791.64,4040.34,0.914342,1.64803,1.81151,0.163472,60.0
1744879022159248.0,-5792.06,4043.07,0.916456,1.62361,1.71169,0.0880892,60.0
1744879022180046.0,-5792.06,4043.07,0.916456,1.62361,1.50523,-0.11838,60.0
1744879022200821.0,-5792.49,4045.8,0.91857,1.71169,1.86768,0.155989,60.0
1744879022221595.0,-5792.49,4045.8,0.91857,1.71169,1.57646,-0.135234,60.0
1744879022242071.0,-5792.91,4049.22,0.921119,1.86768,1.78475,-0.0829373,60.0
1744879022268822.0,-5792.91,4049.22,0.921119,1.86768,1.80136,-0.0663275,60.0
1744879022289574.0,-5792.91,4049.22,0.921119,1.86768,1.85024,-0.0174487,60.0
1744879022310342.0,-5793.33,4051.95,0.923236,1.80136,1.89142,0.0900586,60.0
1744879022331081.0,-5793.33,4051.95,0.923236,1.80136,1.75973,-0.041622,60.0
1744879022351772.0,-5794.18,4054.68,0.925741,1.89141,1.78262,-0.108798,60.0
1744879022372871.0,-5794.18,4054.68,0.925741,1.89141,1.7554,-0.136013,60.0
1744879022393521.0,-5794.18,4054.68,0.925741,1.89141,1.76451,-0.126907,60.0
1744879022413987.0,-5794.6,4058.1,0.928294,1.7554,1.60789,-0.147508,60.0
1744879022435000.0,-5794.6,4058.1,0.928294,1.7554,1.73418,-0.021221,60.0
1744879022455393.0,-5795.02,4060.83,0.930415,1.60789,1.69211,0.0842172,60.0
1744879022476757.0,-5795.02,4060.83,0.930415,1.60789,1.62432,0.0164276,60.0
1744879022497412.0,-5795.44,4063.57,0.932538,1.62432,1.65653,0.0322108,60.0
1744879022518196.0,-5795.44,4063.57,0.932538,1.62432,1.78308,0.15876,60.0
1744879022538947.0,-5795.44,4063.57,0.932538,1.62432,1.54944,-0.0748807,60.0
1744879022559635.0,-5795.86,4066.98,0.935096,1.78308,1.63626,-0.146823,60.0
1744879022580459.0,-5795.86,4066.98,0.935096,1.78308,1.7918,0.00871436,60.0
1744879022601160.0,-5796.29,4069.71,0.937221,1.63626,1.6809,0.0446378,60.0
1744879022621874.0,-5796.29,4069.71,0.937221,1.63626,1.57866,-0.057602,60.0
1744879022642873.0,-5796.29,4069.71,0.937221,1.63626,1.69983,0.0635743,60.0
1744879022663763.0,-5796.71,4072.45,0.939348,1.57866,1.64181,0.0631514,60.0
1744879022684782.0,-5796.71,4072.45,0.939348,1.57866,1.67289,0.0942343,60.0
1744879022705725.0,-5797.13,4075.86,0.941911,1.64181,1.59111,-0.0506936,60.0
1744879022726467.0,-5797.13,4075.86,0.941911,1.64181,1.6664,0.0245907,60.0
1744879022747383.0,-5797.13,4075.86,0.941911,1.64181,1.71243,0.0706248,60.0
1744879022768336.0,-5797.55,4078.6,0.94404,1.6664,1.75396,0.0875656,60.0
1744879022789243.0,-5797.55,4078.6,0.94404,1.6664,1.5705,-0.0958996,60.0
1744879022810204.0,-5797.97,4081.33,0.94617,1.75396,1.77678,0.0228176,60.0
1744879022831099.0,-5797.97,4081.33,0.94617,1.75396,1.75637,0.00240382,60.0
1744879022852152.0,-5798.4,4084.75,0.948738,1.75637,1.66765,-0.0887188,60.0
1744879022872524.0,-5798.4,4084.75,0.948738,1.75637,1.61326,-0.143106,60.0
1744879022893443.0,-5798.4,4084.75,0.948738,1.75637,1.66051,-0.095856,60.0
1744879022914308.0,-5798.82,4087.48,0.950871,1.61326,1.69467,0.0814113,60.0
1744879022934999.0,-5798.82,4087.48,0.950871,1.61326,1.67946,0.0662004,60.0
1744879022955790.0,-5799.24,4090.21,0.953005,1.69467,1.7807,0.0860277,60.0
1744879022976677.0,-5799.24,4090.21,0.953005,1.69467,1.65152,-0.0431526,60.0
1744879022997422.0,-5799.24,4090.21,0.953005,1.69467,1.73044,0.0357635,60.0
1744879023018066.0,-5799.66,4093.63,0.955577,1.65152,1.71374,0.0622157,60.0
1744879023038889.0,-5799.66,4093.63,0.955577,1.65152,1.69969,0.0481651,60.0
1744879023059462.0,-5800.08,4096.36,0.957714,1.71374,1.72207,0.00833219,60.0
1744879023079999.0,-5800.08,4096.36,0.957714,1.71374,1.59018,-0.12356,60.0
1744879023100671.0,-5800.08,4096.36,0.957714,1.71374,1.79721,0.0834721,60.0
1744879023121413.0,-5800.51,4099.09,0.959852,1.59018,1.55075,-0.0394242,60.0
1744879023142100.0,-5800.51,4099.09,0.959852,1.59018,1.7302,0.140026,60.0
1744879023162750.0,-5800.51,4102.51,0.962043,1.55075,1.62273,0.0719821,60.0
1744879023183684.0,-5800.51,4102.51,0.962043,1.55075,1.49494,-0.0558141,60.0
1744879023204289.0,-5800.51,4102.51,0.962043,1.55075,1.53286,-0.0178924,60.0
1744879023224788.0,-5800.93,4105.24,0.964184,1.49494,1.60668,0.111742,60.0
1744879023245563.0,-5800.93,4105.24,0.964184,1.49494,1.59821,0.103277,60.0
1744879023266313.0,-5801.35,4108.66,0.966765,1.60668,1.67357,0.0668914,60.0
1744879023287091.0,-5801.35,4108.66,0.966765,1.60668,1.51079,-0.0958899,60.0
1744879023307969.0,-5801.77,4111.39,0.968908,1.51079,1.64451,0.133724,60.0
1744879023328557.0,-5801.77,4111.39,0.968908,1.51079,1.48445,-0.026341,60.0
1744879023349306.0,-5801.77,4111.39,0.968908,1.51079,1.5817,0.0709082,60.0
1744879023369958.0,-5801.77,4114.12,0.970666,1.48445,1.60609,0.121637,60.0
1744879023390633.0,-5801.77,4114.12,0.970666,1.48445,1.64767,0.163219,60.0
1744879023411621.0,-5802.19,4117.54,0.973252,1.60609,1.62707,0.0209878,60.0
1744879023432316.0,-5802.19,4117.54,0.973252,1.60609,1.58273,-0.0233546,60.0
1744879023453161.0,-5802.19,4117.54,0.973252,1.60609,1.76435,0.158264,60.0
1744879023474158.0,-5802.61,4120.27,0.975399,1.58273,1.66118,0.078446,60.0
1744879023494765.0,-5802.61,4120.27,0.975399,1.58273,1.62442,0.0416844,60.0
1744879023515429.0,-5802.61,4123.01,0.977161,1.66118,1.64715,-0.0140288,60.0
1744879023536050.0,-5802.61,4123.01,0.977161,1.66118,1.72615,0.064977,60.0
1744879023556679.0,-5802.61,4123.01,0.977161,1.66118,1.81822,0.157047,60.0
1744879023577207.0,-5803.03,4126.42,0.979751,1.72615,1.77179,0.04564,60.0
1744879023597932.0,-5803.03,4126.42,0.979751,1.72615,1.71434,-0.0118154,60.0
1744879023618713.0,-5803.03,4129.15,0.981516,1.77179,1.65984,-0.11195,60.0
1744879023639437.0,-5803.03,4129.15,0.981516,1.77179,1.63867,-0.133125,60.0
1744879023660136.0,-5803.03,4129.15,0.981516,1.77179,1.61183,-0.159961,60.0
1744879023680791.0,-5803.46,4132.57,0.98411,1.63867,1.58813,-0.0505422,60.0
1744879023701454.0,-5803.46,4132.57,0.98411,1.63867,1.69454,0.0558696,60.0
1744879023722172.0,-5803.88,4135.3,0.986263,1.58813,1.51126,-0.0768627,60.0
1744879023742680.0,-5803.88,4135.3,0.986263,1.58813,1.65158,0.0634543,60.0
1744879023763955.0,-5803.88,4138.04,0.988032,1.65158,1.75771,0.10613,60.0
1744879023784471.0,-5803.88,4138.04,0.988032,1.65158,1.73629,0.0847058,60.0
1744879023805253.0,-5803.88,4138.04,0.988032,1.65158,1.65926,0.00768135,60.0
1744879023825958.0,-5804.3,4141.45,0.99063,1.73629,1.58217,-0.154113,60.0
1744879023846466.0,-5804.3,4141.45,0.99063,1.73629,1.80385,0.0675656,60.0
1744879023867493.0,-5804.72,4144.19,0.992788,1.58217,1.66465,0.0824769,60.0
1744879023888047.0,-5804.72,4144.19,0.992788,1.58217,1.74625,0.164076,60.0
1744879023908859.0,-5804.72,4144.19,0.992788,1.58217,1.69623,0.114057,60.0
1744879023929693.0,-5804.72,4146.92,0.99456,1.74625,1.75544,0.00919086,60.0
1744879023950346.0,-5804.72,4146.92,0.99456,1.74625,1.69141,-0.0548417,60.0
1744879023971315.0,-5805.14,4150.33,0.997163,1.75544,1.59762,-0.157822,60.0
1744879023992078.0,-5805.14,4150.33,0.997163,1.75544,1.61653,-0.138916,60.0
1744879024013016.0,-5805.14,4150.33,0.997163,1.75544,1.65244,-0.102997,60.0
1744879024033728.0,-5805.56,4153.07,0.999325,1.61653,1.63179,0.0152638,60.0
1744879024054793.0,-5805.56,4153.07,0.999325,1.61653,1.61557,-0.000960009,60.0
1744879024075577.0,-5805.56,4156.48,1.00154,1.63179,1.66125,0.0294614,60.0
1744879024096676.0,-5805.56,4156.48,1.00154,1.63179,1.55912,-0.0726643,60.0
1744879024117267.0,-5805.56,4156.48,1.00154,1.63179,1.72572,0.0939332,60.0
1744879024138219.0,-5805.98,4159.22,1.00371,1.55912,1.67517,0.116048,60.0
1744879024158983.0,-5805.98,4159.22,1.00371,1.55912,1.55031,-0.00881952,60.0
1744879024181212.0,-5806.41,4161.95,1.00587,1.67517,1.62029,-0.0548848,60.0
1744879024201945.0,-5806.41,4161.95,1.00587,1.67517,1.66165,-0.0135255,60.0
1744879024222643.0,-5806.4,4165.37,1.0081,1.62029,1.59178,-0.0285044,60.0
1744879024243214.0,-5806.4,4165.37,1.0081,1.62029,1.7534,0.133109,60.0
1744879024263828.0,-5806.4,4165.37,1.0081,1.62029,1.57432,-0.0459643,60.0
1744879024284503.0,-5806.83,4168.1,1.01027,1.7534,1.72265,-0.0307493,60.0
1744879024305371.0,-5806.83,4168.1,1.01027,1.7534,1.67854,-0.0748603,60.0
1744879024325868.0,-5807.25,4170.83,1.01244,1.72265,1.57218,-0.150472,60.0
1744879024346597.0,-5807.25,4170.83,1.01244,1.72265,1.72105,-0.00159709,60.0
1744879024367568.0,-5807.25,4170.83,1.01244,1.72265,1.77631,0.0536612,60.0
1744879024388139.0,-5807.25,4174.25,1.01467,1.72105,1.73807,0.0170236,60.0
1744879024408930.0,-5807.25,4174.25,1.01467,1.72105,1.65069,-0.0703563,60.0
1744879024429553.0,-5807.67,4176.98,1.01684,1.73807,1.5901,-0.147979,60.0
1744879024450245.0,-5807.67,4176.98,1.01684,1.73807,1.62148,-0.11659,60.0
1744879024471175.0,-5807.67,4176.98,1.01684,1.73807,1.71169,-0.0263886,60.0
1744879024491974.0,-5808.09,4179.71,1.01901,1.62148,1.54228,-0.0792057,60.0
1744879024512690.0,-5808.09,4179.71,1.01901,1.62148,1.56438,-0.0571035,60.0
1744879024533438.0,-5808.09,4183.13,1.02124,1.54228,1.65975,0.11747,60.0
1744879024554131.0,-5808.09,4183.13,1.02124,1.54228,1.69865,0.156369,60.0
1744879024574914.0,-5808.51,4185.86,1.02342,1.65975,1.59503,-0.0647138,60.0
1744879024595671.0,-5808.51,4185.86,1.02342,1.65975,1.51586,-0.143893,60.0
1744879024616340.0,-5808.51,4185.86,1.02342,1.65975,1.69659,0.0368379,60.0
1744879024636969.0,-5808.93,4189.28,1.02604,1.51586,1.35942,-0.156432,60.0
1744879024657656.0,-5808.93,4189.28,1.02604,1.51586,1.66029,0.144434,60.0
1744879024678308.0,-5808.93,4192.01,1.02784,1.35942,1.43854,0.0791121,60.0
1744879024699099.0,-5808.93,4192.01,1.02784,1.35942,1.49455,0.135124,60.0
1744879024719787.0,-5808.93,4192.01,1.02784,1.35942,1.43583,0.0764099,60.0
1744879024740496.0,-5809.35,4194.74,1.03002,1.49455,1.5717,0.0771545,60.0
1744879024761222.0,-5809.35,4194.74,1.03002,1.49455,1.61572,0.121174,60.0
1744879024781759.0,-5809.35,4198.16,1.03226,1.5717,1.52321,-0.048495,60.0
1744879024802589.0,-5809.35,4198.16,1.03226,1.5717,1.48657,-0.0851344,60.0
1744879024823646.0,-5809.35,4198.16,1.03226,1.5717,1.55222,-0.0194861,60.0
1744879024844039.0,-5809.77,4200.89,1.03444,1.48657,1.58424,0.0976706,60.0
1744879024864853.0,-5809.77,4200.89,1.03444,1.48657,1.41918,-0.0673899,60.0
1744879024885530.0,-5809.77,4204.31,1.03669,1.58424,1.68222,0.0979849,60.0
1744879024906259.0,-5809.77,4204.31,1.03669,1.58424,1.71661,0.132375,60.0
1744879024927265.0,-5809.77,4207.04,1.03848,1.71661,1.68585,-0.0307667,60.0
1744879024947645.0,-5809.77,4207.04,1.03848,1.71661,1.74324,0.0266286,60.0
1744879024968292.0,-5809.77,4207.04,1.03848,1.71661,1.57471,-0.141908,60.0
1744879024989198.0,-5810.19,4209.77,1.04067,1.74324,1.81761,0.0743651,60.0
1744879025009879.0,-5810.19,4209.77,1.04067,1.74324,1.6728,-0.0704447,60.0
1744879025031029.0,-5810.19,4213.19,1.04292,1.81761,1.75426,-0.0633427,60.0
1744879025051417.0,-5810.19,4213.19,1.04292,1.81761,1.80806,-0.00954989,60.0
1744879025072391.0,-5810.19,4213.19,1.04292,1.81761,1.80561,-0.0119931,60.0
1744879025092903.0,-5810.61,4215.92,1.04511,1.80806,1.65834,-0.14972,60.0
1744879025113609.0,-5810.61,4215.92,1.04511,1.80806,1.64576,-0.162296,60.0
1744879025134344.0,-5810.61,4218.66,1.04691,1.65834,1.78714,0.128799,60.0
1744879025155032.0,-5810.61,4218.66,1.04691,1.65834,1.67397,0.0156324,60.0
1744879025175756.0,-5810.61,4218.66,1.04691,1.65834,1.80711,0.148767,60.0
1744879025196509.0,-5811.03,4222.07,1.04955,1.67397,1.6287,-0.045274,60.0
1744879025217192.0,-5811.03,4222.07,1.04955,1.67397,1.73222,0.0582537,60.0
1744879025237925.0,-5811.46,4224.8,1.05175,1.6287,1.76354,0.134844,60.0
1744879025258405.0,-5811.46,4224.8,1.05175,1.6287,1.56998,-0.0587178,60.0
1744879025279052.0,-5811.46,4224.8,1.05175,1.6287,1.76336,0.134662,60.0
1744879025299755.0,-5811.46,4228.22,1.054,1.56998,1.61883,0.0488508,60.0
1744879025320543.0,-5811.46,4228.22,1.054,1.56998,1.68624,0.116266,60.0
1744879025341177.0,-5811.88,4230.95,1.0562,1.61883,1.58398,-0.034847,60.0
1744879025362063.0,-5811.88,4230.95,1.0562,1.61883,1.6376,0.0187705,60.0
1744879025382754.0,-5811.88,4233.69,1.05801,1.58398,1.65008,0.0660947,60.0
1744879025403755.0,-5811.88,4233.69,1.05801,1.58398,1.6978,0.113816,60.0
1744879025424327.0,-5811.88,4233.69,1.05801,1.58398,1.6492,0.0652202,60.0
1744879025445115.0,-5812.3,4237.1,1.06066,1.6978,1.57711,-0.120686,60.0
1744879025465665.0,-5812.3,4237.1,1.06066,1.6978,1.72648,0.0286806,60.0
1744879025486618.0,-5812.3,4239.83,1.06247,1.57711,1.73496,0.157844,60.0
1744879025507845.0,-5812.3,4239.83,1.06247,1.57711,1.72563,0.148521,60.0
1744879025528307.0,-5812.3,4239.83,1.06247,1.57711,1.56572,-0.0113967,60.0
1744879025549257.0,-5812.72,4242.57,1.06467,1.72563,1.65076,-0.0748739,60.0
1744879025569804.0,-5812.72,4242.57,1.06467,1.72563,1.81462,0.0889886,60.0
1744879025590329.0,-5812.72,4245.98,1.06694,1.65076,1.65813,0.00737213,60.0
1744879025611302.0,-5812.72,4245.98,1.06694,1.65076,1.79542,0.144655,60.0
1744879025631882.0,-5812.72,4245.98,1.06694,1.65076,1.71327,0.0625086,60.0
1744879025652426.0,-5813.14,4248.72,1.06914,1.79542,1.77787,-0.017544,60.0
1744879025673155.0,-5813.14,4248.72,1.06914,1.79542,1.73905,-0.0563624,60.0
1744879025693986.0,-5813.56,4252.13,1.0718,1.77787,1.64606,-0.131813,60.0
1744879025714642.0,-5813.56,4252.13,1.0718,1.77787,1.66382,-0.114053,60.0
1744879025735297.0,-5813.56,4252.13,1.0718,1.77787,1.64244,-0.135428,60.0
1744879025756007.0,-5813.56,4254.87,1.07362,1.66382,1.5603,-0.103518,60.0
1744879025776910.0,-5813.56,4254.87,1.07362,1.66382,1.54504,-0.118779,60.0
1744879025797476.0,-5813.98,4257.6,1.07582,1.5603,1.65067,0.0903731,60.0
1744879025818155.0,-5813.98,4257.6,1.07582,1.5603,1.71679,0.156493,60.0
1744879025838835.0,-5813.98,4261.01,1.0781,1.65067,1.6985,0.0478305,60.0
1744879025859506.0,-5813.98,4261.01,1.0781,1.65067,1.7534,0.102726,60.0
1744879025880227.0,-5813.98,4261.01,1.0781,1.65067,1.60503,-0.045646,60.0
1744879025900941.0,-5814.4,4263.75,1.08031,1.7534,1.6093,-0.144098,60.0
1744879025921641.0,-5814.4,4263.75,1.08031,1.7534,1.77012,0.0167234,60.0
1744879025942279.0,-5814.82,4266.48,1.08252,1.6093,1.64179,0.0324912,60.0
1744879025963033.0,-5814.82,4266.48,1.08252,1.6093,1.69218,0.0828748,60.0
1744879025983975.0,-5814.82,4266.48,1.08252,1.6093,1.71874,0.109441,60.0
1744879026004554.0,-5814.82,4269.9,1.0848,1.69218,1.6512,-0.0409784,60.0
1744879026025254.0,-5814.82,4269.9,1.0848,1.69218,1.69568,0.00350722,60.0
1744879026045881.0,-5815.24,4272.63,1.08701,1.6512,1.67077,0.0195684,60.0
1744879026066737.0,-5815.24,4272.63,1.08701,1.6512,1.63902,-0.0121735,60.0
1744879026087178.0,-5815.24,4272.63,1.08701,1.6512,1.63389,-0.0173098,60.0
1744879026108217.0,-5815.67,4276.05,1.08969,1.63902,1.69075,0.0517312,60.0
1744879026128696.0,-5815.67,4276.05,1.08969,1.63902,1.73252,0.0934958,60.0
1744879026149293.0,-5815.67,4278.78,1.09151,1.69075,1.78162,0.0908622,60.0
1744879026170043.0,-5815.67,4278.78,1.09151,1.69075,1.83387,0.143111,60.0
1744879026191009.0,-5815.67,4278.78,1.09151,1.69075,1.59293,-0.0978259,60.0
1744879026211569.0,-5816.09,4281.51,1.09373,1.83387,1.73807,-0.0958003,60.0
1744879026232261.0,-5816.09,4281.51,1.09373,1.83387,1.72642,-0.107446,60.0
1744879026253113.0,-5816.51,4284.93,1.09641,1.73807,1.58124,-0.156823,60.0
1744879026273893.0,-5816.51,4284.93,1.09641,1.73807,1.70977,-0.0283003,60.0
1744879026294430.0,-5816.51,4287.66,1.09824,1.58124,1.6543,0.0730597,60.0
1744879026315137.0,-5816.51,4287.66,1.09824,1.58124,1.69224,0.111,60.0
1744879026335908.0,-5816.51,4287.66,1.09824,1.58124,1.50559,-0.0756514,60.0
1744879026356578.0,-5816.93,4290.39,1.10046,1.69224,1.71975,0.0275074,60.0
1744879026377335.0,-5816.93,4290.39,1.10046,1.69224,1.67298,-0.0192605,60.0
1744879026398029.0,-5817.35,4293.81,1.10314,1.71975,1.57704,-0.142707,60.0
1744879026419062.0,-5817.35,4293.81,1.10314,1.71975,1.66536,-0.0543849,60.0
1744879026439368.0,-5817.35,4293.81,1.10314,1.71975,1.67827,-0.041479,60.0
1744879026460044.0,-5817.35,4296.54,1.10498,1.66536,1.51904,-0.146323,60.0
1744879026481168.0,-5817.35,4296.54,1.10498,1.66536,1.64694,-0.018428,60.0
1744879026502069.0,-5817.77,4299.96,1.10766,1.51904,1.65065,0.131612,60.0
1744879026522603.0,-5817.77,4299.96,1.10766,1.51904,1.62338,0.104334,60.0
1744879026543370.0,-5817.77,4299.96,1.10766,1.51904,1.62096,0.101921,60.0
1744879026563835.0,-5818.19,4302.69,1.10989,1.62338,1.52648,-0.0968909,60.0
1744879026584619.0,-5818.19,4302.69,1.10989,1.62338,1.7174,0.0940287,60.0
1744879026605368.0,-5818.19,4305.42,1.11173,1.52648,1.49552,-0.0309625,60.0
1744879026625968.0,-5818.19,4305.42,1.11173,1.52648,1.6317,0.10522,60.0
1744879026646893.0,-5818.61,4308.84,1.11442,1.6317,1.59553,-0.0361706,60.0
1744879026667674.0,-5818.61,4308.84,1.11442,1.6317,1.75195,0.120244,60.0
1744879026688116.0,-5818.61,4308.84,1.11442,1.6317,1.67349,0.0417902,60.0
1744879026708814.0,-5819.04,4311.57,1.11665,1.75195,1.65084,-0.101113,60.0
1744879026729794.0,-5819.04,4311.57,1.11665,1.75195,1.76978,0.0178325,60.0
1744879026750439.0,-5819.04,4314.31,1.11849,1.65084,1.77894,0.128107,60.0
1744879026771068.0,-5819.04,4314.31,1.11849,1.65084,1.66803,0.0171897,60.0
1744879026791582.0,-5819.04,4314.31,1.11849,1.65084,1.69845,0.0476139,60.0
1744879026812532.0,-5819.46,4317.72,1.12118,1.66803,1.65222,-0.0158077,60.0
1744879026833252.0,-5819.46,4317.72,1.12118,1.66803,1.72332,0.055295,60.0
1744879026853856.0,-5819.46,4320.45,1.12303,1.65222,1.59736,-0.0548623,60.0
1744879026874589.0,-5819.46,4320.45,1.12303,1.65222,1.67962,0.0274006,60.0
1744879026895106.0,-5819.46,4320.45,1.12303,1.65222,1.66833,0.0161154,60.0
1744879026915855.0,-5819.88,4323.87,1.12573,1.67962,1.57692,-0.102695,60.0
1744879026936553.0,-5819.88,4323.87,1.12573,1.67962,1.65666,-0.0229541,60.0
1744879026957303.0,-5820.3,4326.6,1.12796,1.57692,1.70755,0.130626,60.0
1744879026978367.0,-5820.3,4326.6,1.12796,1.57692,1.65151,0.0745894,60.0
1744879026999216.0,-5820.3,4326.6,1.12796,1.57692,1.61871,0.0417821,60.0
1744879027019910.0,-5820.3,4329.34,1.12981,1.65151,1.78215,0.130637,60.0
1744879027040590.0,-5820.3,4329.34,1.12981,1.65151,1.61305,-0.0384645,60.0
1744879027061260.0,-5820.72,4332.75,1.13252,1.78215,1.69898,-0.0831657,60.0
1744879027082016.0,-5820.72,4332.75,1.13252,1.78215,1.75051,-0.0316388,60.0
1744879027102991.0,-5821.14,4335.48,1.13476,1.69898,1.71756,0.0185736,60.0
1744879027123537.0,-5821.14,4335.48,1.13476,1.69898,1.69445,-0.0045347,60.0
1744879027144224.0,-5821.14,4335.48,1.13476,1.69898,1.55818,-0.140805,60.0
1744879027164989.0,-5821.14,4338.22,1.13661,1.69445,1.71042,0.0159669,60.0
1744879027185746.0,-5821.14,4338.22,1.13661,1.69445,1.56381,-0.130644,60.0
1744879027206483.0,-5821.56,4341.63,1.13932,1.71042,1.65445,-0.0559638,60.0
1744879027227251.0,-5821.56,4341.63,1.13932,1.71042,1.66756,-0.0428584,60.0
1744879027247976.0,-5821.56,4341.63,1.13932,1.71042,1.59034,-0.120077,60.0
1744879027268643.0,-5821.98,4344.37,1.14156,1.66756,1.65844,-0.00911285,60.0
1744879027289402.0,-5821.98,4344.37,1.14156,1.66756,1.75296,0.0854072,60.0
1744879027311624.0,-5821.98,4347.1,1.14342,1.65844,1.71107,0.0526287,60.0
1744879027332218.0,-5821.98,4347.1,1.14342,1.65844,1.60769,-0.0507528,60.0
1744879027352870.0,-5821.98,4347.1,1.14342,1.65844,1.71774,0.0592911,60.0
1744879027373656.0,-5822.41,4350.52,1.14613,1.60769,1.52852,-0.0791716,60.0
1744879027394302.0,-5822.41,4350.52,1.14613,1.60769,1.67088,0.0631896,60.0
1744879027415006.0,-5822.83,4353.25,1.14838,1.52852,1.57192,0.0434044,60.0
1744879027435691.0,-5822.83,4353.25,1.14838,1.52852,1.55571,0.0271874,60.0
1744879027456375.0,-5822.83,4356.66,1.15071,1.57192,1.64928,0.0773581,60.0
1744879027477293.0,-5822.83,4356.66,1.15071,1.57192,1.73555,0.163626,60.0
1744879027497888.0,-5822.83,4356.66,1.15071,1.57192,1.5446,-0.0273216,60.0
1744879027518296.0,-5823.25,4359.4,1.15296,1.73555,1.58358,-0.151969,60.0
1744879027539367.0,-5823.25,4359.4,1.15296,1.73555,1.64929,-0.0862559,60.0
1744879027560058.0,-5823.25,4362.13,1.15482,1.58358,1.42121,-0.162374,60.0
1744879027580791.0,-5823.25,4362.13,1.15482,1.58358,1.67674,0.0931626,60.0
1744879027601348.0,-5823.25,4362.13,1.15482,1.58358,1.59183,0.00825226,60.0
1744879027622123.0,-5823.67,4365.55,1.15754,1.67674,1.66927,-0.0074735,60.0
1744879027642865.0,-5823.67,4365.55,1.15754,1.67674,1.53727,-0.139471,60.0
1744879027663490.0,-5824.09,4368.28,1.15979,1.66927,1.68428,0.0150071,60.0
1744879027684523.0,-5824.09,4368.28,1.15979,1.66927,1.64476,-0.02451,60.0
1744879027705254.0,-5824.09,4368.28,1.15979,1.66927,1.81011,0.140841,60.0
1744879027725824.0,-5824.09,4371.01,1.16166,1.64476,1.70373,0.058974,60.0
1744879027746576.0,-5824.09,4371.01,1.16166,1.64476,1.73338,0.0886246,60.0
1744879027767112.0,-5824.51,4374.43,1.16439,1.70373,1.74975,0.0460194,60.0
1744879027787805.0,-5824.51,4374.43,1.16439,1.70373,1.54605,-0.15768,60.0
1744879027808766.0,-5824.51,4374.43,1.16439,1.70373,1.81017,0.106435,60.0
1744879027829593.0,-5824.51,4377.16,1.16626,1.54605,1.6095,0.0634411,60.0
1744879027850304.0,-5824.51,4377.16,1.16626,1.54605,1.5423,-0.00374993,60.0
1744879027870968.0,-5824.93,4380.58,1.16898,1.6095,1.67614,0.0666413,60.0
1744879027891934.0,-5824.93,4380.58,1.16898,1.6095,1.71567,0.106169,60.0
1744879027912612.0,-5824.93,4383.31,1.17086,1.67614,1.78615,0.110009,60.0
1744879027933258.0,-5824.93,4383.31,1.17086,1.67614,1.73485,0.0587084,60.0
1744879027953871.0,-5824.93,4383.31,1.17086,1.67614,1.56316,-0.112973,60.0
1744879027974736.0,-5825.35,4386.04,1.17312,1.73485,1.69384,-0.0410101,60.0
1744879027995603.0,-5825.35,4386.04,1.17312,1.73485,1.62183,-0.113017,60.0
1744879028016264.0,-5825.77,4389.46,1.17585,1.69384,1.64342,-0.0504153,60.0
1744879028037275.0,-5825.77,4389.46,1.17585,1.69384,1.69833,0.00449855,60.0
1744879028057913.0,-5825.77,4389.46,1.17585,1.69384,1.73736,0.0435285,60.0
1744879028078755.0,-5825.77,4392.19,1.17773,1.69833,1.8519,0.153566,60.0
1744879028099468.0,-5825.77,4392.19,1.17773,1.69833,1.73245,0.0341195,60.0
1744879028120241.0,-5826.19,4394.92,1.18,1.8519,1.80899,-0.0429061,60.0
1744879028140979.0,-5826.19,4394.92,1.18,1.8519,1.74109,-0.110808,60.0
1744879028161866.0,-5826.19,4394.92,1.18,1.8519,1.74924,-0.102656,60.0
1744879028182158.0,-5826.62,4398.34,1.18273,1.74109,1.84791,0.106818,60.0
1744879028203168.0,-5826.62,4398.34,1.18273,1.74109,1.67372,-0.0673774,60.0
1744879028223997.0,-5826.61,4401.07,1.18461,1.84791,1.81487,-0.0330445,60.0
1744879028244766.0,-5826.61,4401.07,1.18461,1.84791,1.75203,-0.0958856,60.0
1744879028265753.0,-5826.61,4401.07,1.18461,1.84791,1.71649,-0.131417,60.0
1744879028286624.0,-5827.04,4404.49,1.18735,1.75203,1.82436,0.0723352,60.0
1744879028307412.0,-5827.04,4404.49,1.18735,1.75203,1.72835,-0.0236755,60.0
1744879028328252.0,-5827.46,4407.22,1.18963,1.82436,1.84803,0.0236733,60.0
1744879028351905.0,-5827.46,4407.22,1.18963,1.82436,1.76046,-0.0639036,60.0
1744879028372603.0,-5827.88,4409.96,1.1919,1.84803,1.80184,-0.0461972,60.0
1744879028393937.0,-5827.88,4409.96,1.1919,1.84803,1.85675,0.00871113,60.0
1744879028414283.0,-5827.88,4409.96,1.1919,1.84803,1.74569,-0.102341,60.0
1744879028434988.0,-5828.3,4413.37,1.19464,1.85675,1.84176,-0.0149833,60.0
1744879028455741.0,-5828.3,4413.37,1.19464,1.85675,1.75277,-0.103973,60.0
1744879028476723.0,-5828.72,4416.1,1.19692,1.84176,1.82307,-0.0186929,60.0
1744879028497474.0,-5828.72,4416.1,1.19692,1.84176,1.83695,-0.00480763,60.0
1744879028518121.0,-5828.72,4416.1,1.19692,1.84176,1.72938,-0.112377,60.0
1744879028538874.0,-5829.15,4418.84,1.1992,1.83695,1.74683,-0.0901201,60.0
1744879028559679.0,-5829.15,4418.84,1.1992,1.83695,1.71764,-0.119314,60.0
1744879028580368.0,-5829.57,4422.25,1.20195,1.74683,1.73087,-0.0159638,60.0
1744879028601212.0,-5829.57,4422.25,1.20195,1.74683,1.60877,-0.138068,60.0
1744879028621931.0,-5829.99,4424.99,1.20423,1.73087,1.66903,-0.0618396,60.0
1744879028642776.0,-5829.99,4424.99,1.20423,1.73087,1.70279,-0.0280823,60.0
1744879028663504.0,-5829.99,4424.99,1.20423,1.73087,1.74485,0.0139825,60.0
1744879028684189.0,-5830.41,4427.72,1.20651,1.70279,1.63924,-0.0635444,60.0
1744879028704687.0,-5830.41,4427.72,1.20651,1.70279,1.66481,-0.0379778,60.0
1744879028725280.0,-5830.83,4431.14,1.20926,1.63924,1.78839,0.149148,60.0
1744879028746156.0,-5830.83,4431.14,1.20926,1.63924,1.68352,0.0442786,60.0
1744879028767034.0,-5830.83,4431.14,1.20926,1.63924,1.75922,0.119972,60.0
1744879028787887.0,-5831.26,4433.87,1.21154,1.68352,1.55043,-0.133097,60.0
1744879028808186.0,-5831.26,4433.87,1.21154,1.68352,1.69382,0.0103024,60.0
1744879028828939.0,-5831.68,4436.6,1.21383,1.55043,1.58826,0.037839,60.0
1744879028849414.0,-5831.68,4436.6,1.21383,1.55043,1.70759,0.157165,60.0
1744879028870248.0,-5831.68,4436.6,1.21383,1.55043,1.61481,0.0643842,60.0
1744879028891073.0,-5832.1,4440.02,1.21659,1.70759,1.73843,0.030842,60.0
1744879028911965.0,-5832.1,4440.02,1.21659,1.70759,1.60031,-0.107282,60.0
1744879028932294.0,-5832.52,4442.75,1.21888,1.73843,1.62852,-0.109909,60.0
1744879028953084.0,-5832.52,4442.75,1.21888,1.73843,1.60955,-0.128881,60.0
1744879028974115.0,-5832.52,4442.75,1.21888,1.73843,1.88435,0.145918,60.0
1744879028994998.0,-5832.94,4445.48,1.22116,1.60955,1.65967,0.0501199,60.0
1744879029016090.0,-5832.94,4445.48,1.22116,1.60955,1.75364,0.144087,60.0
1744879029036369.0,-5833.37,4448.9,1.22393,1.65967,1.60955,-0.0501192,60.0
1744879029056976.0,-5833.37,4448.9,1.22393,1.65967,1.66409,0.00441674,60.0
1744879029077779.0,-5833.79,4451.63,1.22622,1.60955,1.53156,-0.0779879,60.0
1744879029098388.0,-5833.79,4451.63,1.22622,1.60955,1.69662,0.0870651,60.0
1744879029118923.0,-5833.79,4451.63,1.22622,1.60955,1.69967,0.0901173,60.0
1744879029139708.0,-5834.21,4455.05,1.22899,1.69662,1.71662,0.0200057,60.0
1744879029160461.0,-5834.21,4455.05,1.22899,1.69662,1.72361,0.0269946,60.0
1744879029181174.0,-5834.21,4457.78,1.23089,1.71662,1.59011,-0.126516,60.0
1744879029201907.0,-5834.21,4457.78,1.23089,1.71662,1.62811,-0.0885085,60.0
1744879029222477.0,-5834.21,4457.78,1.23089,1.71662,1.83187,0.115247,60.0
1744879029243549.0,-5834.63,4460.51,1.23319,1.62812,1.67461,0.0464972,60.0
1744879029264007.0,-5834.63,4460.51,1.23319,1.62812,1.74195,0.113834,60.0
1744879029284731.0,-5835.05,4463.93,1.23596,1.67461,1.6341,-0.040513,60.0
1744879029305544.0,-5835.05,4463.93,1.23596,1.67461,1.65613,-0.0184859,60.0
1744879029326266.0,-5835.05,4463.93,1.23596,1.67461,1.82866,0.154045,60.0
1744879029346955.0,-5835.47,4466.66,1.23826,1.65613,1.71715,0.0610236,60.0
1744879029367795.0,-5835.47,4466.66,1.23826,1.65613,1.62918,-0.0269432,60.0
1744879029388372.0,-5835.9,4469.4,1.24056,1.71715,1.67819,-0.0389642,60.0
1744879029409018.0,-5835.9,4469.4,1.24056,1.71715,1.66989,-0.0472608,60.0
1744879029429677.0,-5835.9,4469.4,1.24056,1.71715,1.80964,0.0924882,60.0
1744879029450341.0,-5836.32,4472.81,1.24333,1.66989,1.60262,-0.0672727,60.0
1744879029471391.0,-5836.32,4472.81,1.24333,1.66989,1.52809,-0.141794,60.0
1744879029492450.0,-5836.74,4475.55,1.24564,1.60262,1.69,0.0873879,60.0
1744879029512996.0,-5836.74,4475.55,1.24564,1.60262,1.69121,0.0885974,60.0
1744879029533801.0,-5836.74,4478.28,1.24755,1.69,1.75706,0.0670519,60.0
1744879029554350.0,-5836.74,4478.28,1.24755,1.69,1.55474,-0.135262,60.0
1744879029575488.0,-5836.74,4478.28,1.24755,1.69,1.77405,0.0840467,60.0
1744879029596245.0,-5837.16,4481.69,1.25033,1.55474,1.60408,0.0493365,60.0
1744879029616678.0,-5837.16,4481.69,1.25033,1.55474,1.68789,0.13315,60.0
1744879029637478.0,-5837.58,4484.43,1.25264,1.60408,1.61878,0.0147034,60.0
1744879029658113.0,-5837.58,4484.43,1.25264,1.60408,1.6425,0.0384169,60.0
1744879029679099.0,-5837.58,4484.43,1.25264,1.60408,1.73789,0.133813,60.0
1744879029700094.0,-5838.0,4487.84,1.25542,1.6425,1.53643,-0.106063,60.0
1744879029720880.0,-5838.0,4487.84,1.25542,1.6425,1.63954,-0.00295411,60.0
1744879029741758.0,-5838.0,4490.58,1.25734,1.53643,1.63486,0.0984269,60.0
1744879029762603.0,-5838.0,4490.58,1.25734,1.53643,1.66057,0.124142,60.0
1744879029784688.0,-5838.0,4490.58,1.25734,1.53643,1.44988,-0.0865543,60.0
1744879029805277.0,-5838.42,4493.31,1.25965,1.66057,1.69411,0.0335385,60.0
1744879029825873.0,-5838.42,4493.31,1.25965,1.66057,1.75005,0.0894756,60.0
1744879029846496.0,-5838.85,4496.73,1.26244,1.69411,1.65289,-0.0412243,60.0
1744879029867251.0,-5838.85,4496.73,1.26244,1.69411,1.74905,0.0549336,60.0
1744879029888194.0,-5839.27,4499.46,1.26475,1.65289,1.65616,0.00327133,60.0
1744879029909034.0,-5839.27,4499.46,1.26475,1.65289,1.5909,-0.0619847,60.0
1744879029929878.0,-5839.27,4499.46,1.26475,1.65289,1.65986,0.00697497,60.0
1744879029950576.0,-5839.27,4502.19,1.26668,1.5909,1.55072,-0.0401826,60.0
1744879029971183.0,-5839.27,4502.19,1.26668,1.5909,1.64144,0.0505309,60.0
1744879029992352.0,-5839.69,4505.61,1.26947,1.55072,1.62465,0.0739292,60.0
1744879030012929.0,-5839.69,4505.61,1.26947,1.55072,1.53933,-0.0113884,60.0
1744879030033829.0,-5839.69,4505.61,1.26947,1.55072,1.68487,0.134146,60.0
1744879030054306.0,-5839.69,4508.34,1.2714,1.53933,1.51251,-0.0268185,60.0
1744879030074934.0,-5839.69,4508.34,1.2714,1.53933,1.5776,0.0382651,60.0
1744879030095661.0,-5840.11,4511.07,1.27372,1.51251,1.64161,0.129093,60.0
1744879030116667.0,-5840.11,4511.07,1.27372,1.51251,1.66254,0.15002,60.0
1744879030137196.0,-5840.11,4511.07,1.27372,1.51251,1.53837,0.025855,60.0
1744879030157854.0,-5840.53,4514.49,1.27652,1.66254,1.67119,0.00865218,60.0
1744879030178711.0,-5840.53,4514.49,1.27652,1.66254,1.54882,-0.113711,60.0
1744879030199513.0,-5840.53,4517.22,1.27845,1.67119,1.51033,-0.160856,60.0
1744879030219737.0,-5840.53,4517.22,1.27845,1.67119,1.70159,0.0304013,60.0
1744879030240692.0,-5840.95,4520.64,1.28125,1.70159,1.82544,0.123856,60.0
1744879030261365.0,-5840.95,4520.64,1.28125,1.70159,1.67102,-0.030564,60.0
1744879030282020.0,-5840.95,4520.64,1.28125,1.70159,1.78919,0.0876011,60.0
1744879030302615.0,-5840.95,4523.37,1.28318,1.67102,1.64696,-0.0240638,60.0
1744879030323317.0,-5840.95,4523.37,1.28318,1.67102,1.51118,-0.15984,60.0
1744879030344046.0,-5841.37,4526.1,1.28551,1.64696,1.73408,0.0871158,60.0
1744879030364896.0,-5841.37,4526.1,1.28551,1.64696,1.71694,0.0699821,60.0
1744879030385507.0,-5841.37,4526.1,1.28551,1.64696,1.62585,-0.0211123,60.0
1744879030406573.0,-5841.37,4529.52,1.28793,1.71694,1.79076,0.0738175,60.0
1744879030427171.0,-5841.37,4529.52,1.28793,1.71694,1.59694,-0.119998,60.0
1744879030447868.0,-5841.79,4532.25,1.29025,1.79076,1.66136,-0.129401,60.0
1744879030468621.0,-5841.79,4532.25,1.29025,1.79076,1.65827,-0.132495,60.0
1744879030489775.0,-5841.79,4532.25,1.29025,1.79076,1.8101,0.0193416,60.0
1744879030510393.0,-5842.21,4534.99,1.29258,1.65827,1.69778,0.0395106,60.0
1744879030531024.0,-5842.21,4534.99,1.29258,1.65827,1.66002,0.00175078,60.0
1744879030551747.0,-5842.21,4538.4,1.295,1.69778,1.78578,0.0880038,60.0
1744879030572434.0,-5842.21,4538.4,1.295,1.69778,1.69625,-0.00152301,60.0
1744879030592968.0,-5842.21,4538.4,1.295,1.69778,1.72561,0.0278293,60.0
1744879030613702.0,-5842.63,4541.13,1.29733,1.69625,1.62235,-0.073902,60.0
1744879030634419.0,-5842.63,4541.13,1.29733,1.69625,1.79305,0.0967957,60.0
1744879030655088.0,-5843.06,4544.55,1.30015,1.62235,1.71011,0.0877562,60.0
1744879030675786.0,-5843.06,4544.55,1.30015,1.62235,1.64596,0.0236084,60.0
1744879030696308.0,-5843.05,4547.28,1.30209,1.71011,1.60066,-0.109444,60.0
1744879030716968.0,-5843.05,4547.28,1.30209,1.71011,1.78627,0.0761585,60.0
1744879030737921.0,-5843.05,4547.28,1.30209,1.71011,1.71174,0.00163099,60.0
1744879030758338.0,-5843.48,4550.02,1.30443,1.78627,1.82159,0.0353283,60.0
1744879030779382.0,-5843.48,4550.02,1.30443,1.78627,1.62692,-0.159346,60.0
1744879030800079.0,-5843.9,4553.43,1.30725,1.82159,1.73543,-0.0861652,60.0
1744879030820658.0,-5843.9,4553.43,1.30725,1.82159,1.77531,-0.0462817,60.0
1744879030841424.0,-5843.9,4553.43,1.30725,1.82159,1.69349,-0.128104,60.0
1744879030862158.0,-5844.32,4556.17,1.30959,1.77531,1.69475,-0.0805634,60.0
1744879030882940.0,-5844.32,4556.17,1.30959,1.77531,1.76047,-0.0148431,60.0
1744879030903587.0,-5844.32,4558.9,1.31153,1.69475,1.6841,-0.0106524,60.0
1744879030924248.0,-5844.32,4558.9,1.31153,1.69475,1.56047,-0.134278,60.0
1744879030944753.0,-5844.32,4558.9,1.31153,1.69475,1.56307,-0.131679,60.0
1744879030965425.0,-5844.74,4562.31,1.31436,1.56047,1.59402,0.0335479,60.0
1744879030986757.0,-5844.74,4562.31,1.31436,1.56047,1.70602,0.14555,60.0
1744879031007578.0,-5845.16,4565.05,1.3167,1.59402,1.46336,-0.130656,60.0
1744879031027889.0,-5845.16,4565.05,1.3167,1.59402,1.55836,-0.0356561,60.0
1744879031048436.0,-5845.16,4565.05,1.3167,1.59402,1.54842,-0.0455985,60.0
1744879031069041.0,-5845.58,4568.46,1.31953,1.55836,1.6969,0.138541,60.0
1744879031089599.0,-5845.58,4568.46,1.31953,1.55836,1.5614,0.0030362,60.0
1744879031110188.0,-5845.58,4571.2,1.32148,1.6969,1.55752,-0.139385,60.0
1744879031131279.0,-5845.58,4571.2,1.32148,1.6969,1.70434,0.00744066,60.0
1744879031152040.0,-5846.0,4573.93,1.32383,1.55752,1.60291,0.0453949,60.0
1744879031172807.0,-5846.0,4573.93,1.32383,1.55752,1.63112,0.0736046,60.0
1744879031193593.0,-5846.0,4573.93,1.32383,1.55752,1.68662,0.129099,60.0
1744879031214216.0,-5846.43,4577.34,1.32666,1.63112,1.72029,0.0891627,60.0
1744879031234865.0,-5846.43,4577.34,1.32666,1.63112,1.78769,0.156571,60.0
1744879031255927.0,-5846.43,4580.08,1.32862,1.72029,1.81299,0.0927003,60.0
1744879031276697.0,-5846.43,4580.08,1.32862,1.72029,1.6715,-0.0487823,60.0
1744879031297146.0,-5846.43,4580.08,1.32862,1.72029,1.7462,0.0259178,60.0
1744879031317673.0,-5846.85,4582.81,1.33097,1.6715,1.69253,0.0210268,60.0
1744879031338486.0,-5846.85,4582.81,1.33097,1.6715,1.67154,3.50347e-05,60.0
1744879031358969.0,-5847.27,4586.23,1.33381,1.69253,1.62317,-0.0693561,60.0
1744879031379568.0,-5847.27,4586.23,1.33381,1.69253,1.65774,-0.0347959,60.0
1744879031400480.0,-5847.27,4586.23,1.33381,1.69253,1.56854,-0.123992,60.0
1744879031421312.0,-5847.27,4588.96,1.33577,1.65774,1.61631,-0.0414298,60.0
1744879031441985.0,-5847.27,4588.96,1.33577,1.65774,1.56134,-0.0963948,60.0
1744879031462571.0,-5847.69,4592.38,1.33861,1.61631,1.62503,0.00872884,60.0
1744879031483518.0,-5847.69,4592.38,1.33861,1.61631,1.65803,0.0417255,60.0
1744879031504487.0,-5848.11,4595.11,1.34096,1.62503,1.73415,0.109114,60.0
1744879031524828.0,-5848.11,4595.11,1.34096,1.62503,1.77417,0.14914,60.0
1744879031545941.0,-5848.11,4595.11,1.34096,1.62503,1.60285,-0.0221877,60.0
1744879031566537.0,-5848.11,4597.84,1.34293,1.77417,1.76647,-0.00770569,60.0
1744879031587218.0,-5848.11,4597.84,1.34293,1.77417,1.71965,-0.0545237,60.0
1744879031607990.0,-5848.53,4601.26,1.34577,1.76647,1.74642,-0.0200439,60.0
1744879031628576.0,-5848.53,4601.26,1.34577,1.76647,1.76833,0.00185712,60.0
1744879031649302.0,-5848.53,4601.26,1.34577,1.76647,1.65067,-0.115799,60.0
1744879031670076.0,-5848.95,4603.99,1.34813,1.76833,1.76541,-0.00291588,60.0
1744879031690803.0,-5848.95,4603.99,1.34813,1.76833,1.70425,-0.064073,60.0
1744879031711669.0,-5848.95,4606.72,1.3501,1.76541,1.78974,0.0243345,60.0
1744879031732595.0,-5848.95,4606.72,1.3501,1.76541,1.63918,-0.126234,60.0
1744879031753363.0,-5848.95,4606.72,1.3501,1.76541,1.60985,-0.155557,60.0
1744879031773935.0,-5849.37,4610.14,1.35295,1.63918,1.75313,0.113956,60.0
1744879031794552.0,-5849.37,4610.14,1.35295,1.63918,1.52994,-0.109239,60.0
1744879031815190.0,-5849.8,4612.87,1.35531,1.75313,1.61772,-0.135411,60.0
1744879031836221.0,-5849.8,4612.87,1.35531,1.75313,1.60859,-0.14454,60.0
1744879031856682.0,-5849.8,4612.87,1.35531,1.75313,1.7599,0.00676779,60.0
1744879031877414.0,-5850.22,4615.61,1.35768,1.60859,1.7329,0.124308,60.0
1744879031898055.0,-5850.22,4615.61,1.35768,1.60859,1.66306,0.0544699,60.0
1744879031918706.0,-5850.64,4619.02,1.36053,1.7329,1.59896,-0.13394,60.0
1744879031939692.0,-5850.64,4619.02,1.36053,1.7329,1.76945,0.03655,60.0
1744879031960121.0,-5850.64,4619.02,1.36053,1.7329,1.7162,-0.0166985,60.0
1744879031980915.0,-5850.64,4621.75,1.36251,1.76945,1.6229,-0.146554,60.0
1744879032001625.0,-5850.64,4621.75,1.36251,1.76945,1.70914,-0.0603106,60.0
1744879032022345.0,-5851.06,4625.17,1.36537,1.6229,1.69704,0.0741403,60.0
1744879032043115.0,-5851.06,4625.17,1.36537,1.6229,1.54684,-0.0760512,60.0
1744879032063804.0,-5851.48,4627.9,1.36773,1.69704,1.54675,-0.150287,60.0
1744879032084455.0,-5851.48,4627.9,1.36773,1.69704,1.56675,-0.130289,60.0
1744879032105198.0,-5851.48,4627.9,1.36773,1.69704,1.61188,-0.0851573,60.0
1744879032125806.0,-5851.9,4630.64,1.3701,1.56675,1.48713,-0.0796164,60.0
1744879032146542.0,-5851.9,4630.64,1.3701,1.56675,1.71714,0.150389,60.0
1744879032167216.0,-5852.33,4634.05,1.37297,1.48713,1.61761,0.130481,60.0
1744879032188944.0,-5852.33,4634.05,1.37297,1.48713,1.493,0.00586538,60.0
1744879032209959.0,-5852.33,4634.05,1.37297,1.48713,1.6018,0.114673,60.0
1744879032230538.0,-5852.32,4636.79,1.37495,1.493,1.59925,0.106257,60.0
1744879032251279.0,-5852.32,4636.79,1.37495,1.493,1.62849,0.135497,60.0
1744879032272036.0,-5852.75,4639.52,1.37732,1.59925,1.75401,0.15476,60.0
1744879032292724.0,-5852.75,4639.52,1.37732,1.59925,1.6464,0.0471472,60.0
1744879032313361.0,-5852.75,4639.52,1.37732,1.59925,1.6775,0.0782498,60.0
1744879032334071.0,-5852.74,4642.93,1.3798,1.6464,1.61262,-0.0337795,60.0
1744879032354825.0,-5852.74,4642.93,1.3798,1.6464,1.60522,-0.0411814,60.0
1744879032375598.0,-5853.17,4645.67,1.38218,1.61262,1.53097,-0.0816484,60.0
1744879032396277.0,-5853.17,4645.67,1.38218,1.61262,1.77257,0.159946,60.0
1744879032417054.0,-5853.59,4649.08,1.38505,1.53097,1.57331,0.042337,60.0
1744879032437785.0,-5853.59,4649.08,1.38505,1.53097,1.50824,-0.0227337,60.0
1744879032458579.0,-5853.59,4649.08,1.38505,1.53097,1.65558,0.124603,60.0
1744879032479507.0,-5853.59,4651.82,1.38704,1.50824,1.59705,0.0888158,60.0
1744879032500638.0,-5853.59,4651.82,1.38704,1.50824,1.67189,0.163648,60.0
1744879032521218.0,-5854.01,4654.55,1.38942,1.59705,1.50557,-0.0914841,60.0
1744879032541928.0,-5854.01,4654.55,1.38942,1.59705,1.5243,-0.0727508,60.0
1744879032563028.0,-5854.01,4654.55,1.38942,1.59705,1.64479,0.047734,60.0
1744879032583732.0,-5854.01,4657.96,1.39191,1.5243,1.61753,0.0932309,60.0
1744879032604378.0,-5854.01,4657.96,1.39191,1.5243,1.66448,0.140174,60.0
1744879032625141.0,-5854.43,4660.7,1.39429,1.61753,1.45333,-0.164203,60.0
1744879032645990.0,-5854.43,4660.7,1.39429,1.61753,1.69398,0.0764502,60.0
1744879032666692.0,-5854.43,4660.7,1.39429,1.61753,1.72173,0.104196,60.0
1744879032687480.0,-5854.43,4663.43,1.39628,1.69398,1.55245,-0.141538,60.0
1744879032708340.0,-5854.43,4663.43,1.39628,1.69398,1.79684,0.102854,60.0
1744879032729006.0,-5854.85,4666.85,1.39916,1.55245,1.6625,0.110054,60.0
1744879032749946.0,-5854.85,4666.85,1.39916,1.55245,1.53233,-0.0201184,60.0
1744879032770551.0,-5854.85,4666.85,1.39916,1.55245,1.63203,0.0795837,60.0
1744879032791418.0,-5854.85,4669.58,1.40116,1.53233,1.6836,0.151273,60.0
1744879032812206.0,-5854.85,4669.58,1.40116,1.53233,1.55045,0.0181166,60.0
1744879032833082.0,-5854.84,4673.0,1.40365,1.6836,1.73629,0.0526923,60.0
1744879032853755.0,-5854.84,4673.0,1.40365,1.6836,1.80017,0.116568,60.0
1744879032874192.0,-5855.27,4675.73,1.40604,1.73629,1.75306,0.0167662,60.0
1744879032895075.0,-5855.27,4675.73,1.40604,1.73629,1.67861,-0.0576887,60.0
1744879032915676.0,-5855.27,4675.73,1.40604,1.73629,1.73775,0.00145188,60.0
1744879032936308.0,-5855.27,4678.46,1.40804,1.67861,1.53865,-0.13996,60.0
1744879032957063.0,-5855.27,4678.46,1.40804,1.67861,1.73631,0.0577009,60.0
1744879032977930.0,-5855.69,4681.88,1.41093,1.53865,1.6626,0.123951,60.0
1744879032998886.0,-5855.69,4681.88,1.41093,1.53865,1.69542,0.156775,60.0
1744879033019671.0,-5855.69,4681.88,1.41093,1.53865,1.5456,0.00695744,60.0
1744879033040104.0,-5855.69,4684.61,1.41293,1.69542,1.78634,0.0909223,60.0
1744879033061107.0,-5855.69,4684.61,1.41293,1.69542,1.6752,-0.0202151,60.0
1744879033081982.0,-5856.11,4687.34,1.41533,1.78634,1.70642,-0.0799231,60.0
1744879033103038.0,-5856.11,4687.34,1.41533,1.78634,1.73285,-0.0534949,60.0
1744879033123740.0,-5856.11,4687.34,1.41533,1.78634,1.67986,-0.106481,60.0
1744879033144556.0,-5856.11,4690.76,1.41783,1.73285,1.66801,-0.0648394,60.0
1744879033165397.0,-5856.11,4690.76,1.41783,1.73285,1.6694,-0.06345,60.0
1744879033186030.0,-5856.53,4693.49,1.42023,1.66801,1.55546,-0.112544,60.0
1744879033206650.0,-5856.53,4693.49,1.42023,1.66801,1.78334,0.115336,60.0
1744879033227400.0,-5856.53,4696.91,1.42274,1.55546,1.56292,0.00745952,60.0
1744879033248134.0,-5856.53,4696.91,1.42274,1.55546,1.58975,0.0342864,60.0
1744879033268947.0,-5856.53,4696.91,1.42274,1.55546,1.71263,0.157164,60.0
1744879033289453.0,-5856.95,4699.64,1.42514,1.58975,1.69522,0.105465,60.0
1744879033310463.0,-5856.95,4699.64,1.42514,1.58975,1.7365,0.146754,60.0
1744879033331007.0,-5856.95,4702.37,1.42715,1.69522,1.69655,0.00133649,60.0
1744879033351838.0,-5856.95,4702.37,1.42715,1.69522,1.64016,-0.0550598,60.0
1744879033372489.0,-5856.95,4702.37,1.42715,1.69522,1.71318,0.0179614,60.0
1744879033393122.0,-5857.37,4705.79,1.43005,1.64016,1.60403,-0.0361219,60.0
1744879033413869.0,-5857.37,4705.79,1.43005,1.64016,1.72549,0.0853356,60.0
1744879033434498.0,-5857.37,4708.52,1.43206,1.60403,1.56324,-0.0407935,60.0
1744879033455618.0,-5857.37,4708.52,1.43206,1.60403,1.56101,-0.0430277,60.0
1744879033476086.0,-5857.37,4708.52,1.43206,1.60403,1.65707,0.0530386,60.0
1744879033497112.0,-5857.79,4711.94,1.43497,1.56101,1.5196,-0.0414038,60.0
1744879033518063.0,-5857.79,4711.94,1.43497,1.56101,1.55474,-0.00626501,60.0
1744879033538929.0,-5857.79,4714.67,1.43698,1.5196,1.62694,0.107335,60.0
1744879033563629.0,-5857.79,4714.67,1.43698,1.5196,1.68022,0.160618,60.0
1744879033584372.0,-5858.21,4717.4,1.43939,1.62694,1.61619,-0.0107521,60.0
1744879033605109.0,-5858.21,4717.4,1.43939,1.62694,1.74316,0.116219,60.0
1744879033625853.0,-5858.21,4717.4,1.43939,1.62694,1.6851,0.0581615,60.0
1744879033646521.0,-5858.21,4720.82,1.44191,1.74316,1.71827,-0.0248872,60.0
1744879033667363.0,-5858.21,4720.82,1.44191,1.74316,1.73885,-0.00430911,60.0
1744879033688095.0,-5858.63,4723.55,1.44432,1.71827,1.76821,0.0499398,60.0
1744879033708648.0,-5858.63,4723.55,1.44432,1.71827,1.65004,-0.0682289,60.0
1744879033729386.0,-5858.63,4723.55,1.44432,1.71827,1.63729,-0.080976,60.0
1744879033750189.0,-5858.63,4726.29,1.44634,1.65004,1.71561,0.0655672,60.0
1744879033770921.0,-5858.63,4726.29,1.44634,1.65004,1.75113,0.101089,60.0
1744879033791577.0,-5859.05,4729.7,1.44926,1.71561,1.79541,0.0797996,60.0
1744879033812234.0,-5859.05,4729.7,1.44926,1.71561,1.61471,-0.100899,60.0
1744879033832871.0,-5859.05,4729.7,1.44926,1.71561,1.72116,0.0055503,60.0
1744879033853623.0,-5859.05,4732.43,1.45128,1.61471,1.62393,0.0092236,60.0
1744879033875740.0,-5859.05,4732.43,1.45128,1.61471,1.58349,-0.0312134,60.0
1744879033896121.0,-5859.47,4735.85,1.4542,1.62393,1.64968,0.0257468,60.0
1744879033916870.0,-5859.47,4735.85,1.4542,1.62393,1.51876,-0.105173,60.0
1744879033937614.0,-5859.47,4738.58,1.45622,1.64968,1.57927,-0.0704124,60.0
1744879033958342.0,-5859.47,4738.58,1.45622,1.64968,1.63207,-0.0176044,60.0
1744879033979182.0,-5859.47,4738.58,1.45622,1.64968,1.70327,0.0535935,60.0
1744879034000146.0,-5859.89,4741.32,1.45864,1.63207,1.57211,-0.0599627,60.0
1744879034020938.0,-5859.89,4741.32,1.45864,1.63207,1.68556,0.0534827,60.0
1744879034041948.0,-5859.89,4744.73,1.46118,1.57211,1.54719,-0.0249258,60.0
1744879034062608.0,-5859.89,4744.73,1.46118,1.57211,1.53415,-0.0379636,60.0
1744879034083305.0,-5859.89,4744.73,1.46118,1.57211,1.63529,0.0631833,60.0
1744879034104007.0,-5860.31,4747.47,1.46359,1.53415,1.45928,-0.0748715,60.0
1744879034124844.0,-5860.31,4747.47,1.46359,1.53415,1.60014,0.0659971,60.0
1744879034145506.0,-5860.31,4750.2,1.46562,1.45928,1.55226,0.0929846,60.0
1744879034166382.0,-5860.31,4750.2,1.46562,1.45928,1.54828,0.0890008,60.0
1744879034187106.0,-5860.31,4750.2,1.46562,1.45928,1.52177,0.062493,60.0
1744879034207947.0,-5860.73,4753.61,1.46855,1.54828,1.65452,0.106242,60.0
1744879034228813.0,-5860.73,4753.61,1.46855,1.54828,1.66825,0.119972,60.0
1744879034249138.0,-5860.73,4756.35,0.470587,1.65452,1.79383,0.139316,60.0
1744879034270160.0,-5860.73,4756.35,0.470587,1.65452,1.79129,0.136771,60.0
1744879034290958.0,-5860.73,4759.76,0.47313,1.79383,1.78866,-0.00517163,60.0
1744879034311791.0,-5860.73,4759.76,0.47313,1.79383,1.67905,-0.11478,60.0
1744879034332480.0,-5860.73,4759.76,0.47313,1.79383,1.68732,-0.106518,60.0
1744879034353251.0,-5861.15,4762.5,0.475555,1.67905,1.84164,0.162588,60.0
1744879034374007.0,-5861.15,4762.5,0.475555,1.67905,1.75929,0.0802349,60.0
1744879034394763.0,-5861.15,4765.23,0.477592,1.84164,1.67741,-0.164231,60.0
1744879034415595.0,-5861.15,4765.23,0.477592,1.84164,1.77481,-0.0668371,60.0
1744879034436670.0,-5861.15,4765.23,0.477592,1.84164,1.9139,0.0722617,60.0
1744879034457568.0,-5861.57,4768.65,0.480529,1.77481,1.71124,-0.0635638,60.0
1744879034478227.0,-5861.57,4768.65,0.480529,1.77481,1.90082,0.126012,60.0
1744879034499216.0,-5861.57,4771.38,0.482568,1.71124,1.60458,-0.106665,60.0
1744879034520079.0,-5861.57,4771.38,0.482568,1.71124,1.68013,-0.0311069,60.0
1744879034540778.0,-5861.57,4771.38,0.482568,1.71124,1.62538,-0.085863,60.0
1744879034561473.0,-5861.99,4774.79,0.485509,1.68013,1.82819,0.148053,60.0
1744879034582368.0,-5861.99,4774.79,0.485509,1.68013,1.63095,-0.0491844,60.0
1744879034602968.0,-5862.41,4777.53,0.487941,1.82819,1.71956,-0.10863,60.0
1744879034623686.0,-5862.41,4777.53,0.487941,1.82819,1.70422,-0.123969,60.0
1744879034644828.0,-5862.41,4777.53,0.487941,1.82819,1.76799,-0.0601988,60.0
1744879034665384.0,-5862.41,4780.26,0.489984,1.70422,1.67908,-0.0251359,60.0
1744879034686230.0,-5862.41,4780.26,0.489984,1.70422,1.59921,-0.10501,60.0
1744879034707369.0,-5862.83,4783.68,0.49293,1.67908,1.77223,0.0931502,60.0
1744879034728019.0,-5862.83,4783.68,0.49293,1.67908,1.67194,-0.00713839,60.0
1744879034748694.0,-5863.25,4786.41,0.495366,1.77223,1.66428,-0.107953,60.0
1744879034769396.0,-5863.25,4786.41,0.495366,1.77223,1.69586,-0.0763772,60.0
1744879034790266.0,-5863.25,4786.41,0.495366,1.77223,1.63928,-0.132948,60.0
1744879034810914.0,-5863.25,4789.14,0.497413,1.69586,1.83542,0.139566,60.0
1744879034831958.0,-5863.25,4789.14,0.497413,1.69586,1.57431,-0.121548,60.0
1744879034852814.0,-5863.67,4792.56,0.500363,1.83542,1.82971,-0.00570963,60.0
1744879034873670.0,-5863.67,4792.56,0.500363,1.83542,1.88525,0.04983,60.0
1744879034894366.0,-5863.67,4792.56,0.500363,1.83542,1.8165,-0.0189237,60.0
1744879034915220.0,-5864.1,4795.29,0.502803,1.88525,1.87168,-0.0135736,60.0
1744879034936209.0,-5864.1,4795.29,0.502803,1.88525,1.84013,-0.045125,60.0
1744879034957136.0,-5864.52,4798.02,0.505244,1.87168,1.72693,-0.144744,60.0
1744879034978222.0,-5864.52,4798.02,0.505244,1.87168,1.82903,-0.0426435,60.0
1744879034999252.0,-5864.52,4798.02,0.505244,1.87168,1.79445,-0.0772297,60.0
1744879035021014.0,-5864.94,4801.44,0.508199,1.82903,1.9318,0.102763,60.0
1744879035041952.0,-5864.94,4801.44,0.508199,1.82903,1.98378,0.154748,60.0
1744879035063132.0,-5865.36,4804.17,0.510643,1.9318,1.78427,-0.147529,60.0
1744879035083805.0,-5865.36,4804.17,0.510643,1.9318,1.80188,-0.129915,60.0
1744879035104560.0,-5865.36,4804.17,0.510643,1.9318,1.82639,-0.10541,60.0
1744879035125414.0,-5865.78,4807.59,0.513602,1.80188,1.83116,0.0292774,60.0
1744879035146370.0,-5865.78,4807.59,0.513602,1.80188,1.73684,-0.0650447,60.0
1744879035167202.0,-5866.2,4810.32,0.516048,1.83116,1.71509,-0.116068,60.0
1744879035188028.0,-5866.2,4810.32,0.516048,1.83116,1.74382,-0.0873361,60.0
1744879035208919.0,-5866.63,4813.06,0.518496,1.71509,1.69455,-0.0205378,60.0
1744879035229831.0,-5866.63,4813.06,0.518496,1.71509,1.7845,0.069409,60.0
1744879035251054.0,-5866.63,4813.06,0.518496,1.71509,1.73481,0.0197146,60.0
1744879035271767.0,-5867.05,4816.47,0.521459,1.7845,1.63948,-0.145019,60.0
1744879035292645.0,-5867.05,4816.47,0.521459,1.7845,1.73665,-0.0478545,60.0
1744879035313728.0,-5867.47,4819.2,0.52391,1.63948,1.63472,-0.00476281,60.0
1744879035334928.0,-5867.47,4819.2,0.52391,1.63948,1.73429,0.094806,60.0
1744879035355796.0,-5867.47,4819.2,0.52391,1.63948,1.52357,-0.11591,60.0
1744879035376795.0,-5867.89,4821.94,0.526361,1.73429,1.79471,0.0604257,60.0
1744879035397836.0,-5867.89,4821.94,0.526361,1.73429,1.74546,0.0111677,60.0
1744879035419264.0,-5868.31,4825.35,0.529329,1.79471,1.7432,-0.0515117,60.0
1744879035440058.0,-5868.31,4825.35,0.529329,1.79471,1.64344,-0.151274,60.0
1744879035461096.0,-5868.74,4828.09,0.531784,1.7432,1.66808,-0.0751217,60.0
1744879035482414.0,-5868.74,4828.09,0.531784,1.7432,1.7681,0.0248942,60.0
1744879035503579.0,-5868.74,4828.09,0.531784,1.7432,1.66386,-0.0793467,60.0
1744879035524304.0,-5869.16,4830.82,0.534239,1.7681,1.78458,0.016484,60.0
1744879035545359.0,-5869.16,4830.82,0.534239,1.7681,1.6966,-0.0714936,60.0
1744879035566063.0,-5869.58,4834.24,0.537212,1.78458,1.74253,-0.04205,60.0
1744879035586998.0,-5869.58,4834.24,0.537212,1.78458,1.6473,-0.137283,60.0
1744879035607996.0,-5869.58,4834.24,0.537212,1.78458,1.64352,-0.141058,60.0
1744879035637350.0,-5870.0,4836.97,0.53967,1.6473,1.63381,-0.0134904,60.0
1744879035668710.0,-5870.42,4839.7,0.54213,1.64352,1.7177,0.0741752,60.0
1744879035689473.0,-5870.42,4839.7,0.54213,1.64352,1.69516,0.0516399,60.0
1744879035710245.0,-5870.42,4839.7,0.54213,1.64352,1.6951,0.0515821,60.0
1744879035731056.0,-5871.27,4843.12,0.545499,1.69516,1.7753,0.0801367,60.0
1744879035752379.0,-5871.27,4843.12,0.545499,1.69516,1.55091,-0.144256,60.0
1744879035804695.0,-5871.69,4845.85,0.547961,1.7753,1.81788,0.0425782,60.0
1744879035830902.0,-5872.11,4848.58,0.550424,1.55091,1.66891,0.118003,60.0
1744879035851834.0,-5872.11,4848.58,0.550424,1.55091,1.6149,0.0639915,60.0
1744879035875702.0,-5872.53,4852.0,0.553407,1.66891,1.63911,-0.0297981,60.0
1744879035897611.0,-5872.53,4852.0,0.553407,1.66891,1.52741,-0.141498,60.0
1744879035918509.0,-5872.53,4852.0,0.553407,1.66891,1.64503,-0.0238846,60.0
1744879035939389.0,-5872.96,4854.73,0.555873,1.52741,1.59432,0.0669056,60.0
1744879035961447.0,-5872.96,4854.73,0.555873,1.52741,1.59655,0.0691347,60.0
1744879035990355.0,-5873.38,4857.47,0.55834,1.59432,1.66693,0.0726126,60.0
1744879036011896.0,-5873.38,4857.47,0.55834,1.59432,1.73367,0.139353,60.0
1744879036039328.0,-5873.38,4860.88,0.560936,1.66693,1.78238,0.115445,60.0
1744879036060500.0,-5873.38,4860.88,0.560936,1.66693,1.71929,0.0523573,60.0
1744879036082296.0,-5873.8,4863.62,0.563406,1.78238,1.81987,0.0374907,60.0
1744879036105648.0,-5873.8,4863.62,0.563406,1.78238,1.89111,0.108734,60.0
1744879036129576.0,-5873.8,4863.62,0.563406,1.78238,1.70979,-0.0725819,60.0
1744879036153019.0,-5874.22,4866.35,0.565877,1.89111,1.78982,-0.101292,60.0
1744879036193872.0,-5874.64,4869.76,0.568869,1.70979,1.57927,-0.130526,60.0
1744879036237209.0,-5875.06,4872.5,0.571343,1.78982,1.67554,-0.114281,60.0
1744879036282886.0,-5875.06,4872.5,0.571343,1.78982,1.6999,-0.0899132,60.0
1744879036308928.0,-5875.48,4875.23,0.573818,1.67554,1.52791,-0.147624,60.0
1744879036346009.0,-5875.91,4878.65,0.576815,1.6999,1.71033,0.0104216,60.0
1744879036374115.0,-5875.91,4878.65,0.576815,1.6999,1.72983,0.0299302,60.0
1744879036403521.0,-5876.33,4881.38,0.579292,1.71033,1.70704,-0.00328123,60.0
1744879036464631.0,-5876.75,4884.11,0.581771,1.72983,1.57038,-0.159459,60.0
1744879036516796.0,-5877.17,4887.53,0.584773,1.70704,1.78216,0.0751162,60.0
1744879036575968.0,-5877.17,4887.53,0.584773,1.70704,1.73885,0.0318047,60.0
1744879036636641.0,-5877.59,4890.26,0.587255,1.78216,1.75686,-0.0253004,60.0
1744879036696070.0,-5878.44,4896.41,0.592744,1.75686,1.83071,0.0738475,60.0
1744879036765319.0,-5878.86,4899.14,0.595229,1.83071,1.80769,-0.0230202,60.0
1744879036827405.0,-5879.7,4902.56,0.598631,1.83071,1.86454,0.0338366,60.0
1744879036889484.0,-5880.13,4905.29,0.601119,1.80769,1.75134,-0.0563449,60.0
1744879036948684.0,-5880.55,4908.03,0.603608,1.86454,1.88807,0.0235304,60.0
1744879037007713.0,-5880.97,4911.44,0.606624,1.75134,1.60184,-0.1495,60.0
1744879037058503.0,-5881.39,4914.18,0.609115,1.88807,1.72523,-0.162847,60.0
1744879037131657.0,-5882.24,4916.91,0.612,1.60184,1.6588,0.0569608,60.0
1744879037183555.0,-5882.66,4919.64,0.614494,1.72523,1.68163,-0.0435989,60.0
1744879037245585.0,-5883.08,4923.06,0.617516,1.6588,1.63762,-0.0211819,60.0
1744879037313035.0,-5883.5,4925.79,0.620013,1.68163,1.58488,-0.0967524,60.0
1744879037374017.0,-5883.92,4928.52,0.622511,1.63762,1.49849,-0.139126,60.0
1744879037427275.0,-5884.35,4931.94,0.625537,1.58488,1.73323,0.148356,60.0
1744879037499015.0,-5884.77,4934.67,0.628038,1.49849,1.61914,0.120644,60.0
1744879037553354.0,-5885.19,4938.09,0.631068,1.73323,1.77376,0.0405317,60.0
1744879037614997.0,-5885.61,4940.82,0.633572,1.61914,1.59289,-0.0262477,60.0
1744879037670436.0,-5886.03,4943.56,0.636076,1.77376,1.84743,0.0736646,60.0
1744879037737403.0,-5886.45,4946.97,0.639111,1.84743,1.75648,-0.0909507,60.0
1744879037803939.0,-5886.88,4949.7,0.641618,1.84743,1.78765,-0.0597819,60.0
1744879037861542.0,-5887.72,4952.44,0.644519,1.75648,1.64214,-0.114339,60.0
1744879037922544.0,-5888.14,4955.85,0.647558,1.78765,1.71054,-0.0771025,60.0
1744879037976962.0,-5888.57,4958.59,0.65007,1.64214,1.63673,-0.00540805,60.0
1744879038036972.0,-5888.99,4961.32,0.652582,1.71054,1.76932,0.0587766,60.0
1744879038096382.0,-5889.41,4964.74,0.655626,1.63673,1.72226,0.0855332,60.0
1744879038152827.0,-5889.83,4967.47,0.658142,1.76932,1.64572,-0.123597,60.0
1744879038210024.0,-5890.25,4970.2,0.660658,1.72226,1.78102,0.0587551,60.0
1744879038270476.0,-5890.67,4973.62,0.663707,1.64572,1.55867,-0.0870517,60.0
1744879038343813.0,-5891.1,4976.35,0.666226,1.78102,1.64542,-0.135601,60.0
1744879038408098.0,-5891.52,4979.08,0.668746,1.55867,1.6673,0.108632,60.0
1744879038467680.0,-5891.94,4982.5,0.6718,1.64542,1.7188,0.0733847,60.0
1744879038534316.0,-5892.36,4985.23,0.674323,1.6673,1.56368,-0.103626,60.0
1744879038596050.0,-5892.78,4987.97,0.676847,1.7188,1.88258,0.163773,60.0
1744879038646312.0,-5893.21,4991.38,0.679906,1.56368,1.70128,0.137602,60.0
1744879038713451.0,-5893.63,4994.12,0.682433,1.88258,1.81098,-0.0715955,60.0
1744879038765287.0,-5894.05,4996.85,0.684961,1.70128,1.66096,-0.0403253,60.0
1744879038813959.0,-5894.05,4996.85,0.684961,1.70128,1.79361,0.0923278,60.0
1744879038867283.0,-5894.89,5003.0,0.690555,1.79361,1.63437,-0.159238,60.0
1744879038925284.0,-5894.89,5003.0,0.690555,1.79361,1.91822,0.12461,60.0
1744879038987127.0,-5895.74,5009.15,0.696155,1.63437,1.49061,-0.143759,60.0
1744879039041758.0,-5896.16,5011.88,0.69869,1.91822,1.81002,-0.108195,60.0
1744879039092863.0,-5896.58,5014.61,0.701226,1.49061,1.51572,0.0251129,60.0
1744879039166135.0,-5897.0,5018.03,0.704299,1.81002,1.83228,0.0222606,60.0
1744879039216052.0,-5897.42,5020.76,0.706838,1.83228,1.67443,-0.157851,60.0
1744879039272753.0,-5897.84,5024.18,0.709914,1.83228,1.76277,-0.0695156,60.0
1744879039346665.0,-5898.27,5026.91,0.712455,1.67443,1.74396,0.0695288,60.0
1744879039393394.0,-5898.27,5026.91,0.712455,1.67443,1.81329,0.138859,60.0
1744879039454084.0,-5899.11,5033.06,0.718079,1.74396,1.85114,0.107181,60.0
1744879039518872.0,-5899.53,5035.79,0.720624,1.81329,1.81731,0.00401506,60.0
1744879039578180.0,-5899.95,5038.53,0.72317,1.85114,1.94163,0.0904823,60.0
1744879039632178.0,-5900.8,5041.94,0.72665,1.81731,1.85386,0.0365565,60.0
1744879039682547.0,-5901.22,5044.68,0.729198,1.94163,1.98644,0.0448186,60.0
1744879039750443.0,-5901.64,5047.41,0.731749,1.98644,2.13018,0.143734,60.0
1744879039810769.0,-5902.06,5050.83,0.73484,1.98644,2.12202,0.135576,60.0
1744879039867075.0,-5902.91,5053.56,0.737786,2.13018,2.07569,-0.0544897,60.0
1744879039935314.0,-5903.33,5056.29,0.74034,2.12202,2.13397,0.0119477,60.0
1744879039988032.0,-5904.18,5059.03,0.743288,2.07569,2.17708,0.101394,60.0
1744879040042728.0,-5904.18,5059.03,0.743288,2.07569,2.21194,0.136248,60.0
1744879040104434.0,-5905.44,5065.17,0.749337,2.17708,2.32386,0.146778,60.0
1744879040167150.0,-5905.87,5067.91,0.751896,2.21194,2.23958,0.0276482,60.0
1744879040222524.0,-5906.71,5071.32,0.755392,2.32386,2.2953,-0.0285613,60.0
1744879040276342.0,-5907.56,5074.06,0.758347,2.23959,2.3104,0.0708199,60.0
1744879040330670.0,-5908.4,5076.79,0.761304,2.2953,2.25974,-0.0355636,60.0
1744879040401177.0,-5909.25,5079.52,0.764262,2.3104,2.316,0.00559268,60.0
1744879040457444.0,-5910.09,5082.26,0.767221,2.25974,2.09939,-0.16035,60.0
1744879040506358.0,-5910.09,5082.26,0.767221,2.25974,2.24141,-0.0183286,60.0
1744879040528157.0,-5910.94,5085.67,0.770725,2.09939,2.04235,-0.05704,60.0
1744879040549355.0,-5910.94,5085.67,0.770725,2.09939,2.26285,0.163464,60.0
1744879040570491.0,-5911.78,5088.41,0.773688,2.04235,2.18806,0.145715,60.0
1744879040591610.0,-5911.78,5088.41,0.773688,2.04235,2.19944,0.157094,60.0
1744879040612340.0,-5912.63,5091.14,0.776651,2.18806,2.16976,-0.0182993,60.0
1744879040633506.0,-5912.63,5091.14,0.776651,2.18806,2.27452,0.086462,60.0
1744879040655471.0,-5912.63,5091.14,0.776651,2.18806,2.12726,-0.0608002,60.0
1744879040677644.0,-5913.47,5093.87,0.779616,2.27452,2.28966,0.0151399,60.0
1744879040699008.0,-5913.47,5093.87,0.779616,2.27452,2.12693,-0.147596,60.0
1744879040720439.0,-5914.32,5096.61,0.782582,2.28966,2.30321,0.0135491,60.0
1744879040743997.0,-5914.32,5096.61,0.782582,2.28966,2.36101,0.0713429,60.0
1744879040766152.0,-5915.16,5100.02,0.786094,2.30321,2.3151,0.0118893,60.0
1744879040797539.0,-5915.16,5100.02,0.786094,2.30321,2.16345,-0.139762,60.0
1744879040822104.0,-5916.43,5102.76,0.789457,2.3151,2.23095,-0.0841478,60.0
1744879040843103.0,-5916.43,5102.76,0.789457,2.3151,2.23272,-0.0823798,60.0
1744879040868617.0,-5917.28,5105.49,0.792427,2.23095,2.31485,0.0838941,60.0
1744879040897656.0,-5917.28,5105.49,0.792427,2.23095,2.08066,-0.150292,60.0
1744879040921135.0,-5918.12,5108.22,0.795398,2.31485,2.29809,-0.0167605,60.0
1744879040944510.0,-5918.12,5108.22,0.795398,2.31485,2.16986,-0.144989,60.0
1744879040968546.0,-5919.39,5110.96,0.798765,2.29809,2.29428,-0.00380651,60.0
1744879040993634.0,-5919.39,5110.96,0.798765,2.29809,2.14392,-0.154167,60.0
1744879041019735.0,-5920.24,5113.69,0.801739,2.29428,2.19252,-0.101761,60.0
1744879041052685.0,-5920.24,5113.69,0.801739,2.29428,2.37829,0.0840103,60.0
1744879041078242.0,-5921.51,5116.42,0.805109,2.19252,2.15316,-0.0393571,60.0
1744879041104994.0,-5921.51,5116.42,0.805109,2.19252,2.22829,0.0357664,60.0
1744879041132236.0,-5922.77,5119.16,0.80848,2.15316,2.20858,0.0554171,60.0
1744879041157507.0,-5922.77,5119.16,0.80848,2.15316,2.19237,0.039207,60.0
1744879041201200.0,-5923.62,5121.89,0.811458,2.20858,2.34771,0.139127,60.0
1744879041227045.0,-5924.89,5124.62,0.814832,2.19237,2.07135,-0.121024,60.0
1744879041262417.0,-5924.89,5124.62,0.814832,2.19237,2.19835,0.00598074,60.0
1744879041288613.0,-5926.16,5127.36,0.818208,2.07135,2.03663,-0.0347188,60.0
1744879041315004.0,-5926.16,5127.36,0.818208,2.07135,2.1544,0.083051,60.0
1744879041356615.0,-5927.43,5130.77,0.822133,2.03663,2.09961,0.0629796,60.0
1744879041384495.0,-5928.69,5133.51,0.825511,2.1544,2.28501,0.130609,60.0
1744879041413016.0,-5928.69,5133.51,0.825511,2.1544,2.20448,0.0500789,60.0
1744879041466538.0,-5929.96,5136.24,0.828891,2.28501,2.34527,0.0602682,60.0
1744879041525126.0,-5931.23,5138.97,0.832272,2.20448,2.27995,0.0754697,60.0
1744879041570648.0,-5932.5,5141.02,0.835106,2.34527,2.23184,-0.11343,60.0
1744879041597718.0,-5933.77,5143.76,0.83849,2.27995,2.22471,-0.0552361,60.0
1744879041633327.0,-5935.04,5146.49,0.841875,2.23184,2.31285,0.0810015,60.0
1744879041661227.0,-5935.04,5146.49,0.841875,2.23184,2.27479,0.0429501,60.0
1744879041689556.0,-5936.31,5149.23,0.845262,2.31285,2.33906,0.02621,60.0
1744879041715336.0,-5936.31,5149.23,0.845262,2.31285,2.28757,-0.0252787,60.0
1744879041753115.0,-5937.58,5151.96,0.84865,2.33906,2.19776,-0.1413,60.0
1744879041806422.0,-5937.58,5151.96,0.84865,2.33906,2.20074,-0.138319,60.0
1744879041876555.0,-5940.54,5157.43,0.855826,2.19776,2.29597,0.0982171,60.0
1744879041937274.0,-5941.81,5160.16,0.859219,2.20074,2.164,-0.0367406,60.0
1744879041996194.0,-5943.5,5162.89,0.863009,2.164,2.09951,-0.064487,60.0
1744879042053452.0,-5943.5,5162.89,0.863009,2.164,2.0499,-0.114097,60.0
1744879042107699.0,-5946.04,5167.68,0.869249,2.09951,2.2439,0.144394,60.0
1744879042159965.0,-5947.73,5170.41,0.873043,2.2439,2.29158,0.0476814,60.0
1744879042186790.0,-5947.73,5170.41,0.873043,2.2439,2.3256,0.0816935,60.0
1744879042218526.0,-5949.0,5173.14,0.876442,2.29158,2.27555,-0.0160362,60.0
1744879042272108.0,-5950.69,5175.88,0.88024,2.27555,2.1465,-0.12905,60.0
1744879042324745.0,-5952.38,5178.61,0.884039,2.27555,2.37113,0.0955769,60.0
1744879042385586.0,-5953.65,5180.66,0.886889,2.1465,2.10346,-0.0430379,60.0
1744879042447026.0,-5955.35,5183.4,0.890691,2.37112,2.3132,-0.0579221,60.0
1744879042492973.0,-5955.35,5183.4,0.890691,2.37112,2.43178,0.0606573,60.0
1744879042552259.0,-5958.31,5188.86,0.897902,2.3132,2.19475,-0.118455,60.0
1744879042613281.0,-5958.31,5188.86,0.897902,2.3132,2.25891,-0.0542886,60.0
1744879042669838.0,-5960.0,5190.91,0.901154,2.19475,2.28788,0.0931321,60.0
1744879042728890.0,-5963.38,5196.38,0.908771,2.25891,2.13409,-0.124829,60.0
1744879042780049.0,-5965.08,5198.43,0.912027,2.28788,2.17227,-0.115606,60.0
1744879042837692.0,-5966.77,5201.17,0.915839,2.13409,2.03163,-0.102455,60.0
1744879042894071.0,-5968.46,5203.9,0.919653,2.17227,2.26999,0.0977171,60.0
1744879042961665.0,-5970.15,5205.95,0.922912,2.03163,2.12517,0.0935429,60.0
1744879043007726.0,-5970.15,5205.95,0.922912,2.03163,2.16021,0.128585,60.0
1744879043038973.0,-5971.85,5208.68,0.926729,2.12517,2.23959,0.114421,60.0
1744879043090229.0,-5973.12,5211.42,0.93015,2.16021,2.17097,0.0107564,60.0
1744879043145828.0,-5974.81,5213.47,0.933413,2.23959,2.33728,0.097684,60.0
1744879043210323.0,-5976.5,5216.2,0.937234,2.17097,2.14419,-0.0267806,60.0
1744879043275236.0,-5978.19,5218.94,0.941058,2.33728,2.19328,-0.144,60.0
1744879043327447.0,-5979.89,5220.99,0.944324,2.19328,2.27426,0.0809804,60.0
1744879043373263.0,-5979.89,5220.99,0.944324,2.19328,2.28457,0.0912911,60.0
1744879043424039.0,-5981.58,5223.72,0.94815,2.27426,2.23896,-0.0352955,60.0
1744879043454477.0,-5983.27,5225.77,0.951419,2.28457,2.38255,0.097976,60.0
1744879043538000.0,-5986.65,5231.24,0.959079,2.23896,2.09923,-0.139733,60.0
1744879043595673.0,-5988.35,5233.29,0.962352,2.38255,2.28778,-0.0947612,60.0
1744879043643649.0,-5988.35,5233.29,0.962352,2.38255,2.3704,-0.0121429,60.0
1744879043698138.0,-5992.16,5238.07,0.96986,2.28778,2.29118,0.0033952,60.0
1744879043725860.0,-5992.16,5238.07,0.96986,2.28778,2.35361,0.0658251,60.0
1744879043811370.0,-5993.85,5240.81,0.973696,2.29118,2.35269,0.0615091,60.0
1744879043873407.0,-5997.23,5245.59,0.980814,2.35361,2.20954,-0.144074,60.0
1744879043923954.0,-5999.35,5247.64,0.984494,2.20954,2.11693,-0.0926083,60.0
1744879043980655.0,-6001.04,5250.38,0.988336,2.20954,2.22581,0.0162717,60.0
1744879044032297.0,-6002.73,5252.43,0.991619,2.11693,2.23812,0.12119,60.0
1744879044085288.0,-6004.43,5255.16,0.995465,2.22581,2.33921,0.113405,60.0
1744879044148818.0,-6004.43,5255.16,0.995465,2.22581,2.2391,0.0132915,60.0
1744879044214122.0,-6006.54,5257.9,0.999712,2.33921,2.22586,-0.113351,60.0
1744879044279341.0,-6009.93,5262.0,1.00629,2.2391,2.21785,-0.0212494,60.0
1744879044345152.0,-6011.62,5264.73,1.01014,2.22586,2.22848,0.00261903,60.0
1744879044402668.0,-6013.74,5266.78,1.01383,2.22848,2.37483,0.146348,60.0
1744879044459910.0,-6015.43,5269.52,1.01768,2.22848,2.36823,0.139753,60.0
1744879044522136.0,-6017.12,5271.57,1.02098,2.37483,2.25074,-0.124087,60.0
1744879044580393.0,-6019.24,5274.3,1.02523,2.36823,2.25106,-0.117175,60.0
1744879044636015.0,-6020.93,5276.35,1.02853,2.25074,2.28689,0.0361458,60.0
1744879044695777.0,-6023.05,5279.08,1.03279,2.25106,2.16603,-0.0850276,60.0
1744879044755332.0,-6024.74,5281.14,1.03609,2.28689,2.2319,-0.0549907,60.0
1744879044787842.0,-6024.74,5281.14,1.03609,2.28689,2.27779,-0.00910139,60.0
1744879044886271.0,-6028.55,5285.92,1.04366,2.2319,2.28481,0.0529105,60.0
1744879044942654.0,-6030.24,5288.65,1.04752,2.27779,2.27983,0.00204625,60.0
1744879044996781.0,-6032.36,5290.71,1.05123,2.28481,2.35748,0.0726781,60.0
1744879045055439.0,-6034.05,5292.76,1.05453,2.35749,2.28362,-0.0738664,60.0
1744879045119488.0,-6034.05,5292.76,1.05453,2.35749,2.41581,0.0583271,60.0
1744879045179193.0,-6037.86,5297.54,1.06211,2.41581,2.29963,-0.116187,60.0
1744879045230593.0,-6039.55,5300.27,1.06599,2.29962,2.21236,-0.0872639,60.0
1744879045258860.0,-6039.55,5300.27,1.06599,2.29962,2.40743,0.107806,60.0
1744879045353598.0,-6041.67,5302.33,1.0697,2.21236,2.15265,-0.0597105,60.0
1744879045418365.0,-6045.47,5307.11,1.07729,2.40743,2.29968,-0.107753,60.0
1744879045484080.0,-6047.59,5309.16,1.081,2.15265,2.19151,0.0388632,60.0
1744879045537202.0,-6049.28,5311.21,1.08432,2.29968,2.31362,0.0139443,60.0
1744879045592839.0,-6051.4,5313.95,1.0886,2.19151,2.19069,-0.000821126,60.0
1744879045649586.0,-6051.4,5313.95,1.0886,2.19151,2.19558,0.00406361,60.0
1744879045708441.0,-6055.21,5318.73,1.09621,2.19069,2.20446,0.0137626,60.0
1744879045759405.0,-6056.9,5320.78,1.09953,2.19558,2.14172,-0.0538539,60.0
1744879045812057.0,-6059.02,5322.83,1.10325,2.20446,2.1093,-0.0951551,60.0
1744879045860393.0,-6059.02,5322.83,1.10325,2.20446,2.31644,0.111984,60.0
1744879045924228.0,-6060.71,5325.57,1.10714,2.1093,2.2319,0.122603,60.0
1744879045989153.0,-6064.52,5330.35,1.11477,2.31644,2.32446,0.00802177,60.0
1744879046048915.0,-6066.63,5332.4,1.11849,2.2319,2.27052,0.0386122,60.0
1744879046109024.0,-6068.33,5334.45,1.12182,2.32446,2.20534,-0.119116,60.0
1744879046166823.0,-6070.02,5337.19,1.12572,2.27052,2.14798,-0.122538,60.0
1744879046231220.0,-6072.13,5339.24,1.12945,2.20534,2.06875,-0.136593,60.0
1744879046287578.0,-6073.83,5341.97,1.13335,2.14798,2.23716,0.0891879,60.0
1744879046339351.0,-6073.83,5341.97,1.13335,2.14798,2.0321,-0.115876,60.0
1744879046369150.0,-6075.94,5344.02,1.13709,2.23716,2.27733,0.0401604,60.0
1744879046409908.0,-6077.64,5346.76,1.14099,2.0321,2.18356,0.151462,60.0
1744879046471475.0,-6079.75,5348.81,1.14473,2.27733,2.34509,0.0677691,60.0
1744879046518837.0,-6079.75,5348.81,1.14473,2.27733,2.30619,0.0288645,60.0
1744879046582615.0,-6081.44,5350.86,1.14807,2.34509,2.19986,-0.145237,60.0
1744879046642932.0,-6083.56,5353.59,1.15238,2.30619,2.19617,-0.110024,60.0
1744879046710440.0,-6086.94,5358.38,1.15963,2.19986,2.18258,-0.0172731,60.0
1744879046741616.0,-6086.94,5358.38,1.15963,2.19986,2.24146,0.0416026,60.0
1744879046800316.0,-6089.06,5360.43,1.16338,2.18258,2.29301,0.110423,60.0
1744879046842184.0,-6090.75,5363.16,1.16729,2.24146,2.1723,-0.0691617,60.0
1744879046904154.0,-6092.87,5365.21,1.17104,2.29301,2.27324,-0.019769,60.0
1744879046954131.0,-6092.87,5365.21,1.17104,2.29301,2.23831,-0.0546951,60.0
1744879047030111.0,-6096.25,5370.0,1.17831,2.27324,2.28095,0.00770917,60.0
1744879047081385.0,-6098.37,5372.05,1.18206,2.28095,2.27057,-0.0103785,60.0
1744879047142739.0,-6098.37,5372.05,1.18206,2.28095,2.17354,-0.107404,60.0
1744879047208118.0,-6102.18,5376.83,1.18974,2.17354,2.16751,-0.0060333,60.0
1744879047266869.0,-6103.87,5379.57,1.19366,2.17354,2.16405,-0.00949434,60.0
1744879047287675.0,-6103.87,5379.57,1.19366,2.17354,2.26732,0.0937815,60.0
1744879047308437.0,-6103.87,5379.57,1.19366,2.17354,2.09321,-0.0803371,60.0
1744879047329471.0,-6105.99,5381.62,1.19742,2.26732,2.21491,-0.0524186,60.0
1744879047350372.0,-6105.99,5381.62,1.19742,2.26732,2.22841,-0.0389178,60.0
1744879047371208.0,-6107.68,5383.67,1.20077,2.21491,2.26085,0.045947,60.0
1744879047392088.0,-6107.68,5383.67,1.20077,2.21491,2.088,-0.126905,60.0
1744879047412952.0,-6107.68,5383.67,1.20077,2.21491,2.24122,0.0263143,60.0
1744879047433766.0,-6109.37,5386.4,1.2047,2.088,2.2307,0.142702,60.0
1744879047454505.0,-6109.37,5386.4,1.2047,2.088,2.23677,0.148768,60.0
1744879047475362.0,-6111.49,5388.45,1.20847,2.2307,2.22362,-0.00707914,60.0
1744879047496202.0,-6111.49,5388.45,1.20847,2.2307,2.13052,-0.100183,60.0
1744879047517005.0,-6111.49,5388.45,1.20847,2.2307,2.33751,0.106807,60.0
1744879047539345.0,-6113.18,5391.19,1.2124,2.13052,2.17426,0.0437405,60.0
1744879047562796.0,-6113.18,5391.19,1.2124,2.13052,2.09479,-0.035728,60.0
1744879047583796.0,-6114.87,5393.24,1.21576,2.17426,2.17775,0.00348898,60.0
1744879047604776.0,-6114.87,5393.24,1.21576,2.17426,2.05706,-0.117205,60.0
1744879047626058.0,-6116.99,5395.97,1.2201,2.17775,2.32181,0.144062,60.0
1744879047646948.0,-6116.99,5395.97,1.2201,2.17775,2.28814,0.110394,60.0
1744879047686503.0,-6118.68,5398.02,1.22346,2.32181,2.19328,-0.128529,60.0
1744879047736669.0,-6120.37,5400.76,1.2274,2.28814,2.40209,0.113947,60.0
1744879047757572.0,-6120.37,5400.76,1.2274,2.28814,2.24064,-0.0474999,60.0
1744879047785649.0,-6122.49,5402.81,1.23117,2.40209,2.27566,-0.126433,60.0
1744879047807695.0,-6122.49,5402.81,1.23117,2.40209,2.41887,0.0167819,60.0
1744879047829379.0,-6122.49,5402.81,1.23117,2.40209,2.37593,-0.0261561,60.0
1744879047851355.0,-6124.18,5405.54,1.23511,2.41887,2.27784,-0.141032,60.0
1744879047872353.0,-6124.18,5405.54,1.23511,2.41887,2.30891,-0.109967,60.0
1744879047893092.0,-6126.3,5407.59,1.23888,2.27784,2.32095,0.0431113,60.0
1744879047913976.0,-6126.3,5407.59,1.23888,2.27784,2.33361,0.0557725,60.0
1744879047934857.0,-6126.3,5407.59,1.23888,2.27784,2.18978,-0.0880658,60.0
1744879047957884.0,-6127.99,5409.64,1.24225,2.33361,2.28423,-0.0493812,60.0
1744879047980209.0,-6127.99,5409.64,1.24225,2.33361,2.34747,0.0138524,60.0
1744879048007117.0,-6130.11,5412.38,1.24661,2.28423,2.1942,-0.0900285,60.0
1744879048031550.0,-6130.11,5412.38,1.24661,2.28423,2.29803,0.0137987,60.0
1744879048053811.0,-6131.8,5414.43,1.24997,2.1942,2.22976,0.0355533,60.0
1744879048099362.0,-6133.92,5417.16,1.25433,2.29803,2.24002,-0.0580147,60.0
1744879048128954.0,-6133.92,5417.16,1.25433,2.29803,2.36275,0.0647143,60.0
1744879048157555.0,-6135.61,5419.21,1.2577,2.24002,2.39887,0.158852,60.0
1744879048188033.0,-6135.61,5419.21,1.2577,2.24002,2.17935,-0.0606663,60.0
1744879048212315.0,-6137.72,5421.26,1.26149,2.39887,2.35577,-0.0430999,60.0
1744879048247683.0,-6137.72,5421.26,1.26149,2.39887,2.32437,-0.0744986,60.0
1744879048299677.0,-6139.42,5424.0,1.26544,2.35577,2.30257,-0.0531982,60.0
1744879048325139.0,-6141.53,5426.05,1.26922,2.32437,2.26068,-0.0636893,60.0
1744879048350140.0,-6141.53,5426.05,1.26922,2.32437,2.20377,-0.120604,60.0
1744879048400340.0,-6143.23,5428.78,1.27318,2.26068,2.30692,0.0462408,60.0
1744879048427461.0,-6145.34,5430.83,1.27697,2.20377,2.30638,0.102615,60.0
1744879048458208.0,-6147.03,5432.88,1.28035,2.30692,2.18377,-0.123149,60.0
1744879048506036.0,-6147.03,5432.88,1.28035,2.30692,2.20776,-0.0991646,60.0
1744879048579421.0,-6150.84,5437.67,1.2881,2.18377,2.25501,0.0712369,60.0
1744879048628463.0,-6150.84,5437.67,1.2881,2.18377,2.17543,-0.00833954,60.0
1744879048681183.0,-6154.65,5442.45,1.29586,2.25501,2.12012,-0.13489,60.0
1744879048710440.0,-6154.65,5442.45,1.29586,2.25501,2.18645,-0.068556,60.0
1744879048770410.0,-6156.77,5444.5,1.29965,2.12012,2.05227,-0.0678529,60.0
1744879048810150.0,-6158.46,5447.24,1.30362,2.18645,2.03519,-0.15126,60.0
1744879048839689.0,-6158.46,5447.24,1.30362,2.18645,2.15667,-0.0297846,60.0
1744879048897129.0,-6160.58,5449.29,1.30742,2.03519,2.16699,0.131796,60.0
1744879048926385.0,-6162.27,5451.34,1.31081,2.15667,2.1844,0.0277365,60.0
1744879048967206.0,-6162.27,5451.34,1.31081,2.15667,2.25203,0.0953578,60.0
1744879049017908.0,-6163.96,5454.07,1.31478,2.1844,2.25944,0.0750389,60.0
1744879049074638.0,-6166.08,5456.12,1.31859,2.25203,2.24616,-0.00586685,60.0
1744879049133329.0,-6169.89,5460.91,1.32637,2.25944,2.13447,-0.124974,60.0
1744879049161416.0,-6169.89,5460.91,1.32637,2.25944,2.17289,-0.0865508,60.0
1744879049191548.0,-6171.58,5463.64,1.33035,2.13447,2.20206,0.0675908,60.0
1744879049240143.0,-6171.58,5463.64,1.33035,2.13447,2.22413,0.0896574,60.0
1744879049311178.0,-6173.27,5465.69,1.33374,2.20206,2.04763,-0.154432,60.0
1744879049339764.0,-6175.39,5468.43,1.33814,2.22413,2.1623,-0.0618305,60.0
1744879049378209.0,-6177.08,5470.48,1.34154,2.04763,2.11297,0.0653434,60.0
1744879049427087.0,-6177.08,5470.48,1.34154,2.04763,2.07734,0.0297129,60.0
1744879049469924.0,-6178.77,5473.21,1.34552,2.11297,2.15681,0.0438414,60.0
1744879049499973.0,-6180.46,5475.26,1.34892,2.07734,2.1827,0.105355,60.0
1744879049607631.0,-6184.27,5480.05,1.35673,2.15681,2.14736,-0.00945836,60.0
1744879049658285.0,-6185.96,5482.78,1.36072,2.14736,2.14517,-0.00218566,60.0
1744879049708608.0,-6185.96,5482.78,1.36072,2.14736,2.15788,0.0105235,60.0
1744879049740601.0,-6187.66,5484.83,1.36413,2.14517,2.29557,0.150399,60.0
1744879049773163.0,-6189.35,5487.57,1.36812,2.15788,2.2661,0.108217,60.0
1744879049828670.0,-6189.35,5487.57,1.36812,2.15788,2.14696,-0.0109227,60.0
1744879049902496.0,-6193.16,5492.35,1.37594,2.2661,2.27244,0.00634201,60.0
1744879049964695.0,-6194.85,5495.09,1.37994,2.14696,2.19992,0.0529654,60.0
1744879050034609.0,-6196.54,5497.14,1.38335,2.27244,2.31228,0.0398462,60.0
1744879050080702.0,-6196.54,5497.14,1.38335,2.27244,2.28503,0.0125872,60.0
1744879050126977.0,-6198.23,5499.87,1.38735,2.31228,2.32292,0.0106327,60.0
1744879050182727.0,-6200.35,5501.92,1.39118,2.28503,2.25798,-0.0270467,60.0
1744879050241562.0,-6203.74,5506.71,1.3986,2.32292,2.18536,-0.137554,60.0
1744879050290263.0,-6203.74,5506.71,1.3986,2.32292,2.26209,-0.0608319,60.0
1744879050353389.0,-6207.54,5511.49,1.40645,2.18536,2.16887,-0.0164929,60.0
1744879050411211.0,-6209.24,5514.22,1.41046,2.26209,2.17644,-0.0856446,60.0
1744879050440408.0,-6209.24,5514.22,1.41046,2.26209,2.19793,-0.0641518,60.0
1744879050477300.0,-6210.93,5516.28,1.41388,2.17644,2.15553,-0.0209071,60.0
1744879050531377.0,-6213.04,5519.01,1.41831,2.19793,2.16956,-0.0283731,60.0
1744879050607090.0,-6214.74,5521.06,1.42173,2.15553,2.27982,0.124289,60.0
1744879050666465.0,-6216.43,5523.79,1.42575,2.16956,2.18383,0.0142706,60.0
1744879050724868.0,-6218.12,5525.84,1.42918,2.27982,2.39143,0.111609,60.0
1744879050779484.0,-6220.24,5528.58,1.43361,2.18383,2.21919,0.0353558,60.0
1744879050842762.0,-6221.93,5530.63,1.43704,2.39143,2.35861,-0.0328191,60.0
1744879050871777.0,-6221.93,5530.63,1.43704,2.39143,2.2552,-0.136231,60.0
1744879050909951.0,-6223.62,5533.36,1.44107,2.35861,2.22489,-0.13372,60.0
1744879050955795.0,-6223.62,5533.36,1.44107,2.35861,2.26025,-0.098359,60.0
1744879050983605.0,-6225.74,5535.41,1.44491,2.22489,2.37928,0.154387,60.0
1744879051017382.0,-6227.43,5538.15,1.44894,2.26025,2.30099,0.0407413,60.0
1744879051045355.0,-6227.43,5538.15,1.44894,2.26025,2.32121,0.0609527,60.0
1744879051074603.0,-6229.12,5540.2,1.45237,2.30099,2.44446,0.143466,60.0
1744879051102926.0,-6229.12,5540.2,1.45237,2.30099,2.34736,0.046364,60.0
1744879051130378.0,-6231.24,5542.25,1.45623,2.44446,2.32068,-0.123783,60.0
1744879051191620.0,-6232.93,5544.98,1.46026,2.34736,2.2051,-0.142254,60.0
1744879051221000.0,-6232.93,5544.98,1.46026,2.34736,2.37045,0.0230886,60.0
1744879051304979.0,-6235.05,5547.04,1.46411,2.2051,2.24978,0.0446709,60.0
1744879051381445.0,-6238.43,5551.82,0.471587,2.37045,2.25506,-0.115383,60.0
1744879051429172.0,-6238.43,5551.82,0.471587,2.37045,2.32568,-0.0447713,60.0
1744879051478479.0,-6240.55,5553.87,0.475446,2.25506,2.2159,-0.0391659,60.0
1744879051505677.0,-6242.24,5556.61,0.479483,2.32568,2.35183,0.0261519,60.0
1744879051594904.0,-6246.47,5561.39,0.487802,2.2159,2.08867,-0.127225,60.0
1744879051647925.0,-6246.47,5561.39,0.487802,2.2159,2.34895,0.133049,60.0
1744879051698795.0,-6248.17,5563.44,0.49125,2.08867,1.99898,-0.0896925,60.0
1744879051775579.0,-6249.86,5565.49,0.494699,2.34895,2.2993,-0.0496426,60.0
1744879051831761.0,-6253.67,5570.28,0.502612,1.99898,2.07697,0.0779855,60.0
1744879051885952.0,-6255.78,5573.01,0.507077,2.2993,2.28205,-0.0172509,60.0
1744879051949037.0,-6257.48,5575.06,0.510532,2.07697,2.17843,0.101466,60.0
1744879051995829.0,-6257.48,5575.06,0.510532,2.07697,1.97695,-0.100019,60.0
1744879052043788.0,-6259.17,5577.8,0.514583,2.17843,2.3157,0.137269,60.0
1744879052096456.0,-6261.29,5579.85,0.518457,1.97695,2.12428,0.147334,60.0
1744879052157705.0,-6264.67,5584.63,0.525971,2.12428,2.15174,0.0274603,60.0
1744879052184722.0,-6264.67,5584.63,0.525971,2.12428,2.05651,-0.0677742,60.0
1744879052214327.0,-6266.79,5587.37,0.530446,2.15174,2.20019,0.048447,60.0
1744879052267956.0,-6268.48,5589.42,0.533907,2.05651,2.07121,0.014707,60.0
1744879052329547.0,-6270.17,5592.15,0.537968,2.20019,2.21096,0.010768,60.0
1744879052382049.0,-6270.17,5592.15,0.537968,2.20019,2.36253,0.162347,60.0
1744879052411692.0,-6271.86,5594.2,0.541432,2.21096,2.3094,0.098448,60.0
1744879052445900.0,-6273.98,5596.94,0.545913,2.36253,2.21771,-0.144823,60.0
1744879052510124.0,-6275.67,5598.99,0.54938,2.3094,2.25625,-0.0531512,60.0
1744879052561575.0,-6277.36,5601.72,0.553447,2.21771,2.22786,0.0101458,60.0
1744879052587972.0,-6277.36,5601.72,0.553447,2.21771,2.21886,0.00114451,60.0
1744879052617933.0,-6279.06,5603.77,0.556916,2.22786,2.26759,0.0397356,60.0
1744879052664383.0,-6281.17,5606.51,0.561404,2.21886,2.10466,-0.114196,60.0
1744879052722538.0,-6281.17,5606.51,0.561404,2.21886,2.12145,-0.0974094,60.0
1744879052752624.0,-6282.86,5608.56,0.564876,2.10466,2.15875,0.0540868,60.0
1744879052845490.0,-6286.25,5613.34,0.572422,2.12145,2.06865,-0.0527966,60.0
1744879052873761.0,-6286.25,5613.34,0.572422,2.12145,2.04163,-0.0798131,60.0
1744879052913028.0,-6288.37,5616.08,0.576917,2.06865,2.17152,0.102873,60.0
1744879052969054.0,-6290.06,5618.13,0.580393,2.17152,2.22277,0.0512491,60.0
1744879052995358.0,-6290.06,5618.13,0.580393,2.17152,2.13108,-0.0404439,60.0
1744879053025840.0,-6291.75,5620.86,0.584472,2.22277,2.05879,-0.163979,60.0
1744879053086080.0,-6293.44,5622.91,0.587951,2.13108,2.26207,0.130994,60.0
1744879053139491.0,-6295.13,5625.65,0.592032,2.26207,2.27423,0.0121582,60.0
1744879053199914.0,-6296.83,5628.38,0.596116,2.26207,2.22277,-0.0393,60.0
1744879053268359.0,-6296.83,5628.38,0.596116,2.26207,2.20029,-0.0617854,60.0
1744879053329793.0,-6300.64,5633.16,0.604104,2.22277,2.20763,-0.01514,60.0
1744879053388402.0,-6302.33,5635.22,0.60759,2.20029,2.26014,0.059849,60.0
1744879053452329.0,-6304.02,5637.95,0.611679,2.20763,2.22275,0.0151153,60.0
1744879053502238.0,-6304.02,5637.95,0.611679,2.20763,2.21059,0.0029558,60.0
1744879053546239.0,-6305.71,5640.0,0.615167,2.22275,2.20323,-0.0195192,60.0
1744879053576714.0,-6307.83,5642.73,0.619679,2.21059,2.24962,0.0390339,60.0
1744879053613089.0,-6309.52,5644.79,0.62317,2.20323,2.36419,0.160962,60.0
1744879053664560.0,-6311.21,5647.52,0.627265,2.36419,2.20127,-0.162921,60.0
1744879053691972.0,-6311.21,5647.52,0.627265,2.36419,2.27513,-0.0890605,60.0
1744879053740243.0,-6312.91,5649.57,0.630758,2.20127,2.12254,-0.0787271,60.0
1744879053775330.0,-6315.02,5652.3,0.635276,2.27513,2.19788,-0.0772478,60.0
1744879053796099.0,-6315.02,5652.3,0.635276,2.27513,2.28001,0.00487894,60.0
1744879053816718.0,-6315.02,5652.3,0.635276,2.27513,2.30924,0.0341096,60.0
1744879053837467.0,-6316.71,5654.35,0.638772,2.28001,2.25065,-0.0293621,60.0
1744879053858323.0,-6316.71,5654.35,0.638772,2.28001,2.33055,0.0505394,60.0
1744879053879153.0,-6318.41,5657.09,0.642873,2.25065,2.23079,-0.0198535,60.0
1744879053900300.0,-6318.41,5657.09,0.642873,2.25065,2.20022,-0.0504289,60.0
1744879053921067.0,-6318.41,5657.09,0.642873,2.25065,2.25149,0.000838061,60.0
1744879053942000.0,-6320.1,5659.14,0.646371,2.20022,2.34441,0.144191,60.0
1744879053962779.0,-6320.1,5659.14,0.646371,2.20022,2.12393,-0.0762865,60.0
1744879053983621.0,-6322.21,5661.87,0.650896,2.34441,2.21073,-0.133678,60.0
1744879054004357.0,-6322.21,5661.87,0.650896,2.34441,2.35444,0.0100267,60.0
1744879054025205.0,-6322.21,5661.87,0.650896,2.34441,2.43772,0.0933046,60.0
1744879054046056.0,-6323.91,5663.92,0.654396,2.35444,2.32348,-0.0309559,60.0
1744879054066882.0,-6323.91,5663.92,0.654396,2.35444,2.22533,-0.129103,60.0
1744879054087786.0,-6325.6,5666.66,0.658504,2.32348,2.37363,0.0501438,60.0
1744879054108510.0,-6325.6,5666.66,0.658504,2.32348,2.23187,-0.091616,60.0
1744879054129360.0,-6325.6,5666.66,0.658504,2.32348,2.19193,-0.13155,60.0
1744879054152242.0,-6327.72,5668.71,0.662428,2.23187,2.28113,0.0492668,60.0
1744879054177376.0,-6327.72,5668.71,0.662428,2.23187,2.2334,0.00153697,60.0
1744879054198102.0,-6329.41,5671.44,0.666538,2.28113,2.12718,-0.153955,60.0
1744879054219017.0,-6329.41,5671.44,0.666538,2.28113,2.12688,-0.154249,60.0
1744879054239874.0,-6331.52,5673.49,0.670465,2.12718,2.06533,-0.0618501,60.0
1744879054260791.0,-6331.52,5673.49,0.670465,2.12718,2.25242,0.125237,60.0
1744879054282770.0,-6333.22,5676.23,0.674579,2.25242,2.28934,0.0369252,60.0
1744879054304469.0,-6333.22,5676.23,0.674579,2.25242,2.29657,0.0441583,60.0
1744879054330007.0,-6333.22,5676.23,0.674579,2.25242,2.31408,0.0616604,60.0
1744879054350997.0,-6334.91,5678.28,0.678087,2.29657,2.3998,0.103225,60.0
1744879054372139.0,-6334.91,5678.28,0.678087,2.29657,2.25627,-0.0403037,60.0
1744879054392990.0,-6337.02,5680.33,0.682018,2.3998,2.30058,-0.0992225,60.0
1744879054414857.0,-6337.02,5680.33,0.682018,2.3998,2.39916,-0.000638768,60.0
1744879054438931.0,-6338.72,5683.06,0.686136,2.30058,2.18413,-0.116447,60.0
1744879054459886.0,-6338.72,5683.06,0.686136,2.30058,2.27268,-0.0278999,60.0
1744879054482778.0,-6338.72,5683.06,0.686136,2.30058,2.18892,-0.111653,60.0
1744879054506140.0,-6340.83,5685.12,0.69007,2.27268,2.38569,0.113011,60.0
1744879054530822.0,-6340.83,5685.12,0.69007,2.27268,2.15071,-0.121968,60.0
1744879054555750.0,-6342.53,5687.85,0.69419,2.38569,2.36744,-0.018244,60.0
1744879054579154.0,-6342.53,5687.85,0.69419,2.38569,2.36367,-0.0220124,60.0
1744879054600763.0,-6344.64,5689.9,0.698127,2.36744,2.24254,-0.124904,60.0
1744879054622626.0,-6344.64,5689.9,0.698127,2.36744,2.36817,0.000722945,60.0
1744879054645242.0,-6346.33,5691.95,0.701643,2.24254,2.36267,0.120136,60.0
1744879054673493.0,-6346.33,5691.95,0.701643,2.24254,2.17491,-0.0676294,60.0
1744879054697454.0,-6348.45,5694.69,0.706191,2.36267,2.21674,-0.145933,60.0
1744879054726159.0,-6348.45,5694.69,0.706191,2.36267,2.28372,-0.0789542,60.0
1744879054750504.0,-6350.14,5696.74,0.709709,2.21674,2.32916,0.112419,60.0
1744879054779478.0,-6350.14,5696.74,0.709709,2.21674,2.26472,0.0479808,60.0
1744879054806714.0,-6352.26,5699.47,0.71426,2.32916,2.29542,-0.0337425,60.0
1744879054839342.0,-6352.26,5699.47,0.71426,2.32916,2.30717,-0.0219929,60.0
1744879054862708.0,-6353.95,5701.52,0.71778,2.29542,2.44193,0.14651,60.0
1744879054895471.0,-6353.95,5701.52,0.71778,2.29542,2.40513,0.109712,60.0
1744879054919285.0,-6356.07,5703.57,0.721725,2.44193,2.28894,-0.152985,60.0
1744879054946675.0,-6356.07,5703.57,0.721725,2.44193,2.37663,-0.0652949,60.0
1744879054970129.0,-6357.76,5706.31,0.725858,2.28894,2.12701,-0.16193,60.0
1744879054999656.0,-6357.76,5706.31,0.725858,2.28894,2.40001,0.111067,60.0
1744879055025504.0,-6359.88,5708.36,0.729806,2.12701,2.05138,-0.0756315,60.0
1744879055067347.0,-6361.99,5710.41,0.733755,2.40001,2.28989,-0.11012,60.0
1744879055092651.0,-6361.99,5710.41,0.733755,2.40001,2.23901,-0.161004,60.0
1744879055117970.0,-6363.68,5713.14,0.737892,2.28989,2.20135,-0.0885351,60.0
1744879055164240.0,-6363.68,5713.14,0.737892,2.28989,2.18054,-0.109351,60.0
1744879055192535.0,-6365.8,5715.19,0.741844,2.20135,2.11239,-0.0889614,60.0
1744879055240549.0,-6367.49,5717.25,0.745374,2.18054,2.30009,0.119548,60.0
1744879055292088.0,-6369.61,5719.98,0.749939,2.11239,2.10563,-0.00676347,60.0
1744879055344592.0,-6371.3,5722.03,0.753471,2.30009,2.22301,-0.0770757,60.0
1744879055406238.0,-6371.3,5722.03,0.753471,2.30009,2.23212,-0.0679685,60.0
1744879055458143.0,-6373.42,5724.76,0.75804,2.22301,2.16498,-0.0580277,60.0
1744879055520861.0,-6377.22,5728.87,0.765535,2.23212,2.17913,-0.052986,60.0
1744879055545333.0,-6377.22,5728.87,0.765535,2.23212,2.18013,-0.0519916,60.0
1744879055582882.0,-6378.92,5731.6,0.769684,2.17913,2.25837,0.0792387,60.0
1744879055642173.0,-6381.03,5733.65,0.773647,2.18013,2.28357,0.10344,60.0
1744879055684842.0,-6381.03,5733.65,0.773647,2.18013,2.18375,0.00362585,60.0
1744879055756601.0,-6384.84,5738.44,0.781765,2.28357,2.28452,0.000949868,60.0
1744879055814870.0,-6386.53,5740.49,0.785307,2.18375,2.11627,-0.067487,60.0
1744879055841201.0,-6386.53,5740.49,0.785307,2.18375,2.20042,0.016669,60.0
1744879055886020.0,-6388.65,5743.22,0.789889,2.11627,2.01521,-0.101051,60.0
1744879055919947.0,-6390.34,5745.27,0.793433,2.20042,2.13154,-0.0688808,60.0
1744879055983763.0,-6392.03,5748.01,0.797593,2.01521,2.15896,0.14375,60.0
1744879056028809.0,-6392.03,5748.01,0.797593,2.01521,2.09815,0.0829329,60.0
1744879056056039.0,-6394.15,5750.06,0.801565,2.15896,2.01447,-0.144493,60.0
1744879056083441.0,-6394.15,5750.06,0.801565,2.15896,2.23555,0.0765905,60.0
1744879056148256.0,-6397.54,5754.84,0.809277,2.23555,2.39129,0.155737,60.0
1744879056175142.0,-6397.54,5754.84,0.809277,2.23555,2.21578,-0.019775,60.0
1744879056227027.0,-6399.65,5757.58,0.813869,2.39129,2.46239,0.0710951,60.0
1744879056260411.0,-6401.34,5759.63,0.817421,2.21578,2.22292,0.00714259,60.0
1744879056326796.0,-6403.04,5762.36,0.82159,2.46239,2.3248,-0.137583,60.0
1744879056375341.0,-6403.04,5762.36,0.82159,2.46239,2.38967,-0.0727163,60.0
1744879056431607.0,-6406.84,5766.46,0.829126,2.3248,2.2756,-0.0492074,60.0
1744879056494163.0,-6408.96,5769.2,0.833726,2.38967,2.3507,-0.0389711,60.0
1744879056538361.0,-6408.96,5769.2,0.833726,2.38967,2.2855,-0.104174,60.0
1744879056598030.0,-6412.77,5773.98,0.841887,2.3507,2.26381,-0.0868892,60.0
1744879056645192.0,-6412.77,5773.98,0.841887,2.3507,2.2311,-0.1196,60.0
1744879056712599.0,-6416.58,5778.09,0.849437,2.26381,2.16067,-0.103141,60.0
1744879056761454.0,-6416.58,5778.09,0.849437,2.26381,2.35812,0.0943113,60.0
1744879056820402.0,-6420.38,5782.87,0.85761,2.16067,2.1615,0.000827121,60.0
1744879056877328.0,-6422.08,5785.6,0.861793,2.35812,2.3103,-0.0478242,60.0
1744879056940971.0,-6424.19,5787.66,0.865788,2.1615,2.07901,-0.082481,60.0
1744879056990734.0,-6424.19,5787.66,0.865788,2.1615,2.23253,0.0710382,60.0
1744879057046110.0,-6428.0,5792.44,0.873972,2.07901,2.21075,0.131735,60.0
1744879057117369.0,-6429.69,5794.49,0.877543,2.23253,2.22671,-0.00582243,60.0
1744879057174256.0,-6429.69,5794.49,0.877543,2.23253,2.16016,-0.0723787,60.0
1744879057228445.0,-6433.5,5799.28,0.885736,2.22671,2.18683,-0.0398788,60.0
1744879057256261.0,-6433.5,5799.28,0.885736,2.22671,2.37626,0.149548,60.0
1744879057288807.0,-6435.19,5802.01,0.88993,2.18683,2.17868,-0.00815428,60.0
1744879057345246.0,-6435.19,5802.01,0.88993,2.18683,2.28183,0.0949924,60.0
1744879057412263.0,-6436.89,5804.06,0.893505,2.17868,2.19025,0.0115752,60.0
1744879057477302.0,-6440.7,5808.85,0.90171,2.28183,2.36672,0.084891,60.0
1744879057530071.0,-6440.7,5808.85,0.90171,2.28183,2.24399,-0.0378365,60.0
1744879057556861.0,-6442.81,5810.9,0.905718,2.36672,2.23096,-0.135756,60.0
1744879057600778.0,-6444.5,5813.63,0.90992,2.24399,2.35842,0.114435,60.0
1744879057655246.0,-6444.5,5813.63,0.90992,2.24399,2.25527,0.0112788,60.0
1744879057721245.0,-6446.2,5815.68,0.913501,2.35842,2.2363,-0.12212,60.0
1744879057791385.0,-6448.31,5818.42,0.918136,2.25527,2.11011,-0.145158,60.0
1744879057852786.0,-6452.12,5823.2,0.926357,2.2363,2.18907,-0.047236,60.0
1744879057910055.0,-6453.81,5825.25,0.929944,2.18907,2.22459,0.0355203,60.0
1744879057976023.0,-6455.93,5827.3,0.933962,2.18907,2.0936,-0.0954644,60.0
1744879058003717.0,-6455.93,5827.3,0.933962,2.18907,2.2003,0.0112367,60.0
1744879058031171.0,-6457.62,5830.04,0.938174,2.0936,2.2333,0.139695,60.0
1744879058059484.0,-6457.62,5830.04,0.938174,2.0936,2.18605,0.0924487,60.0
1744879058111232.0,-6459.31,5832.09,0.941765,2.2333,2.16465,-0.068651,60.0
1744879058183372.0,-6461.43,5834.82,0.94641,2.18605,2.19191,0.00586048,60.0
1744879058218027.0,-6463.12,5836.87,0.950004,2.16465,2.20214,0.0374954,60.0
1744879058283732.0,-6463.12,5836.87,0.950004,2.16465,2.1254,-0.0392429,60.0
1744879058341420.0,-6466.93,5841.66,0.958248,2.20214,2.27152,0.0693776,60.0
1744879058387956.0,-6466.93,5841.66,0.958248,2.20214,2.1034,-0.0987401,60.0
1744879058458073.0,-6470.31,5846.44,0.966067,2.27152,2.1242,-0.14732,60.0
1744879058508604.0,-6472.43,5849.18,0.970723,2.1242,2.04077,-0.0834348,60.0
1744879058553269.0,-6472.43,5849.18,0.970723,2.1242,2.0924,-0.0317978,60.0
1744879058609791.0,-6474.12,5851.23,0.974323,2.04077,2.12145,0.0806845,60.0
1744879058670153.0,-6477.51,5856.01,0.982154,2.0924,2.1598,0.0673939,60.0
1744879058718173.0,-6477.51,5856.01,0.982154,2.0924,2.05757,-0.0348363,60.0
1744879058773571.0,-6481.32,5860.8,0.990421,2.1598,2.30518,0.145381,60.0
1744879058827276.0,-6483.01,5863.53,0.994654,2.05757,2.17252,0.114958,60.0
1744879058897744.0,-6484.7,5865.59,0.998262,2.17252,2.2009,0.02838,60.0
1744879058953409.0,-6486.39,5868.32,1.0025,2.2009,2.06216,-0.138741,60.0
1744879059016216.0,-6488.08,5871.05,1.00674,2.2009,2.15785,-0.0430584,60.0
1744879059081711.0,-6489.78,5873.1,1.01035,2.06216,2.10191,0.0397439,60.0
1744879059128831.0,-6489.78,5873.1,1.01035,2.06216,2.12481,0.0626474,60.0
1744879059188442.0,-6493.59,5877.89,1.01864,2.10191,2.06708,-0.0348297,60.0
1744879059249118.0,-6495.28,5880.62,1.02288,2.12481,2.13519,0.010378,60.0
1744879059310464.0,-6495.28,5880.62,1.02288,2.12481,2.0966,-0.0282107,60.0
1744879059366339.0,-6498.66,5885.41,1.03074,2.13519,2.26614,0.130953,60.0
1744879059433710.0,-6500.35,5888.14,1.03499,2.0966,2.15239,0.0557912,60.0
1744879059491942.0,-6502.05,5890.19,1.03861,2.26614,2.14146,-0.124682,60.0
1744879059544710.0,-6503.74,5892.93,1.04286,2.15239,2.17719,0.0247997,60.0
1744879059592550.0,-6503.74,5892.93,1.04286,2.15239,2.27172,0.119324,60.0
1744879059656848.0,-6505.43,5895.66,1.04712,2.17719,2.29785,0.120655,60.0
1744879059720999.0,-6508.82,5900.45,1.055,2.27172,2.21706,-0.0546595,60.0
1744879059772834.0,-6508.82,5900.45,1.055,2.27172,2.15,-0.121711,60.0
1744879059804398.0,-6510.51,5902.5,1.05862,2.21706,2.2817,0.0646403,60.0
1744879059841792.0,-6512.2,5905.23,1.06288,2.15,2.2335,0.0834919,60.0
1744879059868592.0,-6512.2,5905.23,1.06288,2.15,2.07493,-0.075079,60.0
1744879059896181.0,-6513.89,5907.97,1.06714,2.2335,2.17468,-0.0588128,60.0
1744879059942692.0,-6513.89,5907.97,1.06714,2.2335,2.36615,0.132654,60.0
1744879059971461.0,-6515.58,5910.02,1.07077,2.17468,2.11366,-0.0610204,60.0
1744879060029168.0,-6517.28,5912.75,1.07504,2.36615,2.22603,-0.140117,60.0
1744879060065666.0,-6518.97,5914.8,1.07867,2.11366,2.19437,0.0807099,60.0
1744879060123989.0,-6520.66,5917.54,1.08294,2.22603,2.16966,-0.0563715,60.0
1744879060183107.0,-6522.78,5919.59,1.08701,2.16966,2.29574,0.126075,60.0
1744879060210662.0,-6522.78,5919.59,1.08701,2.16966,2.25437,0.0847105,60.0
1744879060237847.0,-6524.47,5922.32,1.09128,2.29574,2.19195,-0.10379,60.0
1744879060286339.0,-6526.16,5925.06,1.09555,2.25437,2.24707,-0.0073013,60.0
1744879060342105.0,-6526.16,5925.06,1.09555,2.25437,2.3722,0.117824,60.0
1744879060397852.0,-6529.55,5929.84,1.10346,2.24707,2.33661,0.0895343,60.0
1744879060418720.0,-6529.55,5929.84,1.10346,2.24707,2.35991,0.112841,60.0
1744879060439627.0,-6529.55,5929.84,1.10346,2.24707,2.17701,-0.0700603,60.0
1744879060460283.0,-6531.24,5931.89,1.1071,2.35991,2.21174,-0.148169,60.0
1744879060481161.0,-6531.24,5931.89,1.1071,2.35991,2.32234,-0.037575,60.0
1744879060501999.0,-6533.35,5934.63,1.11181,2.21174,2.14029,-0.0714545,60.0
1744879060522823.0,-6533.35,5934.63,1.11181,2.21174,2.29595,0.084202,60.0
1744879060543651.0,-6533.35,5934.63,1.11181,2.21174,2.21234,0.000600246,60.0
1744879060564526.0,-6535.05,5936.68,1.11546,2.29595,2.16823,-0.127719,60.0
1744879060585340.0,-6535.05,5936.68,1.11546,2.29595,2.25557,-0.040374,60.0
1744879060606130.0,-6536.74,5939.41,1.11974,2.16823,2.23501,0.0667873,60.0
1744879060626851.0,-6536.74,5939.41,1.11974,2.16823,2.2659,0.0976709,60.0
1744879060647705.0,-6536.74,5939.41,1.11974,2.16823,2.08542,-0.0828064,60.0
1744879060669049.0,-6538.43,5941.46,1.12338,2.2659,2.3529,0.0870068,60.0
1744879060690400.0,-6538.43,5941.46,1.12338,2.2659,2.28201,0.0161127,60.0
1744879060711158.0,-6540.55,5944.2,1.1281,2.3529,2.23642,-0.11648,60.0
1744879060732162.0,-6540.55,5944.2,1.1281,2.3529,2.39731,0.0444098,60.0
1744879060753225.0,-6542.24,5946.25,1.13175,2.39731,2.37345,-0.0238658,60.0
1744879060774219.0,-6542.24,5946.25,1.13175,2.39731,2.35977,-0.0375426,60.0
1744879060795259.0,-6542.24,5946.25,1.13175,2.39731,2.28923,-0.108083,60.0
1744879060816258.0,-6543.93,5948.98,1.13604,2.35977,2.34982,-0.00995365,60.0
1744879060837201.0,-6543.93,5948.98,1.13604,2.35977,2.25279,-0.106977,60.0
1744879060857979.0,-6546.05,5951.03,1.14013,2.34982,2.20046,-0.149354,60.0
1744879060894081.0,-6546.05,5951.03,1.14013,2.34982,2.36781,0.017991,60.0
1744879060915050.0,-6547.74,5953.77,1.14442,2.20046,2.18564,-0.014824,60.0
1744879060949237.0,-6547.74,5953.77,1.14442,2.20046,2.3069,0.106438,60.0
1744879060982542.0,-6549.43,5955.82,1.14807,2.18564,2.23184,0.0462014,60.0
1744879061008828.0,-6551.55,5958.55,1.1528,2.3069,2.25064,-0.0562582,60.0
1744879061030373.0,-6551.55,5958.55,1.1528,2.3069,2.34491,0.0380121,60.0
1744879061051532.0,-6551.55,5958.55,1.1528,2.3069,2.17414,-0.13276,60.0
1744879061072612.0,-6553.24,5960.6,1.15645,2.34491,2.32601,-0.0189,60.0
1744879061095579.0,-6553.24,5960.6,1.15645,2.34491,2.20043,-0.144485,60.0
1744879061117930.0,-6555.36,5962.65,1.16055,2.32601,2.39955,0.0735316,60.0
1744879061155310.0,-6555.36,5962.65,1.16055,2.32601,2.25585,-0.0701666,60.0
1744879061180603.0,-6557.05,5965.39,1.16485,2.39955,2.39943,-0.000111738,60.0
1744879061208352.0,-6557.05,5965.39,1.16485,2.39955,2.25938,-0.140168,60.0
1744879061230902.0,-6559.17,5967.44,1.16894,2.39943,2.27559,-0.123849,60.0
1744879061253187.0,-6559.17,5967.44,1.16894,2.39943,2.35625,-0.0431893,60.0
1744879061276162.0,-6560.86,5970.17,1.17324,2.27559,2.13775,-0.137832,60.0
1744879061297899.0,-6560.86,5970.17,1.17324,2.27559,2.14606,-0.129524,60.0
1744879061343654.0,-6562.97,5972.22,1.17734,2.13775,2.2089,0.0711422,60.0
1744879061371208.0,-6564.67,5974.27,1.18101,2.14606,2.17731,0.0312455,60.0
1744879061405351.0,-6564.67,5974.27,1.18101,2.14606,2.08383,-0.0622314,60.0
1744879061429048.0,-6566.78,5977.01,1.18575,2.17731,2.2961,0.118795,60.0
1744879061455302.0,-6566.78,5977.01,1.18575,2.17731,2.1503,-0.0270062,60.0
1744879061477438.0,-6568.47,5979.06,1.18942,2.2961,2.16324,-0.13286,60.0
1744879061511305.0,-6568.47,5979.06,1.18942,2.2961,2.28476,-0.0113403,60.0
1744879061538920.0,-6570.59,5981.79,1.19416,2.16324,2.2427,0.0794615,60.0
1744879061564136.0,-6570.59,5981.79,1.19416,2.16324,2.23005,0.0668081,60.0
1744879061588057.0,-6572.28,5983.85,1.19783,2.2427,2.37621,0.133508,60.0
1744879061612952.0,-6572.28,5983.85,1.19783,2.2427,2.28141,0.0387085,60.0
1744879061637569.0,-6573.97,5985.9,1.2015,2.37621,2.23972,-0.136488,60.0
1744879061667642.0,-6573.97,5985.9,1.2015,2.37621,2.21583,-0.16038,60.0
1744879061694447.0,-6576.09,5988.63,1.20625,2.23972,2.29702,0.0572973,60.0
1744879061736042.0,-6577.78,5990.68,1.20992,2.21583,2.13475,-0.0810814,60.0
1744879061764937.0,-6577.78,5990.68,1.20992,2.21583,2.16312,-0.0527157,60.0
1744879061789191.0,-6579.9,5993.42,1.21468,2.13475,2.21895,0.0842016,60.0
1744879061817777.0,-6579.9,5993.42,1.21468,2.13475,2.14116,0.00641414,60.0
1744879061843359.0,-6581.59,5995.47,1.21835,2.21895,2.25679,0.0378412,60.0
1744879061874607.0,-6581.59,5995.47,1.21835,2.21895,2.09343,-0.125524,60.0
1744879061901611.0,-6583.71,5997.52,1.22247,2.25679,2.29348,0.0366836,60.0
1744879061929147.0,-6585.4,6000.25,1.22679,2.09343,2.19023,0.0968042,60.0
1744879061970429.0,-6585.4,6000.25,1.22679,2.09343,2.03642,-0.0570037,60.0
1744879061998991.0,-6587.09,6002.3,1.23046,2.19023,2.32467,0.134442,60.0
1744879062027350.0,-6587.09,6002.3,1.23046,2.19023,2.2197,0.029468,60.0
1744879062090728.0,-6589.21,6005.04,1.23523,2.32467,2.35349,0.0288192,60.0
1744879062155048.0,-6593.02,6009.82,1.24367,2.2197,2.30048,0.0807818,60.0
1744879062220475.0,-6594.71,6011.87,1.24736,2.35349,2.28928,-0.0642148,60.0
1744879062266239.0,-6594.71,6011.87,1.24736,2.35349,2.40334,0.0498491,60.0
1744879062314710.0,-6596.4,6014.61,1.25168,2.28928,2.29297,0.00368981,60.0
1744879062380256.0,-6598.52,6016.66,1.25581,2.40334,2.27812,-0.125218,60.0
1744879062434968.0,-6600.21,6018.71,1.2595,2.29297,2.17217,-0.1208,60.0
1744879062501978.0,-6604.02,6023.5,1.26796,2.27812,2.17325,-0.10487,60.0
1744879062562340.0,-6606.13,6026.23,1.27274,2.17325,2.28712,0.113861,60.0
1744879062612336.0,-6606.13,6026.23,1.27274,2.17325,2.03601,-0.137248,60.0
1744879062639166.0,-6607.82,6028.28,1.27643,2.28712,2.21197,-0.0751482,60.0
1744879062664880.0,-6609.94,6030.33,1.28056,2.03601,2.18602,0.150009,60.0
1744879062691228.0,-6609.94,6030.33,1.28056,2.03601,2.13026,0.0942535,60.0
1744879062725229.0,-6611.63,6033.07,1.2849,2.18602,2.17695,-0.00906894,60.0
1744879062792977.0,-6613.75,6035.12,1.28904,2.13026,2.27622,0.14596,60.0
1744879062846788.0,-6615.44,6037.85,1.29338,2.17695,2.15942,-0.017526,60.0
1744879062876785.0,-6615.44,6037.85,1.29338,2.17695,2.17816,0.00121824,60.0
1744879062910240.0,-6617.13,6039.9,1.29708,2.15942,2.17948,0.0200629,60.0
1744879062972160.0,-6619.25,6042.64,1.30187,2.17816,2.14287,-0.0352922,60.0
1744879063024657.0,-6619.25,6042.64,1.30187,2.17816,2.26901,0.0908499,60.0
1744879063085527.0,-6622.63,6047.42,1.30992,2.14287,2.29712,0.154244,60.0
1744879063113108.0,-6622.63,6047.42,1.30992,2.14287,2.20337,0.0604999,60.0
1744879063145816.0,-6624.75,6049.47,1.31407,2.29712,2.3267,0.0295867,60.0
1744879063195621.0,-6624.75,6049.47,1.31407,2.29712,2.22872,-0.0683995,60.0
1744879063225077.0,-6626.44,6052.21,1.31842,2.3267,2.20308,-0.123626,60.0
1744879063259798.0,-6628.13,6054.26,1.32213,2.22872,2.38159,0.152874,60.0
1744879063324509.0,-6628.13,6054.26,1.32213,2.22872,2.09748,-0.131238,60.0
1744879063382181.0,-6631.94,6059.04,1.33063,2.38159,2.224,-0.157595,60.0
1744879063431489.0,-6631.94,6059.04,1.33063,2.38159,2.23968,-0.141914,60.0
1744879063489561.0,-6635.75,6063.83,1.33914,2.224,2.06093,-0.163066,60.0
1744879063538402.0,-6635.75,6063.83,1.33914,2.224,2.18636,-0.0376389,60.0
1744879063587858.0,-6637.44,6065.88,1.34286,2.06093,2.1342,0.073265,60.0
1744879063616218.0,-6639.56,6068.62,1.34766,2.18636,2.26663,0.080275,60.0
1744879063650868.0,-6641.25,6070.67,1.35138,2.1342,2.15932,0.0251265,60.0
1744879063715002.0,-6642.94,6073.4,1.35574,2.26663,2.30851,0.041877,60.0
1744879063763707.0,-6642.94,6073.4,1.35574,2.26663,2.12245,-0.144179,60.0
1744879063815099.0,-6645.06,6075.45,1.3599,2.30851,2.34701,0.038505,60.0
1744879063860817.0,-6646.75,6078.19,1.36427,2.12245,2.14873,0.0262783,60.0
1744879063911532.0,-6648.44,6080.24,1.36799,2.34701,2.40611,0.0590909,60.0
1744879063980680.0,-6652.25,6085.02,1.37653,2.14873,2.23957,0.09084,60.0
1744879064026165.0,-6652.25,6085.02,1.37653,2.14873,2.11254,-0.0361881,60.0
1744879064064800.0,-6653.94,6087.76,1.38091,2.23957,2.10386,-0.135709,60.0
1744879064105750.0,-6656.06,6089.81,1.38507,2.11254,2.22094,0.108394,60.0
1744879064161839.0,-6657.75,6092.54,1.38945,2.10386,2.12384,0.0199778,60.0
1744879064221347.0,-6659.44,6094.59,1.39318,2.22094,2.30832,0.0873791,60.0
1744879064271336.0,-6661.14,6097.33,1.39756,2.12384,2.07673,-0.047106,60.0
1744879064305522.0,-6663.25,6099.38,1.40174,2.30832,2.28474,-0.0235791,60.0
1744879064353067.0,-6664.94,6102.11,1.40612,2.07673,2.17131,0.0945746,60.0
1744879064383293.0,-6664.94,6102.11,1.40612,2.07673,2.04896,-0.0277784,60.0
1744879064410169.0,-6666.64,6104.16,1.40985,2.17131,2.10226,-0.0690529,60.0
1744879064439015.0,-6666.64,6104.16,1.40985,2.17131,2.13348,-0.0378343,60.0
1744879064472370.0,-6668.33,6106.9,1.41424,2.10226,2.04456,-0.0576973,60.0
1744879064532714.0,-6670.02,6108.95,1.41797,2.13347,2.21751,0.0840316,60.0
1744879064590078.0,-6672.14,6111.68,1.42281,2.04456,2.17311,0.128556,60.0
1744879064659049.0,-6673.83,6113.73,1.42655,2.21751,2.25134,0.0338357,60.0
1744879064719833.0,-6675.52,6116.47,1.43094,2.17311,2.17756,0.00444196,60.0
1744879064780657.0,-6677.21,6118.52,1.43468,2.25134,2.1725,-0.0788389,60.0
1744879064827953.0,-6677.21,6118.52,1.43468,2.25134,2.34025,0.0889063,60.0
1744879064892674.0,-6680.6,6123.99,1.44347,2.1725,2.27084,0.0983414,60.0
1744879064952155.0,-6682.29,6126.04,1.44722,2.27084,2.22953,-0.0413142,60.0
1744879065004663.0,-6683.98,6128.77,1.45162,2.27084,2.31593,0.0450823,60.0
1744879065050188.0,-6683.98,6128.77,1.45162,2.27084,2.14672,-0.124128,60.0
1744879065080807.0,-6686.1,6130.82,1.45581,2.31593,2.1875,-0.128431,60.0
1744879065116791.0,-6687.79,6133.56,1.46021,2.14672,2.28495,0.138233,60.0
1744879065165870.0,-6687.79,6133.56,1.46021,2.14672,2.24075,0.0940307,60.0
1744879065232340.0,-6691.18,6138.34,1.46837,2.28495,2.29933,0.0143767,60.0
1744879065292332.0,-6693.29,6140.4,0.472567,2.24075,2.08302,-0.157725,60.0
1744879065319282.0,-6693.29,6140.4,0.472567,2.24075,2.22593,-0.0148172,60.0
1744879065350394.0,-6694.98,6143.13,0.476976,2.08302,2.21479,0.131763,60.0
1744879065396398.0,-6694.98,6143.13,0.476976,2.08302,2.24562,0.162594,60.0
1744879065422171.0,-6696.68,6145.18,0.480731,2.21479,2.08349,-0.1313,60.0
1744879065450662.0,-6698.37,6147.91,0.485143,2.24562,2.32546,0.0798408,60.0
1744879065506278.0,-6698.37,6147.91,0.485143,2.24562,2.25502,0.00940778,60.0
1744879065583620.0,-6702.18,6152.7,0.493761,2.25502,2.20831,-0.0467187,60.0
1744879065640956.0,-6703.87,6155.43,0.498178,2.25502,2.39046,0.135432,60.0
1744879065668590.0,-6703.87,6155.43,0.498178,2.25502,2.13668,-0.118341,60.0
1744879065705486.0,-6703.87,6155.43,0.498178,2.25502,2.10274,-0.152289,60.0
1744879065731506.0,-6705.56,6157.49,0.501939,2.39046,2.25538,-0.135074,60.0
1744879065758762.0,-6707.68,6160.22,0.506806,2.25538,2.24886,-0.00652127,60.0
1744879065822019.0,-6709.37,6162.27,0.510569,2.24886,2.21705,-0.0318084,60.0
1744879065876382.0,-6711.06,6164.32,0.514333,2.21705,2.24096,0.0239064,60.0
1744879065902794.0,-6711.06,6164.32,0.514333,2.21705,2.25415,0.0370972,60.0
1744879065950595.0,-6713.18,6167.06,0.519204,2.24096,2.29389,0.0529318,60.0
1744879066004470.0,-6714.87,6169.11,0.522971,2.25415,2.14527,-0.108878,60.0
1744879066032380.0,-6714.87,6169.11,0.522971,2.25415,2.34221,0.0880539,60.0
1744879066060077.0,-6716.56,6171.84,0.527398,2.14527,2.18719,0.0419155,60.0
1744879066086090.0,-6716.56,6171.84,0.527398,2.14527,2.15928,0.0140038,60.0
1744879066119117.0,-6718.68,6173.89,0.531615,2.18719,2.24294,0.0557473,60.0
1744879066144913.0,-6718.68,6173.89,0.531615,2.18719,2.12024,-0.0669505,60.0
1744879066171344.0,-6720.37,6176.63,0.536046,2.24294,2.16845,-0.0744886,60.0
1744879066229585.0,-6722.06,6178.68,0.539817,2.12024,2.19019,0.0699488,60.0
1744879066256397.0,-6722.06,6178.68,0.539817,2.12024,2.2596,0.13936,60.0
1744879066281933.0,-6723.75,6181.41,0.544251,2.19019,2.17291,-0.0172798,60.0
1744879066341228.0,-6725.87,6183.46,0.548473,2.2596,2.20574,-0.0538622,60.0
1744879066366284.0,-6725.87,6183.46,0.548473,2.2596,2.27073,0.0111356,60.0
1744879066395155.0,-6727.56,6186.2,0.552909,2.20574,2.35694,0.151204,60.0
1744879066421692.0,-6727.56,6186.2,0.552909,2.20574,2.1427,-0.0630374,60.0
1744879066454398.0,-6729.26,6188.25,0.556686,2.35694,2.26946,-0.0874835,60.0
1744879066483058.0,-6729.26,6188.25,0.556686,2.35694,2.28507,-0.071867,60.0
1744879066511158.0,-6731.37,6190.98,0.561574,2.26946,2.21932,-0.0501348,60.0
1744879066571381.0,-6733.06,6193.03,0.565353,2.28507,2.28356,-0.00151408,60.0
1744879066625440.0,-6734.76,6195.77,0.569796,2.21932,2.20918,-0.0101367,60.0
1744879066676206.0,-6734.76,6195.77,0.569796,2.21932,2.16859,-0.0507357,60.0
1744879066707207.0,-6736.87,6197.82,0.574026,2.20918,2.16545,-0.043733,60.0
1744879066775763.0,-6738.56,6200.55,0.578472,2.16859,2.16633,-0.00225142,60.0
1744879066816552.0,-6740.26,6202.61,0.582256,2.16545,2.12894,-0.0365143,60.0
1744879066844362.0,-6740.26,6202.61,0.582256,2.16545,2.03468,-0.13077,60.0
1744879066950485.0,-6744.06,6207.39,0.59094,2.12894,2.1456,0.0166663,60.0
1744879066999254.0,-6744.06,6207.39,0.59094,2.12894,2.02717,-0.101768,60.0
1744879067025642.0,-6745.76,6210.13,0.595392,2.1456,2.2982,0.152593,60.0
1744879067072462.0,-6747.45,6212.18,0.599181,2.02717,2.14507,0.117897,60.0
1744879067116122.0,-6747.45,6212.18,0.599181,2.02717,2.09274,0.0655735,60.0
1744879067139272.0,-6749.14,6214.91,0.603636,2.14507,2.20706,0.0619979,60.0
1744879067160381.0,-6749.14,6214.91,0.603636,2.14507,2.12457,-0.0204954,60.0
1744879067181971.0,-6751.26,6216.96,0.607877,2.20706,2.09341,-0.113653,60.0
1744879067208312.0,-6751.26,6216.96,0.607877,2.20706,2.18661,-0.0204514,60.0
1744879067229279.0,-6752.95,6219.7,0.612335,2.09341,2.19493,0.101521,60.0
1744879067254211.0,-6752.95,6219.7,0.612335,2.09341,2.10509,0.0116793,60.0
1744879067274943.0,-6754.64,6221.75,0.616129,2.19493,2.14512,-0.0498107,60.0
1744879067312045.0,-6754.64,6221.75,0.616129,2.19493,2.11831,-0.0766165,60.0
1744879067332868.0,-6756.33,6224.48,0.620589,2.14512,2.20127,0.0561482,60.0
1744879067356781.0,-6756.33,6224.48,0.620589,2.14512,2.28645,0.14133,60.0
1744879067377580.0,-6758.02,6227.22,0.625051,2.20127,2.0434,-0.157868,60.0
1744879067400786.0,-6758.02,6227.22,0.625051,2.20127,2.15323,-0.0480356,60.0
1744879067421638.0,-6758.02,6227.22,0.625051,2.20127,2.11979,-0.0814744,60.0
1744879067442395.0,-6759.72,6229.27,0.628849,2.15323,2.31665,0.163418,60.0
1744879067463530.0,-6759.72,6229.27,0.628849,2.15323,2.12433,-0.0289016,60.0
1744879067484201.0,-6761.41,6232.0,0.633315,2.31665,2.20747,-0.109177,60.0
1744879067505032.0,-6761.41,6232.0,0.633315,2.31665,2.19307,-0.123578,60.0
1744879067526011.0,-6761.41,6232.0,0.633315,2.31665,2.3207,0.00404815,60.0
1744879067547156.0,-6763.53,6234.05,0.637566,2.19307,2.21401,0.0209419,60.0
1744879067567764.0,-6763.53,6234.05,0.637566,2.19307,2.1993,0.00622218,60.0
1744879067588710.0,-6765.22,6236.79,0.642034,2.21401,2.2633,0.0492827,60.0
1744879067609488.0,-6765.22,6236.79,0.642034,2.21401,2.12008,-0.0939307,60.0
1744879067630557.0,-6766.91,6238.84,0.645837,2.2633,2.25636,-0.0069411,60.0
1744879067651538.0,-6766.91,6238.84,0.645837,2.2633,2.35127,0.0879729,60.0
1744879067672423.0,-6766.91,6238.84,0.645837,2.2633,2.2136,-0.0496934,60.0
1744879067693495.0,-6768.6,6241.57,0.650308,2.35127,2.24585,-0.105422,60.0
1744879067714298.0,-6768.6,6241.57,0.650308,2.35127,2.21537,-0.135905,60.0
1744879067736714.0,-6770.29,6243.62,0.654113,2.24585,2.25217,0.00631977,60.0
1744879067757638.0,-6770.29,6243.62,0.654113,2.24585,2.26175,0.0159057,60.0
1744879067778492.0,-6770.29,6243.62,0.654113,2.24585,2.25112,0.00526779,60.0
1744879067799337.0,-6772.41,6246.36,0.659038,2.26175,2.32893,0.06718,60.0
1744879067820195.0,-6772.41,6246.36,0.659038,2.26175,2.28697,0.0252139,60.0
1744879067841065.0,-6774.1,6248.41,0.662846,2.32893,2.19723,-0.131705,60.0
1744879067861991.0,-6774.1,6248.41,0.662846,2.32893,2.21178,-0.117159,60.0
1744879067882826.0,-6774.1,6248.41,0.662846,2.32893,2.24268,-0.0862593,60.0
1744879067904170.0,-6775.79,6251.14,0.667323,2.21178,2.21144,-0.000331647,60.0
1744879067925165.0,-6775.79,6251.14,0.667323,2.21178,2.1752,-0.0365713,60.0
1744879067949181.0,-6777.49,6253.19,0.671134,2.21144,2.25671,0.0452685,60.0
1744879067979985.0,-6777.49,6253.19,0.671134,2.21144,2.09769,-0.113756,60.0
1744879068003709.0,-6779.6,6255.93,0.676065,2.25671,2.16401,-0.0926979,60.0
1744879068027925.0,-6779.6,6255.93,0.676065,2.25671,2.2684,0.0116909,60.0
1744879068051179.0,-6781.29,6257.98,0.679878,2.16401,2.14931,-0.0147047,60.0
1744879068074386.0,-6781.29,6257.98,0.679878,2.16401,2.12572,-0.0382966,60.0
1744879068098361.0,-6782.99,6260.71,0.684361,2.14931,2.187,0.0376935,60.0
1744879068135754.0,-6782.99,6260.71,0.684361,2.14931,2.05582,-0.0934902,60.0
1744879068160289.0,-6784.68,6262.76,0.688177,2.187,2.21907,0.0320695,60.0
1744879068182550.0,-6784.68,6262.76,0.688177,2.187,2.11267,-0.0743293,60.0
1744879068204607.0,-6786.79,6265.5,0.693115,2.21907,2.12353,-0.0955397,60.0
1744879068226421.0,-6786.79,6265.5,0.693115,2.21907,2.08734,-0.131728,60.0
1744879068260740.0,-6788.49,6267.55,0.696933,2.12353,2.10263,-0.0209062,60.0
1744879068298453.0,-6790.18,6270.28,0.701422,2.08734,2.1004,0.0130508,60.0
1744879068322637.0,-6790.18,6270.28,0.701422,2.08734,2.10309,0.0157429,60.0
1744879068352519.0,-6791.87,6273.02,0.705913,2.1004,2.16533,0.0649368,60.0
1744879068378614.0,-6791.87,6273.02,0.705913,2.1004,2.10987,0.00947763,60.0
1744879068433241.0,-6793.99,6275.07,0.710187,2.16533,2.21386,0.0485289,60.0
1744879068473483.0,-6795.68,6277.8,0.714681,2.10987,2.17241,0.0625328,60.0
1744879068496403.0,-6795.68,6277.8,0.714681,2.10987,2.04849,-0.061382,60.0
1744879068521674.0,-6795.68,6277.8,0.714681,2.10987,2.06461,-0.0452661,60.0
1744879068548600.0,-6797.37,6279.85,0.718505,2.04849,2.12236,0.0738652,60.0
1744879068574734.0,-6797.37,6279.85,0.718505,2.04849,2.05129,0.00280332,60.0
1744879068600496.0,-6799.06,6282.59,0.723002,2.12236,2.17468,0.052319,60.0
1744879068626734.0,-6800.76,6284.64,0.726829,2.17468,2.3145,0.139822,60.0
1744879068650399.0,-6800.76,6284.64,0.726829,2.17468,2.14563,-0.0290414,60.0
1744879068678633.0,-6802.45,6287.37,0.731328,2.14563,2.22103,0.0754007,60.0
1744879068704649.0,-6802.45,6287.37,0.731328,2.14563,2.17212,0.0264821,60.0
1744879068730757.0,-6804.14,6290.11,0.73583,2.22103,2.28023,0.0591955,60.0
1744879068757855.0,-6804.14,6290.11,0.73583,2.22103,2.18428,-0.0367592,60.0
1744879068801828.0,-6805.83,6292.16,0.73966,2.28023,2.33697,0.0567427,60.0
1744879068845234.0,-6807.52,6294.89,0.744164,2.18428,2.10752,-0.0767537,60.0
1744879068871252.0,-6807.52,6294.89,0.744164,2.18428,2.24656,0.0622876,60.0
1744879068925463.0,-6809.22,6296.95,0.747997,2.10752,2.17786,0.0703404,60.0
1744879068960691.0,-6810.91,6299.68,0.752504,2.24656,2.26501,0.0184448,60.0
1744879069015275.0,-6812.6,6302.41,0.757013,2.26501,2.14289,-0.122116,60.0
1744879069044516.0,-6812.6,6302.41,0.757013,2.26501,2.14978,-0.115223,60.0
1744879069092160.0,-6814.72,6304.46,0.761304,2.14289,2.10562,-0.0372759,60.0
1744879069148817.0,-6816.41,6307.2,0.765816,2.14978,2.14969,-9.86578e-05,60.0
1744879069208155.0,-6818.1,6309.25,0.769655,2.10562,2.24936,0.143741,60.0
1744879069249669.0,-6818.1,6309.25,0.769655,2.10562,2.2608,0.155182,60.0
1744879069310771.0,-6821.49,6314.72,0.778686,2.24936,2.26369,0.0143363,60.0
1744879069336535.0,-6821.49,6314.72,0.778686,2.24936,2.22781,-0.02155,60.0
1744879069370768.0,-6823.18,6316.77,0.782529,2.26369,2.18706,-0.0766351,60.0
1744879069397156.0,-6823.18,6316.77,0.782529,2.26369,2.25655,-0.00714158,60.0
1744879069457747.0,-6824.87,6319.5,0.787049,2.18706,2.29026,0.103206,60.0
1744879069492870.0,-6826.56,6321.56,0.790894,2.25655,2.13387,-0.122679,60.0
1744879069542314.0,-6826.56,6321.56,0.790894,2.25655,2.38056,0.124009,60.0
1744879069571248.0,-6828.25,6324.29,0.795416,2.13387,2.10994,-0.0239311,60.0
1744879069609720.0,-6830.37,6326.34,0.799719,2.38056,2.31094,-0.0696179,60.0
1744879069657035.0,-6830.37,6326.34,0.799719,2.38056,2.29974,-0.0808259,60.0
1744879069685045.0,-6832.06,6329.08,0.804245,2.31094,2.47265,0.161703,60.0
1744879069718671.0,-6833.75,6331.13,0.808095,2.29974,2.14852,-0.151218,60.0
1744879069778266.0,-6835.45,6333.86,0.812623,2.14852,2.07405,-0.074465,60.0
1744879069831052.0,-6835.45,6333.86,0.812623,2.14852,2.18708,0.038558,60.0
1744879069912339.0,-6838.83,6338.65,0.821007,2.07405,2.16505,0.0909945,60.0
1744879069959047.0,-6838.83,6338.65,0.821007,2.07405,2.22986,0.155806,60.0
1744879070016541.0,-6842.64,6343.43,0.829853,2.16505,2.30263,0.137585,60.0
1744879070063969.0,-6842.64,6343.43,0.829853,2.16505,2.20292,0.0378696,60.0
1744879070130227.0,-6846.02,6348.22,0.838248,2.30263,2.20775,-0.0948867,60.0
1744879070180309.0,-6847.71,6350.95,0.842787,2.20292,2.30852,0.105601,60.0
1744879070243034.0,-6849.41,6353.0,0.846649,2.20775,2.07459,-0.133151,60.0
1744879070296508.0,-6851.52,6355.74,0.851647,2.30852,2.29352,-0.0149989,60.0
1744879070342119.0,-6851.52,6355.74,0.851647,2.30852,2.18802,-0.120496,60.0
1744879070412241.0,-6854.91,6360.52,0.860056,2.29352,2.34777,0.0542545,60.0
1744879070476234.0,-6856.6,6362.57,0.863923,2.18802,2.21119,0.023167,60.0
1744879070527968.0,-6856.6,6362.57,0.863923,2.18802,2.10501,-0.0830151,60.0
1744879070588467.0,-6860.41,6367.36,0.872797,2.21119,2.24156,0.0303665,60.0
1744879070637277.0,-6860.41,6367.36,0.872797,2.21119,2.21697,0.00577804,60.0
1744879070697638.0,-6863.79,6372.14,0.881219,2.24156,2.29078,0.0492244,60.0
1744879070748773.0,-6865.91,6374.88,0.88623,2.29078,2.38492,0.0941446,60.0
1744879070814315.0,-6867.6,6376.93,0.890104,2.29078,2.26816,-0.0226159,60.0
1744879070857787.0,-6867.6,6376.93,0.890104,2.29078,2.2291,-0.0616817,60.0
1744879070915001.0,-6871.41,6381.72,0.898996,2.2291,2.26105,0.0319562,60.0
1744879070963455.0,-6871.41,6381.72,0.898996,2.2291,2.20526,-0.0238401,60.0
1744879071018396.0,-6873.1,6384.45,0.903556,2.26105,2.24458,-0.0164698,60.0
1744879071098963.0,-6876.91,6389.24,0.912456,2.20526,2.32723,0.121977,60.0
1744879071126543.0,-6876.91,6389.24,0.912456,2.20526,2.11467,-0.0905879,60.0
1744879071158955.0,-6878.6,6391.29,0.916338,2.32723,2.20994,-0.117297,60.0
1744879071210446.0,-6880.29,6394.02,0.920904,2.11467,2.16026,0.04559,60.0
1744879071272829.0,-6882.41,6396.07,0.925246,2.20994,2.12521,-0.0847229,60.0
1744879071326619.0,-6882.41,6396.07,0.925246,2.20994,2.23716,0.0272216,60.0
1744879071357092.0,-6884.1,6398.81,0.929815,2.12521,2.16331,0.0380941,60.0
1744879071457151.0,-6887.48,6403.59,0.938274,2.23716,2.22063,-0.0165342,60.0
1744879071512269.0,-6889.6,6405.64,0.942622,2.16331,2.25986,0.0965555,60.0
1744879071560962.0,-6889.6,6405.64,0.942622,2.16331,2.17693,0.0136215,60.0
1744879071619191.0,-6891.29,6408.38,0.947197,2.25986,2.36683,0.106967,60.0
1744879071665823.0,-6892.98,6410.43,0.951089,2.17693,2.15654,-0.0203868,60.0
1744879071725737.0,-6896.79,6415.21,0.960021,2.36683,2.27114,-0.09569,60.0
1744879071779062.0,-6896.79,6415.21,0.960021,2.36683,2.2046,-0.162236,60.0
1744879071854385.0,-6900.6,6420.0,0.968958,2.27114,2.16016,-0.110983,60.0
1744879071913562.0,-6902.29,6422.73,0.973542,2.2046,2.29351,0.0889195,60.0
1744879071959724.0,-6902.29,6422.73,0.973542,2.2046,2.07305,-0.131541,60.0
1744879072031195.0,-6906.1,6426.84,0.981802,2.07305,2.13071,0.0576518,60.0
1744879072085218.0,-6907.79,6429.57,0.98639,2.07305,2.10833,0.0352732,60.0
1744879072138961.0,-6907.79,6429.57,0.98639,2.07305,2.16561,0.0925571,60.0
1744879072218696.0,-6909.49,6431.62,0.990293,2.10833,2.2065,0.0981721,60.0
1744879072282354.0,-6913.29,6436.41,0.999251,2.16561,2.20922,0.043604,60.0
1744879072348128.0,-6914.99,6439.14,1.00385,2.2065,2.18296,-0.0235395,60.0
1744879072403338.0,-6916.68,6441.88,1.00844,2.20922,2.11323,-0.0959877,60.0
1744879072449262.0,-6916.68,6441.88,1.00844,2.20922,2.19008,-0.0191351,60.0
1744879072495622.0,-6918.79,6443.93,1.01281,2.11323,2.06481,-0.0484164,60.0
1744879072567980.0,-6920.48,6446.66,1.01741,2.19008,2.29303,0.102954,60.0
1744879072627613.0,-6923.87,6451.45,1.02592,2.06481,2.14346,0.0786475,60.0
1744879072666305.0,-6923.87,6451.45,1.02592,2.06481,1.97717,-0.0876402,60.0
1744879072695455.0,-6925.56,6453.5,1.02984,2.14346,2.22903,0.0855688,60.0
1744879072734922.0,-6927.25,6456.23,1.03444,1.97717,2.06615,0.0889833,60.0
1744879072795355.0,-6928.95,6458.28,1.03836,2.22903,2.11338,-0.115649,60.0
1744879072821035.0,-6928.95,6458.28,1.03836,2.22903,2.20318,-0.0258467,60.0
1744879072846593.0,-6930.64,6461.02,1.04297,2.11338,2.24469,0.131316,60.0
1744879072903023.0,-6932.75,6463.75,1.04804,2.20318,2.18805,-0.0151272,60.0
1744879072956373.0,-6932.75,6463.75,1.04804,2.20318,2.17242,-0.0307647,60.0
1744879072984522.0,-6934.45,6465.8,1.05196,2.18805,2.28499,0.0969324,60.0
1744879073016096.0,-6936.14,6468.54,1.05657,2.17242,2.10214,-0.0702788,60.0
1744879073081357.0,-6937.83,6470.59,1.0605,2.28499,2.22836,-0.0566242,60.0
1744879073108175.0,-6937.83,6470.59,1.0605,2.28499,2.18289,-0.102096,60.0
1744879073194598.0,-6939.52,6473.32,1.06511,2.22836,2.23593,0.00757048,60.0
1744879073266134.0,-6941.21,6476.06,1.06973,2.18289,2.31881,0.135917,60.0
1744879073335410.0,-6944.6,6480.84,1.07828,2.23593,2.26524,0.0293057,60.0
1744879073383822.0,-6944.6,6480.84,1.07828,2.23593,2.19738,-0.0385562,60.0
1744879073413328.0,-6946.29,6482.9,1.08221,2.26524,2.22718,-0.0380545,60.0
1744879073475352.0,-6947.98,6485.63,1.08683,2.19738,2.29403,0.0966516,60.0
1744879073588891.0,-6951.79,6490.42,1.09585,2.22718,2.13955,-0.0876294,60.0
1744879073645999.0,-6953.48,6492.47,1.09978,2.29403,2.2239,-0.0701243,60.0
1744879073704654.0,-6955.17,6495.2,1.10441,2.13955,2.0753,-0.0642575,60.0
1744879073772639.0,-6956.87,6497.94,1.10904,2.0753,2.18828,0.11298,60.0
1744879073828665.0,-6956.87,6497.94,1.10904,2.0753,2.11935,0.0440526,60.0
1744879073890172.0,-6960.67,6502.72,1.11808,2.18828,2.30885,0.120573,60.0
1744879073960955.0,-6962.37,6504.77,1.12202,2.11935,2.28052,0.161171,60.0
1744879074017116.0,-6964.06,6507.51,1.12666,2.30885,2.19761,-0.111245,60.0
1744879074079519.0,-6965.75,6509.56,1.1306,2.28052,2.40605,0.125527,60.0
1744879074127733.0,-6965.75,6509.56,1.1306,2.28052,2.1519,-0.128619,60.0
1744879074185316.0,-6969.14,6514.34,1.13918,2.40605,2.26245,-0.143598,60.0
1744879074250004.0,-6971.25,6517.08,1.14429,2.1519,2.24542,0.0935162,60.0
1744879074287181.0,-6971.25,6517.08,1.14429,2.1519,2.06686,-0.0850418,60.0
1744879074307882.0,-6972.94,6519.13,1.14824,2.24542,2.23712,-0.00830126,60.0
1744879074328693.0,-6972.94,6519.13,1.14824,2.24542,2.11863,-0.126789,60.0
1744879074349582.0,-6974.64,6521.86,1.15289,2.23712,2.21153,-0.0255839,60.0
1744879074370653.0,-6974.64,6521.86,1.15289,2.23712,2.32314,0.0860209,60.0
1744879074391406.0,-6974.64,6521.86,1.15289,2.23712,2.25819,0.0210714,60.0
1744879074413832.0,-6976.75,6523.91,1.1573,2.32314,2.21773,-0.105404,60.0
1744879074448029.0,-6976.75,6523.91,1.1573,2.32314,2.21922,-0.103918,60.0
1744879074474914.0,-6978.44,6526.65,1.16195,2.21773,2.26006,0.0423252,60.0
1744879074496792.0,-6978.44,6526.65,1.16195,2.21773,2.15069,-0.0670426,60.0
1744879074517846.0,-6980.14,6528.7,1.1659,2.26006,2.24644,-0.0136146,60.0
1744879074539663.0,-6980.14,6528.7,1.1659,2.26006,2.29421,0.0341468,60.0
1744879074566475.0,-6981.83,6531.43,1.17055,2.24644,2.19946,-0.04698,60.0
1744879074589829.0,-6981.83,6531.43,1.17055,2.24644,2.20537,-0.0410719,60.0
1744879074624092.0,-6983.94,6533.49,1.17497,2.19946,2.26865,0.0691819,60.0
1744879074647033.0,-6983.94,6533.49,1.17497,2.19946,2.13934,-0.0601269,60.0
1744879074669199.0,-6985.64,6536.22,1.17963,2.26865,2.23638,-0.0322638,60.0
1744879074693475.0,-6985.64,6536.22,1.17963,2.26865,2.25439,-0.014258,60.0
1744879074716706.0,-6987.33,6538.27,1.18359,2.23638,2.17627,-0.0601089,60.0
1744879074740618.0,-6987.33,6538.27,1.18359,2.23638,2.22831,-0.00807428,60.0
1744879074769945.0,-6989.44,6541.01,1.18871,2.17627,2.22578,0.0495082,60.0
1744879074800578.0,-6989.44,6541.01,1.18871,2.17627,2.06281,-0.113463,60.0
1744879074824357.0,-6991.14,6543.06,1.19267,2.22578,2.33624,0.110463,60.0
1744879074852516.0,-6991.14,6543.06,1.19267,2.22578,2.23265,0.00686778,60.0
1744879074876112.0,-6992.83,6545.79,1.19733,2.33625,2.33453,-0.00171898,60.0
1744879074906491.0,-6992.83,6545.79,1.19733,2.33625,2.22068,-0.115568,60.0
1744879074931933.0,-6994.94,6547.84,1.20176,2.33453,2.34789,0.0133602,60.0
1744879074958544.0,-6994.94,6547.84,1.20176,2.33453,2.17554,-0.158983,60.0
1744879075002333.0,-6996.64,6550.58,1.20643,2.34789,2.18567,-0.16222,60.0
1744879075027172.0,-6998.33,6552.63,1.21039,2.17554,2.16329,-0.0122496,60.0
1744879075061706.0,-6998.33,6552.63,1.21039,2.17554,2.06642,-0.109121,60.0
1744879075087448.0,-7000.44,6555.36,1.21552,2.16329,2.31041,0.147116,60.0
1744879075112613.0,-7000.44,6555.36,1.21552,2.16329,2.0061,-0.157191,60.0
1744879075151381.0,-7002.14,6557.41,1.21949,2.31041,2.39033,0.0799221,60.0
1744879075177892.0,-7004.25,6560.15,1.22463,2.0061,2.03817,0.0320657,60.0
1744879075206184.0,-7004.25,6560.15,1.22463,2.0061,2.16672,0.160616,60.0
1744879075234694.0,-7005.94,6562.2,1.2286,2.03817,2.13075,0.09258,60.0
1744879075264225.0,-7005.94,6562.2,1.2286,2.03817,2.14997,0.111806,60.0
1744879075311316.0,-7007.64,6564.93,1.23327,2.13075,2.27371,0.142965,60.0
1744879075358265.0,-7009.33,6566.99,1.23724,2.14997,2.05083,-0.099144,60.0
1744879075386458.0,-7011.44,6569.72,1.24239,2.27371,2.12909,-0.144624,60.0
1744879075442618.0,-7013.14,6571.77,1.24636,2.05083,2.20793,0.157098,60.0
1744879075497723.0,-7013.14,6571.77,1.24636,2.05083,2.19393,0.1431,60.0
1744879075555935.0,-7016.52,6576.56,1.25502,2.19393,2.14446,-0.0494655,60.0
1744879075583716.0,-7016.52,6576.56,1.25502,2.19393,2.29688,0.102951,60.0
1744879075620916.0,-7018.64,6579.29,1.26017,2.14446,1.9836,-0.16086,60.0
1744879075664466.0,-7018.64,6579.29,1.26017,2.14446,2.14636,0.00189802,60.0
1744879075692769.0,-7020.33,6581.34,1.26415,1.9836,2.03943,0.0558244,60.0
1744879075731207.0,-7020.33,6581.34,1.26415,1.9836,2.0088,0.025193,60.0
1744879075789041.0,-7022.02,6584.08,1.26884,2.03943,2.17894,0.139514,60.0
1744879075818598.0,-7023.71,6586.13,1.27282,2.0088,2.11958,0.110784,60.0
1744879075857618.0,-7025.4,6588.86,1.27751,2.17894,2.15084,-0.0281016,60.0
1744879075905411.0,-7025.4,6588.86,1.27751,2.17894,2.22823,0.0492917,60.0
1744879075968518.0,-7028.79,6593.65,1.28618,2.22823,2.21431,-0.0139217,60.0
1744879075995179.0,-7028.79,6593.65,1.28618,2.22823,2.25091,0.0226773,60.0
1744879076032660.0,-7030.48,6596.38,1.29088,2.21431,2.22777,0.0134608,60.0
1744879076088056.0,-7032.17,6598.43,1.29486,2.25091,2.08995,-0.160964,60.0
1744879076132472.0,-7032.17,6598.43,1.29486,2.25091,2.1765,-0.0744068,60.0
1744879076189986.0,-7035.56,6603.9,1.30426,2.08995,2.23928,0.14933,60.0
1744879076252241.0,-7035.56,6603.9,1.30426,2.08995,2.15975,0.0698008,60.0
1744879076306177.0,-7038.94,6608.69,1.31295,2.23928,2.18066,-0.0586219,60.0
1744879076364992.0,-7041.06,6610.74,1.31741,2.15975,2.16386,0.00410987,60.0
1744879076387122.0,-7041.06,6610.74,1.31741,2.15975,2.05525,-0.104502,60.0
1744879076420032.0,-7042.75,6613.47,1.32212,2.16386,2.11408,-0.0497808,60.0
1744879076443868.0,-7042.75,6613.47,1.32212,2.16386,2.17727,0.013409,60.0
1744879076464930.0,-7042.75,6613.47,1.32212,2.16386,2.02894,-0.134915,60.0
1744879076485579.0,-7044.44,6616.21,1.32682,2.17727,2.24714,0.0698734,60.0
1744879076506533.0,-7044.44,6616.21,1.32682,2.17727,2.19212,0.0148486,60.0
1744879076527357.0,-7046.13,6618.26,1.33082,2.24714,2.2586,0.0114554,60.0
1744879076548172.0,-7046.13,6618.26,1.33082,2.24714,2.34924,0.102095,60.0
1744879076568959.0,-7046.13,6618.26,1.33082,2.24714,2.20456,-0.0425766,60.0
1744879076589448.0,-7047.82,6620.99,1.33553,2.34924,2.3145,-0.0347338,60.0
1744879076610137.0,-7047.82,6620.99,1.33553,2.34924,2.24243,-0.106806,60.0
1744879076630835.0,-7047.82,6620.99,1.33553,2.34924,2.3932,0.0439672,60.0
1744879076651752.0,-7049.52,6623.05,1.33953,2.24243,2.31391,0.0714824,60.0
1744879076672370.0,-7049.52,6623.05,1.33953,2.24243,2.34122,0.0987902,60.0
1744879076693164.0,-7051.21,6625.78,1.34424,2.31391,2.24119,-0.0727249,60.0
1744879076713896.0,-7051.21,6625.78,1.34424,2.31391,2.20332,-0.110596,60.0
1744879076734616.0,-7052.9,6627.83,1.34825,2.24119,2.26106,0.0198694,60.0
1744879076755371.0,-7052.9,6627.83,1.34825,2.24119,2.178,-0.0631815,60.0
1744879076776136.0,-7052.9,6627.83,1.34825,2.24119,2.18026,-0.0609222,60.0
1744879076796878.0,-7054.59,6630.57,1.35296,2.178,2.11135,-0.0666587,60.0
1744879076817587.0,-7054.59,6630.57,1.35296,2.178,2.24013,0.0621256,60.0
1744879076838265.0,-7056.71,6632.62,1.35744,2.11135,2.18893,0.0775859,60.0
1744879076858794.0,-7056.71,6632.62,1.35744,2.11135,2.13307,0.0217263,60.0
1744879076879764.0,-7056.71,6632.62,1.35744,2.11135,2.17504,0.0636954,60.0
1744879076900826.0,-7058.4,6635.35,1.36215,2.13307,2.28217,0.1491,60.0
1744879076921448.0,-7058.4,6635.35,1.36215,2.13307,2.23063,0.0975601,60.0
1744879076942166.0,-7060.09,6638.09,1.36687,2.28217,2.40786,0.125685,60.0
1744879076962798.0,-7060.09,6638.09,1.36687,2.28217,2.31434,0.0321653,60.0
1744879076983515.0,-7060.09,6638.09,1.36687,2.28217,2.31527,0.0330933,60.0
1744879077004186.0,-7061.78,6640.14,1.37088,2.31434,2.17095,-0.143383,60.0
1744879077025008.0,-7061.78,6640.14,1.37088,2.31434,2.36001,0.0456716,60.0
1744879077045856.0,-7063.48,6642.87,1.3756,2.17095,2.22338,0.0524226,60.0
1744879077066552.0,-7063.48,6642.87,1.3756,2.17095,2.14274,-0.0282174,60.0
1744879077089368.0,-7065.59,6644.92,1.38009,2.22338,2.19512,-0.0282548,60.0
1744879077109956.0,-7065.59,6644.92,1.38009,2.22338,2.274,0.0506256,60.0
1744879077130731.0,-7065.59,6644.92,1.38009,2.22338,2.2106,-0.0127749,60.0
1744879077151519.0,-7067.28,6647.66,1.38481,2.274,2.37739,0.103392,60.0
1744879077172074.0,-7067.28,6647.66,1.38481,2.274,2.29274,0.0187375,60.0
1744879077192733.0,-7068.98,6649.71,1.38883,2.37739,2.33284,-0.0445586,60.0
1744879077213605.0,-7068.98,6649.71,1.38883,2.37739,2.27591,-0.101483,60.0
1744879077234300.0,-7068.98,6649.71,1.38883,2.37739,2.25998,-0.117412,60.0
1744879077255136.0,-7070.67,6652.44,1.39355,2.27591,2.26245,-0.0134616,60.0
1744879077276254.0,-7070.67,6652.44,1.39355,2.27591,2.37497,0.099061,60.0
1744879077296735.0,-7072.36,6654.49,1.39757,2.26245,2.15549,-0.106955,60.0
1744879077317562.0,-7072.36,6654.49,1.39757,2.26245,2.34635,0.0838971,60.0
1744879077338305.0,-7072.36,6654.49,1.39757,2.26245,2.20229,-0.0601634,60.0
1744879077358963.0,-7074.48,6657.23,1.40277,2.34635,2.21972,-0.126626,60.0
1744879077379955.0,-7074.48,6657.23,1.40277,2.34635,2.28277,-0.0635801,60.0
1744879077400767.0,-7076.17,6659.28,1.40679,2.21972,2.2799,0.0601813,60.0
1744879077421530.0,-7076.17,6659.28,1.40679,2.21972,2.21296,-0.0067651,60.0
1744879077442216.0,-7076.17,6659.28,1.40679,2.21972,2.30539,0.0856671,60.0
1744879077462893.0,-7077.86,6662.01,1.41153,2.21296,2.27131,0.0583568,60.0
1744879077483643.0,-7077.86,6662.01,1.41153,2.21296,2.13679,-0.076163,60.0
1744879077504360.0,-7079.98,6664.07,1.41602,2.27131,2.12915,-0.142162,60.0
1744879077525127.0,-7079.98,6664.07,1.41602,2.27131,2.32088,0.0495627,60.0
1744879077545705.0,-7081.67,6666.8,1.42076,2.12915,2.20039,0.0712355,60.0
1744879077566355.0,-7081.67,6666.8,1.42076,2.12915,2.25156,0.122405,60.0
1744879077587111.0,-7081.67,6666.8,1.42076,2.12915,2.11464,-0.014513,60.0
1744879077607809.0,-7083.36,6668.85,1.42478,2.25156,2.14832,-0.103241,60.0
1744879077628608.0,-7083.36,6668.85,1.42478,2.25156,2.2114,-0.0401553,60.0
1744879077649373.0,-7085.48,6671.59,1.42999,2.14832,2.16336,0.0150436,60.0
1744879077670051.0,-7085.48,6671.59,1.42999,2.14832,2.19102,0.0427026,60.0
1744879077690720.0,-7085.48,6671.59,1.42999,2.14832,2.14551,-0.00280973,60.0
1744879077711360.0,-7087.17,6673.64,1.43402,2.19102,2.24934,0.0583253,60.0
1744879077732332.0,-7087.17,6673.64,1.43402,2.19102,2.21044,0.0194244,60.0
1744879077753143.0,-7088.86,6676.37,1.43876,2.24934,2.15727,-0.0920757,60.0
1744879077773763.0,-7088.86,6676.37,1.43876,2.24934,2.15467,-0.0946742,60.0
1744879077794286.0,-7088.86,6676.37,1.43876,2.24934,2.41291,0.163569,60.0
1744879077815150.0,-7090.98,6678.42,1.44327,2.15467,2.26848,0.113812,60.0
1744879077835697.0,-7090.98,6678.42,1.44327,2.15467,2.17605,0.0213837,60.0
1744879077856355.0,-7092.67,6681.16,1.44801,2.26848,2.3403,0.07182,60.0
1744879077877356.0,-7092.67,6681.16,1.44801,2.26848,2.36398,0.0954934,60.0
1744879077898020.0,-7094.36,6683.21,1.45204,2.36398,2.31552,-0.048458,60.0
1744879077918696.0,-7094.36,6683.21,1.45204,2.36398,2.21858,-0.145391,60.0
1744879077939471.0,-7094.36,6683.21,1.45204,2.36398,2.41172,0.0477404,60.0
1744879077960123.0,-7096.05,6685.94,1.45679,2.21858,2.09408,-0.124507,60.0
1744879077981037.0,-7096.05,6685.94,1.45679,2.21858,2.21119,-0.00739345,60.0
1744879078001503.0,-7098.17,6687.99,1.4613,2.09408,2.24084,0.146761,60.0
1744879078022208.0,-7098.17,6687.99,1.4613,2.09408,2.13333,0.0392546,60.0
1744879078043163.0,-7098.17,6687.99,1.4613,2.09408,2.15425,0.0601757,60.0
1744879078063942.0,-7099.86,6690.73,1.46605,2.13333,2.23546,0.102127,60.0
1744879078084943.0,-7099.86,6690.73,1.46605,2.13333,2.22841,0.095077,60.0
1744879078105639.0,-7101.55,6692.78,0.470092,2.23546,2.12533,-0.110124,60.0
1744879078126221.0,-7101.55,6692.78,0.470092,2.23546,2.2449,0.00944197,60.0
1744879078147024.0,-7101.55,6692.78,0.470092,2.23546,2.3686,0.133144,60.0
1744879078167638.0,-7103.67,6695.52,0.475319,2.2449,2.16854,-0.0763617,60.0
1744879078188430.0,-7103.67,6695.52,0.475319,2.2449,2.19447,-0.0504327,60.0
1744879078209198.0,-7105.36,6697.57,0.47936,2.16854,2.30272,0.134183,60.0
1744879078229729.0,-7105.36,6697.57,0.47936,2.16854,2.19348,0.0249414,60.0
1744879078250524.0,-7105.36,6697.57,0.47936,2.16854,2.28587,0.117328,60.0
1744879078271351.0,-7107.05,6700.3,0.484117,2.19348,2.16738,-0.0261021,60.0
1744879078292099.0,-7107.05,6700.3,0.484117,2.19348,2.27837,0.0848892,60.0
1744879078312674.0,-7108.75,6702.35,0.48816,2.16738,2.09523,-0.072142,60.0
1744879078333539.0,-7108.75,6702.35,0.48816,2.16738,2.17534,0.00796197,60.0
1744879078354335.0,-7110.86,6705.09,0.493394,2.09523,2.24248,0.147242,60.0
1744879078375437.0,-7110.86,6705.09,0.493394,2.09523,2.22271,0.127479,60.0
1744879078396306.0,-7110.86,6705.09,0.493394,2.09523,2.24315,0.147916,60.0
1744879078417025.0,-7112.55,6707.14,0.49744,2.22271,2.22829,0.00558021,60.0
1744879078437570.0,-7112.55,6707.14,0.49744,2.22271,2.0645,-0.158217,60.0
1744879078458177.0,-7114.25,6709.87,0.502203,2.22829,2.27298,0.0446847,60.0
1744879078479094.0,-7114.25,6709.87,0.502203,2.22829,2.31495,0.0866544,60.0
1744879078499759.0,-7114.25,6709.87,0.502203,2.22829,2.25481,0.0265116,60.0
1744879078520671.0,-7115.94,6711.92,0.506251,2.31495,2.26828,-0.0466729,60.0
1744879078541303.0,-7115.94,6711.92,0.506251,2.31495,2.39943,0.0844839,60.0
1744879078561941.0,-7118.05,6714.66,0.511491,2.26828,2.29887,0.030591,60.0
1744879078582728.0,-7118.05,6714.66,0.511491,2.26828,2.24988,-0.0183964,60.0
1744879078603627.0,-7118.05,6714.66,0.511491,2.26828,2.1635,-0.10478,60.0
1744879078624553.0,-7119.75,6716.71,0.515542,2.24988,2.22948,-0.0204035,60.0
1744879078645513.0,-7119.75,6716.71,0.515542,2.24988,2.27967,0.0297921,60.0
1744879078666264.0,-7121.44,6719.45,0.520311,2.22948,2.25544,0.0259602,60.0
1744879078687033.0,-7121.44,6719.45,0.520311,2.22948,2.161,-0.0684763,60.0
1744879078708102.0,-7123.13,6721.5,0.524364,2.25544,2.21768,-0.0377535,60.0
1744879078728855.0,-7123.13,6721.5,0.524364,2.25544,2.41462,0.159186,60.0
1744879078749578.0,-7123.13,6721.5,0.524364,2.25544,2.29644,0.0410081,60.0
1744879078770446.0,-7125.24,6724.23,0.529611,2.41462,2.33308,-0.0815454,60.0
1744879078791191.0,-7125.24,6724.23,0.529611,2.41462,2.30033,-0.114296,60.0
1744879078811918.0,-7126.94,6726.28,0.533667,2.33308,2.22367,-0.109405,60.0
1744879078832655.0,-7126.94,6726.28,0.533667,2.33308,2.41815,0.0850769,60.0
1744879078853112.0,-7126.94,6726.28,0.533667,2.33308,2.29658,-0.0365009,60.0
1744879078874125.0,-7128.63,6729.02,0.538442,2.41815,2.28794,-0.13021,60.0
1744879078895116.0,-7128.63,6729.02,0.538442,2.41815,2.29475,-0.123402,60.0
1744879078915684.0,-7130.74,6731.07,0.542975,2.28794,2.3137,0.0257556,60.0
1744879078936206.0,-7130.74,6731.07,0.542975,2.28794,2.30982,0.0218725,60.0
1744879078956802.0,-7130.74,6731.07,0.542975,2.28794,2.12947,-0.158471,60.0
1744879078977493.0,-7132.44,6733.12,0.547034,2.30982,2.28923,-0.0205899,60.0
1744879078998154.0,-7132.44,6733.12,0.547034,2.30982,2.22896,-0.0808579,60.0
1744879079018900.0,-7134.55,6735.85,0.552289,2.28923,2.20219,-0.0870316,60.0
1744879079039658.0,-7134.55,6735.85,0.552289,2.28923,2.14481,-0.144419,60.0
1744879079060344.0,-7134.55,6735.85,0.552289,2.28923,2.14088,-0.148348,60.0
1744879079084465.0,-7136.24,6737.91,0.556351,2.14481,2.27549,0.130687,60.0
1744879079105612.0,-7136.24,6737.91,0.556351,2.14481,2.01742,-0.127383,60.0
1744879079126480.0,-7138.36,6740.64,0.561609,2.27549,2.19595,-0.0795482,60.0
1744879079147124.0,-7138.36,6740.64,0.561609,2.27549,2.22718,-0.0483106,60.0
1744879079167855.0,-7140.05,6742.69,0.565673,2.19595,2.11524,-0.0807026,60.0
1744879079188752.0,-7140.05,6742.69,0.565673,2.19595,2.30974,0.113791,60.0
1744879079209676.0,-7140.05,6742.69,0.565673,2.19595,2.23483,0.038883,60.0
1744879079230656.0,-7141.74,6745.43,0.570459,2.30974,2.28296,-0.0267796,60.0
1744879079251709.0,-7141.74,6745.43,0.570459,2.30974,2.1476,-0.162132,60.0
1744879079272465.0,-7143.86,6747.48,0.575002,2.28296,2.31828,0.0353265,60.0
1744879079293676.0,-7143.86,6747.48,0.575002,2.28296,2.16704,-0.115914,60.0
1744879079314408.0,-7143.86,6747.48,0.575002,2.28296,2.16501,-0.117951,60.0
1744879079336305.0,-7145.55,6749.53,0.57907,2.16704,2.29062,0.123581,60.0
1744879079357357.0,-7145.55,6749.53,0.57907,2.16704,2.26253,0.0954845,60.0
1744879079377987.0,-7147.67,6752.26,0.584336,2.29062,2.22705,-0.0635768,60.0
1744879079398988.0,-7147.67,6752.26,0.584336,2.29062,2.17714,-0.113485,60.0
1744879079419707.0,-7149.36,6754.31,0.588407,2.22705,2.19447,-0.0325797,60.0
1744879079440487.0,-7149.36,6754.31,0.588407,2.22705,2.38158,0.154532,60.0
1744879079461276.0,-7149.36,6754.31,0.588407,2.22705,2.28227,0.0552194,60.0
1744879079481992.0,-7151.48,6757.05,0.593677,2.38158,2.4269,0.04532,60.0
1744879079502646.0,-7151.48,6757.05,0.593677,2.38158,2.25127,-0.13031,60.0
1744879079523336.0,-7153.17,6759.1,0.597749,2.4269,2.27054,-0.156364,60.0
1744879079544305.0,-7153.17,6759.1,0.597749,2.4269,2.28568,-0.141223,60.0
1744879079564975.0,-7153.17,6759.1,0.597749,2.4269,2.2873,-0.139598,60.0
1744879079585472.0,-7155.28,6761.15,0.6023,2.28568,2.18984,-0.0958344,60.0
1744879079606412.0,-7155.28,6761.15,0.6023,2.28568,2.42241,0.136731,60.0
1744879079627050.0,-7156.98,6763.89,0.607098,2.18984,2.12682,-0.0630185,60.0
1744879079647816.0,-7156.98,6763.89,0.607098,2.18984,2.16893,-0.0209121,60.0
1744879079668426.0,-7156.98,6763.89,0.607098,2.18984,2.05583,-0.134011,60.0
1744879079689302.0,-7159.09,6765.94,0.611652,2.16893,2.08736,-0.0815654,60.0
1744879079709984.0,-7159.09,6765.94,0.611652,2.16893,2.30952,0.140588,60.0
1744879079730709.0,-7160.78,6768.67,0.616453,2.08736,2.18783,0.10047,60.0
1744879079751338.0,-7160.78,6768.67,0.616453,2.08736,2.22364,0.13628,60.0
1744879079771877.0,-7162.48,6770.72,0.620532,2.18783,2.31407,0.126233,60.0
1744879079792919.0,-7162.48,6770.72,0.620532,2.18783,2.09272,-0.0951186,60.0
1744879079813294.0,-7162.48,6770.72,0.620532,2.18783,2.06139,-0.126448,60.0
1744879079833961.0,-7164.59,6773.46,0.625813,2.09272,2.12703,0.0343182,60.0
1744879079854788.0,-7164.59,6773.46,0.625813,2.09272,2.18592,0.093208,60.0
1744879079875527.0,-7166.28,6775.51,0.629895,2.12703,2.22256,0.0955223,60.0
1744879079896281.0,-7166.28,6775.51,0.629895,2.12703,2.1415,0.0144684,60.0
1744879079916892.0,-7166.28,6775.51,0.629895,2.12703,2.22183,0.094798,60.0
1744879079937703.0,-7168.4,6777.56,0.634455,2.1415,2.2236,0.0820959,60.0
1744879079958567.0,-7168.4,6777.56,0.634455,2.1415,2.11887,-0.0226373,60.0
1744879079979357.0,-7170.09,6780.3,0.639263,2.2236,2.34069,0.117091,60.0
1744879080000074.0,-7170.09,6780.3,0.639263,2.2236,2.24195,0.01835,60.0
1744879080020817.0,-7170.09,6780.3,0.639263,2.2236,2.22843,0.00483525,60.0
1744879080041537.0,-7171.78,6782.35,0.643349,2.24195,2.13305,-0.108899,60.0
1744879080062383.0,-7171.78,6782.35,0.643349,2.24195,2.11133,-0.13062,60.0
1744879080083031.0,-7173.9,6785.08,0.648638,2.13305,2.1227,-0.0103468,60.0
1744879080103794.0,-7173.9,6785.08,0.648638,2.13305,2.23521,0.102161,60.0
1744879080124551.0,-7173.9,6785.08,0.648638,2.13305,2.21991,0.0868615,60.0
1744879080145211.0,-7175.59,6787.13,0.652726,2.23521,2.27483,0.0396246,60.0
1744879080165824.0,-7175.59,6787.13,0.652726,2.23521,2.21226,-0.0229532,60.0
1744879080186628.0,-7177.28,6789.87,0.65754,2.27483,2.27632,0.00148448,60.0
1744879080207450.0,-7177.28,6789.87,0.65754,2.27483,2.16398,-0.110856,60.0
1744879080228259.0,-7178.98,6791.92,0.661631,2.16398,2.17174,0.00776152,60.0
1744879080249283.0,-7178.98,6791.92,0.661631,2.16398,2.24089,0.0769064,60.0
1744879080269735.0,-7178.98,6791.92,0.661631,2.16398,2.06122,-0.102755,60.0
1744879080290491.0,-7181.09,6794.65,0.666927,2.24089,2.27655,0.0356605,60.0
1744879080311231.0,-7181.09,6794.65,0.666927,2.24089,2.13395,-0.106933,60.0
1744879080332489.0,-7182.78,6796.71,0.671019,2.27655,2.12103,-0.155514,60.0
1744879080352998.0,-7182.78,6796.71,0.671019,2.27655,2.21018,-0.0663655,60.0
1744879080373899.0,-7182.78,6796.71,0.671019,2.27655,2.15024,-0.126305,60.0
1744879080395004.0,-7184.47,6799.44,0.67584,2.21018,2.3208,0.110614,60.0
1744879080415423.0,-7184.47,6799.44,0.67584,2.21018,2.16581,-0.0443686,60.0
1744879080436535.0,-7186.59,6801.49,0.680414,2.32079,2.31155,-0.00924055,60.0
1744879080456985.0,-7186.59,6801.49,0.680414,2.32079,2.27099,-0.049809,60.0
1744879080477678.0,-7186.59,6801.49,0.680414,2.32079,2.16041,-0.160384,60.0
1744879080498444.0,-7188.28,6804.23,0.685237,2.27099,2.32609,0.0551014,60.0
1744879080519517.0,-7188.28,6804.23,0.685237,2.27099,2.2982,0.0272123,60.0
1744879080540309.0,-7189.97,6806.28,0.689335,2.32609,2.35871,0.0326211,60.0
1744879080561264.0,-7189.97,6806.28,0.689335,2.32609,2.29996,-0.0261255,60.0
1744879080582096.0,-7189.97,6806.28,0.689335,2.32609,2.33189,0.00579916,60.0
1744879080602886.0,-7192.09,6809.01,0.694641,2.29996,2.25433,-0.0456366,60.0
1744879080623825.0,-7192.09,6809.01,0.694641,2.29996,2.32155,0.0215922,60.0
1744879080644492.0,-7193.78,6811.06,0.698741,2.25433,2.40078,0.146457,60.0
1744879080665257.0,-7193.78,6811.06,0.698741,2.25433,2.19518,-0.0591416,60.0
1744879080685771.0,-7195.9,6813.8,0.70405,2.40078,2.28732,-0.113464,60.0
1744879080706564.0,-7195.9,6813.8,0.70405,2.40078,2.44873,0.0479461,60.0
1744879080727438.0,-7195.9,6813.8,0.70405,2.40078,2.25887,-0.141916,60.0
1744879080748157.0,-7197.59,6815.85,0.708153,2.44873,2.28541,-0.163318,60.0
1744879080768805.0,-7197.59,6815.85,0.708153,2.44873,2.35471,-0.0940184,60.0
1744879080789601.0,-7199.71,6817.9,0.712737,2.28541,2.25307,-0.0323362,60.0
1744879080810174.0,-7199.71,6817.9,0.712737,2.28541,2.28535,-6.15033e-05,60.0
1744879080831074.0,-7199.71,6817.9,0.712737,2.28541,2.34139,0.0559824,60.0
1744879080851743.0,-7201.4,6820.63,0.717571,2.28535,2.43054,0.145191,60.0
1744879080872723.0,-7201.4,6820.63,0.717571,2.28535,2.29276,0.00740677,60.0
1744879080893653.0,-7203.51,6822.69,0.722158,2.43054,2.32438,-0.106161,60.0
1744879080914036.0,-7203.51,6822.69,0.722158,2.43054,2.28081,-0.149726,60.0
1744879080935043.0,-7203.51,6822.69,0.722158,2.43054,2.2807,-0.149836,60.0
1744879080955659.0,-7205.21,6825.42,0.726995,2.28081,2.27991,-0.000907799,60.0
1744879080976226.0,-7205.21,6825.42,0.726995,2.28081,2.25622,-0.0245894,60.0
1744879080997078.0,-7207.32,6827.47,0.731584,2.27991,2.37913,0.0992249,60.0
1744879081018016.0,-7207.32,6827.47,0.731584,2.27991,2.21758,-0.0623218,60.0
1744879081038741.0,-7209.01,6829.52,0.735694,2.37913,2.22204,-0.157095,60.0
1744879081059593.0,-7209.01,6829.52,0.735694,2.37913,2.41981,0.0406813,60.0
1744879081080412.0,-7209.01,6829.52,0.735694,2.37913,2.30593,-0.0731974,60.0
1744879081101341.0,-7211.13,6832.26,0.741016,2.41981,2.3764,-0.0434147,60.0
1744879081121882.0,-7211.13,6832.26,0.741016,2.41981,2.26749,-0.152319,60.0
1744879081142833.0,-7213.24,6834.31,0.74561,2.3764,2.22832,-0.148075,60.0
1744879081163433.0,-7213.24,6834.31,0.74561,2.3764,2.45375,0.0773531,60.0
1744879081184322.0,-7213.24,6834.31,0.74561,2.3764,2.21941,-0.156986,60.0
1744879081205085.0,-7214.94,6836.36,0.749724,2.45375,2.3637,-0.0900512,60.0
1744879081225727.0,-7214.94,6836.36,0.749724,2.45375,2.40018,-0.0535695,60.0
1744879081246549.0,-7217.05,6838.41,0.75432,2.3637,2.25093,-0.112774,60.0
1744879081267717.0,-7217.05,6838.41,0.75432,2.3637,2.34385,-0.0198497,60.0
1744879081288573.0,-7217.05,6838.41,0.75432,2.3637,2.28721,-0.0764938,60.0
1744879081309518.0,-7219.17,6841.15,0.759648,2.34385,2.38133,0.0374845,60.0
1744879081330502.0,-7219.17,6841.15,0.759648,2.34385,2.34105,-0.00279529,60.0
1744879081351354.0,-7220.86,6843.2,0.763766,2.38133,2.23316,-0.148171,60.0
1744879081372311.0,-7220.86,6843.2,0.763766,2.38133,2.26699,-0.114343,60.0
1744879081393549.0,-7222.98,6845.25,0.768367,2.23316,2.10199,-0.131171,60.0
1744879081413802.0,-7222.98,6845.25,0.768367,2.23316,2.23883,0.00566378,60.0
1744879081434558.0,-7222.98,6845.25,0.768367,2.23316,2.35172,0.118554,60.0
1744879081455310.0,-7225.09,6847.99,0.7737,2.23883,2.16576,-0.0730715,60.0
1744879081476010.0,-7225.09,6847.99,0.7737,2.23883,2.30978,0.0709521,60.0
1744879081496749.0,-7226.78,6850.04,0.777822,2.16576,2.26805,0.10229,60.0
1744879081517775.0,-7226.78,6850.04,0.777822,2.16576,2.19218,0.0264216,60.0
1744879081538539.0,-7226.78,6850.04,0.777822,2.16576,2.24667,0.080912,60.0
1744879081559113.0,-7228.9,6852.09,0.782426,2.19218,2.29428,0.1021,60.0
1744879081580011.0,-7228.9,6852.09,0.782426,2.19218,2.33685,0.144668,60.0
1744879081600795.0,-7231.02,6854.14,0.787032,2.29428,2.25545,-0.0388271,60.0
1744879081621565.0,-7231.02,6854.14,0.787032,2.29428,2.26408,-0.0301985,60.0
1744879081642314.0,-7231.02,6854.14,0.787032,2.29428,2.32485,0.0305741,60.0
1744879081663033.0,-7232.71,6856.87,0.79189,2.26408,2.20492,-0.0591627,60.0
1744879081683795.0,-7232.71,6856.87,0.79189,2.26408,2.31622,0.052141,60.0
1744879081704408.0,-7234.82,6858.93,0.796498,2.20492,2.24301,0.0380915,60.0
1744879081725414.0,-7234.82,6858.93,0.796498,2.20492,2.23895,0.0340359,60.0
1744879081745864.0,-7236.94,6860.98,0.801108,2.23895,2.28713,0.0481773,60.0
1744879081767074.0,-7236.94,6860.98,0.801108,2.23895,2.27794,0.038992,60.0
1744879081787708.0,-7236.94,6860.98,0.801108,2.23895,2.40218,0.163232,60.0
1744879081809700.0,-7238.63,6863.71,0.805971,2.27794,2.25623,-0.0217163,60.0
1744879081830280.0,-7238.63,6863.71,0.805971,2.27794,2.18625,-0.0916943,60.0
1744879081851492.0,-7240.75,6865.76,0.810583,2.25623,2.24549,-0.010738,60.0
1744879081872313.0,-7240.75,6865.76,0.810583,2.25623,2.2009,-0.0553273,60.0
1744879081893000.0,-7240.75,6865.76,0.810583,2.25623,2.26307,0.00684134,60.0
1744879081914174.0,-7242.86,6867.82,0.815197,2.2009,2.28554,0.0846347,60.0
1744879081934711.0,-7242.86,6867.82,0.815197,2.2009,2.22135,0.0204462,60.0
1744879081955840.0,-7244.55,6870.55,0.820064,2.28554,2.32661,0.0410706,60.0
1744879081976822.0,-7244.55,6870.55,0.820064,2.28554,2.36725,0.081717,60.0
1744879081997649.0,-7244.55,6870.55,0.820064,2.28554,2.183,-0.102531,60.0
1744879082018194.0,-7246.67,6872.6,0.824681,2.36725,2.26844,-0.0988169,60.0
1744879082039482.0,-7246.67,6872.6,0.824681,2.36725,2.26597,-0.101286,60.0
1744879082059919.0,-7248.36,6874.65,0.828816,2.26844,2.152,-0.116431,60.0
1744879082081228.0,-7248.36,6874.65,0.828816,2.26844,2.2858,0.0173645,60.0
1744879082102023.0,-7250.48,6877.39,0.834171,2.152,2.22647,0.074462,60.0
1744879082122796.0,-7250.48,6877.39,0.834171,2.152,2.11682,-0.0351828,60.0
1744879082143475.0,-7250.48,6877.39,0.834171,2.152,2.04891,-0.10309,60.0
1744879082164293.0,-7252.17,6879.44,0.838309,2.11682,2.1241,0.00727342,60.0
1744879082185210.0,-7252.17,6879.44,0.838309,2.11682,2.1898,0.0729757,60.0
1744879082206120.0,-7254.29,6882.17,0.843666,2.1241,2.06739,-0.0567045,60.0
1744879082226932.0,-7254.29,6882.17,0.843666,2.1241,2.09543,-0.0286643,60.0
1744879082247784.0,-7254.29,6882.17,0.843666,2.1241,2.28383,0.159731,60.0
1744879082269436.0,-7255.98,6884.22,0.847807,2.09543,2.06487,-0.0305639,60.0
1744879082290292.0,-7255.98,6884.22,0.847807,2.09543,2.13511,0.0396811,60.0
1744879082311150.0,-7258.09,6886.28,0.852432,2.06487,2.12452,0.0596571,60.0
1744879082331907.0,-7258.09,6886.28,0.852432,2.06487,2.12858,0.0637082,60.0
1744879082352595.0,-7258.09,6886.28,0.852432,2.06487,2.07173,0.00686555,60.0
1744879082374145.0,-7259.79,6889.01,0.857311,2.12858,2.16397,0.0353997,60.0
1744879082394688.0,-7259.79,6889.01,0.857311,2.12858,2.04528,-0.0832917,60.0
1744879082415908.0,-7261.9,6891.06,0.861939,2.16397,2.16134,-0.00263206,60.0
1744879082436626.0,-7261.9,6891.06,0.861939,2.16397,2.29045,0.126472,60.0
1744879082457430.0,-7263.59,6893.8,0.866821,2.16134,2.0886,-0.0727451,60.0
1744879082478011.0,-7263.59,6893.8,0.866821,2.16134,2.01808,-0.143265,60.0
1744879082499132.0,-7263.59,6893.8,0.866821,2.16134,2.28483,0.12349,60.0
1744879082519958.0,-7265.29,6895.85,0.870967,2.01808,2.18098,0.162902,60.0
1744879082540355.0,-7265.29,6895.85,0.870967,2.01808,2.14364,0.125564,60.0
1744879082561316.0,-7267.4,6898.58,0.876336,2.18098,2.21398,0.0330038,60.0
1744879082581894.0,-7267.4,6898.58,0.876336,2.18098,2.26138,0.0804036,60.0
1744879082602598.0,-7267.4,6898.58,0.876336,2.18098,2.1468,-0.034181,60.0
1744879082623296.0,-7269.09,6900.63,0.880486,2.26138,2.16616,-0.0952275,60.0
1744879082644308.0,-7269.09,6900.63,0.880486,2.26138,2.24101,-0.0203776,60.0
1744879082665271.0,-7270.78,6903.37,0.885374,2.16616,2.15363,-0.012525,60.0
1744879082685932.0,-7270.78,6903.37,0.885374,2.16616,2.12397,-0.042181,60.0
1744879082706713.0,-7270.78,6903.37,0.885374,2.16616,2.07074,-0.0954142,60.0
1744879082727391.0,-7272.48,6905.42,0.889525,2.12397,2.14782,0.0238411,60.0
1744879082748097.0,-7272.48,6905.42,0.889525,2.12397,2.09188,-0.0320932,60.0
1744879082768820.0,-7274.59,6908.16,0.894901,2.14782,2.19049,0.0426693,60.0
1744879082789479.0,-7274.59,6908.16,0.894901,2.14782,2.14936,0.00154266,60.0
1744879082810735.0,-7276.28,6910.21,0.899055,2.19049,2.20671,0.0162292,60.0
1744879082831153.0,-7276.28,6910.21,0.899055,2.19049,2.20728,0.0167967,60.0
1744879082852118.0,-7276.28,6910.21,0.899055,2.19049,2.17744,-0.0130406,60.0
1744879082873129.0,-7277.98,6912.94,0.903949,2.20728,2.18061,-0.0266678,60.0
1744879082893995.0,-7277.98,6912.94,0.903949,2.20728,2.25998,0.0526936,60.0
1744879082914907.0,-7279.67,6914.99,0.908105,2.18061,2.18565,0.00503584,60.0
1744879082935664.0,-7279.67,6914.99,0.908105,2.18061,2.11329,-0.0673265,60.0
1744879082956422.0,-7279.67,6914.99,0.908105,2.18061,2.28131,0.100697,60.0
1744879082977165.0,-7281.78,6917.73,0.913488,2.11329,2.10516,-0.00812417,60.0
1744879082997580.0,-7281.78,6917.73,0.913488,2.11329,2.1952,0.0819169,60.0
1744879083018230.0,-7283.48,6919.78,0.917647,2.10516,2.12111,0.0159432,60.0
1744879083038853.0,-7283.48,6919.78,0.917647,2.10516,2.10929,0.00412767,60.0
1744879083059793.0,-7283.48,6919.78,0.917647,2.10516,2.11424,0.00907491,60.0
1744879083080661.0,-7285.17,6922.51,0.922547,2.10929,2.2137,0.104405,60.0
1744879083101497.0,-7285.17,6922.51,0.922547,2.10929,2.26355,0.154261,60.0
1744879083122021.0,-7286.86,6924.56,0.926708,2.2137,2.18041,-0.0332898,60.0
1744879083142766.0,-7286.86,6924.56,0.926708,2.2137,2.1106,-0.103098,60.0
1744879083163407.0,-7286.86,6924.56,0.926708,2.2137,2.26429,0.0505956,60.0
1744879083184275.0,-7288.55,6927.3,0.931611,2.1106,2.14732,0.0367236,60.0
1744879083205218.0,-7288.55,6927.3,0.931611,2.1106,2.14999,0.0393882,60.0
1744879083225911.0,-7290.24,6930.03,0.936516,2.14732,2.10657,-0.0407533,60.0
1744879083246679.0,-7290.24,6930.03,0.936516,2.14732,2.21594,0.0686179,60.0
1744879083267350.0,-7291.94,6932.08,0.940681,2.10657,2.03033,-0.0762351,60.0
1744879083288306.0,-7291.94,6932.08,0.940681,2.10657,2.14568,0.0391124,60.0
1744879083309031.0,-7291.94,6932.08,0.940681,2.10657,2.21839,0.111819,60.0
1744879083329677.0,-7293.63,6934.82,0.945589,2.14568,2.28858,0.142896,60.0
1744879083350504.0,-7293.63,6934.82,0.945589,2.14568,2.1976,0.0519152,60.0
1744879083371615.0,-7295.32,6936.87,0.949756,2.28858,2.21825,-0.070332,60.0
1744879083392527.0,-7295.32,6936.87,0.949756,2.28858,2.21523,-0.0733488,60.0
1744879083414158.0,-7295.32,6936.87,0.949756,2.28858,2.26359,-0.0249871,60.0
1744879083434584.0,-7297.44,6939.61,0.955153,2.21523,2.06975,-0.145483,60.0
1744879083455520.0,-7297.44,6939.61,0.955153,2.21523,2.19283,-0.0223984,60.0
1744879083476290.0,-7299.13,6942.34,0.960065,2.06975,2.20954,0.139795,60.0
1744879083497200.0,-7299.13,6942.34,0.960065,2.06975,2.15187,0.0821276,60.0
1744879083517886.0,-7299.13,6942.34,0.960065,2.06975,2.20185,0.132105,60.0
1744879083538464.0,-7300.82,6944.39,0.964237,2.15187,2.1708,0.0189253,60.0
1744879083559409.0,-7300.82,6944.39,0.964237,2.15187,2.24691,0.0950362,60.0
1744879083580091.0,-7302.51,6947.13,0.969152,2.1708,2.22446,0.0536578,60.0
1744879083600909.0,-7302.51,6947.13,0.969152,2.1708,2.19043,0.0196303,60.0
1744879083621795.0,-7304.2,6949.18,0.973326,2.22446,2.17601,-0.0484437,60.0
1744879083642382.0,-7304.2,6949.18,0.973326,2.22446,2.33332,0.108861,60.0
1744879083664160.0,-7304.2,6949.18,0.973326,2.22446,2.32909,0.10463,60.0
1744879083684745.0,-7305.9,6951.91,0.978244,2.33332,2.22064,-0.11268,60.0
1744879083705646.0,-7305.9,6951.91,0.978244,2.33332,2.2736,-0.0597137,60.0
1744879083726294.0,-7307.59,6953.96,0.982421,2.22064,2.14378,-0.0768593,60.0
1744879083746997.0,-7307.59,6953.96,0.982421,2.22064,2.12192,-0.098718,60.0
1744879083767706.0,-7307.59,6953.96,0.982421,2.22064,2.17497,-0.0456677,60.0
1744879083788543.0,-7309.28,6956.7,0.987342,2.12192,2.12404,0.00212284,60.0
1744879083809812.0,-7309.28,6956.7,0.987342,2.12192,2.18161,0.0596927,60.0
1744879083830269.0,-7310.97,6959.43,0.992264,2.12404,2.16734,0.0432934,60.0
1744879083851486.0,-7310.97,6959.43,0.992264,2.12404,2.26177,0.137723,60.0
1744879083872218.0,-7310.97,6959.43,0.992264,2.12404,2.20253,0.0784907,60.0
1744879083893083.0,-7312.66,6961.48,0.996445,2.26177,2.11899,-0.142774,60.0
1744879083914549.0,-7312.66,6961.48,0.996445,2.26177,2.22332,-0.0384413,60.0
1744879083935282.0,-7314.78,6964.22,1.00186,2.11899,2.24811,0.129118,60.0
1744879083955932.0,-7314.78,6964.22,1.00186,2.11899,2.14527,0.0262742,60.0
1744879083976590.0,-7316.47,6966.27,1.00604,2.24811,2.30135,0.0532384,60.0
1744879083997281.0,-7316.47,6966.27,1.00604,2.24811,2.28866,0.0405472,60.0
1744879084018405.0,-7316.47,6966.27,1.00604,2.24811,2.26903,0.0209199,60.0
1744879084038854.0,-7318.16,6969.0,1.01097,2.28866,2.24978,-0.0388762,60.0
1744879084061065.0,-7318.16,6969.0,1.01097,2.28866,2.17558,-0.113079,60.0
1744879084081811.0,-7319.86,6971.74,1.0159,2.24978,2.2893,0.0395155,60.0
1744879084102926.0,-7319.86,6971.74,1.0159,2.24978,2.28887,0.0390916,60.0
1744879084124022.0,-7319.86,6971.74,1.0159,2.24978,2.23006,-0.0197221,60.0
1744879084144464.0,-7321.55,6973.79,1.02009,2.28887,2.23368,-0.0551863,60.0
1744879084165464.0,-7321.55,6973.79,1.02009,2.28887,2.22216,-0.0667084,60.0
1744879084186184.0,-7323.24,6976.52,1.02502,2.23368,2.18749,-0.0461953,60.0
1744879084207205.0,-7323.24,6976.52,1.02502,2.23368,2.30215,0.0684629,60.0
1744879084228057.0,-7323.24,6976.52,1.02502,2.23368,2.29594,0.062259,60.0
1744879084248983.0,-7324.93,6978.58,1.02921,2.30215,2.25477,-0.04738,60.0
1744879084270185.0,-7324.93,6978.58,1.02921,2.30215,2.19659,-0.105558,60.0
1744879084290907.0,-7327.05,6981.31,1.03463,2.25477,2.3219,0.0671285,60.0
1744879084311828.0,-7327.05,6981.31,1.03463,2.25477,2.2134,-0.0413704,60.0
1744879084332563.0,-7328.74,6983.36,1.03882,2.3219,2.23618,-0.085715,60.0
1744879084353556.0,-7328.74,6983.36,1.03882,2.3219,2.2678,-0.0540937,60.0
1744879084374255.0,-7328.74,6983.36,1.03882,2.3219,2.16187,-0.160027,60.0
1744879084395163.0,-7330.43,6986.1,1.04376,2.2678,2.29093,0.0231314,60.0
1744879084417469.0,-7330.43,6986.1,1.04376,2.2678,2.27102,0.00321455,60.0
1744879084438092.0,-7332.12,6988.15,1.04796,2.29093,2.1985,-0.0924323,60.0
1744879084459270.0,-7332.12,6988.15,1.04796,2.29093,2.15896,-0.13197,60.0
1744879084480315.0,-7332.12,6988.15,1.04796,2.29093,2.1412,-0.149738,60.0
1744879084501438.0,-7334.24,6990.88,1.05339,2.15896,2.15353,-0.00543553,60.0
1744879084522492.0,-7334.24,6990.88,1.05339,2.15896,2.10971,-0.0492564,60.0
1744879084543703.0,-7335.93,6992.93,1.05759,2.15353,2.10189,-0.0516411,60.0
1744879084564008.0,-7335.93,6992.93,1.05759,2.15353,2.15774,0.00421245,60.0
1744879084584765.0,-7337.62,6995.67,1.06253,2.10189,2.13894,0.037056,60.0
1744879084605880.0,-7337.62,6995.67,1.06253,2.10189,2.14024,0.0383542,60.0
1744879084626251.0,-7337.62,6995.67,1.06253,2.10189,2.09206,-0.00983121,60.0
1744879084647190.0,-7339.74,6997.72,1.06722,2.14024,2.2238,0.0835608,60.0
1744879084667977.0,-7339.74,6997.72,1.06722,2.14024,2.28884,0.148594,60.0
1744879084688679.0,-7341.43,7000.45,1.07217,2.2238,2.29082,0.0670204,60.0
1744879084709475.0,-7341.43,7000.45,1.07217,2.2238,2.16845,-0.0553547,60.0
1744879084730172.0,-7341.43,7000.45,1.07217,2.2238,2.33564,0.111838,60.0
1744879084751515.0,-7343.12,7002.51,1.07637,2.16845,2.25757,0.0891193,60.0
1744879084771954.0,-7343.12,7002.51,1.07637,2.16845,2.30752,0.139074,60.0
1744879084793607.0,-7344.81,7005.24,1.08132,2.25757,2.21039,-0.0471751,60.0
1744879084814154.0,-7344.81,7005.24,1.08132,2.25757,2.28714,0.0295743,60.0
1744879084834902.0,-7344.81,7005.24,1.08132,2.25757,2.27947,0.0219012,60.0
1744879084855556.0,-7346.51,7007.29,1.08552,2.28714,2.21062,-0.0765249,60.0
1744879084876247.0,-7346.51,7007.29,1.08552,2.28714,2.3707,0.0835606,60.0
1744879084896925.0,-7348.62,7010.03,1.09097,2.21062,2.19237,-0.0182423,60.0
1744879084917785.0,-7348.62,7010.03,1.09097,2.21062,2.29439,0.0837762,60.0
1744879084939316.0,-7350.31,7012.08,1.09517,2.19237,2.07838,-0.113991,60.0
1744879084959694.0,-7350.31,7012.08,1.09517,2.19237,2.15528,-0.0370944,60.0
1744879084980659.0,-7350.31,7012.08,1.09517,2.19237,2.28355,0.0911812,60.0
1744879085001399.0,-7352.01,7014.81,1.10013,2.15528,2.22043,0.0651534,60.0
1744879085022125.0,-7352.01,7014.81,1.10013,2.15528,2.26615,0.110871,60.0
1744879085043108.0,-7353.7,7016.86,1.10434,2.22043,2.31104,0.0906116,60.0
1744879085063686.0,-7353.7,7016.86,1.10434,2.22043,2.24627,0.0258426,60.0
1744879085085032.0,-7353.7,7016.86,1.10434,2.22043,2.14585,-0.0745832,60.0
1744879085105575.0,-7355.81,7019.6,1.10979,2.24627,2.20989,-0.0363883,60.0
1744879085126615.0,-7355.81,7019.6,1.10979,2.24627,2.22568,-0.0205936,60.0
1744879085147125.0,-7357.51,7021.65,1.114,2.20989,2.27328,0.0633969,60.0
1744879085167564.0,-7357.51,7021.65,1.114,2.20989,2.21862,0.0087296,60.0
1744879085188810.0,-7357.51,7021.65,1.114,2.20989,2.09172,-0.118168,60.0
1744879085209280.0,-7359.2,7024.38,1.11897,2.21862,2.13312,-0.0854977,60.0
1744879085230020.0,-7359.2,7024.38,1.11897,2.21862,2.13172,-0.0868963,60.0
1744879085250792.0,-7360.89,7026.44,1.12318,2.13312,2.09637,-0.0367435,60.0
1744879085271898.0,-7360.89,7026.44,1.12318,2.13312,2.2882,0.155082,60.0
1744879085292817.0,-7362.58,7029.17,1.12815,2.2882,2.25292,-0.0352822,60.0
1744879085313637.0,-7362.58,7029.17,1.12815,2.2882,2.12551,-0.162695,60.0
1744879085334462.0,-7362.58,7029.17,1.12815,2.2882,2.12459,-0.163609,60.0
1744879085355284.0,-7364.7,7031.91,1.1336,2.12551,2.1494,0.0238898,60.0
1744879085376344.0,-7364.7,7031.91,1.1336,2.12551,2.28841,0.162902,60.0
1744879085397282.0,-7366.39,7033.96,1.13782,2.1494,2.30212,0.152721,60.0
1744879085417800.0,-7366.39,7033.96,1.13782,2.1494,2.14276,-0.0066328,60.0
1744879085438639.0,-7366.39,7033.96,1.13782,2.1494,2.23968,0.0902869,60.0
1744879085459320.0,-7368.08,7036.69,1.14279,2.14276,2.17588,0.033113,60.0
1744879085479989.0,-7368.08,7036.69,1.14279,2.14276,2.04154,-0.101221,60.0
1744879085500501.0,-7369.77,7038.74,1.14701,2.17588,2.26159,0.0857131,60.0
1744879085521526.0,-7369.77,7038.74,1.14701,2.17588,2.13363,-0.042251,60.0
1744879085543481.0,-7369.77,7038.74,1.14701,2.17588,2.32315,0.147275,60.0
1744879085564207.0,-7371.46,7041.48,1.15199,2.13363,2.16333,0.0297092,60.0
1744879085585239.0,-7371.46,7041.48,1.15199,2.13363,2.16912,0.0354923,60.0
1744879085605982.0,-7373.58,7043.53,1.1567,2.16333,2.16049,-0.00284736,60.0
1744879085626572.0,-7373.58,7043.53,1.1567,2.16333,2.19105,0.0277112,60.0
1744879085648479.0,-7375.27,7046.26,1.16168,2.16049,2.17652,0.0160301,60.0
1744879085669527.0,-7375.27,7046.26,1.16168,2.16049,2.25286,0.0923725,60.0
1744879085690014.0,-7375.27,7046.26,1.16168,2.16049,2.2556,0.0951154,60.0
1744879085710890.0,-7376.96,7048.32,1.1659,2.25286,2.26824,0.0153769,60.0
1744879085731730.0,-7376.96,7048.32,1.1659,2.25286,2.38374,0.130879,60.0
1744879085752405.0,-7378.66,7051.05,1.17088,2.26824,2.12032,-0.147917,60.0
1744879085773158.0,-7378.66,7051.05,1.17088,2.26824,2.14612,-0.122112,60.0
1744879085793845.0,-7378.66,7051.05,1.17088,2.26824,2.13528,-0.132953,60.0
1744879085814362.0,-7380.35,7053.78,1.17587,2.14612,2.29818,0.152056,60.0
1744879085835057.0,-7380.35,7053.78,1.17587,2.14612,2.22199,0.0758707,60.0
1744879085855709.0,-7382.04,7055.84,1.18009,2.29818,2.36027,0.0620905,60.0
1744879085876546.0,-7382.04,7055.84,1.18009,2.29818,2.138,-0.160183,60.0
1744879085897694.0,-7382.04,7055.84,1.18009,2.29818,2.1646,-0.13358,60.0
1744879085918429.0,-7383.73,7058.57,1.18508,2.138,2.17684,0.0388426,60.0
1744879085939075.0,-7383.73,7058.57,1.18508,2.138,2.14515,0.00715391,60.0
1744879085960166.0,-7385.85,7060.62,1.1898,2.17684,2.12188,-0.0549569,60.0
1744879085980810.0,-7385.85,7060.62,1.1898,2.17684,2.23018,0.0533411,60.0
1744879086001615.0,-7387.54,7063.36,1.19479,2.12188,2.13041,0.00852531,60.0
1744879086022258.0,-7387.54,7063.36,1.19479,2.12188,2.09138,-0.0305072,60.0
1744879086043021.0,-7387.54,7063.36,1.19479,2.12188,2.21717,0.0952925,60.0
1744879086063779.0,-7389.23,7065.41,1.19902,2.09138,2.15072,0.0593446,60.0
1744879086084494.0,-7389.23,7065.41,1.19902,2.09138,2.23345,0.142077,60.0
1744879086105246.0,-7390.92,7068.14,1.20401,2.15072,2.0908,-0.0599147,60.0
1744879086125995.0,-7390.92,7068.14,1.20401,2.15072,2.07681,-0.0739099,60.0
1744879086147039.0,-7390.92,7068.14,1.20401,2.15072,2.27191,0.121192,60.0
1744879086168048.0,-7392.62,7070.19,1.20825,2.07681,2.20603,0.12922,60.0
1744879086188791.0,-7392.62,7070.19,1.20825,2.07681,2.18033,0.103525,60.0
1744879086209456.0,-7394.31,7072.93,1.21324,2.20603,2.09846,-0.107573,60.0
1744879086230207.0,-7394.31,7072.93,1.21324,2.20603,2.3094,0.10337,60.0
1744879086251069.0,-7394.31,7072.93,1.21324,2.20603,2.19653,-0.00950098,60.0
1744879086271778.0,-7396.0,7075.66,1.21824,2.3094,2.32771,0.0183068,60.0
1744879086292571.0,-7396.0,7075.66,1.21824,2.3094,2.25004,-0.0593556,60.0
1744879086313524.0,-7397.69,7077.71,1.22248,2.32771,2.37291,0.0452058,60.0
1744879086334137.0,-7397.69,7077.71,1.22248,2.32771,2.22418,-0.103523,60.0
1744879086355350.0,-7397.69,7077.71,1.22248,2.32771,2.29968,-0.028025,60.0
1744879086375762.0,-7399.81,7080.45,1.22797,2.22418,2.24092,0.0167331,60.0
1744879086396566.0,-7399.81,7080.45,1.22797,2.22418,2.12068,-0.1035,60.0
1744879086417531.0,-7401.5,7082.5,1.23221,2.24092,2.17789,-0.0630259,60.0
1744879086438120.0,-7401.5,7082.5,1.23221,2.24092,2.08186,-0.159058,60.0
1744879086458929.0,-7403.19,7085.24,1.23721,2.17789,2.24837,0.0704839,60.0
1744879086479750.0,-7403.19,7085.24,1.23721,2.17789,2.29109,0.113197,60.0
1744879086500477.0,-7403.19,7085.24,1.23721,2.17789,2.21404,0.0361538,60.0
1744879086521291.0,-7404.88,7087.29,1.24146,2.29109,2.23628,-0.0548091,60.0
1744879086542105.0,-7404.88,7087.29,1.24146,2.29109,2.29373,0.00264332,60.0
1744879086562806.0,-7406.57,7090.02,1.24646,2.23628,2.15014,-0.0861344,60.0
1744879086583576.0,-7406.57,7090.02,1.24646,2.23628,2.23062,-0.00566187,60.0
1744879086604603.0,-7406.57,7090.02,1.24646,2.23628,2.22231,-0.0139729,60.0
1744879086625233.0,-7408.27,7092.07,1.25071,2.23062,2.18845,-0.0421668,60.0
1744879086646089.0,-7408.27,7092.07,1.25071,2.23062,2.23023,-0.000387948,60.0
1744879086666598.0,-7410.38,7094.81,1.25621,2.18845,2.2244,0.0359526,60.0
1744879086687652.0,-7410.38,7094.81,1.25621,2.18845,2.22583,0.0373779,60.0
1744879086708479.0,-7410.38,7094.81,1.25621,2.18845,2.19357,0.0051192,60.0
1744879086729354.0,-7412.07,7097.54,1.26122,2.22583,2.06413,-0.161694,60.0
1744879086750434.0,-7412.07,7097.54,1.26122,2.22583,2.09993,-0.125898,60.0
1744879086771095.0,-7413.77,7099.59,1.26547,2.06413,2.00233,-0.0618033,60.0
1744879086791805.0,-7413.77,7099.59,1.26547,2.06413,2.1814,0.117267,60.0
1744879086812578.0,-7415.46,7102.33,1.27048,2.00233,2.12984,0.127506,60.0
1744879086834418.0,-7415.46,7102.33,1.27048,2.00233,2.11998,0.117647,60.0
1744879086855204.0,-7415.46,7102.33,1.27048,2.00233,1.9633,-0.0390272,60.0
1744879086875824.0,-7417.15,7104.38,1.27474,2.11998,2.18066,0.0606806,60.0
1744879086897658.0,-7417.15,7104.38,1.27474,2.11998,2.15165,0.031672,60.0
1744879086918532.0,-7418.84,7107.11,1.27975,2.18066,2.25924,0.0785838,60.0
1744879086939417.0,-7418.84,7107.11,1.27975,2.18066,2.31608,0.135419,60.0
1744879086960181.0,-7418.84,7107.11,1.27975,2.18066,2.11635,-0.0643052,60.0
1744879086981093.0,-7420.96,7109.17,1.2845,2.31608,2.1908,-0.125282,60.0
1744879087001952.0,-7420.96,7109.17,1.2845,2.31608,2.24087,-0.0752022,60.0
1744879087022975.0,-7422.65,7111.9,1.28952,2.1908,2.27678,0.0859817,60.0
1744879087043887.0,-7422.65,7111.9,1.28952,2.1908,2.04526,-0.145533,60.0
1744879087064649.0,-7422.65,7111.9,1.28952,2.1908,2.1278,-0.0629978,60.0
1744879087085539.0,-7424.34,7114.63,1.29454,2.04526,2.194,0.148735,60.0
1744879087106420.0,-7424.34,7114.63,1.29454,2.04526,2.0949,0.0496379,60.0
1744879087128681.0,-7426.03,7116.69,1.2988,2.194,2.26148,0.0674846,60.0
1744879087149367.0,-7426.03,7116.69,1.2988,2.194,2.31201,0.118013,60.0
1744879087170344.0,-7427.73,7119.42,1.30382,2.26148,2.16675,-0.0947359,60.0
1744879087190824.0,-7427.73,7119.42,1.30382,2.26148,2.25774,-0.00374034,60.0
1744879087211764.0,-7427.73,7119.42,1.30382,2.26148,2.25341,-0.00806939,60.0
1744879087232374.0,-7429.42,7121.47,1.30809,2.25774,2.41886,0.16112,60.0
1744879087253498.0,-7429.42,7121.47,1.30809,2.25774,2.24612,-0.0116182,60.0
1744879087274422.0,-7431.11,7124.21,1.31311,2.41886,2.26876,-0.150103,60.0
1744879087295173.0,-7431.11,7124.21,1.31311,2.41886,2.52476,0.105902,60.0
1744879087316054.0,-7431.11,7124.21,1.31311,2.41886,2.38148,-0.0373854,60.0
1744879087336685.0,-7432.8,7126.26,1.31738,2.52476,2.43472,-0.0900433,60.0
1744879087357412.0,-7432.8,7126.26,1.31738,2.52476,2.40296,-0.1218,60.0
1744879087378577.0,-7434.92,7128.99,1.3229,2.43472,2.29383,-0.140892,60.0
1744879087399454.0,-7434.92,7128.99,1.3229,2.43472,2.44021,0.00548957,60.0
1744879087419901.0,-7436.61,7131.04,1.32717,2.29383,2.31079,0.0169639,60.0
1744879087440614.0,-7436.61,7131.04,1.32717,2.29383,2.17698,-0.11685,60.0
1744879087461467.0,-7436.61,7131.04,1.32717,2.29383,2.22345,-0.0703774,60.0
1744879087482139.0,-7438.3,7133.78,1.3322,2.17698,2.15602,-0.0209579,60.0
1744879087502771.0,-7438.3,7133.78,1.3322,2.17698,2.31609,0.139114,60.0
1744879087523579.0,-7440.42,7135.83,1.33696,2.15602,2.04818,-0.107838,60.0
1744879087544648.0,-7440.42,7135.83,1.33696,2.15602,2.22351,0.0674894,60.0
1744879087565383.0,-7440.42,7135.83,1.33696,2.15602,2.02487,-0.131156,60.0
1744879087586117.0,-7442.11,7138.57,1.342,2.22351,2.19453,-0.0289846,60.0
1744879087606733.0,-7442.11,7138.57,1.342,2.22351,2.29112,0.0676082,60.0
1744879087627439.0,-7443.8,7140.62,1.34627,2.19453,2.27283,0.0783049,60.0
1744879087648473.0,-7443.8,7140.62,1.34627,2.19453,2.18273,-0.0117957,60.0
1744879087669481.0,-7443.8,7140.62,1.34627,2.19453,2.0825,-0.112026,60.0
1744879087690256.0,-7445.49,7143.35,1.35131,2.18273,2.2234,0.0406734,60.0
1744879087710848.0,-7445.49,7143.35,1.35131,2.18273,2.13869,-0.0440384,60.0
1744879087731532.0,-7447.61,7145.4,1.35608,2.2234,2.25726,0.0338528,60.0
1744879087752140.0,-7447.61,7145.4,1.35608,2.2234,2.26987,0.0464635,60.0
1744879087772749.0,-7447.61,7145.4,1.35608,2.2234,2.12641,-0.0969921,60.0
1744879087793277.0,-7449.3,7148.14,1.36112,2.26987,2.17708,-0.0927832,60.0
1744879087813967.0,-7449.3,7148.14,1.36112,2.26987,2.30681,0.0369444,60.0
1744879087834680.0,-7450.99,7150.19,1.3654,2.17708,2.12155,-0.055531,60.0
1744879087855403.0,-7450.99,7150.19,1.3654,2.17708,2.04981,-0.127274,60.0
1744879087877926.0,-7452.68,7152.92,1.37044,2.12155,2.26332,0.141762,60.0
1744879087899363.0,-7452.68,7152.92,1.37044,2.12155,2.23438,0.112831,60.0
1744879087919498.0,-7452.68,7152.92,1.37044,2.12155,1.97412,-0.14743,60.0
1744879087940418.0,-7454.8,7154.98,1.37522,2.23438,2.26628,0.0318996,60.0
1744879087961013.0,-7454.8,7154.98,1.37522,2.23438,2.20008,-0.0343034,60.0
1744879087981994.0,-7456.49,7157.71,1.38026,2.26628,2.20546,-0.060822,60.0
1744879088002745.0,-7456.49,7157.71,1.38026,2.26628,2.29148,0.0251976,60.0
1744879088023553.0,-7456.49,7157.71,1.38026,2.26628,2.23482,-0.0314659,60.0
1744879088044289.0,-7458.18,7159.76,1.38455,2.29148,2.15192,-0.139557,60.0
1744879088064824.0,-7458.18,7159.76,1.38455,2.29148,2.24006,-0.0514169,60.0
1744879088088172.0,-7459.88,7162.5,1.3896,2.15192,2.1442,-0.00772884,60.0
1744879088109309.0,-7459.88,7162.5,1.3896,2.15192,2.23805,0.0861225,60.0
1744879088129736.0,-7459.88,7162.5,1.3896,2.15192,2.20541,0.0534834,60.0
1744879088150615.0,-7461.99,7164.55,1.39438,2.23805,2.18026,-0.0577891,60.0
1744879088171476.0,-7461.99,7164.55,1.39438,2.23805,2.17666,-0.061389,60.0
1744879088192387.0,-7463.68,7167.28,1.39943,2.18026,2.15154,-0.0287214,60.0
1744879088213107.0,-7463.68,7167.28,1.39943,2.18026,2.29239,0.11213,60.0
1744879088233892.0,-7465.37,7169.33,1.40372,2.15154,2.19506,0.0435259,60.0
1744879088254575.0,-7465.37,7169.33,1.40372,2.15154,2.06881,-0.0827281,60.0
1744879088275489.0,-7465.37,7169.33,1.40372,2.15154,2.29334,0.141805,60.0
1744879088296439.0,-7467.07,7172.07,1.40877,2.06881,2.07989,0.0110768,60.0
1744879088317074.0,-7467.07,7172.07,1.40877,2.06881,2.21168,0.142875,60.0
1744879088338147.0,-7469.18,7174.8,1.41433,2.07989,2.1916,0.11171,60.0
1744879088358749.0,-7469.18,7174.8,1.41433,2.07989,2.06222,-0.0176642,60.0
1744879088380085.0,-7469.18,7174.8,1.41433,2.07989,2.1523,0.0724099,60.0
1744879088400450.0,-7470.87,7176.86,1.41862,2.06222,2.14411,0.0818933,60.0
1744879088421353.0,-7470.87,7176.86,1.41862,2.06222,2.04814,-0.0140834,60.0
1744879088442032.0,-7472.57,7179.59,1.42368,2.14411,2.21205,0.0679373,60.0
1744879088462925.0,-7472.57,7179.59,1.42368,2.14411,2.06815,-0.0759652,60.0
1744879088483657.0,-7472.57,7179.59,1.42368,2.14411,2.02719,-0.116926,60.0
1744879088504571.0,-7474.26,7181.64,1.42797,2.06815,2.13884,0.070694,60.0
1744879088525578.0,-7474.26,7181.64,1.42797,2.06815,2.17894,0.110789,60.0
1744879088546289.0,-7475.95,7184.38,1.43304,2.13884,2.28777,0.148928,60.0
1744879088567053.0,-7475.95,7184.38,1.43304,2.13884,2.26144,0.122595,60.0
1744879088587773.0,-7477.64,7186.43,1.43733,2.28777,2.29037,0.00259422,60.0
1744879088609057.0,-7477.64,7186.43,1.43733,2.28777,2.35974,0.0719732,60.0
1744879088629341.0,-7477.64,7186.43,1.43733,2.28777,2.22932,-0.0584484,60.0
1744879088650460.0,-7479.33,7189.16,1.4424,2.35974,2.20021,-0.159532,60.0
1744879088671219.0,-7479.33,7189.16,1.4424,2.35974,2.22016,-0.139587,60.0
1744879088692045.0,-7481.03,7191.9,1.44747,2.20021,2.21278,0.0125691,60.0
1744879088713046.0,-7481.03,7191.9,1.44747,2.20021,2.12988,-0.0703295,60.0
1744879088733856.0,-7481.03,7191.9,1.44747,2.20021,2.09818,-0.102029,60.0
1744879088754585.0,-7482.72,7193.95,1.45177,2.12988,2.19933,0.0694517,60.0
1744879088775368.0,-7482.72,7193.95,1.45177,2.12988,2.20554,0.0756531,60.0
1744879088796001.0,-7484.83,7196.68,1.45734,2.19933,2.36163,0.162292,60.0
1744879088816914.0,-7484.83,7196.68,1.45734,2.19933,2.13208,-0.0672579,60.0
1744879088837582.0,-7484.83,7196.68,1.45734,2.19933,2.13509,-0.0642486,60.0
1744879088858445.0,-7486.52,7198.73,1.46164,2.13208,2.21484,0.0827642,60.0
1744879088878930.0,-7486.52,7198.73,1.46164,2.13208,2.19897,0.0668909,60.0
1744879088900167.0,-7488.22,7201.47,1.46671,2.21484,2.26289,0.0480491,60.0
1744879088920819.0,-7488.22,7201.47,1.46671,2.21484,2.13705,-0.077789,60.0
1744879088941361.0,-7489.91,7203.52,0.471018,2.26289,2.30787,0.0449807,60.0
1744879088961989.0,-7489.91,7203.52,0.471018,2.26289,2.15416,-0.108735,60.0
1744879088982715.0,-7489.91,7203.52,0.471018,2.26289,2.11,-0.152891,60.0
1744879089003380.0,-7491.6,7206.26,0.476094,2.15416,2.08382,-0.070331,60.0
1744879089024180.0,-7491.6,7206.26,0.476094,2.15416,2.18412,0.0299621,60.0
1744879089044953.0,-7493.29,7208.99,0.481172,2.08382,2.18204,0.0982196,60.0
1744879089066467.0,-7493.29,7208.99,0.481172,2.08382,2.15643,0.0726063,60.0
1744879089087242.0,-7493.29,7208.99,0.481172,2.08382,2.18968,0.105855,60.0
1744879089107601.0,-7494.99,7211.04,0.485481,2.15643,1.99711,-0.159323,60.0
1744879089129762.0,-7494.99,7211.04,0.485481,2.15643,2.30501,0.148582,60.0
1744879089151043.0,-7496.68,7213.78,0.490562,1.99711,2.09059,0.0934836,60.0
1744879089171325.0,-7496.68,7213.78,0.490562,1.99711,2.14329,0.14618,60.0
1744879089191972.0,-7496.68,7213.78,0.490562,1.99711,2.05563,0.0585259,60.0
1744879089212646.0,-7498.37,7215.83,0.494874,2.14329,2.17103,0.0277404,60.0
1744879089233431.0,-7498.37,7215.83,0.494874,2.14329,2.22879,0.0855064,60.0
1744879089253982.0,-7500.06,7218.56,0.499958,2.17103,2.24838,0.0773548,60.0
1744879089274921.0,-7500.06,7218.56,0.499958,2.17103,2.13715,-0.0338798,60.0
1744879089295655.0,-7501.75,7221.3,0.505043,2.24838,2.36238,0.113996,60.0
1744879089316422.0,-7501.75,7221.3,0.505043,2.24838,2.17871,-0.0696748,60.0
1744879089337372.0,-7501.75,7221.3,0.505043,2.24838,2.20418,-0.0442024,60.0
1744879089358170.0,-7503.87,7223.35,0.509858,2.17871,2.29927,0.120566,60.0
1744879089378865.0,-7503.87,7223.35,0.509858,2.17871,2.1348,-0.0439085,60.0
1744879089399768.0,-7505.56,7226.08,0.514947,2.29927,2.25883,-0.0404464,60.0
1744879089420530.0,-7505.56,7226.08,0.514947,2.29927,2.18115,-0.118123,60.0
1744879089441543.0,-7505.56,7226.08,0.514947,2.29927,2.36682,0.0675415,60.0
1744879089461974.0,-7507.25,7228.14,0.519265,2.18115,2.10507,-0.0760859,60.0
1744879089482675.0,-7507.25,7228.14,0.519265,2.18115,2.29129,0.110143,60.0
1744879089503558.0,-7508.94,7230.87,0.524356,2.10507,2.10474,-0.000325567,60.0
1744879089524385.0,-7508.94,7230.87,0.524356,2.10507,2.03308,-0.0719902,60.0
1744879089545160.0,-7508.94,7230.87,0.524356,2.10507,2.08136,-0.0237049,60.0
1744879089565871.0,-7510.64,7233.6,0.529449,2.03308,2.00013,-0.0329463,60.0
1744879089586786.0,-7510.64,7233.6,0.529449,2.03308,2.09521,0.0621384,60.0
1744879089607117.0,-7512.33,7235.66,0.533771,2.00013,1.94052,-0.0596111,60.0
1744879089627685.0,-7512.33,7235.66,0.533771,2.00013,2.01083,0.0106982,60.0
1744879089648399.0,-7512.33,7235.66,0.533771,2.00013,2.08904,0.0889083,60.0
1744879089669078.0,-7514.02,7238.39,0.538867,2.01083,2.13819,0.127363,60.0
1744879089690160.0,-7514.02,7238.39,0.538867,2.01083,2.15211,0.141279,60.0
1744879089710461.0,-7515.71,7240.44,0.543191,2.13819,2.25425,0.116059,60.0
1744879089731233.0,-7515.71,7240.44,0.543191,2.13819,2.27484,0.136649,60.0
1744879089752279.0,-7517.4,7243.18,0.54829,2.25425,2.25078,-0.00347149,60.0
1744879089772940.0,-7517.4,7243.18,0.54829,2.25425,2.2728,0.0185562,60.0
1744879089793447.0,-7517.4,7243.18,0.54829,2.25425,2.09967,-0.154582,60.0
1744879089814112.0,-7519.1,7245.91,0.553391,2.2728,2.25482,-0.0179872,60.0
1744879089834799.0,-7519.1,7245.91,0.553391,2.2728,2.1812,-0.0916067,60.0
1744879089855523.0,-7520.79,7247.96,0.557718,2.25482,2.35084,0.0960208,60.0
1744879089876276.0,-7520.79,7247.96,0.557718,2.25482,2.21835,-0.0364667,60.0
1744879089897654.0,-7520.79,7247.96,0.557718,2.25482,2.12672,-0.1281,60.0
1744879089918365.0,-7522.48,7250.7,0.562822,2.21835,2.1649,-0.0534535,60.0
1744879089939535.0,-7522.48,7250.7,0.562822,2.21835,2.19272,-0.0256266,60.0
1744879089959924.0,-7524.17,7253.43,0.567927,2.1649,2.22834,0.063447,60.0
1744879089981110.0,-7524.17,7253.43,0.567927,2.1649,2.26105,0.0961524,60.0
1744879090001712.0,-7524.17,7253.43,0.567927,2.1649,2.31264,0.14774,60.0
1744879090022176.0,-7525.86,7255.48,0.572259,2.26105,2.22637,-0.0346818,60.0
1744879090042608.0,-7525.86,7255.48,0.572259,2.26105,2.16736,-0.0936939,60.0
1744879090063607.0,-7527.56,7258.22,0.577367,2.22637,2.25552,0.0291564,60.0
1744879090083751.0,-7527.56,7258.22,0.577367,2.22637,2.3379,0.111532,60.0
1744879090104356.0,-7527.56,7258.22,0.577367,2.22637,2.21462,-0.0117492,60.0
1744879090124830.0,-7529.25,7260.27,0.581701,2.3379,2.27835,-0.0595479,60.0
1744879090145961.0,-7529.25,7260.27,0.581701,2.3379,2.17702,-0.160884,60.0
1744879090166311.0,-7530.94,7263.0,0.586812,2.27835,2.13353,-0.144825,60.0
1744879090187042.0,-7530.94,7263.0,0.586812,2.27835,2.29835,0.0200001,60.0
1744879090207755.0,-7532.63,7265.74,0.591925,2.13353,2.18196,0.0484327,60.0
1744879090228289.0,-7532.63,7265.74,0.591925,2.13353,2.25461,0.121079,60.0
1744879090248709.0,-7532.63,7265.74,0.591925,2.13353,2.07965,-0.0538788,60.0
1744879090269406.0,-7534.32,7267.79,0.596262,2.25461,2.35482,0.100218,60.0
1744879090290141.0,-7534.32,7267.79,0.596262,2.25461,2.16533,-0.0892771,60.0
1744879090310760.0,-7536.01,7270.53,0.601378,2.35482,2.24763,-0.107191,60.0
1744879090331588.0,-7536.01,7270.53,0.601378,2.35482,2.33529,-0.0195338,60.0
1744879090352243.0,-7536.01,7270.53,0.601378,2.35482,2.47085,0.116023,60.0
1744879090373176.0,-7537.71,7272.58,0.605718,2.33529,2.23124,-0.104052,60.0
1744879090394514.0,-7537.71,7272.58,0.605718,2.33529,2.2059,-0.129395,60.0
1744879090415003.0,-7539.82,7275.31,0.611339,2.23124,2.12419,-0.107053,60.0
1744879090435658.0,-7539.82,7275.31,0.611339,2.23124,2.07198,-0.159258,60.0
1744879090456472.0,-7539.82,7275.31,0.611339,2.23124,2.15429,-0.0769473,60.0
1744879090477186.0,-7541.51,7277.36,0.615682,2.07198,2.21167,0.139691,60.0
1744879090497872.0,-7541.51,7277.36,0.615682,2.07198,2.04569,-0.0262876,60.0
1744879090518552.0,-7543.21,7280.1,0.620804,2.21167,2.33529,0.123617,60.0
1744879090539537.0,-7543.21,7280.1,0.620804,2.21167,2.19675,-0.0149178,60.0
1744879090560205.0,-7543.21,7280.1,0.620804,2.21167,2.28368,0.0720067,60.0
1744879090580777.0,-7544.9,7282.15,0.625149,2.19675,2.33799,0.141236,60.0
1744879090601283.0,-7544.9,7282.15,0.625149,2.19675,2.08153,-0.115229,60.0
1744879090621902.0,-7546.59,7284.88,0.630273,2.33799,2.30537,-0.032616,60.0
1744879090642578.0,-7546.59,7284.88,0.630273,2.33799,2.26373,-0.0742584,60.0
1744879090663566.0,-7548.71,7286.94,0.635124,2.30537,2.3211,0.0157238,60.0
1744879090684344.0,-7548.71,7286.94,0.635124,2.30537,2.24307,-0.0623025,60.0
1744879090705088.0,-7548.71,7286.94,0.635124,2.30537,2.36127,0.0558963,60.0
1744879090725737.0,-7550.4,7289.67,0.640252,2.24307,2.10461,-0.138462,60.0
1744879090746162.0,-7550.4,7289.67,0.640252,2.24307,2.10536,-0.137715,60.0
1744879090767196.0,-7552.09,7291.72,0.644602,2.10461,2.15287,0.0482615,60.0
1744879090787777.0,-7552.09,7291.72,0.644602,2.10461,2.08711,-0.0175041,60.0
1744879090809435.0,-7552.09,7291.72,0.644602,2.10461,2.11456,0.00995308,60.0
1744879090830050.0,-7553.78,7294.46,0.649732,2.08711,2.24985,0.162748,60.0
1744879090850830.0,-7553.78,7294.46,0.649732,2.08711,2.14923,0.0621206,60.0
1744879090871581.0,-7555.9,7297.19,0.655368,2.24985,2.14088,-0.108974,60.0
1744879090892894.0,-7555.9,7297.19,0.655368,2.24985,2.27548,0.0256254,60.0
1744879090913505.0,-7555.9,7297.19,0.655368,2.24985,2.26849,0.0186312,60.0
1744879090934503.0,-7557.59,7299.24,0.659722,2.27548,2.14593,-0.129546,60.0
1744879090954766.0,-7557.59,7299.24,0.659722,2.27548,2.23249,-0.0429882,60.0
1744879090975519.0,-7559.28,7301.98,0.664857,2.14593,2.07099,-0.0749481,60.0
1744879090996439.0,-7559.28,7301.98,0.664857,2.14593,2.14487,-0.00106611,60.0
1744879091017150.0,-7560.97,7304.03,0.669214,2.07099,2.11245,0.0414652,60.0
1744879091037850.0,-7560.97,7304.03,0.669214,2.07099,2.13118,0.0601917,60.0
1744879091058614.0,-7560.97,7304.03,0.669214,2.07099,2.14467,0.0736819,60.0
1744879091079388.0,-7562.66,7306.76,0.674352,2.13118,2.17563,0.0444565,60.0
1744879091100059.0,-7562.66,7306.76,0.674352,2.13118,2.17922,0.0480464,60.0
1744879091120886.0,-7564.36,7308.82,0.678711,2.17563,2.32863,0.152998,60.0
1744879091141447.0,-7564.36,7308.82,0.678711,2.17563,2.2626,0.0869668,60.0
1744879091162163.0,-7564.36,7308.82,0.678711,2.17563,2.13223,-0.0434086,60.0
1744879091182875.0,-7566.47,7311.55,0.684356,2.2626,2.19919,-0.0634147,60.0
1744879091203532.0,-7566.47,7311.55,0.684356,2.2626,2.41214,0.149535,60.0
1744879091224585.0,-7568.16,7313.6,0.688718,2.19919,2.35528,0.156099,60.0
1744879091245377.0,-7568.16,7313.6,0.688718,2.19919,2.28711,0.0879214,60.0
1744879091266110.0,-7568.16,7313.6,0.688718,2.19919,2.32135,0.12216,60.0
1744879091286553.0,-7569.86,7316.34,0.693862,2.28711,2.35374,0.0666312,60.0
1744879091307663.0,-7569.86,7316.34,0.693862,2.28711,2.3261,0.0389884,60.0
1744879091328086.0,-7571.55,7318.39,0.698226,2.35374,2.29611,-0.0576251,60.0
1744879091348937.0,-7571.55,7318.39,0.698226,2.35374,2.31529,-0.0384524,60.0
1744879091369677.0,-7571.55,7318.39,0.698226,2.35374,2.3659,0.0121591,60.0
1744879091391025.0,-7573.24,7321.12,0.703373,2.31529,2.30125,-0.0140387,60.0
1744879091411728.0,-7573.24,7321.12,0.703373,2.31529,2.21528,-0.100011,60.0
1744879091432481.0,-7575.35,7323.17,0.708244,2.30125,2.22416,-0.0770829,60.0
1744879091453674.0,-7575.35,7323.17,0.708244,2.30125,2.35832,0.0570774,60.0
1744879091474088.0,-7577.05,7325.91,0.713395,2.22416,2.1551,-0.0690628,60.0
1744879091494935.0,-7577.05,7325.91,0.713395,2.22416,2.15568,-0.0684827,60.0
1744879091515831.0,-7577.05,7325.91,0.713395,2.22416,2.35897,0.13481,60.0
1744879091536670.0,-7578.74,7327.96,0.717763,2.15568,2.16851,0.0128242,60.0
1744879091557561.0,-7578.74,7327.96,0.717763,2.15568,2.13707,-0.0186125,60.0
1744879091578687.0,-7580.85,7330.7,0.723422,2.16851,2.14966,-0.0188427,60.0
1744879091599610.0,-7580.85,7330.7,0.723422,2.16851,2.33003,0.161521,60.0
1744879091620245.0,-7580.85,7330.7,0.723422,2.16851,2.25418,0.0856765,60.0
1744879091641112.0,-7582.55,7332.75,0.727793,2.33003,2.25232,-0.0777088,60.0
1744879091661937.0,-7582.55,7332.75,0.727793,2.33003,2.27567,-0.0543597,60.0
1744879091682888.0,-7584.24,7335.48,0.732949,2.25232,2.23286,-0.019457,60.0
1744879091704249.0,-7584.24,7335.48,0.732949,2.25232,2.15891,-0.0934043,60.0
1744879091724936.0,-7585.93,7337.53,0.737323,2.15891,2.22102,0.0621088,60.0
1744879091745474.0,-7585.93,7337.53,0.737323,2.15891,2.14728,-0.0116371,60.0
1744879091765808.0,-7585.93,7337.53,0.737323,2.15891,2.19068,0.0317654,60.0
1744879091786930.0,-7588.05,7340.27,0.742988,2.14728,2.01496,-0.132319,60.0
1744879091807636.0,-7588.05,7340.27,0.742988,2.14728,2.0879,-0.0593759,60.0
1744879091828038.0,-7589.74,7342.32,0.747365,2.01496,2.08598,0.071026,60.0
1744879091849108.0,-7589.74,7342.32,0.747365,2.01496,2.0426,0.0276437,60.0
1744879091869999.0,-7589.74,7342.32,0.747365,2.01496,2.17383,0.158875,60.0
1744879091891179.0,-7591.43,7345.05,0.752527,2.0426,2.07165,0.0290459,60.0
1744879091911755.0,-7591.43,7345.05,0.752527,2.0426,2.17918,0.136583,60.0
1744879091932809.0,-7593.12,7347.79,0.757691,2.07165,2.09761,0.0259623,60.0
1744879091953509.0,-7593.12,7347.79,0.757691,2.07165,2.16242,0.0907734,60.0
1744879091974167.0,-7593.12,7347.79,0.757691,2.07165,2.1152,0.0435496,60.0
1744879091994926.0,-7594.81,7349.84,0.762071,2.16242,2.29614,0.133724,60.0
1744879092015731.0,-7594.81,7349.84,0.762071,2.16242,2.29047,0.128046,60.0
1744879092036411.0,-7596.93,7352.58,0.767744,2.29614,2.23888,-0.0572625,60.0
1744879092057151.0,-7596.93,7352.58,0.767744,2.29614,2.1382,-0.157942,60.0
1744879092077586.0,-7596.93,7352.58,0.767744,2.29614,2.29729,0.00114339,60.0
1744879092098301.0,-7598.62,7354.63,0.772127,2.1382,2.27828,0.140081,60.0
1744879092118979.0,-7598.62,7354.63,0.772127,2.1382,2.27148,0.133277,60.0
1744879092139678.0,-7600.31,7357.36,0.777297,2.27828,2.21038,-0.0679044,60.0
1744879092160419.0,-7600.31,7357.36,0.777297,2.27828,2.17887,-0.0994165,60.0
1744879092181088.0,-7602.0,7359.41,0.781682,2.21038,2.31565,0.105271,60.0
1744879092201828.0,-7602.0,7359.41,0.781682,2.21038,2.08893,-0.121452,60.0
1744879092222504.0,-7602.0,7359.41,0.781682,2.21038,2.21403,0.00365469,60.0
1744879092243301.0,-7603.7,7362.15,0.786855,2.08893,2.12144,0.0325172,60.0
1744879092263979.0,-7603.7,7362.15,0.786855,2.08893,2.20227,0.113341,60.0
1744879092285038.0,-7605.39,7364.2,0.791242,2.12144,2.2139,0.0924594,60.0
1744879092305911.0,-7605.39,7364.2,0.791242,2.12144,2.19408,0.0726347,60.0
1744879092326541.0,-7605.39,7364.2,0.791242,2.12144,2.12049,-0.000957324,60.0
1744879092347413.0,-7607.08,7366.93,0.796418,2.19408,2.15929,-0.0347925,60.0
1744879092368096.0,-7607.08,7366.93,0.796418,2.19408,2.13685,-0.0572319,60.0
1744879092389129.0,-7608.77,7369.67,0.801596,2.15929,2.2868,0.127512,60.0
1744879092409878.0,-7608.77,7369.67,0.801596,2.15929,2.1061,-0.0531871,60.0
1744879092430362.0,-7608.77,7369.67,0.801596,2.15929,2.06565,-0.093633,60.0
1744879092451048.0,-7610.89,7371.72,0.806494,2.1061,2.18937,0.0832756,60.0
1744879092471823.0,-7610.89,7371.72,0.806494,2.1061,2.13301,0.0269131,60.0
1744879092492639.0,-7612.58,7374.46,0.811675,2.18937,2.23987,0.0504998,60.0
1744879092513352.0,-7612.58,7374.46,0.811675,2.18937,2.13019,-0.0591809,60.0
1744879092534082.0,-7614.27,7376.51,0.816069,2.13019,2.20378,0.0735865,60.0
1744879092554890.0,-7614.27,7376.51,0.816069,2.13019,2.1817,0.05151,60.0
1744879092575157.0,-7614.27,7376.51,0.816069,2.13019,2.21993,0.0897371,60.0
1744879092595661.0,-7615.96,7379.24,0.821252,2.1817,2.2015,0.0197912,60.0
1744879092616392.0,-7615.96,7379.24,0.821252,2.1817,2.25818,0.0764761,60.0
1744879092636862.0,-7617.65,7381.98,0.826437,2.2015,2.14051,-0.0609825,60.0
1744879092657566.0,-7617.65,7381.98,0.826437,2.2015,2.22119,0.0196913,60.0
1744879092678582.0,-7617.65,7381.98,0.826437,2.2015,2.12493,-0.0765689,60.0
1744879092699165.0,-7619.35,7384.03,0.830835,2.22119,2.22389,0.00270173,60.0
1744879092719793.0,-7619.35,7384.03,0.830835,2.22119,2.08602,-0.135164,60.0
1744879092740457.0,-7621.04,7386.76,0.836023,2.22389,2.17801,-0.0458733,60.0
1744879092761213.0,-7621.04,7386.76,0.836023,2.22389,2.36289,0.139003,60.0
1744879092782018.0,-7621.04,7386.76,0.836023,2.22389,2.16408,-0.0598124,60.0
1744879092802713.0,-7622.73,7388.81,0.840423,2.36289,2.37748,0.0145841,60.0
1744879092823420.0,-7622.73,7388.81,0.840423,2.36289,2.40882,0.0459308,60.0
1744879092843912.0,-7624.42,7391.55,0.845614,2.37748,2.21559,-0.16189,60.0
1744879092864895.0,-7624.42,7391.55,0.845614,2.37748,2.36379,-0.0136808,60.0
1744879092885984.0,-7624.42,7391.55,0.845614,2.37748,2.33373,-0.0437493,60.0
1744879092906603.0,-7626.54,7393.6,0.850525,2.36379,2.22521,-0.138586,60.0
1744879092928275.0,-7626.54,7393.6,0.850525,2.36379,2.21459,-0.149199,60.0
1744879092949012.0,-7628.23,7396.34,0.855719,2.22521,2.29523,0.0700171,60.0
1744879092969883.0,-7628.23,7396.34,0.855719,2.22521,2.3214,0.0961883,60.0
1744879092990243.0,-7629.92,7398.39,0.860124,2.29523,2.26213,-0.0330908,60.0
1744879093011127.0,-7629.92,7398.39,0.860124,2.29523,2.31507,0.0198413,60.0
1744879093034859.0,-7629.92,7398.39,0.860124,2.29523,2.22144,-0.0737897,60.0
1744879093052886.0,-7631.61,7401.12,0.865321,2.31507,2.34364,0.0285721,60.0
1744879093074622.0,-7631.61,7401.12,0.865321,2.31507,2.27265,-0.0424159,60.0
1744879093095325.0,-7633.73,7403.17,0.870237,2.34364,2.18298,-0.160657,60.0
1744879093116294.0,-7633.73,7403.17,0.870237,2.34364,2.42832,0.0846849,60.0
1744879093137384.0,-7633.73,7403.17,0.870237,2.34364,2.24,-0.103643,60.0
1744879093158173.0,-7635.42,7405.91,0.875437,2.42832,2.31013,-0.118193,60.0
1744879093179423.0,-7635.42,7405.91,0.875437,2.42832,2.2948,-0.133526,60.0
1744879093200963.0,-7637.11,7407.96,0.879847,2.31013,2.23112,-0.0790072,60.0
1744879093221444.0,-7637.11,7407.96,0.879847,2.31013,2.2566,-0.0535307,60.0
1744879093242284.0,-7639.23,7410.69,0.885559,2.23112,2.15065,-0.0804702,60.0
1744879093263189.0,-7639.23,7410.69,0.885559,2.23112,2.31394,0.0828164,60.0
1744879093284152.0,-7639.23,7410.69,0.885559,2.23112,2.21522,-0.0159069,60.0
1744879093305278.0,-7640.92,7412.75,0.889972,2.31394,2.23599,-0.0779496,60.0
1744879093325771.0,-7640.92,7412.75,0.889972,2.31394,2.2053,-0.108645,60.0
1744879093346457.0,-7643.03,7415.48,0.895687,2.23599,2.14828,-0.0877093,60.0
1744879093367482.0,-7643.03,7415.48,0.895687,2.23599,2.27016,0.0341688,60.0
1744879093388139.0,-7643.03,7415.48,0.895687,2.23599,2.22353,-0.0124588,60.0
1744879093408916.0,-7644.73,7417.53,0.900103,2.27016,2.35165,0.0814944,60.0
1744879093429859.0,-7644.73,7417.53,0.900103,2.27016,2.17312,-0.0970396,60.0
1744879093450231.0,-7646.42,7420.27,0.905312,2.35165,2.24821,-0.103444,60.0
1744879093472230.0,-7646.42,7420.27,0.905312,2.35165,2.29486,-0.0567898,60.0
1744879093493215.0,-7646.42,7420.27,0.905312,2.35165,2.26363,-0.0880198,60.0
1744879093513977.0,-7648.53,7422.32,0.910239,2.29486,2.30963,0.0147624,60.0
1744879093534679.0,-7648.53,7422.32,0.910239,2.29486,2.30333,0.0084707,60.0
1744879093555732.0,-7650.23,7424.37,0.914658,2.30963,2.18807,-0.121561,60.0
1744879093575689.0,-7650.23,7424.37,0.914658,2.30963,2.32307,0.0134443,60.0
1744879093596222.0,-7650.23,7424.37,0.914658,2.30963,2.37963,0.0700041,60.0
1744879093616723.0,-7652.34,7427.11,0.920381,2.32307,2.22064,-0.102434,60.0
1744879093637218.0,-7652.34,7427.11,0.920381,2.32307,2.32982,0.00675267,60.0
1744879093657733.0,-7654.03,7429.16,0.924803,2.22064,2.09744,-0.1232,60.0
1744879093678588.0,-7654.03,7429.16,0.924803,2.22064,2.31386,0.093228,60.0
1744879093698780.0,-7656.15,7431.89,0.930529,2.09744,2.19908,0.101645,60.0
1744879093719750.0,-7656.15,7431.89,0.930529,2.09744,2.20353,0.106096,60.0
1744879093740512.0,-7656.15,7431.89,0.930529,2.09744,2.24068,0.143242,60.0
1744879093761377.0,-7657.84,7433.94,0.934953,2.20353,2.17777,-0.0257581,60.0
1744879093782113.0,-7657.84,7433.94,0.934953,2.20353,2.14167,-0.0618631,60.0
1744879093803256.0,-7659.96,7436.0,0.939889,2.17777,2.28237,0.104596,60.0
1744879093824085.0,-7659.96,7436.0,0.939889,2.17777,2.18457,0.00679686,60.0
1744879093844944.0,-7659.96,7436.0,0.939889,2.17777,2.25336,0.0755878,60.0
1744879093865890.0,-7661.65,7438.73,0.94511,2.18457,2.14357,-0.0409975,60.0
1744879093886155.0,-7661.65,7438.73,0.94511,2.18457,2.18166,-0.00291291,60.0
1744879093906944.0,-7663.34,7440.78,0.949537,2.14357,2.05993,-0.083648,60.0
1744879093927489.0,-7663.34,7440.78,0.949537,2.14357,2.12013,-0.0234382,60.0
1744879093948248.0,-7663.34,7440.78,0.949537,2.14357,2.27319,0.129616,60.0
1744879093969182.0,-7665.46,7443.52,0.955272,2.12013,2.11682,-0.00331433,60.0
1744879093989898.0,-7665.46,7443.52,0.955272,2.12013,2.2689,0.148769,60.0
1744879094010293.0,-7667.15,7445.57,0.959702,2.11682,2.06047,-0.0563508,60.0
1744879094031051.0,-7667.15,7445.57,0.959702,2.11682,2.11365,-0.00316814,60.0
1744879094052430.0,-7667.15,7445.57,0.959702,2.11682,2.26485,0.148028,60.0
1744879094075100.0,-7668.84,7448.3,0.96493,2.11365,2.23614,0.122489,60.0
1744879094096097.0,-7668.84,7448.3,0.96493,2.11365,2.07171,-0.0419415,60.0
1744879094116491.0,-7670.96,7450.35,0.969873,2.23614,2.08438,-0.151757,60.0
1744879094137434.0,-7670.96,7450.35,0.969873,2.23614,2.12405,-0.11209,60.0
1744879094158128.0,-7672.65,7453.09,0.975103,2.08438,2.14554,0.0611552,60.0
1744879094178948.0,-7672.65,7453.09,0.975103,2.08438,2.18476,0.100378,60.0
1744879094199602.0,-7672.65,7453.09,0.975103,2.08438,2.03814,-0.0462426,60.0
1744879094220267.0,-7674.34,7455.14,0.979539,2.18476,2.27581,0.091043,60.0
1744879094240747.0,-7674.34,7455.14,0.979539,2.18476,2.02813,-0.156637,60.0
1744879094261440.0,-7676.03,7457.88,0.984772,2.27581,2.38723,0.11142,60.0
1744879094282049.0,-7676.03,7457.88,0.984772,2.27581,2.15489,-0.120913,60.0
1744879094302736.0,-7676.03,7457.88,0.984772,2.27581,2.12745,-0.148354,60.0
1744879094323394.0,-7678.15,7459.93,0.989721,2.15489,2.27927,0.124374,60.0
1744879094344248.0,-7678.15,7459.93,0.989721,2.15489,2.1581,0.00320267,60.0
1744879094364856.0,-7679.84,7462.66,0.994957,2.27927,2.13424,-0.145025,60.0
1744879094386045.0,-7679.84,7462.66,0.994957,2.27927,2.25407,-0.0251997,60.0
1744879094406993.0,-7679.84,7462.66,0.994957,2.27927,2.27344,-0.0058237,60.0
1744879094427981.0,-7681.53,7464.71,0.999397,2.25407,2.1258,-0.128267,60.0
1744879094448429.0,-7681.53,7464.71,0.999397,2.25407,2.13353,-0.120533,60.0
1744879094469213.0,-7683.22,7467.45,1.00464,2.1258,2.07797,-0.04783,60.0
1744879094489813.0,-7683.22,7467.45,1.00464,2.1258,2.25516,0.129362,60.0
1744879094510796.0,-7685.34,7469.5,1.00959,2.07797,2.19556,0.117589,60.0
1744879094531192.0,-7685.34,7469.5,1.00959,2.07797,2.22797,0.150005,60.0
1744879094552079.0,-7685.34,7469.5,1.00959,2.07797,2.13978,0.0618092,60.0
1744879094572584.0,-7687.03,7472.24,1.01483,2.22797,2.1346,-0.093373,60.0
1744879094593391.0,-7687.03,7472.24,1.01483,2.22797,2.35151,0.123533,60.0
1744879094614232.0,-7688.72,7474.29,1.01928,2.1346,2.1872,0.0525965,60.0
1744879094635005.0,-7688.72,7474.29,1.01928,2.1346,2.20197,0.0673678,60.0
1744879094655546.0,-7688.72,7474.29,1.01928,2.1346,2.06669,-0.0679125,60.0
1744879094677435.0,-7690.41,7477.02,1.02452,2.20197,2.05997,-0.141996,60.0
1744879094698232.0,-7690.41,7477.02,1.02452,2.20197,2.3224,0.120434,60.0
1744879094718858.0,-7692.11,7479.07,1.02897,2.05997,2.18906,0.129088,60.0
1744879094739578.0,-7692.11,7479.07,1.02897,2.05997,1.93438,-0.125596,60.0
1744879094760325.0,-7692.11,7479.07,1.02897,2.05997,1.99446,-0.06551,60.0
1744879094781118.0,-7693.8,7481.81,1.03422,1.93438,2.02933,0.0949537,60.0
1744879094801736.0,-7693.8,7481.81,1.03422,1.93438,2.04514,0.110766,60.0
1744879094822501.0,-7695.91,7484.54,1.03998,2.02933,2.18568,0.156344,60.0
1744879094843380.0,-7695.91,7484.54,1.03998,2.02933,2.09489,0.0655564,60.0
1744879094864081.0,-7697.6,7486.59,1.04443,2.09489,2.07449,-0.0203986,60.0
1744879094884792.0,-7697.6,7486.59,1.04443,2.09489,2.24655,0.151659,60.0
1744879094905768.0,-7697.6,7486.59,1.04443,2.09489,2.05096,-0.043928,60.0
1744879094926777.0,-7699.3,7489.33,1.04969,2.24655,2.34767,0.101124,60.0
1744879094947708.0,-7699.3,7489.33,1.04969,2.24655,2.15248,-0.0940622,60.0
1744879094968406.0,-7700.99,7491.38,1.05414,2.34767,2.18447,-0.163201,60.0
1744879094989271.0,-7700.99,7491.38,1.05414,2.34767,2.33613,-0.0115401,60.0
1744879095009707.0,-7700.99,7491.38,1.05414,2.34767,2.40852,0.0608517,60.0
1744879095030338.0,-7702.68,7494.12,1.0594,2.33613,2.21999,-0.116145,60.0
1744879095050829.0,-7702.68,7494.12,1.0594,2.33613,2.31441,-0.0217211,60.0
1744879095071397.0,-7704.37,7496.85,1.06465,2.21999,2.23548,0.0154926,60.0
1744879095091991.0,-7704.37,7496.85,1.06465,2.21999,2.26793,0.0479426,60.0
1744879095112600.0,-7704.37,7496.85,1.06465,2.21999,2.12033,-0.0996571,60.0
1744879095133163.0,-7706.06,7498.9,1.06911,2.26793,2.4046,0.136671,60.0
1744879095154109.0,-7706.06,7498.9,1.06911,2.26793,2.22998,-0.037952,60.0
1744879095174494.0,-7707.75,7501.64,1.07437,2.4046,2.28095,-0.123644,60.0
1744879095195091.0,-7707.75,7501.64,1.07437,2.4046,2.36429,-0.0403073,60.0
1744879095215639.0,-7707.75,7501.64,1.07437,2.4046,2.33208,-0.0725211,60.0
1744879095236400.0,-7709.87,7503.69,1.07934,2.36429,2.37585,0.0115591,60.0
1744879095257152.0,-7709.87,7503.69,1.07934,2.36429,2.29457,-0.0697187,60.0
1744879095277925.0,-7711.56,7506.42,1.08461,2.37585,2.21646,-0.159395,60.0
1744879095298646.0,-7711.56,7506.42,1.08461,2.37585,2.26393,-0.111925,60.0
1744879095319524.0,-7711.56,7506.42,1.08461,2.37585,2.23872,-0.137135,60.0
1744879095340249.0,-7713.25,7508.47,1.08907,2.26393,2.11356,-0.150367,60.0
1744879095360998.0,-7713.25,7508.47,1.08907,2.26393,2.28785,0.0239196,60.0
1744879095381696.0,-7714.95,7511.21,1.09434,2.11356,2.12639,0.0128292,60.0
1744879095402559.0,-7714.95,7511.21,1.09434,2.11356,2.2678,0.154244,60.0
1744879095423424.0,-7717.06,7513.26,1.09932,2.12639,2.16024,0.0338537,60.0
1744879095444006.0,-7717.06,7513.26,1.09932,2.12639,1.98491,-0.141479,60.0
1744879095464568.0,-7717.06,7513.26,1.09932,2.12639,2.24889,0.122498,60.0
1744879095485236.0,-7718.75,7516.0,1.10459,1.98491,2.06221,0.0773023,60.0
1744879095505910.0,-7718.75,7516.0,1.10459,1.98491,2.09263,0.107722,60.0
1744879095526687.0,-7720.45,7518.05,1.10905,2.06221,2.18504,0.122828,60.0
1744879095547574.0,-7720.45,7518.05,1.10905,2.06221,2.08387,0.0216599,60.0
1744879095568195.0,-7720.45,7518.05,1.10905,2.06221,2.03442,-0.0277956,60.0
1744879095588807.0,-7722.14,7520.78,1.11433,2.08387,2.21938,0.135509,60.0
1744879095609527.0,-7722.14,7520.78,1.11433,2.08387,2.23825,0.154382,60.0
1744879095630338.0,-7723.83,7522.83,1.1188,2.21938,2.15739,-0.061995,60.0
1744879095650880.0,-7723.83,7522.83,1.1188,2.21938,2.12753,-0.0918558,60.0
1744879095671435.0,-7723.83,7522.83,1.1188,2.21938,2.33994,0.120557,60.0
1744879095692377.0,-7725.94,7525.57,1.12459,2.12753,2.21585,0.0883258,60.0
1744879095713131.0,-7725.94,7525.57,1.12459,2.12753,2.09722,-0.0303037,60.0
1744879095733807.0,-7727.64,7527.62,1.12906,2.21585,2.20081,-0.0150389,60.0
1744879095754497.0,-7727.64,7527.62,1.12906,2.21585,2.28429,0.0684384,60.0
1744879095775057.0,-7727.64,7527.62,1.12906,2.21585,2.29998,0.0841307,60.0
1744879095795815.0,-7729.33,7530.36,1.13434,2.28429,2.42231,0.138019,60.0
1744879095816569.0,-7729.33,7530.36,1.13434,2.28429,2.28864,0.00434724,60.0
1744879095837224.0,-7731.02,7533.09,1.13962,2.42231,2.47069,0.0483843,60.0
1744879095858167.0,-7731.02,7533.09,1.13962,2.42231,2.30218,-0.120131,60.0
1744879095878775.0,-7732.71,7535.14,1.14409,2.47069,2.32379,-0.146908,60.0
1744879095899596.0,-7732.71,7535.14,1.14409,2.47069,2.3406,-0.130097,60.0
1744879095920489.0,-7732.71,7535.14,1.14409,2.47069,2.38694,-0.0837541,60.0
1744879095941319.0,-7734.83,7537.88,1.14989,2.3406,2.23728,-0.103318,60.0
1744879095962000.0,-7734.83,7537.88,1.14989,2.3406,2.26512,-0.0754811,60.0
1744879095982549.0,-7736.52,7539.93,1.15437,2.23728,2.17506,-0.0622192,60.0
1744879096003184.0,-7736.52,7539.93,1.15437,2.23728,2.24354,0.00626377,60.0
1744879096023925.0,-7736.52,7539.93,1.15437,2.23728,2.08578,-0.151501,60.0
1744879096044667.0,-7738.21,7542.66,1.15966,2.24354,2.21345,-0.0300888,60.0
1744879096065242.0,-7738.21,7542.66,1.15966,2.24354,2.2902,0.0466605,60.0
1744879096086210.0,-7739.9,7544.71,1.16414,2.21345,2.08655,-0.126907,60.0
1744879096106995.0,-7739.9,7544.71,1.16414,2.21345,2.29999,0.0865404,60.0
1744879096127746.0,-7739.9,7544.71,1.16414,2.21345,2.23346,0.0200055,60.0
1744879096148687.0,-7742.02,7547.45,1.16994,2.29999,2.41963,0.119632,60.0
1744879096169047.0,-7742.02,7547.45,1.16994,2.29999,2.23517,-0.064828,60.0
1744879096189775.0,-7743.71,7549.5,1.17443,2.41963,2.27437,-0.145254,60.0
1744879096210705.0,-7743.71,7549.5,1.17443,2.41963,2.34964,-0.0699862,60.0
1744879096231200.0,-7745.4,7551.55,1.17891,2.34964,2.47471,0.12507,60.0
1744879096252144.0,-7745.4,7551.55,1.17891,2.34964,2.23345,-0.116186,60.0
1744879096272906.0,-7745.4,7551.55,1.17891,2.34964,2.30057,-0.0490734,60.0
1744879096293565.0,-7747.52,7554.29,1.18472,2.23345,2.15244,-0.0810126,60.0
1744879096314286.0,-7747.52,7554.29,1.18472,2.23345,2.37311,0.139657,60.0
1744879096334902.0,-7749.21,7556.34,1.18921,2.15244,2.18486,0.0324198,60.0
1744879096355757.0,-7749.21,7556.34,1.18921,2.15244,2.24274,0.0902954,60.0
1744879096376471.0,-7749.21,7556.34,1.18921,2.15244,2.15411,0.00166604,60.0
1744879096397248.0,-7751.32,7559.07,1.19502,2.24274,2.26139,0.01865,60.0
1744879096418278.0,-7751.32,7559.07,1.19502,2.24274,2.16554,-0.0771929,60.0
1744879096439208.0,-7753.02,7561.13,1.19951,2.26139,2.33753,0.0761462,60.0
1744879096459878.0,-7753.02,7561.13,1.19951,2.26139,2.20356,-0.0578258,60.0
1744879096480551.0,-7753.02,7561.13,1.19951,2.26139,2.17776,-0.0836283,60.0
1744879096501240.0,-7754.71,7563.86,1.20481,2.20356,2.24745,0.0438886,60.0
1744879096521881.0,-7754.71,7563.86,1.20481,2.20356,2.2565,0.0529421,60.0
1744879096542449.0,-7756.82,7565.91,1.20982,2.24745,2.16894,-0.0785134,60.0
1744879096563108.0,-7756.82,7565.91,1.20982,2.24745,2.36728,0.11983,60.0
1744879096583958.0,-7756.82,7565.91,1.20982,2.24745,2.12857,-0.118875,60.0
1744879096604558.0,-7758.52,7568.65,1.21512,2.36728,2.25898,-0.108303,60.0
1744879096625054.0,-7758.52,7568.65,1.21512,2.36728,2.25481,-0.112468,60.0
1744879096645775.0,-7760.63,7570.7,1.22014,2.25898,2.29914,0.0401686,60.0
1744879096666634.0,-7760.63,7570.7,1.22014,2.25898,2.12568,-0.133295,60.0
1744879096687334.0,-7762.32,7572.75,1.22463,2.29914,2.17824,-0.120904,60.0
1744879096707993.0,-7762.32,7572.75,1.22463,2.29914,2.16268,-0.136469,60.0
1744879096728727.0,-7762.32,7572.75,1.22463,2.29914,2.25655,-0.0425981,60.0
1744879096749447.0,-7764.01,7575.49,1.22994,2.16268,2.06122,-0.101452,60.0
1744879096770266.0,-7764.01,7575.49,1.22994,2.16268,2.24596,0.0832832,60.0
1744879096790964.0,-7766.13,7577.54,1.23495,2.06122,2.15567,0.0944436,60.0
1744879096811529.0,-7766.13,7577.54,1.23495,2.06122,2.16337,0.102146,60.0
1744879096832317.0,-7766.13,7577.54,1.23495,2.06122,2.16625,0.105029,60.0
1744879096852993.0,-7767.82,7580.27,1.24026,2.16337,2.20262,0.0392484,60.0
1744879096873627.0,-7767.82,7580.27,1.24026,2.16337,2.19414,0.0307729,60.0
1744879096894633.0,-7769.51,7582.32,1.24477,2.20262,2.32051,0.117888,60.0
1744879096915158.0,-7769.51,7582.32,1.24477,2.20262,2.26631,0.0636963,60.0
1744879096935927.0,-7769.51,7582.32,1.24477,2.20262,2.1955,-0.00712077,60.0
1744879096956382.0,-7771.63,7585.06,1.2506,2.26631,2.21456,-0.0517511,60.0
1744879096977220.0,-7771.63,7585.06,1.2506,2.26631,2.21664,-0.049674,60.0
1744879096998032.0,-7773.32,7587.11,1.2551,2.21456,2.34753,0.132972,60.0
1744879097018817.0,-7773.32,7587.11,1.2551,2.21456,2.30048,0.0859192,60.0
1744879097039530.0,-7773.32,7587.11,1.2551,2.21456,2.22239,0.00782893,60.0
1744879097060175.0,-7775.44,7589.85,1.26093,2.30048,2.23673,-0.0637471,60.0
1744879097080799.0,-7775.44,7589.85,1.26093,2.30048,2.30383,0.003352,60.0
1744879097101501.0,-7777.13,7591.9,1.26544,2.23673,2.30277,0.0660377,60.0
1744879097122163.0,-7777.13,7591.9,1.26544,2.23673,2.38569,0.148956,60.0
1744879097142821.0,-7778.82,7594.63,1.27076,2.30277,2.30551,0.00274046,60.0
1744879097163483.0,-7778.82,7594.63,1.27076,2.30277,2.20447,-0.0983059,60.0
1744879097184327.0,-7778.82,7594.63,1.27076,2.30277,2.19526,-0.107511,60.0
1744879097205223.0,-7780.94,7596.68,1.27579,2.20447,2.22673,0.0222619,60.0
1744879097225925.0,-7780.94,7596.68,1.27579,2.20447,2.21955,0.0150814,60.0
1744879097246649.0,-7782.63,7599.42,1.28111,2.22673,2.16503,-0.0617013,60.0
1744879097267340.0,-7782.63,7599.42,1.28111,2.22673,2.19254,-0.0341912,60.0
1744879097288035.0,-7782.63,7599.42,1.28111,2.22673,2.16272,-0.064012,60.0
1744879097308652.0,-7784.32,7601.47,1.28562,2.19254,2.20331,0.0107703,60.0
1744879097329470.0,-7784.32,7601.47,1.28562,2.19254,2.21121,0.0186743,60.0
1744879097350191.0,-7786.44,7603.52,1.29065,2.20331,2.14664,-0.0566705,60.0
1744879097370710.0,-7786.44,7603.52,1.29065,2.20331,2.29196,0.0886567,60.0
1744879097391720.0,-7786.44,7603.52,1.29065,2.20331,2.09487,-0.108435,60.0
1744879097412781.0,-7788.13,7606.26,1.29598,2.29196,2.29597,0.00400729,60.0
1744879097433221.0,-7788.13,7606.26,1.29598,2.29196,2.3747,0.0827323,60.0
1744879097454112.0,-7789.82,7608.31,1.30049,2.29597,2.15982,-0.136153,60.0
1744879097474743.0,-7789.82,7608.31,1.30049,2.29597,2.3733,0.0773242,60.0
1744879097495497.0,-7789.82,7608.31,1.30049,2.29597,2.1935,-0.102475,60.0
1744879097516339.0,-7791.93,7611.04,1.30634,2.3733,2.29551,-0.0777889,60.0
1744879097536713.0,-7791.93,7611.04,1.30634,2.3733,2.25058,-0.122719,60.0
1744879097557579.0,-7793.63,7613.1,1.31086,2.29551,2.26885,-0.0266539,60.0
1744879097578252.0,-7793.63,7613.1,1.31086,2.29551,2.33657,0.0410612,60.0
1744879097598931.0,-7795.74,7615.83,1.31671,2.26885,2.11828,-0.15057,60.0
1744879097619642.0,-7795.74,7615.83,1.31671,2.26885,2.11319,-0.155667,60.0
1744879097640421.0,-7795.74,7615.83,1.31671,2.26885,2.15063,-0.118228,60.0
1744879097661024.0,-7797.43,7617.88,1.32123,2.11319,2.20904,0.0958565,60.0
1744879097681828.0,-7797.43,7617.88,1.32123,2.11319,2.10593,-0.00725692,60.0
1744879097702421.0,-7799.55,7619.93,1.32627,2.20904,2.23166,0.022622,60.0
1744879097723051.0,-7799.55,7619.93,1.32627,2.20904,2.15743,-0.0516153,60.0
1744879097743728.0,-7799.55,7619.93,1.32627,2.20904,2.12955,-0.0794915,60.0
1744879097764339.0,-7801.24,7622.67,1.33161,2.15743,2.17912,0.0216899,60.0
1744879097785438.0,-7801.24,7622.67,1.33161,2.15743,2.17341,0.0159786,60.0
1744879097806044.0,-7802.93,7624.72,1.33613,2.17912,2.17599,-0.00312283,60.0
1744879097826906.0,-7802.93,7624.72,1.33613,2.17912,2.19356,0.0144393,60.0
1744879097847748.0,-7802.93,7624.72,1.33613,2.17912,2.28146,0.102345,60.0
1744879097868691.0,-7805.05,7627.46,1.34199,2.19356,2.16355,-0.0300115,60.0
1744879097889535.0,-7805.05,7627.46,1.34199,2.19356,2.2599,0.0663414,60.0
1744879097910246.0,-7806.74,7629.51,1.34652,2.16355,2.00862,-0.154922,60.0
1744879097931122.0,-7806.74,7629.51,1.34652,2.16355,2.28861,0.12506,60.0
1744879097951886.0,-7808.43,7632.24,1.35186,2.00862,2.08144,0.0728203,60.0
1744879097972469.0,-7808.43,7632.24,1.35186,2.00862,2.12102,0.112399,60.0
1744879097993270.0,-7808.43,7632.24,1.35186,2.00862,2.08309,0.0744694,60.0
1744879098013763.0,-7810.55,7634.29,1.35691,2.12102,2.13435,0.0133227,60.0
1744879098034533.0,-7810.55,7634.29,1.35691,2.12102,2.22532,0.104295,60.0
1744879098054985.0,-7812.24,7637.03,1.36226,2.13435,2.23444,0.100092,60.0
1744879098075932.0,-7812.24,7637.03,1.36226,2.13435,2.05095,-0.0833993,60.0
1744879098097076.0,-7812.24,7637.03,1.36226,2.13435,2.24967,0.115329,60.0
1744879098118154.0,-7813.93,7639.08,1.36679,2.05095,2.20179,0.150846,60.0
1744879098138790.0,-7813.93,7639.08,1.36679,2.05095,2.14026,0.0893157,60.0
1744879098159595.0,-7815.62,7641.82,1.37214,2.20179,2.33235,0.130557,60.0
1744879098180304.0,-7815.62,7641.82,1.37214,2.20179,2.17729,-0.0245075,60.0
1744879098200980.0,-7815.62,7641.82,1.37214,2.20179,2.18422,-0.0175694,60.0
1744879098221571.0,-7817.31,7643.87,1.37667,2.17729,2.25941,0.0821234,60.0
1744879098242136.0,-7817.31,7643.87,1.37667,2.17729,2.29447,0.117188,60.0
1744879098262846.0,-7819.43,7646.6,1.38255,2.25941,2.26052,0.00111509,60.0
1744879098283792.0,-7819.43,7646.6,1.38255,2.25941,2.18383,-0.0755789,60.0
1744879098304598.0,-7819.43,7646.6,1.38255,2.25941,2.24951,-0.00990172,60.0
1744879098325390.0,-7821.12,7649.34,1.3879,2.18383,2.19701,0.0131825,60.0
1744879098345968.0,-7821.12,7649.34,1.3879,2.18383,2.17102,-0.0128048,60.0
1744879098366467.0,-7822.81,7651.39,1.39244,2.19701,2.31092,0.113904,60.0
1744879098387486.0,-7822.81,7651.39,1.39244,2.19701,2.11979,-0.0772181,60.0
1744879098408100.0,-7824.5,7654.12,1.39779,2.31092,2.16211,-0.148806,60.0
1744879098428928.0,-7824.5,7654.12,1.39779,2.31092,2.30226,-0.00865704,60.0
1744879098449592.0,-7824.5,7654.12,1.39779,2.31092,2.25976,-0.0511585,60.0
1744879098470393.0,-7826.2,7656.18,1.40233,2.30226,2.36933,0.0670736,60.0
1744879098491067.0,-7826.2,7656.18,1.40233,2.30226,2.26027,-0.0419837,60.0
1744879098511763.0,-7828.31,7658.91,1.40822,2.36933,2.32636,-0.0429739,60.0
1744879098532360.0,-7828.31,7658.91,1.40822,2.36933,2.3794,0.0100684,60.0
1744879098553052.0,-7828.31,7658.91,1.40822,2.36933,2.24959,-0.119741,60.0
1744879098573678.0,-7830.0,7660.96,1.41276,2.3794,2.30998,-0.0694192,60.0
1744879098594342.0,-7830.0,7660.96,1.41276,2.3794,2.27863,-0.100775,60.0
1744879098615071.0,-7831.7,7663.7,1.41812,2.30998,2.23136,-0.0786249,60.0
1744879098635749.0,-7831.7,7663.7,1.41812,2.30998,2.29387,-0.0161107,60.0
1744879098656477.0,-7831.7,7663.7,1.41812,2.30998,2.27789,-0.0320863,60.0
1744879098677132.0,-7833.81,7665.75,1.42319,2.29387,2.13192,-0.161947,60.0
1744879098697877.0,-7833.81,7665.75,1.42319,2.29387,2.30834,0.0144737,60.0
1744879098718608.0,-7835.5,7667.8,1.42773,2.13192,2.23252,0.100597,60.0
1744879098739303.0,-7835.5,7667.8,1.42773,2.13192,2.09101,-0.0409117,60.0
1744879098759995.0,-7835.5,7667.8,1.42773,2.13192,2.18673,0.0548095,60.0
1744879098780718.0,-7837.2,7670.54,1.4331,2.09101,2.23438,0.143363,60.0
1744879098801387.0,-7837.2,7670.54,1.4331,2.09101,2.08944,-0.00157476,60.0
1744879098822157.0,-7839.31,7672.59,1.43817,2.23438,2.22005,-0.0143289,60.0
1744879098842962.0,-7839.31,7672.59,1.43817,2.23438,2.19089,-0.043488,60.0
1744879098863836.0,-7841.0,7675.32,1.44354,2.22005,2.21666,-0.00338311,60.0
1744879098884232.0,-7841.0,7675.32,1.44354,2.22005,2.21081,-0.00923901,60.0
1744879098905175.0,-7841.0,7675.32,1.44354,2.22005,2.24372,0.0236729,60.0
1744879098926229.0,-7842.69,7677.37,1.44809,2.21081,2.20868,-0.00212498,60.0
1744879098946608.0,-7842.69,7677.37,1.44809,2.21081,2.22266,0.0118546,60.0
1744879098967292.0,-7844.81,7680.11,1.45399,2.20868,2.16751,-0.0411711,60.0
1744879098988069.0,-7844.81,7680.11,1.45399,2.20868,2.22296,0.0142727,60.0
1744879099009006.0,-7844.81,7680.11,1.45399,2.20868,2.20535,-0.0033286,60.0
1744879099029387.0,-7846.5,7682.16,1.45854,2.22296,2.27309,0.0501332,60.0
1744879099050333.0,-7846.5,7682.16,1.45854,2.22296,2.22109,-0.00186062,60.0
1744879099070717.0,-7848.19,7684.9,1.46392,2.27309,2.12062,-0.152463,60.0
1744879099091366.0,-7848.19,7684.9,1.46392,2.27309,2.41871,0.145621,60.0
1744879099112479.0,-7848.19,7684.9,1.46392,2.27309,2.2606,-0.0124912,60.0
1744879099133033.0,-7850.31,7686.95,1.469,2.41871,2.31546,-0.103254,60.0
1744879099153841.0,-7850.31,7686.95,1.469,2.41871,2.28744,-0.131275,60.0
1744879099174425.0,-7852.0,7689.68,0.47438,2.31546,2.42365,0.108199,60.0
1744879099194902.0,-7852.0,7689.68,0.47438,2.31546,2.35871,0.0432523,60.0
1744879099215821.0,-7852.0,7689.68,0.47438,2.31546,2.34643,0.0309749,60.0
1744879099236597.0,-7853.69,7691.73,0.478939,2.35871,2.20724,-0.151466,60.0
1744879099257376.0,-7853.69,7691.73,0.478939,2.35871,2.51819,0.159486,60.0
1744879099278217.0,-7855.81,7694.47,0.484844,2.20724,2.30135,0.094109,60.0
1744879099298798.0,-7855.81,7694.47,0.484844,2.20724,2.08841,-0.118827,60.0
1744879099319685.0,-7857.5,7696.52,0.489406,2.30135,2.42598,0.124629,60.0
1744879099340369.0,-7857.5,7696.52,0.489406,2.30135,2.1954,-0.105947,60.0
1744879099360950.0,-7857.5,7696.52,0.489406,2.30135,2.16298,-0.138371,60.0
1744879099381749.0,-7859.62,7699.26,0.495315,2.1954,2.30476,0.109357,60.0
1744879099403005.0,-7859.62,7699.26,0.495315,2.1954,2.30644,0.111041,60.0
1744879099423972.0,-7861.31,7701.31,0.499879,2.30476,2.35251,0.0477545,60.0
1744879099444708.0,-7861.31,7701.31,0.499879,2.30476,2.15015,-0.154607,60.0
1744879099465503.0,-7861.31,7701.31,0.499879,2.30476,2.18455,-0.120209,60.0
1744879099486276.0,-7863.0,7703.36,0.504444,2.15015,2.28541,0.135254,60.0
1744879099506848.0,-7863.0,7703.36,0.504444,2.15015,2.07,-0.0801526,60.0
1744879099527608.0,-7865.12,7706.1,0.510357,2.28541,2.13138,-0.154032,60.0
1744879099548483.0,-7865.12,7706.1,0.510357,2.28541,2.24522,-0.0401901,60.0
1744879099569026.0,-7865.12,7706.1,0.510357,2.28541,2.43698,0.151578,60.0
1744879099589905.0,-7866.81,7708.15,0.514925,2.24522,2.1797,-0.0655143,60.0
1744879099611205.0,-7866.81,7708.15,0.514925,2.24522,2.26877,0.023557,60.0
1744879099631935.0,-7868.92,7710.88,0.520842,2.1797,2.2388,0.0591022,60.0
1744879099652592.0,-7868.92,7710.88,0.520842,2.1797,2.2256,0.0458944,60.0
1744879099673342.0,-7870.61,7712.93,0.525412,2.2388,2.19629,-0.0425157,60.0
1744879099693995.0,-7870.61,7712.93,0.525412,2.2388,2.33023,0.0914258,60.0
1744879099714345.0,-7870.61,7712.93,0.525412,2.2388,2.14995,-0.0888591,60.0
1744879099735195.0,-7872.31,7715.67,0.530808,2.33023,2.21102,-0.119207,60.0
1744879099755744.0,-7872.31,7715.67,0.530808,2.33023,2.27829,-0.0519443,60.0
1744879099776532.0,-7874.42,7717.72,0.535905,2.21102,2.17074,-0.0402862,60.0
1744879099797262.0,-7874.42,7717.72,0.535905,2.21102,2.17235,-0.0386701,60.0
1744879099817952.0,-7874.42,7717.72,0.535905,2.21102,2.27332,0.0623011,60.0
1744879099838719.0,-7876.11,7719.77,0.540479,2.17235,2.08341,-0.0889458,60.0
1744879099859677.0,-7876.11,7719.77,0.540479,2.17235,2.27007,0.0977121,60.0
1744879099880393.0,-7878.23,7722.51,0.546404,2.08341,2.08859,0.00518575,60.0
1744879099901363.0,-7878.23,7722.51,0.546404,2.08341,2.11449,0.0310793,60.0
1744879099922241.0,-7878.23,7722.51,0.546404,2.08341,2.21832,0.134911,60.0
1744879099942854.0,-7879.92,7724.56,0.550981,2.11449,2.23042,0.11593,60.0
1744879099963691.0,-7879.92,7724.56,0.550981,2.11449,2.13787,0.0233871,60.0
1744879099984513.0,-7881.61,7727.29,0.556384,2.23042,2.32328,0.092861,60.0
1744879100004860.0,-7881.61,7727.29,0.556384,2.23042,2.24297,0.012553,60.0
1744879100025774.0,-7881.61,7727.29,0.556384,2.23042,2.20386,-0.0265572,60.0
1744879100046583.0,-7883.73,7729.35,0.561488,2.24297,2.17208,-0.0708922,60.0
1744879100067230.0,-7883.73,7729.35,0.561488,2.24297,2.33972,0.096748,60.0
1744879100088025.0,-7885.42,7732.08,0.566894,2.17208,2.30015,0.128071,60.0
1744879100108681.0,-7885.42,7732.08,0.566894,2.17208,2.27504,0.102962,60.0
1744879100129213.0,-7887.11,7734.13,0.571476,2.30015,2.13965,-0.160503,60.0
1744879100149798.0,-7887.11,7734.13,0.571476,2.30015,2.25036,-0.0497907,60.0
1744879100170498.0,-7887.11,7734.13,0.571476,2.30015,2.24381,-0.0563404,60.0
1744879100191082.0,-7889.23,7736.87,0.57741,2.25036,2.18183,-0.0685302,60.0
1744879100212042.0,-7889.23,7736.87,0.57741,2.25036,2.34607,0.0957104,60.0
1744879100232719.0,-7890.92,7738.92,0.581994,2.18183,2.2318,0.0499722,60.0
1744879100253312.0,-7890.92,7738.92,0.581994,2.18183,2.16451,-0.0173143,60.0
1744879100274176.0,-7890.92,7738.92,0.581994,2.18183,2.27208,0.0902479,60.0
1744879100294724.0,-7892.61,7741.65,0.587407,2.16451,2.24304,0.0785296,60.0
1744879100315488.0,-7892.61,7741.65,0.587407,2.16451,2.0575,-0.107012,60.0
1744879100336279.0,-7894.73,7743.71,0.592519,2.24304,2.10563,-0.137414,60.0
1744879100357005.0,-7894.73,7743.71,0.592519,2.24304,2.21212,-0.0309211,60.0
1744879100377787.0,-7894.73,7743.71,0.592519,2.24304,2.34536,0.102316,60.0
1744879100398676.0,-7896.42,7746.44,0.597934,2.21212,2.20624,-0.00588085,60.0
1744879100419401.0,-7896.42,7746.44,0.597934,2.21212,2.10527,-0.106852,60.0
1744879100440131.0,-7898.11,7748.49,0.602523,2.20624,2.26261,0.0563666,60.0
1744879100460810.0,-7898.11,7748.49,0.602523,2.20624,2.21602,0.00977878,60.0
1744879100481274.0,-7898.11,7748.49,0.602523,2.20624,2.23457,0.0283317,60.0
1744879100502072.0,-7899.8,7751.23,0.607942,2.21602,2.16383,-0.0521868,60.0
1744879100522805.0,-7899.8,7751.23,0.607942,2.21602,2.17862,-0.0374042,60.0
1744879100543491.0,-7901.92,7753.28,0.613059,2.16383,2.14346,-0.0203784,60.0
1744879100564163.0,-7901.92,7753.28,0.613059,2.16383,2.10162,-0.0622172,60.0
1744879100584777.0,-7903.61,7756.01,0.618481,2.14346,2.05826,-0.0851974,60.0
1744879100605661.0,-7903.61,7756.01,0.618481,2.14346,2.08072,-0.0627313,60.0
1744879100626234.0,-7903.61,7756.01,0.618481,2.14346,2.1871,0.0436414,60.0
1744879100647079.0,-7905.3,7758.07,0.623075,2.08072,2.14609,0.0653628,60.0
1744879100667798.0,-7905.3,7758.07,0.623075,2.08072,2.16909,0.0883701,60.0
1744879100688159.0,-7906.99,7760.8,0.628499,2.14609,2.20575,0.059665,60.0
1744879100709035.0,-7906.99,7760.8,0.628499,2.14609,2.13576,-0.0103247,60.0
1744879100729718.0,-7906.99,7760.8,0.628499,2.14609,2.17666,0.0305739,60.0
1744879100750173.0,-7909.11,7762.85,0.633622,2.13576,2.22731,0.0915516,60.0
1744879100770973.0,-7909.11,7762.85,0.633622,2.13576,2.25207,0.116311,60.0
1744879100791962.0,-7910.8,7765.59,0.63905,2.22731,2.16686,-0.0604498,60.0
1744879100812458.0,-7910.8,7765.59,0.63905,2.22731,2.27487,0.0475549,60.0
1744879100832956.0,-7910.8,7765.59,0.63905,2.22731,2.26449,0.0371737,60.0
1744879100853751.0,-7912.49,7767.64,0.643649,2.27487,2.2928,0.0179282,60.0
1744879100874202.0,-7912.49,7767.64,0.643649,2.27487,2.17631,-0.0985576,60.0
1744879100895161.0,-7914.18,7770.37,0.649079,2.2928,2.18489,-0.10791,60.0
1744879100915706.0,-7914.18,7770.37,0.649079,2.2928,2.26837,-0.0244259,60.0
1744879100936300.0,-7914.18,7770.37,0.649079,2.2928,2.15057,-0.142225,60.0
1744879100957076.0,-7916.3,7772.43,0.654208,2.26837,2.15722,-0.111154,60.0
1744879100977977.0,-7916.3,7772.43,0.654208,2.26837,2.22511,-0.0432612,60.0
1744879100998675.0,-7917.99,7775.16,0.659641,2.15722,2.12872,-0.0284946,60.0
1744879101019372.0,-7917.99,7775.16,0.659641,2.15722,2.135,-0.022218,60.0
1744879101040222.0,-7919.68,7777.21,0.664245,2.12872,2.11041,-0.0183134,60.0
1744879101060936.0,-7919.68,7777.21,0.664245,2.12872,2.25705,0.128328,60.0
1744879101081737.0,-7919.68,7777.21,0.664245,2.12872,2.19931,0.0705897,60.0
1744879101102278.0,-7921.37,7779.95,0.669681,2.25705,2.25677,-0.000284212,60.0
1744879101122991.0,-7921.37,7779.95,0.669681,2.25705,2.22093,-0.0361252,60.0
1744879101143967.0,-7923.07,7782.0,0.674288,2.25677,2.2965,0.0397371,60.0
1744879101164337.0,-7923.07,7782.0,0.674288,2.25677,2.2691,0.012331,60.0
1744879101185302.0,-7923.07,7782.0,0.674288,2.25677,2.1516,-0.105167,60.0
1744879101205964.0,-7925.18,7784.73,0.680255,2.2691,2.33525,0.0661512,60.0
1744879101226603.0,-7925.18,7784.73,0.680255,2.2691,2.12393,-0.145167,60.0
1744879101247402.0,-7926.87,7786.79,0.684864,2.33525,2.27195,-0.0633011,60.0
1744879101268285.0,-7926.87,7786.79,0.684864,2.33525,2.26608,-0.0691708,60.0
1744879101289020.0,-7926.87,7786.79,0.684864,2.33525,2.37645,0.0412038,60.0
1744879101309696.0,-7928.56,7789.52,0.690306,2.26608,2.24654,-0.0195355,60.0
1744879101330671.0,-7928.56,7789.52,0.690306,2.26608,2.30208,0.0359981,60.0
1744879101351114.0,-7930.68,7791.57,0.695446,2.24654,2.1239,-0.122639,60.0
1744879101371999.0,-7930.68,7791.57,0.695446,2.24654,2.24606,-0.000485404,60.0
1744879101392413.0,-7930.68,7791.57,0.695446,2.24654,2.29749,0.0509467,60.0
1744879101413808.0,-7932.37,7794.31,0.700891,2.24606,2.12311,-0.12295,60.0
1744879101434541.0,-7932.37,7794.31,0.700891,2.24606,2.10549,-0.140572,60.0
1744879101455189.0,-7934.06,7796.36,0.705505,2.12311,2.21315,0.0900421,60.0
1744879101476156.0,-7934.06,7796.36,0.705505,2.12311,2.22619,0.103083,60.0
1744879101496841.0,-7936.18,7799.09,0.711482,2.21315,2.21996,0.00681041,60.0
1744879101517555.0,-7936.18,7799.09,0.711482,2.21315,2.11577,-0.097384,60.0
1744879101538335.0,-7936.18,7799.09,0.711482,2.21315,2.12764,-0.0855106,60.0
1744879101559085.0,-7937.87,7801.15,0.716099,2.11577,2.24844,0.132678,60.0
1744879101579818.0,-7937.87,7801.15,0.716099,2.11577,2.23389,0.118129,60.0
1744879101600353.0,-7939.56,7803.88,0.72155,2.24844,2.11259,-0.135857,60.0
1744879101620997.0,-7939.56,7803.88,0.72155,2.24844,2.25221,0.00376485,60.0
1744879101641762.0,-7939.56,7803.88,0.72155,2.24844,2.32652,0.0780753,60.0
1744879101662711.0,-7941.25,7805.93,0.726169,2.25221,2.32421,0.0719977,60.0
1744879101683358.0,-7941.25,7805.93,0.726169,2.25221,2.12079,-0.131418,60.0
1744879101703864.0,-7943.37,7808.67,0.732153,2.32421,2.34902,0.0248158,60.0
1744879101724700.0,-7943.37,7808.67,0.732153,2.32421,2.23954,-0.084662,60.0
1744879101745363.0,-7943.37,7808.67,0.732153,2.32421,2.23956,-0.0846429,60.0
1744879101766364.0,-7945.06,7810.72,0.736774,2.23954,2.22373,-0.0158097,60.0
1744879101786894.0,-7945.06,7810.72,0.736774,2.23954,2.1005,-0.139048,60.0
1744879101807630.0,-7946.75,7813.45,0.742231,2.22373,2.21186,-0.0118704,60.0
1744879101828022.0,-7946.75,7813.45,0.742231,2.22373,2.20389,-0.0198395,60.0
1744879101848999.0,-7946.75,7813.45,0.742231,2.22373,2.21349,-0.0102388,60.0
1744879101869666.0,-7948.87,7815.51,0.747385,2.20389,2.24776,0.0438704,60.0
1744879101890416.0,-7948.87,7815.51,0.747385,2.20389,2.22981,0.0259187,60.0
1744879101911827.0,-7950.56,7818.24,0.752845,2.24776,2.34399,0.0962264,60.0
1744879101932218.0,-7950.56,7818.24,0.752845,2.24776,2.22989,-0.0178766,60.0
1744879101952972.0,-7952.25,7820.29,0.757472,2.34399,2.41711,0.0731146,60.0
1744879101973762.0,-7952.25,7820.29,0.757472,2.34399,2.24714,-0.0968469,60.0
1744879101994741.0,-7952.25,7820.29,0.757472,2.34399,2.29267,-0.051322,60.0
1744879102015554.0,-7954.37,7823.03,0.763465,2.24714,2.27782,0.0306789,60.0
1744879102036140.0,-7954.37,7823.03,0.763465,2.24714,2.17292,-0.0742249,60.0
1744879102056763.0,-7956.06,7825.08,0.768094,2.27782,2.22243,-0.0553902,60.0
1744879102077373.0,-7956.06,7825.08,0.768094,2.27782,2.17742,-0.100407,60.0
1744879102098106.0,-7956.06,7825.08,0.768094,2.27782,2.25614,-0.0216808,60.0
1744879102118773.0,-7957.75,7827.81,0.773561,2.17742,2.27266,0.0952492,60.0
1744879102139479.0,-7957.75,7827.81,0.773561,2.17742,2.16892,-0.00850024,60.0
1744879102160195.0,-7959.87,7829.87,0.778722,2.27266,2.13468,-0.137988,60.0
1744879102180908.0,-7959.87,7829.87,0.778722,2.27266,2.2272,-0.0454606,60.0
1744879102201649.0,-7959.87,7829.87,0.778722,2.27266,2.2128,-0.0598686,60.0
1744879102222465.0,-7961.56,7832.6,0.784192,2.2272,2.30961,0.082407,60.0
1744879102243191.0,-7961.56,7832.6,0.784192,2.2272,2.3339,0.106697,60.0
1744879102264378.0,-7963.25,7834.65,0.788826,2.30961,2.32427,0.0146627,60.0
1744879102284759.0,-7963.25,7834.65,0.788826,2.30961,2.22318,-0.0864273,60.0
1744879102305986.0,-7963.25,7834.65,0.788826,2.30961,2.23558,-0.0740318,60.0
1744879102326960.0,-7965.36,7837.39,0.794829,2.22318,2.18654,-0.0366463,60.0
1744879102347602.0,-7965.36,7837.39,0.794829,2.22318,2.32797,0.104789,60.0
1744879102368261.0,-7967.06,7839.44,0.799466,2.18654,2.2938,0.107259,60.0
1744879102389093.0,-7967.06,7839.44,0.799466,2.18654,2.31187,0.12533,60.0
1744879102409666.0,-7968.75,7841.49,0.804103,2.2938,2.39782,0.104024,60.0
1744879102430402.0,-7968.75,7841.49,0.804103,2.2938,2.21565,-0.0781486,60.0
1744879102451522.0,-7968.75,7841.49,0.804103,2.2938,2.2855,-0.00829243,60.0
1744879102472074.0,-7970.86,7844.23,0.810111,2.21565,2.31653,0.10088,60.0
1744879102492749.0,-7970.86,7844.23,0.810111,2.21565,2.1786,-0.0370504,60.0
1744879102513462.0,-7972.56,7846.28,0.814751,2.31653,2.30609,-0.0104359,60.0
1744879102534252.0,-7972.56,7846.28,0.814751,2.31653,2.16714,-0.149393,60.0
1744879102554959.0,-7972.56,7846.28,0.814751,2.31653,2.22624,-0.0902865,60.0
1744879102575683.0,-7974.67,7849.01,0.820763,2.16714,2.21619,0.0490506,60.0
1744879102596420.0,-7974.67,7849.01,0.820763,2.16714,2.24241,0.0752723,60.0
1744879102617339.0,-7976.36,7851.07,0.825405,2.21619,2.27662,0.060433,60.0
1744879102638082.0,-7976.36,7851.07,0.825405,2.21619,2.11026,-0.105931,60.0
1744879102658754.0,-7976.36,7851.07,0.825405,2.21619,2.24643,0.0302396,60.0
1744879102679415.0,-7978.05,7853.8,0.830888,2.11026,2.27031,0.160059,60.0
1744879102700280.0,-7978.05,7853.8,0.830888,2.11026,2.12622,0.0159671,60.0
1744879102721002.0,-7980.17,7855.85,0.836065,2.27031,2.21808,-0.0522343,60.0
1744879102741795.0,-7980.17,7855.85,0.836065,2.27031,2.28945,0.0191358,60.0
1744879102762370.0,-7980.17,7855.85,0.836065,2.27031,2.12536,-0.144955,60.0
1744879102783263.0,-7981.86,7858.59,0.841551,2.28945,2.17487,-0.114576,60.0
1744879102803898.0,-7981.86,7858.59,0.841551,2.28945,2.34043,0.0509785,60.0
1744879102824753.0,-7983.55,7860.64,0.846199,2.17487,2.12172,-0.0531526,60.0
1744879102845377.0,-7983.55,7860.64,0.846199,2.17487,2.15472,-0.0201541,60.0
1744879102866120.0,-7985.67,7863.37,0.85222,2.12172,2.25398,0.132261,60.0
1744879102886967.0,-7985.67,7863.37,0.85222,2.12172,2.18467,0.062943,60.0
1744879102907574.0,-7985.67,7863.37,0.85222,2.12172,2.09117,-0.0305491,60.0
1744879102928436.0,-7987.36,7865.43,0.85687,2.18467,2.29587,0.111202,60.0
1744879102949099.0,-7987.36,7865.43,0.85687,2.18467,2.30548,0.12082,60.0
1744879102969652.0,-7989.05,7868.16,0.862363,2.29587,2.2171,-0.0787638,60.0
1744879102990596.0,-7989.05,7868.16,0.862363,2.29587,2.23907,-0.056796,60.0
1744879103011299.0,-7989.05,7868.16,0.862363,2.29587,2.42887,0.133001,60.0
1744879103031896.0,-7991.17,7870.21,0.867548,2.23907,2.18152,-0.0575558,60.0
1744879103052484.0,-7991.17,7870.21,0.867548,2.23907,2.14951,-0.08956,60.0
1744879103073295.0,-7992.86,7872.26,0.872202,2.18152,2.19005,0.00853691,60.0
1744879103094431.0,-7992.86,7872.26,0.872202,2.18152,2.30859,0.127071,60.0
1744879103114943.0,-7992.86,7872.26,0.872202,2.18152,2.18884,0.00732057,60.0
1744879103135699.0,-7994.55,7875.0,0.877698,2.30859,2.17949,-0.129099,60.0
1744879103156415.0,-7994.55,7875.0,0.877698,2.30859,2.2794,-0.0291824,60.0
1744879103177030.0,-7996.67,7877.05,0.882887,2.17949,2.33017,0.150683,60.0
1744879103197710.0,-7996.67,7877.05,0.882887,2.17949,2.16367,-0.015812,60.0
1744879103218377.0,-7996.67,7877.05,0.882887,2.17949,2.15474,-0.0247507,60.0
1744879103239068.0,-7998.36,7879.79,0.888387,2.16367,2.18215,0.0184721,60.0
1744879103259806.0,-7998.36,7879.79,0.888387,2.16367,2.17004,0.00636193,60.0
1744879103280513.0,-8000.05,7881.84,0.893046,2.18215,2.33919,0.157038,60.0
1744879103301154.0,-8000.05,7881.84,0.893046,2.18215,2.16184,-0.0203024,60.0
1744879103321827.0,-8002.17,7884.57,0.899081,2.33919,2.17782,-0.161367,60.0
1744879103342530.0,-8002.17,7884.57,0.899081,2.33919,2.3388,-0.000389007,60.0
1744879103363242.0,-8002.17,7884.57,0.899081,2.33919,2.35195,0.0127622,60.0
1744879103383878.0,-8003.86,7886.63,0.903743,2.3388,2.18294,-0.155855,60.0
1744879103404949.0,-8003.86,7886.63,0.903743,2.3388,2.2499,-0.0888984,60.0
1744879103425684.0,-8005.55,7889.36,0.909248,2.18294,2.12291,-0.0600348,60.0
1744879103446907.0,-8005.55,7889.36,0.909248,2.18294,2.12162,-0.061325,60.0
1744879103467353.0,-8005.55,7889.36,0.909248,2.18294,2.30971,0.126766,60.0
1744879103487972.0,-8007.66,7891.41,0.914446,2.12162,2.14193,0.0203141,60.0
1744879103508585.0,-8007.66,7891.41,0.914446,2.12162,2.28319,0.161571,60.0
1744879103529291.0,-8009.36,7894.15,0.919954,2.14193,2.2477,0.105774,60.0
1744879103550026.0,-8009.36,7894.15,0.919954,2.14193,2.14602,0.00409276,60.0
1744879103570988.0,-8009.36,7894.15,0.919954,2.14193,2.18623,0.0442988,60.0
1744879103591559.0,-8011.05,7896.2,0.924621,2.14602,2.09091,-0.0551095,60.0
1744879103612173.0,-8011.05,7896.2,0.924621,2.14602,2.20154,0.0555215,60.0
1744879103632828.0,-8012.74,7898.93,0.930132,2.09091,2.10888,0.0179623,60.0
1744879103653366.0,-8012.74,7898.93,0.930132,2.09091,2.16855,0.0776351,60.0
1744879103674528.0,-8012.74,7898.93,0.930132,2.09091,2.19541,0.104493,60.0
1744879103695013.0,-8014.86,7900.99,0.935335,2.16855,2.06751,-0.101039,60.0
1744879103715547.0,-8014.86,7900.99,0.935335,2.16855,2.19232,0.0237708,60.0
1744879103736270.0,-8016.55,7903.72,0.94085,2.06751,1.98653,-0.0809846,60.0
1744879103757140.0,-8016.55,7903.72,0.94085,2.06751,2.07145,0.00393889,60.0
1744879103777717.0,-8018.24,7905.77,0.945521,1.98653,2.09174,0.105218,60.0
1744879103798584.0,-8018.24,7905.77,0.945521,1.98653,2.02056,0.0340382,60.0
1744879103818991.0,-8018.24,7905.77,0.945521,1.98653,2.11959,0.133064,60.0
1744879103839849.0,-8019.93,7908.51,0.951039,2.02056,1.99115,-0.0294171,60.0
