time,x_state,y_state,z_state,psi_state,mpc_cmd_psi,mpc_cmd_omega,mpc_cmd_vel
1744878805387300.0,453.676,-1355.8,0.160048,0.0,6.14323,-0.139956,60.0
1744878805406756.0,453.676,-1355.8,0.160048,0.0,0.0589202,0.0589202,60.0
1744878805427879.0,453.676,-1355.8,0.160048,0.0,6.19754,-0.0856489,60.0
1744878805448322.0,453.676,-1355.8,0.160048,0.0,6.12488,-0.158309,60.0
1744878805468818.0,453.676,-1355.8,0.160048,0.0,6.18095,-0.102235,60.0
1744878805489450.0,453.676,-1355.8,0.160048,0.0,0.0844556,0.0844556,60.0
1744878805510376.0,453.676,-1355.8,0.160048,0.0,6.12243,-0.160754,60.0
1744878805530805.0,453.676,-1355.8,0.160048,0.0,6.2386,-0.0445826,60.0
1744878805551662.0,453.676,-1355.8,0.160048,0.0,6.23578,-0.0474042,60.0
1744878805572122.0,453.676,-1355.8,0.160048,0.0,6.19511,-0.088078,60.0
1744878805593176.0,453.676,-1355.8,0.160048,0.0,6.15357,-0.129617,60.0
1744878805613406.0,453.676,-1355.8,0.160048,0.0,6.16938,-0.1138,60.0
1744878805636433.0,453.676,-1355.8,0.160048,0.0,6.27758,-0.00560574,60.0
1744878805656900.0,453.676,-1355.8,0.160048,0.0,0.0296583,0.0296583,60.0
1744878805677436.0,453.676,-1355.8,0.160048,0.0,6.2503,-0.0328814,60.0
1744878805698426.0,453.676,-1355.8,0.160048,0.0,6.13797,-0.145216,60.0
1744878805719627.0,453.676,-1355.8,0.160048,0.0,6.20057,-0.0826118,60.0
1744878805740035.0,453.676,-1355.8,0.160048,0.0,6.17932,-0.103867,60.0
1744878805760884.0,453.676,-1355.8,0.160048,0.0,6.14553,-0.137655,60.0
1744878805781723.0,453.676,-1355.8,0.160048,0.0,6.16346,-0.119723,60.0
1744878805802453.0,453.676,-1355.8,0.160048,0.0,0.157837,0.157837,60.0
1744878805823105.0,453.676,-1355.8,0.160048,0.0,6.20105,-0.0821303,60.0
1744878805843723.0,453.676,-1355.8,0.160048,0.0,6.15724,-0.125944,60.0
1744878805864234.0,453.676,-1355.8,0.160048,0.0,6.23694,-0.0462469,60.0
1744878805887310.0,453.676,-1355.8,0.160048,0.0,6.20675,-0.0764339,60.0
1744878805907788.0,453.676,-1355.8,0.160048,0.0,6.17024,-0.112948,60.0
1744878805928357.0,453.676,-1355.8,0.160048,0.0,6.20448,-0.078709,60.0
1744878805949328.0,453.676,-1355.8,0.160048,0.0,6.1548,-0.128387,60.0
1744878805969924.0,453.676,-1355.8,0.160048,0.0,6.23295,-0.0502353,60.0
1744878805991721.0,453.676,-1355.8,0.160048,0.0,0.00761431,0.00761431,60.0
1744878806012225.0,453.676,-1355.8,0.160048,0.0,0.0297463,0.0297463,60.0
1744878806032573.0,453.676,-1355.8,0.160048,0.0,6.12788,-0.15531,60.0
1744878806053687.0,453.676,-1355.8,0.160048,0.0,6.21849,-0.0646913,60.0
1744878806074371.0,453.676,-1355.8,0.160048,0.0,6.14228,-0.140908,60.0
1744878806097275.0,453.676,-1355.8,0.160048,0.0,6.1853,-0.0978819,60.0
1744878806118146.0,453.676,-1355.8,0.160048,0.0,6.26204,-0.0211409,60.0
1744878806138903.0,453.676,-1355.8,0.160048,0.0,6.22405,-0.0591316,60.0
1744878806159713.0,453.676,-1355.8,0.160048,0.0,6.27133,-0.0118567,60.0
1744878806180337.0,453.676,-1355.8,0.160048,0.0,0.118112,0.118112,60.0
1744878806200857.0,453.676,-1355.8,0.160048,0.0,6.12396,-0.159229,60.0
1744878806221687.0,453.676,-1355.8,0.160048,0.0,6.14578,-0.137405,60.0
1744878806243163.0,453.676,-1355.8,0.160048,0.0,0.0559407,0.0559407,60.0
1744878806264006.0,453.676,-1355.8,0.160048,0.0,6.14571,-0.137473,60.0
1744878806284920.0,453.676,-1355.8,0.160048,0.0,6.25375,-0.0294305,60.0
1744878806305664.0,453.676,-1355.8,0.160048,0.0,6.22311,-0.060077,60.0
1744878806326279.0,453.676,-1355.8,0.160048,0.0,6.24195,-0.0412358,60.0
1744878806348191.0,453.676,-1355.8,0.160048,0.0,0.0335173,0.0335173,60.0
1744878806368838.0,453.676,-1355.8,0.160048,0.0,6.14305,-0.140139,60.0
1744878806389407.0,453.676,-1355.8,0.160048,0.0,0.0268924,0.0268924,60.0
1744878806410207.0,453.676,-1355.8,0.160048,0.0,6.12442,-0.158763,60.0
1744878806431257.0,453.676,-1355.8,0.160048,0.0,0.00023345,0.00023345,60.0
1744878806451813.0,453.676,-1355.8,0.160048,0.0,0.0351703,0.0351703,60.0
1744878806472690.0,453.676,-1355.8,0.160048,0.0,6.15603,-0.127152,60.0
1744878806493186.0,453.676,-1355.8,0.160048,0.0,6.27502,-0.0081613,60.0
1744878806513816.0,453.676,-1355.8,0.160048,0.0,6.18151,-0.101678,60.0
1744878806534497.0,453.676,-1355.8,0.160048,0.0,6.1775,-0.10569,60.0
1744878806555502.0,453.676,-1355.8,0.160048,0.0,0.00705937,0.00705937,60.0
1744878806576181.0,453.676,-1355.8,0.160048,0.0,6.1767,-0.106481,60.0
1744878806597088.0,453.676,-1355.8,0.160048,0.0,6.12296,-0.160224,60.0
1744878806617613.0,453.676,-1355.8,0.160048,0.0,6.14795,-0.135235,60.0
1744878806638219.0,453.676,-1355.8,0.160048,0.0,6.18446,-0.0987231,60.0
1744878806659003.0,453.676,-1355.8,0.160048,0.0,6.22941,-0.0537744,60.0
1744878806679500.0,453.676,-1355.8,0.160048,0.0,6.26421,-0.0189762,60.0
1744878806700564.0,453.676,-1355.8,0.160048,0.0,6.14913,-0.134051,60.0
1744878806721559.0,453.676,-1355.8,0.160048,0.0,0.142781,0.142781,60.0
1744878806742384.0,453.676,-1355.8,0.160048,0.0,6.17003,-0.113151,60.0
1744878806763270.0,453.676,-1355.8,0.160048,0.0,6.13011,-0.153072,60.0
1744878806784123.0,453.676,-1355.8,0.160048,0.0,6.24319,-0.039994,60.0
1744878806806140.0,453.676,-1355.8,0.160048,0.0,6.12083,-0.162359,60.0
1744878806827103.0,453.676,-1355.8,0.160048,0.0,0.0569957,0.0569957,60.0
1744878806848489.0,453.676,-1355.8,0.160048,0.0,6.17769,-0.105498,60.0
1744878806869008.0,453.676,-1355.8,0.160048,0.0,6.12427,-0.158915,60.0
1744878806889536.0,453.676,-1355.8,0.160048,0.0,6.24774,-0.0354467,60.0
1744878806910948.0,453.676,-1355.8,0.160048,0.0,6.19507,-0.0881195,60.0
1744878806931524.0,453.676,-1355.8,0.160048,0.0,6.14213,-0.14105,60.0
1744878806953429.0,453.676,-1355.8,0.160048,0.0,6.15646,-0.126727,60.0
1744878806974036.0,453.676,-1355.8,0.160048,0.0,6.17321,-0.109979,60.0
1744878806994635.0,453.676,-1355.8,0.160048,0.0,6.14567,-0.137515,60.0
1744878807015384.0,453.676,-1355.8,0.160048,0.0,6.17852,-0.104664,60.0
1744878807036352.0,453.676,-1355.8,0.160048,0.0,0.0779952,0.0779952,60.0
1744878807058122.0,453.676,-1355.8,0.160048,0.0,6.14046,-0.142722,60.0
1744878807078782.0,453.676,-1355.8,0.160048,0.0,0.00902408,0.00902408,60.0
1744878807099702.0,453.676,-1355.8,0.160048,0.0,6.17648,-0.106709,60.0
1744878807121110.0,453.676,-1355.8,0.160048,0.0,6.23392,-0.0492632,60.0
1744878807141766.0,453.676,-1355.8,0.160048,0.0,6.26515,-0.0180304,60.0
1744878807162445.0,453.676,-1355.8,0.160048,0.0,6.21268,-0.0705092,60.0
1744878807183084.0,453.676,-1355.8,0.160048,0.0,0.0899601,0.0899601,60.0
1744878807203864.0,453.676,-1355.8,0.160048,0.0,6.20595,-0.0772344,60.0
1744878807225352.0,453.676,-1355.8,0.160048,0.0,6.17278,-0.110403,60.0
1744878807245916.0,453.676,-1355.8,0.160048,0.0,6.12762,-0.155567,60.0
1744878807266797.0,456.217,-1357.85,0.160665,6.17278,6.06845,-0.104334,60.0
1744878807287302.0,456.217,-1357.85,0.160665,6.17278,6.04477,-0.128013,60.0
1744878807308349.0,458.335,-1359.9,0.161253,6.06845,6.21789,0.149441,60.0
1744878807329221.0,458.335,-1359.9,0.161253,6.06845,6.04098,-0.0274717,60.0
1744878807349644.0,460.453,-1361.95,0.161842,6.21789,6.08339,-0.134495,60.0
1744878807371409.0,460.453,-1361.95,0.161842,6.21789,6.27422,0.0563359,60.0
1744878807392063.0,460.453,-1361.95,0.161842,6.21789,6.12359,-0.0943012,60.0
1744878807413071.0,462.571,-1364.0,0.162433,6.27422,6.18184,-0.0923829,60.0
1744878807433795.0,462.571,-1364.0,0.162433,6.27422,6.24643,-0.0277939,60.0
1744878807454252.0,464.689,-1366.04,0.163025,6.18184,6.03434,-0.147503,60.0
1744878807474985.0,464.689,-1366.04,0.163025,6.18184,6.07499,-0.106856,60.0
1744878807495512.0,464.689,-1366.04,0.163025,6.18184,6.05298,-0.128863,60.0
1744878807516367.0,466.806,-1368.09,0.163618,6.07499,6.05487,-0.0201188,60.0
1744878807537082.0,466.806,-1368.09,0.163618,6.07499,5.92289,-0.152094,60.0
1744878807557933.0,469.348,-1370.14,0.164244,6.05487,6.06501,0.0101385,60.0
1744878807578605.0,469.348,-1370.14,0.164244,6.05487,6.02869,-0.0261761,60.0
1744878807599430.0,469.348,-1370.14,0.164244,6.05487,5.93146,-0.123406,60.0
1744878807620397.0,471.466,-1372.19,0.16484,6.02869,5.91728,-0.111408,60.0
1744878807640895.0,471.466,-1372.19,0.16484,6.02869,5.87885,-0.149839,60.0
1744878807661339.0,473.583,-1374.23,0.165437,5.91728,6.04729,0.130007,60.0
1744878807682006.0,473.583,-1374.23,0.165437,5.91728,5.89092,-0.0263653,60.0
1744878807703920.0,476.125,-1376.28,0.166068,6.04729,5.92258,-0.124709,60.0
1744878807724656.0,476.125,-1376.28,0.166068,6.04729,6.10007,0.0527767,60.0
1744878807745762.0,476.125,-1376.28,0.166068,6.04729,6.0681,0.0208106,60.0
1744878807766936.0,478.243,-1378.33,0.166668,6.10007,6.18809,0.0880244,60.0
1744878807786993.0,478.243,-1378.33,0.166668,6.10007,5.99317,-0.1069,60.0
1744878807807501.0,480.36,-1379.69,0.167122,6.18809,6.09441,-0.0936765,60.0
1744878807827933.0,480.36,-1379.69,0.167122,6.18809,6.24661,0.0585185,60.0
1744878807848537.0,480.36,-1379.69,0.167122,6.18809,6.08638,-0.101711,60.0
1744878807869470.0,482.902,-1381.74,0.167757,6.24661,0.0224975,0.0590734,60.0
1744878807890163.0,482.902,-1381.74,0.167757,6.24661,6.08838,-0.158233,60.0
1744878807911488.0,485.019,-1383.79,0.168362,0.0224975,0.0406603,0.0181628,60.0
1744878807932336.0,485.019,-1383.79,0.168362,0.0224975,0.0422578,0.0197603,60.0
1744878807953039.0,485.019,-1383.79,0.168362,0.0224975,6.20023,-0.105456,60.0
1744878807973827.0,487.561,-1385.84,0.169,0.0422578,6.1885,-0.136939,60.0
1744878807994587.0,487.561,-1385.84,0.169,0.0422578,0.200278,0.15802,60.0
1744878808015731.0,490.102,-1387.2,0.169491,6.1885,6.07068,-0.117828,60.0
1744878808036030.0,490.102,-1387.2,0.169491,6.1885,6.0451,-0.143404,60.0
1744878808057010.0,490.102,-1387.2,0.169491,6.1885,6.23043,0.0419247,60.0
1744878808077603.0,492.22,-1389.25,0.1701,6.0451,6.0065,-0.0386008,60.0
1744878808098390.0,492.22,-1389.25,0.1701,6.0451,6.02368,-0.0214154,60.0
1744878808118827.0,494.761,-1391.3,0.170743,6.0065,5.90586,-0.100641,60.0
1744878808139445.0,494.761,-1391.3,0.170743,6.0065,5.8482,-0.158298,60.0
1744878808160362.0,497.302,-1392.66,0.171238,5.90586,5.76162,-0.144234,60.0
1744878808180990.0,497.302,-1392.66,0.171238,5.90586,5.83734,-0.0685187,60.0
1744878808202783.0,497.302,-1392.66,0.171238,5.90586,5.83327,-0.0725853,60.0
1744878808223622.0,499.42,-1394.71,0.171851,5.83734,5.73846,-0.098877,60.0
1744878808244624.0,499.42,-1394.71,0.171851,5.83734,5.88966,0.052325,60.0
1744878808265570.0,501.961,-1396.08,0.172349,5.73846,5.72966,-0.00880677,60.0
1744878808286124.0,501.961,-1396.08,0.172349,5.73846,5.72779,-0.0106674,60.0
1744878808306881.0,501.961,-1396.08,0.172349,5.73846,5.72265,-0.015808,60.0
1744878808327589.0,504.503,-1398.12,0.172998,5.72779,5.58736,-0.14043,60.0
1744878808348232.0,504.503,-1398.12,0.172998,5.72779,5.64622,-0.081574,60.0
1744878808369018.0,507.044,-1399.49,0.173499,5.58736,5.44425,-0.143111,60.0
1744878808389784.0,507.044,-1399.49,0.173499,5.58736,5.50291,-0.0844559,60.0
1744878808410598.0,507.044,-1399.49,0.173499,5.58736,5.65611,0.0687439,60.0
1744878808431346.0,509.585,-1401.54,0.174151,5.50291,5.34401,-0.158903,60.0
1744878808452149.0,509.585,-1401.54,0.174151,5.50291,5.35708,-0.145828,60.0
1744878808472800.0,511.703,-1403.58,0.17477,5.34401,5.38052,0.0365179,60.0
1744878808493449.0,511.703,-1403.58,0.17477,5.34401,5.40726,0.0632498,60.0
1744878808514297.0,514.244,-1404.95,0.175275,5.38052,5.37934,-0.00118605,60.0
1744878808535067.0,514.244,-1404.95,0.175275,5.38052,5.21993,-0.160591,60.0
1744878808555794.0,514.244,-1404.95,0.175275,5.38052,5.46437,0.0838509,60.0
1744878808576295.0,516.786,-1407.0,0.175932,5.21993,5.17168,-0.0482481,60.0
1744878808596966.0,516.786,-1407.0,0.175932,5.21993,5.2244,0.00446884,60.0
1744878808617618.0,518.903,-1409.04,0.176556,5.17168,5.20225,0.0305615,60.0
1744878808637881.0,518.903,-1409.04,0.176556,5.17168,5.03163,-0.140058,60.0
1744878808658999.0,518.903,-1409.04,0.176556,5.17168,5.26811,0.0964289,60.0
1744878808679077.0,521.445,-1410.41,0.177065,5.03163,5.01767,-0.0139572,60.0
1744878808700070.0,521.445,-1410.41,0.177065,5.03163,4.98942,-0.0422026,60.0
1744878808720407.0,523.563,-1412.46,0.177691,5.01767,5.12488,0.107211,60.0
1744878808740900.0,523.563,-1412.46,0.177691,5.01767,4.97853,-0.0391442,60.0
1744878808762121.0,523.563,-1412.46,0.177691,5.01767,5.11837,0.100698,60.0
1744878808782755.0,526.104,-1414.5,0.178354,4.97853,5.12595,0.147426,60.0
1744878808803336.0,526.104,-1414.5,0.178354,4.97853,4.96065,-0.01788,60.0
1744878808824088.0,528.222,-1416.55,0.178983,5.12595,5.21682,0.0908695,60.0
1744878808844628.0,528.222,-1416.55,0.178983,5.12595,5.02179,-0.104162,60.0
1744878808865214.0,528.222,-1416.55,0.178983,5.12595,5.1139,-0.012054,60.0
1744878808885923.0,530.763,-1417.92,0.179497,5.02179,4.95438,-0.067412,60.0
1744878808906524.0,530.763,-1417.92,0.179497,5.02179,4.94419,-0.077597,60.0
1744878808927165.0,532.881,-1419.96,0.180129,4.95438,4.98614,0.0317596,60.0
1744878808947851.0,532.881,-1419.96,0.180129,4.95438,4.83824,-0.116139,60.0
1744878808968740.0,534.999,-1422.01,0.180762,4.98614,4.89451,-0.0916214,60.0
1744878808989774.0,534.999,-1422.01,0.180762,4.98614,4.83752,-0.148614,60.0
1744878809010293.0,534.999,-1422.01,0.180762,4.98614,4.90599,-0.080145,60.0
1744878809031172.0,537.54,-1424.06,0.181433,4.83752,4.8861,0.0485821,60.0
1744878809052219.0,537.54,-1424.06,0.181433,4.83752,4.74152,-0.0960034,60.0
1744878809072973.0,539.658,-1426.11,0.182069,4.8861,4.96286,0.0767548,60.0
1744878809094449.0,539.658,-1426.11,0.182069,4.8861,4.81766,-0.0684453,60.0
1744878809114993.0,539.658,-1426.11,0.182069,4.8861,4.92378,0.0376774,60.0
1744878809135567.0,541.776,-1428.15,0.182706,4.81766,4.89484,0.0771825,60.0
1744878809156219.0,541.776,-1428.15,0.182706,4.81766,4.79604,-0.0216239,60.0
1744878809177294.0,544.317,-1430.2,0.183381,4.89484,5.04364,0.148796,60.0
1744878809198324.0,544.317,-1430.2,0.183381,4.89484,4.91701,0.022167,60.0
1744878809218543.0,544.317,-1430.2,0.183381,4.89484,4.76426,-0.130578,60.0
1744878809240828.0,546.435,-1432.25,0.184022,4.91701,4.95385,0.0368442,60.0
1744878809261972.0,546.435,-1432.25,0.184022,4.91701,4.84621,-0.0707994,60.0
1744878809282699.0,548.553,-1434.3,0.184663,4.95385,4.90287,-0.0509858,60.0
1744878809303621.0,548.553,-1434.3,0.184663,4.95385,5.02557,0.0717188,60.0
1744878809324264.0,550.67,-1436.35,0.185307,4.90287,5.04877,0.145901,60.0
1744878809346223.0,550.67,-1436.35,0.185307,4.90287,4.75361,-0.149261,60.0
1744878809366915.0,550.67,-1436.35,0.185307,4.90287,4.9197,0.0168342,60.0
1744878809387942.0,552.788,-1438.39,0.185951,4.75361,4.59898,-0.154623,60.0
1744878809408984.0,552.788,-1438.39,0.185951,4.75361,4.78101,0.0274078,60.0
1744878809429414.0,554.906,-1440.44,0.186597,4.59898,4.71167,0.112684,60.0
1744878809451694.0,554.906,-1440.44,0.186597,4.59898,4.62649,0.0275079,60.0
1744878809472404.0,554.906,-1440.44,0.186597,4.59898,4.75386,0.154872,60.0
1744878809493189.0,557.024,-1442.49,0.187244,4.62649,4.57079,-0.0557002,60.0
1744878809513830.0,557.024,-1442.49,0.187244,4.62649,4.67349,0.0469936,60.0
1744878809534507.0,559.142,-1444.54,0.187892,4.57079,4.67481,0.104018,60.0
1744878809556367.0,559.142,-1444.54,0.187892,4.57079,4.65791,0.0871203,60.0
1744878809577383.0,561.26,-1447.27,0.188697,4.67481,4.73411,0.0593039,60.0
1744878809597921.0,561.26,-1447.27,0.188697,4.67481,4.72773,0.0529218,60.0
1744878809618925.0,561.26,-1447.27,0.188697,4.67481,4.61488,-0.0599293,60.0
1744878809639669.0,563.378,-1449.31,0.189348,4.72773,4.65013,-0.077606,60.0
1744878809661229.0,563.378,-1449.31,0.189348,4.72773,4.71947,-0.0082642,60.0
1744878809681696.0,565.072,-1451.36,0.189963,4.65013,4.62441,-0.0257145,60.0
1744878809702963.0,565.072,-1451.36,0.189963,4.65013,4.69922,0.0490983,60.0
1744878809723748.0,565.072,-1451.36,0.189963,4.65013,4.62894,-0.0211838,60.0
1744878809744299.0,567.19,-1453.41,0.190618,4.69922,4.81274,0.113516,60.0
1744878809765616.0,567.19,-1453.41,0.190618,4.69922,4.82588,0.12666,60.0
1744878809786570.0,569.308,-1456.14,0.191428,4.81274,4.80461,-0.00812745,60.0
1744878809807774.0,569.308,-1456.14,0.191428,4.81274,4.90062,0.0878792,60.0
1744878809828571.0,571.002,-1458.19,0.192047,4.90062,4.74272,-0.157898,60.0
1744878809849318.0,571.002,-1458.19,0.192047,4.90062,4.83399,-0.0666311,60.0
1744878809870022.0,571.002,-1458.19,0.192047,4.90062,5.0024,0.101782,60.0
1744878809890742.0,573.12,-1460.24,0.192706,4.83399,4.87411,0.0401229,60.0
1744878809911555.0,573.12,-1460.24,0.192706,4.83399,4.75929,-0.0746925,60.0
1744878809932189.0,575.238,-1462.97,0.193521,4.87411,4.89424,0.0201304,60.0
1744878809952772.0,575.238,-1462.97,0.193521,4.87411,4.84338,-0.0307269,60.0
1744878809973428.0,575.238,-1462.97,0.193521,4.87411,4.8212,-0.052913,60.0
1744878809994141.0,576.932,-1465.01,0.194144,4.84338,4.91157,0.0681913,60.0
1744878810015694.0,576.932,-1465.01,0.194144,4.84338,4.84566,0.0022758,60.0
1744878810036466.0,579.05,-1467.06,0.194807,4.91157,4.81022,-0.101351,60.0
1744878810057399.0,579.05,-1467.06,0.194807,4.91157,4.93028,0.0187019,60.0
1744878810078395.0,579.05,-1467.06,0.194807,4.91157,4.85247,-0.059109,60.0
1744878810099208.0,580.745,-1469.79,0.195589,4.93028,4.93147,0.00119025,60.0
1744878810120038.0,580.745,-1469.79,0.195589,4.93028,4.86093,-0.0693477,60.0
1744878810140555.0,582.439,-1471.84,0.196215,4.93147,4.82859,-0.102876,60.0
1744878810161470.0,582.439,-1471.84,0.196215,4.93147,4.95326,0.0217979,60.0
1744878810182011.0,584.557,-1474.57,0.197039,4.82859,4.68086,-0.14773,60.0
1744878810202650.0,584.557,-1474.57,0.197039,4.82859,4.82169,-0.00690018,60.0
1744878810223530.0,584.557,-1474.57,0.197039,4.82859,4.71037,-0.118224,60.0
1744878810244185.0,586.251,-1476.62,0.197668,4.82169,4.9654,0.14371,60.0
1744878810265535.0,586.251,-1476.62,0.197668,4.82169,4.93258,0.110891,60.0
1744878810286594.0,587.946,-1479.35,0.198456,4.9654,4.87632,-0.0890816,60.0
1744878810307458.0,587.946,-1479.35,0.198456,4.9654,4.84548,-0.11992,60.0
1744878810328579.0,587.946,-1479.35,0.198456,4.9654,5.10367,0.138266,60.0
1744878810349399.0,590.063,-1481.4,0.199126,4.84548,4.99525,0.149767,60.0
1744878810370536.0,590.063,-1481.4,0.199126,4.84548,4.79952,-0.0459624,60.0
1744878810391417.0,591.758,-1484.13,0.199918,4.99525,5.11407,0.118818,60.0
1744878810412605.0,591.758,-1484.13,0.199918,4.99525,5.01278,0.0175315,60.0
1744878810433729.0,591.758,-1484.13,0.199918,4.99525,5.12971,0.134462,60.0
1744878810454516.0,593.452,-1486.17,0.200552,5.01278,5.07084,0.0580617,60.0
1744878810475368.0,593.452,-1486.17,0.200552,5.01278,4.87575,-0.137031,60.0
1744878810495676.0,595.147,-1488.9,0.201346,5.07084,5.02766,-0.0431799,60.0
1744878810516453.0,595.147,-1488.9,0.201346,5.07084,5.20473,0.133888,60.0
1744878810537548.0,596.841,-1491.63,0.202141,5.02766,5.15174,0.124082,60.0
1744878810558311.0,596.841,-1491.63,0.202141,5.02766,5.05342,0.0257591,60.0
1744878810579321.0,596.841,-1491.63,0.202141,5.02766,5.11918,0.0915158,60.0
1744878810600235.0,598.536,-1493.68,0.202779,5.05342,4.95492,-0.0984996,60.0
1744878810621025.0,598.536,-1493.68,0.202779,5.05342,5.05135,-0.0020687,60.0
1744878810641888.0,600.23,-1496.41,0.203578,4.95492,5.00121,0.0462863,60.0
1744878810662767.0,600.23,-1496.41,0.203578,4.95492,4.99507,0.0401512,60.0
1744878810683659.0,600.23,-1496.41,0.203578,4.95492,4.88839,-0.0665287,60.0
1744878810704686.0,601.925,-1499.14,0.204378,4.99507,4.9072,-0.0878726,60.0
1744878810725638.0,601.925,-1499.14,0.204378,4.99507,4.97034,-0.0247365,60.0
1744878810746527.0,603.619,-1501.19,0.205019,4.9072,4.86027,-0.0469304,60.0
1744878810767482.0,603.619,-1501.19,0.205019,4.9072,5.03525,0.128055,60.0
1744878810788142.0,603.619,-1501.19,0.205019,4.9072,4.91771,0.0105118,60.0
1744878810808826.0,604.89,-1503.92,0.205782,5.03525,4.93814,-0.0971147,60.0
1744878810829652.0,604.89,-1503.92,0.205782,5.03525,4.94871,-0.0865418,60.0
1744878810850272.0,606.584,-1506.65,0.206587,4.93814,5.03645,0.0983096,60.0
1744878810871222.0,606.584,-1506.65,0.206587,4.93814,5.01626,0.0781177,60.0
1744878810892063.0,608.279,-1508.7,0.207232,5.03645,5.10242,0.0659679,60.0
1744878810912892.0,608.279,-1508.7,0.207232,5.03645,4.91504,-0.121413,60.0
1744878810933755.0,608.279,-1508.7,0.207232,5.03645,5.08594,0.0494881,60.0
1744878810954506.0,609.55,-1511.43,0.207999,4.91504,5.0676,0.152566,60.0
1744878810975392.0,609.55,-1511.43,0.207999,4.91504,5.02842,0.11338,60.0
1744878810996277.0,611.244,-1514.16,0.208808,5.0676,4.9879,-0.0796973,60.0
1744878811017260.0,611.244,-1514.16,0.208808,5.0676,4.99462,-0.0729857,60.0
1744878811038007.0,611.244,-1514.16,0.208808,5.0676,5.06072,-0.00687881,60.0
1744878811058388.0,612.515,-1516.89,0.209578,4.99462,4.84297,-0.151648,60.0
1744878811079242.0,612.515,-1516.89,0.209578,4.99462,5.04481,0.0501945,60.0
1744878811100489.0,614.21,-1519.62,0.210391,4.84297,4.93301,0.0900447,60.0
1744878811120981.0,614.21,-1519.62,0.210391,4.84297,4.94336,0.100389,60.0
1744878811141425.0,614.21,-1519.62,0.210391,4.84297,4.78489,-0.0580822,60.0
1744878811162121.0,615.481,-1522.35,0.211163,4.94336,4.86399,-0.0793642,60.0
1744878811182694.0,615.481,-1522.35,0.211163,4.94336,4.84728,-0.0960771,60.0
1744878811203546.0,617.175,-1524.4,0.211816,4.86399,4.91859,0.0545961,60.0
1744878811224138.0,617.175,-1524.4,0.211816,4.86399,4.8094,-0.0545896,60.0
1744878811244926.0,618.446,-1527.13,0.212592,4.91859,4.96996,0.0513757,60.0
1744878811265866.0,618.446,-1527.13,0.212592,4.91859,4.86658,-0.0520111,60.0
1744878811286528.0,618.446,-1527.13,0.212592,4.91859,4.95712,0.0385361,60.0
1744878811307189.0,619.717,-1529.86,0.213369,4.86658,4.79073,-0.0758429,60.0
1744878811327967.0,619.717,-1529.86,0.213369,4.86658,5.00898,0.142399,60.0
1744878811348639.0,621.411,-1532.59,0.214188,4.79073,4.89119,0.100459,60.0
1744878811369342.0,621.411,-1532.59,0.214188,4.79073,4.84727,0.0565383,60.0
1744878811390143.0,621.411,-1532.59,0.214188,4.79073,4.87168,0.0809446,60.0
1744878811410752.0,622.682,-1535.32,0.214968,4.84727,5.00558,0.158307,60.0
1744878811431128.0,622.682,-1535.32,0.214968,4.84727,4.92712,0.0798434,60.0
1744878811451838.0,623.953,-1538.05,0.21575,5.00558,4.95107,-0.0545077,60.0
1744878811472293.0,623.953,-1538.05,0.21575,5.00558,5.01757,0.0119886,60.0
1744878811492956.0,623.953,-1538.05,0.21575,5.00558,4.97954,-0.0260373,60.0
1744878811513580.0,625.224,-1540.78,0.216532,5.01757,4.9399,-0.0776667,60.0
1744878811534213.0,625.224,-1540.78,0.216532,5.01757,4.99573,-0.0218426,60.0
1744878811554881.0,626.495,-1543.51,0.217316,4.9399,4.90782,-0.0320838,60.0
1744878811575657.0,626.495,-1543.51,0.217316,4.9399,5.06602,0.126121,60.0
1744878811596498.0,626.495,-1543.51,0.217316,4.9399,5.03966,0.0997569,60.0
1744878811617141.0,627.766,-1546.24,0.218102,5.06602,4.97151,-0.0945173,60.0
1744878811637902.0,627.766,-1546.24,0.218102,5.06602,5.11619,0.0501657,60.0
1744878811658673.0,629.037,-1548.97,0.218889,4.97151,4.84291,-0.128598,60.0
1744878811679296.0,629.037,-1548.97,0.218889,4.97151,4.98469,0.0131827,60.0
1744878811699890.0,629.037,-1548.97,0.218889,4.97151,4.91362,-0.0578817,60.0
1744878811720459.0,630.308,-1551.7,0.219677,4.98469,4.98035,-0.00433714,60.0
1744878811741060.0,630.308,-1551.7,0.219677,4.98469,4.85411,-0.130578,60.0
1744878811762455.0,631.579,-1554.43,0.220467,4.98035,4.94994,-0.0304067,60.0
1744878811782764.0,631.579,-1554.43,0.220467,4.98035,4.94686,-0.0334892,60.0
1744878811803438.0,632.427,-1557.16,0.221217,4.94994,4.99361,0.0436675,60.0
1744878811824177.0,632.427,-1557.16,0.221217,4.94994,4.96169,0.0117507,60.0
1744878811844799.0,632.427,-1557.16,0.221217,4.94994,5.01667,0.0667221,60.0
1744878811865290.0,633.698,-1559.89,0.222009,4.96169,4.99276,0.0310612,60.0
1744878811885985.0,633.698,-1559.89,0.222009,4.96169,4.99775,0.0360502,60.0
1744878811906553.0,634.969,-1562.63,0.222803,4.99276,4.95247,-0.0402826,60.0
1744878811926978.0,634.969,-1562.63,0.222803,4.99276,5.05538,0.0626246,60.0
1744878811947497.0,634.969,-1562.63,0.222803,4.99276,4.97293,-0.0198233,60.0
1744878811968091.0,635.816,-1565.36,0.223556,5.05538,5.11656,0.0611783,60.0
1744878811988437.0,635.816,-1565.36,0.223556,5.05538,5.05766,0.00227527,60.0
1744878812009016.0,637.087,-1568.09,0.224353,5.11656,4.98425,-0.132304,60.0
1744878812029576.0,637.087,-1568.09,0.224353,5.11656,5.01303,-0.103532,60.0
1744878812050715.0,637.087,-1568.09,0.224353,5.11656,5.03293,-0.0836291,60.0
1744878812071803.0,638.358,-1570.82,0.225151,5.01303,4.85597,-0.157056,60.0
1744878812092354.0,638.358,-1570.82,0.225151,5.01303,4.97085,-0.0421765,60.0
1744878812113078.0,639.206,-1573.55,0.225908,4.85597,4.8744,0.0184312,60.0
1744878812133864.0,639.206,-1573.55,0.225908,4.85597,4.9738,0.117828,60.0
1744878812154702.0,639.206,-1573.55,0.225908,4.85597,4.95655,0.100575,60.0
1744878812175541.0,640.477,-1576.96,0.226878,4.9738,4.94727,-0.0265337,60.0
1744878812196146.0,640.477,-1576.96,0.226878,4.9738,5.02791,0.0541085,60.0
1744878812216821.0,641.324,-1579.69,0.227638,4.94727,4.82888,-0.118389,60.0
1744878812237768.0,641.324,-1579.69,0.227638,4.94727,5.04481,0.0975402,60.0
1744878812258625.0,642.595,-1582.42,0.228442,4.82888,4.97201,0.143137,60.0
1744878812279188.0,642.595,-1582.42,0.228442,4.82888,4.73404,-0.0948408,60.0
1744878812299526.0,642.595,-1582.42,0.228442,4.82888,4.95843,0.129554,60.0
1744878812320135.0,643.443,-1585.15,0.229205,4.73404,4.82314,0.089107,60.0
1744878812340714.0,643.443,-1585.15,0.229205,4.73404,4.77225,0.0382176,60.0
1744878812361861.0,644.714,-1587.88,0.230011,4.82314,4.70775,-0.115392,60.0
1744878812382585.0,644.714,-1587.88,0.230011,4.82314,4.79098,-0.0321584,60.0
1744878812403041.0,644.714,-1587.88,0.230011,4.82314,4.87598,0.0528328,60.0
1744878812424050.0,645.561,-1590.61,0.230777,4.79098,4.87444,0.0834579,60.0
1744878812445086.0,645.561,-1590.61,0.230777,4.79098,4.88697,0.0959859,60.0
1744878812465947.0,646.409,-1593.34,0.231543,4.87444,4.94245,0.068005,60.0
1744878812487360.0,646.409,-1593.34,0.231543,4.87444,4.92785,0.0534087,60.0
1744878812507941.0,646.409,-1593.34,0.231543,4.87444,4.95859,0.0841451,60.0
1744878812530540.0,647.256,-1596.07,0.232311,4.92785,4.99227,0.0644202,60.0
1744878812551287.0,647.256,-1596.07,0.232311,4.92785,5.00591,0.078056,60.0
1744878812572631.0,648.528,-1599.49,0.233294,4.99227,4.93992,-0.0523486,60.0
1744878812592899.0,648.528,-1599.49,0.233294,4.99227,4.8511,-0.14117,60.0
1744878812613629.0,649.375,-1602.22,0.234065,4.93992,4.94005,0.0001224,60.0
1744878812634409.0,649.375,-1602.22,0.234065,4.93992,4.99066,0.05074,60.0
1744878812655248.0,649.375,-1602.22,0.234065,4.93992,4.93055,-0.00937598,60.0
1744878812675867.0,650.223,-1604.95,0.234837,4.99066,4.95941,-0.0312556,60.0
1744878812696663.0,650.223,-1604.95,0.234837,4.99066,4.99889,0.00822307,60.0
1744878812717507.0,651.07,-1607.68,0.23561,4.95941,4.95807,-0.00133292,60.0
1744878812738341.0,651.07,-1607.68,0.23561,4.95941,4.99157,0.0321658,60.0
1744878812759225.0,651.07,-1607.68,0.23561,4.95941,4.98537,0.0259631,60.0
1744878812779944.0,651.918,-1610.41,0.236384,4.99157,4.99525,0.0036782,60.0
1744878812800521.0,651.918,-1610.41,0.236384,4.99157,5.03824,0.0466626,60.0
1744878812821149.0,652.765,-1613.82,0.237333,4.99525,5.06505,0.0697937,60.0
1744878812841848.0,652.765,-1613.82,0.237333,4.99525,4.97658,-0.0186762,60.0
1744878812862452.0,652.765,-1613.82,0.237333,4.99525,4.96673,-0.0285208,60.0
1744878812883188.0,653.613,-1616.55,0.23811,4.97658,4.95026,-0.0263148,60.0
1744878812903862.0,653.613,-1616.55,0.23811,4.97658,5.0175,0.0409287,60.0
1744878812924403.0,654.884,-1619.28,0.238932,4.95026,4.81207,-0.138195,60.0
1744878812945116.0,654.884,-1619.28,0.238932,4.95026,4.97084,0.0205799,60.0
1744878812965765.0,655.731,-1622.01,0.239712,4.81207,4.86983,0.0577623,60.0
1744878812986238.0,655.731,-1622.01,0.239712,4.81207,4.70012,-0.111947,60.0
1744878813007038.0,655.731,-1622.01,0.239712,4.81207,4.92707,0.115005,60.0
1744878813027645.0,656.579,-1624.74,0.240494,4.70012,4.80459,0.104472,60.0
1744878813048353.0,656.579,-1624.74,0.240494,4.70012,4.70554,0.00542189,60.0
1744878813068885.0,657.003,-1628.16,0.241406,4.80459,4.92499,0.120395,60.0
1744878813089667.0,657.003,-1628.16,0.241406,4.80459,4.92344,0.118847,60.0
1744878813110576.0,657.003,-1628.16,0.241406,4.80459,4.79484,-0.00975638,60.0
1744878813131120.0,657.85,-1630.89,0.24219,4.92344,5.0044,0.0809642,60.0
1744878813151865.0,657.85,-1630.89,0.24219,4.92344,4.81055,-0.11289,60.0
1744878813172641.0,658.698,-1633.62,0.242976,5.0044,5.03376,0.0293544,60.0
1744878813193449.0,658.698,-1633.62,0.242976,5.0044,5.11645,0.112051,60.0
1744878813214212.0,658.698,-1633.62,0.242976,5.0044,4.99016,-0.0142438,60.0
1744878813234967.0,659.545,-1636.35,0.243762,5.11645,5.16923,0.0527791,60.0
1744878813255878.0,659.545,-1636.35,0.243762,5.11645,5.02297,-0.0934829,60.0
1744878813276624.0,660.393,-1639.76,0.244725,5.16923,5.10924,-0.0599923,60.0
1744878813297361.0,660.393,-1639.76,0.244725,5.16923,5.04202,-0.127216,60.0
1744878813317961.0,660.393,-1639.76,0.244725,5.16923,5.07163,-0.0976024,60.0
1744878813338635.0,661.241,-1642.49,0.245515,5.04202,4.91769,-0.124331,60.0
1744878813359385.0,661.241,-1642.49,0.245515,5.04202,5.04031,-0.00170797,60.0
1744878813380317.0,662.088,-1645.22,0.246306,4.91769,4.76165,-0.156036,60.0
1744878813400940.0,662.088,-1645.22,0.246306,4.91769,4.83027,-0.0874128,60.0
1744878813421407.0,662.936,-1647.95,0.247098,4.76165,4.6078,-0.153853,60.0
1744878813441968.0,662.936,-1647.95,0.247098,4.76165,4.62813,-0.133524,60.0
1744878813462571.0,662.936,-1647.95,0.247098,4.76165,4.69339,-0.0682594,60.0
1744878813483479.0,663.783,-1650.68,0.247891,4.62813,4.50704,-0.121091,60.0
1744878813503811.0,663.783,-1650.68,0.247891,4.62813,4.50061,-0.127517,60.0
1744878813524517.0,664.631,-1654.1,0.248862,4.50704,4.36781,-0.139224,60.0
1744878813545107.0,664.631,-1654.1,0.248862,4.50704,4.34939,-0.157643,60.0
1744878813565789.0,664.631,-1654.1,0.248862,4.50704,4.54802,0.0409866,60.0
1744878813586629.0,665.478,-1656.83,0.249659,4.34939,4.24482,-0.104572,60.0
1744878813607155.0,665.478,-1656.83,0.249659,4.34939,4.205,-0.144398,60.0
1744878813627590.0,665.902,-1659.56,0.250412,4.24482,4.08159,-0.163232,60.0
1744878813648144.0,665.902,-1659.56,0.250412,4.24482,4.14989,-0.0949336,60.0
1744878813668731.0,665.902,-1659.56,0.250412,4.24482,4.10387,-0.140952,60.0
1744878813689605.0,666.75,-1662.97,0.251388,4.14989,4.03267,-0.117218,60.0
1744878813710434.0,666.75,-1662.97,0.251388,4.14989,3.99078,-0.159113,60.0
1744878813730988.0,667.598,-1665.7,0.252188,4.03267,3.87391,-0.158763,60.0
1744878813751636.0,667.598,-1665.7,0.252188,4.03267,3.89907,-0.133596,60.0
1744878813772854.0,667.598,-1665.7,0.252188,4.03267,4.01693,-0.0157394,60.0
1744878813793228.0,668.022,-1668.43,0.252945,3.89907,3.76071,-0.138359,60.0
1744878813813901.0,668.022,-1668.43,0.252945,3.89907,3.74125,-0.157826,60.0
1744878813834615.0,668.869,-1671.16,0.253748,3.76071,3.71674,-0.0439722,60.0
1744878813855355.0,668.869,-1671.16,0.253748,3.76071,3.62599,-0.134728,60.0
1744878813875870.0,669.293,-1674.58,0.254687,3.71674,3.55246,-0.164284,60.0
1744878813896673.0,669.293,-1674.58,0.254687,3.71674,3.59259,-0.124156,60.0
1744878813917365.0,669.293,-1674.58,0.254687,3.71674,3.60668,-0.110061,60.0
1744878813938074.0,670.141,-1677.31,0.255492,3.59259,3.54609,-0.0464976,60.0
1744878813958805.0,670.141,-1677.31,0.255492,3.59259,3.46854,-0.124045,60.0
1744878813979916.0,670.565,-1680.04,0.256254,3.54609,3.44811,-0.0979737,60.0
1744878814000579.0,670.565,-1680.04,0.256254,3.54609,3.48479,-0.0612967,60.0
1744878814021130.0,670.565,-1680.04,0.256254,3.54609,3.3905,-0.155591,60.0
1744878814041518.0,670.989,-1683.45,0.257198,3.48479,3.36058,-0.124207,60.0
1744878814062108.0,670.989,-1683.45,0.257198,3.48479,3.33133,-0.153457,60.0
1744878814082703.0,671.413,-1686.18,0.257962,3.36058,3.24439,-0.116196,60.0
1744878814103312.0,671.413,-1686.18,0.257962,3.36058,3.2584,-0.102186,60.0
1744878814123858.0,671.413,-1686.18,0.257962,3.36058,3.23283,-0.127753,60.0
1744878814144414.0,671.837,-1688.91,0.258729,3.2584,3.12265,-0.135745,60.0
1744878814165070.0,671.837,-1688.91,0.258729,3.2584,3.13304,-0.125357,60.0
1744878814185902.0,672.685,-1692.32,0.259721,3.12265,2.96928,-0.153368,60.0
1744878814206403.0,672.685,-1692.32,0.259721,3.12265,2.98058,-0.142075,60.0
1744878814226903.0,672.685,-1692.32,0.259721,3.12265,2.96015,-0.162502,60.0
1744878814247908.0,673.109,-1695.06,0.26049,2.98058,2.91782,-0.0627597,60.0
1744878814268803.0,673.109,-1695.06,0.26049,2.98058,2.81793,-0.162647,60.0
1744878814289658.0,673.533,-1697.79,0.26126,2.91782,2.90475,-0.0130653,60.0
1744878814310137.0,673.533,-1697.79,0.26126,2.91782,2.77263,-0.145188,60.0
1744878814331064.0,673.533,-1697.79,0.26126,2.91782,2.75615,-0.161671,60.0
1744878814351580.0,673.957,-1701.2,0.262213,2.77263,2.67393,-0.098699,60.0
1744878814372765.0,673.957,-1701.2,0.262213,2.77263,2.68674,-0.0858885,60.0
1744878814392908.0,673.958,-1703.93,0.262941,2.67393,2.56304,-0.110889,60.0
1744878814413581.0,673.958,-1703.93,0.262941,2.67393,2.73861,0.0646756,60.0
1744878814434270.0,674.382,-1706.66,0.263715,2.56304,2.60791,0.0448677,60.0
1744878814455004.0,674.382,-1706.66,0.263715,2.56304,2.48298,-0.0800624,60.0
1744878814475615.0,674.382,-1706.66,0.263715,2.56304,2.45061,-0.112431,60.0
1744878814496275.0,674.806,-1710.07,0.264672,2.48298,2.37064,-0.112345,60.0
1744878814517061.0,674.806,-1710.07,0.264672,2.48298,2.57437,0.0913864,60.0
1744878814537762.0,675.23,-1712.8,0.265449,2.37064,2.25026,-0.120377,60.0
1744878814558477.0,675.23,-1712.8,0.265449,2.37064,2.45679,0.0861585,60.0
1744878814579429.0,675.23,-1712.8,0.265449,2.37064,2.23367,-0.136968,60.0
1744878814600319.0,675.231,-1716.22,0.266365,2.45679,2.56368,0.106889,60.0
1744878814620909.0,675.231,-1716.22,0.266365,2.45679,2.4844,0.0276068,60.0
1744878814641825.0,675.655,-1718.95,0.267144,2.56368,2.44788,-0.115807,60.0
1744878814662468.0,675.655,-1718.95,0.267144,2.56368,2.42979,-0.133891,60.0
1744878814683322.0,675.655,-1718.95,0.267144,2.56368,2.44714,-0.11654,60.0
1744878814703889.0,675.655,-1721.68,0.26788,2.42979,2.33482,-0.0949679,60.0
1744878814724469.0,675.655,-1721.68,0.26788,2.42979,2.44612,0.0163323,60.0
1744878814745010.0,676.079,-1725.09,0.268846,2.33482,2.48809,0.153267,60.0
1744878814766099.0,676.079,-1725.09,0.268846,2.33482,2.27976,-0.0550594,60.0
1744878814786974.0,676.079,-1725.09,0.268846,2.33482,2.33576,0.000937269,60.0
1744878814807295.0,676.08,-1727.82,0.269584,2.27976,2.43901,0.15925,60.0
1744878814828195.0,676.08,-1727.82,0.269584,2.27976,2.35374,0.0739787,60.0
1744878814848772.0,676.504,-1730.55,0.270368,2.43902,2.57187,0.132858,60.0
1744878814869538.0,676.504,-1730.55,0.270368,2.43902,2.34527,-0.0937412,60.0
1744878814890564.0,676.505,-1733.97,0.271293,2.57187,2.56213,-0.00974281,60.0
1744878814910769.0,676.505,-1733.97,0.271293,2.57187,2.51553,-0.05634,60.0
1744878814931534.0,676.505,-1733.97,0.271293,2.57187,2.63938,0.0675028,60.0
1744878814952298.0,676.505,-1736.7,0.272035,2.51553,2.59999,0.0844566,60.0
1744878814972986.0,676.505,-1736.7,0.272035,2.51553,2.50062,-0.0149164,60.0
1744878814993734.0,676.506,-1740.11,0.272964,2.59999,2.62589,0.0258974,60.0
1744878815014410.0,676.506,-1740.11,0.272964,2.59999,2.62573,0.025739,60.0
1744878815035159.0,676.506,-1740.11,0.272964,2.59999,2.50382,-0.0961717,60.0
1744878815055941.0,676.506,-1742.84,0.273708,2.62573,2.56376,-0.0619723,60.0
1744878815076572.0,676.506,-1742.84,0.273708,2.62573,2.66069,0.034959,60.0
1744878815096977.0,676.507,-1745.57,0.274454,2.56376,2.57198,0.00821926,60.0
1744878815117566.0,676.507,-1745.57,0.274454,2.56376,2.47293,-0.0908247,60.0
1744878815138177.0,676.507,-1745.57,0.274454,2.56376,2.42924,-0.134519,60.0
1744878815158750.0,676.508,-1748.99,0.275388,2.47293,2.5338,0.0608709,60.0
1744878815179386.0,676.508,-1748.99,0.275388,2.47293,2.54399,0.0710618,60.0
1744878815200123.0,676.508,-1751.72,0.276136,2.5338,2.43909,-0.0947106,60.0
1744878815220684.0,676.508,-1751.72,0.276136,2.5338,2.59575,0.0619508,60.0
1744878815241278.0,676.508,-1751.72,0.276136,2.5338,2.37131,-0.162495,60.0
1744878815262135.0,676.509,-1755.13,0.277073,2.59575,2.58577,-0.00998842,60.0
1744878815282934.0,676.509,-1755.13,0.277073,2.59575,2.52833,-0.0674235,60.0
1744878815303646.0,676.509,-1757.86,0.277824,2.58577,2.44355,-0.142218,60.0
1744878815324617.0,676.509,-1757.86,0.277824,2.58577,2.57741,-0.00835634,60.0
1744878815345116.0,676.51,-1760.59,0.278576,2.44355,2.5644,0.120854,60.0
1744878815365747.0,676.51,-1760.59,0.278576,2.44355,2.42611,-0.0174421,60.0
1744878815386470.0,676.51,-1760.59,0.278576,2.44355,2.47084,0.0272882,60.0
1744878815407193.0,676.511,-1764.0,0.279517,2.42611,2.28426,-0.141841,60.0
1744878815428366.0,676.511,-1764.0,0.279517,2.42611,2.53556,0.109458,60.0
1744878815449112.0,676.088,-1766.73,0.280227,2.28426,2.37268,0.0884171,60.0
1744878815469647.0,676.088,-1766.73,0.280227,2.28426,2.4309,0.146636,60.0
1744878815490266.0,676.088,-1766.73,0.280227,2.28426,2.33409,0.049829,60.0
1744878815511035.0,676.088,-1770.15,0.281172,2.4309,2.59077,0.159871,60.0
1744878815531589.0,676.088,-1770.15,0.281172,2.4309,2.49085,0.0599465,60.0
1744878815551855.0,675.666,-1772.88,0.281884,2.59077,2.57874,-0.0120288,60.0
1744878815572489.0,675.666,-1772.88,0.281884,2.59077,2.62828,0.0375108,60.0
1744878815593377.0,675.666,-1772.88,0.281884,2.59077,2.64333,0.0525622,60.0
1744878815614277.0,675.666,-1775.61,0.282643,2.62828,2.62304,-0.00524239,60.0
1744878815635037.0,675.666,-1775.61,0.282643,2.62828,2.5266,-0.101678,60.0
1744878815655995.0,675.243,-1779.02,0.283547,2.62304,2.66224,0.0391994,60.0
1744878815676514.0,675.243,-1779.02,0.283547,2.62304,2.51417,-0.108865,60.0
1744878815697149.0,675.243,-1779.02,0.283547,2.62304,2.50003,-0.123005,60.0
1744878815717872.0,675.244,-1781.75,0.284309,2.51417,2.62594,0.111767,60.0
1744878815738617.0,675.244,-1781.75,0.284309,2.51417,2.62968,0.115509,60.0
1744878815759779.0,674.821,-1784.48,0.285026,2.62594,2.47445,-0.151497,60.0
1744878815780540.0,674.821,-1784.48,0.285026,2.62594,2.5854,-0.0405468,60.0
1744878815801076.0,674.398,-1787.9,0.285935,2.47444,2.53543,0.060982,60.0
1744878815821772.0,674.398,-1787.9,0.285935,2.47444,2.43979,-0.0346516,60.0
1744878815842387.0,674.398,-1787.9,0.285935,2.47444,2.33348,-0.140964,60.0
1744878815863020.0,673.975,-1790.63,0.286655,2.43979,2.41288,-0.0269108,60.0
1744878815883741.0,673.975,-1790.63,0.286655,2.43979,2.50013,0.0603363,60.0
1744878815904646.0,673.552,-1794.04,0.287568,2.41288,2.45512,0.0422395,60.0
1744878815925436.0,673.552,-1794.04,0.287568,2.41288,2.51478,0.101899,60.0
1744878815946321.0,673.552,-1794.04,0.287568,2.41288,2.33551,-0.0773756,60.0
1744878815967112.0,673.553,-1796.77,0.288336,2.51478,2.63312,0.118339,60.0
1744878815987955.0,673.553,-1796.77,0.288336,2.51478,2.60281,0.0880287,60.0
1744878816008776.0,673.13,-1799.5,0.28906,2.63312,2.56534,-0.0677854,60.0
1744878816029424.0,673.13,-1799.5,0.28906,2.63312,2.61775,-0.0153663,60.0
1744878816050204.0,673.13,-1799.5,0.28906,2.63312,2.51179,-0.121328,60.0
1744878816070774.0,672.707,-1802.92,0.289977,2.61775,2.56336,-0.0543933,60.0
1744878816091717.0,672.707,-1802.92,0.289977,2.61775,2.65069,0.0329343,60.0
1744878816112485.0,671.861,-1805.65,0.290659,2.56336,2.59358,0.0302163,60.0
1744878816133203.0,671.861,-1805.65,0.290659,2.56336,2.52673,-0.0366349,60.0
1744878816153921.0,671.438,-1808.38,0.291387,2.59358,2.59608,0.00249812,60.0
1744878816174361.0,671.438,-1808.38,0.291387,2.59358,2.52659,-0.0669872,60.0
1744878816195141.0,671.438,-1808.38,0.291387,2.59358,2.66577,0.0721938,60.0
1744878816215953.0,671.015,-1811.79,0.292309,2.52659,2.44838,-0.0782093,60.0
1744878816236726.0,671.015,-1811.79,0.292309,2.52659,2.46766,-0.0589295,60.0
1744878816257658.0,670.592,-1814.52,0.29304,2.44838,2.51351,0.0651246,60.0
1744878816278438.0,670.592,-1814.52,0.29304,2.44838,2.29186,-0.156525,60.0
1744878816299038.0,670.592,-1814.52,0.29304,2.44838,2.58343,0.135045,60.0
1744878816319709.0,669.746,-1817.25,0.293727,2.29186,2.34378,0.0519204,60.0
1744878816340402.0,669.746,-1817.25,0.293727,2.29186,2.40259,0.110736,60.0
1744878816361216.0,669.323,-1820.67,0.294654,2.34378,2.46711,0.123333,60.0
1744878816381983.0,669.323,-1820.67,0.294654,2.34378,2.46954,0.125761,60.0
1744878816402854.0,669.323,-1820.67,0.294654,2.34378,2.38969,0.0459162,60.0
1744878816423311.0,668.9,-1823.4,0.295389,2.46954,2.53853,0.0689941,60.0
1744878816453471.0,668.9,-1823.4,0.295389,2.46954,2.43165,-0.0378848,60.0
1744878816474434.0,668.054,-1826.13,0.29608,2.53853,2.385,-0.153531,60.0
1744878816495148.0,668.054,-1826.13,0.29608,2.53853,2.53974,0.00121372,60.0
1744878816515959.0,667.631,-1828.86,0.296816,2.385,2.54191,0.156914,60.0
1744878816536766.0,667.631,-1828.86,0.296816,2.385,2.45851,0.0735069,60.0
1744878816557538.0,667.631,-1828.86,0.296816,2.385,2.32867,-0.056326,60.0
1744878816578260.0,666.784,-1832.27,0.297706,2.45851,2.42049,-0.0380209,60.0
1744878816599063.0,666.784,-1832.27,0.297706,2.45851,2.55234,0.093835,60.0
1744878816619732.0,665.938,-1835.0,0.298401,2.42049,2.39454,-0.0259456,60.0
1744878816640519.0,665.938,-1835.0,0.298401,2.42049,2.5043,0.0838112,60.0
1744878816660933.0,665.092,-1837.73,0.299097,2.39454,2.53903,0.144486,60.0
1744878816681692.0,665.092,-1837.73,0.299097,2.39454,2.54072,0.146176,60.0
1744878816702281.0,665.092,-1837.73,0.299097,2.39454,2.55126,0.156715,60.0
1744878816723349.0,664.669,-1841.15,0.300036,2.54072,2.46173,-0.0789824,60.0
1744878816743970.0,664.669,-1841.15,0.300036,2.54072,2.69807,0.15735,60.0
1744878816764859.0,663.822,-1843.88,0.300735,2.46173,2.41449,-0.0472429,60.0
1744878816785789.0,663.822,-1843.88,0.300735,2.46173,2.44457,-0.0171642,60.0
1744878816806721.0,663.822,-1843.88,0.300735,2.46173,2.55785,0.0961175,60.0
1744878816827351.0,662.976,-1846.61,0.301436,2.44457,2.5445,0.0999328,60.0
1744878816848058.0,662.976,-1846.61,0.301436,2.44457,2.4881,0.0435294,60.0
1744878816869032.0,662.13,-1849.34,0.302138,2.5445,2.51336,-0.0311401,60.0
1744878816889888.0,662.13,-1849.34,0.302138,2.5445,2.54388,-0.00062199,60.0
1744878816910591.0,662.13,-1849.34,0.302138,2.5445,2.54641,0.00191166,60.0
1744878816931509.0,661.283,-1852.07,0.302841,2.54388,2.48969,-0.0541926,60.0
1744878816952156.0,661.283,-1852.07,0.302841,2.54388,2.65657,0.112691,60.0
1744878816972789.0,660.437,-1855.49,0.303743,2.48969,2.56792,0.078231,60.0
1744878816993534.0,660.437,-1855.49,0.303743,2.48969,2.34633,-0.143353,60.0
1744878817014268.0,659.591,-1858.22,0.304449,2.56792,2.5989,0.0309839,60.0
1744878817034771.0,659.591,-1858.22,0.304449,2.56792,2.53237,-0.035547,60.0
1744878817056942.0,659.591,-1858.22,0.304449,2.56792,2.43678,-0.131134,60.0
1744878817078137.0,658.744,-1860.95,0.305156,2.53237,2.51873,-0.0136384,60.0
1744878817099014.0,658.744,-1860.95,0.305156,2.53237,2.38983,-0.142544,60.0
1744878817119917.0,657.474,-1863.68,0.305821,2.51873,2.519,0.000264801,60.0
1744878817140519.0,657.474,-1863.68,0.305821,2.51873,2.39977,-0.118968,60.0
1744878817161595.0,657.474,-1863.68,0.305821,2.51873,2.50259,-0.0161464,60.0
1744878817181951.0,656.628,-1866.41,0.306531,2.39977,2.41137,0.0116016,60.0
1744878817202658.0,656.628,-1866.41,0.306531,2.39977,2.42259,0.0228219,60.0
1744878817223433.0,655.781,-1869.14,0.307242,2.41137,2.56783,0.156459,60.0
1744878817244238.0,655.781,-1869.14,0.307242,2.41137,2.35677,-0.0545938,60.0
1744878817265536.0,655.781,-1869.14,0.307242,2.41137,2.53787,0.126505,60.0
1744878817286282.0,654.512,-1872.55,0.308111,2.35677,2.43858,0.081811,60.0
1744878817306917.0,654.512,-1872.55,0.308111,2.35677,2.49279,0.136018,60.0
1744878817327543.0,653.665,-1875.28,0.308825,2.43858,2.40534,-0.0332469,60.0
1744878817348652.0,653.665,-1875.28,0.308825,2.43858,2.41118,-0.0274032,60.0
1744878817369173.0,652.395,-1878.01,0.309497,2.40534,2.51844,0.113099,60.0
1744878817389831.0,652.395,-1878.01,0.309497,2.40534,2.56212,0.156779,60.0
1744878817410332.0,652.395,-1878.01,0.309497,2.40534,2.50263,0.0972906,60.0
1744878817431299.0,651.549,-1880.75,0.310213,2.56212,2.53438,-0.0277312,60.0
1744878817452210.0,651.549,-1880.75,0.310213,2.56212,2.5972,0.0350803,60.0
1744878817472996.0,650.279,-1883.48,0.310888,2.53438,2.4798,-0.0545851,60.0
1744878817493337.0,650.279,-1883.48,0.310888,2.53438,2.40441,-0.129973,60.0
1744878817514025.0,650.279,-1883.48,0.310888,2.53438,2.50383,-0.0305516,60.0
1744878817534882.0,649.433,-1886.21,0.311607,2.40441,2.47738,0.0729731,60.0
1744878817555751.0,649.433,-1886.21,0.311607,2.40441,2.44976,0.0453446,60.0
1744878817576401.0,648.163,-1888.94,0.312285,2.47738,2.41103,-0.0663556,60.0
1744878817597181.0,648.163,-1888.94,0.312285,2.47738,2.46721,-0.0101751,60.0
1744878817617819.0,648.163,-1888.94,0.312285,2.47738,2.60289,0.125504,60.0
1744878817638596.0,646.893,-1891.67,0.312963,2.46721,2.40253,-0.064675,60.0
1744878817659263.0,646.893,-1891.67,0.312963,2.46721,2.42862,-0.0385912,60.0
1744878817680121.0,645.623,-1894.4,0.313644,2.40253,2.35133,-0.0512028,60.0
1744878817700847.0,645.623,-1894.4,0.313644,2.40253,2.41463,0.0120998,60.0
1744878817721702.0,645.623,-1894.4,0.313644,2.40253,2.48012,0.0775871,60.0
1744878817742303.0,644.353,-1897.13,0.314325,2.41463,2.44053,0.0258941,60.0
1744878817763018.0,644.353,-1897.13,0.314325,2.41463,2.51985,0.105218,60.0
1744878817783814.0,643.083,-1899.86,0.315008,2.44053,2.37063,-0.0699031,60.0
1744878817804529.0,643.083,-1899.86,0.315008,2.44053,2.58555,0.145017,60.0
1744878817825369.0,641.813,-1902.59,0.315693,2.37063,2.44384,0.0732121,60.0
1744878817846044.0,641.813,-1902.59,0.315693,2.37063,2.47668,0.106053,60.0
1744878817866705.0,641.813,-1902.59,0.315693,2.37063,2.44264,0.0720112,60.0
1744878817887494.0,640.543,-1905.32,0.316379,2.47668,2.55655,0.0798712,60.0
1744878817908257.0,640.543,-1905.32,0.316379,2.47668,2.42798,-0.0486993,60.0
1744878817929178.0,639.274,-1908.06,0.317066,2.55655,2.57273,0.0161765,60.0
1744878817949790.0,639.274,-1908.06,0.317066,2.55655,2.39756,-0.158986,60.0
1744878817970580.0,639.274,-1908.06,0.317066,2.55655,2.63465,0.0780963,60.0
1744878817991085.0,638.004,-1910.79,0.317755,2.39756,2.46613,0.0685705,60.0
1744878818011742.0,638.004,-1910.79,0.317755,2.39756,2.39701,-0.000550227,60.0
1744878818032410.0,636.734,-1913.52,0.318445,2.46613,2.49489,0.0287562,60.0
1744878818053247.0,636.734,-1913.52,0.318445,2.46613,2.49414,0.0280042,60.0
1744878818073801.0,636.734,-1913.52,0.318445,2.46613,2.43062,-0.035514,60.0
1744878818094628.0,635.464,-1916.25,0.319137,2.49414,2.41542,-0.0787211,60.0
1744878818115414.0,635.464,-1916.25,0.319137,2.49414,2.57322,0.0790775,60.0
1744878818136043.0,633.77,-1918.98,0.319787,2.41542,2.48584,0.0704264,60.0
1744878818156856.0,633.77,-1918.98,0.319787,2.41542,2.40361,-0.0118106,60.0
1744878818177961.0,633.77,-1918.98,0.319787,2.41542,2.52021,0.104789,60.0
1744878818198628.0,632.501,-1921.71,0.320482,2.40361,2.43004,0.0264304,60.0
1744878818219150.0,632.501,-1921.71,0.320482,2.40361,2.43829,0.0346791,60.0
1744878818239872.0,631.231,-1924.44,0.321178,2.43004,2.49486,0.0648265,60.0
1744878818261263.0,631.231,-1924.44,0.321178,2.43004,2.52738,0.0973413,60.0
1744878818282179.0,629.537,-1926.49,0.321627,2.49486,2.58694,0.0920763,60.0
1744878818303152.0,629.537,-1926.49,0.321627,2.49486,2.54045,0.0455874,60.0
1744878818323743.0,629.537,-1926.49,0.321627,2.49486,2.36021,-0.13465,60.0
1744878818344826.0,628.267,-1929.22,0.322326,2.54045,2.5141,-0.0263541,60.0
1744878818365504.0,628.267,-1929.22,0.322326,2.54045,2.51428,-0.0261752,60.0
1744878818386255.0,626.574,-1931.95,0.322984,2.5141,2.36674,-0.147353,60.0
1744878818407209.0,626.574,-1931.95,0.322984,2.5141,2.40111,-0.112989,60.0
1744878818428015.0,626.574,-1931.95,0.322984,2.5141,2.36871,-0.145387,60.0
1744878818448612.0,624.881,-1934.68,0.323644,2.40111,2.48843,0.0873262,60.0
1744878818469424.0,624.881,-1934.68,0.323644,2.40111,2.46401,0.0629006,60.0
1744878818489886.0,623.611,-1937.41,0.324347,2.48843,2.49809,0.00965997,60.0
1744878818510756.0,623.611,-1937.41,0.324347,2.48843,2.59955,0.111112,60.0
1744878818531445.0,623.611,-1937.41,0.324347,2.48843,2.55771,0.0692748,60.0
1744878818551936.0,621.917,-1939.46,0.324803,2.59955,2.56133,-0.0382151,60.0
1744878818572654.0,621.917,-1939.46,0.324803,2.59955,2.5857,-0.013842,60.0
1744878818593998.0,620.224,-1942.19,0.325467,2.56133,2.56179,0.000458141,60.0
1744878818614915.0,620.224,-1942.19,0.325467,2.56133,2.44316,-0.118173,60.0
1744878818635543.0,618.954,-1944.92,0.326174,2.56179,2.54545,-0.0163423,60.0
1744878818656147.0,618.954,-1944.92,0.326174,2.56179,2.542,-0.019788,60.0
1744878818676830.0,618.954,-1944.92,0.326174,2.56179,2.51776,-0.0440274,60.0
1744878818698371.0,617.26,-1946.97,0.326634,2.542,2.37864,-0.163362,60.0
1744878818718994.0,617.26,-1946.97,0.326634,2.542,2.58134,0.0393392,60.0
1744878818739822.0,615.567,-1949.7,0.327303,2.37864,2.46156,0.0829236,60.0
1744878818761015.0,615.567,-1949.7,0.327303,2.37864,2.44276,0.0641179,60.0
1744878818782045.0,615.567,-1949.7,0.327303,2.37864,2.293,-0.0856381,60.0
1744878818802860.0,613.874,-1952.43,0.327973,2.44276,2.5269,0.0841441,60.0
1744878818823757.0,613.874,-1952.43,0.327973,2.44276,2.4079,-0.0348566,60.0
1744878818844608.0,612.18,-1954.48,0.328436,2.5269,2.39475,-0.132153,60.0
1744878818865091.0,612.18,-1954.48,0.328436,2.5269,2.45647,-0.0704351,60.0
1744878818886118.0,612.18,-1954.48,0.328436,2.5269,2.40612,-0.120779,60.0
1744878818906754.0,610.487,-1957.21,0.32911,2.45647,2.56388,0.107416,60.0
1744878818927456.0,610.487,-1957.21,0.32911,2.45647,2.51013,0.053664,60.0
1744878818948318.0,608.793,-1959.26,0.329575,2.56388,2.55514,-0.00874606,60.0
1744878818969092.0,608.793,-1959.26,0.329575,2.56388,2.54101,-0.0228708,60.0
1744878818989843.0,607.1,-1961.99,0.330252,2.55514,2.45911,-0.0960292,60.0
1744878819010629.0,607.1,-1961.99,0.330252,2.55514,2.41569,-0.139445,60.0
1744878819031575.0,607.1,-1961.99,0.330252,2.55514,2.41711,-0.138025,60.0
1744878819052321.0,604.983,-1964.72,0.330889,2.41569,2.41491,-0.000779519,60.0
1744878819073035.0,604.983,-1964.72,0.330889,2.41569,2.35807,-0.0576198,60.0
1744878819094640.0,603.289,-1966.77,0.331359,2.41491,2.41286,-0.00204776,60.0
1744878819115578.0,603.289,-1966.77,0.331359,2.41491,2.57516,0.160246,60.0
1744878819136519.0,603.289,-1966.77,0.331359,2.41491,2.52485,0.109935,60.0
1744878819157049.0,601.596,-1969.5,0.33204,2.57516,2.4177,-0.157459,60.0
1744878819178001.0,601.596,-1969.5,0.33204,2.57516,2.64858,0.0734171,60.0
1744878819198650.0,599.479,-1971.55,0.332472,2.4177,2.51922,0.101525,60.0
1744878819219681.0,599.479,-1971.55,0.332472,2.4177,2.39757,-0.0201317,60.0
1744878819240473.0,599.479,-1971.55,0.332472,2.4177,2.44842,0.0307208,60.0
1744878819261173.0,597.786,-1974.28,0.333156,2.39757,2.28437,-0.113203,60.0
1744878819282017.0,597.786,-1974.28,0.333156,2.39757,2.39703,-0.000541918,60.0
1744878819302778.0,596.092,-1976.33,0.33363,2.28437,2.42091,0.136549,60.0
1744878819323293.0,596.092,-1976.33,0.33363,2.28437,2.2723,-0.0120657,60.0
1744878819344244.0,593.975,-1978.38,0.334066,2.42091,2.33894,-0.0819748,60.0
1744878819364885.0,593.975,-1978.38,0.334066,2.42091,2.55277,0.131853,60.0
1744878819385523.0,593.975,-1978.38,0.334066,2.42091,2.36239,-0.0585248,60.0
1744878819406184.0,592.282,-1981.11,0.334755,2.55277,2.60862,0.0558471,60.0
1744878819426872.0,592.282,-1981.11,0.334755,2.55277,2.523,-0.0297681,60.0
1744878819447803.0,590.165,-1983.16,0.335193,2.60862,2.58931,-0.0193009,60.0
1744878819468694.0,590.165,-1983.16,0.335193,2.60862,2.5937,-0.0149132,60.0
1744878819489475.0,590.165,-1983.16,0.335193,2.60862,2.46205,-0.146566,60.0
1744878819510229.0,588.471,-1985.21,0.335673,2.5937,2.5478,-0.0459064,60.0
1744878819530996.0,588.471,-1985.21,0.335673,2.5937,2.60227,0.00857023,60.0
1744878819551725.0,586.354,-1987.94,0.336327,2.5478,2.47986,-0.0679396,60.0
1744878819572495.0,586.354,-1987.94,0.336327,2.5478,2.41402,-0.133772,60.0
1744878819593464.0,586.354,-1987.94,0.336327,2.5478,2.42634,-0.121458,60.0
1744878819614482.0,584.237,-1989.99,0.33677,2.41402,2.52609,0.112071,60.0
1744878819635578.0,584.237,-1989.99,0.33677,2.41402,2.52933,0.11531,60.0
1744878819656372.0,582.12,-1992.04,0.337214,2.52609,2.3895,-0.136594,60.0
1744878819677300.0,582.12,-1992.04,0.337214,2.52609,2.46521,-0.0608834,60.0
1744878819698190.0,580.427,-1994.77,0.337911,2.3895,2.47156,0.0820598,60.0
1744878819718904.0,580.427,-1994.77,0.337911,2.3895,2.47039,0.0808944,60.0
1744878819739584.0,580.427,-1994.77,0.337911,2.3895,2.38177,-0.00772908,60.0
1744878819760905.0,578.31,-1996.82,0.338358,2.47039,2.51571,0.0453185,60.0
1744878819781793.0,578.31,-1996.82,0.338358,2.47039,2.60572,0.135327,60.0
1744878819802584.0,576.193,-1998.86,0.338807,2.51571,2.43948,-0.0762356,60.0
1744878819823270.0,576.193,-1998.86,0.338807,2.51571,2.44493,-0.0707876,60.0
1744878819845635.0,576.193,-1998.86,0.338807,2.51571,2.49927,-0.0164398,60.0
1744878819866315.0,574.076,-2000.91,0.339257,2.44493,2.36141,-0.0835159,60.0
1744878819887468.0,574.076,-2000.91,0.339257,2.44493,2.51404,0.069112,60.0
1744878819907878.0,571.959,-2002.96,0.339708,2.36141,2.45808,0.0966717,60.0
1744878819928569.0,571.959,-2002.96,0.339708,2.36141,2.25423,-0.107178,60.0
1744878819949757.0,569.842,-2005.01,0.340161,2.25423,2.3707,0.116468,60.0
1744878819970274.0,569.842,-2005.01,0.340161,2.25423,2.41756,0.163325,60.0
1744878819990499.0,569.842,-2005.01,0.340161,2.25423,2.3241,0.0698675,60.0
1744878820011042.0,567.725,-2007.74,0.340829,2.41756,2.46498,0.0474213,60.0
1744878820031595.0,567.725,-2007.74,0.340829,2.41756,2.56687,0.149311,60.0
1744878820052201.0,565.608,-2009.79,0.341285,2.46498,2.38102,-0.0839576,60.0
1744878820072865.0,565.608,-2009.79,0.341285,2.46498,2.47374,0.00876229,60.0
1744878820093857.0,565.608,-2009.79,0.341285,2.46498,2.46425,-0.000725708,60.0
1744878820114508.0,563.491,-2011.84,0.341742,2.47374,2.62253,0.148792,60.0
1744878820134862.0,563.491,-2011.84,0.341742,2.47374,2.42785,-0.0458927,60.0
1744878820155441.0,561.374,-2013.89,0.3422,2.62253,2.62167,-0.000862552,60.0
1744878820176078.0,561.374,-2013.89,0.3422,2.62253,2.48435,-0.138185,60.0
1744878820196843.0,561.374,-2013.89,0.3422,2.62253,2.54817,-0.0743589,60.0
1744878820217635.0,559.257,-2015.94,0.342659,2.48435,2.34714,-0.137205,60.0
1744878820238294.0,559.257,-2015.94,0.342659,2.48435,2.56346,0.0791083,60.0
1744878820259534.0,556.716,-2017.98,0.343083,2.34714,2.43169,0.084549,60.0
1744878820280121.0,556.716,-2017.98,0.343083,2.34714,2.35937,0.0122276,60.0
1744878820300674.0,556.716,-2017.98,0.343083,2.34714,2.36161,0.0144671,60.0
1744878820321202.0,554.599,-2020.03,0.343546,2.35937,2.5044,0.145032,60.0
1744878820341793.0,554.599,-2020.03,0.343546,2.35937,2.34619,-0.0131771,60.0
1744878820362425.0,552.482,-2022.08,0.34401,2.5044,2.43372,-0.0706823,60.0
1744878820383456.0,552.482,-2022.08,0.34401,2.5044,2.54241,0.0380079,60.0
1744878820403960.0,552.482,-2022.08,0.34401,2.5044,2.50419,-0.000215059,60.0
1744878820424666.0,549.942,-2023.45,0.344222,2.54241,2.63627,0.0938607,60.0
1744878820445321.0,549.942,-2023.45,0.344222,2.54241,2.55739,0.0149775,60.0
1744878820466091.0,547.825,-2025.5,0.344689,2.63627,2.62995,-0.00632358,60.0
1744878820486933.0,547.825,-2025.5,0.344689,2.63627,2.53755,-0.0987193,60.0
1744878820507461.0,545.708,-2027.54,0.345156,2.62995,2.54493,-0.0850156,60.0
1744878820528272.0,545.708,-2027.54,0.345156,2.62995,2.56251,-0.0674369,60.0
1744878820549067.0,545.708,-2027.54,0.345156,2.62995,2.53369,-0.0962525,60.0
1744878820569528.0,543.167,-2029.59,0.345589,2.56251,2.46927,-0.0932386,60.0
1744878820590167.0,543.167,-2029.59,0.345589,2.56251,2.54466,-0.0178485,60.0
1744878820610769.0,541.05,-2031.64,0.34606,2.46927,2.50001,0.0307362,60.0
1744878820631473.0,541.05,-2031.64,0.34606,2.46927,2.52404,0.054767,60.0
1744878820652117.0,541.05,-2031.64,0.34606,2.46927,2.46266,-0.00661132,60.0
1744878820672748.0,538.509,-2033.01,0.346279,2.52404,2.4683,-0.0557386,60.0
1744878820693657.0,538.509,-2033.01,0.346279,2.52404,2.53208,0.00803898,60.0
1744878820714185.0,536.392,-2035.06,0.346752,2.4683,2.53287,0.0645653,60.0
1744878820734866.0,536.392,-2035.06,0.346752,2.4683,2.3902,-0.0781007,60.0
1744878820755577.0,536.392,-2035.06,0.346752,2.4683,2.62171,0.153405,60.0
1744878820776592.0,533.852,-2037.1,0.347192,2.3902,2.54171,0.151506,60.0
1744878820797449.0,533.852,-2037.1,0.347192,2.3902,2.42362,0.0334209,60.0
1744878820818269.0,531.311,-2038.47,0.347415,2.54171,2.5221,-0.0196088,60.0
1744878820839355.0,531.311,-2038.47,0.347415,2.54171,2.40747,-0.134231,60.0
1744878820859794.0,531.311,-2038.47,0.347415,2.54171,2.61686,0.0751578,60.0
1744878820880615.0,529.194,-2040.52,0.347892,2.40747,2.53588,0.128401,60.0
1744878820901350.0,529.194,-2040.52,0.347892,2.40747,2.52017,0.1127,60.0
1744878820922234.0,526.654,-2042.57,0.348336,2.53588,2.40896,-0.126915,60.0
1744878820942799.0,526.654,-2042.57,0.348336,2.53588,2.41728,-0.118599,60.0
1744878820963496.0,524.113,-2043.93,0.348563,2.40896,2.35315,-0.0558139,60.0
1744878820984243.0,524.113,-2043.93,0.348563,2.40896,2.42112,0.0121574,60.0
1744878821005262.0,524.113,-2043.93,0.348563,2.40896,2.39404,-0.0149185,60.0
1744878821025903.0,521.573,-2045.98,0.34901,2.42112,2.30215,-0.118969,60.0
1744878821046693.0,521.573,-2045.98,0.34901,2.42112,2.47765,0.0565358,60.0
1744878821067420.0,519.455,-2047.35,0.349274,2.30215,2.23905,-0.0630944,60.0
1744878821088387.0,519.455,-2047.35,0.349274,2.30215,2.24615,-0.0560023,60.0
1744878821108701.0,519.455,-2047.35,0.349274,2.30215,2.27595,-0.0261956,60.0
1744878821129617.0,516.915,-2049.4,0.349724,2.24615,2.31606,0.0699131,60.0
1744878821150518.0,516.915,-2049.4,0.349724,2.24615,2.16737,-0.0787748,60.0
1744878821171270.0,514.374,-2050.76,0.349957,2.31606,2.37451,0.0584526,60.0
1744878821191512.0,514.374,-2050.76,0.349957,2.31606,2.43292,0.116863,60.0
1744878821212193.0,514.374,-2050.76,0.349957,2.31606,2.46578,0.149724,60.0
1744878821232901.0,511.834,-2052.81,0.35041,2.43292,2.37942,-0.053499,60.0
1744878821253761.0,511.834,-2052.81,0.35041,2.43292,2.34399,-0.0889358,60.0
1744878821274565.0,509.293,-2054.18,0.350645,2.37942,2.35299,-0.0264335,60.0
1744878821295644.0,509.293,-2054.18,0.350645,2.37942,2.52857,0.149146,60.0
1744878821316178.0,509.293,-2054.18,0.350645,2.37942,2.48153,0.102107,60.0
1744878821336838.0,506.752,-2055.54,0.350881,2.52857,2.45033,-0.0782368,60.0
1744878821357899.0,506.752,-2055.54,0.350881,2.52857,2.5205,-0.00806704,60.0
1744878821378319.0,504.212,-2057.59,0.351339,2.45033,2.33707,-0.11326,60.0
1744878821399087.0,504.212,-2057.59,0.351339,2.45033,2.33742,-0.112914,60.0
1744878821420161.0,501.671,-2058.96,0.351578,2.33707,2.41746,0.0803907,60.0
1744878821440649.0,501.671,-2058.96,0.351578,2.33707,2.32599,-0.0110851,60.0
1744878821461681.0,501.671,-2058.96,0.351578,2.33707,2.34828,0.0112104,60.0
1744878821482552.0,499.13,-2060.32,0.351819,2.32599,2.48707,0.161084,60.0
1744878821503286.0,499.13,-2060.32,0.351819,2.32599,2.34889,0.0229075,60.0
1744878821523892.0,496.59,-2062.37,0.352281,2.48707,2.36888,-0.118187,60.0
1744878821544682.0,496.59,-2062.37,0.352281,2.48707,2.52708,0.0400127,60.0
1744878821565200.0,496.59,-2062.37,0.352281,2.48707,2.42307,-0.0639983,60.0
1744878821585883.0,494.049,-2063.74,0.352524,2.52708,2.56695,0.0398643,60.0
1744878821606631.0,494.049,-2063.74,0.352524,2.52708,2.50976,-0.017326,60.0
1744878821627540.0,491.509,-2065.1,0.352769,2.56695,2.48207,-0.0848813,60.0
1744878821648108.0,491.509,-2065.1,0.352769,2.56695,2.52814,-0.0388052,60.0
1744878821668673.0,491.509,-2065.1,0.352769,2.56695,2.49919,-0.0677579,60.0
1744878821689491.0,488.544,-2066.47,0.352982,2.52814,2.52348,-0.00466538,60.0
1744878821710129.0,488.544,-2066.47,0.352982,2.52814,2.44195,-0.0861892,60.0
1744878821730781.0,486.004,-2067.84,0.353229,2.52348,2.64039,0.116914,60.0
1744878821751711.0,486.004,-2067.84,0.353229,2.52348,2.51584,-0.00763892,60.0
1744878821772938.0,483.463,-2069.2,0.353478,2.51584,2.50474,-0.0110975,60.0
1744878821793734.0,483.463,-2069.2,0.353478,2.51584,2.44198,-0.0738625,60.0
1744878821814513.0,483.463,-2069.2,0.353478,2.51584,2.67126,0.155422,60.0
1744878821835570.0,480.922,-2070.57,0.353728,2.44198,2.54883,0.106859,60.0
1744878821856255.0,480.922,-2070.57,0.353728,2.44198,2.49127,0.0492993,60.0
1744878821876840.0,477.958,-2071.93,0.353948,2.54883,2.66433,0.115498,60.0
1744878821897578.0,477.958,-2071.93,0.353948,2.54883,2.49223,-0.0566078,60.0
1744878821918191.0,477.958,-2071.93,0.353948,2.54883,2.55001,0.00117416,60.0
1744878821939227.0,475.418,-2073.3,0.3542,2.49223,2.45148,-0.040746,60.0
1744878821959828.0,475.418,-2073.3,0.3542,2.49223,2.37338,-0.118843,60.0
1744878821980708.0,472.877,-2074.67,0.354454,2.45148,2.50928,0.057797,60.0
1744878822002191.0,472.877,-2074.67,0.354454,2.45148,2.60677,0.155287,60.0
1744878822022793.0,472.877,-2074.67,0.354454,2.45148,2.41315,-0.0383325,60.0
1744878822043488.0,469.913,-2076.03,0.354679,2.60677,2.5456,-0.0611634,60.0
1744878822064209.0,469.913,-2076.03,0.354679,2.60677,2.47365,-0.133121,60.0
1744878822085148.0,467.372,-2077.4,0.354935,2.5456,2.65936,0.113753,60.0
1744878822105531.0,467.372,-2077.4,0.354935,2.5456,2.51442,-0.0311877,60.0
1744878822126318.0,467.372,-2077.4,0.354935,2.5456,2.52558,-0.0200261,60.0
1744878822146962.0,464.832,-2078.76,0.355194,2.51442,2.47961,-0.0348076,60.0
1744878822167552.0,464.832,-2078.76,0.355194,2.51442,2.60044,0.0860268,60.0
1744878822188027.0,461.867,-2080.13,0.355422,2.47961,2.49157,0.0119609,60.0
1744878822208619.0,461.867,-2080.13,0.355422,2.47961,2.47401,-0.00559882,60.0
1744878822229569.0,459.327,-2081.5,0.355683,2.49157,2.52489,0.0333174,60.0
1744878822250121.0,459.327,-2081.5,0.355683,2.49157,2.39349,-0.0980768,60.0
1744878822270976.0,459.327,-2081.5,0.355683,2.49157,2.47401,-0.0175641,60.0
1744878822292106.0,456.362,-2082.18,0.355693,2.39349,2.32291,-0.0705852,60.0
1744878822312573.0,456.362,-2082.18,0.355693,2.39349,2.37537,-0.0181232,60.0
1744878822333199.0,453.822,-2083.55,0.355956,2.32291,2.44441,0.121502,60.0
1744878822353761.0,453.822,-2083.55,0.355956,2.32291,2.42382,0.100909,60.0
1744878822374406.0,453.822,-2083.55,0.355956,2.32291,2.33977,0.0168576,60.0
1744878822395198.0,450.858,-2084.91,0.356191,2.42382,2.36382,-0.0599962,60.0
1744878822415774.0,450.858,-2084.91,0.356191,2.42382,2.51956,0.0957378,60.0
1744878822436361.0,448.317,-2085.6,0.356235,2.36382,2.44005,0.0762323,60.0
1744878822457166.0,448.317,-2085.6,0.356235,2.36382,2.40536,0.0415387,60.0
1744878822477772.0,448.317,-2085.6,0.356235,2.36382,2.48596,0.122141,60.0
1744878822498398.0,445.353,-2086.96,0.356472,2.40536,2.33611,-0.0692514,60.0
1744878822519227.0,445.353,-2086.96,0.356472,2.40536,2.51471,0.109352,60.0
1744878822540011.0,442.388,-2088.33,0.356712,2.33611,2.44805,0.111939,60.0
1744878822561035.0,442.388,-2088.33,0.356712,2.33611,2.49398,0.157867,60.0
1744878822581763.0,442.388,-2088.33,0.356712,2.33611,2.41037,0.0742577,60.0
1744878822602328.0,439.848,-2089.01,0.356759,2.49398,2.64827,0.154298,60.0
1744878822622970.0,439.848,-2089.01,0.356759,2.49398,2.44087,-0.0531047,60.0
1744878822643554.0,436.883,-2090.38,0.357002,2.64827,2.5401,-0.108171,60.0
1744878822664168.0,436.883,-2090.38,0.357002,2.64827,2.723,0.0747244,60.0
1744878822684880.0,433.919,-2091.06,0.357023,2.5401,2.49371,-0.0463941,60.0
1744878822705446.0,433.919,-2091.06,0.357023,2.5401,2.48814,-0.0519584,60.0
1744878822726215.0,433.919,-2091.06,0.357023,2.5401,2.48615,-0.0539482,60.0
1744878822746718.0,431.378,-2092.43,0.357297,2.48814,2.4616,-0.026541,60.0
1744878822767668.0,431.378,-2092.43,0.357297,2.48814,2.47396,-0.0141887,60.0
1744878822788399.0,428.414,-2093.11,0.35732,2.4616,2.59596,0.134361,60.0
1744878822809165.0,428.414,-2093.11,0.35732,2.4616,2.60834,0.14674,60.0
1744878822829769.0,428.414,-2093.11,0.35732,2.4616,2.49288,0.0312765,60.0
1744878822850457.0,425.45,-2093.79,0.357345,2.60834,2.46892,-0.139427,60.0
1744878822871517.0,425.45,-2093.79,0.357345,2.60834,2.48926,-0.119087,60.0
1744878822891916.0,422.909,-2095.16,0.357624,2.46892,2.43493,-0.0339843,60.0
1744878822912758.0,422.909,-2095.16,0.357624,2.46892,2.43298,-0.0359352,60.0
1744878822933357.0,422.909,-2095.16,0.357624,2.46892,2.34351,-0.125408,60.0
1744878822954118.0,419.945,-2095.84,0.357652,2.43298,2.4747,0.0417161,60.0
1744878822974876.0,419.945,-2095.84,0.357652,2.43298,2.48681,0.0538315,60.0
1744878822995490.0,416.98,-2096.53,0.357681,2.4747,2.4322,-0.0425001,60.0
1744878823016794.0,416.98,-2096.53,0.357681,2.4747,2.42822,-0.0464771,60.0
1744878823037833.0,416.98,-2096.53,0.357681,2.4747,2.52604,0.0513387,60.0
1744878823058566.0,414.016,-2097.89,0.357936,2.42822,2.3685,-0.0597194,60.0
1744878823079227.0,414.016,-2097.89,0.357936,2.42822,2.52881,0.100592,60.0
1744878823099779.0,411.475,-2098.58,0.357995,2.3685,2.53086,0.162354,60.0
1744878823120584.0,411.475,-2098.58,0.357995,2.3685,2.45769,0.0891837,60.0
1744878823141372.0,408.511,-2099.26,0.358029,2.53086,2.37773,-0.153126,60.0
1744878823162296.0,408.511,-2099.26,0.358029,2.53086,2.56903,0.0381714,60.0
1744878823183094.0,408.511,-2099.26,0.358029,2.53086,2.57772,0.0468694,60.0
1744878823203867.0,405.547,-2099.94,0.358064,2.56903,2.5622,-0.00682931,60.0
1744878823224815.0,405.547,-2099.94,0.358064,2.56903,2.57113,0.00210742,60.0
1744878823245383.0,402.582,-2100.63,0.3581,2.5622,2.42628,-0.135913,60.0
1744878823266363.0,402.582,-2100.63,0.3581,2.5622,2.51459,-0.0476027,60.0
1744878823286689.0,402.582,-2100.63,0.3581,2.5622,2.49783,-0.0643664,60.0
1744878823307454.0,399.618,-2101.31,0.358138,2.51459,2.47898,-0.0356106,60.0
1744878823328165.0,399.618,-2101.31,0.358138,2.51459,2.52078,0.00618266,60.0
1744878823348891.0,396.654,-2101.99,0.358177,2.47898,2.39458,-0.0844046,60.0
1744878823369410.0,396.654,-2101.99,0.358177,2.47898,2.50687,0.027881,60.0
1744878823390300.0,396.654,-2101.99,0.358177,2.47898,2.42579,-0.0531916,60.0
1744878823412215.0,393.689,-2102.68,0.358218,2.50687,2.38599,-0.120872,60.0
1744878823432842.0,393.689,-2102.68,0.358218,2.50687,2.56568,0.0588126,60.0
1744878823453330.0,390.725,-2103.36,0.35826,2.38599,2.42369,0.0376998,60.0
1744878823474024.0,390.725,-2103.36,0.35826,2.38599,2.33366,-0.0523378,60.0
1744878823494776.0,388.184,-2104.04,0.35833,2.42369,2.47423,0.0505421,60.0
1744878823515690.0,388.184,-2104.04,0.35833,2.42369,2.40334,-0.0203545,60.0
1744878823536429.0,388.184,-2104.04,0.35833,2.42369,2.4976,0.0739096,60.0
1744878823557335.0,385.22,-2104.73,0.358374,2.40334,2.36115,-0.042191,60.0
1744878823578052.0,385.22,-2104.73,0.358374,2.40334,2.25584,-0.147499,60.0
1744878823599065.0,382.256,-2105.41,0.358421,2.36115,2.50218,0.14103,60.0
1744878823620069.0,382.256,-2105.41,0.358421,2.36115,2.46481,0.103659,60.0
1744878823641018.0,382.256,-2105.41,0.358421,2.36115,2.35907,-0.00207329,60.0
1744878823662181.0,379.291,-2106.09,0.358469,2.46481,2.42717,-0.0376335,60.0
1744878823683052.0,379.291,-2106.09,0.358469,2.46481,2.43108,-0.0337236,60.0
1744878823703811.0,376.327,-2106.78,0.358518,2.42717,2.33406,-0.0931171,60.0
1744878823724861.0,376.327,-2106.78,0.358518,2.42717,2.47114,0.0439685,60.0
1744878823745670.0,373.363,-2107.46,0.358569,2.33406,2.41342,0.0793687,60.0
1744878823766682.0,373.363,-2107.46,0.358569,2.33406,2.36225,0.0281925,60.0
1744878823787469.0,373.363,-2107.46,0.358569,2.33406,2.40759,0.0735328,60.0
1744878823808125.0,370.398,-2107.46,0.358396,2.36225,2.39613,0.0338836,60.0
1744878823828999.0,370.398,-2107.46,0.358396,2.36225,2.45061,0.0883596,60.0
1744878823849472.0,367.434,-2108.14,0.358449,2.39613,2.48799,0.0918621,60.0
1744878823870646.0,367.434,-2108.14,0.358449,2.39613,2.52895,0.132819,60.0
1744878823891372.0,367.434,-2108.14,0.358449,2.39613,2.34287,-0.0532572,60.0
1744878823912386.0,364.47,-2108.83,0.358504,2.52895,2.48616,-0.0427953,60.0
1744878823932809.0,364.47,-2108.83,0.358504,2.52895,2.46494,-0.06401,60.0
1744878823953399.0,361.505,-2108.83,0.358335,2.48616,2.47754,-0.00861784,60.0
1744878823974023.0,361.505,-2108.83,0.358335,2.48616,2.60359,0.117438,60.0
1744878823994874.0,361.505,-2108.83,0.358335,2.48616,2.49258,0.00642294,60.0
1744878824015809.0,358.541,-2109.51,0.358393,2.60359,2.49351,-0.11008,60.0
1744878824036661.0,358.541,-2109.51,0.358393,2.60359,2.56053,-0.0430666,60.0
1744878824057383.0,355.576,-2109.51,0.358227,2.49351,2.40889,-0.084627,60.0
1744878824077968.0,355.576,-2109.51,0.358227,2.49351,2.56811,0.0745928,60.0
1744878824098616.0,352.612,-2110.2,0.358288,2.40889,2.48354,0.074652,60.0
1744878824119492.0,352.612,-2110.2,0.358288,2.40889,2.56891,0.160027,60.0
1744878824140256.0,352.612,-2110.2,0.358288,2.40889,2.26789,-0.140995,60.0
1744878824160894.0,349.647,-2110.2,0.358124,2.56891,2.41345,-0.155459,60.0
1744878824181666.0,349.647,-2110.2,0.358124,2.56891,2.48749,-0.0814232,60.0
1744878824202280.0,346.683,-2110.88,0.358188,2.41345,2.4709,0.0574434,60.0
1744878824223101.0,346.683,-2110.88,0.358188,2.41345,2.50823,0.094772,60.0
1744878824243899.0,346.683,-2110.88,0.358188,2.41345,2.40295,-0.0105057,60.0
1744878824265900.0,343.295,-2110.88,0.358004,2.50823,2.4912,-0.0170257,60.0
1744878824286738.0,343.295,-2110.88,0.358004,2.50823,2.37133,-0.1369,60.0
1744878824307209.0,340.331,-2111.56,0.358071,2.4912,2.50162,0.0104239,60.0
1744878824327871.0,340.331,-2111.56,0.358071,2.4912,2.46412,-0.0270768,60.0
1744878824348635.0,340.331,-2111.56,0.358071,2.4912,2.58348,0.0922823,60.0
1744878824369409.0,337.366,-2111.56,0.357913,2.46412,2.53305,0.0689234,60.0
1744878824389976.0,337.366,-2111.56,0.357913,2.46412,2.53773,0.0736006,60.0
1744878824410665.0,334.402,-2111.57,0.357757,2.53305,2.37065,-0.162395,60.0
1744878824431793.0,334.402,-2111.57,0.357757,2.53305,2.46852,-0.0645277,60.0
1744878824452567.0,334.402,-2111.57,0.357757,2.53305,2.38307,-0.149979,60.0
1744878824472848.0,331.437,-2111.57,0.357602,2.46852,2.3991,-0.0694241,60.0
1744878824493540.0,331.437,-2111.57,0.357602,2.46852,2.63122,0.162701,60.0
1744878824514902.0,328.473,-2112.25,0.357674,2.3991,2.32859,-0.0705091,60.0
1744878824535580.0,328.473,-2112.25,0.357674,2.3991,2.42023,0.0211337,60.0
1744878824556167.0,325.509,-2112.25,0.357522,2.32859,2.46881,0.140223,60.0
1744878824577204.0,325.509,-2112.25,0.357522,2.32859,2.32774,-0.000842641,60.0
1744878824597840.0,325.509,-2112.25,0.357522,2.32859,2.47801,0.149426,60.0
1744878824618281.0,322.544,-2112.25,0.357371,2.32774,2.39361,0.0658641,60.0
1744878824638905.0,322.544,-2112.25,0.357371,2.32774,2.35049,0.0227492,60.0
1744878824659507.0,319.58,-2112.25,0.357222,2.39361,2.51704,0.123436,60.0
1744878824680404.0,319.58,-2112.25,0.357222,2.39361,2.5485,0.154889,60.0
1744878824700711.0,319.58,-2112.25,0.357222,2.39361,2.30236,-0.0912447,60.0
1744878824721644.0,316.615,-2112.25,0.357074,2.5485,2.50093,-0.0475679,60.0
1744878824742326.0,316.615,-2112.25,0.357074,2.5485,2.42524,-0.123262,60.0
1744878824763019.0,313.651,-2112.25,0.356927,2.50093,2.56431,0.0633845,60.0
1744878824784086.0,313.651,-2112.25,0.356927,2.50093,2.493,-0.0079353,60.0
1744878824804750.0,313.651,-2112.25,0.356927,2.50093,2.56873,0.0677984,60.0
1744878824825185.0,310.686,-2112.25,0.356782,2.49299,2.42283,-0.0701635,60.0
1744878824846040.0,310.686,-2112.25,0.356782,2.49299,2.49856,0.00556736,60.0
1744878824866914.0,307.722,-2112.25,0.356638,2.42283,2.49733,0.0744996,60.0
1744878824887691.0,307.722,-2112.25,0.356638,2.42283,2.35042,-0.0724162,60.0
1744878824908460.0,307.722,-2112.25,0.356638,2.42283,2.57111,0.148279,60.0
1744878824929199.0,304.334,-2112.26,0.356475,2.35042,2.48258,0.13216,60.0
1744878824949875.0,304.334,-2112.26,0.356475,2.35042,2.38551,0.0350987,60.0
1744878824970396.0,301.369,-2112.26,0.356334,2.48258,2.55857,0.0759961,60.0
1744878824991378.0,301.369,-2112.26,0.356334,2.48258,2.45187,-0.0307083,60.0
1744878825012045.0,298.405,-2112.26,0.356195,2.45187,2.40072,-0.0511513,60.0
1744878825032251.0,298.405,-2112.26,0.356195,2.45187,2.37103,-0.0808397,60.0
1744878825052896.0,298.405,-2112.26,0.356195,2.45187,2.49339,0.0415235,60.0
1744878825073878.0,295.44,-2112.26,0.356057,2.37103,2.41554,0.0445128,60.0
1744878825094376.0,295.44,-2112.26,0.356057,2.37103,2.49652,0.125492,60.0
1744878825115477.0,292.475,-2111.58,0.355694,2.41554,2.57284,0.157297,60.0
1744878825135960.0,292.475,-2111.58,0.355694,2.41554,2.41578,0.000239323,60.0
1744878825156577.0,292.475,-2111.58,0.355694,2.41554,2.44596,0.030417,60.0
1744878825177200.0,289.511,-2111.58,0.355559,2.41578,2.56829,0.152508,60.0
1744878825198097.0,289.511,-2111.58,0.355559,2.41578,2.48445,0.0686752,60.0
1744878825218728.0,286.546,-2111.58,0.355425,2.56829,2.43974,-0.128548,60.0
1744878825239350.0,286.546,-2111.58,0.355425,2.56829,2.61905,0.0507649,60.0
1744878825260335.0,286.546,-2111.58,0.355425,2.56829,2.41261,-0.155674,60.0
1744878825281338.0,283.582,-2111.58,0.355292,2.61905,2.54762,-0.0714346,60.0
1744878825301933.0,283.582,-2111.58,0.355292,2.61905,2.47459,-0.144465,60.0
1744878825323513.0,280.617,-2110.9,0.354935,2.54762,2.42469,-0.122929,60.0
1744878825344528.0,280.617,-2110.9,0.354935,2.54762,2.50969,-0.0379242,60.0
1744878825365234.0,280.617,-2110.9,0.354935,2.54762,2.50071,-0.0469061,60.0
1744878825386075.0,277.653,-2110.9,0.354806,2.50969,2.47431,-0.0353819,60.0
1744878825406666.0,277.653,-2110.9,0.354806,2.50969,2.53544,0.0257483,60.0
1744878825427349.0,274.688,-2110.21,0.354452,2.47431,2.35218,-0.122132,60.0
1744878825448292.0,274.688,-2110.21,0.354452,2.47431,2.50746,0.0331482,60.0
1744878825468827.0,271.724,-2110.22,0.354324,2.35218,2.24613,-0.106049,60.0
1744878825489547.0,271.724,-2110.22,0.354324,2.35218,2.45175,0.0995685,60.0
1744878825510250.0,271.724,-2110.22,0.354324,2.35218,2.31686,-0.0353158,60.0
1744878825530892.0,268.759,-2109.53,0.353973,2.45175,2.45231,0.000563082,60.0
1744878825551649.0,268.759,-2109.53,0.353973,2.45175,2.35197,-0.0997822,60.0
1744878825571920.0,265.794,-2109.53,0.353849,2.45231,2.50506,0.0527466,60.0
1744878825593273.0,265.794,-2109.53,0.353849,2.45231,2.49588,0.0435647,60.0
1744878825613476.0,265.794,-2109.53,0.353849,2.45231,2.41484,-0.0374723,60.0
1744878825634014.0,262.83,-2108.85,0.353501,2.49588,2.37093,-0.124949,60.0
1744878825654463.0,262.83,-2108.85,0.353501,2.49588,2.48488,-0.0109958,60.0
1744878825674963.0,259.865,-2108.85,0.353379,2.37093,2.52206,0.151128,60.0
1744878825695746.0,259.865,-2108.85,0.353379,2.37093,2.38984,0.0189088,60.0
1744878825716073.0,259.865,-2108.85,0.353379,2.37093,2.39703,0.026103,60.0
1744878825736870.0,256.901,-2108.17,0.353034,2.38984,2.42598,0.0361403,60.0
1744878825757251.0,256.901,-2108.17,0.353034,2.38984,2.45366,0.0638213,60.0
1744878825778563.0,253.936,-2107.49,0.352689,2.42598,2.51925,0.0932688,60.0
1744878825799487.0,253.936,-2107.49,0.352689,2.42598,2.56098,0.135008,60.0
1744878825820407.0,253.936,-2107.49,0.352689,2.42598,2.26399,-0.161985,60.0
1744878825841084.0,250.972,-2107.49,0.352572,2.56098,2.4543,-0.106688,60.0
1744878825861679.0,250.972,-2107.49,0.352572,2.56098,2.55846,-0.00252358,60.0
1744878825882245.0,248.007,-2106.81,0.352231,2.4543,2.30104,-0.153261,60.0
1744878825903063.0,248.007,-2106.81,0.352231,2.4543,2.37426,-0.0800416,60.0
1744878825924168.0,245.042,-2106.13,0.351891,2.30104,2.44229,0.141253,60.0
1744878825944663.0,245.042,-2106.13,0.351891,2.30104,2.32578,0.024749,60.0
1744878825965387.0,245.042,-2106.13,0.351891,2.30104,2.38866,0.0876277,60.0
1744878825986436.0,242.078,-2105.44,0.351553,2.32578,2.4835,0.157715,60.0
1744878826007621.0,242.078,-2105.44,0.351553,2.32578,2.48885,0.163064,60.0
1744878826028200.0,239.113,-2104.76,0.351216,2.4835,2.50404,0.0205428,60.0
1744878826048851.0,239.113,-2104.76,0.351216,2.4835,2.40451,-0.0789915,60.0
1744878826069535.0,239.113,-2104.76,0.351216,2.4835,2.49196,0.00845787,60.0
1744878826090194.0,236.148,-2104.76,0.351105,2.40451,2.50715,0.10264,60.0
1744878826111062.0,236.148,-2104.76,0.351105,2.40451,2.29716,-0.107352,60.0
1744878826131812.0,233.184,-2104.08,0.350771,2.50715,2.39411,-0.113043,60.0
1744878826152729.0,233.184,-2104.08,0.350771,2.50715,2.5094,0.00225029,60.0
1744878826174393.0,233.184,-2104.08,0.350771,2.50715,2.63115,0.124004,60.0
1744878826195201.0,230.219,-2103.4,0.350439,2.5094,2.43734,-0.0720555,60.0
1744878826215816.0,230.219,-2103.4,0.350439,2.5094,2.52874,0.0193386,60.0
1744878826236603.0,227.254,-2102.72,0.350108,2.43734,2.36293,-0.0744158,60.0
1744878826257221.0,227.254,-2102.72,0.350108,2.43734,2.43815,0.000808436,60.0
1744878826278762.0,224.29,-2102.03,0.349778,2.43815,2.35979,-0.0783634,60.0
1744878826299509.0,224.29,-2102.03,0.349778,2.43815,2.5923,0.154147,60.0
1744878826320146.0,224.29,-2102.03,0.349778,2.43815,2.5588,0.120647,60.0
1744878826341051.0,221.325,-2101.35,0.34945,2.5923,2.58916,-0.00313567,60.0
1744878826361487.0,221.325,-2101.35,0.34945,2.5923,2.50813,-0.0841723,60.0
1744878826382251.0,218.784,-2099.99,0.348913,2.58916,2.6123,0.0231381,60.0
1744878826402974.0,218.784,-2099.99,0.348913,2.58916,2.54936,-0.0398066,60.0
1744878826424024.0,218.784,-2099.99,0.348913,2.58916,2.51886,-0.070304,60.0
1744878826444838.0,215.819,-2099.31,0.348588,2.54936,2.45788,-0.0914796,60.0
1744878826465363.0,215.819,-2099.31,0.348588,2.54936,2.51984,-0.0295175,60.0
1744878826486022.0,212.854,-2098.62,0.348264,2.45788,2.43564,-0.0222349,60.0
1744878826506661.0,212.854,-2098.62,0.348264,2.45788,2.59591,0.138035,60.0
1744878826527508.0,212.854,-2098.62,0.348264,2.45788,2.37964,-0.0782422,60.0
1744878826548298.0,209.89,-2097.94,0.347941,2.59591,2.6017,0.0057864,60.0
1744878826569157.0,209.89,-2097.94,0.347941,2.59591,2.59231,-0.00359887,60.0
1744878826589697.0,206.925,-2097.26,0.34762,2.6017,2.52096,-0.0807415,60.0
1744878826610416.0,206.925,-2097.26,0.34762,2.6017,2.49349,-0.108214,60.0
1744878826631167.0,206.925,-2097.26,0.34762,2.6017,2.46614,-0.135557,60.0
1744878826651985.0,203.96,-2095.9,0.347077,2.49349,2.44391,-0.0495752,60.0
1744878826672683.0,203.96,-2095.9,0.347077,2.49349,2.44915,-0.0443315,60.0
1744878826693730.0,201.419,-2095.21,0.346772,2.44391,2.51249,0.0685754,60.0
1744878826714225.0,201.419,-2095.21,0.346772,2.44391,2.30885,-0.135063,60.0
1744878826735259.0,198.454,-2094.53,0.346455,2.51249,2.51561,0.0031252,60.0
1744878826755885.0,198.454,-2094.53,0.346455,2.51249,2.42245,-0.0900314,60.0
1744878826776548.0,198.454,-2094.53,0.346455,2.51249,2.51104,-0.00144437,60.0
1744878826797445.0,195.49,-2093.17,0.345916,2.42245,2.49487,0.0724154,60.0
1744878826818250.0,195.49,-2093.17,0.345916,2.42245,2.45299,0.0305358,60.0
1744878826839040.0,192.949,-2092.48,0.345615,2.49487,2.40662,-0.0882471,60.0
1744878826859937.0,192.949,-2092.48,0.345615,2.49487,2.43073,-0.0641395,60.0
1744878826880667.0,192.949,-2092.48,0.345615,2.49487,2.47675,-0.0181231,60.0
1744878826901194.0,189.984,-2091.8,0.345302,2.43073,2.55527,0.124539,60.0
1744878826922071.0,189.984,-2091.8,0.345302,2.43073,2.5034,0.0726727,60.0
1744878826942873.0,187.019,-2090.44,0.344768,2.55527,2.51624,-0.0390287,60.0
1744878826963498.0,187.019,-2090.44,0.344768,2.55527,2.48838,-0.066894,60.0
1744878826984228.0,187.019,-2090.44,0.344768,2.55527,2.41141,-0.143858,60.0
1744878827005019.0,184.478,-2089.76,0.34447,2.48838,2.35606,-0.132316,60.0
1744878827025729.0,184.478,-2089.76,0.34447,2.48838,2.38146,-0.106917,60.0
1744878827046327.0,181.513,-2088.39,0.343939,2.35606,2.5076,0.151546,60.0
1744878827067164.0,181.513,-2088.39,0.343939,2.35606,2.39116,0.035101,60.0
1744878827087725.0,181.513,-2088.39,0.343939,2.35606,2.35529,-0.000767357,60.0
1744878827108560.0,178.548,-2087.03,0.343409,2.39116,2.43444,0.0432762,60.0
1744878827129282.0,178.548,-2087.03,0.343409,2.39116,2.42885,0.0376909,60.0
1744878827150043.0,176.007,-2086.34,0.343115,2.43444,2.48926,0.0548282,60.0
1744878827170808.0,176.007,-2086.34,0.343115,2.43444,2.43088,-0.0035573,60.0
1744878827191523.0,173.042,-2084.98,0.342588,2.48926,2.62438,0.135117,60.0
1744878827212292.0,173.042,-2084.98,0.342588,2.48926,2.50441,0.0151472,60.0
1744878827233132.0,173.042,-2084.98,0.342588,2.48926,2.42387,-0.065392,60.0
1744878827253683.0,170.501,-2083.61,0.342075,2.50441,2.45077,-0.0536456,60.0
1744878827274648.0,170.501,-2083.61,0.342075,2.50441,2.48326,-0.0211523,60.0
1744878827295560.0,167.536,-2082.93,0.341773,2.45077,2.4431,-0.00766306,60.0
1744878827316358.0,167.536,-2082.93,0.341773,2.45077,2.50032,0.0495544,60.0
1744878827337056.0,167.536,-2082.93,0.341773,2.45077,2.55445,0.103685,60.0
1744878827357760.0,164.995,-2081.57,0.341262,2.50032,2.65215,0.151831,60.0
1744878827378394.0,164.995,-2081.57,0.341262,2.50032,2.36219,-0.138126,60.0
1744878827399227.0,162.03,-2080.2,0.340741,2.65215,2.51359,-0.138561,60.0
1744878827420199.0,162.03,-2080.2,0.340741,2.65215,2.65538,0.00322673,60.0
1744878827440737.0,162.03,-2080.2,0.340741,2.65215,2.7187,0.0665499,60.0
1744878827461298.0,159.489,-2078.84,0.340233,2.65538,2.53382,-0.121558,60.0
1744878827482031.0,159.489,-2078.84,0.340233,2.65538,2.49452,-0.160853,60.0
1744878827502782.0,156.524,-2078.16,0.339937,2.53382,2.69268,0.158859,60.0
1744878827523729.0,156.524,-2078.16,0.339937,2.53382,2.58619,0.0523755,60.0
1744878827544455.0,156.524,-2078.16,0.339937,2.53382,2.40795,-0.125865,60.0
1744878827564932.0,153.983,-2076.79,0.339431,2.58619,2.5482,-0.0379954,60.0
1744878827585518.0,153.983,-2076.79,0.339431,2.58619,2.55869,-0.0275076,60.0
1744878827606016.0,151.018,-2075.43,0.338917,2.5482,2.49878,-0.0494228,60.0
1744878827626740.0,151.018,-2075.43,0.338917,2.5482,2.45272,-0.0954837,60.0
1744878827647561.0,148.477,-2074.06,0.338414,2.49878,2.46986,-0.0289144,60.0
1744878827668157.0,148.477,-2074.06,0.338414,2.49878,2.56786,0.0690812,60.0
1744878827688887.0,148.477,-2074.06,0.338414,2.49878,2.3881,-0.110674,60.0
1744878827709564.0,145.935,-2072.7,0.337912,2.56786,2.43096,-0.136896,60.0
1744878827730427.0,145.935,-2072.7,0.337912,2.56786,2.42123,-0.146628,60.0
1744878827751176.0,142.971,-2071.33,0.337402,2.43096,2.30791,-0.12305,60.0
1744878827772234.0,142.971,-2071.33,0.337402,2.43096,2.43855,0.00759237,60.0
1744878827792806.0,142.971,-2071.33,0.337402,2.43096,2.35488,-0.0760832,60.0
1744878827813474.0,140.429,-2069.97,0.336903,2.43855,2.50262,0.0640669,60.0
1744878827834344.0,140.429,-2069.97,0.336903,2.43855,2.38864,-0.0499161,60.0
1744878827854996.0,137.888,-2068.6,0.336405,2.50262,2.4779,-0.0247195,60.0
1744878827875732.0,137.888,-2068.6,0.336405,2.50262,2.40461,-0.0980101,60.0
1744878827896804.0,137.888,-2068.6,0.336405,2.50262,2.35287,-0.149751,60.0
1744878827917336.0,134.923,-2067.24,0.3359,2.40461,2.29946,-0.10515,60.0
1744878827938161.0,134.923,-2067.24,0.3359,2.40461,2.53851,0.133897,60.0
1744878827958971.0,132.382,-2065.87,0.335405,2.29946,2.34062,0.0411601,60.0
1744878827979714.0,132.382,-2065.87,0.335405,2.29946,2.42142,0.121963,60.0
1744878828000483.0,129.84,-2064.51,0.334912,2.34062,2.49187,0.151251,60.0
1744878828021235.0,129.84,-2064.51,0.334912,2.34062,2.49768,0.157059,60.0
1744878828043152.0,129.84,-2064.51,0.334912,2.34062,2.40549,0.0648642,60.0
1744878828064183.0,127.299,-2063.14,0.334419,2.49768,2.64535,0.147675,60.0
1744878828084885.0,127.299,-2063.14,0.334419,2.49768,2.50278,0.00510383,60.0
1744878828105891.0,124.758,-2061.1,0.333708,2.64535,2.48548,-0.159877,60.0
1744878828126627.0,124.758,-2061.1,0.333708,2.64535,2.50649,-0.138869,60.0
1744878828147541.0,124.758,-2061.1,0.333708,2.64535,2.55809,-0.087263,60.0
1744878828168603.0,121.793,-2059.73,0.333211,2.50649,2.45861,-0.0478712,60.0
1744878828189249.0,121.793,-2059.73,0.333211,2.50649,2.42379,-0.0826933,60.0
1744878828209802.0,119.251,-2058.37,0.332722,2.45861,2.3559,-0.102713,60.0
1744878828230536.0,119.251,-2058.37,0.332722,2.45861,2.55361,0.0949942,60.0
1744878828251475.0,119.251,-2058.37,0.332722,2.45861,2.34559,-0.113024,60.0
1744878828272180.0,116.71,-2057.0,0.332236,2.55361,2.44119,-0.112423,60.0
1744878828292857.0,116.71,-2057.0,0.332236,2.55361,2.47762,-0.0759921,60.0
1744878828313790.0,114.169,-2055.64,0.33175,2.44119,2.33104,-0.11015,60.0
1744878828334246.0,114.169,-2055.64,0.33175,2.44119,2.29383,-0.147355,60.0
1744878828355223.0,111.627,-2053.59,0.331047,2.33104,2.3188,-0.012233,60.0
1744878828375851.0,111.627,-2053.59,0.331047,2.33104,2.31182,-0.0192101,60.0
1744878828396454.0,111.627,-2053.59,0.331047,2.33104,2.42532,0.0942872,60.0
1744878828417125.0,109.086,-2052.23,0.330564,2.31182,2.47588,0.164059,60.0
1744878828437866.0,109.086,-2052.23,0.330564,2.31182,2.45297,0.141144,60.0
1744878828458650.0,106.545,-2050.86,0.330083,2.47588,2.56172,0.0858332,60.0
1744878828479477.0,106.545,-2050.86,0.330083,2.47588,2.43367,-0.0422139,60.0
1744878828500274.0,106.545,-2050.86,0.330083,2.47588,2.40634,-0.0695404,60.0
1744878828520957.0,104.003,-2048.81,0.329384,2.43367,2.42605,-0.00762553,60.0
1744878828543038.0,104.003,-2048.81,0.329384,2.43367,2.56165,0.127984,60.0
1744878828564065.0,101.462,-2047.45,0.328905,2.42605,2.4124,-0.0136431,60.0
1744878828585842.0,101.462,-2047.45,0.328905,2.42605,2.27037,-0.155675,60.0
1744878828606683.0,101.462,-2047.45,0.328905,2.42605,2.40255,-0.0234942,60.0
1744878828627240.0,98.9206,-2046.08,0.328428,2.27037,2.22425,-0.0461191,60.0
1744878828649133.0,98.9206,-2046.08,0.328428,2.27037,2.3306,0.0602263,60.0
1744878828670104.0,96.3791,-2044.04,0.327733,2.22425,2.23979,0.0155342,60.0
1744878828690783.0,96.3791,-2044.04,0.327733,2.22425,2.34812,0.12387,60.0
1744878828711563.0,93.8378,-2042.67,0.327259,2.23979,2.40168,0.161892,60.0
1744878828732339.0,93.8378,-2042.67,0.327259,2.23979,2.31618,0.0763977,60.0
1744878828753052.0,93.8378,-2042.67,0.327259,2.23979,2.34212,0.102339,60.0
1744878828774049.0,91.7198,-2040.62,0.326573,2.31618,2.34546,0.029275,60.0
1744878828795154.0,91.7198,-2040.62,0.326573,2.31618,2.30464,-0.0115389,60.0
1744878828815912.0,89.1785,-2039.26,0.326101,2.34546,2.34705,0.0015875,60.0
1744878828836810.0,89.1785,-2039.26,0.326101,2.34546,2.37966,0.0342048,60.0
1744878828857499.0,89.1785,-2039.26,0.326101,2.34546,2.48539,0.139932,60.0
1744878828878055.0,86.637,-2037.21,0.325413,2.37966,2.35641,-0.0232566,60.0
1744878828898699.0,86.637,-2037.21,0.325413,2.37966,2.41,0.0303344,60.0
1744878828919319.0,84.0957,-2035.85,0.324944,2.35641,2.4105,0.0540934,60.0
1744878828940395.0,84.0957,-2035.85,0.324944,2.35641,2.28152,-0.0748853,60.0
1744878828960916.0,84.0957,-2035.85,0.324944,2.35641,2.45084,0.094429,60.0
1744878828982074.0,81.9777,-2033.8,0.324264,2.28152,2.30012,0.0185995,60.0
1744878829003323.0,81.9777,-2033.8,0.324264,2.28152,2.42563,0.144113,60.0
1744878829024145.0,79.4363,-2031.75,0.32358,2.30012,2.30957,0.00944938,60.0
1744878829044658.0,79.4363,-2031.75,0.32358,2.30012,2.29755,-0.00257445,60.0
1744878829065382.0,76.8949,-2030.39,0.323115,2.30957,2.43326,0.123689,60.0
1744878829086252.0,76.8949,-2030.39,0.323115,2.30957,2.42417,0.114604,60.0
1744878829106846.0,76.8949,-2030.39,0.323115,2.30957,2.41244,0.102872,60.0
1744878829127487.0,74.777,-2028.34,0.322439,2.42417,2.36636,-0.0578143,60.0
1744878829148266.0,74.777,-2028.34,0.322439,2.42417,2.34022,-0.0839539,60.0
1744878829168829.0,72.2355,-2026.29,0.32176,2.36636,2.37768,0.0113251,60.0
1744878829189657.0,72.2355,-2026.29,0.32176,2.36636,2.30884,-0.057521,60.0
1744878829210380.0,72.2355,-2026.29,0.32176,2.36636,2.33243,-0.0339309,60.0
1744878829231456.0,70.1175,-2024.24,0.321087,2.30884,2.32639,0.0175469,60.0
1744878829251825.0,70.1175,-2024.24,0.321087,2.30884,2.23944,-0.0693981,60.0
1744878829272511.0,67.5762,-2022.88,0.320628,2.32639,2.46559,0.139204,60.0
1744878829293250.0,67.5762,-2022.88,0.320628,2.32639,2.38302,0.0566312,60.0
1744878829313948.0,67.5762,-2022.88,0.320628,2.32639,2.48966,0.163272,60.0
1744878829334634.0,65.4582,-2020.83,0.319957,2.38302,2.53021,0.147192,60.0
1744878829355533.0,65.4582,-2020.83,0.319957,2.38302,2.37496,-0.00806094,60.0
1744878829376234.0,62.9167,-2018.78,0.319284,2.53021,2.54768,0.017474,60.0
1744878829397051.0,62.9167,-2018.78,0.319284,2.53021,2.53604,0.00583486,60.0
1744878829418186.0,60.7988,-2016.74,0.318617,2.54768,2.41152,-0.13616,60.0
1744878829438627.0,60.7988,-2016.74,0.318617,2.54768,2.39344,-0.15424,60.0
1744878829459414.0,60.7988,-2016.74,0.318617,2.54768,2.47511,-0.072576,60.0
1744878829480100.0,58.2575,-2015.37,0.318163,2.39344,2.30437,-0.089075,60.0
1744878829500984.0,58.2575,-2015.37,0.318163,2.39344,2.44689,0.053449,60.0
1744878829521694.0,56.1395,-2013.32,0.317498,2.30437,2.30129,-0.00307362,60.0
1744878829543960.0,56.1395,-2013.32,0.317498,2.30437,2.3436,0.0392353,60.0
1744878829564765.0,56.1395,-2013.32,0.317498,2.30437,2.43018,0.125812,60.0
1744878829585608.0,53.598,-2011.28,0.316831,2.3436,2.48513,0.141524,60.0
1744878829606505.0,53.598,-2011.28,0.316831,2.3436,2.35921,0.0156107,60.0
1744878829627201.0,51.48,-2009.23,0.316169,2.48513,2.35337,-0.13176,60.0
1744878829648478.0,51.48,-2009.23,0.316169,2.48513,2.42381,-0.0613204,60.0
1744878829669304.0,51.48,-2009.23,0.316169,2.48513,2.5717,0.0865701,60.0
1744878829690068.0,48.9386,-2007.18,0.315505,2.42381,2.47193,0.0481212,60.0
1744878829710593.0,48.9386,-2007.18,0.315505,2.42381,2.57548,0.151675,60.0
1744878829731197.0,46.8208,-2005.82,0.315061,2.47193,2.46562,-0.00630966,60.0
1744878829751604.0,46.8208,-2005.82,0.315061,2.47193,2.54733,0.0754062,60.0
1744878829772927.0,44.2793,-2003.77,0.3144,2.46562,2.55835,0.0927331,60.0
1744878829795634.0,44.2793,-2003.77,0.3144,2.46562,2.35471,-0.110907,60.0
1744878829816426.0,44.2793,-2003.77,0.3144,2.46562,2.54214,0.0765264,60.0
1744878829837048.0,42.1613,-2001.72,0.313744,2.35471,2.27237,-0.0823406,60.0
1744878829857757.0,42.1613,-2001.72,0.313744,2.35471,2.40638,0.0516722,60.0
1744878829878456.0,39.6198,-1999.67,0.313086,2.27237,2.38978,0.117412,60.0
1744878829899275.0,39.6198,-1999.67,0.313086,2.27237,2.16111,-0.111259,60.0
1744878829919868.0,39.6198,-1999.67,0.313086,2.27237,2.42173,0.149364,60.0
1744878829940483.0,37.5019,-1997.62,0.312433,2.16111,2.32189,0.160779,60.0
1744878829961034.0,37.5019,-1997.62,0.312433,2.16111,2.23477,0.0736549,60.0
1744878829981908.0,35.3839,-1995.58,0.311781,2.32189,2.22753,-0.0943598,60.0
1744878830002612.0,35.3839,-1995.58,0.311781,2.32189,2.38146,0.0595678,60.0
1744878830023404.0,35.3839,-1995.58,0.311781,2.32189,2.36282,0.0409345,60.0
1744878830044127.0,32.8426,-1994.21,0.311341,2.38146,2.49831,0.116854,60.0
1744878830064862.0,32.8426,-1994.21,0.311341,2.38146,2.24505,-0.136408,60.0
1744878830085770.0,30.7246,-1992.16,0.310691,2.49831,2.35988,-0.138432,60.0
1744878830106908.0,30.7246,-1992.16,0.310691,2.49831,2.46367,-0.0346383,60.0
1744878830127220.0,28.6067,-1990.12,0.310043,2.35988,2.36582,0.00594246,60.0
1744878830148250.0,28.6067,-1990.12,0.310043,2.35988,2.39,0.0301232,60.0
1744878830168906.0,28.6067,-1990.12,0.310043,2.35988,2.36985,0.00996997,60.0
1744878830189527.0,26.0652,-1988.07,0.309395,2.39,2.50573,0.115727,60.0
1744878830210079.0,26.0652,-1988.07,0.309395,2.39,2.49874,0.108737,60.0
1744878830230791.0,23.9472,-1986.02,0.30875,2.50573,2.41041,-0.0953222,60.0
1744878830251518.0,23.9472,-1986.02,0.30875,2.50573,2.50671,0.000976145,60.0
1744878830272287.0,23.9472,-1986.02,0.30875,2.50573,2.41245,-0.0932818,60.0
1744878830292920.0,21.8293,-1983.97,0.308106,2.50671,2.51864,0.0119317,60.0
1744878830313639.0,21.8293,-1983.97,0.308106,2.50671,2.3827,-0.124006,60.0
1744878830334322.0,19.2878,-1981.93,0.307462,2.51864,2.54936,0.0307192,60.0
1744878830354999.0,19.2878,-1981.93,0.307462,2.51864,2.57646,0.0578223,60.0
1744878830375614.0,19.2878,-1981.93,0.307462,2.51864,2.49766,-0.0209748,60.0
1744878830396392.0,17.1698,-1979.88,0.306821,2.57646,2.63884,0.0623761,60.0
1744878830417183.0,17.1698,-1979.88,0.306821,2.57646,2.45736,-0.119105,60.0
1744878830438638.0,14.6285,-1978.51,0.306392,2.63884,2.55695,-0.0818819,60.0
1744878830460223.0,14.6285,-1978.51,0.306392,2.63884,2.4887,-0.150139,60.0
1744878830481014.0,14.6285,-1978.51,0.306392,2.63884,2.47989,-0.158948,60.0
1744878830501728.0,12.5106,-1976.47,0.305753,2.4887,2.64425,0.155555,60.0
1744878830522497.0,12.5106,-1976.47,0.305753,2.4887,2.53414,0.0454408,60.0
1744878830543164.0,10.3926,-1974.42,0.305116,2.64425,2.49625,-0.148004,60.0
1744878830563974.0,10.3926,-1974.42,0.305116,2.64425,2.65984,0.0155871,60.0
1744878830584575.0,7.85113,-1972.37,0.30448,2.49625,2.54499,0.0487433,60.0
1744878830605635.0,7.85113,-1972.37,0.30448,2.49625,2.39302,-0.103233,60.0
1744878830626241.0,7.85113,-1972.37,0.30448,2.49625,2.46589,-0.0303597,60.0
1744878830646998.0,5.73316,-1970.32,0.303846,2.39302,2.42064,0.0276214,60.0
1744878830667615.0,5.73316,-1970.32,0.303846,2.39302,2.49533,0.102315,60.0
1744878830688560.0,3.19186,-1968.96,0.303424,2.42064,2.55604,0.135402,60.0
1744878830709132.0,3.19186,-1968.96,0.303424,2.42064,2.55349,0.132849,60.0
1744878830729664.0,3.19186,-1968.96,0.303424,2.42064,2.4881,0.0674649,60.0
1744878830750326.0,1.0739,-1966.91,0.302792,2.55349,2.4003,-0.153185,60.0
1744878830771186.0,1.0739,-1966.91,0.302792,2.55349,2.62949,0.0760012,60.0
1744878830791936.0,-1.46756,-1964.86,0.302162,2.4003,2.50917,0.108874,60.0
1744878830812754.0,-1.46756,-1964.86,0.302162,2.4003,2.47339,0.0730907,60.0
1744878830833420.0,-1.46756,-1964.86,0.302162,2.4003,2.42764,0.02734,60.0
1744878830854081.0,-3.58553,-1962.82,0.301533,2.47339,2.54738,0.0739925,60.0
1744878830874829.0,-3.58553,-1962.82,0.301533,2.47339,2.41699,-0.0563996,60.0
1744878830895563.0,-6.12683,-1961.45,0.301116,2.54738,2.38956,-0.15782,60.0
1744878830916325.0,-6.12683,-1961.45,0.301116,2.54738,2.60224,0.0548539,60.0
1744878830936925.0,-6.12683,-1961.45,0.301116,2.54738,2.50739,-0.0399935,60.0
1744878830957563.0,-8.24479,-1959.4,0.30049,2.60224,2.47404,-0.1282,60.0
1744878830978265.0,-8.24479,-1959.4,0.30049,2.60224,2.60708,0.004838,60.0
1744878830999252.0,-10.7862,-1957.36,0.299866,2.47404,2.4099,-0.0641407,60.0
1744878831019618.0,-10.7862,-1957.36,0.299866,2.47404,2.46684,-0.00719839,60.0
1744878831040274.0,-13.3277,-1955.31,0.299244,2.4099,2.49649,0.0865937,60.0
1744878831060884.0,-13.3277,-1955.31,0.299244,2.4099,2.47588,0.0659814,60.0
1744878831081583.0,-13.3277,-1955.31,0.299244,2.4099,2.38758,-0.0223161,60.0
1744878831102244.0,-15.4455,-1953.94,0.298831,2.47588,2.55419,0.078316,60.0
1744878831123316.0,-15.4455,-1953.94,0.298831,2.47588,2.45459,-0.0212889,60.0
1744878831143796.0,-17.987,-1951.9,0.298212,2.55419,2.55226,-0.00193427,60.0
1744878831164549.0,-17.987,-1951.9,0.298212,2.55419,2.40482,-0.149369,60.0
1744878831185127.0,-17.987,-1951.9,0.298212,2.55419,2.60956,0.0553675,60.0
1744878831205887.0,-20.1049,-1949.85,0.297593,2.40482,2.49285,0.0880224,60.0
1744878831226586.0,-20.1049,-1949.85,0.297593,2.40482,2.39897,-0.00585131,60.0
1744878831247043.0,-22.6464,-1947.8,0.296977,2.49285,2.44473,-0.048116,60.0
1744878831268168.0,-22.6464,-1947.8,0.296977,2.49285,2.53825,0.045404,60.0
1744878831289019.0,-22.6464,-1947.8,0.296977,2.49285,2.53792,0.0450728,60.0
1744878831309632.0,-24.7642,-1946.44,0.296569,2.53825,2.40124,-0.13701,60.0
1744878831330329.0,-24.7642,-1946.44,0.296569,2.53825,2.60258,0.0643276,60.0
1744878831350686.0,-27.3056,-1944.39,0.295956,2.40124,2.50772,0.106483,60.0
1744878831371468.0,-27.3056,-1944.39,0.295956,2.40124,2.55001,0.148768,60.0
1744878831392131.0,-27.3056,-1944.39,0.295956,2.40124,2.51398,0.112742,60.0
1744878831412723.0,-29.4236,-1942.34,0.295342,2.55001,2.69814,0.148135,60.0
1744878831433528.0,-29.4236,-1942.34,0.295342,2.55001,2.44031,-0.109697,60.0
1744878831454513.0,-31.9649,-1940.97,0.29494,2.69814,2.7603,0.0621572,60.0
1744878831474815.0,-31.9649,-1940.97,0.29494,2.69814,2.54747,-0.150674,60.0
1744878831495486.0,-34.5064,-1938.93,0.294331,2.7603,2.60187,-0.158435,60.0
1744878831516244.0,-34.5064,-1938.93,0.294331,2.7603,2.70022,-0.0600845,60.0
1744878831536849.0,-34.5064,-1938.93,0.294331,2.7603,2.68264,-0.0776601,60.0
1744878831557619.0,-36.6243,-1936.88,0.293722,2.70022,2.70888,0.00866102,60.0
1744878831578365.0,-36.6243,-1936.88,0.293722,2.70022,2.77476,0.0745425,60.0
1744878831598842.0,-39.1656,-1935.51,0.293323,2.70888,2.67693,-0.0319477,60.0
1744878831619601.0,-39.1656,-1935.51,0.293323,2.70888,2.6624,-0.0464828,60.0
1744878831640759.0,-39.1656,-1935.51,0.293323,2.70888,2.58489,-0.123986,60.0
1744878831661026.0,-41.7071,-1933.47,0.292719,2.6624,2.6121,-0.050291,60.0
1744878831681619.0,-41.7071,-1933.47,0.292719,2.6624,2.5842,-0.0781971,60.0
1744878831702379.0,-43.825,-1931.42,0.292114,2.6121,2.65709,0.0449887,60.0
1744878831722885.0,-43.825,-1931.42,0.292114,2.6121,2.73417,0.122063,60.0
1744878831743901.0,-43.825,-1931.42,0.292114,2.6121,2.6126,0.000500092,60.0
1744878831764417.0,-46.3663,-1930.05,0.29172,2.73417,2.65396,-0.0802028,60.0
1744878831785346.0,-46.3663,-1930.05,0.29172,2.73417,2.76785,0.0336817,60.0
1744878831806061.0,-48.9078,-1928.01,0.29112,2.65396,2.75206,0.0980955,60.0
1744878831826751.0,-48.9078,-1928.01,0.29112,2.65396,2.657,0.0030311,60.0
1744878831847773.0,-48.9078,-1928.01,0.29112,2.65396,2.49334,-0.160628,60.0
1744878831868187.0,-51.4491,-1926.64,0.290729,2.657,2.62526,-0.0317355,60.0
1744878831888924.0,-51.4491,-1926.64,0.290729,2.657,2.68218,0.0251804,60.0
1744878831909925.0,-53.9905,-1924.59,0.290133,2.62526,2.49895,-0.126308,60.0
1744878831930720.0,-53.9905,-1924.59,0.290133,2.62526,2.46993,-0.155335,60.0
1744878831951201.0,-56.1083,-1923.23,0.28974,2.49895,2.55437,0.0554216,60.0
1744878831972216.0,-56.1083,-1923.23,0.28974,2.49895,2.41158,-0.0873743,60.0
1744878831992981.0,-56.1083,-1923.23,0.28974,2.49895,2.43951,-0.0594439,60.0
1744878832013294.0,-58.6498,-1921.18,0.289147,2.41158,2.52974,0.118165,60.0
1744878832033686.0,-58.6498,-1921.18,0.289147,2.41158,2.57025,0.158669,60.0
1744878832054214.0,-61.1911,-1919.82,0.28876,2.52974,2.54624,0.0164944,60.0
1744878832074773.0,-61.1911,-1919.82,0.28876,2.52974,2.47925,-0.0504891,60.0
1744878832095321.0,-61.1911,-1919.82,0.28876,2.52974,2.43176,-0.0979795,60.0
1744878832115923.0,-63.7325,-1917.77,0.28817,2.47925,2.57032,0.0910643,60.0
1744878832136519.0,-63.7325,-1917.77,0.28817,2.47925,2.46296,-0.0162919,60.0
1744878832157499.0,-66.2738,-1916.4,0.287787,2.57032,2.42586,-0.144459,60.0
1744878832178196.0,-66.2738,-1916.4,0.287787,2.57032,2.4723,-0.0980194,60.0
1744878832198729.0,-66.2738,-1916.4,0.287787,2.57032,2.60981,0.0394955,60.0
1744878832219321.0,-68.8153,-1914.36,0.2872,2.4723,2.42789,-0.0444112,60.0
1744878832239833.0,-68.8153,-1914.36,0.2872,2.4723,2.45157,-0.0207244,60.0
1744878832260746.0,-70.9331,-1912.99,0.286814,2.42789,2.55858,0.130689,60.0
1744878832281715.0,-70.9331,-1912.99,0.286814,2.42789,2.47413,0.0462454,60.0
1744878832302318.0,-70.9331,-1912.99,0.286814,2.42789,2.43223,0.00433727,60.0
1744878832322685.0,-73.4745,-1910.94,0.28623,2.47413,2.37625,-0.0978814,60.0
1744878832343609.0,-73.4745,-1910.94,0.28623,2.47413,2.33327,-0.140864,60.0
1744878832364365.0,-76.0158,-1909.58,0.285852,2.37625,2.31688,-0.0593679,60.0
1744878832385296.0,-76.0158,-1909.58,0.285852,2.37625,2.52134,0.14509,60.0
1744878832405679.0,-78.5572,-1907.53,0.285271,2.31688,2.29441,-0.0224777,60.0
1744878832426680.0,-78.5572,-1907.53,0.285271,2.31688,2.30523,-0.0116567,60.0
1744878832447728.0,-78.5572,-1907.53,0.285271,2.31688,2.42375,0.106867,60.0
1744878832468112.0,-80.675,-1906.17,0.28489,2.30523,2.36403,0.0588028,60.0
1744878832489269.0,-80.675,-1906.17,0.28489,2.30523,2.37649,0.0712635,60.0
1744878832509513.0,-83.2165,-1904.12,0.284312,2.36403,2.24892,-0.115111,60.0
1744878832530509.0,-83.2165,-1904.12,0.284312,2.36403,2.28411,-0.0799172,60.0
1744878832551076.0,-83.2165,-1904.12,0.284312,2.36403,2.34495,-0.0190803,60.0
1744878832571937.0,-85.7579,-1902.07,0.283736,2.28411,2.43971,0.155597,60.0
1744878832592566.0,-85.7579,-1902.07,0.283736,2.28411,2.4232,0.139087,60.0
1744878832613157.0,-87.8757,-1900.71,0.283359,2.43971,2.59389,0.154184,60.0
1744878832634021.0,-87.8757,-1900.71,0.283359,2.43971,2.57534,0.135629,60.0
1744878832655085.0,-87.8757,-1900.71,0.283359,2.43971,2.47433,0.0346219,60.0
1744878832675891.0,-90.4172,-1898.66,0.282785,2.57534,2.57089,-0.00444365,60.0
1744878832696450.0,-90.4172,-1898.66,0.282785,2.57534,2.66932,0.0939773,60.0
1744878832717159.0,-92.5351,-1896.61,0.282208,2.57089,2.51137,-0.0595207,60.0
1744878832737805.0,-92.5351,-1896.61,0.282208,2.57089,2.50964,-0.0612536,60.0
1744878832758421.0,-92.5351,-1896.61,0.282208,2.57089,2.41848,-0.152419,60.0
1744878832779597.0,-95.0764,-1895.25,0.28184,2.50964,2.57645,0.0668088,60.0
1744878832800235.0,-95.0764,-1895.25,0.28184,2.50964,2.46252,-0.0471201,60.0
1744878832820849.0,-97.6179,-1893.2,0.281271,2.57645,2.51118,-0.0652699,60.0
1744878832841435.0,-97.6179,-1893.2,0.281271,2.57645,2.56948,-0.00696784,60.0
1744878832862455.0,-99.7358,-1891.15,0.280698,2.51118,2.38937,-0.121806,60.0
1744878832883104.0,-99.7358,-1891.15,0.280698,2.51118,2.37762,-0.133558,60.0
1744878832903711.0,-99.7358,-1891.15,0.280698,2.51118,2.56322,0.0520397,60.0
1744878832924213.0,-102.277,-1889.79,0.280334,2.37762,2.41898,0.0413548,60.0
1744878832944931.0,-102.277,-1889.79,0.280334,2.37762,2.45214,0.0745205,60.0
1744878832965541.0,-104.819,-1887.74,0.27977,2.41898,2.51311,0.0941341,60.0
1744878832986586.0,-104.819,-1887.74,0.27977,2.41898,2.34709,-0.0718852,60.0
1744878833006995.0,-104.819,-1887.74,0.27977,2.41898,2.29827,-0.120705,60.0
1744878833027672.0,-106.936,-1885.69,0.279201,2.34709,2.39729,0.0502,60.0
1744878833048289.0,-106.936,-1885.69,0.279201,2.34709,2.4659,0.118812,60.0
1744878833068961.0,-109.478,-1883.64,0.27864,2.39729,2.50045,0.103154,60.0
1744878833089681.0,-109.478,-1883.64,0.27864,2.39729,2.55787,0.160576,60.0
1744878833110357.0,-109.478,-1883.64,0.27864,2.39729,2.36864,-0.0286532,60.0
1744878833131298.0,-111.596,-1882.28,0.278274,2.55787,2.42358,-0.134287,60.0
1744878833151673.0,-111.596,-1882.28,0.278274,2.55787,2.43951,-0.118354,60.0
1744878833172356.0,-114.137,-1880.23,0.277716,2.42358,2.43403,0.0104525,60.0
1744878833193019.0,-114.137,-1880.23,0.277716,2.42358,2.41642,-0.00716299,60.0
1744878833213721.0,-114.137,-1880.23,0.277716,2.42358,2.5139,0.0903168,60.0
1744878833234434.0,-116.679,-1878.18,0.27716,2.41642,2.33988,-0.0765409,60.0
1744878833255231.0,-116.679,-1878.18,0.27716,2.41642,2.4367,0.0202809,60.0
1744878833275992.0,-118.796,-1876.82,0.276798,2.33988,2.42726,0.0873823,60.0
1744878833296876.0,-118.796,-1876.82,0.276798,2.33988,2.46436,0.124488,60.0
1744878833317494.0,-121.338,-1874.77,0.276245,2.42726,2.51852,0.0912583,60.0
1744878833338078.0,-121.338,-1874.77,0.276245,2.42726,2.43518,0.00792489,60.0
1744878833358724.0,-121.338,-1874.77,0.276245,2.42726,2.37443,-0.0528273,60.0
1744878833379448.0,-123.456,-1872.72,0.275685,2.43518,2.50196,0.0667799,60.0
1744878833400122.0,-123.456,-1872.72,0.275685,2.43518,2.31236,-0.122827,60.0
1744878833420770.0,-125.997,-1870.67,0.275135,2.50196,2.49606,-0.00590436,60.0
1744878833441408.0,-125.997,-1870.67,0.275135,2.50196,2.53954,0.037577,60.0
1744878833462095.0,-125.997,-1870.67,0.275135,2.50196,2.51676,0.0147937,60.0
1744878833482738.0,-128.115,-1869.31,0.274778,2.53954,2.50883,-0.0307077,60.0
1744878833503503.0,-128.115,-1869.31,0.274778,2.53954,2.41305,-0.126489,60.0
1744878833524119.0,-130.656,-1867.26,0.274231,2.50883,2.53969,0.0308613,60.0
1744878833544886.0,-130.656,-1867.26,0.274231,2.50883,2.37465,-0.13418,60.0
1744878833565589.0,-130.656,-1867.26,0.274231,2.50883,2.43241,-0.0764267,60.0
1744878833586258.0,-132.774,-1865.21,0.273676,2.37465,2.26071,-0.113943,60.0
1744878833607153.0,-132.774,-1865.21,0.273676,2.37465,2.49077,0.116119,60.0
1744878833627847.0,-135.316,-1863.17,0.273132,2.26071,2.38131,0.120599,60.0
1744878833648559.0,-135.316,-1863.17,0.273132,2.26071,2.39857,0.13786,60.0
1744878833669207.0,-135.316,-1863.17,0.273132,2.26071,2.40498,0.144266,60.0
1744878833690042.0,-137.434,-1861.8,0.27278,2.39857,2.37397,-0.0246013,60.0
1744878833710730.0,-137.434,-1861.8,0.27278,2.39857,2.47305,0.0744785,60.0
1744878833731667.0,-139.975,-1859.75,0.272239,2.37397,2.48395,0.109985,60.0
1744878833752514.0,-139.975,-1859.75,0.272239,2.37397,2.4369,0.0629326,60.0
1744878833773178.0,-142.093,-1857.71,0.27169,2.48395,2.38037,-0.103587,60.0
1744878833793734.0,-142.093,-1857.71,0.27169,2.48395,2.64606,0.162105,60.0
1744878833814282.0,-142.093,-1857.71,0.27169,2.48395,2.47008,-0.0138719,60.0
1744878833835271.0,-144.634,-1855.66,0.271152,2.64606,2.49928,-0.146778,60.0
1744878833855651.0,-144.634,-1855.66,0.271152,2.64606,2.57647,-0.069586,60.0
1744878833876588.0,-146.752,-1854.29,0.270804,2.49928,2.44382,-0.0554633,60.0
1744878833897070.0,-146.752,-1854.29,0.270804,2.49928,2.40687,-0.0924094,60.0
1744878833917766.0,-146.752,-1854.29,0.270804,2.49928,2.45602,-0.0432652,60.0
1744878833938538.0,-149.294,-1852.25,0.270269,2.40687,2.35632,-0.0505475,60.0
1744878833959144.0,-149.294,-1852.25,0.270269,2.40687,2.55615,0.149275,60.0
1744878833979877.0,-151.412,-1850.2,0.269726,2.35632,2.4791,0.122774,60.0
1744878834000789.0,-151.412,-1850.2,0.269726,2.35632,2.44855,0.0922254,60.0
1744878834021198.0,-151.412,-1850.2,0.269726,2.35632,2.49015,0.133828,60.0
1744878834041912.0,-153.953,-1848.15,0.269194,2.44855,2.49089,0.0423374,60.0
1744878834062638.0,-153.953,-1848.15,0.269194,2.44855,2.53682,0.0882724,60.0
1744878834083306.0,-156.071,-1846.1,0.268654,2.49089,2.3708,-0.120084,60.0
1744878834104355.0,-156.071,-1846.1,0.268654,2.49089,2.42796,-0.0629312,60.0
1744878834124928.0,-156.071,-1846.1,0.268654,2.49089,2.46343,-0.027457,60.0
1744878834145331.0,-158.612,-1844.74,0.268322,2.42796,2.36907,-0.058887,60.0
1744878834165991.0,-158.612,-1844.74,0.268322,2.42796,2.51166,0.0837042,60.0
1744878834186687.0,-160.73,-1842.69,0.267785,2.36907,2.41513,0.0460613,60.0
1744878834207376.0,-160.73,-1842.69,0.267785,2.36907,2.48169,0.112623,60.0
1744878834228180.0,-160.73,-1842.69,0.267785,2.36907,2.40492,0.0358519,60.0
1744878834249128.0,-163.272,-1840.64,0.267259,2.48169,2.43398,-0.0477099,60.0
1744878834269736.0,-163.272,-1840.64,0.267259,2.48169,2.39045,-0.0912449,60.0
1744878834290386.0,-165.389,-1838.59,0.266724,2.43398,2.539,0.105019,60.0
1744878834311289.0,-165.389,-1838.59,0.266724,2.43398,2.37608,-0.0579037,60.0
1744878834331830.0,-167.931,-1836.55,0.266202,2.539,2.45278,-0.0862164,60.0
1744878834352612.0,-167.931,-1836.55,0.266202,2.539,2.50289,-0.0361126,60.0
1744878834373044.0,-167.931,-1836.55,0.266202,2.539,2.45056,-0.0884408,60.0
1744878834393665.0,-170.049,-1835.18,0.265866,2.50289,2.50139,-0.00149851,60.0
1744878834414325.0,-170.049,-1835.18,0.265866,2.50289,2.57987,0.0769793,60.0
1744878834434967.0,-172.59,-1833.13,0.265346,2.50139,2.583,0.0816091,60.0
1744878834455604.0,-172.59,-1833.13,0.265346,2.50139,2.34243,-0.158958,60.0
1744878834476233.0,-172.59,-1833.13,0.265346,2.50139,2.49588,-0.00550913,60.0
1744878834497069.0,-174.708,-1831.09,0.264817,2.34243,2.49488,0.15245,60.0
1744878834517652.0,-174.708,-1831.09,0.264817,2.34243,2.41059,0.0681631,60.0
1744878834538288.0,-177.249,-1829.04,0.264301,2.49488,2.52126,0.0263817,60.0
1744878834558970.0,-177.249,-1829.04,0.264301,2.49488,2.51395,0.0190718,60.0
1744878834579813.0,-177.249,-1829.04,0.264301,2.49488,2.37909,-0.115795,60.0
1744878834600518.0,-179.367,-1827.67,0.263969,2.51395,2.67717,0.163222,60.0
1744878834621229.0,-179.367,-1827.67,0.263969,2.51395,2.45386,-0.0600956,60.0
1744878834641859.0,-181.909,-1825.63,0.263456,2.67717,2.5192,-0.157979,60.0
1744878834662265.0,-181.909,-1825.63,0.263456,2.67717,2.52739,-0.149789,60.0
1744878834682924.0,-181.909,-1825.63,0.263456,2.67717,2.65242,-0.0247536,60.0
1744878834703616.0,-184.027,-1823.58,0.262932,2.52739,2.41157,-0.115817,60.0
1744878834724413.0,-184.027,-1823.58,0.262932,2.52739,2.42137,-0.106017,60.0
1744878834745172.0,-186.568,-1821.53,0.262422,2.41157,2.43554,0.02397,60.0
1744878834765808.0,-186.568,-1821.53,0.262422,2.41157,2.5017,0.0901327,60.0
1744878834787192.0,-188.686,-1820.17,0.262095,2.43554,2.40352,-0.0320174,60.0
1744878834807899.0,-188.686,-1820.17,0.262095,2.43554,2.39747,-0.0380688,60.0
1744878834828544.0,-188.686,-1820.17,0.262095,2.43554,2.33207,-0.103468,60.0
1744878834849237.0,-191.227,-1818.12,0.261588,2.39747,2.55291,0.155435,60.0
1744878834870127.0,-191.227,-1818.12,0.261588,2.39747,2.41328,0.0158052,60.0
1744878834890970.0,-193.345,-1816.07,0.26107,2.55291,2.50379,-0.0491146,60.0
1744878834911697.0,-193.345,-1816.07,0.26107,2.55291,2.51701,-0.0358916,60.0
1744878834932088.0,-193.345,-1816.07,0.26107,2.55291,2.66737,0.114468,60.0
1744878834952753.0,-195.887,-1814.02,0.260566,2.51701,2.44833,-0.068688,60.0
1744878834973533.0,-195.887,-1814.02,0.260566,2.51701,2.42617,-0.0908391,60.0
1744878834994196.0,-198.004,-1812.66,0.260244,2.44833,2.39011,-0.0582162,60.0
1744878835014891.0,-198.004,-1812.66,0.260244,2.44833,2.54791,0.0995883,60.0
1744878835035569.0,-198.004,-1812.66,0.260244,2.44833,2.54223,0.093903,60.0
1744878835056236.0,-200.546,-1810.61,0.259743,2.54791,2.44642,-0.101491,60.0
1744878835076943.0,-200.546,-1810.61,0.259743,2.54791,2.58397,0.0360524,60.0
1744878835097624.0,-202.664,-1808.56,0.25923,2.44642,2.38822,-0.0582065,60.0
1744878835118379.0,-202.664,-1808.56,0.25923,2.44642,2.40185,-0.0445701,60.0
1744878835139140.0,-202.664,-1808.56,0.25923,2.44642,2.29345,-0.152971,60.0
1744878835160136.0,-205.205,-1806.51,0.258732,2.40185,2.48441,0.0825533,60.0
1744878835180768.0,-205.205,-1806.51,0.258732,2.40185,2.54401,0.142154,60.0
1744878835201588.0,-207.323,-1805.15,0.258415,2.48441,2.4689,-0.0155028,60.0
1744878835222428.0,-207.323,-1805.15,0.258415,2.48441,2.52821,0.0437986,60.0
1744878835243512.0,-209.864,-1803.1,0.25792,2.4689,2.58547,0.116567,60.0
1744878835264292.0,-209.864,-1803.1,0.25792,2.4689,2.45377,-0.0151293,60.0
1744878835285306.0,-209.864,-1803.1,0.25792,2.4689,2.46095,-0.00795632,60.0
1744878835305958.0,-212.406,-1801.05,0.257427,2.45377,2.33113,-0.122643,60.0
1744878835326647.0,-212.406,-1801.05,0.257427,2.45377,2.39908,-0.0546922,60.0
1744878835347176.0,-214.524,-1799.01,0.256921,2.33113,2.32278,-0.00835676,60.0
1744878835367824.0,-214.524,-1799.01,0.256921,2.33113,2.43218,0.101047,60.0
1744878835388520.0,-214.524,-1799.01,0.256921,2.33113,2.32194,-0.00919179,60.0
1744878835409197.0,-217.065,-1797.64,0.256623,2.43218,2.50816,0.0759773,60.0
1744878835429840.0,-217.065,-1797.64,0.256623,2.43218,2.55955,0.127375,60.0
1744878835450770.0,-219.183,-1795.59,0.256119,2.50816,2.61695,0.108793,60.0
1744878835471096.0,-219.183,-1795.59,0.256119,2.50816,2.40857,-0.099591,60.0
1744878835491601.0,-219.183,-1795.59,0.256119,2.50816,2.58439,0.0762337,60.0
1744878835512272.0,-221.724,-1793.55,0.255632,2.40857,2.39671,-0.0118551,60.0
1744878835533260.0,-221.724,-1793.55,0.255632,2.40857,2.38649,-0.0220741,60.0
1744878835554258.0,-223.842,-1791.5,0.255132,2.39671,2.51593,0.119217,60.0
1744878835574796.0,-223.842,-1791.5,0.255132,2.39671,2.48036,0.0836541,60.0
1744878835595528.0,-226.384,-1790.13,0.254839,2.51593,2.51726,0.00133394,60.0
1744878835616207.0,-226.384,-1790.13,0.254839,2.51593,2.53013,0.0142006,60.0
1744878835637007.0,-226.384,-1790.13,0.254839,2.51593,2.44196,-0.0739712,60.0
1744878835657874.0,-228.501,-1788.09,0.254341,2.53013,2.47387,-0.05626,60.0
1744878835678768.0,-228.501,-1788.09,0.254341,2.53013,2.43689,-0.0932392,60.0
1744878835699298.0,-231.043,-1786.04,0.25386,2.47387,2.4242,-0.0496628,60.0
1744878835720098.0,-231.043,-1786.04,0.25386,2.47387,2.53125,0.0573869,60.0
1744878835740540.0,-231.043,-1786.04,0.25386,2.47387,2.42712,-0.0467448,60.0
1744878835761301.0,-233.161,-1783.99,0.253365,2.53125,2.45937,-0.0718855,60.0
1744878835782222.0,-233.161,-1783.99,0.253365,2.53125,2.44714,-0.0841145,60.0
1744878835802997.0,-235.702,-1782.63,0.253078,2.45937,2.41638,-0.0429909,60.0
1744878835823617.0,-235.702,-1782.63,0.253078,2.45937,2.5425,0.0831358,60.0
1744878835844251.0,-235.702,-1782.63,0.253078,2.45937,2.4334,-0.0259705,60.0
1744878835864738.0,-237.82,-1780.58,0.252586,2.5425,2.60995,0.0674415,60.0
1744878835885204.0,-237.82,-1780.58,0.252586,2.5425,2.47303,-0.0694733,60.0
1744878835906130.0,-240.361,-1778.53,0.252111,2.60995,2.74031,0.130362,60.0
1744878835926798.0,-240.361,-1778.53,0.252111,2.60995,2.45313,-0.156815,60.0
1744878835947377.0,-240.361,-1778.53,0.252111,2.60995,2.68092,0.0709789,60.0
1744878835968304.0,-242.479,-1776.48,0.251622,2.45313,2.41277,-0.0403631,60.0
1744878835989193.0,-242.479,-1776.48,0.251622,2.45313,2.44729,-0.00583948,60.0
1744878836009901.0,-245.021,-1775.12,0.25134,2.41277,2.51305,0.100286,60.0
1744878836030592.0,-245.021,-1775.12,0.25134,2.41277,2.55546,0.142691,60.0
1744878836051469.0,-247.138,-1773.07,0.250853,2.51305,2.53074,0.0176896,60.0
1744878836072286.0,-247.138,-1773.07,0.250853,2.51305,2.61679,0.10374,60.0
1744878836092820.0,-247.138,-1773.07,0.250853,2.51305,2.50284,-0.01021,60.0
1744878836113584.0,-249.68,-1771.02,0.250384,2.61679,2.54163,-0.0751644,60.0
1744878836134227.0,-249.68,-1771.02,0.250384,2.61679,2.45898,-0.157817,60.0
1744878836155231.0,-252.221,-1769.66,0.250106,2.54163,2.55604,0.014407,60.0
1744878836175855.0,-252.221,-1769.66,0.250106,2.54163,2.39654,-0.145094,60.0
1744878836196589.0,-252.221,-1769.66,0.250106,2.54163,2.49723,-0.0443993,60.0
1744878836217331.0,-254.339,-1767.61,0.249623,2.39654,2.47924,0.0827082,60.0
1744878836238193.0,-254.339,-1767.61,0.249623,2.39654,2.37171,-0.0248253,60.0
1744878836258620.0,-256.881,-1765.56,0.249159,2.47924,2.42967,-0.0495714,60.0
1744878836279428.0,-256.881,-1765.56,0.249159,2.47924,2.51983,0.0405818,60.0
1744878836300348.0,-256.881,-1765.56,0.249159,2.47924,2.55933,0.0800848,60.0
1744878836320896.0,-258.998,-1763.51,0.24868,2.51983,2.42248,-0.0973489,60.0
1744878836341567.0,-258.998,-1763.51,0.24868,2.51983,2.50724,-0.0125902,60.0
1744878836362208.0,-261.54,-1762.15,0.248407,2.42248,2.52712,0.10464,60.0
1744878836382910.0,-261.54,-1762.15,0.248407,2.42248,2.55161,0.129132,60.0
1744878836403256.0,-261.54,-1762.15,0.248407,2.42248,2.48142,0.0589454,60.0
1744878836423924.0,-264.081,-1760.1,0.247947,2.55161,2.50965,-0.0419613,60.0
1744878836444811.0,-264.081,-1760.1,0.247947,2.55161,2.60111,0.0494969,60.0
1744878836465184.0,-266.199,-1758.05,0.247472,2.50965,2.4191,-0.0905483,60.0
1744878836485940.0,-266.199,-1758.05,0.247472,2.50965,2.39293,-0.116718,60.0
1744878836507121.0,-266.199,-1758.05,0.247472,2.50965,2.52616,0.0165101,60.0
1744878836527465.0,-268.74,-1756.69,0.247203,2.39293,2.39123,-0.00169854,60.0
1744878836547914.0,-268.74,-1756.69,0.247203,2.39293,2.47015,0.0772231,60.0
1744878836569836.0,-270.858,-1754.64,0.24673,2.39123,2.35835,-0.0328838,60.0
1744878836590309.0,-270.858,-1754.64,0.24673,2.39123,2.54838,0.15715,60.0
1744878836611180.0,-273.4,-1752.59,0.246277,2.35835,2.36877,0.0104261,60.0
1744878836631777.0,-273.4,-1752.59,0.246277,2.35835,2.46158,0.103237,60.0
1744878836652457.0,-273.4,-1752.59,0.246277,2.35835,2.35882,0.00047657,60.0
1744878836673129.0,-275.517,-1751.23,0.245994,2.46159,2.462,0.000414111,60.0
1744878836693889.0,-275.517,-1751.23,0.245994,2.46159,2.52338,0.0617976,60.0
1744878836714480.0,-278.059,-1749.18,0.245544,2.462,2.54939,0.0873892,60.0
1744878836735168.0,-278.059,-1749.18,0.245544,2.462,2.42352,-0.0384815,60.0
1744878836756252.0,-278.059,-1749.18,0.245544,2.462,2.31801,-0.143987,60.0
1744878836776903.0,-280.177,-1747.13,0.245076,2.42352,2.28617,-0.137351,60.0
1744878836797348.0,-280.177,-1747.13,0.245076,2.42352,2.39488,-0.0286386,60.0
1744878836818151.0,-282.718,-1745.08,0.244629,2.28617,2.40079,0.114621,60.0
1744878836838958.0,-282.718,-1745.08,0.244629,2.28617,2.44275,0.156585,60.0
1744878836859492.0,-282.718,-1745.08,0.244629,2.28617,2.40691,0.120745,60.0
1744878836880181.0,-284.836,-1743.04,0.244164,2.44275,2.52259,0.0798363,60.0
1744878836900994.0,-284.836,-1743.04,0.244164,2.44275,2.44389,0.00113988,60.0
1744878836921688.0,-287.377,-1741.67,0.243906,2.52259,2.57312,0.0505318,60.0
1744878836943026.0,-287.377,-1741.67,0.243906,2.52259,2.42011,-0.102473,60.0
1744878836963678.0,-289.495,-1739.62,0.243444,2.57312,2.49919,-0.0739252,60.0
1744878836984614.0,-289.495,-1739.62,0.243444,2.57312,2.57941,0.00629155,60.0
1744878837005258.0,-289.495,-1739.62,0.243444,2.57312,2.46441,-0.108712,60.0
1744878837025693.0,-292.037,-1737.58,0.243003,2.57941,2.44036,-0.139049,60.0
1744878837046484.0,-292.037,-1737.58,0.243003,2.57941,2.48274,-0.096673,60.0
1744878837067131.0,-294.578,-1735.53,0.242564,2.44036,2.28151,-0.158852,60.0
1744878837087838.0,-294.578,-1735.53,0.242564,2.44036,2.28046,-0.159902,60.0
1744878837108486.0,-294.578,-1735.53,0.242564,2.44036,2.45157,0.0112096,60.0
1744878837129347.0,-296.696,-1734.16,0.242292,2.28046,2.44257,0.162108,60.0
1744878837150015.0,-296.696,-1734.16,0.242292,2.28046,2.41135,0.130884,60.0
1744878837170722.0,-299.237,-1732.12,0.241855,2.44257,2.40347,-0.0391018,60.0
1744878837191354.0,-299.237,-1732.12,0.241855,2.44257,2.3172,-0.125369,60.0
1744878837212357.0,-299.237,-1732.12,0.241855,2.44257,2.36343,-0.0791352,60.0
1744878837232997.0,-301.355,-1730.07,0.2414,2.3172,2.3414,0.0241969,60.0
1744878837253524.0,-301.355,-1730.07,0.2414,2.3172,2.36631,0.0491069,60.0
1744878837274275.0,-303.896,-1728.02,0.240967,2.3414,2.3436,0.0022002,60.0
1744878837295147.0,-303.896,-1728.02,0.240967,2.3414,2.44773,0.106328,60.0
1744878837315621.0,-303.896,-1728.02,0.240967,2.3414,2.44358,0.102183,60.0
1744878837336454.0,-306.014,-1726.65,0.240699,2.44773,2.39982,-0.0479043,60.0
1744878837357102.0,-306.014,-1726.65,0.240699,2.44773,2.52349,0.0757627,60.0
1744878837377593.0,-308.132,-1724.61,0.240248,2.39982,2.51798,0.11816,60.0
1744878837398262.0,-308.132,-1724.61,0.240248,2.39982,2.50885,0.109027,60.0
1744878837419045.0,-310.674,-1722.56,0.23982,2.51798,2.59042,0.072437,60.0
1744878837439567.0,-310.674,-1722.56,0.23982,2.51798,2.53679,0.0188047,60.0
1744878837460253.0,-310.674,-1722.56,0.23982,2.51798,2.59411,0.0761293,60.0
1744878837481290.0,-312.791,-1720.51,0.239372,2.53679,2.51475,-0.0220376,60.0
1744878837501765.0,-312.791,-1720.51,0.239372,2.53679,2.58171,0.0449226,60.0
1744878837522374.0,-315.333,-1718.46,0.238946,2.51475,2.64098,0.126229,60.0
1744878837543366.0,-315.333,-1718.46,0.238946,2.51475,2.44961,-0.0651389,60.0
1744878837564053.0,-315.333,-1718.46,0.238946,2.51475,2.6094,0.0946568,60.0
1744878837584635.0,-317.451,-1717.1,0.238684,2.44961,2.29837,-0.151238,60.0
1744878837605192.0,-317.451,-1717.1,0.238684,2.44961,2.42665,-0.0229571,60.0
1744878837625845.0,-319.992,-1715.05,0.238261,2.29837,2.3742,0.0758295,60.0
1744878837646651.0,-319.992,-1715.05,0.238261,2.29837,2.41324,0.114872,60.0
1744878837667876.0,-319.992,-1715.05,0.238261,2.29837,2.41493,0.116555,60.0
1744878837688334.0,-322.11,-1713.0,0.237819,2.41324,2.5653,0.152056,60.0
1744878837708846.0,-322.11,-1713.0,0.237819,2.41324,2.3245,-0.088743,60.0
1744878837729504.0,-324.651,-1710.96,0.237399,2.5653,2.45023,-0.11507,60.0
1744878837750188.0,-324.651,-1710.96,0.237399,2.5653,2.68502,0.119722,60.0
1744878837771175.0,-324.651,-1710.96,0.237399,2.5653,2.54626,-0.0190401,60.0
1744878837792113.0,-326.769,-1708.91,0.23696,2.68502,2.53224,-0.152779,60.0
1744878837812653.0,-326.769,-1708.91,0.23696,2.68502,2.60949,-0.0755329,60.0
1744878837833090.0,-329.31,-1707.54,0.236726,2.53224,2.46467,-0.0675774,60.0
1744878837853742.0,-329.31,-1707.54,0.236726,2.53224,2.59501,0.0627681,60.0
1744878837874418.0,-329.31,-1707.54,0.236726,2.53224,2.42007,-0.112176,60.0
1744878837895269.0,-331.428,-1705.49,0.236289,2.59501,2.45935,-0.135665,60.0
1744878837916112.0,-331.428,-1705.49,0.236289,2.59501,2.47276,-0.122248,60.0
1744878837936667.0,-333.97,-1703.45,0.235875,2.45935,2.31149,-0.147856,60.0
1744878837957343.0,-333.97,-1703.45,0.235875,2.45935,2.50469,0.045346,60.0
1744878837978067.0,-336.088,-1701.4,0.235441,2.31149,2.28849,-0.0229999,60.0
1744878837998639.0,-336.088,-1701.4,0.235441,2.31149,2.31894,0.00745069,60.0
1744878838019497.0,-336.088,-1701.4,0.235441,2.31149,2.39297,0.0814801,60.0
1744878838040254.0,-338.629,-1700.03,0.235213,2.31894,2.23776,-0.0811804,60.0
1744878838061040.0,-338.629,-1700.03,0.235213,2.31894,2.44977,0.130825,60.0
1744878838081558.0,-340.747,-1697.99,0.234781,2.23776,2.29855,0.0607867,60.0
1744878838102272.0,-340.747,-1697.99,0.234781,2.23776,2.33868,0.100922,60.0
1744878838123201.0,-340.747,-1697.99,0.234781,2.23776,2.31069,0.0729299,60.0
1744878838143781.0,-343.288,-1695.94,0.234374,2.33868,2.41048,0.0718004,60.0
1744878838164554.0,-343.288,-1695.94,0.234374,2.33868,2.42577,0.0870852,60.0
1744878838185029.0,-345.406,-1693.89,0.233945,2.41048,2.32666,-0.0838237,60.0
1744878838205721.0,-345.406,-1693.89,0.233945,2.41048,2.56895,0.158465,60.0
1744878838226872.0,-345.406,-1693.89,0.233945,2.41048,2.52326,0.112776,60.0
1744878838250528.0,-347.948,-1691.84,0.233541,2.56895,2.50248,-0.0664691,60.0
1744878838271287.0,-347.948,-1691.84,0.233541,2.56895,2.50678,-0.0621692,60.0
1744878838292045.0,-350.065,-1690.48,0.233296,2.50248,2.46023,-0.042247,60.0
1744878838312792.0,-350.065,-1690.48,0.233296,2.50248,2.55007,0.0475954,60.0
1744878838333449.0,-352.183,-1688.43,0.232871,2.46023,2.43342,-0.0268136,60.0
1744878838354162.0,-352.183,-1688.43,0.232871,2.46023,2.62016,0.159931,60.0
1744878838374910.0,-352.183,-1688.43,0.232871,2.46023,2.488,0.0277732,60.0
1744878838395525.0,-354.725,-1686.38,0.232472,2.62016,2.46982,-0.150346,60.0
1744878838416288.0,-354.725,-1686.38,0.232472,2.62016,2.6053,-0.0148589,60.0
1744878838436871.0,-356.842,-1684.33,0.23205,2.46982,2.56156,0.0917444,60.0
1744878838457415.0,-356.842,-1684.33,0.23205,2.46982,2.44574,-0.0240741,60.0
1744878838477868.0,-356.842,-1684.33,0.23205,2.46982,2.55579,0.0859692,60.0
1744878838498590.0,-359.384,-1682.29,0.231653,2.44574,2.50958,0.0638417,60.0
1744878838519267.0,-359.384,-1682.29,0.231653,2.44574,2.39964,-0.0461052,60.0
1744878838539947.0,-361.502,-1680.92,0.231414,2.50958,2.43657,-0.073011,60.0
1744878838560936.0,-361.502,-1680.92,0.231414,2.50958,2.53012,0.0205397,60.0
1744878838581715.0,-361.502,-1680.92,0.231414,2.50958,2.56019,0.0506103,60.0
1744878838602102.0,-364.043,-1678.87,0.23102,2.53012,2.48897,-0.0411495,60.0
1744878838622553.0,-364.043,-1678.87,0.23102,2.53012,2.40517,-0.124953,60.0
1744878838643216.0,-366.161,-1676.83,0.230604,2.48897,2.42455,-0.0644196,60.0
1744878838663799.0,-366.161,-1676.83,0.230604,2.48897,2.50823,0.0192607,60.0
1744878838684795.0,-366.161,-1676.83,0.230604,2.48897,2.43805,-0.0509269,60.0
1744878838705409.0,-368.702,-1674.78,0.230214,2.50823,2.54907,0.0408319,60.0
1744878838726026.0,-368.702,-1674.78,0.230214,2.50823,2.50083,-0.00740657,60.0
1744878838746648.0,-371.244,-1673.41,0.230004,2.54907,2.54918,0.000114184,60.0
1744878838767256.0,-371.244,-1673.41,0.230004,2.54907,2.39802,-0.151042,60.0
1744878838787935.0,-373.361,-1671.37,0.229592,2.54918,2.40917,-0.140008,60.0
1744878838808645.0,-373.361,-1671.37,0.229592,2.54918,2.46059,-0.0885928,60.0
1744878838829378.0,-373.361,-1671.37,0.229592,2.54918,2.59502,0.0458385,60.0
1744878838849926.0,-375.903,-1669.32,0.229206,2.46059,2.48998,0.029388,60.0
1744878838870833.0,-375.903,-1669.32,0.229206,2.46059,2.49012,0.0295354,60.0
1744878838891521.0,-378.021,-1667.95,0.228975,2.48998,2.54909,0.0591112,60.0
1744878838912219.0,-378.021,-1667.95,0.228975,2.48998,2.33147,-0.158506,60.0
1744878838933133.0,-378.021,-1667.95,0.228975,2.48998,2.49217,0.00219633,60.0
1744878838954088.0,-380.562,-1665.91,0.228592,2.33147,2.48069,0.149222,60.0
1744878838974727.0,-380.562,-1665.91,0.228592,2.33147,2.2062,-0.125268,60.0
1744878838995391.0,-382.68,-1663.86,0.228186,2.48069,2.44164,-0.0390547,60.0
1744878839016188.0,-382.68,-1663.86,0.228186,2.48069,2.44532,-0.0353709,60.0
1744878839036898.0,-382.68,-1663.86,0.228186,2.48069,2.48976,0.00907051,60.0
1744878839057680.0,-385.221,-1661.81,0.227806,2.44532,2.50111,0.0557876,60.0
1744878839078434.0,-385.221,-1661.81,0.227806,2.44532,2.36677,-0.0785551,60.0
1744878839099191.0,-387.339,-1660.44,0.22758,2.50111,2.504,0.00289136,60.0
1744878839119930.0,-387.339,-1660.44,0.22758,2.50111,2.41442,-0.0866913,60.0
1744878839140612.0,-387.339,-1660.44,0.22758,2.50111,2.60728,0.106171,60.0
1744878839161422.0,-389.88,-1658.4,0.227203,2.41442,2.5262,0.111786,60.0
1744878839182290.0,-389.88,-1658.4,0.227203,2.41442,2.53969,0.125275,60.0
1744878839202773.0,-391.998,-1656.35,0.226802,2.5262,2.47521,-0.0509975,60.0
1744878839223456.0,-391.998,-1656.35,0.226802,2.5262,2.45826,-0.0679404,60.0
1744878839244189.0,-394.54,-1654.3,0.226428,2.47521,2.49199,0.0167836,60.0
1744878839264912.0,-394.54,-1654.3,0.226428,2.47521,2.6228,0.147596,60.0
1744878839285889.0,-394.54,-1654.3,0.226428,2.47521,2.46176,-0.0134423,60.0
1744878839306800.0,-397.081,-1652.94,0.226233,2.6228,2.49037,-0.132427,60.0
1744878839327423.0,-397.081,-1652.94,0.226233,2.6228,2.48608,-0.136723,60.0
1744878839348205.0,-399.199,-1650.89,0.225836,2.49037,2.40407,-0.0863056,60.0
1744878839368808.0,-399.199,-1650.89,0.225836,2.49037,2.51532,0.024949,60.0
1744878839389464.0,-399.199,-1650.89,0.225836,2.49037,2.50629,0.0159202,60.0
1744878839410190.0,-401.74,-1648.84,0.225467,2.51532,2.54095,0.0256252,60.0
1744878839430736.0,-401.74,-1648.84,0.225467,2.51532,2.53708,0.0217523,60.0
1744878839451289.0,-403.858,-1647.48,0.225249,2.54095,2.51947,-0.0214834,60.0
1744878839471837.0,-403.858,-1647.48,0.225249,2.54095,2.53343,-0.00752241,60.0
1744878839492563.0,-403.858,-1647.48,0.225249,2.54095,2.55229,0.0113401,60.0
1744878839513187.0,-406.399,-1645.43,0.224883,2.53343,2.412,-0.121429,60.0
1744878839533808.0,-406.399,-1645.43,0.224883,2.53343,2.51306,-0.0203625,60.0
1744878839554532.0,-408.941,-1643.38,0.224519,2.412,2.41174,-0.000260431,60.0
1744878839575468.0,-408.941,-1643.38,0.224519,2.412,2.43046,0.0184591,60.0
1744878839596605.0,-408.941,-1643.38,0.224519,2.412,2.36054,-0.0514621,60.0
1744878839617059.0,-411.059,-1641.33,0.224129,2.43046,2.5206,0.0901467,60.0
1744878839637492.0,-411.059,-1641.33,0.224129,2.43046,2.40091,-0.0295491,60.0
1744878839658106.0,-413.6,-1639.97,0.223943,2.5206,2.43946,-0.0811475,60.0
1744878839678755.0,-413.6,-1639.97,0.223943,2.5206,2.49431,-0.02629,60.0
1744878839699406.0,-415.718,-1637.92,0.223556,2.43946,2.53573,0.0962738,60.0
1744878839720022.0,-415.718,-1637.92,0.223556,2.43946,2.49363,0.0541714,60.0
1744878839740761.0,-415.718,-1637.92,0.223556,2.43946,2.41179,-0.0276664,60.0
1744878839761399.0,-418.259,-1635.87,0.223198,2.49363,2.54116,0.0475313,60.0
1744878839782324.0,-418.259,-1635.87,0.223198,2.49363,2.45775,-0.0358732,60.0
1744878839803445.0,-420.377,-1634.51,0.222988,2.54116,2.39718,-0.143978,60.0
1744878839824114.0,-420.377,-1634.51,0.222988,2.54116,2.41363,-0.12753,60.0
1744878839844679.0,-420.377,-1634.51,0.222988,2.54116,2.52749,-0.0136653,60.0
1744878839865411.0,-422.918,-1632.46,0.222633,2.41363,2.3566,-0.0570333,60.0
1744878839886047.0,-422.918,-1632.46,0.222633,2.41363,2.4521,0.0384694,60.0
1744878839906628.0,-425.46,-1630.41,0.22228,2.3566,2.42876,0.0721633,60.0
1744878839927294.0,-425.46,-1630.41,0.22228,2.3566,2.4303,0.0736995,60.0
1744878839947911.0,-425.46,-1630.41,0.22228,2.3566,2.41336,0.056768,60.0
1744878839968351.0,-427.577,-1629.05,0.222073,2.4303,2.52184,0.0915495,60.0
1744878839988905.0,-427.577,-1629.05,0.222073,2.4303,2.44279,0.0124902,60.0
1744878840009723.0,-430.119,-1627.0,0.221723,2.52184,2.55869,0.0368411,60.0
1744878840030487.0,-430.119,-1627.0,0.221723,2.52184,2.52027,-0.00157604,60.0
1744878840051065.0,-430.119,-1627.0,0.221723,2.52184,2.47982,-0.0420199,60.0
1744878840071599.0,-432.237,-1624.95,0.221345,2.52027,2.44974,-0.0705328,60.0
1744878840092174.0,-432.237,-1624.95,0.221345,2.52027,2.41456,-0.105711,60.0
1744878840112789.0,-434.778,-1622.9,0.220998,2.44974,2.3421,-0.107634,60.0
1744878840133973.0,-434.778,-1622.9,0.220998,2.44974,2.53112,0.0813809,60.0
1744878840154682.0,-436.896,-1621.54,0.220796,2.3421,2.50402,0.161916,60.0
1744878840175351.0,-436.896,-1621.54,0.220796,2.3421,2.453,0.110895,60.0
1744878840195852.0,-436.896,-1621.54,0.220796,2.3421,2.46776,0.125657,60.0
1744878840216530.0,-439.437,-1619.49,0.220452,2.453,2.41496,-0.0380368,60.0
1744878840237325.0,-439.437,-1619.49,0.220452,2.453,2.57168,0.118683,60.0
1744878840257797.0,-441.555,-1617.44,0.22008,2.41496,2.56051,0.145548,60.0
1744878840278192.0,-441.555,-1617.44,0.22008,2.41496,2.56828,0.15332,60.0
1744878840299221.0,-441.555,-1617.44,0.22008,2.41496,2.51915,0.104192,60.0
1744878840319900.0,-444.096,-1615.39,0.219739,2.56828,2.53248,-0.035798,60.0
1744878840340555.0,-444.096,-1615.39,0.219739,2.56828,2.51848,-0.0497998,60.0
1744878840361833.0,-446.638,-1614.03,0.219571,2.53248,2.58633,0.0538471,60.0
1744878840382467.0,-446.638,-1614.03,0.219571,2.53248,2.5085,-0.0239792,60.0
1744878840403383.0,-446.638,-1614.03,0.219571,2.53248,2.69494,0.162456,60.0
1744878840423883.0,-448.756,-1611.98,0.219203,2.5085,2.50237,-0.0061338,60.0
1744878840444421.0,-448.756,-1611.98,0.219203,2.5085,2.43574,-0.0727638,60.0
1744878840465053.0,-451.297,-1609.93,0.218867,2.50237,2.39641,-0.105962,60.0
1744878840485818.0,-451.297,-1609.93,0.218867,2.50237,2.40339,-0.0989839,60.0
1744878840506545.0,-451.297,-1609.93,0.218867,2.50237,2.57314,0.070766,60.0
1744878840527263.0,-453.415,-1608.57,0.218674,2.40339,2.41816,0.0147724,60.0
1744878840547914.0,-453.415,-1608.57,0.218674,2.40339,2.42905,0.025663,60.0
1744878840568546.0,-455.956,-1606.52,0.21834,2.41816,2.54493,0.126773,60.0
1744878840589267.0,-455.956,-1606.52,0.21834,2.41816,2.52147,0.103315,60.0
1744878840610264.0,-458.074,-1604.47,0.217977,2.54493,2.59015,0.0452211,60.0
1744878840630887.0,-458.074,-1604.47,0.217977,2.54493,2.56031,0.0153755,60.0
1744878840651197.0,-458.074,-1604.47,0.217977,2.54493,2.54146,-0.00347193,60.0
1744878840671757.0,-460.615,-1602.42,0.217647,2.56031,2.64632,0.0860092,60.0
1744878840692429.0,-460.615,-1602.42,0.217647,2.56031,2.46912,-0.0911828,60.0
1744878840713367.0,-463.156,-1601.06,0.217489,2.64632,2.72148,0.0751623,60.0
1744878840734072.0,-463.156,-1601.06,0.217489,2.64632,2.58772,-0.0586001,60.0
1744878840754442.0,-463.156,-1601.06,0.217489,2.64632,2.51518,-0.131136,60.0
1744878840775316.0,-465.274,-1599.01,0.217131,2.58772,2.60587,0.0181534,60.0
1744878840796097.0,-465.274,-1599.01,0.217131,2.58772,2.45782,-0.129894,60.0
1744878840816733.0,-467.816,-1596.96,0.216805,2.60587,2.52878,-0.0770841,60.0
1744878840837494.0,-467.816,-1596.96,0.216805,2.60587,2.5535,-0.052365,60.0
1744878840858367.0,-467.816,-1596.96,0.216805,2.60587,2.56433,-0.0415412,60.0
1744878840878851.0,-469.933,-1595.6,0.21662,2.5535,2.46683,-0.0866719,60.0
1744878840899451.0,-469.933,-1595.6,0.21662,2.5535,2.48226,-0.0712464,60.0
1744878840920119.0,-472.475,-1593.55,0.216297,2.46683,2.5421,0.075264,60.0
1744878840940781.0,-472.475,-1593.55,0.216297,2.46683,2.39334,-0.073492,60.0
1744878840961438.0,-472.475,-1593.55,0.216297,2.46683,2.44207,-0.0247641,60.0
1744878840982157.0,-475.016,-1591.5,0.215976,2.39334,2.47723,0.0838895,60.0
1744878841002843.0,-475.016,-1591.5,0.215976,2.39334,2.53773,0.144394,60.0
1744878841023779.0,-477.134,-1590.14,0.215795,2.47723,2.53559,0.0583634,60.0
1744878841044406.0,-477.134,-1590.14,0.215795,2.47723,2.45266,-0.0245658,60.0
1744878841065101.0,-477.134,-1590.14,0.215795,2.47723,2.50844,0.0312149,60.0
1744878841085766.0,-479.675,-1588.09,0.215476,2.45266,2.46128,0.00862061,60.0
1744878841106479.0,-479.675,-1588.09,0.215476,2.45266,2.38589,-0.066774,60.0
1744878841127126.0,-482.217,-1586.04,0.21516,2.46128,2.3857,-0.0755845,60.0
1744878841147795.0,-482.217,-1586.04,0.21516,2.46128,2.58197,0.120682,60.0
1744878841168466.0,-484.334,-1584.68,0.214982,2.3857,2.52847,0.142771,60.0
1744878841189083.0,-484.334,-1584.68,0.214982,2.3857,2.43062,0.0449154,60.0
1744878841209639.0,-484.334,-1584.68,0.214982,2.3857,2.4136,0.0279009,60.0
1744878841230390.0,-486.876,-1582.63,0.214668,2.43062,2.53025,0.0996386,60.0
1744878841251278.0,-486.876,-1582.63,0.214668,2.43062,2.56436,0.133747,60.0
1744878841271928.0,-489.417,-1580.58,0.214356,2.53025,2.62102,0.0907615,60.0
1744878841292705.0,-489.417,-1580.58,0.214356,2.53025,2.51636,-0.0138935,60.0
1744878841313295.0,-489.417,-1580.58,0.214356,2.53025,2.63278,0.102528,60.0
1744878841334036.0,-491.535,-1579.22,0.214182,2.51636,2.509,-0.00736258,60.0
1744878841354780.0,-491.535,-1579.22,0.214182,2.51636,2.37929,-0.137068,60.0
1744878841375388.0,-494.076,-1577.17,0.213873,2.509,2.46847,-0.0405247,60.0
1744878841405896.0,-494.076,-1577.17,0.213873,2.509,2.51771,0.00870764,60.0
1744878841430562.0,-496.194,-1575.12,0.213533,2.46847,2.6276,0.159128,60.0
1744878841451170.0,-496.194,-1575.12,0.213533,2.46847,2.39047,-0.078002,60.0
1744878841471913.0,-498.735,-1573.76,0.213395,2.6276,2.67429,0.0466858,60.0
1744878841492766.0,-498.735,-1573.76,0.213395,2.6276,2.5758,-0.0518002,60.0
1744878841513236.0,-498.735,-1573.76,0.213395,2.6276,2.50485,-0.122752,60.0
1744878841534226.0,-501.277,-1571.71,0.213091,2.5758,2.66952,0.0937171,60.0
1744878841554699.0,-501.277,-1571.71,0.213091,2.5758,2.57136,-0.00444454,60.0
1744878841575726.0,-503.395,-1569.66,0.212754,2.66952,2.58014,-0.0893789,60.0
1744878841596397.0,-503.395,-1569.66,0.212754,2.66952,2.82178,0.152265,60.0
1744878841617160.0,-503.395,-1569.66,0.212754,2.66952,2.53137,-0.138148,60.0
1744878841637613.0,-505.936,-1568.29,0.212621,2.82178,2.75366,-0.0681189,60.0
1744878841658218.0,-505.936,-1568.29,0.212621,2.82178,2.79071,-0.0310767,60.0
1744878841679081.0,-508.477,-1566.25,0.212321,2.75366,2.70569,-0.0479793,60.0
1744878841699740.0,-508.477,-1566.25,0.212321,2.75366,2.77837,0.0247023,60.0
1744878841720465.0,-508.477,-1566.25,0.212321,2.75366,2.6138,-0.13986,60.0
1744878841741085.0,-511.018,-1564.88,0.21219,2.77837,2.63116,-0.147211,60.0
1744878841761556.0,-511.018,-1564.88,0.21219,2.77837,2.85141,0.0730463,60.0
1744878841782388.0,-513.136,-1562.83,0.211859,2.63116,2.63301,0.00185228,60.0
1744878841803483.0,-513.136,-1562.83,0.211859,2.63116,2.56422,-0.0669379,60.0
1744878841824040.0,-513.136,-1562.83,0.211859,2.63116,2.64355,0.0123961,60.0
1744878841844813.0,-515.678,-1561.47,0.211731,2.56422,2.48909,-0.075127,60.0
1744878841865530.0,-515.678,-1561.47,0.211731,2.56422,2.60672,0.0425025,60.0
1744878841886164.0,-518.219,-1559.42,0.211437,2.48909,2.40397,-0.0851187,60.0
1744878841906997.0,-518.219,-1559.42,0.211437,2.48909,2.50332,0.0142314,60.0
1744878841927923.0,-520.76,-1558.06,0.211312,2.40397,2.52523,0.121257,60.0
1744878841948565.0,-520.76,-1558.06,0.211312,2.40397,2.39056,-0.0134132,60.0
1744878841969105.0,-520.76,-1558.06,0.211312,2.40397,2.43064,0.0266667,60.0
1744878841990067.0,-523.302,-1556.01,0.211021,2.39056,2.47344,0.0828768,60.0
1744878842011040.0,-523.302,-1556.01,0.211021,2.39056,2.35253,-0.0380334,60.0
1744878842031280.0,-525.419,-1554.64,0.210863,2.47344,2.33319,-0.140246,60.0
1744878842051944.0,-525.419,-1554.64,0.210863,2.47344,2.43473,-0.0387092,60.0
1744878842072682.0,-525.419,-1554.64,0.210863,2.47344,2.55123,0.0777927,60.0
1744878842093270.0,-527.961,-1552.6,0.210576,2.43473,2.44035,0.00561906,60.0
1744878842114004.0,-527.961,-1552.6,0.210576,2.43473,2.40174,-0.0329871,60.0
1744878842134711.0,-530.502,-1550.55,0.21029,2.44035,2.39774,-0.0426065,60.0
1744878842155362.0,-530.502,-1550.55,0.21029,2.44035,2.48919,0.0488396,60.0
1744878842175939.0,-530.502,-1550.55,0.21029,2.44035,2.38224,-0.0581054,60.0
1744878842196796.0,-533.043,-1549.18,0.210171,2.48919,2.54827,0.059083,60.0
1744878842217664.0,-533.043,-1549.18,0.210171,2.48919,2.48791,-0.00127277,60.0
1744878842238572.0,-535.161,-1547.13,0.209853,2.54827,2.49098,-0.0572847,60.0
1744878842259349.0,-535.161,-1547.13,0.209853,2.54827,2.41012,-0.138144,60.0
1744878842280191.0,-535.161,-1547.13,0.209853,2.54827,2.53708,-0.0111866,60.0
1744878842301179.0,-537.702,-1545.77,0.209737,2.41012,2.34127,-0.0688558,60.0
1744878842321771.0,-537.702,-1545.77,0.209737,2.41012,2.27842,-0.131704,60.0
1744878842342544.0,-540.244,-1543.72,0.209457,2.34127,2.4395,0.0982299,60.0
1744878842363494.0,-540.244,-1543.72,0.209457,2.34127,2.46692,0.125654,60.0
1744878842383967.0,-542.362,-1541.67,0.209143,2.4395,2.30128,-0.138221,60.0
1744878842404518.0,-542.362,-1541.67,0.209143,2.4395,2.48355,0.0440474,60.0
1744878842425362.0,-542.362,-1541.67,0.209143,2.4395,2.40967,-0.0298279,60.0
1744878842445984.0,-544.903,-1540.31,0.20903,2.48355,2.51731,0.0337608,60.0
1744878842466685.0,-544.903,-1540.31,0.20903,2.48355,2.36149,-0.122059,60.0
1744878842487452.0,-547.444,-1538.26,0.208755,2.51731,2.59245,0.0751452,60.0
1744878842507919.0,-547.444,-1538.26,0.208755,2.51731,2.58719,0.0698782,60.0
1744878842528548.0,-547.444,-1538.26,0.208755,2.51731,2.42607,-0.0912383,60.0
1744878842549586.0,-549.562,-1536.21,0.208445,2.58719,2.44001,-0.147177,60.0
1744878842570157.0,-549.562,-1536.21,0.208445,2.58719,2.49462,-0.0925617,60.0
1744878842590895.0,-552.103,-1534.85,0.208337,2.44001,2.28889,-0.151118,60.0
1744878842611370.0,-552.103,-1534.85,0.208337,2.44001,2.58645,0.146438,60.0
1744878842632187.0,-552.103,-1534.85,0.208337,2.44001,2.32662,-0.113391,60.0
1744878842652890.0,-554.645,-1532.8,0.208066,2.58645,2.56707,-0.0193778,60.0
1744878842673647.0,-554.645,-1532.8,0.208066,2.58645,2.60021,0.0137622,60.0
1744878842694051.0,-556.762,-1530.75,0.20776,2.56707,2.4059,-0.161169,60.0
1744878842714785.0,-556.762,-1530.75,0.20776,2.56707,2.48857,-0.0785009,60.0
1744878842735607.0,-556.762,-1530.75,0.20776,2.56707,2.51596,-0.0511078,60.0
1744878842756330.0,-559.304,-1529.39,0.207656,2.48857,2.49571,0.00714551,60.0
1744878842777048.0,-559.304,-1529.39,0.207656,2.48857,2.33772,-0.150848,60.0
1744878842798102.0,-561.845,-1527.34,0.20739,2.49571,2.35804,-0.137676,60.0
1744878842818762.0,-561.845,-1527.34,0.20739,2.49571,2.49358,-0.00212955,60.0
1744878842839472.0,-563.963,-1525.97,0.207252,2.35804,2.42994,0.071901,60.0
1744878842860154.0,-563.963,-1525.97,0.207252,2.35804,2.36602,0.00798491,60.0
1744878842881021.0,-563.963,-1525.97,0.207252,2.35804,2.51303,0.154989,60.0
1744878842901922.0,-566.504,-1523.93,0.206989,2.36602,2.50598,0.139962,60.0
1744878842922316.0,-566.504,-1523.93,0.206989,2.36602,2.38753,0.0215104,60.0
1744878842943045.0,-569.045,-1521.88,0.206727,2.50598,2.40957,-0.0964113,60.0
1744878842963981.0,-569.045,-1521.88,0.206727,2.50598,2.63703,0.131042,60.0
1744878842984507.0,-569.045,-1521.88,0.206727,2.50598,2.49346,-0.012529,60.0
1744878843005224.0,-571.163,-1520.51,0.206592,2.63703,2.47809,-0.158933,60.0
1744878843025865.0,-571.163,-1520.51,0.206592,2.63703,2.52353,-0.113493,60.0
1744878843046583.0,-573.705,-1518.47,0.206334,2.47809,2.46007,-0.0180249,60.0
1744878843067200.0,-573.705,-1518.47,0.206334,2.47809,2.3817,-0.0963982,60.0
1744878843087900.0,-573.705,-1518.47,0.206334,2.47809,2.31434,-0.163751,60.0
1744878843108539.0,-576.246,-1516.42,0.206077,2.3817,2.53735,0.155655,60.0
1744878843129211.0,-576.246,-1516.42,0.206077,2.3817,2.3642,-0.0174907,60.0
1744878843149916.0,-578.364,-1515.05,0.205945,2.53735,2.3932,-0.144151,60.0
1744878843170556.0,-578.364,-1515.05,0.205945,2.53735,2.46821,-0.069136,60.0
1744878843191271.0,-578.364,-1515.05,0.205945,2.53735,2.51681,-0.0205444,60.0
1744878843211918.0,-580.905,-1513.0,0.205692,2.46822,2.61012,0.141908,60.0
1744878843232554.0,-580.905,-1513.0,0.205692,2.46822,2.55401,0.0857925,60.0
1744878843253337.0,-583.446,-1510.96,0.205439,2.61012,2.52981,-0.080313,60.0
1744878843273996.0,-583.446,-1510.96,0.205439,2.61012,2.54613,-0.0639975,60.0
1744878843294941.0,-585.564,-1509.59,0.205311,2.52981,2.54429,0.01448,60.0
1744878843315777.0,-585.564,-1509.59,0.205311,2.52981,2.54123,0.0114196,60.0
1744878843336421.0,-585.564,-1509.59,0.205311,2.52981,2.4912,-0.0386143,60.0
1744878843357213.0,-588.105,-1507.54,0.205062,2.54123,2.54242,0.00119507,60.0
1744878843377824.0,-588.105,-1507.54,0.205062,2.54123,2.45786,-0.0833741,60.0
1744878843398484.0,-590.647,-1505.5,0.204815,2.54242,2.47355,-0.0688733,60.0
1744878843418990.0,-590.647,-1505.5,0.204815,2.54242,2.51339,-0.029036,60.0
1744878843439673.0,-590.647,-1505.5,0.204815,2.54242,2.44098,-0.101447,60.0
1744878843460532.0,-592.765,-1504.13,0.20469,2.51339,2.58224,0.0688503,60.0
1744878843481353.0,-592.765,-1504.13,0.20469,2.51339,2.35428,-0.159104,60.0
1744878843502225.0,-595.306,-1502.08,0.204446,2.58224,2.57989,-0.00235238,60.0
1744878843523101.0,-595.306,-1502.08,0.204446,2.58224,2.70332,0.121081,60.0
1744878843543813.0,-595.306,-1502.08,0.204446,2.58224,2.47097,-0.111273,60.0
1744878843564330.0,-597.847,-1500.72,0.204363,2.70332,2.6392,-0.06412,60.0
1744878843585041.0,-597.847,-1500.72,0.204363,2.70332,2.69001,-0.0133071,60.0
1744878843605942.0,-599.965,-1498.67,0.204082,2.6392,2.63672,-0.00248154,60.0
1744878843626426.0,-599.965,-1498.67,0.204082,2.6392,2.5052,-0.133998,60.0
1744878843646989.0,-599.965,-1498.67,0.204082,2.6392,2.64504,0.00583678,60.0
1744878843667700.0,-602.506,-1497.3,0.204002,2.5052,2.66935,0.164144,60.0
1744878843688496.0,-602.506,-1497.3,0.204002,2.5052,2.55943,0.0542292,60.0
1744878843709189.0,-605.048,-1495.26,0.203764,2.66935,2.54331,-0.126039,60.0
1744878843729726.0,-605.048,-1495.26,0.203764,2.66935,2.57419,-0.0951565,60.0
1744878843750474.0,-607.589,-1493.89,0.203686,2.54331,2.45206,-0.0912473,60.0
1744878843771431.0,-607.589,-1493.89,0.203686,2.54331,2.42191,-0.121398,60.0
1744878843792079.0,-607.589,-1493.89,0.203686,2.54331,2.64292,0.0996095,60.0
1744878843812737.0,-610.13,-1491.84,0.203451,2.42191,2.40849,-0.0134155,60.0
1744878843833362.0,-610.13,-1491.84,0.203451,2.42191,2.49344,0.0715255,60.0
1744878843854152.0,-612.248,-1489.8,0.203177,2.40849,2.53124,0.122749,60.0
1744878843875002.0,-612.248,-1489.8,0.203177,2.40849,2.47237,0.0638729,60.0
1744878843895765.0,-612.248,-1489.8,0.203177,2.40849,2.49831,0.0898158,60.0
1744878843916215.0,-614.789,-1488.43,0.203104,2.47237,2.39447,-0.0778926,60.0
1744878843936789.0,-614.789,-1488.43,0.203104,2.47237,2.60969,0.137325,60.0
1744878843957496.0,-617.331,-1486.38,0.202873,2.39447,2.43741,0.0429344,60.0
1744878843978192.0,-617.331,-1486.38,0.202873,2.39447,2.49589,0.101418,60.0
1744878843998916.0,-617.331,-1486.38,0.202873,2.39447,2.51136,0.116882,60.0
1744878844019671.0,-619.872,-1485.02,0.202803,2.49589,2.39136,-0.104528,60.0
1744878844040371.0,-619.872,-1485.02,0.202803,2.49589,2.55481,0.0589143,60.0
1744878844061015.0,-621.99,-1482.97,0.202534,2.39136,2.43362,0.0422513,60.0
1744878844081540.0,-621.99,-1482.97,0.202534,2.39136,2.52083,0.129468,60.0
1744878844102200.0,-621.99,-1482.97,0.202534,2.39136,2.32992,-0.0614478,60.0
1744878844123047.0,-624.531,-1480.92,0.202308,2.52083,2.37495,-0.145881,60.0
1744878844143711.0,-624.531,-1480.92,0.202308,2.52083,2.51665,-0.00418762,60.0
1744878844164441.0,-627.072,-1479.56,0.202241,2.37495,2.34792,-0.0270359,60.0
1744878844185115.0,-627.072,-1479.56,0.202241,2.37495,2.32155,-0.053405,60.0
1744878844205963.0,-629.19,-1477.51,0.201976,2.34792,2.48362,0.135704,60.0
1744878844226952.0,-629.19,-1477.51,0.201976,2.34792,2.44779,0.0998771,60.0
1744878844247676.0,-629.19,-1477.51,0.201976,2.34792,2.43632,0.0884014,60.0
1744878844268361.0,-631.731,-1476.14,0.201913,2.44779,2.4968,0.0490066,60.0
1744878844289220.0,-631.731,-1476.14,0.201913,2.44779,2.53632,0.0885241,60.0
1744878844309836.0,-633.849,-1474.1,0.201651,2.4968,2.56971,0.0729108,60.0
1744878844330536.0,-633.849,-1474.1,0.201651,2.4968,2.46381,-0.0329853,60.0
1744878844351206.0,-633.849,-1474.1,0.201651,2.4968,2.56706,0.0702605,60.0
1744878844372094.0,-636.39,-1472.05,0.201432,2.46381,2.5107,0.0468844,60.0
1744878844392805.0,-636.39,-1472.05,0.201432,2.46381,2.39495,-0.0688636,60.0
1744878844413561.0,-638.932,-1470.0,0.201215,2.5107,2.51961,0.00891345,60.0
1744878844433925.0,-638.932,-1470.0,0.201215,2.5107,2.46822,-0.0424778,60.0
1744878844454958.0,-638.932,-1470.0,0.201215,2.5107,2.63024,0.119538,60.0
1744878844475392.0,-641.049,-1468.63,0.201114,2.46822,2.44392,-0.0242986,60.0
1744878844496004.0,-641.049,-1468.63,0.201114,2.46822,2.52939,0.0611696,60.0
1744878844516623.0,-643.591,-1466.59,0.200901,2.44392,2.31432,-0.1296,60.0
1744878844537317.0,-643.591,-1466.59,0.200901,2.44392,2.38786,-0.0560629,60.0
1744878844558146.0,-643.591,-1466.59,0.200901,2.44392,2.38769,-0.0562371,60.0
1744878844578891.0,-646.132,-1464.54,0.200688,2.38786,2.39217,0.00431223,60.0
1744878844599620.0,-646.132,-1464.54,0.200688,2.38786,2.43611,0.0482504,60.0
1744878844620142.0,-648.25,-1463.17,0.200591,2.39217,2.37663,-0.0155369,60.0
1744878844640981.0,-648.25,-1463.17,0.200591,2.39217,2.43154,0.0393724,60.0
1744878844661581.0,-650.791,-1461.13,0.200382,2.37663,2.50361,0.126971,60.0
1744878844682258.0,-650.791,-1461.13,0.200382,2.37663,2.38942,0.0127803,60.0
1744878844703325.0,-650.791,-1461.13,0.200382,2.37663,2.48627,0.109635,60.0
1744878844723846.0,-652.909,-1459.08,0.200131,2.38942,2.51784,0.128428,60.0
1744878844744497.0,-652.909,-1459.08,0.200131,2.38942,2.34046,-0.0489575,60.0
1744878844765186.0,-655.45,-1457.71,0.200081,2.51784,2.50468,-0.0131639,60.0
1744878844785913.0,-655.45,-1457.71,0.200081,2.51784,2.41398,-0.103868,60.0
1744878844806738.0,-655.45,-1457.71,0.200081,2.51784,2.46131,-0.0565298,60.0
1744878844827449.0,-657.568,-1455.66,0.199832,2.41398,2.47211,0.0581329,60.0
1744878844848169.0,-657.568,-1455.66,0.199832,2.41398,2.54666,0.132685,60.0
1744878844868963.0,-660.109,-1453.62,0.199629,2.47211,2.40213,-0.0699753,60.0
1744878844889631.0,-660.109,-1453.62,0.199629,2.47211,2.42137,-0.0507395,60.0
1744878844910509.0,-660.109,-1453.62,0.199629,2.47211,2.37254,-0.0995716,60.0
1744878844931176.0,-662.227,-1451.57,0.199384,2.42137,2.37813,-0.0432418,60.0
1744878844951931.0,-662.227,-1451.57,0.199384,2.42137,2.36576,-0.0556097,60.0
1744878844972310.0,-664.768,-1450.2,0.199339,2.37813,2.51391,0.135781,60.0
1744878844992987.0,-664.768,-1450.2,0.199339,2.37813,2.30246,-0.0756713,60.0
1744878845013908.0,-666.886,-1448.16,0.199096,2.51391,2.58704,0.0731281,60.0
1744878845034482.0,-666.886,-1448.16,0.199096,2.51391,2.43004,-0.083867,60.0
1744878845055164.0,-666.886,-1448.16,0.199096,2.51391,2.37985,-0.134054,60.0
1744878845075545.0,-669.428,-1446.11,0.198899,2.43004,2.37632,-0.053724,60.0
1744878845096490.0,-669.428,-1446.11,0.198899,2.43004,2.56499,0.134945,60.0
1744878845117070.0,-671.546,-1444.06,0.198659,2.37632,2.30888,-0.0674336,60.0
1744878845137398.0,-671.546,-1444.06,0.198659,2.37632,2.43349,0.0571774,60.0
1744878845158144.0,-671.546,-1444.06,0.198659,2.37632,2.42746,0.0511448,60.0
1744878845178835.0,-674.087,-1442.01,0.198465,2.43349,2.48107,0.0475784,60.0
1744878845199650.0,-674.087,-1442.01,0.198465,2.43349,2.38468,-0.0488101,60.0
1744878845220318.0,-676.205,-1440.65,0.198382,2.48107,2.5609,0.079825,60.0
1744878845240944.0,-676.205,-1440.65,0.198382,2.48107,2.57716,0.0960859,60.0
1744878845261702.0,-676.205,-1440.65,0.198382,2.48107,2.42225,-0.058822,60.0
1744878845282367.0,-678.746,-1438.6,0.198191,2.57716,2.49491,-0.0822485,60.0
1744878845303222.0,-678.746,-1438.6,0.198191,2.57716,2.48653,-0.0906337,60.0
1744878845324072.0,-680.864,-1436.55,0.197956,2.49491,2.35494,-0.139972,60.0
1744878845344640.0,-680.864,-1436.55,0.197956,2.49491,2.35542,-0.139495,60.0
1744878845365197.0,-680.864,-1436.55,0.197956,2.49491,2.52231,0.027396,60.0
1744878845385799.0,-683.405,-1434.5,0.197769,2.35542,2.34201,-0.0134026,60.0
1744878845406396.0,-683.405,-1434.5,0.197769,2.35542,2.43441,0.0789972,60.0
1744878845427454.0,-685.523,-1433.14,0.19769,2.34201,2.48547,0.143461,60.0
1744878845448097.0,-685.523,-1433.14,0.19769,2.34201,2.39185,0.0498405,60.0
1744878845468453.0,-685.523,-1433.14,0.19769,2.34201,2.3976,0.0555912,60.0
1744878845489432.0,-688.064,-1431.09,0.197506,2.39185,2.37917,-0.0126865,60.0
1744878845510219.0,-688.064,-1431.09,0.197506,2.39185,2.3934,0.00154253,60.0
1744878845530837.0,-690.182,-1429.04,0.197277,2.37917,2.4159,0.0367376,60.0
1744878845551751.0,-690.182,-1429.04,0.197277,2.37917,2.36136,-0.0178075,60.0
1744878845572424.0,-692.723,-1426.99,0.197095,2.4159,2.49067,0.0747691,60.0
1744878845593341.0,-692.723,-1426.99,0.197095,2.4159,2.48424,0.0683368,60.0
1744878845614051.0,-692.723,-1426.99,0.197095,2.4159,2.34806,-0.0678437,60.0
1744878845634691.0,-694.841,-1424.95,0.196869,2.48424,2.5011,0.0168627,60.0
1744878845655198.0,-694.841,-1424.95,0.196869,2.48424,2.53224,0.0480017,60.0
1744878845676117.0,-697.382,-1423.58,0.196843,2.5011,2.65005,0.148947,60.0
1744878845696542.0,-697.382,-1423.58,0.196843,2.5011,2.45242,-0.0486858,60.0
1744878845717237.0,-697.382,-1423.58,0.196843,2.5011,2.39614,-0.104965,60.0
1744878845738109.0,-699.5,-1421.53,0.196619,2.45242,2.46283,0.0104124,60.0
1744878845758842.0,-699.5,-1421.53,0.196619,2.45242,2.54657,0.0941566,60.0
1744878845779496.0,-702.041,-1419.49,0.196444,2.46283,2.36921,-0.0936203,60.0
1744878845800731.0,-702.041,-1419.49,0.196444,2.46283,2.57295,0.110123,60.0
1744878845821604.0,-702.041,-1419.49,0.196444,2.46283,2.4561,-0.00672935,60.0
1744878845842137.0,-704.159,-1417.44,0.196223,2.57295,2.51976,-0.0531936,60.0
1744878845862776.0,-704.159,-1417.44,0.196223,2.57295,2.50493,-0.0680254,60.0
1744878845883454.0,-706.701,-1415.39,0.196051,2.51976,2.43072,-0.0890349,60.0
1744878845903859.0,-706.701,-1415.39,0.196051,2.51976,2.4826,-0.0371584,60.0
1744878845924748.0,-706.701,-1415.39,0.196051,2.51976,2.54282,0.0230585,60.0
1744878845945418.0,-708.818,-1414.02,0.195984,2.4826,2.3711,-0.111499,60.0
1744878845966093.0,-708.818,-1414.02,0.195984,2.4826,2.39749,-0.0851062,60.0
1744878845986560.0,-711.36,-1411.98,0.195815,2.3711,2.49782,0.126722,60.0
1744878846007263.0,-711.36,-1411.98,0.195815,2.3711,2.49139,0.120286,60.0
1744878846028272.0,-713.477,-1409.93,0.1956,2.49782,2.49379,-0.00403205,60.0
1744878846049121.0,-713.477,-1409.93,0.1956,2.49782,2.42994,-0.0678834,60.0
1744878846069409.0,-713.477,-1409.93,0.1956,2.49782,2.40799,-0.0898384,60.0
1744878846090240.0,-716.019,-1407.88,0.195434,2.42994,2.46676,0.0368191,60.0
1744878846110855.0,-716.019,-1407.88,0.195434,2.42994,2.49279,0.0628509,60.0
1744878846131668.0,-718.137,-1406.52,0.195372,2.46676,2.55105,0.0842883,60.0
1744878846151934.0,-718.137,-1406.52,0.195372,2.46676,2.4592,-0.00756487,60.0
1744878846172498.0,-718.137,-1406.52,0.195372,2.46676,2.44024,-0.0265224,60.0
1744878846193492.0,-720.254,-1404.47,0.195161,2.45919,2.41399,-0.0452026,60.0
1744878846214060.0,-720.254,-1404.47,0.195161,2.45919,2.44911,-0.0100859,60.0
1744878846234531.0,-722.796,-1402.42,0.194999,2.41399,2.32189,-0.0920997,60.0
1744878846255282.0,-722.796,-1402.42,0.194999,2.41399,2.54304,0.129043,60.0
1744878846276010.0,-722.796,-1402.42,0.194999,2.41399,2.43049,0.0164951,60.0
1744878846296768.0,-724.914,-1400.37,0.194791,2.54304,2.56086,0.01782,60.0
1744878846317657.0,-724.914,-1400.37,0.194791,2.54304,2.60701,0.0639705,60.0
1744878846338503.0,-727.455,-1398.32,0.194632,2.56086,2.39797,-0.162882,60.0
1744878846359295.0,-727.455,-1398.32,0.194632,2.56086,2.60571,0.0448559,60.0
1744878846379889.0,-727.455,-1398.32,0.194632,2.56086,2.5055,-0.0553557,60.0
1744878846405704.0,-729.996,-1396.96,0.194625,2.60571,2.47097,-0.134746,60.0
1744878846426666.0,-729.996,-1396.96,0.194625,2.60571,2.47432,-0.131392,60.0
1744878846447566.0,-732.114,-1394.91,0.194421,2.47097,2.39799,-0.0729743,60.0
1744878846468367.0,-732.114,-1394.91,0.194421,2.47097,2.51776,0.0467898,60.0
1744878846489182.0,-734.655,-1392.86,0.194267,2.39799,2.2888,-0.109192,60.0
1744878846509954.0,-734.655,-1392.86,0.194267,2.39799,2.47379,0.0757982,60.0
1744878846530583.0,-734.655,-1392.86,0.194267,2.39799,2.47142,0.0734267,60.0
1744878846551289.0,-736.773,-1391.5,0.194214,2.47379,2.49806,0.0242737,60.0
1744878846572000.0,-736.773,-1391.5,0.194214,2.47379,2.39249,-0.0812988,60.0
1744878846592487.0,-739.314,-1389.45,0.194063,2.49806,2.56437,0.0663031,60.0
1744878846613651.0,-739.314,-1389.45,0.194063,2.49806,2.43557,-0.0624978,60.0
1744878846634362.0,-741.432,-1387.4,0.193865,2.56437,2.52516,-0.0392109,60.0
1744878846655199.0,-741.432,-1387.4,0.193865,2.56437,2.48997,-0.0744002,60.0
1744878846675769.0,-741.432,-1387.4,0.193865,2.56437,2.52913,-0.0352318,60.0
1744878846696498.0,-743.973,-1385.35,0.193717,2.48997,2.54605,0.0560872,60.0
1744878846717260.0,-743.973,-1385.35,0.193717,2.48997,2.51568,0.0257159,60.0
1744878846738182.0,-746.091,-1383.99,0.193669,2.54605,2.52417,-0.0218854,60.0
1744878846758503.0,-746.091,-1383.99,0.193669,2.54605,2.64984,0.103786,60.0
1744878846779455.0,-746.091,-1383.99,0.193669,2.54605,2.55447,0.00841362,60.0
1744878846800182.0,-748.632,-1381.94,0.193525,2.64984,2.53389,-0.115953,60.0
1744878846820980.0,-748.632,-1381.94,0.193525,2.64984,2.54086,-0.108975,60.0
1744878846841666.0,-751.174,-1379.89,0.193381,2.53389,2.51498,-0.018907,60.0
1744878846862535.0,-751.174,-1379.89,0.193381,2.53389,2.39854,-0.135344,60.0
1744878846883161.0,-751.174,-1379.89,0.193381,2.53389,2.57897,0.0450858,60.0
1744878846903836.0,-753.291,-1378.53,0.193337,2.39854,2.53591,0.137373,60.0
1744878846924594.0,-753.291,-1378.53,0.193337,2.39854,2.54564,0.147094,60.0
1744878846945421.0,-755.833,-1376.48,0.193197,2.53591,2.41162,-0.124299,60.0
1744878846966291.0,-755.833,-1376.48,0.193197,2.53591,2.66455,0.128633,60.0
1744878846986973.0,-755.833,-1376.48,0.193197,2.53591,2.41956,-0.116359,60.0
1744878847007449.0,-758.374,-1374.43,0.193059,2.66455,2.53134,-0.133204,60.0
1744878847028695.0,-758.374,-1374.43,0.193059,2.66455,2.69476,0.0302089,60.0
1744878847049315.0,-760.492,-1373.07,0.193018,2.53134,2.59593,0.0645889,60.0
1744878847069953.0,-760.492,-1373.07,0.193018,2.53134,2.37311,-0.158231,60.0
1744878847090713.0,-763.033,-1371.02,0.192882,2.59593,2.4419,-0.154031,60.0
1744878847111612.0,-763.033,-1371.02,0.192882,2.59593,2.51056,-0.0853703,60.0
1744878847132251.0,-763.033,-1371.02,0.192882,2.59593,2.63332,0.0373844,60.0
1744878847153384.0,-765.574,-1368.97,0.192749,2.51056,2.50694,-0.00362403,60.0
1744878847174200.0,-765.574,-1368.97,0.192749,2.51056,2.64126,0.130701,60.0
1744878847194912.0,-767.692,-1367.6,0.192711,2.50694,2.41399,-0.0929504,60.0
1744878847215709.0,-767.692,-1367.6,0.192711,2.50694,2.38578,-0.121156,60.0
1744878847236743.0,-767.692,-1367.6,0.192711,2.50694,2.5458,0.0388594,60.0
1744878847257457.0,-770.233,-1365.56,0.192581,2.38578,2.45135,0.0655701,60.0
1744878847278478.0,-770.233,-1365.56,0.192581,2.38578,2.45986,0.0740756,60.0
1744878847299515.0,-772.775,-1363.51,0.192451,2.45135,2.53934,0.0879911,60.0
1744878847320575.0,-772.775,-1363.51,0.192451,2.45135,2.39164,-0.0597082,60.0
1744878847341080.0,-772.775,-1363.51,0.192451,2.45135,2.41093,-0.040428,60.0
1744878847361909.0,-774.892,-1362.14,0.192418,2.39164,2.54346,0.151817,60.0
1744878847382957.0,-774.892,-1362.14,0.192418,2.39164,2.26395,-0.127697,60.0
1744878847406561.0,-777.434,-1360.1,0.192292,2.54346,2.41347,-0.129989,60.0
1744878847427358.0,-777.434,-1360.1,0.192292,2.54346,2.42124,-0.122225,60.0
1744878847448040.0,-779.552,-1358.05,0.192115,2.41347,2.57339,0.159918,60.0
1744878847468756.0,-779.552,-1358.05,0.192115,2.41347,2.37959,-0.0338778,60.0
1744878847489313.0,-779.552,-1358.05,0.192115,2.41347,2.48856,0.0750894,60.0
1744878847510123.0,-782.093,-1356.68,0.192137,2.37959,2.34556,-0.0340326,60.0
1744878847530869.0,-782.093,-1356.68,0.192137,2.37959,2.42386,0.0442621,60.0
1744878847551655.0,-784.634,-1354.63,0.192015,2.34556,2.41574,0.0701782,60.0
1744878847572219.0,-784.634,-1354.63,0.192015,2.34556,2.30846,-0.0371057,60.0
1744878847592980.0,-784.634,-1354.63,0.192015,2.34556,2.25938,-0.0861819,60.0
1744878847613714.0,-786.752,-1352.59,0.191843,2.30846,2.38621,0.0777499,60.0
1744878847634344.0,-786.752,-1352.59,0.191843,2.30846,2.23479,-0.0736679,60.0
1744878847655136.0,-789.293,-1351.22,0.191869,2.38621,2.46021,0.0740075,60.0
1744878847675688.0,-789.293,-1351.22,0.191869,2.38621,2.51728,0.131072,60.0
1744878847696381.0,-789.293,-1351.22,0.191869,2.38621,2.45634,0.0701314,60.0
1744878847717265.0,-791.411,-1349.17,0.191699,2.51728,2.44236,-0.0749194,60.0
1744878847737937.0,-791.411,-1349.17,0.191699,2.51728,2.41151,-0.105766,60.0
1744878847758624.0,-793.952,-1347.13,0.191584,2.44236,2.38792,-0.0544345,60.0
1744878847779432.0,-793.952,-1347.13,0.191584,2.44236,2.51051,0.0681556,60.0
1744878847800321.0,-796.07,-1345.08,0.191417,2.38792,2.48908,0.101154,60.0
1744878847821224.0,-796.07,-1345.08,0.191417,2.38792,2.43686,0.04894,60.0
1744878847842005.0,-796.07,-1345.08,0.191417,2.38792,2.4931,0.105177,60.0
1744878847862715.0,-798.611,-1343.71,0.191448,2.43686,2.33996,-0.0969059,60.0
1744878847883493.0,-798.611,-1343.71,0.191448,2.43686,2.56899,0.132129,60.0
1744878847904026.0,-800.729,-1341.66,0.191284,2.33996,2.41276,0.0728032,60.0
1744878847924920.0,-800.729,-1341.66,0.191284,2.33996,2.40832,0.0683619,60.0
1744878847945520.0,-800.729,-1341.66,0.191284,2.33996,2.26157,-0.0783905,60.0
1744878847966136.0,-803.27,-1339.62,0.191175,2.40832,2.33897,-0.0693459,60.0
1744878847986602.0,-803.27,-1339.62,0.191175,2.40832,2.38099,-0.0273294,60.0
1744878848007612.0,-805.388,-1337.57,0.191013,2.33897,2.31832,-0.0206567,60.0
1744878848028212.0,-805.388,-1337.57,0.191013,2.33897,2.39331,0.0543339,60.0
1744878848048929.0,-805.388,-1337.57,0.191013,2.33897,2.33737,-0.00160095,60.0
1744878848069633.0,-807.929,-1335.52,0.190907,2.39331,2.55617,0.162866,60.0
1744878848090342.0,-807.929,-1335.52,0.190907,2.39331,2.46613,0.0728175,60.0
1744878848111072.0,-810.047,-1334.15,0.190891,2.55617,2.60429,0.048118,60.0
1744878848131728.0,-810.047,-1334.15,0.190891,2.55617,2.5747,0.0185283,60.0
1744878848152584.0,-812.588,-1332.11,0.190788,2.60429,2.5933,-0.0109946,60.0
1744878848173207.0,-812.588,-1332.11,0.190788,2.60429,2.49226,-0.112034,60.0
1744878848193916.0,-812.588,-1332.11,0.190788,2.60429,2.57092,-0.0333706,60.0
1744878848214584.0,-814.706,-1330.06,0.190632,2.49226,2.44618,-0.0460783,60.0
1744878848235250.0,-814.706,-1330.06,0.190632,2.49226,2.49295,0.000686356,60.0
1744878848255945.0,-817.248,-1328.01,0.190532,2.44618,2.49645,0.0502728,60.0
1744878848276698.0,-817.248,-1328.01,0.190532,2.44618,2.57081,0.124628,60.0
1744878848299649.0,-817.248,-1328.01,0.190532,2.44618,2.35999,-0.0861896,60.0
1744878848321652.0,-819.365,-1325.96,0.190379,2.57081,2.49314,-0.0776722,60.0
1744878848342387.0,-819.365,-1325.96,0.190379,2.57081,2.59115,0.0203438,60.0
1744878848362741.0,-821.907,-1324.6,0.190424,2.49314,2.41224,-0.0808919,60.0
1744878848384059.0,-821.907,-1324.6,0.190424,2.49314,2.33193,-0.161204,60.0
1744878848404686.0,-821.907,-1324.6,0.190424,2.49314,2.59887,0.105738,60.0
1744878848425312.0,-824.024,-1322.55,0.190273,2.33193,2.38176,0.0498271,60.0
1744878848446116.0,-824.024,-1322.55,0.190273,2.33193,2.39991,0.0679828,60.0
1744878848467177.0,-826.566,-1320.5,0.190179,2.38176,2.26862,-0.11314,60.0
1744878848487802.0,-826.566,-1320.5,0.190179,2.38176,2.49371,0.11195,60.0
1744878848508605.0,-828.684,-1318.45,0.190032,2.26862,2.17277,-0.0958457,60.0
1744878848529373.0,-828.684,-1318.45,0.190032,2.26862,2.43268,0.164059,60.0
1744878848549903.0,-828.684,-1318.45,0.190032,2.26862,2.40039,0.131772,60.0
1744878848570550.0,-830.801,-1317.09,0.190027,2.43268,2.47283,0.0401544,60.0
1744878848591204.0,-830.801,-1317.09,0.190027,2.43268,2.49013,0.0574472,60.0
1744878848612255.0,-833.343,-1315.04,0.189937,2.47283,2.47815,0.00531224,60.0
1744878848632993.0,-833.343,-1315.04,0.189937,2.47283,2.45512,-0.0177131,60.0
1744878848653295.0,-833.343,-1315.04,0.189937,2.47283,2.40085,-0.0719829,60.0
1744878848674273.0,-835.46,-1312.99,0.189794,2.45512,2.50357,0.0484506,60.0
1744878848695106.0,-835.46,-1312.99,0.189794,2.45512,2.54635,0.09123,60.0
1744878848715713.0,-838.002,-1310.94,0.189707,2.50357,2.53584,0.0322687,60.0
1744878848736409.0,-838.002,-1310.94,0.189707,2.50357,2.46329,-0.0402807,60.0
1744878848757338.0,-838.002,-1310.94,0.189707,2.50357,2.48598,-0.017589,60.0
1744878848777882.0,-840.119,-1308.9,0.189567,2.46329,2.41449,-0.0488001,60.0
1744878848798914.0,-840.119,-1308.9,0.189567,2.46329,2.598,0.134708,60.0
1744878848819428.0,-842.661,-1307.53,0.189623,2.41449,2.4393,0.0248136,60.0
1744878848840216.0,-842.661,-1307.53,0.189623,2.41449,2.40935,-0.00514007,60.0
1744878848861206.0,-842.661,-1307.53,0.189623,2.41449,2.5355,0.12101,60.0
1744878848881594.0,-844.778,-1305.48,0.189486,2.40935,2.53171,0.122358,60.0
1744878848902397.0,-844.778,-1305.48,0.189486,2.40935,2.4849,0.0755463,60.0
1744878848923018.0,-847.32,-1303.44,0.189405,2.53171,2.45225,-0.079454,60.0
1744878848943905.0,-847.32,-1303.44,0.189405,2.53171,2.57526,0.0435562,60.0
1744878848964736.0,-849.438,-1301.39,0.18927,2.45225,2.52143,0.0691722,60.0
1744878848985529.0,-849.438,-1301.39,0.18927,2.45225,2.44204,-0.0102092,60.0
1744878849006365.0,-849.438,-1301.39,0.18927,2.45225,2.52788,0.0756214,60.0
1744878849027423.0,-851.979,-1299.34,0.189193,2.44204,2.57362,0.131572,60.0
1744878849048241.0,-851.979,-1299.34,0.189193,2.44204,2.29184,-0.150202,60.0
1744878849069132.0,-854.097,-1297.97,0.1892,2.57362,2.56603,-0.00758532,60.0
1744878849089950.0,-854.097,-1297.97,0.1892,2.57362,2.47404,-0.099576,60.0
1744878849110521.0,-854.097,-1297.97,0.1892,2.57362,2.52168,-0.0519326,60.0
1744878849131456.0,-856.214,-1295.93,0.189069,2.47404,2.47462,0.000581191,60.0
1744878849152265.0,-856.214,-1295.93,0.189069,2.47404,2.43519,-0.0388534,60.0
1744878849173032.0,-858.756,-1293.88,0.188996,2.47462,2.44256,-0.0320656,60.0
1744878849193860.0,-858.756,-1293.88,0.188996,2.47462,2.39418,-0.0804422,60.0
1744878849214766.0,-858.756,-1293.88,0.188996,2.47462,2.39585,-0.0787737,60.0
1744878849235712.0,-860.873,-1291.83,0.188868,2.39418,2.29474,-0.0994411,60.0
1744878849256408.0,-860.873,-1291.83,0.188868,2.39418,2.53253,0.138352,60.0
1744878849276913.0,-863.415,-1289.78,0.188799,2.29474,2.43231,0.137567,60.0
1744878849297612.0,-863.415,-1289.78,0.188799,2.29474,2.37305,0.0783082,60.0
1744878849318400.0,-865.532,-1288.42,0.188811,2.43231,2.31672,-0.115584,60.0
1744878849339168.0,-865.532,-1288.42,0.188811,2.43231,2.38836,-0.0439502,60.0
1744878849360172.0,-865.532,-1288.42,0.188811,2.43231,2.40213,-0.0301781,60.0
1744878849380912.0,-868.074,-1286.37,0.188745,2.38836,2.54661,0.15825,60.0
1744878849401464.0,-868.074,-1286.37,0.188745,2.38836,2.44035,0.051992,60.0
1744878849422090.0,-870.192,-1284.32,0.188622,2.54661,2.6311,0.0844934,60.0
1744878849443441.0,-870.192,-1284.32,0.188622,2.54661,2.393,-0.153608,60.0
1744878849463749.0,-870.192,-1284.32,0.188622,2.54661,2.40531,-0.141298,60.0
1744878849484506.0,-872.733,-1282.27,0.188559,2.393,2.47413,0.0811289,60.0
1744878849505058.0,-872.733,-1282.27,0.188559,2.393,2.29879,-0.0942032,60.0
1744878849525743.0,-874.851,-1280.22,0.188439,2.47413,2.44288,-0.0312481,60.0
1744878849546869.0,-874.851,-1280.22,0.188439,2.47413,2.53855,0.0644282,60.0
1744878849567480.0,-874.851,-1280.22,0.188439,2.47413,2.37468,-0.0994484,60.0
1744878849588019.0,-877.392,-1278.86,0.188515,2.53855,2.48018,-0.0583727,60.0
1744878849608499.0,-877.392,-1278.86,0.188515,2.53855,2.45866,-0.0798897,60.0
1744878849629774.0,-879.51,-1276.81,0.188398,2.48018,2.47326,-0.0069194,60.0
1744878849650326.0,-879.51,-1276.81,0.188398,2.48018,2.5351,0.0549158,60.0
1744878849671181.0,-879.51,-1276.81,0.188398,2.48018,2.32797,-0.152207,60.0
1744878849691865.0,-882.051,-1274.76,0.188341,2.5351,2.53065,-0.0044454,60.0
1744878849712804.0,-882.051,-1274.76,0.188341,2.5351,2.49004,-0.045058,60.0
1744878849733735.0,-884.169,-1272.72,0.188227,2.53065,2.5381,0.00744376,60.0
1744878849754674.0,-884.169,-1272.72,0.188227,2.53065,2.45982,-0.0708315,60.0
1744878849775516.0,-886.71,-1270.67,0.188173,2.5381,2.50719,-0.0309035,60.0
1744878849796415.0,-886.71,-1270.67,0.188173,2.5381,2.58802,0.0499201,60.0
1744878849817269.0,-886.71,-1270.67,0.188173,2.5381,2.48694,-0.0511519,60.0
1744878849837885.0,-888.828,-1269.3,0.188197,2.58802,2.52909,-0.0589212,60.0
1744878849858637.0,-888.828,-1269.3,0.188197,2.58802,2.46916,-0.118855,60.0
1744878849879235.0,-891.369,-1267.25,0.188146,2.52909,2.64657,0.117479,60.0
1744878849899989.0,-891.369,-1267.25,0.188146,2.52909,2.43178,-0.0973102,60.0
1744878849920620.0,-891.369,-1267.25,0.188146,2.52909,2.52001,-0.00908161,60.0
1744878849941366.0,-893.487,-1265.21,0.188037,2.43178,2.35471,-0.0770772,60.0
1744878849962159.0,-893.487,-1265.21,0.188037,2.43178,2.44277,0.0109856,60.0
1744878849982940.0,-896.028,-1263.84,0.188124,2.35471,2.31686,-0.0378518,60.0
1744878850003403.0,-896.028,-1263.84,0.188124,2.35471,2.49375,0.139044,60.0
1744878850023981.0,-896.028,-1263.84,0.188124,2.35471,2.39281,0.0381044,60.0
1744878850044938.0,-898.146,-1261.79,0.188018,2.49375,2.55451,0.060761,60.0
1744878850065620.0,-898.146,-1261.79,0.188018,2.49375,2.41085,-0.0828973,60.0
1744878850086088.0,-900.687,-1259.74,0.187973,2.55451,2.56724,0.0127244,60.0
1744878850106930.0,-900.687,-1259.74,0.187973,2.55451,2.44978,-0.104733,60.0
1744878850127508.0,-902.805,-1257.7,0.18787,2.56724,2.44949,-0.11775,60.0
1744878850148241.0,-902.805,-1257.7,0.18787,2.56724,2.52633,-0.040907,60.0
1744878850168940.0,-902.805,-1257.7,0.18787,2.56724,2.48617,-0.08107,60.0
1744878850189766.0,-905.346,-1256.33,0.187963,2.52633,2.57063,0.0442957,60.0
1744878850210653.0,-905.346,-1256.33,0.187963,2.52633,2.44124,-0.0850927,60.0
1744878850231447.0,-907.887,-1254.28,0.187922,2.57063,2.4438,-0.126826,60.0
1744878850252030.0,-907.887,-1254.28,0.187922,2.57063,2.47387,-0.0967508,60.0
1744878850272642.0,-907.887,-1254.28,0.187922,2.57063,2.50054,-0.0700853,60.0
1744878850293095.0,-910.005,-1252.24,0.187823,2.47387,2.5315,0.0576268,60.0
1744878850314066.0,-910.005,-1252.24,0.187823,2.47387,2.4546,-0.0192719,60.0
1744878850334878.0,-912.546,-1250.87,0.18792,2.5315,2.54346,0.011961,60.0
1744878850355327.0,-912.546,-1250.87,0.18792,2.5315,2.49954,-0.0319575,60.0
1744878850376102.0,-912.546,-1250.87,0.18792,2.5315,2.46887,-0.0626316,60.0
1744878850396847.0,-914.664,-1248.82,0.187823,2.49954,2.44304,-0.0565027,60.0
1744878850417522.0,-914.664,-1248.82,0.187823,2.49954,2.58629,0.0867459,60.0
1744878850438241.0,-917.205,-1246.77,0.187789,2.44304,2.44467,0.00162698,60.0
1744878850458871.0,-917.205,-1246.77,0.187789,2.44304,2.38987,-0.0531697,60.0
1744878850479544.0,-917.205,-1246.77,0.187789,2.44304,2.52156,0.0785224,60.0
1744878850500201.0,-919.747,-1244.73,0.187757,2.38987,2.42635,0.0364825,60.0
1744878850521057.0,-919.747,-1244.73,0.187757,2.38987,2.5213,0.131432,60.0
1744878850541606.0,-921.864,-1243.36,0.187798,2.42635,2.43641,0.0100598,60.0
1744878850562389.0,-921.864,-1243.36,0.187798,2.42635,2.54799,0.121637,60.0
1744878850583167.0,-924.406,-1241.31,0.187768,2.43641,2.45508,0.01867,60.0
1744878850604042.0,-924.406,-1241.31,0.187768,2.43641,2.27994,-0.156476,60.0
1744878850624665.0,-924.406,-1241.31,0.187768,2.43641,2.45126,0.014846,60.0
1744878850645018.0,-926.523,-1239.26,0.187679,2.27994,2.38802,0.108085,60.0
1744878850665688.0,-926.523,-1239.26,0.187679,2.27994,2.39026,0.110325,60.0
1744878850686369.0,-929.065,-1237.9,0.187785,2.38802,2.36181,-0.0262083,60.0
1744878850707196.0,-929.065,-1237.9,0.187785,2.38802,2.42226,0.0342359,60.0
1744878850727592.0,-929.065,-1237.9,0.187785,2.38802,2.45452,0.0664931,60.0
1744878850748269.0,-931.182,-1235.85,0.187698,2.42226,2.30254,-0.119722,60.0
1744878850769188.0,-931.182,-1235.85,0.187698,2.42226,2.42451,0.00224997,60.0
1744878850789883.0,-933.724,-1233.8,0.187674,2.30254,2.34666,0.0441243,60.0
1744878850810599.0,-933.724,-1233.8,0.187674,2.30254,2.44507,0.142532,60.0
1744878850831139.0,-933.724,-1233.8,0.187674,2.30254,2.43503,0.132495,60.0
1744878850852195.0,-935.841,-1231.76,0.18759,2.44507,2.51133,0.0662595,60.0
1744878850872605.0,-935.841,-1231.76,0.18759,2.44507,2.44704,0.00197596,60.0
1744878850893333.0,-938.383,-1229.71,0.18757,2.51133,2.58548,0.0741472,60.0
1744878850913963.0,-938.383,-1229.71,0.18757,2.51133,2.47817,-0.0331545,60.0
1744878850934635.0,-940.5,-1228.34,0.18762,2.58548,2.44278,-0.142699,60.0
1744878850955329.0,-940.5,-1228.34,0.18762,2.58548,2.42889,-0.15659,60.0
1744878850975983.0,-940.5,-1228.34,0.18762,2.58548,2.51656,-0.068916,60.0
1744878850996729.0,-943.042,-1226.29,0.187603,2.42889,2.5541,0.125219,60.0
1744878851017715.0,-943.042,-1226.29,0.187603,2.42889,2.54697,0.118081,60.0
1744878851038380.0,-945.159,-1224.25,0.187525,2.5541,2.44363,-0.11047,60.0
1744878851058944.0,-945.159,-1224.25,0.187525,2.5541,2.43653,-0.117579,60.0
1744878851079490.0,-945.159,-1224.25,0.187525,2.5541,2.48402,-0.0700829,60.0
1744878851100487.0,-947.701,-1222.2,0.187511,2.43653,2.50748,0.070953,60.0
1744878851120887.0,-947.701,-1222.2,0.187511,2.43653,2.45467,0.0181422,60.0
1744878851141554.0,-949.818,-1220.83,0.187565,2.50748,2.41247,-0.0950117,60.0
1744878851162465.0,-949.818,-1220.83,0.187565,2.50748,2.44224,-0.0652403,60.0
1744878851183171.0,-949.818,-1220.83,0.187565,2.50748,2.49517,-0.0123122,60.0
1744878851203786.0,-952.36,-1218.78,0.187554,2.44224,2.58608,0.143837,60.0
1744878851224374.0,-952.36,-1218.78,0.187554,2.44224,2.43106,-0.0111767,60.0
1744878851245138.0,-954.477,-1216.74,0.187481,2.58608,2.47186,-0.11421,60.0
1744878851265841.0,-954.477,-1216.74,0.187481,2.58608,2.44253,-0.143542,60.0
1744878851286569.0,-954.477,-1216.74,0.187481,2.58608,2.52856,-0.0575109,60.0
1744878851307799.0,-957.019,-1214.69,0.187474,2.44253,2.44181,-0.000720789,60.0
1744878851328712.0,-957.019,-1214.69,0.187474,2.44253,2.33832,-0.104216,60.0
1744878851349202.0,-959.136,-1213.32,0.187533,2.44181,2.48779,0.045975,60.0
1744878851370022.0,-959.136,-1213.32,0.187533,2.44181,2.49254,0.0507264,60.0
1744878851390758.0,-961.678,-1211.28,0.187528,2.48779,2.49496,0.0071722,60.0
1744878851411578.0,-961.678,-1211.28,0.187528,2.48779,2.64193,0.154142,60.0
1744878851432293.0,-961.678,-1211.28,0.187528,2.48779,2.40889,-0.0789024,60.0
1744878851453072.0,-964.219,-1209.23,0.187525,2.64193,2.51528,-0.126646,60.0
1744878851473765.0,-964.219,-1209.23,0.187525,2.64193,2.55558,-0.0863531,60.0
1744878851494425.0,-966.337,-1207.86,0.187588,2.51528,2.50655,-0.00873816,60.0
1744878851515128.0,-966.337,-1207.86,0.187588,2.51528,2.51658,0.00129143,60.0
1744878851535843.0,-966.337,-1207.86,0.187588,2.51528,2.53436,0.0190781,60.0
1744878851556597.0,-968.878,-1205.81,0.187588,2.51658,2.54988,0.0333054,60.0
1744878851577332.0,-968.878,-1205.81,0.187588,2.51658,2.43031,-0.0862647,60.0
1744878851598069.0,-970.996,-1203.77,0.187524,2.54988,2.66729,0.117407,60.0
1744878851618784.0,-970.996,-1203.77,0.187524,2.54988,2.44913,-0.100751,60.0
1744878851639463.0,-970.996,-1203.77,0.187524,2.54988,2.53407,-0.015814,60.0
1744878851660194.0,-973.537,-1201.72,0.187527,2.44913,2.44799,-0.00113914,60.0
1744878851680765.0,-973.537,-1201.72,0.187527,2.44913,2.50769,0.058563,60.0
1744878851701492.0,-975.655,-1200.35,0.187595,2.44799,2.31314,-0.134846,60.0
1744878851722221.0,-975.655,-1200.35,0.187595,2.44799,2.51479,0.0668035,60.0
1744878851742984.0,-975.655,-1200.35,0.187595,2.44799,2.41782,-0.0301679,60.0
1744878851763709.0,-978.196,-1198.3,0.187601,2.51479,2.54742,0.0326259,60.0
1744878851784392.0,-978.196,-1198.3,0.187601,2.51479,2.4253,-0.0894955,60.0
1744878851805247.0,-980.737,-1196.26,0.187608,2.54742,2.46097,-0.0864494,60.0
1744878851826172.0,-980.737,-1196.26,0.187608,2.54742,2.46184,-0.085581,60.0
1744878851846833.0,-982.855,-1194.89,0.18768,2.46097,2.57809,0.117123,60.0
1744878851867547.0,-982.855,-1194.89,0.18768,2.46097,2.42568,-0.0352949,60.0
1744878851888643.0,-982.855,-1194.89,0.18768,2.46097,2.34809,-0.112882,60.0
1744878851909159.0,-985.396,-1192.84,0.18769,2.42568,2.47114,0.045463,60.0
1744878851929700.0,-985.396,-1192.84,0.18769,2.42568,2.51106,0.0853882,60.0
1744878851950342.0,-987.937,-1190.79,0.187702,2.47114,2.53186,0.0607169,60.0
1744878851971381.0,-987.937,-1190.79,0.187702,2.47114,2.501,0.0298608,60.0
1744878851991682.0,-987.937,-1190.79,0.187702,2.47114,2.3405,-0.130637,60.0
1744878852012333.0,-990.055,-1189.43,0.187777,2.501,2.36008,-0.140924,60.0
1744878852032997.0,-990.055,-1189.43,0.187777,2.501,2.52711,0.0261151,60.0
1744878852053847.0,-992.596,-1187.38,0.187792,2.36008,2.38874,0.0286622,60.0
1744878852074739.0,-992.596,-1187.38,0.187792,2.36008,2.49263,0.132559,60.0
1744878852095489.0,-992.596,-1187.38,0.187792,2.36008,2.4243,0.0642214,60.0
1744878852116100.0,-994.714,-1185.33,0.187743,2.49263,2.53879,0.0461567,60.0
1744878852137155.0,-994.714,-1185.33,0.187743,2.49263,2.47009,-0.0225418,60.0
1744878852157460.0,-997.255,-1183.29,0.187761,2.53879,2.64034,0.101545,60.0
1744878852178200.0,-997.255,-1183.29,0.187761,2.53879,2.47945,-0.0593424,60.0
1744878852198986.0,-999.373,-1181.92,0.18784,2.64034,2.52893,-0.111403,60.0
1744878852219454.0,-999.373,-1181.92,0.18784,2.64034,2.48222,-0.15812,60.0
1744878852240426.0,-999.373,-1181.92,0.18784,2.64034,2.64715,0.00681236,60.0
1744878852261203.0,-1001.91,-1179.87,0.187862,2.48222,2.39299,-0.0892281,60.0
1744878852281914.0,-1001.91,-1179.87,0.187862,2.48222,2.60757,0.12535,60.0
1744878852303276.0,-1004.46,-1177.82,0.187885,2.39299,2.41182,0.0188342,60.0
1744878852324222.0,-1004.46,-1177.82,0.187885,2.39299,2.40334,0.0103527,60.0
1744878852344893.0,-1004.46,-1177.82,0.187885,2.39299,2.46895,0.0759617,60.0
1744878852365702.0,-1006.57,-1176.46,0.187968,2.40334,2.30722,-0.0961178,60.0
1744878852386466.0,-1006.57,-1176.46,0.187968,2.40334,2.45654,0.0531961,60.0
1744878852407124.0,-1009.11,-1174.41,0.187994,2.30722,2.4554,0.148177,60.0
1744878852427752.0,-1009.11,-1174.41,0.187994,2.30722,2.39972,0.092501,60.0
1744878852448656.0,-1009.11,-1174.41,0.187994,2.30722,2.32956,0.0223374,60.0
1744878852469221.0,-1011.23,-1172.36,0.187954,2.39972,2.52377,0.124046,60.0
1744878852489981.0,-1011.23,-1172.36,0.187954,2.39972,2.50537,0.105648,60.0
1744878852510608.0,-1013.77,-1171.0,0.188108,2.52377,2.42216,-0.10161,60.0
1744878852531701.0,-1013.77,-1171.0,0.188108,2.52377,2.56222,0.0384507,60.0
1744878852552095.0,-1013.77,-1171.0,0.188108,2.52377,2.42163,-0.102142,60.0
1744878852572642.0,-1015.89,-1168.95,0.188071,2.56222,2.40143,-0.16079,60.0
1744878852593222.0,-1015.89,-1168.95,0.188071,2.56222,2.45043,-0.111794,60.0
1744878852614143.0,-1018.43,-1166.9,0.188103,2.40143,2.47344,0.0720122,60.0
1744878852634673.0,-1018.43,-1166.9,0.188103,2.40143,2.46502,0.0635915,60.0
1744878852655693.0,-1020.97,-1164.85,0.188136,2.47344,2.37859,-0.0948512,60.0
1744878852675950.0,-1020.97,-1164.85,0.188136,2.47344,2.56274,0.0892941,60.0
1744878852696627.0,-1020.97,-1164.85,0.188136,2.47344,2.59943,0.125985,60.0
1744878852717524.0,-1023.09,-1163.49,0.188228,2.56274,2.49022,-0.0725209,60.0
1744878852738036.0,-1023.09,-1163.49,0.188228,2.56274,2.44922,-0.113522,60.0
1744878852759084.0,-1025.63,-1161.44,0.188264,2.49022,2.3983,-0.0919131,60.0
1744878852779719.0,-1025.63,-1161.44,0.188264,2.49022,2.47646,-0.0137555,60.0
1744878852800652.0,-1025.63,-1161.44,0.188264,2.49022,2.46375,-0.0264641,60.0
1744878852821399.0,-1027.75,-1159.39,0.188234,2.47646,2.49704,0.0205778,60.0
1744878852842055.0,-1027.75,-1159.39,0.188234,2.47646,2.32574,-0.150717,60.0
1744878852862917.0,-1030.29,-1157.34,0.188274,2.49704,2.52415,0.0271066,60.0
1744878852883452.0,-1030.29,-1157.34,0.188274,2.49704,2.52135,0.0243127,60.0
1744878852904100.0,-1030.29,-1157.34,0.188274,2.49704,2.63362,0.136577,60.0
1744878852924986.0,-1032.41,-1155.98,0.18837,2.52135,2.45767,-0.0636849,60.0
1744878852945806.0,-1032.41,-1155.98,0.18837,2.52135,2.42541,-0.0959387,60.0
1744878852966498.0,-1034.95,-1153.93,0.188413,2.45767,2.39736,-0.0603036,60.0
1744878852987528.0,-1034.95,-1153.93,0.188413,2.45767,2.42088,-0.0367848,60.0
1744878853008000.0,-1037.49,-1151.88,0.188457,2.39736,2.29878,-0.0985867,60.0
1744878853028699.0,-1037.49,-1151.88,0.188457,2.39736,2.27895,-0.118413,60.0
1744878853049530.0,-1037.49,-1151.88,0.188457,2.39736,2.46955,0.0721904,60.0
1744878853070251.0,-1039.61,-1150.52,0.188557,2.27895,2.4422,0.163252,60.0
1744878853090996.0,-1039.61,-1150.52,0.188557,2.27895,2.36123,0.082281,60.0
1744878853111700.0,-1042.15,-1148.47,0.188604,2.4422,2.59694,0.154739,60.0
1744878853132573.0,-1042.15,-1148.47,0.188604,2.4422,2.40443,-0.0377698,60.0
1744878853153503.0,-1042.15,-1148.47,0.188604,2.4422,2.42811,-0.0140953,60.0
1744878853174318.0,-1044.27,-1146.42,0.188584,2.40443,2.43823,0.0337993,60.0
1744878853195050.0,-1044.27,-1146.42,0.188584,2.40443,2.46552,0.0610888,60.0
1744878853215853.0,-1046.81,-1144.37,0.188634,2.43823,2.33113,-0.107103,60.0
1744878853236190.0,-1046.81,-1144.37,0.188634,2.43823,2.51303,0.074801,60.0
1744878853256848.0,-1046.81,-1144.37,0.188634,2.43823,2.51981,0.0815819,60.0
1744878853277573.0,-1048.93,-1143.01,0.188738,2.51303,2.51799,0.00496109,60.0
1744878853298715.0,-1048.93,-1143.01,0.188738,2.51303,2.39675,-0.116287,60.0
1744878853319142.0,-1051.47,-1140.96,0.188792,2.51799,2.54332,0.0253231,60.0
1744878853340114.0,-1051.47,-1140.96,0.188792,2.51799,2.50471,-0.0132872,60.0
1744878853360801.0,-1051.47,-1140.96,0.188792,2.51799,2.44823,-0.0697643,60.0
1744878853381584.0,-1053.59,-1138.91,0.188777,2.50471,2.5285,0.0237933,60.0
1744878853402314.0,-1053.59,-1138.91,0.188777,2.50471,2.419,-0.0857099,60.0
1744878853423231.0,-1056.13,-1136.86,0.188834,2.5285,2.41163,-0.116874,60.0
1744878853443702.0,-1056.13,-1136.86,0.188834,2.5285,2.42429,-0.104206,60.0
1744878853464299.0,-1056.13,-1136.86,0.188834,2.5285,2.45712,-0.0713824,60.0
1744878853485054.0,-1058.25,-1135.5,0.188943,2.42429,2.32487,-0.0994247,60.0
1744878853505813.0,-1058.25,-1135.5,0.188943,2.42429,2.49431,0.0700126,60.0
1744878853526524.0,-1060.79,-1133.45,0.189002,2.32487,2.43807,0.113201,60.0
1744878853547581.0,-1060.79,-1133.45,0.189002,2.32487,2.48276,0.157887,60.0
1744878853568440.0,-1060.79,-1133.45,0.189002,2.32487,2.47084,0.145974,60.0
1744878853589172.0,-1062.9,-1131.4,0.188993,2.48276,2.46329,-0.0194692,60.0
1744878853610162.0,-1062.9,-1131.4,0.188993,2.48276,2.53582,0.0530594,60.0
1744878853630719.0,-1065.45,-1129.35,0.189055,2.46329,2.61918,0.155898,60.0
1744878853651330.0,-1065.45,-1129.35,0.189055,2.46329,2.43993,-0.0233582,60.0
1744878853672658.0,-1067.56,-1127.99,0.189169,2.43993,2.55242,0.112491,60.0
1744878853693334.0,-1067.56,-1127.99,0.189169,2.43993,2.42976,-0.010165,60.0
1744878853714072.0,-1067.56,-1127.99,0.189169,2.43993,2.43822,-0.00170803,60.0
1744878853734639.0,-1070.1,-1125.94,0.189235,2.42976,2.59048,0.160715,60.0
1744878853755309.0,-1070.1,-1125.94,0.189235,2.42976,2.58881,0.159047,60.0
1744878853776150.0,-1072.22,-1123.89,0.189231,2.59048,2.72957,0.139095,60.0
1744878853797057.0,-1072.22,-1123.89,0.189231,2.59048,2.49756,-0.0929187,60.0
1744878853817835.0,-1072.22,-1123.89,0.189231,2.59048,2.56931,-0.0211692,60.0
1744878853838668.0,-1074.76,-1121.84,0.1893,2.49756,2.41,-0.087555,60.0
1744878853859414.0,-1074.76,-1121.84,0.1893,2.49756,2.46295,-0.0346083,60.0
1744878853880084.0,-1076.88,-1120.48,0.189418,2.41,2.48353,0.0735255,60.0
1744878853900996.0,-1076.88,-1120.48,0.189418,2.41,2.3132,-0.096806,60.0
1744878853921776.0,-1076.88,-1120.48,0.189418,2.41,2.40584,-0.00416407,60.0
1744878853942469.0,-1079.42,-1118.43,0.18949,2.3132,2.31359,0.000392195,60.0
1744878853963780.0,-1079.42,-1118.43,0.18949,2.3132,2.44277,0.129574,60.0
1744878853984628.0,-1081.54,-1116.38,0.189492,2.31359,2.45445,0.140863,60.0
1744878854005209.0,-1081.54,-1116.38,0.189492,2.31359,2.41784,0.104249,60.0
1744878854025953.0,-1081.54,-1116.38,0.189492,2.31359,2.46185,0.148258,60.0
1744878854046665.0,-1084.08,-1114.33,0.189567,2.41784,2.50095,0.0831126,60.0
1744878854067426.0,-1084.08,-1114.33,0.189567,2.41784,2.57373,0.15589,60.0
1744878854088125.0,-1086.2,-1112.29,0.189571,2.50095,2.48851,-0.0124391,60.0
1744878854109099.0,-1086.2,-1112.29,0.189571,2.50095,2.50603,0.00507798,60.0
1744878854129624.0,-1088.74,-1110.92,0.189768,2.48851,2.50848,0.0199666,60.0
1744878854150503.0,-1088.74,-1110.92,0.189768,2.48851,2.45504,-0.0334694,60.0
1744878854171003.0,-1088.74,-1110.92,0.189768,2.48851,2.50947,0.0209599,60.0
1744878854191900.0,-1090.86,-1108.87,0.189775,2.45504,2.5854,0.130356,60.0
1744878854212500.0,-1090.86,-1108.87,0.189775,2.45504,2.34431,-0.110736,60.0
1744878854233072.0,-1093.4,-1106.82,0.189856,2.5854,2.50572,-0.0796794,60.0
1744878854253924.0,-1093.4,-1106.82,0.189856,2.5854,2.61229,0.0268931,60.0
1744878854274597.0,-1093.4,-1106.82,0.189856,2.5854,2.4761,-0.109297,60.0
1744878854295183.0,-1095.52,-1104.78,0.189866,2.61229,2.56015,-0.0521377,60.0
1744878854316495.0,-1095.52,-1104.78,0.189866,2.61229,2.51279,-0.0995001,60.0
1744878854337106.0,-1098.06,-1103.41,0.190068,2.56015,2.49583,-0.0643239,60.0
1744878854357822.0,-1098.06,-1103.41,0.190068,2.56015,2.49332,-0.0668329,60.0
1744878854378710.0,-1098.06,-1103.41,0.190068,2.56015,2.49181,-0.0683464,60.0
1744878854399659.0,-1100.18,-1101.36,0.190081,2.49332,2.50469,0.0113689,60.0
1744878854420438.0,-1100.18,-1101.36,0.190081,2.49332,2.51931,0.0259849,60.0
1744878854441076.0,-1102.72,-1099.31,0.190168,2.50469,2.44097,-0.0637218,60.0
1744878854461874.0,-1102.72,-1099.31,0.190168,2.50469,2.51192,0.00722635,60.0
1744878854482796.0,-1105.26,-1097.27,0.190257,2.51192,2.47152,-0.0403985,60.0
1744878854503657.0,-1105.26,-1097.27,0.190257,2.51192,2.41522,-0.0966971,60.0
1744878854524388.0,-1105.26,-1097.27,0.190257,2.51192,2.51831,0.00639282,60.0
1744878854544871.0,-1107.38,-1095.9,0.190391,2.41522,2.46454,0.0493203,60.0
1744878854565633.0,-1107.38,-1095.9,0.190391,2.41522,2.29974,-0.115483,60.0
1744878854586594.0,-1109.92,-1093.85,0.190483,2.46454,2.45017,-0.0143675,60.0
1744878854606917.0,-1109.92,-1093.85,0.190483,2.46454,2.45524,-0.00929732,60.0
1744878854627943.0,-1109.92,-1093.85,0.190483,2.46454,2.3516,-0.112938,60.0
1744878854648508.0,-1112.04,-1091.8,0.190502,2.45524,2.50904,0.0537953,60.0
1744878854669109.0,-1112.04,-1091.8,0.190502,2.45524,2.48628,0.0310338,60.0
1744878854689743.0,-1114.58,-1090.44,0.190714,2.50904,2.60632,0.097279,60.0
1744878854710260.0,-1114.58,-1090.44,0.190714,2.50904,2.4821,-0.0269373,60.0
1744878854730964.0,-1114.58,-1090.44,0.190714,2.50904,2.63973,0.130697,60.0
1744878854751598.0,-1116.69,-1088.39,0.190736,2.4821,2.39282,-0.0892814,60.0
1744878854772272.0,-1116.69,-1088.39,0.190736,2.4821,2.4996,0.0175033,60.0
1744878854792933.0,-1119.24,-1086.34,0.190834,2.39282,2.43018,0.0373577,60.0
1744878854814045.0,-1119.24,-1086.34,0.190834,2.39282,2.44309,0.0502714,60.0
1744878854834772.0,-1119.24,-1086.34,0.190834,2.39282,2.28604,-0.106781,60.0
1744878854855492.0,-1121.35,-1084.3,0.190859,2.44309,2.36363,-0.0794566,60.0
1744878854876038.0,-1121.35,-1084.3,0.190859,2.44309,2.4713,0.0282092,60.0
1744878854896882.0,-1123.89,-1082.93,0.191076,2.36363,2.41169,0.0480606,60.0
1744878854917496.0,-1123.89,-1082.93,0.191076,2.36363,2.34922,-0.0144122,60.0
1744878854938400.0,-1126.01,-1080.88,0.191104,2.41169,2.36372,-0.0479739,60.0
1744878854959051.0,-1126.01,-1080.88,0.191104,2.41169,2.54099,0.129299,60.0
1744878854979899.0,-1126.01,-1080.88,0.191104,2.41169,2.3155,-0.0961985,60.0
1744878855000354.0,-1128.55,-1078.83,0.191208,2.54099,2.43462,-0.106373,60.0
1744878855021514.0,-1128.55,-1078.83,0.191208,2.54099,2.43142,-0.109576,60.0
1744878855042301.0,-1131.09,-1076.79,0.191314,2.43462,2.43463,1.36097e-05,60.0
1744878855063012.0,-1131.09,-1076.79,0.191314,2.43462,2.56198,0.127361,60.0
1744878855083859.0,-1131.09,-1076.79,0.191314,2.43462,2.48625,0.0516249,60.0
1744878855104637.0,-1133.21,-1075.42,0.191461,2.56198,2.59117,0.0291929,60.0
1744878855125634.0,-1133.21,-1075.42,0.191461,2.56198,2.43279,-0.129191,60.0
1744878855147052.0,-1135.75,-1073.37,0.19157,2.59118,2.64564,0.054465,60.0
1744878855167476.0,-1135.75,-1073.37,0.19157,2.59118,2.52911,-0.062069,60.0
1744878855187901.0,-1135.75,-1073.37,0.19157,2.59118,2.62027,0.0290953,60.0
1744878855208457.0,-1137.87,-1071.32,0.191604,2.52911,2.40366,-0.125448,60.0
1744878855229046.0,-1137.87,-1071.32,0.191604,2.52911,2.54776,0.0186561,60.0
1744878855249730.0,-1140.41,-1069.28,0.191716,2.40366,2.45948,0.055821,60.0
1744878855270495.0,-1140.41,-1069.28,0.191716,2.40366,2.44124,0.0375813,60.0
1744878855290927.0,-1140.41,-1069.28,0.191716,2.40366,2.45167,0.0480138,60.0
1744878855312139.0,-1142.53,-1067.91,0.191868,2.44124,2.49131,0.0500748,60.0
1744878855332879.0,-1142.53,-1067.91,0.191868,2.44124,2.54287,0.101631,60.0
1744878855353660.0,-1145.07,-1065.86,0.191983,2.49131,2.50399,0.0126773,60.0
1744878855374136.0,-1145.07,-1065.86,0.191983,2.49131,2.51458,0.0232628,60.0
1744878855394908.0,-1147.19,-1063.81,0.192023,2.50399,2.42857,-0.0754247,60.0
1744878855415802.0,-1147.19,-1063.81,0.192023,2.50399,2.5327,0.0287093,60.0
1744878855436766.0,-1147.19,-1063.81,0.192023,2.50399,2.51326,0.00927269,60.0
1744878855457188.0,-1149.73,-1062.45,0.192255,2.5327,2.37495,-0.15775,60.0
1744878855478096.0,-1149.73,-1062.45,0.192255,2.5327,2.60429,0.071588,60.0
1744878855498846.0,-1152.27,-1060.4,0.192374,2.37495,2.53474,0.159785,60.0
1744878855519831.0,-1152.27,-1060.4,0.192374,2.37495,2.37296,-0.00199094,60.0
1744878855541061.0,-1152.27,-1060.4,0.192374,2.37495,2.47151,0.0965587,60.0
1744878855561620.0,-1154.39,-1058.35,0.192418,2.37296,2.41396,0.0410006,60.0
1744878855582330.0,-1154.39,-1058.35,0.192418,2.37296,2.46379,0.0908266,60.0
1744878855602943.0,-1156.93,-1056.3,0.192541,2.41396,2.49742,0.0834616,60.0
1744878855623811.0,-1156.93,-1056.3,0.192541,2.41396,2.35827,-0.05569,60.0
1744878855644339.0,-1156.93,-1056.3,0.192541,2.41396,2.2827,-0.131257,60.0
1744878855665230.0,-1159.05,-1054.94,0.192701,2.35827,2.48363,0.125357,60.0
1744878855685850.0,-1159.05,-1054.94,0.192701,2.35827,2.37722,0.0189513,60.0
1744878855706619.0,-1161.59,-1052.89,0.192827,2.48363,2.46126,-0.0223656,60.0
1744878855727423.0,-1161.59,-1052.89,0.192827,2.48363,2.55304,0.0694079,60.0
1744878855748287.0,-1163.71,-1050.84,0.192877,2.55304,2.52332,-0.0297141,60.0
1744878855769050.0,-1163.71,-1050.84,0.192877,2.55304,2.43734,-0.115693,60.0
1744878855789831.0,-1163.71,-1050.84,0.192877,2.55304,2.50009,-0.0529442,60.0
1744878855810665.0,-1166.25,-1048.79,0.193005,2.43734,2.4576,0.020257,60.0
1744878855833529.0,-1166.25,-1048.79,0.193005,2.43734,2.45201,0.0146708,60.0
1744878855854220.0,-1168.37,-1047.43,0.19317,2.4576,2.47329,0.0156859,60.0
1744878855874859.0,-1168.37,-1047.43,0.19317,2.4576,2.45733,-0.000268045,60.0
1744878855895270.0,-1168.37,-1047.43,0.19317,2.4576,2.50903,0.0514261,60.0
1744878855916221.0,-1170.91,-1045.38,0.193302,2.45733,2.44699,-0.0103384,60.0
1744878855936667.0,-1170.91,-1045.38,0.193302,2.45733,2.39343,-0.0639061,60.0
1744878855957404.0,-1173.03,-1043.33,0.193357,2.44699,2.53779,0.0907923,60.0
1744878855977982.0,-1173.03,-1043.33,0.193357,2.44699,2.49159,0.0445991,60.0
1744878855998928.0,-1173.03,-1043.33,0.193357,2.44699,2.40555,-0.0414406,60.0
1744878856019695.0,-1175.57,-1041.28,0.193492,2.49159,2.60026,0.108672,60.0
1744878856040326.0,-1175.57,-1041.28,0.193492,2.49159,2.37237,-0.119224,60.0
1744878856061088.0,-1177.68,-1039.92,0.193662,2.60026,2.62642,0.0261516,60.0
1744878856081704.0,-1177.68,-1039.92,0.193662,2.60026,2.6086,0.00833566,60.0
1744878856102639.0,-1180.23,-1037.87,0.193799,2.6086,2.49744,-0.111161,60.0
1744878856123259.0,-1180.23,-1037.87,0.193799,2.6086,2.53138,-0.0772228,60.0
1744878856143844.0,-1180.23,-1037.87,0.193799,2.6086,2.71837,0.109772,60.0
1744878856164583.0,-1182.34,-1035.82,0.19386,2.53138,2.48517,-0.0462054,60.0
1744878856185690.0,-1182.34,-1035.82,0.19386,2.53138,2.60075,0.0693735,60.0
1744878856205996.0,-1184.88,-1033.77,0.194001,2.48517,2.32264,-0.162534,60.0
1744878856226922.0,-1184.88,-1033.77,0.194001,2.48517,2.44753,-0.037643,60.0
1744878856247675.0,-1184.88,-1033.77,0.194001,2.48517,2.53326,0.0480937,60.0
1744878856268367.0,-1187.43,-1032.41,0.194255,2.44753,2.28996,-0.157563,60.0
1744878856289070.0,-1187.43,-1032.41,0.194255,2.44753,2.38934,-0.0581852,60.0
1744878856310386.0,-1189.54,-1030.36,0.19432,2.28996,2.20122,-0.0887415,60.0
1744878856331030.0,-1189.54,-1030.36,0.19432,2.28996,2.35692,0.0669553,60.0
1744878856351849.0,-1189.54,-1030.36,0.19432,2.28996,2.33446,0.0444934,60.0
1744878856372740.0,-1192.08,-1028.31,0.194465,2.35692,2.27411,-0.0828131,60.0
1744878856393639.0,-1192.08,-1028.31,0.194465,2.35692,2.44569,0.0887724,60.0
1744878856414222.0,-1194.2,-1026.26,0.194533,2.27411,2.20504,-0.0690647,60.0
1744878856435046.0,-1194.2,-1026.26,0.194533,2.27411,2.27778,0.0036714,60.0
1744878856455934.0,-1194.2,-1026.26,0.194533,2.27411,2.41398,0.139876,60.0
1744878856476996.0,-1196.74,-1024.9,0.194792,2.27778,2.26437,-0.0134135,60.0
1744878856497479.0,-1196.74,-1024.9,0.194792,2.27778,2.42028,0.142497,60.0
1744878856518427.0,-1198.86,-1022.85,0.194862,2.26436,2.26375,-0.000611414,60.0
1744878856538998.0,-1198.86,-1022.85,0.194862,2.26436,2.28103,0.0166635,60.0
1744878856559409.0,-1200.98,-1020.8,0.194934,2.26375,2.42097,0.157215,60.0
1744878856580654.0,-1200.98,-1020.8,0.194934,2.26375,2.31758,0.0538273,60.0
1744878856601128.0,-1200.98,-1020.8,0.194934,2.26375,2.29363,0.0298754,60.0
1744878856621856.0,-1203.52,-1018.76,0.195087,2.31758,2.48025,0.162673,60.0
1744878856642396.0,-1203.52,-1018.76,0.195087,2.31758,2.32508,0.00749808,60.0
1744878856663209.0,-1205.64,-1016.71,0.195162,2.48025,2.43542,-0.0448293,60.0
1744878856683946.0,-1205.64,-1016.71,0.195162,2.48025,2.42456,-0.0556895,60.0
1744878856704617.0,-1205.64,-1016.71,0.195162,2.48025,2.40146,-0.0787963,60.0
1744878856725335.0,-1208.18,-1014.66,0.195319,2.42456,2.45475,0.0301861,60.0
1744878856745980.0,-1208.18,-1014.66,0.195319,2.42456,2.37068,-0.0538827,60.0
1744878856766788.0,-1210.3,-1013.29,0.195505,2.45475,2.48114,0.0263853,60.0
1744878856787527.0,-1210.3,-1013.29,0.195505,2.45475,2.39161,-0.0631454,60.0
1744878856808043.0,-1210.3,-1013.29,0.195505,2.45475,2.4007,-0.0540556,60.0
1744878856828819.0,-1212.41,-1011.25,0.195583,2.39161,2.43066,0.0390568,60.0
1744878856849971.0,-1212.41,-1011.25,0.195583,2.39161,2.45435,0.0627486,60.0
1744878856870399.0,-1214.96,-1009.2,0.195744,2.43066,2.42819,-0.00247417,60.0
1744878856891125.0,-1214.96,-1009.2,0.195744,2.43066,2.47643,0.0457682,60.0
1744878856912318.0,-1214.96,-1009.2,0.195744,2.43066,2.40091,-0.0297566,60.0
1744878856932388.0,-1217.07,-1007.15,0.195826,2.47643,2.55247,0.0760349,60.0
1744878856953471.0,-1217.07,-1007.15,0.195826,2.47643,2.5454,0.0689658,60.0
1744878856974117.0,-1219.19,-1005.1,0.195909,2.55247,2.41679,-0.135672,60.0
1744878856994880.0,-1219.19,-1005.1,0.195909,2.55247,2.523,-0.0294675,60.0
1744878857015519.0,-1221.73,-1003.05,0.196075,2.41679,2.44444,0.0276465,60.0
1744878857036606.0,-1221.73,-1003.05,0.196075,2.41679,2.49557,0.0787756,60.0
1744878857057796.0,-1221.73,-1003.05,0.196075,2.41679,2.36348,-0.0533087,60.0
1744878857078560.0,-1223.85,-1001.0,0.19616,2.49557,2.58132,0.0857462,60.0
1744878857099205.0,-1223.85,-1001.0,0.19616,2.49557,2.45606,-0.0395117,60.0
1744878857120299.0,-1226.39,-999.639,0.196436,2.58132,2.43722,-0.144092,60.0
1744878857140940.0,-1226.39,-999.639,0.196436,2.58132,2.49606,-0.085258,60.0
1744878857162940.0,-1226.39,-999.639,0.196436,2.58132,2.51234,-0.0689717,60.0
1744878857183506.0,-1228.51,-997.591,0.196525,2.49606,2.35128,-0.14478,60.0
1744878857204211.0,-1228.51,-997.591,0.196525,2.49606,2.55373,0.0576718,60.0
1744878857225319.0,-1230.63,-995.542,0.196614,2.35128,2.41022,0.0589472,60.0
1744878857245488.0,-1230.63,-995.542,0.196614,2.35128,2.46916,0.117887,60.0
1744878857266467.0,-1230.63,-995.542,0.196614,2.35128,2.42368,0.0723992,60.0
1744878857286919.0,-1233.17,-993.494,0.196788,2.46916,2.46593,-0.00323411,60.0
1744878857307870.0,-1233.17,-993.494,0.196788,2.46916,2.58486,0.115698,60.0
1744878857328690.0,-1235.29,-991.446,0.19688,2.46593,2.4829,0.016969,60.0
1744878857349351.0,-1235.29,-991.446,0.19688,2.46593,2.41829,-0.0476381,60.0
1744878857370027.0,-1237.83,-989.398,0.197057,2.4829,2.34201,-0.14089,60.0
1744878857390778.0,-1237.83,-989.398,0.197057,2.4829,2.38716,-0.0957378,60.0
1744878857411476.0,-1237.83,-989.398,0.197057,2.4829,2.47918,-0.00372344,60.0
1744878857432201.0,-1239.94,-988.032,0.197258,2.38716,2.37559,-0.0115673,60.0
1744878857452909.0,-1239.94,-988.032,0.197258,2.38716,2.33281,-0.0543519,60.0
1744878857473626.0,-1242.49,-985.984,0.197437,2.37559,2.41126,0.0356634,60.0
1744878857494790.0,-1242.49,-985.984,0.197437,2.37559,2.37572,0.00012417,60.0
1744878857515269.0,-1242.49,-985.984,0.197437,2.37559,2.27404,-0.101557,60.0
1744878857536119.0,-1244.6,-983.936,0.197536,2.37572,2.24781,-0.127909,60.0
1744878857556878.0,-1244.6,-983.936,0.197536,2.37572,2.35525,-0.0204659,60.0
1744878857577557.0,-1246.72,-981.888,0.197635,2.24781,2.40678,0.158967,60.0
1744878857598465.0,-1246.72,-981.888,0.197635,2.24781,2.37947,0.131666,60.0
1744878857619201.0,-1246.72,-981.888,0.197635,2.24781,2.34079,0.0929819,60.0
1744878857639948.0,-1249.26,-979.84,0.197819,2.37948,2.38263,0.00315265,60.0
1744878857660432.0,-1249.26,-979.84,0.197819,2.37948,2.34186,-0.0376169,60.0
1744878857681221.0,-1251.38,-977.792,0.197922,2.38263,2.5147,0.132068,60.0
1744878857701926.0,-1251.38,-977.792,0.197922,2.38263,2.42423,0.0416029,60.0
1744878857722512.0,-1251.38,-977.792,0.197922,2.38263,2.43092,0.0482952,60.0
1744878857743486.0,-1253.5,-975.743,0.198026,2.42423,2.44812,0.0238905,60.0
1744878857765706.0,-1253.5,-975.743,0.198026,2.42423,2.4135,-0.0107343,60.0
1744878857785228.0,-1256.04,-974.378,0.198319,2.44812,2.54027,0.0921482,60.0
1744878857806334.0,-1256.04,-974.378,0.198319,2.44812,2.43141,-0.0167137,60.0
1744878857827093.0,-1258.16,-972.33,0.198425,2.54027,2.53478,-0.00549214,60.0
1744878857848385.0,-1258.16,-972.33,0.198425,2.54027,2.53927,-0.00100023,60.0
1744878857869306.0,-1258.16,-972.33,0.198425,2.54027,2.42589,-0.114375,60.0
1744878857889849.0,-1260.7,-970.282,0.198617,2.53927,2.44383,-0.0954433,60.0
1744878857910761.0,-1260.7,-970.282,0.198617,2.53927,2.53727,-0.0019959,60.0
1744878857931286.0,-1262.82,-968.233,0.198726,2.44383,2.54786,0.104032,60.0
1744878857951856.0,-1262.82,-968.233,0.198726,2.44383,2.54877,0.104947,60.0
1744878857972382.0,-1262.82,-968.233,0.198726,2.44383,2.51881,0.0749837,60.0
1744878857993397.0,-1264.93,-966.185,0.198837,2.54877,2.51738,-0.0313888,60.0
1744878858013719.0,-1264.93,-966.185,0.198837,2.54877,2.4297,-0.119071,60.0
1744878858034491.0,-1267.47,-964.137,0.199033,2.51738,2.39737,-0.120017,60.0
1744878858055632.0,-1267.47,-964.137,0.199033,2.51738,2.66455,0.147169,60.0
1744878858076374.0,-1267.47,-964.137,0.199033,2.51738,2.40698,-0.110405,60.0
1744878858096998.0,-1269.59,-962.772,0.19925,2.66455,2.65781,-0.00673857,60.0
1744878858117712.0,-1269.59,-962.772,0.19925,2.66455,2.6371,-0.0274491,60.0
1744878858138463.0,-1272.13,-960.723,0.199449,2.65781,2.65169,-0.00612409,60.0
1744878858158847.0,-1272.13,-960.723,0.199449,2.65781,2.63645,-0.0213683,60.0
1744878858179564.0,-1274.25,-958.675,0.199565,2.65169,2.52871,-0.122978,60.0
1744878858200645.0,-1274.25,-958.675,0.199565,2.65169,2.56711,-0.0845761,60.0
1744878858221009.0,-1274.25,-958.675,0.199565,2.65169,2.61328,-0.0384106,60.0
1744878858242090.0,-1276.79,-956.627,0.199768,2.56711,2.40969,-0.157423,60.0
1744878858262676.0,-1276.79,-956.627,0.199768,2.56711,2.44093,-0.126184,60.0
1744878858283446.0,-1278.91,-955.262,0.199989,2.40969,2.435,0.0253126,60.0
1744878858304364.0,-1278.91,-955.262,0.199989,2.40969,2.45729,0.0476032,60.0
1744878858325072.0,-1278.91,-955.262,0.199989,2.40969,2.42877,0.0190788,60.0
1744878858345824.0,-1281.45,-953.213,0.200194,2.45729,2.50491,0.0476118,60.0
1744878858366497.0,-1281.45,-953.213,0.200194,2.45729,2.52393,0.066639,60.0
1744878858387612.0,-1283.99,-951.165,0.200401,2.50491,2.4385,-0.0664063,60.0
1744878858408657.0,-1283.99,-951.165,0.200401,2.50491,2.48252,-0.0223891,60.0
1744878858429253.0,-1283.99,-951.165,0.200401,2.50491,2.40171,-0.103201,60.0
1744878858450185.0,-1286.11,-949.117,0.200525,2.48252,2.42853,-0.0539856,60.0
1744878858470904.0,-1286.11,-949.117,0.200525,2.48252,2.45831,-0.0242095,60.0
1744878858491612.0,-1288.65,-947.752,0.200836,2.42853,2.44391,0.015381,60.0
1744878858512079.0,-1288.65,-947.752,0.200836,2.42853,2.54029,0.111764,60.0
1744878858532768.0,-1290.77,-945.703,0.200962,2.44391,2.57356,0.129648,60.0
1744878858553402.0,-1290.77,-945.703,0.200962,2.44391,2.37499,-0.06892,60.0
1744878858574113.0,-1290.77,-945.703,0.200962,2.44391,2.35882,-0.0850964,60.0
1744878858594786.0,-1293.31,-943.655,0.201175,2.37499,2.4402,0.0652057,60.0
1744878858615470.0,-1293.31,-943.655,0.201175,2.37499,2.33845,-0.0365453,60.0
1744878858636196.0,-1295.43,-941.607,0.201304,2.4402,2.34755,-0.0926485,60.0
1744878858656940.0,-1295.43,-941.607,0.201304,2.4402,2.52223,0.0820345,60.0
1744878858678003.0,-1295.43,-941.607,0.201304,2.4402,2.5922,0.151999,60.0
1744878858698381.0,-1297.97,-940.242,0.201621,2.52223,2.46029,-0.0619453,60.0
1744878858719389.0,-1297.97,-940.242,0.201621,2.52223,2.62227,0.100034,60.0
1744878858739947.0,-1300.09,-938.193,0.201752,2.46029,2.5601,0.0998094,60.0
1744878858760709.0,-1300.09,-938.193,0.201752,2.46029,2.56951,0.109221,60.0
1744878858781578.0,-1300.09,-938.193,0.201752,2.46029,2.42859,-0.0316975,60.0
1744878858802412.0,-1302.63,-936.145,0.201972,2.56951,2.54246,-0.0270472,60.0
1744878858823518.0,-1302.63,-936.145,0.201972,2.56951,2.65305,0.0835397,60.0
1744878858844350.0,-1304.75,-934.78,0.202206,2.54246,2.43408,-0.10838,60.0
1744878858865123.0,-1304.75,-934.78,0.202206,2.54246,2.61385,0.071387,60.0
1744878858886075.0,-1304.75,-934.78,0.202206,2.54246,2.41717,-0.125296,60.0
1744878858906841.0,-1307.29,-932.731,0.202428,2.61385,2.50002,-0.11383,60.0
1744878858927659.0,-1307.29,-932.731,0.202428,2.61385,2.56872,-0.0451264,60.0
1744878858948282.0,-1309.83,-930.683,0.202652,2.50002,2.40568,-0.0943349,60.0
1744878858969100.0,-1309.83,-930.683,0.202652,2.50002,2.54877,0.0487491,60.0
1744878858989893.0,-1311.95,-928.635,0.202791,2.40568,2.5161,0.11042,60.0
1744878859010689.0,-1311.95,-928.635,0.202791,2.40568,2.47275,0.0670693,60.0
1744878859031415.0,-1311.95,-928.635,0.202791,2.40568,2.40787,0.00218265,60.0
1744878859052157.0,-1314.49,-927.27,0.203117,2.47275,2.5497,0.076946,60.0
1744878859073003.0,-1314.49,-927.27,0.203117,2.47275,2.36624,-0.106516,60.0
1744878859093641.0,-1316.6,-925.221,0.203258,2.5497,2.41207,-0.137626,60.0
1744878859114200.0,-1316.6,-925.221,0.203258,2.5497,2.50357,-0.0461316,60.0
1744878859134967.0,-1316.6,-925.221,0.203258,2.5497,2.61818,0.0684856,60.0
1744878859155896.0,-1319.15,-923.173,0.203488,2.50357,2.37189,-0.131678,60.0
1744878859176589.0,-1319.15,-923.173,0.203488,2.50357,2.42827,-0.0752916,60.0
1744878859197527.0,-1321.69,-921.808,0.203819,2.37189,2.51933,0.147439,60.0
1744878859218215.0,-1321.69,-921.808,0.203819,2.37189,2.37576,0.00387346,60.0
1744878859238963.0,-1321.69,-921.808,0.203819,2.37189,2.37134,-0.000543508,60.0
1744878859259693.0,-1323.8,-919.76,0.203964,2.37576,2.26784,-0.107919,60.0
1744878859280543.0,-1323.8,-919.76,0.203964,2.37576,2.51972,0.143958,60.0
1744878859301278.0,-1326.35,-917.711,0.204199,2.26784,2.27685,0.0090074,60.0
1744878859322173.0,-1326.35,-917.711,0.204199,2.26784,2.33422,0.0663745,60.0
1744878859343027.0,-1326.35,-917.711,0.204199,2.26784,2.40743,0.139585,60.0
1744878859363830.0,-1328.46,-915.663,0.204347,2.33422,2.31464,-0.0195796,60.0
1744878859384603.0,-1328.46,-915.663,0.204347,2.33422,2.28399,-0.0502289,60.0
1744878859405055.0,-1331.0,-914.298,0.204682,2.31464,2.26603,-0.0486063,60.0
1744878859426334.0,-1331.0,-914.298,0.204682,2.31464,2.41493,0.10029,60.0
1744878859446802.0,-1333.12,-912.249,0.204833,2.26603,2.38047,0.114441,60.0
1744878859467632.0,-1333.12,-912.249,0.204833,2.26603,2.32263,0.0565963,60.0
1744878859488548.0,-1333.12,-912.249,0.204833,2.26603,2.34606,0.0800271,60.0
1744878859509257.0,-1335.66,-910.201,0.205074,2.32263,2.44999,0.127361,60.0
1744878859530007.0,-1335.66,-910.201,0.205074,2.32263,2.44696,0.124335,60.0
1744878859550715.0,-1337.78,-908.153,0.205227,2.44999,2.47852,0.0285325,60.0
1744878859571683.0,-1337.78,-908.153,0.205227,2.44999,2.54238,0.092388,60.0
1744878859592358.0,-1337.78,-908.153,0.205227,2.44999,2.29121,-0.15878,60.0
1744878859613140.0,-1339.9,-906.105,0.205382,2.54238,2.51081,-0.0315642,60.0
1744878859633843.0,-1339.9,-906.105,0.205382,2.54238,2.48726,-0.0551158,60.0
1744878859654110.0,-1342.44,-904.739,0.205725,2.51081,2.36172,-0.149089,60.0
1744878859674860.0,-1342.44,-904.739,0.205725,2.51081,2.45591,-0.0549047,60.0
1744878859695580.0,-1342.44,-904.739,0.205725,2.51081,2.40323,-0.107583,60.0
1744878859716403.0,-1344.56,-902.691,0.205882,2.45591,2.46432,0.00841557,60.0
1744878859737182.0,-1344.56,-902.691,0.205882,2.45591,2.41325,-0.0426595,60.0
1744878859757773.0,-1347.1,-900.643,0.206131,2.46432,2.43405,-0.0302775,60.0
1744878859778567.0,-1347.1,-900.643,0.206131,2.46432,2.49855,0.0342239,60.0
1744878859799517.0,-1349.22,-898.595,0.206291,2.43405,2.50094,0.0668972,60.0
1744878859819919.0,-1349.22,-898.595,0.206291,2.43405,2.49178,0.0577295,60.0
1744878859840588.0,-1349.22,-898.595,0.206291,2.43405,2.4556,0.0215504,60.0
1744878859861407.0,-1351.76,-896.546,0.206543,2.49178,2.36455,-0.127228,60.0
1744878859882151.0,-1351.76,-896.546,0.206543,2.49178,2.39677,-0.0950038,60.0
1744878859903019.0,-1353.88,-894.498,0.206706,2.36455,2.5038,0.13925,60.0
1744878859923776.0,-1353.88,-894.498,0.206706,2.36455,2.48512,0.120572,60.0
1744878859944725.0,-1353.88,-894.498,0.206706,2.36455,2.48794,0.123392,60.0
1744878859965360.0,-1355.99,-893.133,0.206966,2.48512,2.39465,-0.0904726,60.0
1744878859985887.0,-1355.99,-893.133,0.206966,2.48512,2.5955,0.110379,60.0
1744878860006543.0,-1358.53,-891.085,0.207222,2.39465,2.53633,0.141679,60.0
1744878860027527.0,-1358.53,-891.085,0.207222,2.39465,2.51225,0.117603,60.0
1744878860055521.0,-1360.65,-889.036,0.20739,2.53633,2.559,0.022669,60.0
1744878860076164.0,-1360.65,-889.036,0.20739,2.53633,2.5617,0.0253754,60.0
1744878860096901.0,-1360.65,-889.036,0.20739,2.53633,2.55909,0.0227673,60.0
1744878860117478.0,-1363.19,-886.988,0.207649,2.5617,2.41916,-0.142546,60.0
1744878860138081.0,-1363.19,-886.988,0.207649,2.5617,2.4532,-0.108498,60.0
1744878860158937.0,-1365.31,-884.94,0.207819,2.41916,2.44787,0.0287123,60.0
1744878860180045.0,-1365.31,-884.94,0.207819,2.41916,2.54567,0.126512,60.0
1744878860200260.0,-1365.31,-884.94,0.207819,2.41916,2.54309,0.123929,60.0
1744878860221247.0,-1367.85,-883.574,0.208176,2.54567,2.57828,0.0326159,60.0
1744878860241641.0,-1367.85,-883.574,0.208176,2.54567,2.48671,-0.0589605,60.0
1744878860262276.0,-1369.97,-881.526,0.208349,2.57828,2.43913,-0.139152,60.0
1744878860282938.0,-1369.97,-881.526,0.208349,2.57828,2.6139,0.0356125,60.0
1744878860304276.0,-1369.97,-881.526,0.208349,2.57828,2.54422,-0.0340647,60.0
1744878860324831.0,-1372.51,-879.478,0.208615,2.6139,2.45006,-0.163839,60.0
1744878860345616.0,-1372.51,-879.478,0.208615,2.6139,2.53456,-0.079339,60.0
1744878860366120.0,-1374.63,-877.43,0.20879,2.45006,2.44217,-0.00788379,60.0
1744878860386912.0,-1374.63,-877.43,0.20879,2.45006,2.35202,-0.0980363,60.0
1744878860407848.0,-1374.63,-877.43,0.20879,2.45006,2.60706,0.157002,60.0
1744878860428619.0,-1377.17,-876.064,0.209152,2.35202,2.25171,-0.100316,60.0
1744878860449123.0,-1377.17,-876.064,0.209152,2.35202,2.30356,-0.0484609,60.0
1744878860469752.0,-1379.29,-874.016,0.209331,2.25171,2.38157,0.12986,60.0
1744878860490453.0,-1379.29,-874.016,0.209331,2.25171,2.35957,0.107866,60.0
1744878860511272.0,-1381.83,-871.968,0.209602,2.38157,2.26752,-0.114046,60.0
1744878860531819.0,-1381.83,-871.968,0.209602,2.38157,2.43704,0.0554756,60.0
1744878860552574.0,-1381.83,-871.968,0.209602,2.38157,2.4196,0.0380305,60.0
1744878860573640.0,-1383.95,-869.919,0.209784,2.43704,2.48164,0.0445963,60.0
1744878860594361.0,-1383.95,-869.919,0.209784,2.43704,2.45845,0.0214059,60.0
1744878860614942.0,-1386.49,-868.554,0.210151,2.48164,2.5261,0.0444663,60.0
1744878860635557.0,-1386.49,-868.554,0.210151,2.48164,2.38431,-0.0973299,60.0
1744878860656402.0,-1386.49,-868.554,0.210151,2.48164,2.39032,-0.0913215,60.0
1744878860676779.0,-1388.61,-866.506,0.210335,2.38431,2.46031,0.0760046,60.0
1744878860697485.0,-1388.61,-866.506,0.210335,2.38431,2.44023,0.0559227,60.0
1744878860718087.0,-1391.15,-864.457,0.210613,2.46031,2.38797,-0.0723375,60.0
1744878860738937.0,-1391.15,-864.457,0.210613,2.46031,2.54202,0.0817034,60.0
1744878860759647.0,-1391.15,-864.457,0.210613,2.46031,2.51975,0.059435,60.0
1744878860780276.0,-1393.26,-862.409,0.210799,2.54202,2.40333,-0.13869,60.0
1744878860801187.0,-1393.26,-862.409,0.210799,2.54202,2.43844,-0.103579,60.0
1744878860821876.0,-1395.81,-860.361,0.21108,2.40333,2.5482,0.144871,60.0
1744878860843165.0,-1395.81,-860.361,0.21108,2.40333,2.40919,0.00586157,60.0
1744878860863492.0,-1395.81,-860.361,0.21108,2.40333,2.31331,-0.0900167,60.0
1744878860884459.0,-1397.92,-858.996,0.211362,2.40919,2.34348,-0.0657049,60.0
1744878860905075.0,-1397.92,-858.996,0.211362,2.40919,2.55561,0.146421,60.0
1744878860925973.0,-1400.04,-856.947,0.211552,2.34348,2.4564,0.11292,60.0
1744878860947093.0,-1400.04,-856.947,0.211552,2.34348,2.47754,0.134053,60.0
1744878860967655.0,-1402.58,-854.899,0.211838,2.4564,2.58657,0.130166,60.0
1744878860988486.0,-1402.58,-854.899,0.211838,2.4564,2.59778,0.141373,60.0
1744878861009427.0,-1402.58,-854.899,0.211838,2.4564,2.36978,-0.0866208,60.0
1744878861030193.0,-1404.7,-852.851,0.212031,2.59778,2.5418,-0.055975,60.0
1744878861051005.0,-1404.7,-852.851,0.212031,2.59778,2.48639,-0.111383,60.0
1744878861071627.0,-1407.24,-850.802,0.21232,2.5418,2.60331,0.0615107,60.0
1744878861092532.0,-1407.24,-850.802,0.21232,2.5418,2.4211,-0.120696,60.0
1744878861113261.0,-1407.24,-850.802,0.21232,2.5418,2.47985,-0.061952,60.0
1744878861133947.0,-1409.36,-849.437,0.212607,2.4211,2.37272,-0.0483824,60.0
1744878861154748.0,-1409.36,-849.437,0.212607,2.4211,2.43538,0.0142798,60.0
1744878861175554.0,-1411.9,-847.389,0.212899,2.37272,2.48064,0.107921,60.0
1744878861196228.0,-1411.9,-847.389,0.212899,2.37272,2.49181,0.119086,60.0
1744878861216816.0,-1411.9,-847.389,0.212899,2.37272,2.42346,0.0507398,60.0
1744878861237819.0,-1414.02,-845.34,0.213098,2.49181,2.36887,-0.122936,60.0
1744878861258599.0,-1414.02,-845.34,0.213098,2.49181,2.43088,-0.0609291,60.0
1744878861279021.0,-1416.56,-843.292,0.213392,2.36887,2.4369,0.0680303,60.0
1744878861299386.0,-1416.56,-843.292,0.213392,2.36887,2.42298,0.0541043,60.0
1744878861320509.0,-1418.68,-841.244,0.213594,2.4369,2.43706,0.000161529,60.0
1744878861341075.0,-1418.68,-841.244,0.213594,2.4369,2.46993,0.0330255,60.0
1744878861361763.0,-1418.68,-841.244,0.213594,2.4369,2.4872,0.0502958,60.0
1744878861382281.0,-1421.22,-839.879,0.213982,2.46993,2.38284,-0.0870896,60.0
1744878861402873.0,-1421.22,-839.879,0.213982,2.46993,2.40553,-0.0644012,60.0
1744878861423467.0,-1423.34,-837.83,0.214186,2.38284,2.40335,0.0205153,60.0
1744878861444010.0,-1423.34,-837.83,0.214186,2.38284,2.53137,0.148532,60.0
1744878861464600.0,-1423.34,-837.83,0.214186,2.38284,2.41014,0.0273042,60.0
1744878861485236.0,-1425.88,-835.782,0.214487,2.53137,2.51135,-0.0200177,60.0
1744878861505848.0,-1425.88,-835.782,0.214487,2.53137,2.57652,0.0451471,60.0
1744878861526442.0,-1427.99,-833.734,0.214695,2.51135,2.58888,0.0775235,60.0
1744878861547460.0,-1427.99,-833.734,0.214695,2.51135,2.4881,-0.0232477,60.0
1744878861568143.0,-1427.99,-833.734,0.214695,2.51135,2.37417,-0.137184,60.0
1744878861588859.0,-1430.11,-831.685,0.214903,2.4881,2.36453,-0.123575,60.0
1744878861609676.0,-1430.11,-831.685,0.214903,2.4881,2.41247,-0.0756378,60.0
1744878861630485.0,-1432.65,-830.32,0.215298,2.36453,2.41558,0.0510486,60.0
1744878861651048.0,-1432.65,-830.32,0.215298,2.36453,2.5109,0.146372,60.0
1744878861671800.0,-1432.65,-830.32,0.215298,2.36453,2.38021,0.0156823,60.0
1744878861692326.0,-1434.77,-828.272,0.215509,2.5109,2.61706,0.106161,60.0
1744878861712975.0,-1434.77,-828.272,0.215509,2.5109,2.49106,-0.0198383,60.0
1744878861733565.0,-1437.31,-826.223,0.215817,2.61706,2.57619,-0.0408725,60.0
1744878861754172.0,-1437.31,-826.223,0.215817,2.61706,2.47421,-0.14285,60.0
1744878861774661.0,-1437.31,-826.223,0.215817,2.61706,2.55726,-0.0597982,60.0
1744878861795069.0,-1439.43,-824.175,0.216032,2.47421,2.52878,0.0545674,60.0
1744878861815965.0,-1439.43,-824.175,0.216032,2.47421,2.52127,0.0470546,60.0
1744878861836356.0,-1441.97,-822.127,0.216343,2.52878,2.53204,0.00325867,60.0
1744878861856956.0,-1441.97,-822.127,0.216343,2.52878,2.42217,-0.106611,60.0
1744878861877617.0,-1444.09,-820.761,0.216648,2.53204,2.41694,-0.115096,60.0
1744878861898474.0,-1444.09,-820.761,0.216648,2.53204,2.60365,0.0716148,60.0
1744878861919146.0,-1444.09,-820.761,0.216648,2.53204,2.58055,0.0485129,60.0
1744878861939673.0,-1446.63,-818.713,0.216963,2.60365,2.49775,-0.105901,60.0
1744878861960563.0,-1446.63,-818.713,0.216963,2.60365,2.55731,-0.0463425,60.0
1744878861980971.0,-1449.17,-816.665,0.217279,2.49775,2.5095,0.0117438,60.0
1744878862001782.0,-1449.17,-816.665,0.217279,2.49775,2.6073,0.109545,60.0
1744878862022468.0,-1449.17,-816.665,0.217279,2.49775,2.56103,0.0632759,60.0
1744878862043147.0,-1451.29,-815.299,0.217588,2.6073,2.52643,-0.0808714,60.0
1744878862064098.0,-1451.29,-815.299,0.217588,2.6073,2.53244,-0.0748572,60.0
1744878862084926.0,-1453.83,-813.251,0.217907,2.52643,2.45918,-0.0672486,60.0
1744878862105672.0,-1453.83,-813.251,0.217907,2.52643,2.546,0.0195699,60.0
1744878862126518.0,-1453.83,-813.251,0.217907,2.52643,2.56695,0.0405236,60.0
1744878862147195.0,-1455.95,-811.203,0.218131,2.546,2.49443,-0.0515619,60.0
1744878862167763.0,-1455.95,-811.203,0.218131,2.546,2.5677,0.0217042,60.0
1744878862188511.0,-1458.49,-809.837,0.21854,2.49443,2.52819,0.0337536,60.0
1744878862209231.0,-1458.49,-809.837,0.21854,2.49443,2.35578,-0.138651,60.0
1744878862229939.0,-1458.49,-809.837,0.21854,2.49443,2.53197,0.0375316,60.0
1744878862250546.0,-1461.03,-807.789,0.218863,2.35578,2.43522,0.0794375,60.0
1744878862271259.0,-1461.03,-807.789,0.218863,2.35578,2.28794,-0.0678478,60.0
1744878862291662.0,-1463.15,-805.741,0.219092,2.43522,2.57507,0.139853,60.0
1744878862312737.0,-1463.15,-805.741,0.219092,2.43522,2.5885,0.153276,60.0
1744878862333715.0,-1465.69,-803.692,0.219419,2.57507,2.54114,-0.0339323,60.0
1744878862354352.0,-1465.69,-803.692,0.219419,2.57507,2.41711,-0.157965,60.0
1744878862374903.0,-1465.69,-803.692,0.219419,2.57507,2.42334,-0.151733,60.0
1744878862395586.0,-1467.81,-802.327,0.219735,2.41711,2.41314,-0.00397267,60.0
1744878862416299.0,-1467.81,-802.327,0.219735,2.41711,2.38644,-0.0306693,60.0
1744878862439074.0,-1470.35,-800.279,0.220065,2.41314,2.53638,0.123248,60.0
1744878862459536.0,-1470.35,-800.279,0.220065,2.41314,2.47022,0.0570854,60.0
1744878862480223.0,-1470.35,-800.279,0.220065,2.41314,2.51734,0.104207,60.0
1744878862500936.0,-1472.89,-798.23,0.220397,2.47022,2.42005,-0.0501747,60.0
1744878862521646.0,-1472.89,-798.23,0.220397,2.47022,2.58774,0.117521,60.0
1744878862542283.0,-1475.01,-796.865,0.220717,2.42005,2.43611,0.0160618,60.0
1744878862563204.0,-1475.01,-796.865,0.220717,2.42005,2.54094,0.120898,60.0
1744878862584017.0,-1475.01,-796.865,0.220717,2.42005,2.50774,0.0876972,60.0
1744878862604841.0,-1477.55,-794.817,0.221052,2.54094,2.49378,-0.0471665,60.0
1744878862625529.0,-1477.55,-794.817,0.221052,2.54094,2.48705,-0.0538936,60.0
1744878862646086.0,-1479.66,-792.768,0.22129,2.49378,2.49381,2.99685e-05,60.0
1744878862666536.0,-1479.66,-792.768,0.22129,2.49378,2.379,-0.114781,60.0
1744878862686924.0,-1482.21,-791.403,0.221712,2.49381,2.41187,-0.0819415,60.0
1744878862707496.0,-1482.21,-791.403,0.221712,2.49381,2.62577,0.131962,60.0
1744878862728581.0,-1482.21,-791.403,0.221712,2.49381,2.59436,0.100556,60.0
1744878862749332.0,-1484.75,-789.355,0.222051,2.62577,2.48043,-0.145345,60.0
1744878862770114.0,-1484.75,-789.355,0.222051,2.62577,2.54785,-0.0779225,60.0
1744878862790909.0,-1486.86,-787.306,0.222293,2.48043,2.53452,0.0540976,60.0
1744878862812135.0,-1486.86,-787.306,0.222293,2.48043,2.62209,0.141661,60.0
1744878862833000.0,-1486.86,-787.306,0.222293,2.48043,2.5498,0.069378,60.0
1744878862853280.0,-1489.41,-785.941,0.222719,2.62209,2.58686,-0.0352229,60.0
1744878862873980.0,-1489.41,-785.941,0.222719,2.62209,2.4804,-0.141683,60.0
1744878862894861.0,-1491.52,-783.893,0.222964,2.58686,2.5671,-0.0197603,60.0
1744878862915623.0,-1491.52,-783.893,0.222964,2.58686,2.42881,-0.158051,60.0
1744878862936160.0,-1491.52,-783.893,0.222964,2.58686,2.54859,-0.0382699,60.0
1744878862957207.0,-1494.06,-781.844,0.223309,2.42881,2.41235,-0.0164633,60.0
1744878862977707.0,-1494.06,-781.844,0.223309,2.42881,2.46308,0.0342713,60.0
1744878862998256.0,-1496.61,-780.479,0.22374,2.41235,2.52321,0.110861,60.0
1744878863019102.0,-1496.61,-780.479,0.22374,2.41235,2.41412,0.00176976,60.0
1744878863039441.0,-1496.61,-780.479,0.22374,2.41235,2.46057,0.0482206,60.0
1744878863060007.0,-1498.72,-778.431,0.223988,2.41412,2.52745,0.113331,60.0
1744878863080787.0,-1498.72,-778.431,0.223988,2.41412,2.53406,0.119943,60.0
1744878863101525.0,-1501.26,-776.382,0.224338,2.52745,2.48103,-0.0464181,60.0
1744878863121963.0,-1501.26,-776.382,0.224338,2.52745,2.56314,0.0356934,60.0
1744878863142621.0,-1503.81,-775.017,0.224773,2.48103,2.35306,-0.127969,60.0
1744878863163266.0,-1503.81,-775.017,0.224773,2.48103,2.58754,0.106509,60.0
1744878863184199.0,-1503.81,-775.017,0.224773,2.48103,2.47658,-0.00445658,60.0
1744878863204880.0,-1505.92,-772.968,0.225026,2.58754,2.5011,-0.0864362,60.0
1744878863225476.0,-1505.92,-772.968,0.225026,2.58754,2.45313,-0.134407,60.0
1744878863246492.0,-1508.46,-770.92,0.22538,2.5011,2.44634,-0.0547671,60.0
1744878863266846.0,-1508.46,-770.92,0.22538,2.5011,2.48988,-0.0112277,60.0
1744878863287436.0,-1508.46,-770.92,0.22538,2.5011,2.4139,-0.0872091,60.0
1744878863308148.0,-1511.01,-769.555,0.225819,2.48988,2.55131,0.0614326,60.0
1744878863329001.0,-1511.01,-769.555,0.225819,2.48988,2.40256,-0.0873199,60.0
1744878863349697.0,-1513.12,-767.506,0.226076,2.55131,2.52783,-0.0234828,60.0
1744878863370556.0,-1513.12,-767.506,0.226076,2.55131,2.46197,-0.089339,60.0
1744878863391416.0,-1513.12,-767.506,0.226076,2.55131,2.41684,-0.134468,60.0
1744878863412184.0,-1515.66,-765.458,0.226435,2.46197,2.32788,-0.134088,60.0
1744878863432655.0,-1515.66,-765.458,0.226435,2.46197,2.43888,-0.0230943,60.0
1744878863453457.0,-1517.78,-764.093,0.226776,2.32788,2.34804,0.0201604,60.0
1744878863474063.0,-1517.78,-764.093,0.226776,2.32788,2.42122,0.0933357,60.0
1744878863494948.0,-1517.78,-764.093,0.226776,2.32788,2.42895,0.101067,60.0
1744878863515452.0,-1520.32,-762.044,0.227139,2.42122,2.29253,-0.128685,60.0
1744878863536187.0,-1520.32,-762.044,0.227139,2.42122,2.48402,0.0628045,60.0
1744878863556991.0,-1522.86,-759.996,0.227503,2.29253,2.29005,-0.00248319,60.0
1744878863577668.0,-1522.86,-759.996,0.227503,2.29253,2.35853,0.0660005,60.0
1744878863598378.0,-1524.98,-758.631,0.227848,2.29005,2.32671,0.0366576,60.0
1744878863619437.0,-1524.98,-758.631,0.227848,2.29005,2.34972,0.059665,60.0
1744878863639938.0,-1524.98,-758.631,0.227848,2.29005,2.3074,0.0173508,60.0
1744878863660807.0,-1527.52,-756.582,0.228214,2.34972,2.37917,0.029451,60.0
1744878863681725.0,-1527.52,-756.582,0.228214,2.34972,2.40555,0.0558318,60.0
1744878863701951.0,-1529.64,-754.534,0.228481,2.37917,2.44965,0.0704804,60.0
1744878863722656.0,-1529.64,-754.534,0.228481,2.37917,2.36345,-0.0157193,60.0
1744878863743394.0,-1529.64,-754.534,0.228481,2.37917,2.43618,0.0570148,60.0
1744878863764134.0,-1532.18,-752.486,0.228851,2.36345,2.48076,0.117311,60.0
1744878863784941.0,-1532.18,-752.486,0.228851,2.36345,2.29747,-0.0659757,60.0
1744878863805478.0,-1534.3,-750.437,0.229121,2.48076,2.48658,0.00581807,60.0
1744878863826663.0,-1534.3,-750.437,0.229121,2.48076,2.57377,0.0930087,60.0
1744878863847386.0,-1534.3,-750.437,0.229121,2.48076,2.45042,-0.0303336,60.0
1744878863868006.0,-1536.84,-749.072,0.229574,2.57377,2.53962,-0.0341439,60.0
1744878863888414.0,-1536.84,-749.072,0.229574,2.57377,2.5123,-0.061472,60.0
1744878863909063.0,-1538.96,-747.023,0.229846,2.53962,2.43673,-0.102897,60.0
1744878863929716.0,-1538.96,-747.023,0.229846,2.53962,2.43966,-0.099964,60.0
1744878863950488.0,-1538.96,-747.023,0.229846,2.53962,2.38702,-0.1526,60.0
1744878863971190.0,-1541.5,-744.975,0.230222,2.43966,2.41308,-0.0265826,60.0
1744878863992051.0,-1541.5,-744.975,0.230222,2.43966,2.3893,-0.05036,60.0
1744878864012733.0,-1543.62,-742.927,0.230497,2.41308,2.36028,-0.0527948,60.0
1744878864033466.0,-1543.62,-742.927,0.230497,2.41308,2.43704,0.0239658,60.0
1744878864053849.0,-1546.16,-741.561,0.230956,2.36028,2.45159,0.0913108,60.0
1744878864074480.0,-1546.16,-741.561,0.230956,2.36028,2.4026,0.0423211,60.0
1744878864095194.0,-1546.16,-741.561,0.230956,2.36028,2.36974,0.00945618,60.0
1744878864115766.0,-1548.28,-739.513,0.231233,2.4026,2.45866,0.0560581,60.0
1744878864136511.0,-1548.28,-739.513,0.231233,2.4026,2.5224,0.119793,60.0
1744878864157226.0,-1550.82,-737.465,0.231616,2.45866,2.54025,0.0815914,60.0
1744878864177639.0,-1550.82,-737.465,0.231616,2.45866,2.58652,0.127862,60.0
1744878864198213.0,-1550.82,-737.465,0.231616,2.45866,2.40273,-0.0559312,60.0
1744878864218819.0,-1552.93,-735.416,0.231896,2.58652,2.53247,-0.0540502,60.0
1744878864239547.0,-1552.93,-735.416,0.231896,2.58652,2.47593,-0.110596,60.0
1744878864260155.0,-1555.48,-733.368,0.232282,2.53247,2.52078,-0.0116968,60.0
1744878864280864.0,-1555.48,-733.368,0.232282,2.53247,2.52081,-0.0116644,60.0
1744878864301767.0,-1555.48,-733.368,0.232282,2.53247,2.52471,-0.00776717,60.0
1744878864322492.0,-1557.59,-732.002,0.232643,2.52081,2.47412,-0.0466845,60.0
1744878864343159.0,-1557.59,-732.002,0.232643,2.52081,2.42879,-0.0920145,60.0
1744878864363891.0,-1560.13,-729.954,0.233031,2.47412,2.41491,-0.0592102,60.0
1744878864384673.0,-1560.13,-729.954,0.233031,2.47412,2.52705,0.052924,60.0
1744878864405212.0,-1560.13,-729.954,0.233031,2.47412,2.6062,0.132077,60.0
1744878864426001.0,-1562.25,-727.906,0.233318,2.52705,2.38597,-0.141074,60.0
1744878864446906.0,-1562.25,-727.906,0.233318,2.52705,2.51165,-0.0154017,60.0
1744878864467463.0,-1564.79,-725.857,0.233709,2.38597,2.43291,0.0469397,60.0
1744878864488363.0,-1564.79,-725.857,0.233709,2.38597,2.26054,-0.125436,60.0
1744878864509101.0,-1566.91,-724.492,0.234075,2.43291,2.37676,-0.0561512,60.0
1744878864529496.0,-1566.91,-724.492,0.234075,2.43291,2.33038,-0.102533,60.0
1744878864550319.0,-1566.91,-724.492,0.234075,2.43291,2.55004,0.117126,60.0
1744878864571014.0,-1569.45,-722.444,0.23447,2.33038,2.49023,0.159845,60.0
1744878864591652.0,-1569.45,-722.444,0.23447,2.33038,2.32364,-0.00674462,60.0
1744878864612368.0,-1571.57,-720.395,0.234761,2.49023,2.44796,-0.0422644,60.0
1744878864633366.0,-1571.57,-720.395,0.234761,2.49023,2.38094,-0.109288,60.0
1744878864653766.0,-1571.57,-720.395,0.234761,2.49023,2.56531,0.0750843,60.0
1744878864674532.0,-1574.11,-718.347,0.235159,2.38094,2.40903,0.0280943,60.0
1744878864695411.0,-1574.11,-718.347,0.235159,2.38094,2.33235,-0.0485915,60.0
1744878864716297.0,-1576.23,-716.981,0.23553,2.40903,2.51546,0.106427,60.0
1744878864736721.0,-1576.23,-716.981,0.23553,2.40903,2.43494,0.0259127,60.0
1744878864757601.0,-1576.23,-716.981,0.23553,2.40903,2.49698,0.0879435,60.0
1744878864778493.0,-1578.77,-714.933,0.235931,2.43494,2.55088,0.115934,60.0
1744878864799320.0,-1578.77,-714.933,0.235931,2.43494,2.50653,0.0715851,60.0
1744878864820335.0,-1580.89,-712.885,0.236228,2.55088,2.42223,-0.128646,60.0
1744878864841405.0,-1580.89,-712.885,0.236228,2.55088,2.52434,-0.0265416,60.0
1744878864862210.0,-1580.89,-712.885,0.236228,2.55088,2.53022,-0.0206631,60.0
1744878864882900.0,-1583.43,-710.836,0.236632,2.52434,2.41214,-0.112196,60.0
1744878864903669.0,-1583.43,-710.836,0.236632,2.52434,2.38622,-0.138117,60.0
1744878864924127.0,-1585.55,-708.788,0.236932,2.41214,2.50252,0.0903802,60.0
1744878864944918.0,-1585.55,-708.788,0.236932,2.41214,2.54115,0.129009,60.0
1744878864965418.0,-1588.09,-707.423,0.237414,2.50252,2.34135,-0.16117,60.0
1744878864986088.0,-1588.09,-707.423,0.237414,2.50252,2.50489,0.00237387,60.0
1744878865006815.0,-1588.09,-707.423,0.237414,2.50252,2.48946,-0.0130572,60.0
1744878865027439.0,-1590.21,-705.374,0.237717,2.50489,2.60876,0.103861,60.0
1744878865053801.0,-1590.21,-705.374,0.237717,2.50489,2.43345,-0.0714431,60.0
1744878865074638.0,-1592.75,-703.326,0.238127,2.60876,2.59015,-0.0186076,60.0
1744878865095216.0,-1592.75,-703.326,0.238127,2.60876,2.53299,-0.0757705,60.0
1744878865116260.0,-1594.86,-701.278,0.238432,2.59015,2.55444,-0.0357129,60.0
1744878865136704.0,-1594.86,-701.278,0.238432,2.59015,2.65564,0.0654912,60.0
1744878865157436.0,-1594.86,-701.278,0.238432,2.59015,2.48498,-0.105171,60.0
1744878865178212.0,-1597.4,-699.912,0.23892,2.65564,2.66357,0.00793347,60.0
1744878865198905.0,-1597.4,-699.912,0.23892,2.65564,2.62317,-0.0324728,60.0
1744878865219556.0,-1599.52,-697.864,0.239228,2.66357,2.5063,-0.157268,60.0
1744878865240155.0,-1599.52,-697.864,0.239228,2.66357,2.57733,-0.0862395,60.0
1744878865260837.0,-1599.52,-697.864,0.239228,2.66357,2.5076,-0.155975,60.0
1744878865281289.0,-1602.06,-695.815,0.239644,2.57733,2.54482,-0.0325144,60.0
1744878865301885.0,-1602.06,-695.815,0.239644,2.57733,2.66744,0.0901035,60.0
1744878865322877.0,-1604.6,-694.45,0.240136,2.54482,2.55252,0.00769603,60.0
1744878865346348.0,-1604.6,-694.45,0.240136,2.54482,2.5608,0.0159759,60.0
1744878865366557.0,-1604.6,-694.45,0.240136,2.54482,2.42229,-0.122532,60.0
1744878865387262.0,-1606.72,-692.401,0.240448,2.5608,2.62228,0.0614867,60.0
1744878865407833.0,-1606.72,-692.401,0.240448,2.5608,2.60941,0.0486123,60.0
1744878865428586.0,-1609.26,-691.036,0.240943,2.62228,2.49542,-0.126866,60.0
1744878865449257.0,-1609.26,-691.036,0.240943,2.62228,2.47874,-0.143545,60.0
1744878865469803.0,-1609.26,-691.036,0.240943,2.62228,2.60918,-0.0131035,60.0
1744878865490298.0,-1611.8,-688.988,0.241365,2.47874,2.59591,0.117168,60.0
1744878865510975.0,-1611.8,-688.988,0.241365,2.47874,2.46472,-0.0140152,60.0
1744878865531539.0,-1613.92,-686.939,0.241681,2.59591,2.59167,-0.00423348,60.0
1744878865552500.0,-1613.92,-686.939,0.241681,2.59591,2.50051,-0.095399,60.0
1744878865573073.0,-1616.46,-685.574,0.24218,2.59167,2.50795,-0.0837214,60.0
1744878865593820.0,-1616.46,-685.574,0.24218,2.59167,2.60553,0.0138565,60.0
1744878865614295.0,-1616.46,-685.574,0.24218,2.59167,2.52851,-0.0631633,60.0
1744878865634924.0,-1619.0,-683.525,0.242607,2.60553,2.49134,-0.114187,60.0
1744878865655742.0,-1619.0,-683.525,0.242607,2.60553,2.59851,-0.00702014,60.0
1744878865676476.0,-1621.55,-682.16,0.243108,2.49134,2.36989,-0.121456,60.0
1744878865697173.0,-1621.55,-682.16,0.243108,2.49134,2.5354,0.0440631,60.0
1744878865717794.0,-1621.55,-682.16,0.243108,2.49134,2.50907,0.0177283,60.0
1744878865740489.0,-1623.66,-680.112,0.24343,2.5354,2.48715,-0.0482576,60.0
1744878865759726.0,-1623.66,-680.112,0.24343,2.5354,2.53731,0.00190921,60.0
1744878865780581.0,-1626.2,-678.063,0.243861,2.48715,2.37009,-0.117056,60.0
1744878865801233.0,-1626.2,-678.063,0.243861,2.48715,2.43313,-0.0540198,60.0
1744878865822516.0,-1626.2,-678.063,0.243861,2.48715,2.52573,0.0385873,60.0
1744878865843376.0,-1628.75,-676.698,0.244367,2.43313,2.49339,0.0602607,60.0
1744878865864052.0,-1628.75,-676.698,0.244367,2.43313,2.43501,0.0018816,60.0
1744878865884812.0,-1631.29,-674.649,0.244801,2.49339,2.4272,-0.0661869,60.0
1744878865905446.0,-1631.29,-674.649,0.244801,2.49339,2.47818,-0.0152027,60.0
1744878865926000.0,-1633.4,-673.284,0.245201,2.4272,2.39097,-0.0362292,60.0
1744878865946548.0,-1633.4,-673.284,0.245201,2.4272,2.50103,0.0738336,60.0
1744878865967120.0,-1633.4,-673.284,0.245201,2.4272,2.38204,-0.0451647,60.0
1744878865988123.0,-1635.95,-671.235,0.245638,2.50103,2.52734,0.0263098,60.0
1744878866008469.0,-1635.95,-671.235,0.245638,2.50103,2.6039,0.102865,60.0
1744878866029124.0,-1638.49,-669.87,0.246149,2.52734,2.55982,0.0324736,60.0
1744878866049897.0,-1638.49,-669.87,0.246149,2.52734,2.54599,0.0186491,60.0
1744878866070454.0,-1638.49,-669.87,0.246149,2.52734,2.55601,0.028667,60.0
1744878866090950.0,-1641.03,-667.822,0.246589,2.54599,2.53723,-0.00875799,60.0
1744878866111844.0,-1641.03,-667.822,0.246589,2.54599,2.4202,-0.125791,60.0
1744878866132318.0,-1643.15,-665.773,0.246922,2.53723,2.43704,-0.100192,60.0
1744878866153234.0,-1643.15,-665.773,0.246922,2.53723,2.62461,0.0873719,60.0
1744878866174115.0,-1643.15,-665.773,0.246922,2.53723,2.45336,-0.0838719,60.0
1744878866194746.0,-1645.69,-664.408,0.247437,2.62461,2.52689,-0.097715,60.0
1744878866215542.0,-1645.69,-664.408,0.247437,2.62461,2.47943,-0.14518,60.0
1744878866236403.0,-1648.23,-662.359,0.247882,2.52689,2.60045,0.073563,60.0
1744878866257112.0,-1648.23,-662.359,0.247882,2.52689,2.40714,-0.119753,60.0
1744878866277555.0,-1648.23,-662.359,0.247882,2.52689,2.67565,0.14876,60.0
1744878866298614.0,-1650.35,-660.994,0.24829,2.40714,2.37868,-0.0284542,60.0
1744878866319266.0,-1650.35,-660.994,0.24829,2.40714,2.38866,-0.018478,60.0
1744878866339773.0,-1652.89,-658.945,0.248738,2.37868,2.43355,0.0548709,60.0
1744878866360572.0,-1652.89,-658.945,0.248738,2.37868,2.50343,0.124751,60.0
1744878866381393.0,-1655.43,-656.897,0.249188,2.43355,2.32094,-0.112618,60.0
1744878866402124.0,-1655.43,-656.897,0.249188,2.43355,2.53351,0.09996,60.0
1744878866422684.0,-1655.43,-656.897,0.249188,2.43355,2.36054,-0.073014,60.0
1744878866443375.0,-1657.97,-655.532,0.24971,2.53351,2.55217,0.0186578,60.0
1744878866464087.0,-1657.97,-655.532,0.24971,2.53351,2.62496,0.0914455,60.0
1744878866484708.0,-1660.09,-653.483,0.250052,2.55217,2.53463,-0.0175428,60.0
1744878866505402.0,-1660.09,-653.483,0.250052,2.55217,2.60629,0.0541194,60.0
1744878866526101.0,-1660.09,-653.483,0.250052,2.55217,2.51194,-0.0402294,60.0
1744878866546609.0,-1662.63,-652.118,0.250576,2.60629,2.47622,-0.130072,60.0
1744878866567219.0,-1662.63,-652.118,0.250576,2.60629,2.55864,-0.0476534,60.0
1744878866587800.0,-1665.17,-650.069,0.251032,2.47622,2.63043,0.154214,60.0
1744878866608376.0,-1665.17,-650.069,0.251032,2.47622,2.32401,-0.152204,60.0
1744878866628969.0,-1665.17,-650.069,0.251032,2.47622,2.38125,-0.0949659,60.0
1744878866649561.0,-1667.29,-648.021,0.251379,2.32401,2.27046,-0.0535562,60.0
1744878866670165.0,-1667.29,-648.021,0.251379,2.32401,2.3077,-0.0163177,60.0
1744878866690731.0,-1669.83,-646.655,0.251907,2.27046,2.40954,0.139083,60.0
1744878866711462.0,-1669.83,-646.655,0.251907,2.27046,2.39956,0.129097,60.0
1744878866732074.0,-1669.83,-646.655,0.251907,2.27046,2.3657,0.0952428,60.0
1744878866752947.0,-1672.37,-644.607,0.252368,2.39956,2.54117,0.141617,60.0
1744878866773534.0,-1672.37,-644.607,0.252368,2.39956,2.40202,0.00246837,60.0
1744878866794096.0,-1674.49,-642.559,0.252718,2.54117,2.5441,0.00292909,60.0
1744878866814923.0,-1674.49,-642.559,0.252718,2.54117,2.49329,-0.0478847,60.0
1744878866835851.0,-1674.49,-642.559,0.252718,2.54117,2.45021,-0.0909626,60.0
1744878866856691.0,-1677.03,-641.193,0.253251,2.49329,2.48724,-0.0060504,60.0
1744878866877438.0,-1677.03,-641.193,0.253251,2.49329,2.47463,-0.0186601,60.0
1744878866898100.0,-1679.57,-639.145,0.253716,2.48724,2.56331,0.0760711,60.0
1744878866918932.0,-1679.57,-639.145,0.253716,2.48724,2.55149,0.0642481,60.0
1744878866939619.0,-1681.69,-637.096,0.254071,2.56331,2.40848,-0.154829,60.0
1744878866960340.0,-1681.69,-637.096,0.254071,2.56331,2.54185,-0.0214607,60.0
1744878866981086.0,-1681.69,-637.096,0.254071,2.56331,2.44979,-0.11352,60.0
1744878867001819.0,-1684.23,-635.731,0.254607,2.54185,2.491,-0.0508492,60.0
1744878867022503.0,-1684.23,-635.731,0.254607,2.54185,2.45803,-0.083817,60.0
1744878867043536.0,-1686.77,-633.682,0.255077,2.491,2.5911,0.100103,60.0
1744878867064257.0,-1686.77,-633.682,0.255077,2.491,2.47741,-0.0135892,60.0
1744878867084933.0,-1686.77,-633.682,0.255077,2.491,2.50858,0.0175812,60.0
1744878867105590.0,-1688.89,-631.634,0.255436,2.47741,2.5176,0.0401897,60.0
1744878867126235.0,-1688.89,-631.634,0.255436,2.47741,2.54438,0.0669667,60.0
1744878867146938.0,-1691.43,-630.268,0.255976,2.5176,2.56571,0.0481065,60.0
1744878867167911.0,-1691.43,-630.268,0.255976,2.5176,2.53436,0.0167577,60.0
1744878867188621.0,-1691.43,-630.268,0.255976,2.5176,2.60407,0.0864691,60.0
1744878867209191.0,-1693.97,-628.22,0.256451,2.53436,2.55184,0.0174866,60.0
1744878867229929.0,-1693.97,-628.22,0.256451,2.53436,2.50843,-0.025927,60.0
1744878867250648.0,-1696.09,-626.855,0.256881,2.55184,2.44488,-0.106964,60.0
1744878867271367.0,-1696.09,-626.855,0.256881,2.55184,2.45068,-0.101169,60.0
1744878867292185.0,-1696.09,-626.855,0.256881,2.55184,2.43512,-0.116722,60.0
1744878867313101.0,-1698.63,-624.806,0.257358,2.45068,2.54726,0.0965841,60.0
1744878867334087.0,-1698.63,-624.806,0.257358,2.45068,2.42297,-0.0277039,60.0
1744878867354667.0,-1701.17,-622.758,0.257837,2.54726,2.47843,-0.0688326,60.0
1744878867375585.0,-1701.17,-622.758,0.257837,2.54726,2.39072,-0.156543,60.0
1744878867396132.0,-1703.29,-621.392,0.258271,2.47843,2.39668,-0.0817432,60.0
1744878867416775.0,-1703.29,-621.392,0.258271,2.47843,2.48192,0.00349597,60.0
1744878867437352.0,-1703.29,-621.392,0.258271,2.47843,2.37812,-0.100311,60.0
1744878867457994.0,-1705.83,-619.344,0.258753,2.48192,2.39503,-0.086895,60.0
1744878867478679.0,-1705.83,-619.344,0.258753,2.48192,2.46395,-0.0179698,60.0
1744878867499470.0,-1708.37,-617.295,0.259237,2.39503,2.45813,0.0630987,60.0
1744878867519829.0,-1708.37,-617.295,0.259237,2.39503,2.33133,-0.0637022,60.0
1744878867540546.0,-1708.37,-617.295,0.259237,2.39503,2.49024,0.0952163,60.0
1744878867561015.0,-1710.49,-615.93,0.259674,2.33133,2.31223,-0.0190958,60.0
1744878867582058.0,-1710.49,-615.93,0.259674,2.33133,2.33972,0.00839115,60.0
1744878867602689.0,-1713.03,-613.882,0.260161,2.31223,2.3608,0.0485719,60.0
1744878867623196.0,-1713.03,-613.882,0.260161,2.31223,2.25657,-0.0556636,60.0
1744878867644221.0,-1713.03,-613.882,0.260161,2.31223,2.40893,0.0966968,60.0
1744878867664635.0,-1715.14,-611.833,0.260535,2.25657,2.31395,0.0573824,60.0
1744878867685219.0,-1715.14,-611.833,0.260535,2.25657,2.25641,-0.00015814,60.0
1744878867705856.0,-1717.69,-610.468,0.26109,2.31395,2.42527,0.111326,60.0
1744878867726865.0,-1717.69,-610.468,0.26109,2.31395,2.38148,0.0675317,60.0
1744878867747545.0,-1717.69,-610.468,0.26109,2.31395,2.42166,0.107707,60.0
1744878867768314.0,-1719.8,-608.419,0.261467,2.38148,2.36276,-0.0187174,60.0
1744878867788937.0,-1719.8,-608.419,0.261467,2.38148,2.45306,0.0715767,60.0
1744878867809714.0,-1722.34,-606.371,0.26196,2.36276,2.41698,0.0542126,60.0
1744878867830697.0,-1722.34,-606.371,0.26196,2.36276,2.47097,0.108204,60.0
1744878867851310.0,-1724.46,-604.322,0.262339,2.41698,2.53951,0.122539,60.0
1744878867871873.0,-1724.46,-604.322,0.262339,2.41698,2.5097,0.0927285,60.0
1744878867892888.0,-1724.46,-604.322,0.262339,2.41698,2.53121,0.114233,60.0
1744878867913478.0,-1727.0,-602.274,0.262835,2.5097,2.41479,-0.0949148,60.0
1744878867934061.0,-1727.0,-602.274,0.262835,2.5097,2.35959,-0.150114,60.0
1744878867955087.0,-1729.12,-600.908,0.263282,2.41479,2.30431,-0.110477,60.0
1744878867975759.0,-1729.12,-600.908,0.263282,2.41479,2.49562,0.0808346,60.0
1744878867996470.0,-1729.12,-600.908,0.263282,2.41479,2.48256,0.0677736,60.0
1744878868016960.0,-1731.66,-598.86,0.263781,2.49562,2.37811,-0.117511,60.0
1744878868037714.0,-1731.66,-598.86,0.263781,2.49562,2.52423,0.0286021,60.0
1744878868058406.0,-1733.78,-596.812,0.264166,2.37811,2.52758,0.149471,60.0
1744878868079170.0,-1733.78,-596.812,0.264166,2.37811,2.21834,-0.159776,60.0
1744878868099729.0,-1733.78,-596.812,0.264166,2.37811,2.52951,0.151392,60.0
1744878868120366.0,-1736.32,-594.763,0.264668,2.21834,2.30934,0.0909988,60.0
1744878868141386.0,-1736.32,-594.763,0.264668,2.21834,2.22201,0.00367494,60.0
1744878868162073.0,-1738.44,-592.715,0.265056,2.30934,2.39615,0.0868159,60.0
1744878868182733.0,-1738.44,-592.715,0.265056,2.30934,2.45763,0.148298,60.0
1744878868203467.0,-1738.44,-592.715,0.265056,2.30934,2.40546,0.0961232,60.0
1744878868224178.0,-1740.56,-591.349,0.265509,2.45763,2.45894,0.00130963,60.0
1744878868244714.0,-1740.56,-591.349,0.265509,2.45763,2.54334,0.0857044,60.0
1744878868265523.0,-1743.1,-589.301,0.266015,2.45894,2.35676,-0.102181,60.0
1744878868286340.0,-1743.1,-589.301,0.266015,2.45894,2.40642,-0.0525208,60.0
1744878868306828.0,-1745.21,-587.252,0.266407,2.35676,2.37314,0.0163794,60.0
1744878868327898.0,-1745.21,-587.252,0.266407,2.35676,2.43808,0.08132,60.0
1744878868348398.0,-1745.21,-587.252,0.266407,2.35676,2.44343,0.0866707,60.0
1744878868369290.0,-1747.76,-585.204,0.266917,2.43808,2.5665,0.128412,60.0
1744878868389904.0,-1747.76,-585.204,0.266917,2.43808,2.40372,-0.0343673,60.0
1744878868410634.0,-1749.87,-583.155,0.267312,2.5665,2.53488,-0.0316156,60.0
1744878868431467.0,-1749.87,-583.155,0.267312,2.5665,2.61962,0.0531217,60.0
1744878868452141.0,-1749.87,-583.155,0.267312,2.5665,2.51011,-0.0563888,60.0
1744878868472818.0,-1751.99,-581.107,0.267708,2.61962,2.46983,-0.149785,60.0
1744878868493772.0,-1751.99,-581.107,0.267708,2.61962,2.51743,-0.102184,60.0
1744878868514655.0,-1754.53,-579.741,0.268285,2.46983,2.4136,-0.0562312,60.0
1744878868535523.0,-1754.53,-579.741,0.268285,2.46983,2.46777,-0.0020597,60.0
1744878868556163.0,-1754.53,-579.741,0.268285,2.46983,2.45158,-0.0182516,60.0
1744878868576846.0,-1756.65,-577.693,0.268683,2.46777,2.61775,0.149982,60.0
1744878868597716.0,-1756.65,-577.693,0.268683,2.46777,2.40133,-0.0664435,60.0
1744878868618441.0,-1759.19,-575.645,0.269201,2.61775,2.47979,-0.137965,60.0
1744878868639214.0,-1759.19,-575.645,0.269201,2.61775,2.48242,-0.135332,60.0
1744878868660358.0,-1759.19,-575.645,0.269201,2.61775,2.52387,-0.0938811,60.0
1744878868681023.0,-1761.31,-573.596,0.269603,2.48242,2.59007,0.107652,60.0
1744878868701666.0,-1761.31,-573.596,0.269603,2.48242,2.46335,-0.0190677,60.0
1744878868722379.0,-1763.85,-571.548,0.270123,2.59007,2.56491,-0.0251603,60.0
1744878868743342.0,-1763.85,-571.548,0.270123,2.59007,2.62629,0.036217,60.0
1744878868763875.0,-1765.97,-570.182,0.270589,2.56491,2.41213,-0.152782,60.0
1744878868784627.0,-1765.97,-570.182,0.270589,2.56491,2.41417,-0.150745,60.0
1744878868805667.0,-1765.97,-570.182,0.270589,2.56491,2.51638,-0.0485364,60.0
1744878868826316.0,-1768.51,-568.134,0.271112,2.41417,2.41746,0.00328703,60.0
1744878868847218.0,-1768.51,-568.134,0.271112,2.41417,2.38099,-0.0331827,60.0
1744878868868120.0,-1770.63,-566.085,0.271519,2.41746,2.39023,-0.027226,60.0
1744878868888711.0,-1770.63,-566.085,0.271519,2.41746,2.48602,0.0685652,60.0
1744878868909273.0,-1770.63,-566.085,0.271519,2.41746,2.27232,-0.145134,60.0
1744878868930231.0,-1773.17,-564.037,0.272046,2.48602,2.38097,-0.105054,60.0
1744878868950918.0,-1773.17,-564.037,0.272046,2.48602,2.36449,-0.121531,60.0
1744878868971439.0,-1775.28,-562.671,0.272516,2.38097,2.53711,0.15614,60.0
1744878868992373.0,-1775.28,-562.671,0.272516,2.38097,2.41723,0.0362658,60.0
1744878869012976.0,-1775.28,-562.671,0.272516,2.38097,2.44642,0.0654542,60.0
1744878869033798.0,-1777.83,-560.623,0.273046,2.41723,2.403,-0.0142285,60.0
1744878869054694.0,-1777.83,-560.623,0.273046,2.41723,2.55373,0.136498,60.0
1744878869075201.0,-1779.94,-558.574,0.273459,2.403,2.40545,0.00245035,60.0
1744878869095813.0,-1779.94,-558.574,0.273459,2.403,2.56562,0.162619,60.0
1744878869116598.0,-1779.94,-558.574,0.273459,2.403,2.39044,-0.0125654,60.0
1744878869137409.0,-1782.48,-556.526,0.273992,2.56562,2.49529,-0.070337,60.0
1744878869158206.0,-1782.48,-556.526,0.273992,2.56562,2.41941,-0.146216,60.0
1744878869179053.0,-1785.02,-555.161,0.274585,2.49529,2.45866,-0.0366218,60.0
1744878869199736.0,-1785.02,-555.161,0.274585,2.49529,2.46538,-0.0299055,60.0
1744878869220303.0,-1787.14,-553.112,0.275002,2.45866,2.55928,0.100616,60.0
1744878869240754.0,-1787.14,-553.112,0.275002,2.45866,2.5462,0.0875399,60.0
1744878869261323.0,-1787.14,-553.112,0.275002,2.45866,2.53335,0.0746811,60.0
1744878869281893.0,-1789.68,-551.064,0.27554,2.5462,2.41811,-0.12809,60.0
1744878869302440.0,-1789.68,-551.064,0.27554,2.5462,2.40674,-0.139462,60.0
1744878869323560.0,-1791.8,-549.015,0.27596,2.41811,2.48187,0.0637531,60.0
1744878869344303.0,-1791.8,-549.015,0.27596,2.41811,2.52229,0.104174,60.0
1744878869364908.0,-1791.8,-549.015,0.27596,2.41811,2.35905,-0.0590648,60.0
1744878869385395.0,-1794.34,-547.65,0.276559,2.52229,2.4137,-0.10859,60.0
1744878869406119.0,-1794.34,-547.65,0.276559,2.52229,2.44299,-0.0792956,60.0
1744878869426861.0,-1796.46,-545.601,0.276981,2.4137,2.54271,0.129007,60.0
1744878869447547.0,-1796.46,-545.601,0.276981,2.4137,2.54834,0.134642,60.0
1744878869468353.0,-1796.46,-545.601,0.276981,2.4137,2.462,0.0482987,60.0
1744878869489262.0,-1799.0,-543.553,0.277525,2.54834,2.61959,0.0712501,60.0
1744878869509903.0,-1799.0,-543.553,0.277525,2.54834,2.48164,-0.0666993,60.0
1744878869530409.0,-1801.12,-541.504,0.27795,2.61959,2.54916,-0.0704317,60.0
1744878869551181.0,-1801.12,-541.504,0.27795,2.61959,2.49435,-0.125241,60.0
1744878869572053.0,-1801.12,-541.504,0.27795,2.61959,2.49623,-0.12336,60.0
1744878869592801.0,-1803.66,-540.139,0.278554,2.49435,2.47553,-0.0188161,60.0
1744878869613595.0,-1803.66,-540.139,0.278554,2.49435,2.65283,0.158485,60.0
1744878869634098.0,-1805.78,-538.09,0.278982,2.47553,2.36916,-0.106376,60.0
1744878869654788.0,-1805.78,-538.09,0.278982,2.47553,2.41797,-0.0575642,60.0
1744878869675452.0,-1808.32,-536.042,0.279532,2.36916,2.48519,0.116028,60.0
1744878869696291.0,-1808.32,-536.042,0.279532,2.36916,2.46458,0.0954259,60.0
1744878869717021.0,-1808.32,-536.042,0.279532,2.36916,2.48336,0.114206,60.0
1744878869738075.0,-1810.86,-534.676,0.280141,2.46458,2.30907,-0.155512,60.0
1744878869758329.0,-1810.86,-534.676,0.280141,2.46458,2.47624,0.0116521,60.0
1744878869778997.0,-1812.98,-532.628,0.280573,2.30907,2.31832,0.00924957,60.0
1744878869799620.0,-1812.98,-532.628,0.280573,2.30907,2.44072,0.131646,60.0
1744878869820237.0,-1812.98,-532.628,0.280573,2.30907,2.27871,-0.0303659,60.0
1744878869841342.0,-1815.52,-530.579,0.281127,2.44072,2.29369,-0.147031,60.0
1744878869862039.0,-1815.52,-530.579,0.281127,2.44072,2.44856,0.00784048,60.0
1744878869882686.0,-1817.64,-528.531,0.281562,2.29369,2.33245,0.038761,60.0
1744878869903132.0,-1817.64,-528.531,0.281562,2.29369,2.20278,-0.090906,60.0
1744878869923768.0,-1817.64,-528.531,0.281562,2.29369,2.38196,0.0882753,60.0
1744878869944479.0,-1820.18,-527.165,0.282176,2.20278,2.29431,0.09153,60.0
1744878869965244.0,-1820.18,-527.165,0.282176,2.20278,2.32292,0.120138,60.0
1744878869985871.0,-1822.29,-525.117,0.282613,2.29431,2.4252,0.130885,60.0
1744878870006539.0,-1822.29,-525.117,0.282613,2.29431,2.38805,0.0937369,60.0
1744878870027308.0,-1822.29,-525.117,0.282613,2.29431,2.21793,-0.0763821,60.0
1744878870057954.0,-1824.41,-523.068,0.283052,2.38805,2.51556,0.127512,60.0
1744878870078729.0,-1826.95,-521.02,0.283614,2.21793,2.29915,0.081224,60.0
1744878870099546.0,-1826.95,-521.02,0.283614,2.21793,2.36368,0.145751,60.0
1744878870120124.0,-1826.95,-521.02,0.283614,2.21793,2.28478,0.0668464,60.0
1744878870140895.0,-1829.07,-518.971,0.284056,2.36368,2.47518,0.111504,60.0
1744878870161609.0,-1829.07,-518.971,0.284056,2.36368,2.4112,0.0475181,60.0
1744878870182465.0,-1831.19,-516.923,0.284499,2.47518,2.40679,-0.0683978,60.0
1744878870202919.0,-1831.19,-516.923,0.284499,2.47518,2.36886,-0.106325,60.0
1744878870223606.0,-1831.19,-516.923,0.284499,2.47518,2.41913,-0.0560553,60.0
1744878870244271.0,-1833.73,-514.875,0.285066,2.36886,2.46814,0.0992797,60.0
1744878870265397.0,-1833.73,-514.875,0.285066,2.36886,2.34942,-0.0194413,60.0
1744878870285902.0,-1835.85,-512.826,0.285512,2.46814,2.39931,-0.0688288,60.0
1744878870306876.0,-1835.85,-512.826,0.285512,2.46814,2.35634,-0.111803,60.0
1744878870327478.0,-1835.85,-512.826,0.285512,2.46814,2.45065,-0.0174929,60.0
1744878870348321.0,-1837.96,-511.46,0.286014,2.35634,2.45746,0.101126,60.0
1744878870369041.0,-1837.96,-511.46,0.286014,2.35634,2.43585,0.0795117,60.0
1744878870389860.0,-1840.51,-509.412,0.286585,2.45746,2.34942,-0.108042,60.0
1744878870410793.0,-1840.51,-509.412,0.286585,2.45746,2.33815,-0.119317,60.0
1744878870431509.0,-1840.51,-509.412,0.286585,2.45746,2.48488,0.0274172,60.0
1744878870452544.0,-1842.62,-507.364,0.287035,2.33815,2.4385,0.100351,60.0
1744878870473250.0,-1842.62,-507.364,0.287035,2.33815,2.41975,0.0815998,60.0
1744878870494277.0,-1844.74,-505.315,0.287487,2.4385,2.40275,-0.0357421,60.0
1744878870514785.0,-1844.74,-505.315,0.287487,2.4385,2.42384,-0.0146537,60.0
1744878870535507.0,-1847.28,-503.267,0.288062,2.40275,2.37765,-0.0251068,60.0
1744878870556468.0,-1847.28,-503.267,0.288062,2.40275,2.52207,0.119312,60.0
1744878870577369.0,-1847.28,-503.267,0.288062,2.40275,2.47027,0.0675177,60.0
1744878870597851.0,-1849.4,-501.218,0.288517,2.52207,2.49816,-0.0239093,60.0
1744878870618694.0,-1849.4,-501.218,0.288517,2.52207,2.61386,0.091797,60.0
1744878870639388.0,-1851.52,-499.17,0.288972,2.49816,2.49525,-0.0029044,60.0
1744878870661519.0,-1851.52,-499.17,0.288972,2.49816,2.56172,0.0635596,60.0
1744878870682349.0,-1851.52,-499.17,0.288972,2.49816,2.51274,0.014582,60.0
1744878870703143.0,-1854.06,-497.121,0.289553,2.56172,2.51065,-0.0510664,60.0
1744878870723923.0,-1854.06,-497.121,0.289553,2.56172,2.4101,-0.151613,60.0
1744878870744582.0,-1856.18,-495.756,0.290064,2.51065,2.36034,-0.150314,60.0
1744878870765452.0,-1856.18,-495.756,0.290064,2.51065,2.57767,0.0670219,60.0
1744878870786179.0,-1856.18,-495.756,0.290064,2.51065,2.61431,0.103659,60.0
1744878870806628.0,-1858.72,-493.707,0.290648,2.57767,2.73314,0.155469,60.0
1744878870827569.0,-1858.72,-493.707,0.290648,2.57767,2.56701,-0.0106614,60.0
1744878870848492.0,-1860.83,-491.659,0.291109,2.73314,2.65456,-0.078582,60.0
1744878870869263.0,-1860.83,-491.659,0.291109,2.73314,2.74271,0.00957237,60.0
1744878870889809.0,-1863.38,-489.61,0.291695,2.65456,2.58811,-0.0664464,60.0
1744878870910470.0,-1863.38,-489.61,0.291695,2.65456,2.69612,0.0415575,60.0
1744878870931077.0,-1863.38,-489.61,0.291695,2.65456,2.50513,-0.149435,60.0
1744878870951825.0,-1865.49,-487.562,0.292159,2.69612,2.69102,-0.00510148,60.0
1744878870972413.0,-1865.49,-487.562,0.292159,2.69612,2.6527,-0.0434224,60.0
1744878870993146.0,-1868.03,-486.196,0.292801,2.69102,2.57747,-0.11355,60.0
1744878871013842.0,-1868.03,-486.196,0.292801,2.69102,2.53239,-0.158624,60.0
1744878871034501.0,-1868.03,-486.196,0.292801,2.69102,2.5589,-0.132118,60.0
1744878871055341.0,-1870.15,-484.148,0.293268,2.53239,2.58032,0.0479244,60.0
1744878871076199.0,-1870.15,-484.148,0.293268,2.53239,2.4365,-0.0958914,60.0
1744878871096824.0,-1872.69,-482.099,0.29386,2.58032,2.51325,-0.0670698,60.0
1744878871117494.0,-1872.69,-482.099,0.29386,2.58032,2.4565,-0.123819,60.0
1744878871138040.0,-1872.69,-482.099,0.29386,2.58032,2.56794,-0.0123742,60.0
1744878871158674.0,-1875.23,-480.734,0.294506,2.4565,2.58083,0.124328,60.0
1744878871179265.0,-1875.23,-480.734,0.294506,2.4565,2.43834,-0.0181557,60.0
1744878871199861.0,-1877.35,-478.685,0.294977,2.58083,2.59094,0.0101172,60.0
1744878871220463.0,-1877.35,-478.685,0.294977,2.58083,2.45166,-0.129168,60.0
1744878871241113.0,-1877.35,-478.685,0.294977,2.58083,2.63994,0.0591117,60.0
1744878871261720.0,-1879.89,-476.637,0.295574,2.45166,2.36132,-0.0903429,60.0
1744878871282448.0,-1879.89,-476.637,0.295574,2.45166,2.38286,-0.0688002,60.0
1744878871303171.0,-1882.01,-475.271,0.296099,2.36131,2.37773,0.0164122,60.0
1744878871324377.0,-1882.01,-475.271,0.296099,2.36131,2.51963,0.158311,60.0
1744878871344975.0,-1884.55,-473.223,0.296699,2.51963,2.39047,-0.129159,60.0
1744878871365695.0,-1884.55,-473.223,0.296699,2.51963,2.44845,-0.07118,60.0
1744878871386326.0,-1884.55,-473.223,0.296699,2.51963,2.54821,0.0285892,60.0
1744878871407053.0,-1887.09,-471.174,0.297301,2.44845,2.4474,-0.00104319,60.0
1744878871427598.0,-1887.09,-471.174,0.297301,2.44845,2.29229,-0.156158,60.0
1744878871448244.0,-1889.21,-469.808,0.297829,2.4474,2.57421,0.126804,60.0
1744878871468853.0,-1889.21,-469.808,0.297829,2.4474,2.45336,0.00596085,60.0
1744878871489456.0,-1889.21,-469.808,0.297829,2.4474,2.37968,-0.0677215,60.0
1744878871510062.0,-1891.75,-467.76,0.298434,2.45336,2.4946,0.0412394,60.0
1744878871530845.0,-1891.75,-467.76,0.298434,2.45336,2.41678,-0.0365864,60.0
1744878871551833.0,-1893.87,-465.711,0.298914,2.4946,2.33283,-0.161769,60.0
1744878871572492.0,-1893.87,-465.711,0.298914,2.4946,2.48422,-0.0103824,60.0
1744878871593412.0,-1893.87,-465.711,0.298914,2.4946,2.40338,-0.0912205,60.0
1744878871613879.0,-1896.41,-463.663,0.299522,2.48422,2.38696,-0.0972613,60.0
1744878871634466.0,-1896.41,-463.663,0.299522,2.48422,2.47822,-0.00599954,60.0
1744878871655126.0,-1898.95,-462.297,0.300182,2.38696,2.41872,0.0317629,60.0
1744878871676015.0,-1898.95,-462.297,0.300182,2.38696,2.40882,0.0218571,60.0
1744878871696782.0,-1898.95,-462.297,0.300182,2.38696,2.38247,-0.00448456,60.0
1744878871717392.0,-1901.07,-460.249,0.300666,2.40882,2.40376,-0.00505147,60.0
1744878871737997.0,-1901.07,-460.249,0.300666,2.40882,2.44619,0.0373778,60.0
1744878871758528.0,-1903.61,-458.2,0.301279,2.40376,2.45826,0.0544978,60.0
1744878871779321.0,-1903.61,-458.2,0.301279,2.40376,2.46544,0.0616786,60.0
1744878871800287.0,-1903.61,-458.2,0.301279,2.40376,2.25387,-0.149897,60.0
1744878871821279.0,-1905.73,-456.835,0.301815,2.46544,2.52,0.0545595,60.0
1744878871842157.0,-1905.73,-456.835,0.301815,2.46544,2.49923,0.0337887,60.0
1744878871862766.0,-1908.27,-454.786,0.302431,2.52,2.45366,-0.0663434,60.0
1744878871883420.0,-1908.27,-454.786,0.302431,2.52,2.37502,-0.144986,60.0
1744878871904011.0,-1910.39,-452.738,0.302921,2.45366,2.60169,0.14803,60.0
1744878871924669.0,-1910.39,-452.738,0.302921,2.45366,2.4783,0.024636,60.0
1744878871945294.0,-1910.39,-452.738,0.302921,2.45366,2.31785,-0.135813,60.0
1744878871965980.0,-1912.93,-450.689,0.30354,2.4783,2.47639,-0.00190811,60.0
1744878871986826.0,-1912.93,-450.689,0.30354,2.4783,2.36238,-0.115911,60.0
1744878872008822.0,-1915.04,-449.324,0.304081,2.47639,2.4853,0.00891418,60.0
1744878872031723.0,-1915.04,-449.324,0.304081,2.47639,2.48732,0.0109371,60.0
1744878872052569.0,-1915.04,-449.324,0.304081,2.47639,2.3328,-0.143592,60.0
1744878872073785.0,-1917.59,-447.275,0.304703,2.48732,2.63577,0.148445,60.0
1744878872095682.0,-1917.59,-447.275,0.304703,2.48732,2.42383,-0.0634969,60.0
1744878872116385.0,-1920.13,-445.227,0.305326,2.63577,2.52713,-0.108638,60.0
1744878872138529.0,-1920.13,-445.227,0.305326,2.63577,2.52002,-0.115746,60.0
1744878872159934.0,-1922.24,-443.178,0.305823,2.52713,2.40526,-0.121868,60.0
1744878872180748.0,-1922.24,-443.178,0.305823,2.52713,2.57865,0.0515193,60.0
1744878872201547.0,-1922.24,-443.178,0.305823,2.52713,2.44337,-0.0837607,60.0
1744878872222427.0,-1924.79,-441.813,0.306497,2.57865,2.57422,-0.00442727,60.0
1744878872243320.0,-1924.79,-441.813,0.306497,2.57865,2.62557,0.0469195,60.0
1744878872264047.0,-1926.9,-439.764,0.306997,2.57422,2.48382,-0.0904085,60.0
1744878872284837.0,-1926.9,-439.764,0.306997,2.57422,2.49119,-0.0830328,60.0
1744878872307059.0,-1926.9,-439.764,0.306997,2.57422,2.66463,0.0904042,60.0
1744878872328042.0,-1929.44,-437.716,0.307626,2.49119,2.41555,-0.0756423,60.0
1744878872349200.0,-1929.44,-437.716,0.307626,2.49119,2.57247,0.0812747,60.0
1744878872370026.0,-1931.99,-436.35,0.308304,2.41555,2.42251,0.00695796,60.0
1744878872390454.0,-1931.99,-436.35,0.308304,2.41555,2.26365,-0.151897,60.0
1744878872413084.0,-1934.1,-434.301,0.308808,2.42251,2.40037,-0.0221319,60.0
1744878872433790.0,-1934.1,-434.301,0.308808,2.42251,2.42006,-0.0024501,60.0
1744878872454742.0,-1934.1,-434.301,0.308808,2.42251,2.51225,0.0897393,60.0
1744878872476091.0,-1936.64,-432.253,0.309442,2.42006,2.45281,0.0327489,60.0
1744878872496553.0,-1936.64,-432.253,0.309442,2.42006,2.5067,0.0866461,60.0
1744878872519454.0,-1938.76,-430.887,0.309995,2.45281,2.46832,0.0155098,60.0
1744878872540495.0,-1938.76,-430.887,0.309995,2.45281,2.55735,0.104541,60.0
1744878872560931.0,-1938.76,-430.887,0.309995,2.45281,2.5235,0.070699,60.0
1744878872583337.0,-1941.3,-428.839,0.310632,2.55735,2.68404,0.126697,60.0
1744878872602757.0,-1941.3,-428.839,0.310632,2.55735,2.39941,-0.157935,60.0
1744878872623863.0,-1943.84,-426.79,0.311271,2.68404,2.63112,-0.0529239,60.0
1744878872644824.0,-1943.84,-426.79,0.311271,2.68404,2.52266,-0.161382,60.0
1744878872665709.0,-1945.96,-425.425,0.311828,2.63112,2.47385,-0.157265,60.0
1744878872686420.0,-1945.96,-425.425,0.311828,2.63112,2.55023,-0.0808881,60.0
1744878872707206.0,-1945.96,-425.425,0.311828,2.63112,2.61757,-0.0135447,60.0
1744878872728340.0,-1948.5,-423.376,0.31247,2.55023,2.49385,-0.05638,60.0
1744878872749283.0,-1948.5,-423.376,0.31247,2.55023,2.44019,-0.110043,60.0
1744878872769873.0,-1951.04,-421.328,0.313113,2.49385,2.49066,-0.00318821,60.0
1744878872790872.0,-1951.04,-421.328,0.313113,2.49385,2.44982,-0.0440338,60.0
1744878872811552.0,-1951.04,-421.328,0.313113,2.49385,2.61908,0.125233,60.0
1744878872833141.0,-1953.16,-419.962,0.313673,2.44982,2.35747,-0.0923518,60.0
1744878872853950.0,-1953.16,-419.962,0.313673,2.44982,2.33357,-0.116249,60.0
1744878872875451.0,-1955.7,-417.914,0.314319,2.35747,2.47441,0.116949,60.0
1744878872896631.0,-1955.7,-417.914,0.314319,2.35747,2.1936,-0.16387,60.0
1744878872917625.0,-1958.24,-416.548,0.315012,2.47441,2.44281,-0.0316044,60.0
1744878872938473.0,-1958.24,-416.548,0.315012,2.47441,2.52551,0.0510993,60.0
1744878872959054.0,-1958.24,-416.548,0.315012,2.47441,2.33205,-0.142365,60.0
1744878872980876.0,-1960.36,-414.499,0.315531,2.52551,2.47435,-0.0511654,60.0
1744878873001753.0,-1960.36,-414.499,0.315531,2.52551,2.42035,-0.105167,60.0
1744878873022538.0,-1962.9,-412.451,0.316182,2.47435,2.51855,0.0442061,60.0
1744878873043170.0,-1962.9,-412.451,0.316182,2.47435,2.53137,0.0570202,60.0
1744878873063872.0,-1962.9,-412.451,0.316182,2.47435,2.38284,-0.0915064,60.0
1744878873084810.0,-1965.44,-411.085,0.316879,2.53137,2.53565,0.00428406,60.0
1744878873108974.0,-1965.44,-411.085,0.316879,2.53137,2.39911,-0.132259,60.0
1744878873129520.0,-1967.56,-409.037,0.317402,2.53565,2.50919,-0.0264593,60.0
1744878873150158.0,-1967.56,-409.037,0.317402,2.53565,2.44647,-0.0891817,60.0
1744878873170917.0,-1967.56,-409.037,0.317402,2.53565,2.50167,-0.0339851,60.0
1744878873192135.0,-1970.1,-406.988,0.318058,2.44647,2.34148,-0.104994,60.0
1744878873212551.0,-1970.1,-406.988,0.318058,2.44647,2.40639,-0.0400784,60.0
1744878873233232.0,-1972.22,-405.623,0.318627,2.34148,2.49724,0.155759,60.0
1744878873253903.0,-1972.22,-405.623,0.318627,2.34148,2.45417,0.112689,60.0
1744878873274618.0,-1974.76,-403.574,0.319286,2.49724,2.57366,0.0764289,60.0
1744878873295252.0,-1974.76,-403.574,0.319286,2.49724,2.51435,0.0171126,60.0
1744878873316235.0,-1974.76,-403.574,0.319286,2.49724,2.57801,0.0807747,60.0
1744878873336834.0,-1977.3,-401.526,0.319946,2.51435,2.4499,-0.0644485,60.0
1744878873357534.0,-1977.3,-401.526,0.319946,2.51435,2.53191,0.0175616,60.0
1744878873378389.0,-1979.42,-400.16,0.320519,2.4499,2.33606,-0.113844,60.0
1744878873399075.0,-1979.42,-400.16,0.320519,2.4499,2.44593,-0.00396489,60.0
1744878873419784.0,-1979.42,-400.16,0.320519,2.4499,2.39,-0.0599043,60.0
1744878873440529.0,-1981.96,-398.111,0.321182,2.44593,2.425,-0.0209374,60.0
1744878873461219.0,-1981.96,-398.111,0.321182,2.44593,2.49081,0.0448742,60.0
1744878873481902.0,-1984.5,-396.063,0.321847,2.425,2.45075,0.0257507,60.0
1744878873502622.0,-1984.5,-396.063,0.321847,2.425,2.52944,0.104445,60.0
1744878873523654.0,-1984.5,-396.063,0.321847,2.425,2.53836,0.113365,60.0
1744878873544325.0,-1986.62,-394.014,0.322381,2.52944,2.54178,0.0123339,60.0
1744878873564987.0,-1986.62,-394.014,0.322381,2.52944,2.61988,0.0904343,60.0
1744878873585487.0,-1989.16,-392.649,0.323091,2.54178,2.53431,-0.0074696,60.0
1744878873606241.0,-1989.16,-392.649,0.323091,2.54178,2.60324,0.0614658,60.0
1744878873627019.0,-1989.16,-392.649,0.323091,2.54178,2.43234,-0.109438,60.0
1744878873647938.0,-1991.28,-390.6,0.323628,2.60324,2.54399,-0.0592559,60.0
1744878873668600.0,-1991.28,-390.6,0.323628,2.60324,2.48264,-0.120602,60.0
1744878873689288.0,-1993.82,-388.552,0.324299,2.54399,2.54515,0.00116061,60.0
1744878873709977.0,-1993.82,-388.552,0.324299,2.54399,2.54361,-0.000380765,60.0
1744878873730601.0,-1996.36,-387.186,0.325014,2.54515,2.52121,-0.0239374,60.0
1744878873751415.0,-1996.36,-387.186,0.325014,2.54515,2.52124,-0.0239077,60.0
1744878873772034.0,-1996.36,-387.186,0.325014,2.54515,2.57204,0.02689,60.0
1744878873792850.0,-1998.48,-385.137,0.325555,2.52124,2.39974,-0.121501,60.0
1744878873813403.0,-1998.48,-385.137,0.325555,2.52124,2.4987,-0.0225382,60.0
1744878873834123.0,-2001.02,-383.772,0.326271,2.39974,2.45664,0.0568979,60.0
1744878873854773.0,-2001.02,-383.772,0.326271,2.39974,2.47003,0.0702894,60.0
1744878873875542.0,-2001.02,-383.772,0.326271,2.39974,2.36486,-0.0348802,60.0
1744878873896201.0,-2003.56,-381.723,0.326949,2.47003,2.53361,0.0635834,60.0
1744878873916636.0,-2003.56,-381.723,0.326949,2.47003,2.60498,0.134949,60.0
1744878873937304.0,-2005.68,-379.675,0.327494,2.53361,2.59751,0.0639039,60.0
1744878873958164.0,-2005.68,-379.675,0.327494,2.53361,2.4788,-0.0548136,60.0
1744878873978675.0,-2005.68,-379.675,0.327494,2.53361,2.51935,-0.014258,60.0
1744878873999402.0,-2008.22,-378.309,0.328215,2.4788,2.45024,-0.028558,60.0
1744878874020020.0,-2008.22,-378.309,0.328215,2.4788,2.45163,-0.0271719,60.0
1744878874040678.0,-2010.76,-376.261,0.328896,2.45024,2.35059,-0.0996515,60.0
1744878874061402.0,-2010.76,-376.261,0.328896,2.45024,2.44581,-0.00442976,60.0
1744878874082109.0,-2010.76,-376.261,0.328896,2.45024,2.40986,-0.0403821,60.0
1744878874102686.0,-2012.88,-374.212,0.329446,2.44581,2.50522,0.0594141,60.0
1744878874123592.0,-2012.88,-374.212,0.329446,2.44581,2.54734,0.101526,60.0
1744878874144015.0,-2015.42,-372.846,0.330171,2.50522,2.50487,-0.000351504,60.0
1744878874164717.0,-2015.42,-372.846,0.330171,2.50522,2.47046,-0.0347617,60.0
1744878874185389.0,-2017.53,-370.798,0.330723,2.50487,2.50839,0.00351609,60.0
1744878874206029.0,-2017.53,-370.798,0.330723,2.50487,2.54015,0.035279,60.0
1744878874226759.0,-2017.53,-370.798,0.330723,2.50487,2.40141,-0.103462,60.0
1744878874247444.0,-2020.08,-368.749,0.331411,2.54015,2.53501,-0.0051398,60.0
1744878874268097.0,-2020.08,-368.749,0.331411,2.54015,2.39094,-0.149207,60.0
1744878874288792.0,-2022.62,-367.384,0.332139,2.53501,2.49575,-0.0392628,60.0
1744878874309494.0,-2022.62,-367.384,0.332139,2.53501,2.53377,-0.00124412,60.0
1744878874330682.0,-2022.62,-367.384,0.332139,2.53501,2.54839,0.0133804,60.0
1744878874351200.0,-2024.73,-365.335,0.332696,2.53377,2.42465,-0.109117,60.0
1744878874371961.0,-2024.73,-365.335,0.332696,2.53377,2.40968,-0.124087,60.0
1744878874393224.0,-2027.28,-363.286,0.333388,2.42465,2.30253,-0.12212,60.0
1744878874413768.0,-2027.28,-363.286,0.333388,2.42465,2.53782,0.113168,60.0
1744878874434595.0,-2027.28,-363.286,0.333388,2.42465,2.35339,-0.0712573,60.0
1744878874455557.0,-2029.82,-361.921,0.334121,2.53782,2.38824,-0.14958,60.0
1744878874476277.0,-2029.82,-361.921,0.334121,2.53782,2.45909,-0.0787286,60.0
1744878874496817.0,-2031.93,-359.872,0.334681,2.38824,2.35403,-0.0342095,60.0
1744878874517723.0,-2031.93,-359.872,0.334681,2.38824,2.37633,-0.011909,60.0
1744878874538215.0,-2031.93,-359.872,0.334681,2.38824,2.51943,0.131193,60.0
1744878874558878.0,-2034.48,-357.824,0.335378,2.37633,2.49871,0.122384,60.0
1744878874579755.0,-2034.48,-357.824,0.335378,2.37633,2.49168,0.115351,60.0
1744878874600616.0,-2037.02,-356.458,0.336115,2.49871,2.4316,-0.0671128,60.0
1744878874621281.0,-2037.02,-356.458,0.336115,2.49871,2.37365,-0.125067,60.0
1744878874642066.0,-2039.13,-354.41,0.33668,2.4316,2.49836,0.0667612,60.0
1744878874662758.0,-2039.13,-354.41,0.33668,2.4316,2.53658,0.104977,60.0
1744878874683266.0,-2039.13,-354.41,0.33668,2.4316,2.34003,-0.0915707,60.0
1744878874704282.0,-2041.68,-352.361,0.337382,2.53658,2.51368,-0.0228945,60.0
1744878874725099.0,-2041.68,-352.361,0.337382,2.53658,2.59016,0.0535838,60.0
1744878874746018.0,-2043.79,-350.995,0.337987,2.51368,2.61768,0.103993,60.0
1744878874766728.0,-2043.79,-350.995,0.337987,2.51368,2.36059,-0.153091,60.0
1744878874787746.0,-2043.79,-350.995,0.337987,2.51368,2.51682,0.00313701,60.0
1744878874808256.0,-2046.33,-348.947,0.338691,2.36059,2.43414,0.0735486,60.0
1744878874829451.0,-2046.33,-348.947,0.338691,2.36059,2.47162,0.111029,60.0
1744878874850180.0,-2048.87,-346.898,0.339398,2.43414,2.55555,0.121412,60.0
1744878874871100.0,-2048.87,-346.898,0.339398,2.43414,2.59789,0.163746,60.0
1744878874891793.0,-2048.87,-346.898,0.339398,2.43414,2.43233,-0.00180527,60.0
1744878874912584.0,-2050.99,-345.533,0.340006,2.59789,2.59157,-0.00632059,60.0
1744878874933056.0,-2050.99,-345.533,0.340006,2.59789,2.54492,-0.0529667,60.0
1744878874953734.0,-2053.53,-343.484,0.340716,2.59157,2.50133,-0.0902394,60.0
1744878874974525.0,-2053.53,-343.484,0.340716,2.59157,2.52221,-0.0693567,60.0
1744878874995241.0,-2055.65,-341.435,0.34129,2.50133,2.47095,-0.0303728,60.0
1744878875015634.0,-2055.65,-341.435,0.34129,2.50133,2.39998,-0.101345,60.0
1744878875036329.0,-2055.65,-341.435,0.34129,2.50133,2.35634,-0.144985,60.0
1744878875057404.0,-2058.19,-340.07,0.342039,2.39998,2.42111,0.0211326,60.0
1744878875078292.0,-2058.19,-340.07,0.342039,2.39998,2.54864,0.148662,60.0
1744878875098934.0,-2060.73,-338.021,0.342753,2.42111,2.45834,0.0372204,60.0
1744878875119811.0,-2060.73,-338.021,0.342753,2.42111,2.41749,-0.0036249,60.0
1744878875141072.0,-2060.73,-338.021,0.342753,2.42111,2.38142,-0.039692,60.0
1744878875161490.0,-2062.85,-335.973,0.343331,2.41749,2.49607,0.0785789,60.0
1744878875182131.0,-2062.85,-335.973,0.343331,2.41749,2.4107,-0.00678667,60.0
1744878875202820.0,-2065.39,-333.924,0.344048,2.49607,2.51131,0.0152399,60.0
1744878875223653.0,-2065.39,-333.924,0.344048,2.49607,2.59359,0.0975248,60.0
1744878875244585.0,-2065.39,-333.924,0.344048,2.49607,2.4432,-0.0528667,60.0
1744878875265462.0,-2067.51,-332.558,0.344665,2.59359,2.55086,-0.0427316,60.0
1744878875285851.0,-2067.51,-332.558,0.344665,2.59359,2.48673,-0.106862,60.0
1744878875306771.0,-2070.05,-330.51,0.345385,2.55086,2.43872,-0.112141,60.0
1744878875328150.0,-2070.05,-330.51,0.345385,2.55086,2.47791,-0.072952,60.0
1744878875348768.0,-2070.05,-330.51,0.345385,2.55086,2.48377,-0.0670917,60.0
1744878875369574.0,-2072.59,-328.461,0.346107,2.47791,2.55238,0.07447,60.0
1744878875390379.0,-2072.59,-328.461,0.346107,2.47791,2.49917,0.0212622,60.0
1744878875410986.0,-2074.71,-327.096,0.346727,2.55238,2.5625,0.0101215,60.0
1744878875431822.0,-2074.71,-327.096,0.346727,2.55238,2.55966,0.00727705,60.0
1744878875452359.0,-2077.25,-325.047,0.347452,2.5625,2.46123,-0.10127,60.0
1744878875473051.0,-2077.25,-325.047,0.347452,2.5625,2.42926,-0.133241,60.0
1744878875493703.0,-2077.25,-325.047,0.347452,2.5625,2.41173,-0.150772,60.0
1744878875514477.0,-2079.79,-322.998,0.348178,2.42926,2.50828,0.07902,60.0
1744878875535158.0,-2079.79,-322.998,0.348178,2.42926,2.37022,-0.059036,60.0
1744878875555981.0,-2081.91,-321.633,0.348802,2.50828,2.53968,0.0314039,60.0
1744878875576455.0,-2081.91,-321.633,0.348802,2.50828,2.49335,-0.0149334,60.0
1744878875597406.0,-2081.91,-321.633,0.348802,2.50828,2.48539,-0.0228866,60.0
1744878875617711.0,-2084.45,-319.584,0.349531,2.49335,2.41086,-0.0824878,60.0
1744878875638582.0,-2084.45,-319.584,0.349531,2.49335,2.36441,-0.128941,60.0
1744878875658788.0,-2086.99,-317.536,0.350262,2.41086,2.48067,0.0698104,60.0
1744878875679534.0,-2086.99,-317.536,0.350262,2.41086,2.47206,0.0611994,60.0
1744878875700368.0,-2086.99,-317.536,0.350262,2.41086,2.33935,-0.0715086,60.0
1744878875721196.0,-2089.11,-316.17,0.35089,2.47206,2.49396,0.021901,60.0
1744878875742125.0,-2089.11,-316.17,0.35089,2.47206,2.59533,0.123267,60.0
1744878875762890.0,-2091.65,-314.121,0.351624,2.49396,2.50332,0.00935983,60.0
1744878875783616.0,-2091.65,-314.121,0.351624,2.49396,2.44384,-0.0501194,60.0
1744878875804608.0,-2093.77,-312.073,0.35222,2.50332,2.39977,-0.103551,60.0
1744878875825191.0,-2093.77,-312.073,0.35222,2.50332,2.63673,0.133415,60.0
1744878875846216.0,-2093.77,-312.073,0.35222,2.50332,2.48652,-0.0167998,60.0
1744878875866751.0,-2096.31,-310.707,0.35299,2.63673,2.4967,-0.140039,60.0
1744878875887498.0,-2096.31,-310.707,0.35299,2.63673,2.53655,-0.10018,60.0
1744878875908360.0,-2098.85,-308.659,0.353729,2.4967,2.59839,0.1017,60.0
1744878875928994.0,-2098.85,-308.659,0.353729,2.4967,2.48538,-0.0113143,60.0
1744878875949630.0,-2098.85,-308.659,0.353729,2.4967,2.39172,-0.104978,60.0
1744878875970338.0,-2100.97,-307.293,0.354362,2.48538,2.53332,0.0479405,60.0
1744878875991060.0,-2100.97,-307.293,0.354362,2.48538,2.48094,-0.00443914,60.0
1744878876011765.0,-2103.51,-305.244,0.355104,2.53332,2.47226,-0.061063,60.0
1744878876032532.0,-2103.51,-305.244,0.355104,2.53332,2.6282,0.0948736,60.0
1744878876053407.0,-2103.51,-305.244,0.355104,2.53332,2.53409,0.000767373,60.0
1744878876074084.0,-2106.05,-303.196,0.355847,2.6282,2.73167,0.103477,60.0
1744878876094967.0,-2106.05,-303.196,0.355847,2.6282,2.65032,0.0221237,60.0
1744878876115801.0,-2108.17,-301.83,0.356484,2.73167,2.71066,-0.0210174,60.0
1744878876136486.0,-2108.17,-301.83,0.356484,2.73167,2.60384,-0.127831,60.0
1744878876157270.0,-2108.17,-301.83,0.356484,2.73167,2.66856,-0.0631138,60.0
1744878876177989.0,-2110.71,-299.781,0.35723,2.60384,2.52659,-0.0772503,60.0
1744878876198557.0,-2110.71,-299.781,0.35723,2.60384,2.46625,-0.137589,60.0
1744878876219425.0,-2113.25,-297.733,0.357978,2.52659,2.47982,-0.0467691,60.0
1744878876239939.0,-2113.25,-297.733,0.357978,2.52659,2.53946,0.0128733,60.0
1744878876260784.0,-2115.79,-296.367,0.358759,2.47982,2.57719,0.0973702,60.0
1744878876281568.0,-2115.79,-296.367,0.358759,2.47982,2.33268,-0.147144,60.0
1744878876302286.0,-2115.79,-296.367,0.358759,2.47982,2.50035,0.0205267,60.0
1744878876323003.0,-2117.91,-294.319,0.359369,2.33268,2.31564,-0.0170363,60.0
1744878876343530.0,-2117.91,-294.319,0.359369,2.33268,2.22615,-0.106531,60.0
1744878876364048.0,-2120.45,-292.953,0.360153,2.31564,2.35651,0.0408705,60.0
1744878876385131.0,-2120.45,-292.953,0.360153,2.31564,2.4673,0.151654,60.0
1744878876405694.0,-2120.45,-292.953,0.360153,2.31564,2.16513,-0.150507,60.0
1744878876426138.0,-2122.99,-290.904,0.360907,2.4673,2.52565,0.0583506,60.0
1744878876447253.0,-2122.99,-290.904,0.360907,2.4673,2.38636,-0.0809359,60.0
1744878876467899.0,-2125.11,-288.856,0.361521,2.52565,2.53447,0.00882261,60.0
1744878876488591.0,-2125.11,-288.856,0.361521,2.52565,2.56729,0.0416414,60.0
1744878876509643.0,-2125.11,-288.856,0.361521,2.52565,2.56811,0.0424669,60.0
1744878876530438.0,-2127.65,-287.49,0.362309,2.56729,2.51235,-0.0549398,60.0
1744878876551260.0,-2127.65,-287.49,0.362309,2.56729,2.54292,-0.0243681,60.0
1744878876571943.0,-2130.19,-285.441,0.363068,2.51235,2.47327,-0.0390799,60.0
1744878876592474.0,-2130.19,-285.441,0.363068,2.51235,2.47021,-0.0421383,60.0
1744878876613481.0,-2130.19,-285.441,0.363068,2.51235,2.47264,-0.0397079,60.0
1744878876634076.0,-2132.31,-284.076,0.363716,2.47021,2.48352,0.0133134,60.0
1744878876654889.0,-2132.31,-284.076,0.363716,2.47021,2.32642,-0.143788,60.0
1744878876675506.0,-2134.85,-282.027,0.364478,2.48352,2.40583,-0.0776916,60.0
1744878876696350.0,-2134.85,-282.027,0.364478,2.48352,2.35097,-0.132557,60.0
1744878876717220.0,-2137.39,-279.979,0.365241,2.40583,2.45407,0.0482381,60.0
1744878876737817.0,-2137.39,-279.979,0.365241,2.40583,2.52933,0.123494,60.0
1744878876758606.0,-2137.39,-279.979,0.365241,2.40583,2.45319,0.0473553,60.0
1744878876779588.0,-2139.51,-278.613,0.365893,2.52933,2.50244,-0.026889,60.0
1744878876800290.0,-2139.51,-278.613,0.365893,2.52933,2.44673,-0.0825961,60.0
1744878876820613.0,-2142.05,-276.564,0.366659,2.50244,2.57678,0.0743409,60.0
1744878876841828.0,-2142.05,-276.564,0.366659,2.50244,2.3428,-0.159633,60.0
1744878876862541.0,-2142.05,-276.564,0.366659,2.50244,2.58752,0.0850803,60.0
1744878876883308.0,-2144.59,-274.516,0.367427,2.3428,2.41711,0.0743016,60.0
1744878876904049.0,-2144.59,-274.516,0.367427,2.3428,2.49814,0.15534,60.0
1744878876924801.0,-2146.71,-273.15,0.368083,2.41711,2.44164,0.0245375,60.0
1744878876945705.0,-2146.71,-273.15,0.368083,2.41711,2.3891,-0.0280035,60.0
1744878876966273.0,-2146.71,-273.15,0.368083,2.41711,2.37482,-0.0422906,60.0
1744878876987296.0,-2149.25,-271.101,0.368854,2.3891,2.53922,0.150122,60.0
1744878877008113.0,-2149.25,-271.101,0.368854,2.3891,2.45102,0.0619143,60.0
1744878877028844.0,-2151.79,-269.053,0.369626,2.53922,2.39773,-0.141491,60.0
1744878877049878.0,-2151.79,-269.053,0.369626,2.53922,2.63926,0.100035,60.0
1744878877070603.0,-2153.9,-267.687,0.370286,2.39773,2.4426,0.0448721,60.0
1744878877091373.0,-2153.9,-267.687,0.370286,2.39773,2.52794,0.130202,60.0
1744878877112141.0,-2153.9,-267.687,0.370286,2.39773,2.4559,0.0581683,60.0
1744878877133076.0,-2156.45,-265.638,0.371061,2.52794,2.38081,-0.147126,60.0
1744878877153865.0,-2156.45,-265.638,0.371061,2.52794,2.58542,0.0574861,60.0
1744878877174935.0,-2158.56,-263.59,0.371695,2.38081,2.27745,-0.103362,60.0
1744878877195504.0,-2158.56,-263.59,0.371695,2.38081,2.40047,0.0196602,60.0
1744878877216324.0,-2158.56,-263.59,0.371695,2.38081,2.40549,0.0246851,60.0
1744878877236955.0,-2161.1,-262.224,0.372501,2.40047,2.54265,0.142178,60.0
1744878877257390.0,-2161.1,-262.224,0.372501,2.40047,2.35918,-0.0412928,60.0
1744878877278486.0,-2163.65,-260.176,0.373281,2.54265,2.70378,0.161134,60.0
1744878877299029.0,-2163.65,-260.176,0.373281,2.54265,2.42834,-0.114308,60.0
1744878877319841.0,-2163.65,-260.176,0.373281,2.54265,2.65646,0.113814,60.0
1744878877340758.0,-2165.76,-258.127,0.373919,2.42834,2.45416,0.0258193,60.0
1744878877361390.0,-2165.76,-258.127,0.373919,2.42834,2.405,-0.0233419,60.0
1744878877382194.0,-2168.3,-256.078,0.374702,2.45416,2.48803,0.033872,60.0
1744878877403021.0,-2168.3,-256.078,0.374702,2.45416,2.4767,0.0225453,60.0
1744878877423958.0,-2168.3,-256.078,0.374702,2.45416,2.45551,0.00134883,60.0
1744878877444459.0,-2170.42,-254.713,0.37537,2.4767,2.38883,-0.0878735,60.0
1744878877465181.0,-2170.42,-254.713,0.37537,2.4767,2.53748,0.0607728,60.0
1744878877485792.0,-2172.96,-252.664,0.376156,2.38883,2.41326,0.0244309,60.0
1744878877506154.0,-2172.96,-252.664,0.376156,2.38883,2.52506,0.136234,60.0
1744878877527128.0,-2175.08,-250.615,0.376799,2.41326,2.55389,0.140628,60.0
1744878877547592.0,-2175.08,-250.615,0.376799,2.41326,2.44873,0.0354727,60.0
1744878877568450.0,-2175.08,-250.615,0.376799,2.41326,2.38806,-0.025206,60.0
1744878877589050.0,-2177.62,-248.567,0.377588,2.44873,2.48969,0.0409523,60.0
1744878877609662.0,-2177.62,-248.567,0.377588,2.44873,2.48477,0.0360316,60.0
1744878877630328.0,-2179.74,-247.201,0.378261,2.48969,2.49627,0.00658785,60.0
1744878877650967.0,-2179.74,-247.201,0.378261,2.48969,2.46645,-0.0232407,60.0
1744878877671805.0,-2179.74,-247.201,0.378261,2.48969,2.3798,-0.109887,60.0
1744878877692540.0,-2182.28,-245.152,0.379053,2.46645,2.43107,-0.03538,60.0
1744878877713404.0,-2182.28,-245.152,0.379053,2.46645,2.4135,-0.0529461,60.0
1744878877734360.0,-2184.4,-243.104,0.379701,2.43107,2.49218,0.0611112,60.0
1744878877754857.0,-2184.4,-243.104,0.379701,2.43107,2.55228,0.121217,60.0
1744878877775604.0,-2184.4,-243.104,0.379701,2.43107,2.34616,-0.0849095,60.0
1744878877796143.0,-2186.94,-241.055,0.380497,2.55228,2.43165,-0.120628,60.0
1744878877816921.0,-2186.94,-241.055,0.380497,2.55228,2.42704,-0.125243,60.0
1744878877838187.0,-2189.06,-239.689,0.381174,2.43165,2.47451,0.0428552,60.0
1744878877858913.0,-2189.06,-239.689,0.381174,2.43165,2.52636,0.0947077,60.0
1744878877879544.0,-2189.06,-239.689,0.381174,2.43165,2.36967,-0.0619855,60.0
1744878877900202.0,-2191.6,-237.641,0.381972,2.52636,2.61321,0.0868428,60.0
1744878877921247.0,-2191.6,-237.641,0.381972,2.52636,2.47821,-0.0481512,60.0
1744878877942005.0,-2194.14,-235.592,0.382773,2.61321,2.58009,-0.0331124,60.0
1744878877962598.0,-2194.14,-235.592,0.382773,2.61321,2.50235,-0.110859,60.0
1744878877983381.0,-2196.26,-234.226,0.383453,2.58009,2.49982,-0.0802695,60.0
1744878878003922.0,-2196.26,-234.226,0.383453,2.58009,2.61326,0.0331691,60.0
1744878878024624.0,-2196.26,-234.226,0.383453,2.58009,2.52158,-0.0585167,60.0
1744878878045332.0,-2198.8,-232.178,0.384256,2.61326,2.48501,-0.128248,60.0
1744878878066071.0,-2198.8,-232.178,0.384256,2.61326,2.50799,-0.105276,60.0
1744878878087039.0,-2200.91,-230.129,0.384914,2.48501,2.32962,-0.155392,60.0
1744878878107805.0,-2200.91,-230.129,0.384914,2.48501,2.4183,-0.0667173,60.0
1744878878128234.0,-2200.91,-230.129,0.384914,2.48501,2.55942,0.0744064,60.0
1744878878148787.0,-2203.46,-228.764,0.385745,2.4183,2.28116,-0.137135,60.0
1744878878169528.0,-2203.46,-228.764,0.385745,2.4183,2.54853,0.130237,60.0
1744878878190092.0,-2206.0,-226.715,0.386553,2.28116,2.43181,0.150646,60.0
1744878878210840.0,-2206.0,-226.715,0.386553,2.28116,2.44034,0.159175,60.0
1744878878231628.0,-2206.0,-226.715,0.386553,2.28116,2.40207,0.120904,60.0
1744878878252274.0,-2208.11,-224.666,0.387215,2.44034,2.4126,-0.0277378,60.0
1744878878272968.0,-2208.11,-224.666,0.387215,2.44034,2.56809,0.127754,60.0
1744878878293626.0,-2210.65,-222.618,0.388026,2.4126,2.32807,-0.0845337,60.0
1744878878314382.0,-2210.65,-222.618,0.388026,2.4126,2.53001,0.117408,60.0
1744878878335369.0,-2212.77,-221.252,0.388715,2.53001,2.49657,-0.0334323,60.0
1744878878355937.0,-2212.77,-221.252,0.388715,2.53001,2.48352,-0.0464888,60.0
1744878878376542.0,-2212.77,-221.252,0.388715,2.53001,2.43965,-0.09036,60.0
1744878878397165.0,-2215.31,-219.203,0.389529,2.48352,2.32689,-0.156627,60.0
1744878878417800.0,-2215.31,-219.203,0.389529,2.48352,2.4772,-0.00632309,60.0
1744878878438273.0,-2217.43,-217.155,0.390197,2.32689,2.26462,-0.0622698,60.0
1744878878458933.0,-2217.43,-217.155,0.390197,2.32689,2.41184,0.0849514,60.0
1744878878479792.0,-2217.43,-217.155,0.390197,2.32689,2.47409,0.147194,60.0
1744878878500579.0,-2219.97,-215.789,0.391037,2.41184,2.53389,0.12205,60.0
1744878878521335.0,-2219.97,-215.789,0.391037,2.41184,2.29014,-0.121705,60.0
1744878878542382.0,-2222.51,-213.74,0.391855,2.53389,2.45762,-0.076278,60.0
1744878878563092.0,-2222.51,-213.74,0.391855,2.53389,2.38957,-0.14432,60.0
1744878878583736.0,-2222.51,-213.74,0.391855,2.53389,2.3811,-0.152791,60.0
1744878878604431.0,-2224.63,-211.692,0.392527,2.38957,2.43641,0.0468378,60.0
1744878878625286.0,-2224.63,-211.692,0.392527,2.38957,2.5074,0.117826,60.0
1744878878645867.0,-2227.17,-209.643,0.393349,2.43641,2.27406,-0.162348,60.0
1744878878666553.0,-2227.17,-209.643,0.393349,2.43641,2.3881,-0.0483104,60.0
1744878878687330.0,-2227.17,-209.643,0.393349,2.43641,2.4187,-0.0177066,60.0
1744878878708065.0,-2229.29,-208.277,0.394046,2.3881,2.44599,0.0578874,60.0
1744878878731971.0,-2229.29,-208.277,0.394046,2.3881,2.38756,-0.000539957,60.0
1744878878752664.0,-2231.83,-206.229,0.39487,2.44599,2.52839,0.082406,60.0
1744878878773398.0,-2231.83,-206.229,0.39487,2.44599,2.50688,0.0608923,60.0
1744878878794014.0,-2233.95,-204.18,0.395548,2.52839,2.67382,0.145423,60.0
1744878878814666.0,-2233.95,-204.18,0.395548,2.52839,2.49059,-0.0378039,60.0
1744878878835710.0,-2233.95,-204.18,0.395548,2.52839,2.36446,-0.163932,60.0
1744878878856854.0,-2236.49,-202.131,0.396376,2.49059,2.4948,0.00420809,60.0
1744878878877453.0,-2236.49,-202.131,0.396376,2.49059,2.4921,0.00151083,60.0
1744878878898041.0,-2238.61,-200.083,0.397056,2.4948,2.4328,-0.062003,60.0
1744878878918596.0,-2238.61,-200.083,0.397056,2.4948,2.44837,-0.0464275,60.0
1744878878939503.0,-2238.61,-200.083,0.397056,2.4948,2.58034,0.085545,60.0
1744878878960049.0,-2241.15,-198.717,0.397908,2.44837,2.46514,0.0167732,60.0
1744878878980614.0,-2241.15,-198.717,0.397908,2.44837,2.57721,0.128834,60.0
1744878879001111.0,-2243.26,-196.668,0.398591,2.46514,2.54809,0.0829495,60.0
1744878879021914.0,-2243.26,-196.668,0.398591,2.46514,2.60594,0.140797,60.0
1744878879042588.0,-2243.26,-196.668,0.398591,2.46514,2.47024,0.00509475,60.0
1744878879063243.0,-2245.81,-194.62,0.399425,2.60594,2.44933,-0.156613,60.0
1744878879083936.0,-2245.81,-194.62,0.399425,2.60594,2.54386,-0.0620844,60.0
1744878879104722.0,-2247.92,-192.571,0.400111,2.44933,2.48359,0.0342667,60.0
1744878879125416.0,-2247.92,-192.571,0.400111,2.44933,2.50405,0.0547259,60.0
1744878879146098.0,-2250.46,-191.205,0.400969,2.48359,2.32281,-0.160785,60.0
1744878879166774.0,-2250.46,-191.205,0.400969,2.48359,2.44045,-0.0431403,60.0
1744878879187527.0,-2250.46,-191.205,0.400969,2.48359,2.6153,0.13171,60.0
1744878879208246.0,-2252.58,-189.157,0.401657,2.44045,2.48404,0.0435859,60.0
1744878879228815.0,-2252.58,-189.157,0.401657,2.44045,2.46082,0.020371,60.0
1744878879249686.0,-2255.12,-187.108,0.402497,2.48404,2.52762,0.0435817,60.0
1744878879270464.0,-2255.12,-187.108,0.402497,2.48404,2.35,-0.134039,60.0
1744878879291198.0,-2255.12,-187.108,0.402497,2.48404,2.47467,-0.00937351,60.0
1744878879311812.0,-2257.24,-185.742,0.403208,2.35,2.49766,0.147654,60.0
1744878879332393.0,-2257.24,-185.742,0.403208,2.35,2.42995,0.0799476,60.0
1744878879353240.0,-2259.78,-183.694,0.404051,2.49765,2.58265,0.0849958,60.0
1744878879373885.0,-2259.78,-183.694,0.404051,2.49765,2.43343,-0.0642226,60.0
1744878879394740.0,-2259.78,-183.694,0.404051,2.49765,2.56279,0.0651388,60.0
1744878879415220.0,-2261.9,-181.645,0.404746,2.43343,2.49821,0.0647773,60.0
1744878879436016.0,-2261.9,-181.645,0.404746,2.43343,2.59131,0.157883,60.0
1744878879456641.0,-2264.44,-179.596,0.405592,2.49821,2.4712,-0.0270114,60.0
1744878879477395.0,-2264.44,-179.596,0.405592,2.49821,2.3917,-0.106507,60.0
1744878879498319.0,-2266.98,-178.231,0.406459,2.3917,2.40187,0.0101701,60.0
1744878879518944.0,-2266.98,-178.231,0.406459,2.3917,2.30313,-0.0885753,60.0
1744878879539610.0,-2266.98,-178.231,0.406459,2.3917,2.43286,0.0411569,60.0
1744878879560230.0,-2269.1,-176.182,0.407157,2.30313,2.38351,0.080384,60.0
1744878879581261.0,-2269.1,-176.182,0.407157,2.30313,2.32559,0.0224646,60.0
1744878879601836.0,-2271.22,-174.133,0.407856,2.38351,2.47362,0.0901078,60.0
1744878879622573.0,-2271.22,-174.133,0.407856,2.38351,2.47111,0.0875981,60.0
1744878879643380.0,-2271.22,-174.133,0.407856,2.38351,2.50683,0.123318,60.0
1744878879663948.0,-2273.76,-172.085,0.408709,2.47111,2.46543,-0.00568472,60.0
1744878879684657.0,-2273.76,-172.085,0.408709,2.47111,2.55034,0.0792284,60.0
1744878879705192.0,-2275.87,-170.036,0.409411,2.46543,2.6185,0.153075,60.0
1744878879726279.0,-2275.87,-170.036,0.409411,2.46543,2.31452,-0.150909,60.0
1744878879746755.0,-2275.87,-170.036,0.409411,2.46543,2.51772,0.0522905,60.0
1744878879767519.0,-2278.42,-168.67,0.410285,2.31452,2.4665,0.151983,60.0
1744878879788170.0,-2278.42,-168.67,0.410285,2.31452,2.47273,0.158212,60.0
1744878879808936.0,-2280.53,-166.622,0.41099,2.4665,2.44243,-0.0240701,60.0
1744878879829628.0,-2280.53,-166.622,0.41099,2.4665,2.51073,0.0442277,60.0
1744878879850289.0,-2280.53,-166.622,0.41099,2.4665,2.49724,0.0307445,60.0
1744878879871341.0,-2283.07,-164.573,0.411848,2.51073,2.58693,0.0762064,60.0
1744878879891653.0,-2283.07,-164.573,0.411848,2.51073,2.59098,0.0802541,60.0
1744878879912366.0,-2285.19,-162.524,0.412556,2.58693,2.53867,-0.0482621,60.0
1744878879933144.0,-2285.19,-162.524,0.412556,2.58693,2.61216,0.0252258,60.0
1744878879953882.0,-2287.73,-160.476,0.413418,2.61216,2.47721,-0.134946,60.0
1744878879974567.0,-2287.73,-160.476,0.413418,2.61216,2.60988,-0.00228047,60.0
1744878879995436.0,-2287.73,-160.476,0.413418,2.61216,2.4988,-0.113355,60.0
1744878880016065.0,-2289.85,-159.11,0.414145,2.60988,2.47181,-0.138067,60.0
1744878880036664.0,-2289.85,-159.11,0.414145,2.60988,2.48733,-0.122544,60.0
1744878880058336.0,-2292.39,-157.061,0.41501,2.47181,2.51217,0.0403618,60.0
1744878880078984.0,-2292.39,-157.061,0.41501,2.47181,2.50678,0.0349662,60.0
1744878880099484.0,-2292.39,-157.061,0.41501,2.47181,2.59556,0.123751,60.0
1744878880120572.0,-2294.51,-155.012,0.415723,2.50678,2.37722,-0.129554,60.0
1744878880141730.0,-2294.51,-155.012,0.415723,2.50678,2.43487,-0.0719122,60.0
1744878880162201.0,-2297.05,-152.964,0.416591,2.37722,2.5378,0.160572,60.0
1744878880182982.0,-2297.05,-152.964,0.416591,2.37722,2.32316,-0.0540635,60.0
1744878880203725.0,-2297.05,-152.964,0.416591,2.37722,2.46905,0.0918276,60.0
1744878880224497.0,-2299.17,-151.598,0.417324,2.32316,2.42517,0.102012,60.0
1744878880245324.0,-2299.17,-151.598,0.417324,2.32316,2.27315,-0.0500073,60.0
1744878880265968.0,-2301.71,-149.549,0.418194,2.42517,2.34122,-0.083954,60.0
1744878880286549.0,-2301.71,-149.549,0.418194,2.42517,2.29879,-0.126382,60.0
1744878880307325.0,-2301.71,-149.549,0.418194,2.42517,2.5417,0.116525,60.0
1744878880327914.0,-2303.83,-147.501,0.418913,2.29879,2.41004,0.111248,60.0
1744878880348661.0,-2303.83,-147.501,0.418913,2.29879,2.40795,0.109162,60.0
1744878880369693.0,-2306.37,-145.452,0.419787,2.41004,2.41045,0.000409332,60.0
1744878880390468.0,-2306.37,-145.452,0.419787,2.41004,2.45121,0.0411654,60.0
1744878880410788.0,-2306.37,-145.452,0.419787,2.41004,2.50342,0.0933788,60.0
1744878880431429.0,-2308.48,-144.086,0.420524,2.4512,2.46296,0.0117527,60.0
1744878880452123.0,-2308.48,-144.086,0.420524,2.4512,2.38641,-0.0647968,60.0
1744878880472798.0,-2311.03,-142.038,0.421401,2.46296,2.60254,0.139586,60.0
1744878880493779.0,-2311.03,-142.038,0.421401,2.46296,2.46525,0.00228744,60.0
1744878880514242.0,-2313.14,-139.989,0.422126,2.60254,2.45839,-0.144155,60.0
1744878880535109.0,-2313.14,-139.989,0.422126,2.60254,2.53934,-0.0632078,60.0
1744878880555930.0,-2313.14,-139.989,0.422126,2.60254,2.55667,-0.0458752,60.0
1744878880576662.0,-2315.68,-137.94,0.423006,2.53934,2.57213,0.032794,60.0
1744878880597385.0,-2315.68,-137.94,0.423006,2.53934,2.68208,0.142745,60.0
1744878880617799.0,-2317.8,-135.892,0.423733,2.57213,2.48669,-0.0854364,60.0
1744878880638523.0,-2317.8,-135.892,0.423733,2.57213,2.51123,-0.0608961,60.0
1744878880659116.0,-2317.8,-135.892,0.423733,2.57213,2.49581,-0.0763151,60.0
1744878880679712.0,-2320.34,-134.526,0.42463,2.51123,2.35747,-0.153762,60.0
1744878880700376.0,-2320.34,-134.526,0.42463,2.51123,2.58386,0.0726287,60.0
1744878880720959.0,-2322.46,-132.477,0.42536,2.35747,2.33603,-0.0214423,60.0
1744878880741510.0,-2322.46,-132.477,0.42536,2.35747,2.4819,0.124427,60.0
1744878880762214.0,-2322.46,-132.477,0.42536,2.35747,2.45944,0.101971,60.0
1744878880783142.0,-2325.0,-130.428,0.426247,2.4819,2.59628,0.114379,60.0
1744878880803931.0,-2325.0,-130.428,0.426247,2.4819,2.5271,0.0452051,60.0
1744878880824904.0,-2327.12,-129.063,0.426993,2.59628,2.62967,0.0333931,60.0
1744878880846262.0,-2327.12,-129.063,0.426993,2.59628,2.49922,-0.0970573,60.0
1744878880867110.0,-2327.12,-129.063,0.426993,2.59628,2.474,-0.122277,60.0
1744878880887819.0,-2329.66,-127.014,0.427882,2.49922,2.45819,-0.0410336,60.0
1744878880908701.0,-2329.66,-127.014,0.427882,2.49922,2.44713,-0.0520883,60.0
1744878880929427.0,-2332.2,-124.965,0.428773,2.45819,2.37189,-0.0862949,60.0
1744878880950066.0,-2332.2,-124.965,0.428773,2.45819,2.56792,0.109729,60.0
1744878880971085.0,-2334.32,-122.917,0.42951,2.37189,2.35022,-0.0216717,60.0
1744878880991810.0,-2334.32,-122.917,0.42951,2.37189,2.34717,-0.0247242,60.0
1744878881012692.0,-2334.32,-122.917,0.42951,2.37189,2.38114,0.00924668,60.0
1744878881033674.0,-2336.86,-121.551,0.430417,2.34717,2.39683,0.0496667,60.0
1744878881054035.0,-2336.86,-121.551,0.430417,2.34717,2.37621,0.0290405,60.0
1744878881074870.0,-2338.98,-119.502,0.431156,2.39683,2.38268,-0.0141534,60.0
1744878881095533.0,-2338.98,-119.502,0.431156,2.39683,2.52468,0.127846,60.0
1744878881116534.0,-2338.98,-119.502,0.431156,2.39683,2.49865,0.101814,60.0
1744878881137229.0,-2341.52,-117.453,0.432053,2.52468,2.46606,-0.0586163,60.0
1744878881157916.0,-2341.52,-117.453,0.432053,2.52468,2.40443,-0.120247,60.0
1744878881178687.0,-2343.64,-115.405,0.432796,2.46606,2.32732,-0.138748,60.0
1744878881199465.0,-2343.64,-115.405,0.432796,2.46606,2.44074,-0.0253266,60.0
1744878881220253.0,-2343.64,-115.405,0.432796,2.46606,2.59919,0.133122,60.0
1744878881241489.0,-2346.18,-113.356,0.433696,2.44074,2.48415,0.0434111,60.0
1744878881261985.0,-2346.18,-113.356,0.433696,2.44074,2.2956,-0.145133,60.0
1744878881282637.0,-2348.29,-111.99,0.434453,2.48415,2.5741,0.0899523,60.0
1744878881303457.0,-2348.29,-111.99,0.434453,2.48415,2.37442,-0.109728,60.0
1744878881324126.0,-2350.83,-109.942,0.435356,2.5741,2.48735,-0.0867517,60.0
1744878881344960.0,-2350.83,-109.942,0.435356,2.5741,2.53138,-0.0427175,60.0
1744878881365827.0,-2350.83,-109.942,0.435356,2.5741,2.50742,-0.0666775,60.0
1744878881386578.0,-2352.95,-107.893,0.436104,2.53138,2.51012,-0.0212668,60.0
1744878881407634.0,-2352.95,-107.893,0.436104,2.53138,2.65477,0.12339,60.0
1744878881428497.0,-2355.49,-106.527,0.437022,2.51012,2.36581,-0.144309,60.0
1744878881449358.0,-2355.49,-106.527,0.437022,2.51012,2.41348,-0.0966326,60.0
1744878881470081.0,-2355.49,-106.527,0.437022,2.51012,2.40664,-0.103474,60.0
1744878881490215.0,-2357.61,-104.478,0.437772,2.41348,2.52187,0.108382,60.0
1744878881511129.0,-2357.61,-104.478,0.437772,2.41348,2.27978,-0.133699,60.0
1744878881531605.0,-2360.15,-102.43,0.438682,2.52187,2.42099,-0.100878,60.0
1744878881552312.0,-2360.15,-102.43,0.438682,2.52187,2.48007,-0.0417975,60.0
1744878881573211.0,-2360.15,-102.43,0.438682,2.52187,2.51502,-0.00684347,60.0
1744878881593743.0,-2362.27,-100.381,0.439435,2.48007,2.37656,-0.103508,60.0
1744878881614425.0,-2362.27,-100.381,0.439435,2.48007,2.35432,-0.125751,60.0
1744878881635218.0,-2364.81,-99.0153,0.440358,2.37656,2.44368,0.0671185,60.0
1744878881655744.0,-2364.81,-99.0153,0.440358,2.37656,2.51321,0.136646,60.0
1744878881676329.0,-2364.81,-99.0153,0.440358,2.37656,2.27184,-0.104717,60.0
1744878881696947.0,-2366.93,-96.9666,0.441114,2.51321,2.39617,-0.117039,60.0
1744878881717880.0,-2366.93,-96.9666,0.441114,2.51321,2.5954,0.0821964,60.0
1744878881738545.0,-2369.47,-94.9179,0.442029,2.39617,2.47066,0.0744944,60.0
1744878881759416.0,-2369.47,-94.9179,0.442029,2.39617,2.52896,0.132791,60.0
1744878881779992.0,-2372.01,-92.8692,0.442946,2.47066,2.46899,-0.00167119,60.0
1744878881800706.0,-2372.01,-92.8692,0.442946,2.47066,2.50421,0.0335464,60.0
1744878881821675.0,-2372.01,-92.8692,0.442946,2.47066,2.44407,-0.0265955,60.0
1744878881842656.0,-2374.13,-91.5034,0.443717,2.50421,2.38459,-0.119615,60.0
1744878881863660.0,-2374.13,-91.5034,0.443717,2.50421,2.53198,0.0277683,60.0
1744878881884422.0,-2376.67,-89.4547,0.444637,2.38459,2.44139,0.0567928,60.0
1744878881904975.0,-2376.67,-89.4547,0.444637,2.38459,2.46448,0.0798878,60.0
1744878881925808.0,-2376.67,-89.4547,0.444637,2.38459,2.36897,-0.0156187,60.0
1744878881946596.0,-2378.79,-87.406,0.4454,2.46448,2.59511,0.13063,60.0
1744878881967201.0,-2378.79,-87.406,0.4454,2.46448,2.31043,-0.154052,60.0
1744878881987984.0,-2381.33,-85.3573,0.446323,2.59511,2.58264,-0.0124746,60.0
1744878882008768.0,-2381.33,-85.3573,0.446323,2.59511,2.58167,-0.0134432,60.0
1744878882029438.0,-2381.33,-85.3573,0.446323,2.59511,2.43188,-0.163236,60.0
1744878882050117.0,-2383.44,-83.9915,0.447098,2.58167,2.53081,-0.0508601,60.0
1744878882070807.0,-2383.44,-83.9915,0.447098,2.58167,2.55675,-0.0249154,60.0
1744878882091532.0,-2385.99,-81.9428,0.448024,2.53081,2.51003,-0.020774,60.0
1744878882112042.0,-2385.99,-81.9428,0.448024,2.53081,2.49113,-0.0396754,60.0
1744878882132863.0,-2388.1,-79.8941,0.448793,2.51003,2.54934,0.0393082,60.0
1744878882153713.0,-2388.1,-79.8941,0.448793,2.51003,2.53452,0.0244816,60.0
1744878882174396.0,-2388.1,-79.8941,0.448793,2.51003,2.37168,-0.138355,60.0
1744878882195185.0,-2390.64,-78.5283,0.44973,2.53452,2.38613,-0.14839,60.0
1744878882215870.0,-2390.64,-78.5283,0.44973,2.53452,2.58987,0.0553569,60.0
1744878882236780.0,-2393.18,-76.4795,0.450661,2.38613,2.44874,0.0626106,60.0
1744878882257486.0,-2393.18,-76.4795,0.450661,2.38613,2.5333,0.147173,60.0
1744878882278259.0,-2393.18,-76.4795,0.450661,2.38613,2.416,0.0298751,60.0
1744878882298958.0,-2395.3,-74.4308,0.451434,2.5333,2.40373,-0.129567,60.0
1744878882319706.0,-2395.3,-74.4308,0.451434,2.5333,2.5209,-0.0124003,60.0
1744878882340537.0,-2397.84,-72.3821,0.452367,2.40373,2.34343,-0.0603042,60.0
1744878882361438.0,-2397.84,-72.3821,0.452367,2.40373,2.56488,0.161149,60.0
1744878882382184.0,-2397.84,-72.3821,0.452367,2.40373,2.52114,0.117409,60.0
1744878882402893.0,-2399.96,-71.0163,0.453151,2.56488,2.45021,-0.114671,60.0
1744878882423605.0,-2399.96,-71.0163,0.453151,2.56488,2.5534,-0.0114823,60.0
1744878882444133.0,-2402.5,-68.9676,0.454087,2.45021,2.52367,0.0734599,60.0
1744878882464830.0,-2402.5,-68.9676,0.454087,2.45021,2.46008,0.00986512,60.0
1744878882485429.0,-2402.5,-68.9676,0.454087,2.45021,2.38313,-0.0670837,60.0
1744878882505951.0,-2405.04,-66.9189,0.455026,2.46008,2.57227,0.112196,60.0
1744878882526465.0,-2405.04,-66.9189,0.455026,2.46008,2.41434,-0.0457317,60.0
1744878882547684.0,-2407.16,-65.5531,0.455813,2.57227,2.53169,-0.0405859,60.0
1744878882568135.0,-2407.16,-65.5531,0.455813,2.57227,2.47979,-0.092485,60.0
1744878882588851.0,-2409.7,-63.5044,0.456754,2.53169,2.56084,0.0291541,60.0
1744878882609661.0,-2409.7,-63.5044,0.456754,2.53169,2.53162,-6.78305e-05,60.0
1744878882630187.0,-2409.7,-63.5044,0.456754,2.53169,2.49834,-0.0333482,60.0
1744878882650829.0,-2411.82,-61.4556,0.457537,2.53162,2.50902,-0.0226004,60.0
1744878882671480.0,-2411.82,-61.4556,0.457537,2.53162,2.50756,-0.0240573,60.0
1744878882692223.0,-2414.36,-60.0898,0.458488,2.50902,2.49311,-0.0159053,60.0
1744878882712890.0,-2414.36,-60.0898,0.458488,2.50902,2.38208,-0.126936,60.0
1744878882733538.0,-2414.36,-60.0898,0.458488,2.50902,2.37829,-0.130728,60.0
1744878882754156.0,-2416.9,-58.0411,0.459434,2.38208,2.39664,0.0145586,60.0
1744878882774833.0,-2416.9,-58.0411,0.459434,2.38208,2.50651,0.124426,60.0
1744878882796089.0,-2419.02,-55.9924,0.46022,2.39664,2.32652,-0.0701209,60.0
1744878882816615.0,-2419.02,-55.9924,0.46022,2.39664,2.3427,-0.0539402,60.0
1744878882837582.0,-2419.02,-55.9924,0.46022,2.39664,2.46851,0.0718723,60.0
1744878882858271.0,-2421.56,-54.6266,0.461175,2.3427,2.36813,0.0254296,60.0
1744878882878770.0,-2421.56,-54.6266,0.461175,2.3427,2.47297,0.130272,60.0
1744878882899391.0,-2423.68,-52.5779,0.461965,2.36813,2.4587,0.0905736,60.0
1744878882920083.0,-2423.68,-52.5779,0.461965,2.36813,2.42495,0.0568165,60.0
1744878882940739.0,-2423.68,-52.5779,0.461965,2.36813,2.29209,-0.0760433,60.0
1744878882961535.0,-2426.22,-50.5291,0.462917,2.42495,2.29367,-0.13128,60.0
1744878882982180.0,-2426.22,-50.5291,0.462917,2.42495,2.4679,0.0429538,60.0
1744878883003007.0,-2428.34,-48.4804,0.463709,2.29367,2.27969,-0.0139788,60.0
1744878883023809.0,-2428.34,-48.4804,0.463709,2.29367,2.42414,0.130469,60.0
1744878883044499.0,-2430.88,-47.1146,0.464669,2.27969,2.19817,-0.0815185,60.0
1744878883065134.0,-2430.88,-47.1146,0.464669,2.27969,2.42779,0.1481,60.0
1744878883085905.0,-2430.88,-47.1146,0.464669,2.27969,2.35424,0.07455,60.0
1744878883106550.0,-2432.99,-45.0659,0.465464,2.42779,2.54991,0.122126,60.0
1744878883126948.0,-2432.99,-45.0659,0.465464,2.42779,2.44768,0.0198923,60.0
1744878883147782.0,-2435.53,-43.0171,0.466422,2.54991,2.42301,-0.1269,60.0
1744878883168524.0,-2435.53,-43.0171,0.466422,2.54991,2.62315,0.0732361,60.0
1744878883188945.0,-2435.53,-43.0171,0.466422,2.54991,2.55067,0.000760065,60.0
1744878883209555.0,-2437.65,-40.9684,0.46722,2.62315,2.57552,-0.047634,60.0
1744878883230105.0,-2437.65,-40.9684,0.46722,2.62315,2.54396,-0.0791877,60.0
1744878883250782.0,-2440.19,-38.9197,0.468182,2.57552,2.46041,-0.115103,60.0
1744878883271435.0,-2440.19,-38.9197,0.468182,2.57552,2.67198,0.0964606,60.0
1744878883292046.0,-2440.19,-38.9197,0.468182,2.57552,2.48971,-0.0858098,60.0
1744878883312487.0,-2442.31,-37.5539,0.468986,2.67198,2.67116,-0.000816653,60.0
1744878883333076.0,-2442.31,-37.5539,0.468986,2.67198,2.53907,-0.132911,60.0
1744878883354121.0,-2444.85,-35.5051,0.46995,2.67116,2.58946,-0.0817028,60.0
1744878883375224.0,-2444.85,-35.5051,0.46995,2.67116,2.66504,-0.00611576,60.0
1744878883395777.0,-2444.85,-35.5051,0.46995,2.67116,2.53495,-0.136206,60.0
1744878883416166.0,-2446.97,-33.4564,0.470754,2.66504,2.54363,-0.121419,60.0
1744878883436820.0,-2446.97,-33.4564,0.470754,2.66504,2.53603,-0.129013,60.0
1744878883457493.0,-2449.51,-32.0906,0.471725,2.54363,2.43702,-0.106607,60.0
1744878883478075.0,-2449.51,-32.0906,0.471725,2.54363,2.42297,-0.120656,60.0
1744878883498834.0,-2452.05,-30.0418,0.472694,2.43702,2.41737,-0.0196529,60.0
1744878883519361.0,-2452.05,-30.0418,0.472694,2.43702,2.56194,0.124919,60.0
1744878883539970.0,-2452.05,-30.0418,0.472694,2.43702,2.51625,0.0792338,60.0
1744878883560520.0,-2454.17,-27.9931,0.473501,2.56194,2.52208,-0.0398589,60.0
1744878883581359.0,-2454.17,-27.9931,0.473501,2.56194,2.62717,0.0652312,60.0
1744878883602000.0,-2456.71,-26.6273,0.474476,2.52208,2.40462,-0.117461,60.0
1744878883622774.0,-2456.71,-26.6273,0.474476,2.52208,2.50111,-0.0209678,60.0
1744878883643603.0,-2456.71,-26.6273,0.474476,2.52208,2.41392,-0.108162,60.0
1744878883664239.0,-2459.25,-24.5785,0.47545,2.50111,2.555,0.0538909,60.0
1744878883685172.0,-2459.25,-24.5785,0.47545,2.50111,2.34665,-0.154459,60.0
1744878883705963.0,-2461.37,-22.5298,0.476261,2.555,2.43292,-0.122083,60.0
1744878883726439.0,-2461.37,-22.5298,0.476261,2.555,2.52472,-0.0302802,60.0
1744878883747431.0,-2461.37,-22.5298,0.476261,2.555,2.56326,0.00826282,60.0
1744878883767781.0,-2463.91,-21.164,0.47724,2.52472,2.58577,0.0610445,60.0
1744878883788854.0,-2463.91,-21.164,0.47724,2.52472,2.47955,-0.0451736,60.0
1744878883809470.0,-2466.45,-19.1152,0.478219,2.58577,2.60691,0.0211468,60.0
1744878883830103.0,-2466.45,-19.1152,0.478219,2.58577,2.63973,0.0539669,60.0
1744878883850668.0,-2466.45,-19.1152,0.478219,2.58577,2.53814,-0.0476231,60.0
1744878883871344.0,-2468.57,-17.7494,0.479036,2.63973,2.48285,-0.15688,60.0
1744878883891888.0,-2468.57,-17.7494,0.479036,2.63973,2.70699,0.0672562,60.0
1744878883912454.0,-2471.11,-15.7007,0.480017,2.48285,2.38355,-0.0993029,60.0
1744878883934954.0,-2471.11,-15.7007,0.480017,2.48285,2.4582,-0.0246467,60.0
1744878883955741.0,-2473.65,-13.6519,0.481,2.38355,2.41177,0.0282263,60.0
1744878883976497.0,-2473.65,-13.6519,0.481,2.38355,2.33005,-0.0534968,60.0
1744878883996968.0,-2473.65,-13.6519,0.481,2.38355,2.49025,0.106704,60.0
1744878884017628.0,-2476.19,-12.2861,0.481986,2.33005,2.423,0.0929472,60.0
1744878884038234.0,-2476.19,-12.2861,0.481986,2.33005,2.47622,0.146167,60.0
1744878884058798.0,-2478.31,-10.2373,0.482807,2.423,2.36207,-0.0609243,60.0
1744878884079748.0,-2478.31,-10.2373,0.482807,2.423,2.45678,0.033782,60.0
1744878884100530.0,-2478.31,-10.2373,0.482807,2.423,2.58214,0.159138,60.0
1744878884121259.0,-2480.85,-8.18858,0.483795,2.45678,2.57023,0.11345,60.0
1744878884141865.0,-2480.85,-8.18858,0.483795,2.45678,2.44988,-0.00690482,60.0
1744878884162380.0,-2483.39,-6.82275,0.484785,2.57023,2.44597,-0.124264,60.0
1744878884182903.0,-2483.39,-6.82275,0.484785,2.57023,2.55656,-0.0136715,60.0
1744878884203501.0,-2483.39,-6.82275,0.484785,2.57023,2.43614,-0.134087,60.0
1744878884224079.0,-2485.51,-4.774,0.48561,2.55656,2.63262,0.0760571,60.0
1744878884244784.0,-2485.51,-4.774,0.48561,2.55656,2.56685,0.0102883,60.0
1744878884265305.0,-2488.05,-3.40817,0.486603,2.63262,2.49061,-0.142006,60.0
1744878884285908.0,-2488.05,-3.40817,0.486603,2.63262,2.5187,-0.113922,60.0
1744878884306484.0,-2488.05,-3.40817,0.486603,2.63262,2.49934,-0.133277,60.0
1744878884327139.0,-2490.59,-1.35941,0.487596,2.5187,2.65228,0.133587,60.0
1744878884347855.0,-2490.59,-1.35941,0.487596,2.5187,2.4748,-0.0438977,60.0
1744878884368533.0,-2492.71,0.689343,0.488426,2.65228,2.61463,-0.0376508,60.0
1744878884391048.0,-2492.71,0.689343,0.488426,2.65228,2.62414,-0.0281392,60.0
1744878884411466.0,-2495.25,2.05518,0.489422,2.61463,2.46153,-0.153096,60.0
1744878884432327.0,-2495.25,2.05518,0.489422,2.61463,2.57034,-0.0442949,60.0
1744878884453202.0,-2495.25,2.05518,0.489422,2.61463,2.51933,-0.095297,60.0
1744878884473967.0,-2497.79,4.10394,0.49042,2.57034,2.53405,-0.0362853,60.0
1744878884494590.0,-2497.79,4.10394,0.49042,2.57034,2.48735,-0.0829817,60.0
1744878884515398.0,-2500.33,5.46978,0.49142,2.53405,2.66854,0.134485,60.0
1744878884535926.0,-2500.33,5.46978,0.49142,2.53405,2.55418,0.0201322,60.0
1744878884556739.0,-2500.33,5.46978,0.49142,2.53405,2.56951,0.0354568,60.0
1744878884577491.0,-2502.45,7.51854,0.492255,2.55418,2.44234,-0.111847,60.0
1744878884598339.0,-2502.45,7.51854,0.492255,2.55418,2.39345,-0.160732,60.0
1744878884618869.0,-2504.99,9.5673,0.493257,2.44234,2.43756,-0.0047767,60.0
1744878884639935.0,-2504.99,9.5673,0.493257,2.44234,2.39153,-0.0508088,60.0
1744878884660617.0,-2504.99,9.5673,0.493257,2.44234,2.40353,-0.038808,60.0
1744878884681094.0,-2507.53,10.9331,0.494261,2.39153,2.39651,0.00498028,60.0
1744878884703741.0,-2507.53,10.9331,0.494261,2.39153,2.47549,0.0839602,60.0
1744878884724375.0,-2509.65,12.9819,0.4951,2.39651,2.39604,-0.000468645,60.0
1744878884745039.0,-2509.65,12.9819,0.4951,2.39651,2.50053,0.104028,60.0
1744878884765716.0,-2512.19,14.3477,0.496106,2.39604,2.29208,-0.103961,60.0
1744878884786376.0,-2512.19,14.3477,0.496106,2.39604,2.31446,-0.0815791,60.0
1744878884807505.0,-2512.19,14.3477,0.496106,2.39604,2.33584,-0.0602016,60.0
1744878884827918.0,-2514.73,16.3965,0.497115,2.31446,2.41269,0.0982302,60.0
1744878884848803.0,-2514.73,16.3965,0.497115,2.31446,2.28477,-0.0296856,60.0
1744878884869518.0,-2516.85,18.4453,0.497958,2.41269,2.31791,-0.0947777,60.0
1744878884890192.0,-2516.85,18.4453,0.497958,2.41269,2.41028,-0.0024078,60.0
1744878884911113.0,-2516.85,18.4453,0.497958,2.41269,2.38687,-0.0258223,60.0
1744878884931967.0,-2519.39,19.8111,0.498968,2.41028,2.38565,-0.0246275,60.0
1744878884952761.0,-2519.39,19.8111,0.498968,2.41028,2.3673,-0.0429803,60.0
1744878884973598.0,-2521.93,21.8599,0.499981,2.38565,2.36682,-0.0188373,60.0
1744878884994465.0,-2521.93,21.8599,0.499981,2.38565,2.48017,0.0945123,60.0
1744878885015248.0,-2521.93,21.8599,0.499981,2.38565,2.48358,0.0979288,60.0
1744878885036367.0,-2524.05,23.9087,0.500829,2.48017,2.41621,-0.0639531,60.0
1744878885057104.0,-2524.05,23.9087,0.500829,2.48017,2.50335,0.0231857,60.0
1744878885077826.0,-2526.59,25.2745,0.501843,2.41621,2.46813,0.0519185,60.0
1744878885098840.0,-2526.59,25.2745,0.501843,2.41621,2.38711,-0.0291017,60.0
1744878885119704.0,-2528.7,27.3233,0.502693,2.46813,2.5983,0.130165,60.0
1744878885140607.0,-2528.7,27.3233,0.502693,2.46813,2.47259,0.00445395,60.0
1744878885161416.0,-2528.7,27.3233,0.502693,2.46813,2.43803,-0.0301025,60.0
1744878885182032.0,-2531.25,29.372,0.503712,2.47259,2.35802,-0.114567,60.0
1744878885202853.0,-2531.25,29.372,0.503712,2.47259,2.58594,0.113353,60.0
1744878885223825.0,-2533.79,31.4208,0.504734,2.35802,2.34066,-0.0173586,60.0
1744878885244484.0,-2533.79,31.4208,0.504734,2.35802,2.42234,0.0643156,60.0
1744878885265049.0,-2533.79,31.4208,0.504734,2.35802,2.35247,-0.00555094,60.0
1744878885285744.0,-2535.9,32.7867,0.505584,2.42234,2.5319,0.10956,60.0
1744878885306489.0,-2535.9,32.7867,0.505584,2.42234,2.32946,-0.092874,60.0
1744878885327350.0,-2538.44,34.8354,0.506609,2.5319,2.53741,0.00551347,60.0
1744878885348097.0,-2538.44,34.8354,0.506609,2.5319,2.49543,-0.0364689,60.0
1744878885368932.0,-2538.44,34.8354,0.506609,2.5319,2.45515,-0.0767434,60.0
1744878885389517.0,-2540.56,36.8842,0.507466,2.49543,2.39304,-0.102389,60.0
1744878885410192.0,-2540.56,36.8842,0.507466,2.49543,2.43747,-0.0579524,60.0
1744878885430900.0,-2543.1,38.2501,0.508489,2.39304,2.5014,0.108365,60.0
1744878885451598.0,-2543.1,38.2501,0.508489,2.39304,2.47301,0.0799755,60.0
1744878885472181.0,-2545.22,40.2989,0.509349,2.5014,2.47366,-0.027746,60.0
1744878885492761.0,-2545.22,40.2989,0.509349,2.5014,2.40458,-0.0968192,60.0
1744878885513521.0,-2545.22,40.2989,0.509349,2.5014,2.4636,-0.0378034,60.0
1744878885533978.0,-2547.76,42.3476,0.510379,2.40458,2.47963,0.0750512,60.0
1744878885554928.0,-2547.76,42.3476,0.510379,2.40458,2.50276,0.0981754,60.0
1744878885575494.0,-2549.88,44.3964,0.511241,2.47963,2.50998,0.0303457,60.0
1744878885596119.0,-2549.88,44.3964,0.511241,2.47963,2.38745,-0.0921825,60.0
1744878885616733.0,-2549.88,44.3964,0.511241,2.47963,2.45933,-0.020304,60.0
1744878885637464.0,-2552.42,45.7623,0.51227,2.38745,2.3566,-0.0308516,60.0
1744878885658194.0,-2552.42,45.7623,0.51227,2.38745,2.53561,0.148154,60.0
1744878885678788.0,-2554.54,47.8111,0.513135,2.3566,2.38587,0.0292644,60.0
1744878885699380.0,-2554.54,47.8111,0.513135,2.3566,2.41252,0.0559197,60.0
1744878885720425.0,-2554.54,47.8111,0.513135,2.3566,2.46065,0.104052,60.0
1744878885741031.0,-2557.08,49.8598,0.514172,2.41252,2.4939,0.0813825,60.0
1744878885761724.0,-2557.08,49.8598,0.514172,2.41252,2.28448,-0.128043,60.0
1744878885782690.0,-2559.2,51.9086,0.51504,2.4939,2.61091,0.117012,60.0
1744878885803611.0,-2559.2,51.9086,0.51504,2.4939,2.35768,-0.136223,60.0
1744878885824300.0,-2561.74,53.9574,0.51608,2.35768,2.38518,0.0274983,60.0
1744878885845129.0,-2561.74,53.9574,0.51608,2.35768,2.49666,0.138984,60.0
1744878885866249.0,-2561.74,53.9574,0.51608,2.35768,2.48349,0.125809,60.0
1744878885887261.0,-2563.85,55.3233,0.516944,2.49666,2.50072,0.00405414,60.0
1744878885907866.0,-2563.85,55.3233,0.516944,2.49666,2.6393,0.142634,60.0
1744878885928435.0,-2566.4,57.3721,0.517987,2.50072,2.64428,0.143562,60.0
1744878885948975.0,-2566.4,57.3721,0.517987,2.50072,2.50128,0.000563819,60.0
1744878885969488.0,-2566.4,57.3721,0.517987,2.50072,2.51469,0.0139688,60.0
1744878885990040.0,-2568.51,59.4208,0.518861,2.50128,2.36183,-0.139451,60.0
1744878886010573.0,-2568.51,59.4208,0.518861,2.50128,2.62987,0.128585,60.0
1744878886031211.0,-2571.05,61.4696,0.519907,2.36183,2.23912,-0.122708,60.0
1744878886051932.0,-2571.05,61.4696,0.519907,2.36183,2.42383,0.0619964,60.0
1744878886072902.0,-2571.05,61.4696,0.519907,2.36183,2.39489,0.0330607,60.0
1744878886093535.0,-2573.17,62.8355,0.520776,2.42383,2.48004,0.0562089,60.0
1744878886114126.0,-2573.17,62.8355,0.520776,2.42383,2.44636,0.0225287,60.0
1744878886134609.0,-2575.71,64.8843,0.521825,2.48004,2.57311,0.0930777,60.0
1744878886155667.0,-2575.71,64.8843,0.521825,2.48004,2.5448,0.0647683,60.0
1744878886176289.0,-2575.71,64.8843,0.521825,2.48004,2.63678,0.156747,60.0
1744878886196958.0,-2577.83,66.9331,0.522704,2.5448,2.44332,-0.101486,60.0
1744878886217430.0,-2577.83,66.9331,0.522704,2.5448,2.39865,-0.146155,60.0
1744878886238062.0,-2580.37,68.9819,0.523756,2.44332,2.50657,0.0632544,60.0
1744878886258678.0,-2580.37,68.9819,0.523756,2.44332,2.49862,0.0553008,60.0
1744878886279299.0,-2580.37,68.9819,0.523756,2.44332,2.31166,-0.131658,60.0
1744878886299975.0,-2582.49,71.0307,0.524638,2.49862,2.50657,0.00795145,60.0
1744878886320975.0,-2582.49,71.0307,0.524638,2.49862,2.38282,-0.115795,60.0
1744878886341578.0,-2585.03,72.3965,0.525685,2.50657,2.61216,0.105585,60.0
1744878886362211.0,-2585.03,72.3965,0.525685,2.50657,2.46115,-0.0454224,60.0
1744878886382688.0,-2587.15,74.4453,0.52657,2.61216,2.69742,0.085267,60.0
1744878886403487.0,-2587.15,74.4453,0.52657,2.61216,2.54731,-0.0648451,60.0
1744878886424147.0,-2587.15,74.4453,0.52657,2.61216,2.51587,-0.0962824,60.0
1744878886444905.0,-2589.69,76.4941,0.527628,2.54731,2.59113,0.0438218,60.0
1744878886465725.0,-2589.69,76.4941,0.527628,2.54731,2.65282,0.105507,60.0
1744878886486275.0,-2591.8,78.5429,0.528515,2.59113,2.47376,-0.117374,60.0
1744878886506988.0,-2591.8,78.5429,0.528515,2.59113,2.61457,0.0234339,60.0
1744878886527802.0,-2591.8,78.5429,0.528515,2.59113,2.54465,-0.0464789,60.0
1744878886548500.0,-2594.35,79.9088,0.529568,2.61457,2.47513,-0.139437,60.0
1744878886569497.0,-2594.35,79.9088,0.529568,2.61457,2.51172,-0.10285,60.0
1744878886590108.0,-2596.89,81.9576,0.530631,2.47513,2.51799,0.0428612,60.0
1744878886610710.0,-2596.89,81.9576,0.530631,2.47513,2.63816,0.163031,60.0
1744878886631443.0,-2596.89,81.9576,0.530631,2.47513,2.41603,-0.0591021,60.0
1744878886652126.0,-2599.0,84.0064,0.531522,2.63816,2.50951,-0.128653,60.0
1744878886672772.0,-2599.0,84.0064,0.531522,2.63816,2.74636,0.108203,60.0
1744878886693536.0,-2601.55,85.3723,0.532579,2.50951,2.46217,-0.0473378,60.0
1744878886714369.0,-2601.55,85.3723,0.532579,2.50951,2.40529,-0.104219,60.0
1744878886734973.0,-2601.55,85.3723,0.532579,2.50951,2.48635,-0.0231545,60.0
1744878886755697.0,-2603.66,87.4211,0.533473,2.40529,2.35927,-0.0460131,60.0
1744878886776390.0,-2603.66,87.4211,0.533473,2.40529,2.43221,0.0269256,60.0
1744878886797328.0,-2606.2,89.4699,0.534542,2.35927,2.5068,0.147522,60.0
1744878886818090.0,-2606.2,89.4699,0.534542,2.35927,2.51312,0.153844,60.0
1744878886838779.0,-2608.74,90.8358,0.535603,2.5068,2.54928,0.0424876,60.0
1744878886859740.0,-2608.74,90.8358,0.535603,2.5068,2.50846,0.00165825,60.0
1744878886880602.0,-2608.74,90.8358,0.535603,2.5068,2.46023,-0.046566,60.0
1744878886901307.0,-2610.86,92.8846,0.536501,2.50846,2.47459,-0.0338655,60.0
1744878886921796.0,-2610.86,92.8846,0.536501,2.50846,2.34902,-0.159437,60.0
1744878886942405.0,-2613.4,94.9334,0.537575,2.47459,2.59505,0.120457,60.0
1744878886963268.0,-2613.4,94.9334,0.537575,2.47459,2.5973,0.122707,60.0
1744878886984033.0,-2613.4,94.9334,0.537575,2.47459,2.51553,0.0409402,60.0
1744878887004685.0,-2615.94,96.2993,0.53864,2.5973,2.54548,-0.0518173,60.0
1744878887025333.0,-2615.94,96.2993,0.53864,2.5973,2.47347,-0.123824,60.0
1744878887046107.0,-2618.06,98.3481,0.539542,2.54548,2.44338,-0.102104,60.0
1744878887066676.0,-2618.06,98.3481,0.539542,2.54548,2.6845,0.139022,60.0
1744878887087740.0,-2618.06,98.3481,0.539542,2.54548,2.47337,-0.0721091,60.0
1744878887108147.0,-2620.6,100.397,0.54062,2.6845,2.56408,-0.120423,60.0
1744878887128893.0,-2620.6,100.397,0.54062,2.6845,2.59666,-0.0878421,60.0
1744878887149779.0,-2623.14,101.763,0.541689,2.56408,2.48946,-0.0746204,60.0
1744878887170679.0,-2623.14,101.763,0.541689,2.56408,2.41121,-0.152872,60.0
1744878887191247.0,-2625.26,103.812,0.542596,2.48946,2.50329,0.0138295,60.0
1744878887211816.0,-2625.26,103.812,0.542596,2.48946,2.462,-0.0274631,60.0
1744878887232376.0,-2625.26,103.812,0.542596,2.48946,2.38542,-0.104038,60.0
1744878887253199.0,-2627.8,105.178,0.543667,2.462,2.42113,-0.0408663,60.0
1744878887274107.0,-2627.8,105.178,0.543667,2.462,2.44065,-0.0213459,60.0
1744878887294984.0,-2630.34,107.226,0.544752,2.42113,2.26923,-0.151894,60.0
1744878887315976.0,-2630.34,107.226,0.544752,2.42113,2.39385,-0.0272832,60.0
1744878887336787.0,-2630.34,107.226,0.544752,2.42113,2.56917,0.148038,60.0
1744878887357788.0,-2632.46,109.275,0.545662,2.39385,2.52649,0.132643,60.0
1744878887378430.0,-2632.46,109.275,0.545662,2.39385,2.44761,0.0537676,60.0
1744878887399532.0,-2635.0,110.641,0.546738,2.52649,2.56367,0.0371791,60.0
1744878887420353.0,-2635.0,110.641,0.546738,2.52649,2.58039,0.0539067,60.0
1744878887441152.0,-2635.0,110.641,0.546738,2.52649,2.3961,-0.130389,60.0
1744878887461762.0,-2637.54,112.69,0.547827,2.58039,2.59607,0.0156758,60.0
1744878887482647.0,-2637.54,112.69,0.547827,2.58039,2.46246,-0.11793,60.0
1744878887503280.0,-2639.66,114.739,0.548742,2.59607,2.56524,-0.0308263,60.0
1744878887524284.0,-2639.66,114.739,0.548742,2.59607,2.53617,-0.0599033,60.0
1744878887544995.0,-2639.66,114.739,0.548742,2.59607,2.43212,-0.163946,60.0
1744878887565632.0,-2642.2,116.105,0.549821,2.53617,2.4456,-0.0905709,60.0
1744878887586300.0,-2642.2,116.105,0.549821,2.53617,2.43852,-0.0976508,60.0
1744878887607107.0,-2644.74,118.153,0.550915,2.4456,2.45055,0.00495214,60.0
1744878887627602.0,-2644.74,118.153,0.550915,2.4456,2.51985,0.074254,60.0
1744878887648595.0,-2644.74,118.153,0.550915,2.4456,2.52886,0.0832591,60.0
1744878887669111.0,-2646.86,119.519,0.551821,2.51985,2.42095,-0.0988966,60.0
1744878887689801.0,-2646.86,119.519,0.551821,2.51985,2.47226,-0.0475867,60.0
1744878887710738.0,-2649.4,121.568,0.552918,2.42095,2.51224,0.0912816,60.0
1744878887731453.0,-2649.4,121.568,0.552918,2.42095,2.45945,0.0384964,60.0
1744878887752039.0,-2649.4,121.568,0.552918,2.42095,2.4844,0.0634502,60.0
1744878887772554.0,-2651.94,123.617,0.554016,2.45945,2.4994,0.0399508,60.0
1744878887793530.0,-2651.94,123.617,0.554016,2.45945,2.46735,0.00789752,60.0
1744878887814194.0,-2654.06,124.983,0.554926,2.4994,2.56902,0.0696154,60.0
1744878887834866.0,-2654.06,124.983,0.554926,2.4994,2.61888,0.11948,60.0
1744878887855900.0,-2656.6,127.032,0.556027,2.56902,2.45809,-0.110929,60.0
1744878887876304.0,-2656.6,127.032,0.556027,2.56902,2.49804,-0.0709764,60.0
1744878887897387.0,-2656.6,127.032,0.556027,2.56902,2.44981,-0.119206,60.0
1744878887917966.0,-2659.14,129.08,0.55713,2.49804,2.53981,0.0417735,60.0
1744878887938452.0,-2659.14,129.08,0.55713,2.49804,2.46967,-0.0283722,60.0
1744878887959066.0,-2661.26,130.446,0.558043,2.53981,2.39338,-0.146436,60.0
1744878887979725.0,-2661.26,130.446,0.558043,2.53981,2.41468,-0.125133,60.0
1744878888000419.0,-2661.26,130.446,0.558043,2.53981,2.49369,-0.0461196,60.0
1744878888021032.0,-2663.8,132.495,0.559149,2.41468,2.50999,0.0953122,60.0
1744878888041595.0,-2663.8,132.495,0.559149,2.41468,2.48265,0.0679661,60.0
1744878888062478.0,-2666.34,133.861,0.560242,2.50999,2.56694,0.056946,60.0
1744878888082978.0,-2666.34,133.861,0.560242,2.50999,2.47536,-0.034633,60.0
1744878888103708.0,-2666.34,133.861,0.560242,2.50999,2.58705,0.0770604,60.0
1744878888124312.0,-2668.46,135.91,0.561173,2.47536,2.49687,0.0215156,60.0
1744878888145154.0,-2668.46,135.91,0.561173,2.47536,2.61886,0.143499,60.0
1744878888165683.0,-2671.0,137.959,0.562283,2.49687,2.57571,0.0788319,60.0
1744878888186769.0,-2671.0,137.959,0.562283,2.49687,2.427,-0.0698714,60.0
1744878888207334.0,-2671.0,137.959,0.562283,2.49687,2.46815,-0.0287247,60.0
1744878888227849.0,-2673.54,139.325,0.56338,2.427,2.41222,-0.0147824,60.0
1744878888249004.0,-2673.54,139.325,0.56338,2.427,2.32692,-0.100087,60.0
1744878888269238.0,-2675.66,141.374,0.564316,2.41222,2.52973,0.117508,60.0
1744878888290027.0,-2675.66,141.374,0.564316,2.41222,2.41444,0.00222125,60.0
1744878888310741.0,-2678.2,143.422,0.565431,2.52973,2.58085,0.0511211,60.0
1744878888331510.0,-2678.2,143.422,0.565431,2.52973,2.5818,0.0520727,60.0
1744878888352264.0,-2678.2,143.422,0.565431,2.52973,2.59329,0.0635574,60.0
1744878888372980.0,-2680.74,144.788,0.566532,2.5818,2.67168,0.0898779,60.0
1744878888393809.0,-2680.74,144.788,0.566532,2.5818,2.48012,-0.101683,60.0
1744878888414428.0,-2682.86,146.837,0.567471,2.48012,2.47795,-0.00216839,60.0
1744878888434863.0,-2682.86,146.837,0.567471,2.48012,2.47058,-0.00954064,60.0
1744878888455880.0,-2682.86,146.837,0.567471,2.48012,2.59612,0.116002,60.0
1744878888476435.0,-2685.4,148.886,0.568591,2.47058,2.49359,0.0230141,60.0
1744878888497065.0,-2685.4,148.886,0.568591,2.47058,2.33954,-0.131037,60.0
1744878888517648.0,-2687.94,150.252,0.569696,2.49359,2.42695,-0.0666401,60.0
1744878888538427.0,-2687.94,150.252,0.569696,2.49359,2.34896,-0.144634,60.0
1744878888558982.0,-2687.94,150.252,0.569696,2.49359,2.47876,-0.0148347,60.0
1744878888580157.0,-2690.06,152.301,0.57064,2.34896,2.34998,0.00102531,60.0
1744878888600431.0,-2690.06,152.301,0.57064,2.34896,2.27799,-0.0709696,60.0
1744878888621237.0,-2692.6,154.35,0.571764,2.34998,2.37943,0.0294433,60.0
1744878888641926.0,-2692.6,154.35,0.571764,2.34998,2.51341,0.163421,60.0
1744878888662673.0,-2692.6,154.35,0.571764,2.34998,2.26182,-0.0881595,60.0
1744878888683254.0,-2694.71,155.715,0.572694,2.51341,2.47877,-0.0346363,60.0
1744878888704065.0,-2694.71,155.715,0.572694,2.51341,2.42759,-0.0858192,60.0
1744878888724970.0,-2697.25,157.764,0.573821,2.47877,2.60614,0.127374,60.0
1744878888745628.0,-2697.25,157.764,0.573821,2.47877,2.35933,-0.11944,60.0
1744878888766334.0,-2697.25,157.764,0.573821,2.47877,2.38544,-0.0933251,60.0
1744878888787252.0,-2699.8,159.813,0.57495,2.35933,2.45577,0.0964407,60.0
1744878888808054.0,-2699.8,159.813,0.57495,2.35933,2.44966,0.0903352,60.0
1744878888829646.0,-2701.91,161.179,0.575884,2.45577,2.61548,0.159708,60.0
1744878888850388.0,-2701.91,161.179,0.575884,2.45577,2.36044,-0.0953265,60.0
1744878888872674.0,-2704.45,163.228,0.577015,2.61548,2.45936,-0.156122,60.0
1744878888893357.0,-2704.45,163.228,0.577015,2.61548,2.53685,-0.0786308,60.0
1744878888914083.0,-2704.45,163.228,0.577015,2.61548,2.54297,-0.0725084,60.0
1744878888934878.0,-2706.57,165.277,0.577969,2.53685,2.44424,-0.0926065,60.0
1744878888955484.0,-2706.57,165.277,0.577969,2.53685,2.48298,-0.0538662,60.0
1744878888976113.0,-2709.11,167.326,0.579104,2.44424,2.45076,0.00652318,60.0
1744878888996833.0,-2709.11,167.326,0.579104,2.44424,2.47685,0.0326111,60.0
1744878889017550.0,-2709.11,167.326,0.579104,2.44424,2.54656,0.102321,60.0
1744878889038370.0,-2711.65,168.692,0.580222,2.47685,2.41075,-0.0660977,60.0
1744878889059046.0,-2711.65,168.692,0.580222,2.47685,2.48825,0.0114041,60.0
1744878889079705.0,-2713.77,170.74,0.58118,2.41075,2.38796,-0.0227918,60.0
1744878889100398.0,-2713.77,170.74,0.58118,2.41075,2.46336,0.05261,60.0
1744878889121233.0,-2713.77,170.74,0.58118,2.41075,2.31858,-0.0921745,60.0
1744878889142004.0,-2716.31,172.789,0.58232,2.46336,2.49026,0.0268992,60.0
1744878889162877.0,-2716.31,172.789,0.58232,2.46336,2.44509,-0.0182736,60.0
1744878889183621.0,-2718.43,174.155,0.583261,2.49026,2.38048,-0.10978,60.0
1744878889204379.0,-2718.43,174.155,0.583261,2.49026,2.46772,-0.0225415,60.0
1744878889225048.0,-2720.97,176.204,0.584404,2.38048,2.31889,-0.0615964,60.0
1744878889245881.0,-2720.97,176.204,0.584404,2.38048,2.49762,0.117138,60.0
1744878889266635.0,-2720.97,176.204,0.584404,2.38048,2.47718,0.0966927,60.0
1744878889287608.0,-2723.09,178.253,0.585367,2.49762,2.54804,0.0504231,60.0
1744878889308070.0,-2723.09,178.253,0.585367,2.49762,2.5584,0.0607777,60.0
1744878889328816.0,-2725.63,179.619,0.586493,2.54804,2.39403,-0.154009,60.0
1744878889349570.0,-2725.63,179.619,0.586493,2.54804,2.61304,0.0649982,60.0
1744878889370329.0,-2725.63,179.619,0.586493,2.54804,2.59861,0.0505682,60.0
1744878889391092.0,-2728.17,181.668,0.587641,2.61304,2.52931,-0.0837296,60.0
1744878889411631.0,-2728.17,181.668,0.587641,2.61304,2.46605,-0.146988,60.0
1744878889432156.0,-2730.29,183.717,0.588608,2.52931,2.43191,-0.0974006,60.0
1744878889452658.0,-2730.29,183.717,0.588608,2.52931,2.58819,0.0588815,60.0
1744878889473275.0,-2730.29,183.717,0.588608,2.52931,2.37655,-0.152758,60.0
1744878889494085.0,-2732.83,185.765,0.589758,2.58819,2.50074,-0.0874546,60.0
1744878889514929.0,-2732.83,185.765,0.589758,2.58819,2.47279,-0.115404,60.0
1744878889535301.0,-2735.37,187.131,0.59089,2.50074,2.43706,-0.0636764,60.0
1744878889555872.0,-2735.37,187.131,0.59089,2.50074,2.46174,-0.0390018,60.0
1744878889576610.0,-2735.37,187.131,0.59089,2.50074,2.54094,0.0402028,60.0
1744878889597327.0,-2737.49,189.18,0.591861,2.46174,2.60992,0.148187,60.0
1744878889618040.0,-2737.49,189.18,0.591861,2.46174,2.36999,-0.0917518,60.0
1744878889638588.0,-2740.03,190.546,0.592996,2.60992,2.4708,-0.139123,60.0
1744878889659638.0,-2740.03,190.546,0.592996,2.60992,2.53876,-0.0711615,60.0
1744878889680319.0,-2742.14,192.595,0.59397,2.4708,2.44685,-0.0239556,60.0
1744878889700931.0,-2742.14,192.595,0.59397,2.4708,2.56205,0.0912491,60.0
1744878889721894.0,-2742.14,192.595,0.59397,2.4708,2.49251,0.0217128,60.0
1744878889742517.0,-2744.69,194.644,0.595128,2.56205,2.43609,-0.125962,60.0
1744878889763675.0,-2744.69,194.644,0.595128,2.56205,2.60819,0.0461358,60.0
1744878889784270.0,-2747.23,196.01,0.596267,2.43609,2.43904,0.00295211,60.0
1744878889807025.0,-2747.23,196.01,0.596267,2.43609,2.48124,0.0451493,60.0
1744878889827799.0,-2747.23,196.01,0.596267,2.43609,2.40443,-0.0316549,60.0
1744878889848711.0,-2749.34,198.059,0.597245,2.48124,2.53242,0.0511851,60.0
1744878889869374.0,-2749.34,198.059,0.597245,2.48124,2.52685,0.0456122,60.0
1744878889889774.0,-2751.88,200.108,0.598407,2.53242,2.5548,0.0223735,60.0
1744878889910447.0,-2751.88,200.108,0.598407,2.53242,2.55142,0.0189928,60.0
1744878889931008.0,-2751.88,200.108,0.598407,2.53242,2.53932,0.0069,60.0
1744878889951542.0,-2754.43,201.473,0.59955,2.55142,2.42688,-0.124539,60.0
1744878889972181.0,-2754.43,201.473,0.59955,2.55142,2.55671,0.00529209,60.0
1744878889992851.0,-2756.54,203.522,0.600532,2.42688,2.44427,0.0173893,60.0
1744878890013815.0,-2756.54,203.522,0.600532,2.42688,2.44077,0.0138919,60.0
1744878890034471.0,-2759.08,205.571,0.6017,2.44427,2.41694,-0.0273289,60.0
1744878890055188.0,-2759.08,205.571,0.6017,2.44427,2.33985,-0.104418,60.0
1744878890076146.0,-2759.08,205.571,0.6017,2.44427,2.36615,-0.0781134,60.0
1744878890096817.0,-2761.63,206.937,0.602846,2.33985,2.26249,-0.0773585,60.0
1744878890117632.0,-2761.63,206.937,0.602846,2.33985,2.47136,0.13151,60.0
1744878890138184.0,-2763.74,208.986,0.603833,2.26249,2.25516,-0.00732943,60.0
1744878890159008.0,-2763.74,208.986,0.603833,2.26249,2.42328,0.160789,60.0
1744878890180004.0,-2763.74,208.986,0.603833,2.26249,2.39325,0.130764,60.0
1744878890200550.0,-2766.28,211.035,0.605005,2.42328,2.46887,0.045588,60.0
1744878890221333.0,-2766.28,211.035,0.605005,2.42328,2.32592,-0.0973599,60.0
1744878890242106.0,-2768.4,212.401,0.605971,2.46887,2.37545,-0.0934142,60.0
1744878890262945.0,-2768.4,212.401,0.605971,2.46887,2.34179,-0.127077,60.0
1744878890283817.0,-2768.4,212.401,0.605971,2.46887,2.54238,0.0735134,60.0
1744878890304400.0,-2770.94,214.45,0.607146,2.34179,2.43836,0.0965688,60.0
1744878890325316.0,-2770.94,214.45,0.607146,2.34179,2.30649,-0.0353005,60.0
1744878890346015.0,-2773.48,216.499,0.608322,2.43836,2.54556,0.107206,60.0
1744878890366971.0,-2773.48,216.499,0.608322,2.43836,2.37424,-0.0641153,60.0
1744878890387893.0,-2775.6,218.547,0.609316,2.54556,2.48848,-0.0570836,60.0
1744878890408461.0,-2775.6,218.547,0.609316,2.54556,2.5606,0.0150302,60.0
1744878890428950.0,-2775.6,218.547,0.609316,2.54556,2.54701,0.00144427,60.0
1744878890449651.0,-2778.14,219.913,0.610472,2.5606,2.5085,-0.052096,60.0
1744878890470368.0,-2778.14,219.913,0.610472,2.5606,2.42582,-0.134774,60.0
1744878890490976.0,-2780.26,221.962,0.611468,2.5085,2.44719,-0.061312,60.0
1744878890511664.0,-2780.26,221.962,0.611468,2.5085,2.40644,-0.10206,60.0
1744878890532338.0,-2780.26,221.962,0.611468,2.5085,2.46547,-0.0430269,60.0
1744878890553458.0,-2782.8,224.011,0.612651,2.40644,2.40059,-0.00584691,60.0
1744878890574029.0,-2782.8,224.011,0.612651,2.40644,2.51787,0.11143,60.0
1744878890594611.0,-2784.92,225.377,0.613625,2.40059,2.3797,-0.0208943,60.0
1744878890615200.0,-2784.92,225.377,0.613625,2.40059,2.42567,0.0250801,60.0
1744878890636266.0,-2784.92,225.377,0.613625,2.40059,2.36147,-0.0391199,60.0
1744878890657128.0,-2787.46,227.426,0.614811,2.42567,2.46709,0.0414216,60.0
1744878890677770.0,-2787.46,227.426,0.614811,2.42567,2.53988,0.114206,60.0
1744878890698238.0,-2789.58,229.475,0.615812,2.46709,2.41322,-0.0538731,60.0
1744878890718892.0,-2789.58,229.475,0.615812,2.46709,2.51667,0.0495801,60.0
1744878890739886.0,-2792.12,231.524,0.617001,2.41322,2.34837,-0.0648462,60.0
1744878890760445.0,-2792.12,231.524,0.617001,2.41322,2.454,0.0407798,60.0
1744878890781159.0,-2792.12,231.524,0.617001,2.41322,2.4432,0.0299756,60.0
1744878890801718.0,-2794.23,232.89,0.617981,2.454,2.50543,0.0514295,60.0
1744878890822341.0,-2794.23,232.89,0.617981,2.454,2.52365,0.0696544,60.0
1744878890843007.0,-2796.77,234.939,0.619172,2.50543,2.43301,-0.0724234,60.0
1744878890863804.0,-2796.77,234.939,0.619172,2.50543,2.62611,0.120678,60.0
1744878890884660.0,-2796.77,234.939,0.619172,2.50543,2.59668,0.0912518,60.0
1744878890905474.0,-2799.32,236.988,0.620366,2.62611,2.72712,0.101015,60.0
1744878890926203.0,-2799.32,236.988,0.620366,2.62611,2.50736,-0.118752,60.0
1744878890946970.0,-2801.43,239.036,0.621374,2.72712,2.59124,-0.135887,60.0
1744878890967980.0,-2801.43,239.036,0.621374,2.72712,2.56911,-0.158015,60.0
1744878890988689.0,-2801.43,239.036,0.621374,2.72712,2.60907,-0.118051,60.0
1744878891009178.0,-2803.97,240.402,0.622545,2.56911,2.67977,0.110657,60.0
1744878891030471.0,-2803.97,240.402,0.622545,2.56911,2.53344,-0.0356684,60.0
1744878891051024.0,-2806.09,242.451,0.623556,2.67977,2.53245,-0.147315,60.0
1744878891071575.0,-2806.09,242.451,0.623556,2.67977,2.66874,-0.0110244,60.0
1744878891092184.0,-2806.09,242.451,0.623556,2.67977,2.68709,0.00732309,60.0
1744878891112824.0,-2808.63,244.5,0.624756,2.66874,2.62075,-0.047996,60.0
1744878891133324.0,-2808.63,244.5,0.624756,2.66874,2.50865,-0.16009,60.0
1744878891154054.0,-2811.17,245.866,0.625931,2.62075,2.71709,0.0963416,60.0
1744878891174806.0,-2811.17,245.866,0.625931,2.62075,2.51826,-0.10249,60.0
1744878891195523.0,-2813.29,247.915,0.626946,2.71709,2.59163,-0.125459,60.0
1744878891216213.0,-2813.29,247.915,0.626946,2.71709,2.62663,-0.0904528,60.0
1744878891237135.0,-2813.29,247.915,0.626946,2.71709,2.63562,-0.0814643,60.0
1744878891257812.0,-2815.83,249.281,0.628124,2.62663,2.59846,-0.0281715,60.0
1744878891278226.0,-2815.83,249.281,0.628124,2.62663,2.48125,-0.145389,60.0
1744878891298988.0,-2818.37,251.33,0.629329,2.59846,2.46533,-0.133135,60.0
1744878891319758.0,-2818.37,251.33,0.629329,2.59846,2.56976,-0.0287026,60.0
1744878891340478.0,-2818.37,251.33,0.629329,2.59846,2.60053,0.00206314,60.0
1744878891361176.0,-2820.91,252.696,0.630509,2.56976,2.59571,0.0259518,60.0
1744878891381985.0,-2820.91,252.696,0.630509,2.56976,2.48959,-0.0801702,60.0
1744878891402718.0,-2823.45,254.745,0.631718,2.59571,2.44645,-0.14926,60.0
1744878891423485.0,-2823.45,254.745,0.631718,2.59571,2.62048,0.0247712,60.0
1744878891444074.0,-2823.45,254.745,0.631718,2.59571,2.47312,-0.122596,60.0
1744878891464642.0,-2825.57,256.111,0.632713,2.62048,2.61858,-0.00190337,60.0
1744878891485445.0,-2825.57,256.111,0.632713,2.62048,2.58969,-0.0307977,60.0
1744878891506116.0,-2828.11,258.16,0.633925,2.61858,2.52857,-0.0900071,60.0
1744878891526661.0,-2828.11,258.16,0.633925,2.61858,2.54517,-0.0734057,60.0
1744878891547391.0,-2828.11,258.16,0.633925,2.61858,2.60357,-0.0150123,60.0
1744878891567993.0,-2830.65,259.526,0.63511,2.54517,2.50527,-0.0399044,60.0
1744878891588508.0,-2830.65,259.526,0.63511,2.54517,2.48787,-0.0573033,60.0
1744878891609360.0,-2833.19,261.575,0.636325,2.50527,2.53117,0.0259022,60.0
1744878891630030.0,-2833.19,261.575,0.636325,2.50527,2.35813,-0.147138,60.0
1744878891650891.0,-2835.74,262.94,0.637514,2.35813,2.36409,0.0059583,60.0
1744878891671500.0,-2835.74,262.94,0.637514,2.35813,2.51332,0.155191,60.0
1744878891692544.0,-2835.74,262.94,0.637514,2.35813,2.30721,-0.050922,60.0
1744878891713887.0,-2838.28,264.989,0.638731,2.51332,2.43905,-0.0742736,60.0
1744878891734666.0,-2838.28,264.989,0.638731,2.51332,2.53388,0.0205522,60.0
1744878891755098.0,-2840.39,266.355,0.639733,2.43905,2.38923,-0.0498194,60.0
1744878891776005.0,-2840.39,266.355,0.639733,2.43905,2.60257,0.163516,60.0
1744878891796817.0,-2840.39,266.355,0.639733,2.43905,2.43941,0.000357048,60.0
1744878891817582.0,-2842.93,268.404,0.640954,2.60257,2.51658,-0.0859899,60.0
1744878891838400.0,-2842.93,268.404,0.640954,2.60257,2.62327,0.0207018,60.0
1744878891858799.0,-2845.48,270.453,0.642177,2.51658,2.54503,0.0284574,60.0
1744878891879984.0,-2845.48,270.453,0.642177,2.51658,2.50579,-0.0107874,60.0
1744878891900412.0,-2845.48,270.453,0.642177,2.51658,2.56858,0.0520062,60.0
1744878891921363.0,-2848.02,271.819,0.643372,2.50579,2.5056,-0.000188388,60.0
1744878891942078.0,-2848.02,271.819,0.643372,2.50579,2.4461,-0.0596918,60.0
1744878891962767.0,-2850.13,273.868,0.644408,2.5056,2.49753,-0.00806527,60.0
1744878891983403.0,-2850.13,273.868,0.644408,2.5056,2.50639,0.000794724,60.0
1744878892004134.0,-2850.13,273.868,0.644408,2.5056,2.47324,-0.0323603,60.0
1744878892024769.0,-2852.67,275.234,0.645606,2.50639,2.46926,-0.037133,60.0
1744878892045456.0,-2852.67,275.234,0.645606,2.50639,2.53863,0.0322314,60.0
1744878892066174.0,-2855.22,277.283,0.646834,2.46926,2.36596,-0.103302,60.0
1744878892086852.0,-2855.22,277.283,0.646834,2.46926,2.58461,0.11535,60.0
1744878892107575.0,-2857.76,278.649,0.648035,2.36596,2.46726,0.101301,60.0
1744878892128322.0,-2857.76,278.649,0.648035,2.36596,2.45734,0.0913835,60.0
1744878892149132.0,-2857.76,278.649,0.648035,2.36596,2.36511,-0.000853324,60.0
1744878892169642.0,-2860.3,280.698,0.649267,2.45734,2.31932,-0.138024,60.0
1744878892190301.0,-2860.3,280.698,0.649267,2.45734,2.56682,0.109477,60.0
1744878892211079.0,-2862.42,282.064,0.650279,2.31932,2.42005,0.100731,60.0
1744878892231978.0,-2862.42,282.064,0.650279,2.31932,2.41801,0.0986892,60.0
1744878892252709.0,-2862.42,282.064,0.650279,2.31932,2.48093,0.161609,60.0
1744878892273372.0,-2864.96,284.113,0.651514,2.41801,2.45379,0.0357781,60.0
1744878892294135.0,-2864.96,284.113,0.651514,2.41801,2.41295,-0.00506271,60.0
1744878892314546.0,-2867.5,286.162,0.65275,2.45379,2.58566,0.131872,60.0
1744878892335203.0,-2867.5,286.162,0.65275,2.45379,2.46911,0.0153216,60.0
1744878892356385.0,-2867.5,286.162,0.65275,2.45379,2.38702,-0.0667654,60.0
1744878892377135.0,-2869.61,287.528,0.653767,2.46911,2.39633,-0.0727797,60.0
1744878892397993.0,-2869.61,287.528,0.653767,2.46911,2.56806,0.0989512,60.0
1744878892418264.0,-2872.16,289.577,0.655006,2.39633,2.51047,0.114139,60.0
1744878892439499.0,-2872.16,289.577,0.655006,2.39633,2.33204,-0.0642904,60.0
1744878892459631.0,-2872.16,289.577,0.655006,2.39633,2.52349,0.127162,60.0
1744878892480307.0,-2874.7,291.626,0.656247,2.33204,2.32664,-0.00540017,60.0
1744878892500983.0,-2874.7,291.626,0.656247,2.33204,2.41532,0.0832787,60.0
1744878892521651.0,-2876.81,292.991,0.657267,2.32664,2.31866,-0.00798018,60.0
1744878892542591.0,-2876.81,292.991,0.657267,2.32664,2.4319,0.105261,60.0
1744878892563233.0,-2879.35,295.04,0.658511,2.31866,2.43193,0.113274,60.0
1744878892583801.0,-2879.35,295.04,0.658511,2.31866,2.34863,0.0299682,60.0
1744878892604617.0,-2879.35,295.04,0.658511,2.31866,2.35922,0.0405666,60.0
1744878892625554.0,-2881.47,297.089,0.659565,2.34863,2.38877,0.0401483,60.0
1744878892646545.0,-2881.47,297.089,0.659565,2.34863,2.49374,0.14511,60.0
1744878892667037.0,-2884.01,299.138,0.660812,2.38877,2.33256,-0.0562148,60.0
1744878892687672.0,-2884.01,299.138,0.660812,2.38877,2.45007,0.0612949,60.0
1744878892708432.0,-2884.01,299.138,0.660812,2.38877,2.47799,0.0892177,60.0
1744878892729483.0,-2886.13,300.504,0.661836,2.45007,2.49373,0.0436585,60.0
1744878892750126.0,-2886.13,300.504,0.661836,2.45007,2.33665,-0.113422,60.0
1744878892770951.0,-2888.67,302.553,0.663086,2.49373,2.3375,-0.156225,60.0
1744878892791678.0,-2888.67,302.553,0.663086,2.49373,2.4025,-0.0912252,60.0
1744878892812387.0,-2888.67,302.553,0.663086,2.49373,2.52578,0.0320534,60.0
1744878892833008.0,-2890.79,304.602,0.664146,2.4025,2.45316,0.0506553,60.0
1744878892853949.0,-2890.79,304.602,0.664146,2.4025,2.52133,0.118829,60.0
1744878892874842.0,-2893.33,306.651,0.665399,2.45316,2.58552,0.132358,60.0
1744878892895764.0,-2893.33,306.651,0.665399,2.45316,2.34135,-0.111807,60.0
1744878892916421.0,-2895.45,308.017,0.666428,2.58552,2.54209,-0.0434226,60.0
1744878892937118.0,-2895.45,308.017,0.666428,2.58552,2.47629,-0.109224,60.0
1744878892957862.0,-2895.45,308.017,0.666428,2.58552,2.4542,-0.131318,60.0
1744878892978507.0,-2897.99,310.066,0.667685,2.47629,2.45631,-0.0199805,60.0
1744878892998922.0,-2897.99,310.066,0.667685,2.47629,2.32114,-0.155149,60.0
1744878893019910.0,-2900.11,312.115,0.668749,2.45631,2.44291,-0.0134033,60.0
1744878893040561.0,-2900.11,312.115,0.668749,2.45631,2.3308,-0.125512,60.0
1744878893061144.0,-2900.11,312.115,0.668749,2.45631,2.47486,0.0185526,60.0
1744878893082027.0,-2902.65,314.164,0.670009,2.3308,2.33777,0.00697377,60.0
1744878893102769.0,-2902.65,314.164,0.670009,2.3308,2.45756,0.126761,60.0
1744878893123336.0,-2904.76,316.213,0.671076,2.33777,2.42567,0.0879009,60.0
1744878893143984.0,-2904.76,316.213,0.671076,2.33777,2.31649,-0.021279,60.0
1744878893164773.0,-2904.76,316.213,0.671076,2.33777,2.46023,0.122457,60.0
1744878893185416.0,-2907.3,317.579,0.672305,2.31649,2.44526,0.128764,60.0
1744878893206458.0,-2907.3,317.579,0.672305,2.31649,2.43295,0.116451,60.0
1744878893226946.0,-2909.42,319.628,0.673375,2.44526,2.49623,0.0509698,60.0
1744878893247858.0,-2909.42,319.628,0.673375,2.44526,2.49048,0.0452242,60.0
1744878893268358.0,-2909.42,319.628,0.673375,2.44526,2.30565,-0.139605,60.0
1744878893289235.0,-2911.54,321.677,0.674447,2.49048,2.38514,-0.105345,60.0
1744878893309674.0,-2911.54,321.677,0.674447,2.49048,2.4827,-0.00778717,60.0
1744878893330550.0,-2914.08,323.726,0.675714,2.38514,2.31961,-0.0655297,60.0
1744878893351448.0,-2914.08,323.726,0.675714,2.38514,2.44403,0.0588918,60.0
1744878893372330.0,-2916.2,325.775,0.676789,2.31961,2.48108,0.161473,60.0
1744878893392712.0,-2916.2,325.775,0.676789,2.31961,2.29743,-0.0221808,60.0
1744878893413578.0,-2916.2,325.775,0.676789,2.31961,2.44258,0.122972,60.0
1744878893434008.0,-2918.74,327.823,0.678059,2.29743,2.43602,0.138596,60.0
1744878893454883.0,-2918.74,327.823,0.678059,2.29743,2.36101,0.0635835,60.0
1744878893475606.0,-2920.86,329.189,0.679101,2.43602,2.52812,0.0920941,60.0
1744878893496617.0,-2920.86,329.189,0.679101,2.43602,2.56957,0.133545,60.0
1744878893517352.0,-2920.86,329.189,0.679101,2.43602,2.29772,-0.138302,60.0
1744878893537718.0,-2922.97,331.238,0.68018,2.56957,2.56228,-0.00729082,60.0
1744878893558648.0,-2922.97,331.238,0.68018,2.56957,2.4429,-0.126668,60.0
1744878893579142.0,-2925.51,333.287,0.681454,2.56228,2.48261,-0.0796624,60.0
1744878893599843.0,-2925.51,333.287,0.681454,2.56228,2.4029,-0.159379,60.0
1744878893620736.0,-2925.51,333.287,0.681454,2.56228,2.48263,-0.0796481,60.0
1744878893641400.0,-2927.63,335.336,0.682536,2.4029,2.4849,0.0819987,60.0
1744878893662239.0,-2927.63,335.336,0.682536,2.4029,2.41411,0.0112074,60.0
1744878893682979.0,-2930.17,337.385,0.683814,2.4849,2.5067,0.0218053,60.0
1744878893703515.0,-2930.17,337.385,0.683814,2.4849,2.62568,0.140785,60.0
1744878893724243.0,-2930.17,337.385,0.683814,2.4849,2.52139,0.0364961,60.0
1744878893744884.0,-2932.29,339.434,0.684898,2.62568,2.46291,-0.162775,60.0
1744878893765588.0,-2932.29,339.434,0.684898,2.62568,2.51278,-0.1129,60.0
1744878893786205.0,-2934.83,340.8,0.686143,2.46291,2.59261,0.129698,60.0
1744878893807219.0,-2934.83,340.8,0.686143,2.46291,2.60917,0.146258,60.0
1744878893827771.0,-2936.95,342.849,0.687229,2.59261,2.52772,-0.0648862,60.0
1744878893848684.0,-2936.95,342.849,0.687229,2.59261,2.53108,-0.0615283,60.0
1744878893869173.0,-2936.95,342.849,0.687229,2.59261,2.47921,-0.113395,60.0
1744878893890219.0,-2939.49,344.898,0.688513,2.53108,2.58689,0.055808,60.0
1744878893910901.0,-2939.49,344.898,0.688513,2.53108,2.43241,-0.0986697,60.0
1744878893931512.0,-2941.61,346.947,0.689603,2.58689,2.44604,-0.140842,60.0
1744878893952086.0,-2941.61,346.947,0.689603,2.58689,2.56975,-0.0171336,60.0
1744878893972909.0,-2941.61,346.947,0.689603,2.58689,2.45695,-0.129932,60.0
1744878893993605.0,-2944.15,348.313,0.690853,2.56975,2.43375,-0.136001,60.0
1744878894014158.0,-2944.15,348.313,0.690853,2.56975,2.51359,-0.0561617,60.0
1744878894034963.0,-2946.26,350.362,0.691946,2.43375,2.50191,0.0681615,60.0
1744878894055797.0,-2946.26,350.362,0.691946,2.43375,2.59361,0.15986,60.0
1744878894076426.0,-2946.26,350.362,0.691946,2.43375,2.367,-0.0667489,60.0
1744878894096990.0,-2948.81,352.411,0.693236,2.59361,2.50296,-0.0906542,60.0
1744878894117651.0,-2948.81,352.411,0.693236,2.59361,2.52656,-0.0670523,60.0
1744878894138445.0,-2950.92,353.777,0.694293,2.50296,2.36228,-0.140673,60.0
1744878894159023.0,-2950.92,353.777,0.694293,2.50296,2.49919,-0.00377038,60.0
1744878894179808.0,-2950.92,353.777,0.694293,2.50296,2.4042,-0.098757,60.0
1744878894200586.0,-2953.46,355.826,0.695586,2.49919,2.53988,0.0406958,60.0
1744878894221395.0,-2953.46,355.826,0.695586,2.49919,2.35128,-0.147908,60.0
1744878894242142.0,-2956.01,357.875,0.696881,2.53988,2.60612,0.0662332,60.0
1744878894262791.0,-2956.01,357.875,0.696881,2.53988,2.44197,-0.097917,60.0
1744878894283518.0,-2958.12,359.924,0.69798,2.60612,2.71128,0.105169,60.0
1744878894304208.0,-2958.12,359.924,0.69798,2.60612,2.61318,0.00706192,60.0
1744878894325011.0,-2958.12,359.924,0.69798,2.60612,2.67173,0.0656185,60.0
1744878894345755.0,-2960.66,361.29,0.69924,2.61318,2.46151,-0.151666,60.0
1744878894366803.0,-2960.66,361.29,0.69924,2.61318,2.48379,-0.129389,60.0
1744878894387456.0,-2962.78,363.339,0.700342,2.46151,2.30599,-0.155517,60.0
1744878894408104.0,-2962.78,363.339,0.700342,2.46151,2.5068,0.0452857,60.0
1744878894428665.0,-2962.78,363.339,0.700342,2.46151,2.5757,0.114185,60.0
1744878894449571.0,-2965.32,365.388,0.701643,2.5068,2.55662,0.0498246,60.0
1744878894470279.0,-2965.32,365.388,0.701643,2.5068,2.4924,-0.0143936,60.0
1744878894490775.0,-2967.86,366.754,0.702906,2.55662,2.44926,-0.10736,60.0
1744878894511494.0,-2967.86,366.754,0.702906,2.55662,2.49462,-0.0619961,60.0
1744878894532050.0,-2967.86,366.754,0.702906,2.55662,2.53059,-0.0260281,60.0
1744878894552930.0,-2969.98,368.803,0.704012,2.49462,2.46135,-0.0332702,60.0
1744878894573632.0,-2969.98,368.803,0.704012,2.49462,2.42965,-0.064975,60.0
1744878894594140.0,-2972.52,370.169,0.705278,2.46135,2.35214,-0.109218,60.0
1744878894615000.0,-2972.52,370.169,0.705278,2.46135,2.35919,-0.102167,60.0
1744878894635652.0,-2972.52,370.169,0.705278,2.46135,2.45346,-0.00789389,60.0
1744878894656570.0,-2975.06,372.218,0.706585,2.35919,2.35123,-0.00795914,60.0
1744878894677165.0,-2975.06,372.218,0.706585,2.35919,2.47661,0.117425,60.0
1744878894698067.0,-2977.18,374.267,0.707696,2.35123,2.4577,0.106469,60.0
1744878894718653.0,-2977.18,374.267,0.707696,2.35123,2.41134,0.0601112,60.0
1744878894739182.0,-2979.72,375.633,0.708966,2.4577,2.34432,-0.113374,60.0
1744878894759877.0,-2979.72,375.633,0.708966,2.4577,2.39921,-0.0584838,60.0
1744878894780906.0,-2979.72,375.633,0.708966,2.4577,2.50588,0.0481791,60.0
1744878894801641.0,-2982.26,377.682,0.710277,2.39921,2.49533,0.0961189,60.0
1744878894822346.0,-2982.26,377.682,0.710277,2.39921,2.38547,-0.0137411,60.0
1744878894843088.0,-2984.38,379.731,0.711392,2.49533,2.63622,0.140886,60.0
1744878894864062.0,-2984.38,379.731,0.711392,2.49533,2.49516,-0.000169922,60.0
1744878894884913.0,-2984.38,379.731,0.711392,2.49533,2.37561,-0.119718,60.0
1744878894905395.0,-2986.92,381.78,0.712706,2.49516,2.487,-0.00816243,60.0
1744878894926473.0,-2986.92,381.78,0.712706,2.49516,2.51222,0.0170607,60.0
1744878894947009.0,-2989.04,383.146,0.713783,2.487,2.45429,-0.0327054,60.0
1744878894967854.0,-2989.04,383.146,0.713783,2.487,2.49098,0.00398475,60.0
1744878894988145.0,-2989.04,383.146,0.713783,2.487,2.51984,0.0328362,60.0
1744878895009133.0,-2991.58,385.195,0.715101,2.49098,2.40759,-0.0833921,60.0
1744878895029473.0,-2991.58,385.195,0.715101,2.49098,2.5034,0.0124202,60.0
1744878895050429.0,-2993.7,387.244,0.716221,2.40759,2.44029,0.0326978,60.0
1744878895070924.0,-2993.7,387.244,0.716221,2.40759,2.47311,0.065513,60.0
1744878895091822.0,-2993.7,387.244,0.716221,2.40759,2.40884,0.00124508,60.0
1744878895112353.0,-2996.24,388.61,0.7175,2.47311,2.49493,0.0218293,60.0
1744878895133174.0,-2996.24,388.61,0.7175,2.47311,2.40212,-0.070989,60.0
1744878895153924.0,-2998.78,390.659,0.718822,2.49493,2.54821,0.0532733,60.0
1744878895174595.0,-2998.78,390.659,0.718822,2.49493,2.34657,-0.148364,60.0
1744878895195277.0,-3000.89,392.708,0.719947,2.54821,2.41614,-0.132065,60.0
1744878895215908.0,-3000.89,392.708,0.719947,2.54821,2.60155,0.0533375,60.0
1744878895236618.0,-3000.89,392.708,0.719947,2.54821,2.47262,-0.0755915,60.0
1744878895257398.0,-3003.44,394.074,0.72123,2.60155,2.51089,-0.0906542,60.0
1744878895278100.0,-3003.44,394.074,0.72123,2.60155,2.51413,-0.0874156,60.0
1744878895298832.0,-3005.55,396.123,0.722357,2.51089,2.48919,-0.0217043,60.0
1744878895319922.0,-3005.55,396.123,0.722357,2.51089,2.4311,-0.0797949,60.0
1744878895340431.0,-3005.55,396.123,0.722357,2.51089,2.4314,-0.0794868,60.0
1744878895361177.0,-3008.09,398.172,0.723685,2.4311,2.52541,0.0943132,60.0
1744878895381915.0,-3008.09,398.172,0.723685,2.4311,2.58784,0.156741,60.0
1744878895402466.0,-3010.63,400.221,0.725015,2.52541,2.42684,-0.0985685,60.0
1744878895423140.0,-3010.63,400.221,0.725015,2.52541,2.48169,-0.0437188,60.0
1744878895443861.0,-3010.63,400.221,0.725015,2.52541,2.4684,-0.0570094,60.0
1744878895464704.0,-3012.75,401.587,0.726104,2.48169,2.38784,-0.0938507,60.0
1744878895485221.0,-3012.75,401.587,0.726104,2.48169,2.48198,0.000289809,60.0
1744878895506057.0,-3015.29,403.636,0.727437,2.38784,2.42976,0.0419188,60.0
1744878895526753.0,-3015.29,403.636,0.727437,2.38784,2.50633,0.118488,60.0
1744878895547435.0,-3015.29,403.636,0.727437,2.38784,2.34393,-0.0439059,60.0
1744878895568142.0,-3017.41,405.685,0.728571,2.50633,2.45238,-0.0539465,60.0
1744878895588772.0,-3017.41,405.685,0.728571,2.50633,2.61018,0.103854,60.0
1744878895609420.0,-3019.95,407.051,0.729863,2.45238,2.42024,-0.0321429,60.0
1744878895630175.0,-3019.95,407.051,0.729863,2.45238,2.35891,-0.0934722,60.0
1744878895650906.0,-3022.49,409.1,0.731201,2.42024,2.41098,-0.00926074,60.0
1744878895671788.0,-3022.49,409.1,0.731201,2.42024,2.54452,0.124286,60.0
1744878895692339.0,-3022.49,409.1,0.731201,2.42024,2.3769,-0.0433353,60.0
1744878895713021.0,-3024.61,411.149,0.732339,2.54452,2.53162,-0.0129012,60.0
1744878895733881.0,-3024.61,411.149,0.732339,2.54452,2.38513,-0.159398,60.0
1744878895754508.0,-3027.15,412.515,0.733636,2.53162,2.46383,-0.0677899,60.0
1744878895775280.0,-3027.15,412.515,0.733636,2.53162,2.45978,-0.0718437,60.0
1744878895796075.0,-3027.15,412.515,0.733636,2.53162,2.41505,-0.116569,60.0
1744878895816599.0,-3029.27,414.564,0.734777,2.45978,2.51988,0.0601029,60.0
1744878895837376.0,-3029.27,414.564,0.734777,2.45978,2.41308,-0.0466986,60.0
1744878895858127.0,-3031.81,416.613,0.73612,2.51988,2.45702,-0.0628653,60.0
1744878895878958.0,-3031.81,416.613,0.73612,2.51988,2.39143,-0.128457,60.0
1744878895899716.0,-3031.81,416.613,0.73612,2.51988,2.41616,-0.10372,60.0
1744878895920432.0,-3034.35,417.979,0.737421,2.39143,2.51603,0.1246,60.0
1744878895941538.0,-3034.35,417.979,0.737421,2.39143,2.51431,0.122883,60.0
1744878895962158.0,-3036.47,420.028,0.738566,2.51603,2.3924,-0.123623,60.0
1744878895982771.0,-3036.47,420.028,0.738566,2.51603,2.42615,-0.0898745,60.0
1744878896003517.0,-3036.47,420.028,0.738566,2.51603,2.46108,-0.0549435,60.0
1744878896024197.0,-3039.01,422.077,0.739915,2.42615,2.43373,0.00757812,60.0
1744878896044943.0,-3039.01,422.077,0.739915,2.42615,2.40576,-0.0203889,60.0
1744878896065655.0,-3041.12,424.126,0.741062,2.43373,2.40015,-0.0335835,60.0
1744878896086532.0,-3041.12,424.126,0.741062,2.43373,2.33782,-0.0959082,60.0
1744878896107330.0,-3043.67,425.492,0.742368,2.40015,2.23647,-0.163679,60.0
1744878896128344.0,-3043.67,425.492,0.742368,2.40015,2.44253,0.0423852,60.0
1744878896148901.0,-3043.67,425.492,0.742368,2.40015,2.30828,-0.0918678,60.0
1744878896169528.0,-3046.21,427.541,0.743722,2.44253,2.57809,0.135555,60.0
1744878896190210.0,-3046.21,427.541,0.743722,2.44253,2.37775,-0.0647796,60.0
1744878896210856.0,-3048.32,429.59,0.744873,2.57809,2.4223,-0.155789,60.0
1744878896231584.0,-3048.32,429.59,0.744873,2.57809,2.62583,0.0477419,60.0
1744878896252051.0,-3048.32,429.59,0.744873,2.57809,2.59008,0.0119921,60.0
1744878896273065.0,-3050.87,430.956,0.746184,2.62583,2.54759,-0.0782376,60.0
1744878896293523.0,-3050.87,430.956,0.746184,2.62583,2.6068,-0.0190317,60.0
1744878896314255.0,-3052.98,433.005,0.747338,2.54759,2.49451,-0.0530851,60.0
1744878896334814.0,-3052.98,433.005,0.747338,2.54759,2.41244,-0.13515,60.0
1744878896355793.0,-3052.98,433.005,0.747338,2.54759,2.43325,-0.114342,60.0
1744878896377027.0,-3055.52,435.054,0.748697,2.41244,2.52856,0.116122,60.0
1744878896397700.0,-3055.52,435.054,0.748697,2.41244,2.28216,-0.130276,60.0
1744878896418249.0,-3058.06,436.42,0.750012,2.52856,2.37767,-0.150896,60.0
1744878896438922.0,-3058.06,436.42,0.750012,2.52856,2.58219,0.0536279,60.0
1744878896459697.0,-3058.06,436.42,0.750012,2.52856,2.57123,0.0426649,60.0
1744878896480202.0,-3060.18,438.469,0.75117,2.58219,2.56209,-0.0200979,60.0
1744878896501146.0,-3060.18,438.469,0.75117,2.58219,2.58847,0.00627874,60.0
1744878896521808.0,-3062.72,440.518,0.752534,2.56209,2.5572,-0.00489571,60.0
1744878896542243.0,-3062.72,440.518,0.752534,2.56209,2.52222,-0.0398762,60.0
1744878896563124.0,-3064.84,441.884,0.753648,2.5572,2.65117,0.0939719,60.0
1744878896583624.0,-3064.84,441.884,0.753648,2.5572,2.50446,-0.0527322,60.0
1744878896604298.0,-3064.84,441.884,0.753648,2.5572,2.55721,1.76671e-05,60.0
1744878896624995.0,-3067.38,443.933,0.755015,2.50446,2.43345,-0.0710138,60.0
1744878896646019.0,-3067.38,443.933,0.755015,2.50446,2.39839,-0.106072,60.0
1744878896666405.0,-3069.92,445.982,0.756384,2.43345,2.47992,0.0464719,60.0
1744878896687443.0,-3069.92,445.982,0.756384,2.43345,2.46949,0.0360389,60.0
1744878896707958.0,-3069.92,445.982,0.756384,2.43345,2.48906,0.0556126,60.0
1744878896728643.0,-3072.04,447.348,0.757501,2.46949,2.48302,0.0135305,60.0
1744878896749440.0,-3072.04,447.348,0.757501,2.46949,2.43943,-0.0300615,60.0
1744878896770023.0,-3074.58,449.397,0.758873,2.48302,2.46965,-0.0133666,60.0
1744878896790931.0,-3074.58,449.397,0.758873,2.48302,2.52677,0.0437504,60.0
1744878896811547.0,-3074.58,449.397,0.758873,2.48302,2.42294,-0.0600756,60.0
1744878896832275.0,-3077.12,451.446,0.760246,2.52677,2.55365,0.0268784,60.0
1744878896853382.0,-3077.12,451.446,0.760246,2.52677,2.38915,-0.137615,60.0
1744878896874038.0,-3079.24,452.812,0.761367,2.55365,2.69399,0.140346,60.0
1744878896894837.0,-3079.24,452.812,0.761367,2.55365,2.47515,-0.0784982,60.0
1744878896915718.0,-3079.24,452.812,0.761367,2.55365,2.44931,-0.10434,60.0
1744878896936812.0,-3081.78,454.861,0.762743,2.47515,2.42204,-0.0531148,60.0
1744878896957394.0,-3081.78,454.861,0.762743,2.47515,2.50376,0.0286077,60.0
1744878896978329.0,-3084.32,456.91,0.764121,2.42204,2.31709,-0.104942,60.0
1744878896999034.0,-3084.32,456.91,0.764121,2.42204,2.50091,0.0788769,60.0
1744878897019969.0,-3086.44,458.276,0.765246,2.31709,2.42651,0.109417,60.0
1744878897040672.0,-3086.44,458.276,0.765246,2.31709,2.34994,0.0328466,60.0
1744878897061404.0,-3086.44,458.276,0.765246,2.31709,2.32714,0.0100429,60.0
1744878897082143.0,-3088.98,460.325,0.766627,2.34994,2.38157,0.0316322,60.0
1744878897102929.0,-3088.98,460.325,0.766627,2.34994,2.46088,0.110942,60.0
1744878897123540.0,-3091.1,462.374,0.767803,2.38157,2.49617,0.1146,60.0
1744878897144286.0,-3091.1,462.374,0.767803,2.38157,2.34157,-0.040001,60.0
1744878897164954.0,-3091.1,462.374,0.767803,2.38157,2.45704,0.0754669,60.0
1744878897185698.0,-3093.64,463.74,0.769138,2.34157,2.3536,0.0120242,60.0
1744878897206355.0,-3093.64,463.74,0.769138,2.34157,2.38962,0.0480501,60.0
1744878897227489.0,-3096.18,465.789,0.770523,2.3536,2.47731,0.123719,60.0
1744878897248036.0,-3096.18,465.789,0.770523,2.3536,2.46315,0.109557,60.0
1744878897268512.0,-3096.18,465.789,0.770523,2.3536,2.50142,0.14782,60.0
1744878897289354.0,-3098.29,467.838,0.771704,2.46315,2.48115,0.0179952,60.0
1744878897310255.0,-3098.29,467.838,0.771704,2.46315,2.56954,0.106388,60.0
1744878897330634.0,-3100.84,469.887,0.773092,2.48115,2.51593,0.0347805,60.0
1744878897351764.0,-3100.84,469.887,0.773092,2.48115,2.48008,-0.00106789,60.0
1744878897372926.0,-3102.95,471.254,0.774226,2.51593,2.49439,-0.0215396,60.0
1744878897393442.0,-3102.95,471.254,0.774226,2.51593,2.64619,0.130262,60.0
1744878897414273.0,-3102.95,471.254,0.774226,2.51593,2.49798,-0.0179493,60.0
1744878897435033.0,-3105.49,473.303,0.775617,2.64619,2.59177,-0.0544168,60.0
1744878897455728.0,-3105.49,473.303,0.775617,2.64619,2.55209,-0.0941029,60.0
1744878897476434.0,-3107.61,475.352,0.776803,2.59177,2.52873,-0.0630427,60.0
1744878897497110.0,-3107.61,475.352,0.776803,2.59177,2.51589,-0.0758811,60.0
1744878897517991.0,-3107.61,475.352,0.776803,2.59177,2.593,0.00122384,60.0
1744878897538968.0,-3110.15,477.401,0.778198,2.51589,2.50272,-0.0131716,60.0
1744878897559749.0,-3110.15,477.401,0.778198,2.51589,2.59033,0.0744343,60.0
1744878897580987.0,-3112.27,478.767,0.779336,2.50272,2.52746,0.0247396,60.0
1744878897601367.0,-3112.27,478.767,0.779336,2.50272,2.41663,-0.0860885,60.0
1744878897622195.0,-3112.27,478.767,0.779336,2.50272,2.36518,-0.137543,60.0
1744878897642794.0,-3114.81,480.816,0.780733,2.41663,2.48479,0.0681541,60.0
1744878897663570.0,-3114.81,480.816,0.780733,2.41663,2.31991,-0.096726,60.0
1744878897684330.0,-3117.35,482.865,0.782133,2.48479,2.53054,0.0457567,60.0
1744878897704965.0,-3117.35,482.865,0.782133,2.48479,2.42956,-0.0552279,60.0
1744878897725871.0,-3117.35,482.865,0.782133,2.48479,2.45029,-0.0344943,60.0
1744878897746475.0,-3119.47,484.231,0.783274,2.42956,2.33585,-0.0937046,60.0
1744878897767177.0,-3119.47,484.231,0.783274,2.42956,2.38843,-0.0411266,60.0
1744878897787862.0,-3122.01,486.28,0.784676,2.33585,2.45862,0.122764,60.0
1744878897808492.0,-3122.01,486.28,0.784676,2.33585,2.45596,0.12011,60.0
1744878897829132.0,-3124.13,488.329,0.785872,2.45862,2.5114,0.0527854,60.0
1744878897849838.0,-3124.13,488.329,0.785872,2.45862,2.45582,-0.00279855,60.0
1744878897870899.0,-3124.13,488.329,0.785872,2.45862,2.33543,-0.123187,60.0
1744878897891707.0,-3126.67,490.378,0.787278,2.45582,2.50122,0.0454042,60.0
1744878897912422.0,-3126.67,490.378,0.787278,2.45582,2.53606,0.080242,60.0
1744878897933165.0,-3128.79,491.744,0.788424,2.50122,2.42648,-0.0747477,60.0
1744878897953796.0,-3128.79,491.744,0.788424,2.50122,2.4034,-0.0978247,60.0
1744878897974872.0,-3128.79,491.744,0.788424,2.50122,2.41886,-0.082359,60.0
1744878897995327.0,-3131.33,493.793,0.789832,2.4034,2.46047,0.0570682,60.0
1744878898016060.0,-3131.33,493.793,0.789832,2.4034,2.36621,-0.0371886,60.0
1744878898036738.0,-3133.44,495.842,0.791034,2.46047,2.54526,0.0847934,60.0
1744878898057400.0,-3133.44,495.842,0.791034,2.46047,2.47242,0.0119509,60.0
1744878898078003.0,-3133.44,495.842,0.791034,2.46047,2.54095,0.0804848,60.0
1744878898098846.0,-3135.98,497.891,0.792445,2.47242,2.32756,-0.144862,60.0
1744878898119366.0,-3135.98,497.891,0.792445,2.47242,2.46005,-0.0123686,60.0
1744878898140377.0,-3138.1,499.257,0.793596,2.32756,2.26193,-0.065623,60.0
1744878898160992.0,-3138.1,499.257,0.793596,2.32756,2.35916,0.0316036,60.0
1744878898181757.0,-3138.1,499.257,0.793596,2.32756,2.25389,-0.0736623,60.0
1744878898202589.0,-3140.64,501.306,0.795011,2.35916,2.40964,0.0504833,60.0
1744878898223016.0,-3140.64,501.306,0.795011,2.35916,2.31904,-0.0401219,60.0
1744878898243967.0,-3142.76,503.355,0.796217,2.40964,2.51168,0.102035,60.0
1744878898264558.0,-3142.76,503.355,0.796217,2.40964,2.35809,-0.0515489,60.0
1744878898284950.0,-3145.3,505.404,0.797635,2.51168,2.62346,0.111783,60.0
1744878898305714.0,-3145.3,505.404,0.797635,2.51168,2.54502,0.0333452,60.0
1744878898326471.0,-3145.3,505.404,0.797635,2.51168,2.42364,-0.0880351,60.0
1744878898347174.0,-3147.42,506.77,0.798791,2.54502,2.44077,-0.104255,60.0
1744878898367922.0,-3147.42,506.77,0.798791,2.54502,2.38724,-0.157787,60.0
1744878898389315.0,-3149.96,508.819,0.800211,2.44077,2.47571,0.0349391,60.0
1744878898410042.0,-3149.96,508.819,0.800211,2.44077,2.41937,-0.0213929,60.0
1744878898430277.0,-3149.96,508.819,0.800211,2.44077,2.57705,0.136283,60.0
1744878898451113.0,-3152.08,510.869,0.801424,2.41937,2.31738,-0.101996,60.0
1744878898471789.0,-3152.08,510.869,0.801424,2.41937,2.44693,0.0275507,60.0
1744878898492540.0,-3154.62,512.918,0.802848,2.31738,2.47778,0.160406,60.0
1744878898513021.0,-3154.62,512.918,0.802848,2.31738,2.4052,0.0878263,60.0
1744878898533861.0,-3154.62,512.918,0.802848,2.31738,2.26279,-0.0545913,60.0
1744878898554559.0,-3156.73,514.967,0.804063,2.4052,2.5226,0.117399,60.0
1744878898575384.0,-3156.73,514.967,0.804063,2.4052,2.2807,-0.124509,60.0
1744878898596044.0,-3159.28,516.333,0.805435,2.5226,2.4197,-0.102903,60.0
1744878898616715.0,-3159.28,516.333,0.805435,2.5226,2.45065,-0.0719506,60.0
1744878898637362.0,-3161.39,518.382,0.806653,2.4197,2.41018,-0.00952469,60.0
1744878898657996.0,-3161.39,518.382,0.806653,2.4197,2.50347,0.0837736,60.0
1744878898678936.0,-3161.39,518.382,0.806653,2.4197,2.45145,0.0317469,60.0
1744878898699447.0,-3163.93,520.431,0.808083,2.50347,2.51728,0.0138101,60.0
1744878898720204.0,-3163.93,520.431,0.808083,2.50347,2.51445,0.0109719,60.0
1744878898740766.0,-3166.05,522.48,0.809303,2.51728,2.5067,-0.0105798,60.0
1744878898761521.0,-3166.05,522.48,0.809303,2.51728,2.49481,-0.0224691,60.0
1744878898781930.0,-3166.05,522.48,0.809303,2.51728,2.40211,-0.115177,60.0
1744878898803051.0,-3168.59,524.529,0.810736,2.49481,2.63707,0.142254,60.0
1744878898823774.0,-3168.59,524.529,0.810736,2.49481,2.51471,0.0198943,60.0
1744878898844348.0,-3170.71,525.895,0.811904,2.63707,2.52134,-0.11573,60.0
1744878898865295.0,-3170.71,525.895,0.811904,2.63707,2.50801,-0.12906,60.0
1744878898885977.0,-3170.71,525.895,0.811904,2.63707,2.57269,-0.0643777,60.0
1744878898906423.0,-3173.25,527.944,0.81334,2.50801,2.59742,0.0894078,60.0
1744878898927483.0,-3173.25,527.944,0.81334,2.50801,2.54056,0.0325546,60.0
1744878898948132.0,-3175.37,529.993,0.814566,2.59742,2.4362,-0.16122,60.0
1744878898968590.0,-3175.37,529.993,0.814566,2.59742,2.51304,-0.0843809,60.0
1744878898989841.0,-3175.37,529.993,0.814566,2.59742,2.47261,-0.124808,60.0
1744878899010509.0,-3177.91,531.359,0.815949,2.51304,2.43099,-0.0820478,60.0
1744878899031285.0,-3177.91,531.359,0.815949,2.51304,2.45154,-0.0615002,60.0
1744878899051970.0,-3180.03,533.408,0.817178,2.43099,2.38225,-0.0487377,60.0
1744878899072668.0,-3180.03,533.408,0.817178,2.43099,2.34533,-0.0856618,60.0
1744878899093286.0,-3182.57,535.457,0.81862,2.38225,2.48994,0.107688,60.0
1744878899114035.0,-3182.57,535.457,0.81862,2.38225,2.43513,0.0528799,60.0
1744878899134719.0,-3182.57,535.457,0.81862,2.38225,2.36259,-0.0196594,60.0
1744878899155412.0,-3184.68,537.506,0.819852,2.43513,2.41522,-0.0199134,60.0
1744878899176213.0,-3184.68,537.506,0.819852,2.43513,2.44083,0.00569864,60.0
1744878899196756.0,-3187.22,538.873,0.821239,2.41522,2.39666,-0.0185611,60.0
1744878899217335.0,-3187.22,538.873,0.821239,2.41522,2.44895,0.0337371,60.0
1744878899238178.0,-3187.22,538.873,0.821239,2.41522,2.38356,-0.0316559,60.0
1744878899258777.0,-3189.34,540.922,0.822474,2.44895,2.59296,0.144007,60.0
1744878899279502.0,-3189.34,540.922,0.822474,2.44895,2.33839,-0.110559,60.0
1744878899299970.0,-3191.88,542.971,0.823922,2.59296,2.61165,0.0186836,60.0
1744878899320908.0,-3191.88,542.971,0.823922,2.59296,2.46916,-0.123806,60.0
1744878899341713.0,-3191.88,542.971,0.823922,2.59296,2.61758,0.0246144,60.0
1744878899362611.0,-3194.42,545.02,0.825372,2.46916,2.46805,-0.00110604,60.0
1744878899383445.0,-3194.42,545.02,0.825372,2.46916,2.33944,-0.129719,60.0
1744878899404166.0,-3196.54,546.386,0.826553,2.46805,2.32812,-0.139927,60.0
1744878899425090.0,-3196.54,546.386,0.826553,2.46805,2.47451,0.00645732,60.0
1744878899445838.0,-3196.54,546.386,0.826553,2.46805,2.47117,0.00312405,60.0
1744878899466589.0,-3199.08,548.435,0.828006,2.47451,2.46532,-0.00918341,60.0
1744878899487620.0,-3199.08,548.435,0.828006,2.47451,2.41932,-0.0551829,60.0
1744878899508210.0,-3201.2,550.484,0.829247,2.46532,2.45392,-0.0113988,60.0
1744878899528985.0,-3201.2,550.484,0.829247,2.46532,2.51055,0.0452264,60.0
1744878899549845.0,-3203.74,552.533,0.830703,2.45392,2.53505,0.0811231,60.0
1744878899570676.0,-3203.74,552.533,0.830703,2.45392,2.59862,0.144697,60.0
1744878899591411.0,-3203.74,552.533,0.830703,2.45392,2.4963,0.0423723,60.0
1744878899612305.0,-3205.86,553.899,0.831888,2.59862,2.49375,-0.10487,60.0
1744878899632981.0,-3205.86,553.899,0.831888,2.59862,2.60264,0.00402106,60.0
1744878899653988.0,-3208.4,555.948,0.833347,2.49375,2.36503,-0.128717,60.0
1744878899674939.0,-3208.4,555.948,0.833347,2.49375,2.47424,-0.0195113,60.0
1744878899695607.0,-3208.4,555.948,0.833347,2.49375,2.49166,-0.00209374,60.0
1744878899716118.0,-3210.52,557.997,0.834594,2.47424,2.49733,0.0230895,60.0
1744878899736917.0,-3210.52,557.997,0.834594,2.47424,2.35758,-0.116659,60.0
1744878899757750.0,-3213.06,559.363,0.835997,2.49733,2.48416,-0.013165,60.0
1744878899778414.0,-3213.06,559.363,0.835997,2.49733,2.37437,-0.122964,60.0
1744878899799454.0,-3213.06,559.363,0.835997,2.49733,2.48825,-0.00907498,60.0
1744878899819947.0,-3215.6,561.412,0.83746,2.37436,2.41411,0.0397447,60.0
1744878899840702.0,-3215.6,561.412,0.83746,2.37436,2.53309,0.158722,60.0
1744878899861586.0,-3217.72,563.462,0.838712,2.41411,2.50678,0.0926715,60.0
1744878899882344.0,-3217.72,563.462,0.838712,2.41411,2.31261,-0.101503,60.0
1744878899903045.0,-3220.26,565.511,0.840179,2.50678,2.39771,-0.109069,60.0
1744878899923741.0,-3220.26,565.511,0.840179,2.50678,2.53306,0.0262811,60.0
1744878899944470.0,-3220.26,565.511,0.840179,2.50678,2.56174,0.0549598,60.0
1744878899965703.0,-3222.37,566.877,0.841372,2.53306,2.55004,0.0169761,60.0
1744878899985997.0,-3222.37,566.877,0.841372,2.53306,2.36951,-0.163548,60.0
1744878900006647.0,-3224.91,568.926,0.842842,2.55004,2.39015,-0.159891,60.0
1744878900027385.0,-3224.91,568.926,0.842842,2.55004,2.67447,0.124429,60.0
1744878900048154.0,-3224.91,568.926,0.842842,2.55004,2.49517,-0.0548682,60.0
1744878900068917.0,-3227.03,570.975,0.844098,2.67447,2.61395,-0.0605171,60.0
1744878900089497.0,-3227.03,570.975,0.844098,2.67447,2.54936,-0.125108,60.0
1744878900110296.0,-3229.57,572.341,0.84551,2.61395,2.65012,0.036167,60.0
1744878900131054.0,-3229.57,572.341,0.84551,2.61395,2.45797,-0.155985,60.0
1744878900151721.0,-3229.57,572.341,0.84551,2.61395,2.4831,-0.130852,60.0
1744878900172470.0,-3232.11,574.39,0.846985,2.45797,2.44155,-0.0164165,60.0
1744878900193309.0,-3232.11,574.39,0.846985,2.45797,2.57795,0.119982,60.0
1744878900214076.0,-3234.23,576.439,0.848245,2.44155,2.30059,-0.140954,60.0
1744878900234791.0,-3234.23,576.439,0.848245,2.44155,2.44378,0.00223408,60.0
1744878900255733.0,-3234.23,576.439,0.848245,2.44155,2.5367,0.0951508,60.0
1744878900276603.0,-3236.77,577.805,0.849661,2.44378,2.33051,-0.113273,60.0
1744878900297263.0,-3236.77,577.805,0.849661,2.44378,2.38049,-0.0632896,60.0
1744878900317884.0,-3239.31,579.854,0.85114,2.33051,2.37498,0.0444702,60.0
1744878900338503.0,-3239.31,579.854,0.85114,2.33051,2.40689,0.076379,60.0
1744878900359793.0,-3241.43,581.904,0.852405,2.37498,2.41352,0.038537,60.0
1744878900380639.0,-3241.43,581.904,0.852405,2.37498,2.45441,0.0794319,60.0
1744878900401345.0,-3241.43,581.904,0.852405,2.37498,2.52652,0.15154,60.0
1744878900422086.0,-3243.97,583.27,0.853825,2.45441,2.34193,-0.112479,60.0
1744878900442905.0,-3243.97,583.27,0.853825,2.45441,2.31388,-0.140535,60.0
1744878900463487.0,-3246.09,585.319,0.855093,2.34193,2.47189,0.129956,60.0
1744878900484015.0,-3246.09,585.319,0.855093,2.34193,2.44834,0.106405,60.0
1744878900505534.0,-3246.09,585.319,0.855093,2.34193,2.22692,-0.115012,60.0
1744878900526590.0,-3248.63,587.368,0.856578,2.44834,2.43381,-0.0145322,60.0
1744878900547212.0,-3248.63,587.368,0.856578,2.44834,2.59385,0.145515,60.0
1744878900567802.0,-3250.75,589.417,0.857849,2.43381,2.414,-0.0198047,60.0
1744878900588620.0,-3250.75,589.417,0.857849,2.43381,2.43806,0.00425828,60.0
1744878900609291.0,-3250.75,589.417,0.857849,2.43381,2.3434,-0.0904093,60.0
1744878900630114.0,-3253.29,590.783,0.859274,2.43806,2.48237,0.0443013,60.0
1744878900650834.0,-3253.29,590.783,0.859274,2.43806,2.28775,-0.150311,60.0
1744878900671350.0,-3255.4,592.832,0.860547,2.48237,2.3824,-0.0999672,60.0
1744878900692417.0,-3255.4,592.832,0.860547,2.48237,2.62679,0.14442,60.0
1744878900712858.0,-3257.95,594.881,0.862038,2.3824,2.36634,-0.0160627,60.0
1744878900733481.0,-3257.95,594.881,0.862038,2.3824,2.43682,0.0544211,60.0
1744878900754345.0,-3257.95,594.881,0.862038,2.3824,2.49665,0.114256,60.0
1744878900774969.0,-3260.06,596.93,0.863314,2.43682,2.59089,0.154068,60.0
1744878900795957.0,-3260.06,596.93,0.863314,2.43682,2.46056,0.0237408,60.0
1744878900816471.0,-3262.6,598.296,0.864745,2.59089,2.52492,-0.0659715,60.0
1744878900837268.0,-3262.6,598.296,0.864745,2.59089,2.64387,0.0529783,60.0
1744878900857892.0,-3262.6,598.296,0.864745,2.59089,2.46613,-0.124759,60.0
1744878900878839.0,-3264.72,600.346,0.866023,2.64387,2.53556,-0.108307,60.0
1744878900899484.0,-3264.72,600.346,0.866023,2.64387,2.59206,-0.0518007,60.0
1744878900921316.0,-3267.26,602.395,0.867521,2.53556,2.57126,0.0356989,60.0
1744878900941944.0,-3267.26,602.395,0.867521,2.53556,2.48943,-0.0461256,60.0
1744878900962597.0,-3267.26,602.395,0.867521,2.53556,2.55764,0.0220801,60.0
1744878900983173.0,-3269.38,604.444,0.868802,2.48943,2.59387,0.104441,60.0
1744878901003985.0,-3269.38,604.444,0.868802,2.48943,2.41231,-0.0771241,60.0
1744878901024878.0,-3271.92,605.81,0.870238,2.59387,2.55862,-0.0352498,60.0
1744878901045564.0,-3271.92,605.81,0.870238,2.59387,2.47502,-0.118858,60.0
1744878901066452.0,-3274.46,607.859,0.87174,2.47502,2.49737,0.0223576,60.0
1744878901087311.0,-3274.46,607.859,0.87174,2.47502,2.31125,-0.163766,60.0
1744878901108005.0,-3274.46,607.859,0.87174,2.47502,2.52651,0.0514931,60.0
1744878901128829.0,-3276.58,609.908,0.873026,2.31125,2.26282,-0.0484321,60.0
1744878901149722.0,-3276.58,609.908,0.873026,2.31125,2.31641,0.0051621,60.0
1744878901170456.0,-3279.12,611.274,0.874466,2.26282,2.30449,0.041669,60.0
1744878901191264.0,-3279.12,611.274,0.874466,2.26282,2.40062,0.137801,60.0
1744878901211895.0,-3279.12,611.274,0.874466,2.26282,2.37164,0.108823,60.0
1744878901232429.0,-3281.24,613.323,0.875754,2.40062,2.53257,0.131951,60.0
1744878901253241.0,-3281.24,613.323,0.875754,2.40062,2.46345,0.0628339,60.0
1744878901273772.0,-3283.78,615.372,0.877262,2.53257,2.51896,-0.0136137,60.0
1744878901294953.0,-3283.78,615.372,0.877262,2.53257,2.56595,0.0333789,60.0
1744878901315614.0,-3283.78,615.372,0.877262,2.53257,2.4629,-0.0696704,60.0
1744878901336277.0,-3285.89,617.422,0.878554,2.56595,2.60588,0.0399351,60.0
1744878901357466.0,-3285.89,617.422,0.878554,2.56595,2.63865,0.0727013,60.0
1744878901378487.0,-3288.44,618.788,0.879999,2.60589,2.64412,0.0382327,60.0
1744878901399201.0,-3288.44,618.788,0.879999,2.60589,2.53579,-0.0700956,60.0
1744878901419834.0,-3288.44,618.788,0.879999,2.60589,2.63656,0.0306711,60.0
1744878901440681.0,-3290.98,620.837,0.881512,2.53579,2.59364,0.0578471,60.0
1744878901461511.0,-3290.98,620.837,0.881512,2.53579,2.46826,-0.0675269,60.0
1744878901482201.0,-3293.09,622.886,0.882807,2.59364,2.7376,0.143967,60.0
1744878901502952.0,-3293.09,622.886,0.882807,2.59364,2.50172,-0.0919209,60.0
1744878901523641.0,-3295.63,624.252,0.884256,2.7376,2.62954,-0.108066,60.0
1744878901544307.0,-3295.63,624.252,0.884256,2.7376,2.59478,-0.142824,60.0
1744878901565158.0,-3295.63,624.252,0.884256,2.7376,2.67685,-0.0607492,60.0
1744878901585922.0,-3297.75,626.301,0.885554,2.59478,2.51365,-0.0811308,60.0
1744878901606601.0,-3297.75,626.301,0.885554,2.59478,2.60977,0.0149857,60.0
1744878901627095.0,-3300.29,628.35,0.887073,2.51365,2.48754,-0.0261077,60.0
1744878901647846.0,-3300.29,628.35,0.887073,2.51365,2.5684,0.0547548,60.0
1744878901668624.0,-3300.29,628.35,0.887073,2.51365,2.53951,0.0258565,60.0
1744878901689497.0,-3302.83,629.716,0.888527,2.5684,2.58825,0.0198435,60.0
1744878901710363.0,-3302.83,629.716,0.888527,2.5684,2.40779,-0.160615,60.0
1744878901731183.0,-3304.95,631.766,0.889829,2.58825,2.64292,0.0546721,60.0
1744878901752297.0,-3304.95,631.766,0.889829,2.58825,2.69128,0.103036,60.0
1744878901773118.0,-3304.95,631.766,0.889829,2.58825,2.49492,-0.0933237,60.0
1744878901793900.0,-3307.49,633.815,0.891352,2.69128,2.63791,-0.0533759,60.0
1744878901814862.0,-3307.49,633.815,0.891352,2.69128,2.69517,0.00388562,60.0
1744878901835741.0,-3310.03,635.181,0.89281,2.63791,2.63816,0.000252612,60.0
1744878901856628.0,-3310.03,635.181,0.89281,2.63791,2.51727,-0.120634,60.0
1744878901877979.0,-3312.57,637.23,0.894337,2.63816,2.55822,-0.0799403,60.0
1744878901899134.0,-3312.57,637.23,0.894337,2.63816,2.50737,-0.130791,60.0
1744878901919918.0,-3312.57,637.23,0.894337,2.63816,2.49285,-0.145305,60.0
1744878901940680.0,-3315.11,638.596,0.895797,2.50737,2.5622,0.0548274,60.0
1744878901961477.0,-3315.11,638.596,0.895797,2.50737,2.41593,-0.0914355,60.0
1744878901982228.0,-3317.23,640.645,0.897106,2.5622,2.64999,0.0877918,60.0
1744878902002950.0,-3317.23,640.645,0.897106,2.5622,2.42364,-0.138559,60.0
1744878902023825.0,-3317.23,640.645,0.897106,2.5622,2.40305,-0.159146,60.0
1744878902044783.0,-3319.77,642.011,0.898568,2.42364,2.37887,-0.0447661,60.0
1744878902065557.0,-3319.77,642.011,0.898568,2.42364,2.52765,0.104013,60.0
1744878902086423.0,-3322.31,644.061,0.900101,2.37887,2.3902,0.0113282,60.0
1744878902108643.0,-3322.31,644.061,0.900101,2.37887,2.46041,0.0815414,60.0
1744878902129378.0,-3322.31,644.061,0.900101,2.37887,2.27789,-0.100979,60.0
1744878902150037.0,-3324.85,645.427,0.901567,2.46041,2.4744,0.0139878,60.0
1744878902170744.0,-3324.85,645.427,0.901567,2.46041,2.40455,-0.0558657,60.0
1744878902191519.0,-3326.97,647.476,0.902881,2.4744,2.59352,0.11912,60.0
1744878902212511.0,-3326.97,647.476,0.902881,2.4744,2.52804,0.0536369,60.0
1744878902233119.0,-3329.51,649.525,0.904419,2.59352,2.46371,-0.129809,60.0
1744878902253917.0,-3329.51,649.525,0.904419,2.59352,2.47398,-0.119544,60.0
1744878902274965.0,-3329.51,649.525,0.904419,2.59352,2.57698,-0.0165363,60.0
1744878902298221.0,-3332.05,650.891,0.905888,2.47398,2.416,-0.0579728,60.0
1744878902319040.0,-3332.05,650.891,0.905888,2.47398,2.44302,-0.030959,60.0
1744878902339761.0,-3334.59,652.94,0.907429,2.416,2.39634,-0.0196611,60.0
1744878902360652.0,-3334.59,652.94,0.907429,2.416,2.47903,0.063023,60.0
1744878902381792.0,-3334.59,652.94,0.907429,2.416,2.48022,0.0642159,60.0
1744878902403323.0,-3336.71,654.306,0.908679,2.47903,2.3247,-0.154324,60.0
1744878902428389.0,-3336.71,654.306,0.908679,2.47903,2.59316,0.114138,60.0
1744878902449316.0,-3339.25,656.356,0.910223,2.3247,2.3623,0.0375993,60.0
1744878902470140.0,-3339.25,656.356,0.910223,2.3247,2.39688,0.0721821,60.0
1744878902491157.0,-3341.79,658.405,0.911768,2.3623,2.4756,0.113304,60.0
1744878902516155.0,-3341.79,658.405,0.911768,2.3623,2.4062,0.0439041,60.0
1744878902536778.0,-3341.79,658.405,0.911768,2.3623,2.37266,0.0103611,60.0
1744878902557732.0,-3343.91,659.771,0.913022,2.4062,2.51735,0.111149,60.0
1744878902578773.0,-3343.91,659.771,0.913022,2.4062,2.51385,0.107641,60.0
1744878902599206.0,-3346.45,661.82,0.91457,2.51735,2.55547,0.0381198,60.0
1744878902620072.0,-3346.45,661.82,0.91457,2.51735,2.50259,-0.0147632,60.0
1744878902640930.0,-3346.45,661.82,0.91457,2.51735,2.40636,-0.110997,60.0
1744878902662010.0,-3348.57,663.869,0.915897,2.50259,2.57453,0.0719434,60.0
1744878902682965.0,-3348.57,663.869,0.915897,2.50259,2.35597,-0.146617,60.0
1744878902703449.0,-3351.11,665.235,0.917377,2.57453,2.54383,-0.0307086,60.0
1744878902724883.0,-3351.11,665.235,0.917377,2.57453,2.45941,-0.115127,60.0
1744878902747519.0,-3353.65,667.284,0.91893,2.54383,2.51183,-0.0319927,60.0
1744878902769386.0,-3353.65,667.284,0.91893,2.54383,2.52212,-0.0217071,60.0
1744878902791184.0,-3353.65,667.284,0.91893,2.54383,2.38817,-0.155654,60.0
1744878902813290.0,-3355.77,669.334,0.920261,2.52212,2.60459,0.0824719,60.0
1744878902834342.0,-3355.77,669.334,0.920261,2.52212,2.44943,-0.0726905,60.0
1744878902855625.0,-3358.31,670.7,0.921745,2.60459,2.44615,-0.158437,60.0
1744878902877471.0,-3358.31,670.7,0.921745,2.60459,2.72792,0.123334,60.0
1744878902898450.0,-3360.85,672.749,0.923302,2.44615,2.5038,0.0576447,60.0
1744878902933255.0,-3360.85,672.749,0.923302,2.44615,2.55817,0.112016,60.0
1744878902962585.0,-3362.97,674.115,0.924566,2.5038,2.50035,-0.00344383,60.0
1744878902985752.0,-3362.97,674.115,0.924566,2.5038,2.51591,0.0121136,60.0
1744878903007085.0,-3365.51,676.164,0.926126,2.50035,2.5336,0.0332422,60.0
1744878903029314.0,-3365.51,676.164,0.926126,2.50035,2.4826,-0.0177589,60.0
1744878903052443.0,-3368.05,678.213,0.927688,2.5336,2.44715,-0.0864508,60.0
1744878903077020.0,-3368.05,678.213,0.927688,2.5336,2.67906,0.145461,60.0
1744878903114137.0,-3370.59,679.58,0.929179,2.44715,2.51625,0.0691005,60.0
1744878903143700.0,-3370.59,679.58,0.929179,2.44715,2.53722,0.090074,60.0
1744878903168915.0,-3372.71,681.629,0.93052,2.51625,2.53544,0.0191892,60.0
1744878903201938.0,-3372.71,681.629,0.93052,2.51625,2.59994,0.0836967,60.0
1744878903229736.0,-3375.25,683.678,0.932086,2.53544,2.46158,-0.0738528,60.0
1744878903257516.0,-3377.79,685.044,0.933581,2.59994,2.6097,0.00975944,60.0
1744878903297895.0,-3377.79,685.044,0.933581,2.59994,2.47982,-0.120127,60.0
1744878903329365.0,-3379.91,687.093,0.934926,2.6097,2.57928,-0.0304196,60.0
1744878903367639.0,-3382.45,688.459,0.936424,2.47982,2.54488,0.0650605,60.0
1744878903397556.0,-3382.45,688.459,0.936424,2.47982,2.54885,0.0690311,60.0
1744878903426447.0,-3384.99,690.509,0.937997,2.54488,2.54294,-0.00193595,60.0
1744878903479172.0,-3384.99,690.509,0.937997,2.54488,2.54099,-0.00388388,60.0
1744878903519485.0,-3387.1,692.558,0.939346,2.54294,2.40532,-0.137617,60.0
1744878903546289.0,-3389.65,693.924,0.940847,2.54099,2.49035,-0.0506422,60.0
1744878903578416.0,-3389.65,693.924,0.940847,2.54099,2.39003,-0.150959,60.0
1744878903609013.0,-3392.19,695.973,0.942425,2.49035,2.37885,-0.111497,60.0
1744878903665618.0,-3394.73,697.339,0.943929,2.39003,2.42414,0.0341047,60.0
1744878903700038.0,-3394.73,697.339,0.943929,2.39003,2.41001,0.0199778,60.0
1744878903731045.0,-3396.84,699.388,0.945284,2.42414,2.3826,-0.0415377,60.0
1744878903768622.0,-3396.84,699.388,0.945284,2.42414,2.34176,-0.0823757,60.0
1744878903802805.0,-3399.38,700.755,0.946791,2.3826,2.52265,0.140048,60.0
1744878903843509.0,-3401.93,702.804,0.948374,2.34176,2.46462,0.122856,60.0
1744878903874725.0,-3401.93,702.804,0.948374,2.34176,2.40665,0.0648833,60.0
1744878903906932.0,-3404.04,704.853,0.949733,2.46462,2.4679,0.00327982,60.0
1744878903946968.0,-3406.58,706.219,0.951244,2.40665,2.44656,0.0399124,60.0
1744878903980589.0,-3406.58,706.219,0.951244,2.40665,2.43333,0.0266836,60.0
1744878904018674.0,-3409.12,708.268,0.952832,2.44656,2.44955,0.00298859,60.0
1744878904054843.0,-3411.24,710.317,0.954195,2.43333,2.3371,-0.0962303,60.0
1744878904098152.0,-3411.24,710.317,0.954195,2.43333,2.39799,-0.0353437,60.0
1744878904135632.0,-3413.78,712.367,0.955786,2.3371,2.41966,0.0825645,60.0
1744878904182952.0,-3415.9,713.733,0.957075,2.39799,2.52321,0.125222,60.0
1744878904219194.0,-3418.44,715.782,0.958669,2.41966,2.49725,0.0775853,60.0
1744878904250165.0,-3418.44,715.782,0.958669,2.41966,2.43289,0.0132288,60.0
1744878904313090.0,-3423.1,719.88,0.961635,2.49725,2.50289,0.00563609,60.0
1744878904363022.0,-3425.22,721.246,0.962929,2.50289,2.60296,0.100078,60.0
1744878904397199.0,-3425.22,721.246,0.962929,2.50289,2.41273,-0.0901595,60.0
1744878904430363.0,-3427.76,723.296,0.964529,2.60296,2.5646,-0.0383586,60.0
1744878904478601.0,-3430.3,725.345,0.966131,2.41273,2.34275,-0.0699806,60.0
1744878904512864.0,-3430.3,725.345,0.966131,2.41273,2.49313,0.0804019,60.0
1744878904542701.0,-3432.42,726.711,0.967429,2.34275,2.46243,0.119689,60.0
1744878904578112.0,-3432.42,726.711,0.967429,2.34275,2.45548,0.112733,60.0
1744878904611412.0,-3434.96,728.76,0.969034,2.46243,2.42077,-0.0416595,60.0
1744878904669505.0,-3437.07,730.809,0.970412,2.45548,2.34627,-0.109213,60.0
1744878904717388.0,-3437.07,730.809,0.970412,2.45548,2.5556,0.100125,60.0
1744878904753760.0,-3439.61,732.858,0.97202,2.34627,2.42565,0.0793834,60.0
1744878904786340.0,-3441.73,734.225,0.973322,2.5556,2.53074,-0.0248607,60.0
1744878904825347.0,-3444.27,736.274,0.974933,2.42565,2.29754,-0.128107,60.0
1744878904859452.0,-3444.27,736.274,0.974933,2.42565,2.49981,0.0741655,60.0
1744878904894136.0,-3446.39,738.323,0.976317,2.29754,2.45322,0.155675,60.0
1744878904938212.0,-3448.93,740.372,0.977931,2.49981,2.42883,-0.0709846,60.0
1744878904976560.0,-3448.93,740.372,0.977931,2.49981,2.46136,-0.0384509,60.0
1744878905014755.0,-3451.05,741.738,0.979238,2.42883,2.42081,-0.00802005,60.0
1744878905067828.0,-3453.59,743.788,0.980855,2.46136,2.30407,-0.157294,60.0
1744878905122023.0,-3455.71,745.837,0.982244,2.42081,2.32627,-0.0945367,60.0
1744878905164131.0,-3455.71,745.837,0.982244,2.42081,2.5336,0.112793,60.0
1744878905220020.0,-3458.25,747.886,0.983864,2.32627,2.39411,0.0678342,60.0
1744878905253461.0,-3460.36,749.935,0.985256,2.5336,2.6212,0.0875969,60.0
1744878905286211.0,-3460.36,749.935,0.985256,2.5336,2.45608,-0.0775188,60.0
1744878905324771.0,-3462.91,751.301,0.986799,2.6212,2.69538,0.0741846,60.0
1744878905354944.0,-3462.91,751.301,0.986799,2.6212,2.45908,-0.162122,60.0
1744878905384470.0,-3465.02,753.351,0.988194,2.69538,2.63203,-0.0633508,60.0
1744878905425675.0,-3465.02,753.351,0.988194,2.69538,2.64522,-0.0501651,60.0
1744878905461812.0,-3467.56,755.4,0.98982,2.63203,2.48749,-0.14454,60.0
1744878905494232.0,-3469.68,757.449,0.991217,2.64522,2.59849,-0.0467332,60.0
1744878905550520.0,-3472.22,758.815,0.992766,2.48749,2.44623,-0.0412637,60.0
1744878905601690.0,-3474.76,760.864,0.994397,2.59849,2.5046,-0.0938874,60.0
1744878905634842.0,-3474.76,760.864,0.994397,2.59849,2.4991,-0.0993868,60.0
1744878905665174.0,-3476.88,762.914,0.995799,2.5046,2.43854,-0.0660557,60.0
1744878905719661.0,-3479.42,764.28,0.997351,2.4991,2.53794,0.0388443,60.0
1744878905774099.0,-3479.42,764.28,0.997351,2.4991,2.52952,0.0304197,60.0
1744878905836142.0,-3484.08,768.378,1.00039,2.53794,2.56712,0.0291813,60.0
1744878905891016.0,-3484.08,768.378,1.00039,2.53794,2.55506,0.0171158,60.0
1744878905932866.0,-3486.62,769.744,1.00195,2.56712,2.40575,-0.161377,60.0
1744878905971750.0,-3488.74,771.794,1.00336,2.55506,2.40437,-0.150688,60.0
1744878906005573.0,-3491.28,773.16,1.00492,2.40575,2.55565,0.149907,60.0
1744878906039423.0,-3491.28,773.16,1.00492,2.40575,2.43017,0.0244224,60.0
1744878906069376.0,-3493.82,775.209,1.00656,2.55565,2.45915,-0.0965013,60.0
1744878906090297.0,-3493.82,775.209,1.00656,2.55565,2.52067,-0.034981,60.0
1744878906111065.0,-3495.94,777.258,1.00797,2.45915,2.41143,-0.0477283,60.0
1744878906132084.0,-3495.94,777.258,1.00797,2.45915,2.46268,0.00352896,60.0
1744878906152847.0,-3498.48,778.624,1.00954,2.41143,2.56798,0.156553,60.0
1744878906173703.0,-3498.48,778.624,1.00954,2.41143,2.55737,0.145942,60.0
1744878906194561.0,-3498.48,778.624,1.00954,2.41143,2.37405,-0.0373775,60.0
1744878906215568.0,-3501.02,780.674,1.01118,2.55737,2.54636,-0.0110096,60.0
1744878906237167.0,-3501.02,780.674,1.01118,2.55737,2.53083,-0.0265384,60.0
1744878906258010.0,-3503.13,782.723,1.0126,2.54636,2.61516,0.0688039,60.0
1744878906278910.0,-3503.13,782.723,1.0126,2.54636,2.49354,-0.0528224,60.0
1744878906301478.0,-3505.68,784.089,1.01417,2.61516,2.47898,-0.136181,60.0
1744878906323410.0,-3505.68,784.089,1.01417,2.61516,2.58419,-0.0309721,60.0
1744878906344882.0,-3505.68,784.089,1.01417,2.61516,2.65624,0.0410787,60.0
1744878906367099.0,-3508.22,786.138,1.01582,2.58419,2.51642,-0.0677682,60.0
1744878906389078.0,-3508.22,786.138,1.01582,2.58419,2.58705,0.00286292,60.0
1744878906411250.0,-3510.76,787.504,1.01739,2.51642,2.44611,-0.0703158,60.0
1744878906443334.0,-3510.76,787.504,1.01739,2.51642,2.52588,0.0094623,60.0
1744878906473488.0,-3512.87,789.554,1.01881,2.44611,2.36263,-0.0834757,60.0
1744878906503486.0,-3512.87,789.554,1.01881,2.44611,2.40056,-0.0455429,60.0
1744878906526958.0,-3515.42,791.603,1.02047,2.36263,2.45294,0.0903108,60.0
1744878906552575.0,-3515.42,791.603,1.02047,2.36263,2.38468,0.0220486,60.0
1744878906579279.0,-3517.96,792.969,1.02204,2.45294,2.39503,-0.0579072,60.0
1744878906609310.0,-3520.07,795.018,1.02347,2.38468,2.49344,0.108765,60.0
1744878906634738.0,-3520.07,795.018,1.02347,2.38468,2.29197,-0.0927103,60.0
1744878906665940.0,-3520.07,795.018,1.02347,2.38468,2.40141,0.0167328,60.0
1744878906693337.0,-3522.61,797.068,1.02513,2.29197,2.3212,0.0292289,60.0
1744878906726450.0,-3525.15,798.434,1.02671,2.40141,2.47775,0.0763363,60.0
1744878906752671.0,-3525.15,798.434,1.02671,2.40141,2.43187,0.0304622,60.0
1744878906780271.0,-3527.27,800.483,1.02814,2.47775,2.4785,0.000748159,60.0
1744878906819607.0,-3527.27,800.483,1.02814,2.47775,2.61059,0.132843,60.0
1744878906851941.0,-3529.81,802.532,1.02981,2.4785,2.51772,0.0392232,60.0
1744878906885770.0,-3529.81,802.532,1.02981,2.4785,2.35013,-0.128362,60.0
1744878906920750.0,-3531.93,803.898,1.03115,2.51772,2.53786,0.0201434,60.0
1744878906973356.0,-3534.47,805.948,1.03282,2.35013,2.32735,-0.0227813,60.0
1744878907004540.0,-3536.59,807.997,1.03426,2.53786,2.52481,-0.0130547,60.0
1744878907041634.0,-3536.59,807.997,1.03426,2.53786,2.48231,-0.0555545,60.0
1744878907069549.0,-3539.13,809.363,1.03585,2.52481,2.43904,-0.085765,60.0
1744878907115711.0,-3541.67,811.412,1.03752,2.43904,2.39767,-0.0413745,60.0
1744878907155722.0,-3541.67,811.412,1.03752,2.43904,2.48212,0.0430793,60.0
1744878907192665.0,-3543.79,813.462,1.03896,2.39767,2.48055,0.0828793,60.0
1744878907224249.0,-3543.79,813.462,1.03896,2.39767,2.50781,0.110145,60.0
1744878907252278.0,-3546.33,815.511,1.04064,2.48055,2.44718,-0.0333625,60.0
1744878907292313.0,-3546.33,815.511,1.04064,2.48055,2.49418,0.0136338,60.0
1744878907334366.0,-3548.45,816.877,1.04199,2.44718,2.41936,-0.0278298,60.0
1744878907362443.0,-3550.99,818.926,1.04367,2.49418,2.5004,0.00621622,60.0
1744878907402394.0,-3553.1,820.975,1.04512,2.41936,2.31665,-0.102709,60.0
1744878907453468.0,-3555.64,823.025,1.0468,2.5004,2.50492,0.00451941,60.0
1744878907506240.0,-3555.64,823.025,1.0468,2.5004,2.38297,-0.117428,60.0
1744878907545230.0,-3558.19,824.391,1.0484,2.50492,2.64347,0.138548,60.0
1744878907574781.0,-3560.3,826.44,1.04985,2.38297,2.41635,0.0333843,60.0
1744878907601658.0,-3560.3,826.44,1.04985,2.38297,2.21909,-0.163875,60.0
1744878907633220.0,-3562.84,828.489,1.05154,2.41635,2.37027,-0.0460877,60.0
1744878907661219.0,-3564.96,829.856,1.0529,2.21909,2.31724,0.098149,60.0
1744878907708930.0,-3564.96,829.856,1.0529,2.21909,2.36409,0.144991,60.0
1744878907751878.0,-3567.5,831.905,1.05459,2.31724,2.37352,0.0562723,60.0
1744878907798265.0,-3569.62,833.954,1.05605,2.36409,2.29438,-0.069707,60.0
1744878907834221.0,-3572.16,836.003,1.05774,2.37352,2.45619,0.0826748,60.0
1744878907872708.0,-3572.16,836.003,1.05774,2.37352,2.25523,-0.118284,60.0
1744878907906619.0,-3574.28,838.053,1.0592,2.45619,2.39365,-0.0625369,60.0
1744878907952584.0,-3576.39,839.419,1.06057,2.25523,2.36455,0.10932,60.0
1744878907984868.0,-3576.39,839.419,1.06057,2.25523,2.25181,-0.00341843,60.0
1744878908017882.0,-3578.93,841.468,1.06227,2.36455,2.41632,0.0517684,60.0
1744878908066694.0,-3581.05,843.517,1.06373,2.25181,2.36887,0.117053,60.0
1744878908100682.0,-3581.05,843.517,1.06373,2.25181,2.34403,0.0922143,60.0
1744878908130264.0,-3583.17,845.567,1.06519,2.36887,2.52256,0.153696,60.0
1744878908164003.0,-3583.17,845.567,1.06519,2.36887,2.44455,0.0756852,60.0
1744878908195042.0,-3585.71,847.616,1.06689,2.52256,2.46461,-0.0579483,60.0
1744878908225431.0,-3585.71,847.616,1.06689,2.52256,2.49816,-0.0244063,60.0
1744878908281452.0,-3587.83,849.665,1.06836,2.46461,2.51593,0.0513131,60.0
1744878908322111.0,-3590.37,851.714,1.07007,2.49816,2.47893,-0.0192222,60.0
1744878908377607.0,-3592.49,853.764,1.07154,2.51593,2.49253,-0.0233992,60.0
1744878908411890.0,-3594.6,855.13,1.07291,2.47893,2.38308,-0.0958547,60.0
1744878908450232.0,-3594.6,855.13,1.07291,2.47893,2.61731,0.138371,60.0
1744878908509991.0,-3599.26,859.228,1.0761,2.38308,2.50987,0.126787,60.0
1744878908558587.0,-3599.26,859.228,1.0761,2.38308,2.41124,0.0281565,60.0
1744878908595553.0,-3601.38,861.277,1.07757,2.50987,2.51951,0.00964062,60.0
1744878908627533.0,-3603.92,863.327,1.07929,2.41124,2.30601,-0.105224,60.0
1744878908670565.0,-3606.04,865.376,1.08077,2.51951,2.5261,0.00659276,60.0
1744878908726074.0,-3608.58,867.425,1.08248,2.30601,2.46077,0.154761,60.0
1744878908817684.0,-3610.69,868.791,1.08387,2.5261,2.49533,-0.0307683,60.0
1744878908856334.0,-3612.81,870.841,1.08535,2.46077,2.4124,-0.0483761,60.0
1744878908886350.0,-3615.35,872.89,1.08708,2.49533,2.46798,-0.0273515,60.0
1744878908918870.0,-3615.35,872.89,1.08708,2.49533,2.44494,-0.0503909,60.0
1744878908948285.0,-3617.47,874.939,1.08856,2.46798,2.46063,-0.00735537,60.0
1744878908994676.0,-3620.01,876.989,1.09029,2.44494,2.44781,0.00286455,60.0
1744878909040542.0,-3620.01,876.989,1.09029,2.44494,2.59491,0.149965,60.0
1744878909094002.0,-3622.13,879.038,1.09177,2.44781,2.59265,0.144844,60.0
1744878909126089.0,-3624.67,880.404,1.09341,2.59491,2.66093,0.0660228,60.0
1744878909158339.0,-3624.67,880.404,1.09341,2.59491,2.64401,0.0491079,60.0
1744878909208813.0,-3626.79,882.453,1.0949,2.66093,2.51921,-0.141721,60.0
1744878909254430.0,-3629.33,884.503,1.09663,2.64401,2.52438,-0.119637,60.0
1744878909288738.0,-3631.44,886.552,1.09812,2.51921,2.58853,0.0693232,60.0
1744878909318434.0,-3631.44,886.552,1.09812,2.51921,2.6245,0.105288,60.0
1744878909376725.0,-3633.98,887.918,1.09976,2.58853,2.44925,-0.139279,60.0
1744878909411397.0,-3636.1,889.967,1.10126,2.6245,2.46014,-0.164354,60.0
1744878909445676.0,-3638.64,892.017,1.103,2.44925,2.49165,0.0423972,60.0
1744878909497517.0,-3640.76,893.383,1.1044,2.49165,2.42031,-0.0713378,60.0
1744878909539963.0,-3640.76,893.383,1.1044,2.49165,2.46736,-0.0242875,60.0
1744878909584903.0,-3643.3,895.432,1.10614,2.42031,2.29863,-0.121679,60.0
1744878909616841.0,-3645.84,897.481,1.10789,2.46736,2.47148,0.00412295,60.0
1744878909658743.0,-3647.96,899.531,1.10939,2.29863,2.40198,0.103352,60.0
1744878909693825.0,-3647.96,899.531,1.10939,2.29863,2.26267,-0.0359608,60.0
1744878909724093.0,-3650.5,900.897,1.11104,2.40198,2.55325,0.151268,60.0
1744878909754261.0,-3650.5,900.897,1.11104,2.40198,2.47184,0.0698555,60.0
1744878909785179.0,-3652.62,902.946,1.11254,2.55325,2.64378,0.0905262,60.0
1744878909832152.0,-3655.16,904.996,1.11429,2.47184,2.39201,-0.0798271,60.0
1744878909874354.0,-3655.16,904.996,1.11429,2.47184,2.37496,-0.0968784,60.0
1744878909909874.0,-3657.28,906.362,1.1157,2.39201,2.41092,0.0189085,60.0
1744878909963508.0,-3659.82,908.411,1.11746,2.37496,2.41104,0.0360758,60.0
1744878909990597.0,-3661.93,910.46,1.11897,2.41092,2.46035,0.0494332,60.0
1744878910018083.0,-3661.93,910.46,1.11897,2.41092,2.4636,0.052677,60.0
1744878910050886.0,-3664.47,912.51,1.12072,2.46035,2.53056,0.0702039,60.0
1744878910110352.0,-3666.59,914.559,1.12224,2.4636,2.44108,-0.0225191,60.0
1744878910148693.0,-3669.13,915.925,1.1239,2.53056,2.55934,0.028781,60.0
1744878910201154.0,-3671.25,917.974,1.12541,2.44108,2.51164,0.0705638,60.0
1744878910234012.0,-3671.25,917.974,1.12541,2.44108,2.58731,0.146236,60.0
1744878910263724.0,-3673.79,920.024,1.12717,2.51164,2.40428,-0.10736,60.0
1744878910302334.0,-3675.91,922.073,1.12869,2.58731,2.51588,-0.0714388,60.0
1744878910358373.0,-3678.45,923.439,1.13036,2.40428,2.26839,-0.13589,60.0
1744878910415173.0,-3680.99,925.489,1.13212,2.51588,2.37026,-0.145617,60.0
1744878910443588.0,-3680.99,925.489,1.13212,2.51588,2.67132,0.155443,60.0
1744878910485180.0,-3683.11,927.538,1.13365,2.37026,2.46442,0.0941625,60.0
1744878910515860.0,-3685.65,928.904,1.13532,2.67132,2.61967,-0.0516477,60.0
1744878910558419.0,-3685.65,928.904,1.13532,2.67132,2.54901,-0.122311,60.0
1744878910601557.0,-3687.76,930.953,1.13684,2.61967,2.59082,-0.0288506,60.0
1744878910632699.0,-3690.3,933.003,1.13862,2.54901,2.557,0.00799393,60.0
1744878910664392.0,-3690.3,933.003,1.13862,2.54901,2.43217,-0.116834,60.0
1744878910695198.0,-3692.42,935.052,1.14014,2.557,2.41207,-0.144938,60.0
1744878910749395.0,-3694.96,936.418,1.14182,2.43217,2.48418,0.0520099,60.0
1744878910784118.0,-3694.96,936.418,1.14182,2.43217,2.35782,-0.0743515,60.0
1744878910815383.0,-3697.5,938.468,1.1436,2.48418,2.48619,0.00200513,60.0
1744878910851108.0,-3697.5,938.468,1.1436,2.48418,2.43382,-0.0503598,60.0
1744878910881527.0,-3699.62,940.517,1.14513,2.48619,2.48691,0.000723216,60.0
1744878910918263.0,-3702.16,941.883,1.14681,2.43382,2.56161,0.127784,60.0
1744878910956419.0,-3704.28,943.933,1.14834,2.48691,2.42052,-0.0663938,60.0
1744878911020335.0,-3706.82,945.982,1.15013,2.56161,2.54845,-0.013154,60.0
1744878911054381.0,-3706.82,945.982,1.15013,2.56161,2.68966,0.128055,60.0
1744878911086683.0,-3709.36,947.348,1.15181,2.54845,2.60179,0.0533394,60.0
1744878911116669.0,-3711.48,949.397,1.15335,2.68966,2.5635,-0.126165,60.0
1744878911170997.0,-3714.02,951.447,1.15514,2.60179,2.48657,-0.115224,60.0
1744878911214410.0,-3714.02,951.447,1.15514,2.60179,2.56196,-0.0398318,60.0
1744878911243979.0,-3716.56,952.813,1.15683,2.48657,2.64175,0.155178,60.0
1744878911281232.0,-3718.68,954.862,1.15837,2.56196,2.66334,0.10138,60.0
1744878911317426.0,-3718.68,954.862,1.15837,2.56196,2.52555,-0.0364118,60.0
1744878911350365.0,-3721.22,956.229,0.16006,2.66334,2.70547,0.0421309,60.0
1744878911397992.0,-3723.76,958.278,0.161854,2.52555,2.40807,-0.117476,60.0
1744878911427845.0,-3723.76,958.278,0.161854,2.52555,2.63809,0.112537,60.0
1744878911459363.0,-3726.3,960.327,0.163649,2.40807,2.44998,0.0419103,60.0
1744878911489224.0,-3726.3,960.327,0.163649,2.40807,2.4888,0.0807305,60.0
1744878911515856.0,-3728.42,961.694,0.165096,2.44998,2.43769,-0.0122899,60.0
1744878911545678.0,-3728.42,961.694,0.165096,2.44998,2.45885,0.00886071,60.0
1744878911638539.0,-3733.5,965.109,0.168591,2.43769,2.49658,0.0588852,60.0
1744878911688495.0,-3733.5,965.109,0.168591,2.43769,2.36585,-0.0718444,60.0
1744878911723170.0,-3735.62,967.159,0.170144,2.49658,2.56196,0.0653756,60.0
1744878911753749.0,-3738.16,969.208,0.171948,2.36585,2.39345,0.0275996,60.0
1744878911781744.0,-3738.16,969.208,0.171948,2.36585,2.4453,0.0794503,60.0
1744878911840918.0,-3740.7,970.574,0.173649,2.39345,2.51791,0.124459,60.0
1744878911872970.0,-3742.81,972.624,0.175206,2.4453,2.36592,-0.0793814,60.0
1744878911910367.0,-3742.81,972.624,0.175206,2.4453,2.47216,0.0268548,60.0
1744878911941085.0,-3745.36,974.673,0.177014,2.36592,2.39104,0.0251196,60.0
1744878911989854.0,-3747.47,976.039,0.178469,2.47216,2.39406,-0.0780963,60.0
1744878912052452.0,-3750.01,978.089,0.18028,2.39104,2.47292,0.0818832,60.0
1744878912085369.0,-3752.55,980.138,0.182093,2.39406,2.33448,-0.0595768,60.0
1744878912115452.0,-3752.55,980.138,0.182093,2.39406,2.40349,0.00943247,60.0
1744878912161098.0,-3754.67,982.187,0.183657,2.33448,2.39971,0.0652306,60.0
1744878912215839.0,-3757.21,983.554,0.185367,2.40349,2.32718,-0.0763108,60.0
1744878912250038.0,-3759.33,985.603,0.186934,2.39971,2.48499,0.0852788,60.0
1744878912314004.0,-3761.87,987.652,0.188753,2.32718,2.39241,0.065229,60.0
1744878912343314.0,-3761.87,987.652,0.188753,2.32718,2.45001,0.122825,60.0
1744878912394314.0,-3763.99,989.702,0.190322,2.39241,2.44896,0.0565546,60.0
1744878912429335.0,-3766.1,991.751,0.191893,2.45001,2.54028,0.0902757,60.0
1744878912462463.0,-3766.1,991.751,0.191893,2.45001,2.42706,-0.0229415,60.0
1744878912492099.0,-3768.65,993.117,0.193611,2.54028,2.45817,-0.0821085,60.0
1744878912533936.0,-3768.65,993.117,0.193611,2.54028,2.44037,-0.0999142,60.0
1744878912555557.0,-3770.76,995.166,0.195184,2.45817,2.59057,0.132397,60.0
1744878912576142.0,-3770.76,995.166,0.195184,2.45817,2.38278,-0.0753951,60.0
1744878912597330.0,-3773.3,997.216,0.19701,2.59057,2.56075,-0.0298188,60.0
1744878912618226.0,-3773.3,997.216,0.19701,2.59057,2.52292,-0.0676509,60.0
1744878912639597.0,-3773.3,997.216,0.19701,2.59057,2.52079,-0.069784,60.0
1744878912660507.0,-3775.42,999.265,0.198587,2.52292,2.45647,-0.0664521,60.0
1744878912681309.0,-3775.42,999.265,0.198587,2.52292,2.51607,-0.00685073,60.0
1744878912702281.0,-3777.96,1000.63,0.200309,2.45647,2.42109,-0.0353813,60.0
1744878912723365.0,-3777.96,1000.63,0.200309,2.45647,2.49857,0.0421026,60.0
1744878912745848.0,-3777.96,1000.63,0.200309,2.45647,2.3832,-0.0732717,60.0
1744878912766996.0,-3780.08,1002.68,0.201889,2.49857,2.61439,0.115819,60.0
1744878912789197.0,-3780.08,1002.68,0.201889,2.49857,2.36339,-0.135183,60.0
1744878912810502.0,-3782.62,1004.73,0.203721,2.61439,2.59784,-0.0165525,60.0
1744878912834566.0,-3782.62,1004.73,0.203721,2.61439,2.60256,-0.0118297,60.0
1744878912856577.0,-3785.16,1006.78,0.205555,2.59784,2.4764,-0.121436,60.0
1744878912878248.0,-3785.16,1006.78,0.205555,2.59784,2.61187,0.0140365,60.0
1744878912899358.0,-3785.16,1006.78,0.205555,2.59784,2.53324,-0.0645955,60.0
1744878912921734.0,-3787.28,1008.15,0.207031,2.61187,2.65007,0.0381948,60.0
1744878912944092.0,-3787.28,1008.15,0.207031,2.61187,2.47896,-0.132909,60.0
1744878912964945.0,-3789.82,1010.2,0.208868,2.65007,2.59846,-0.05161,60.0
1744878913000497.0,-3789.82,1010.2,0.208868,2.65007,2.64965,-0.00041884,60.0
1744878913024535.0,-3791.94,1012.24,0.210454,2.59846,2.46036,-0.138099,60.0
1744878913057796.0,-3794.48,1013.61,0.212186,2.64965,2.66877,0.0191232,60.0
1744878913084182.0,-3794.48,1013.61,0.212186,2.64965,2.5015,-0.148149,60.0
1744878913105844.0,-3794.48,1013.61,0.212186,2.64965,2.61631,-0.0333355,60.0
1744878913128407.0,-3797.02,1015.66,0.214028,2.5015,2.44244,-0.0590575,60.0
1744878913150064.0,-3797.02,1015.66,0.214028,2.5015,2.38635,-0.115152,60.0
1744878913175931.0,-3799.56,1017.03,0.215762,2.44244,2.49692,0.0544737,60.0
1744878913217563.0,-3801.68,1019.08,0.217354,2.38635,2.37835,-0.00800253,60.0
1744878913242936.0,-3801.68,1019.08,0.217354,2.38635,2.31463,-0.0717172,60.0
1744878913270033.0,-3804.22,1021.13,0.2192,2.37835,2.47808,0.0997351,60.0
1744878913302281.0,-3804.22,1021.13,0.2192,2.37835,2.47447,0.0961222,60.0
1744878913329254.0,-3806.33,1022.49,0.220685,2.47808,2.54069,0.0626097,60.0
1744878913363318.0,-3806.33,1022.49,0.220685,2.47808,2.42823,-0.0498459,60.0
1744878913388989.0,-3808.87,1024.54,0.222534,2.54069,2.54019,-0.000500047,60.0
1744878913421546.0,-3808.87,1024.54,0.222534,2.54069,2.44826,-0.0924312,60.0
1744878913446715.0,-3811.41,1026.59,0.224385,2.54019,2.48855,-0.0516432,60.0
1744878913482414.0,-3813.53,1027.96,0.225874,2.44826,2.42419,-0.0240732,60.0
1744878913513358.0,-3813.53,1027.96,0.225874,2.44826,2.29711,-0.151145,60.0
1744878913543164.0,-3816.07,1030.01,0.227728,2.42419,2.53733,0.113141,60.0
1744878913597333.0,-3818.61,1032.06,0.229584,2.53733,2.54495,0.00761974,60.0
1744878913635897.0,-3818.61,1032.06,0.229584,2.53733,2.41353,-0.123794,60.0
1744878913663748.0,-3820.73,1033.42,0.231076,2.54495,2.44619,-0.0987532,60.0
1744878913701950.0,-3823.27,1035.47,0.232934,2.41353,2.50853,0.0949983,60.0
1744878913729469.0,-3823.27,1035.47,0.232934,2.41353,2.40797,-0.00556592,60.0
1744878913767769.0,-3825.81,1037.52,0.234794,2.50853,2.54512,0.0365877,60.0
1744878913799211.0,-3825.81,1037.52,0.234794,2.50853,2.4143,-0.0942284,60.0
1744878913831210.0,-3827.93,1038.89,0.23629,2.54512,2.42536,-0.119755,60.0
1744878913875831.0,-3830.47,1040.94,0.238153,2.4143,2.32644,-0.0878601,60.0
1744878913903417.0,-3830.47,1040.94,0.238153,2.4143,2.47971,0.0654092,60.0
1744878913931630.0,-3833.01,1042.99,0.240018,2.32644,2.43543,0.10899,60.0
1744878913958689.0,-3833.01,1042.99,0.240018,2.32644,2.37518,0.0487354,60.0
1744878913988468.0,-3835.13,1044.35,0.241518,2.43543,2.4263,-0.00913063,60.0
1744878914038322.0,-3835.13,1044.35,0.241518,2.43543,2.55495,0.119517,60.0
1744878914069860.0,-3837.67,1046.4,0.243385,2.4263,2.32269,-0.103614,60.0
1744878914130697.0,-3839.79,1048.45,0.244999,2.55495,2.60888,0.0539284,60.0
1744878914173403.0,-3842.33,1049.82,0.246758,2.32269,2.29401,-0.0286807,60.0
1744878914209175.0,-3844.44,1051.87,0.248374,2.60888,2.55251,-0.0563727,60.0
1744878914246170.0,-3846.99,1053.92,0.250248,2.29401,2.43841,0.144407,60.0
1744878914287747.0,-3846.99,1053.92,0.250248,2.29401,2.42784,0.133829,60.0
1744878914320039.0,-3849.53,1055.96,0.252124,2.43841,2.3114,-0.127013,60.0
1744878914347857.0,-3851.64,1057.33,0.253631,2.42784,2.47369,0.0458582,60.0
1744878914378757.0,-3851.64,1057.33,0.253631,2.42784,2.47641,0.0485759,60.0
1744878914421724.0,-3854.18,1059.38,0.25551,2.4737,2.53708,0.0633837,60.0
1744878914456019.0,-3856.3,1061.43,0.257133,2.47641,2.61127,0.13486,60.0
1744878914488354.0,-3856.3,1061.43,0.257133,2.47641,2.46022,-0.0161968,60.0
1744878914520394.0,-3858.84,1063.48,0.259015,2.61127,2.50885,-0.102425,60.0
1744878914556596.0,-3858.84,1063.48,0.259015,2.61127,2.53278,-0.0784932,60.0
1744878914584615.0,-3860.96,1064.85,0.260527,2.50885,2.38182,-0.127029,60.0
1744878914616501.0,-3860.96,1064.85,0.260527,2.50885,2.40272,-0.106126,60.0
1744878914647965.0,-3863.5,1066.9,0.262412,2.38182,2.43452,0.0526979,60.0
1744878914706953.0,-3865.62,1068.94,0.264041,2.40272,2.41709,0.014373,60.0
1744878914745251.0,-3865.62,1068.94,0.264041,2.40272,2.39655,-0.00617235,60.0
1744878914776248.0,-3868.16,1070.31,0.265814,2.41709,2.30557,-0.111521,60.0
1744878914815274.0,-3870.28,1072.36,0.267446,2.39655,2.39786,0.00130958,60.0
1744878914847235.0,-3870.28,1072.36,0.267446,2.39655,2.35982,-0.0367289,60.0
1744878914877874.0,-3872.82,1074.41,0.269337,2.39786,2.30542,-0.0924362,60.0
1744878914910782.0,-3872.82,1074.41,0.269337,2.39786,2.39854,0.000684451,60.0
1744878914940664.0,-3874.93,1076.46,0.270971,2.30542,2.43279,0.127367,60.0
1744878914985453.0,-3877.47,1078.51,0.272865,2.43279,2.31288,-0.119907,60.0
1744878915016036.0,-3877.47,1078.51,0.272865,2.43279,2.50675,0.0739607,60.0
1744878915046268.0,-3879.59,1079.87,0.274387,2.31288,2.35955,0.0466717,60.0
1744878915082155.0,-3879.59,1079.87,0.274387,2.31288,2.38185,0.0689641,60.0
1744878915124425.0,-3882.13,1081.92,0.276284,2.35955,2.37032,0.0107682,60.0
1744878915159779.0,-3884.25,1083.97,0.277924,2.38185,2.33895,-0.0428948,60.0
1744878915192386.0,-3884.25,1083.97,0.277924,2.38185,2.42427,0.0424218,60.0
1744878915228798.0,-3886.79,1086.02,0.279824,2.33895,2.40216,0.0632076,60.0
1744878915276376.0,-3886.79,1086.02,0.279824,2.33895,2.35271,0.0137582,60.0
1744878915319036.0,-3888.91,1088.07,0.281467,2.40216,2.46586,0.0637032,60.0
1744878915348599.0,-3891.02,1090.12,0.283111,2.35271,2.41071,0.0579991,60.0
1744878915398846.0,-3893.57,1091.49,0.284899,2.46586,2.62405,0.158191,60.0
1744878915432128.0,-3893.57,1091.49,0.284899,2.46586,2.42584,-0.0400193,60.0
1744878915459813.0,-3895.68,1093.54,0.286546,2.62405,2.66251,0.0384606,60.0
1744878915495770.0,-3895.68,1093.54,0.286546,2.62405,2.49194,-0.132111,60.0
1744878915522365.0,-3897.8,1095.59,0.288194,2.66251,2.51137,-0.151144,60.0
1744878915563267.0,-3900.34,1097.64,0.290103,2.49194,2.44215,-0.0497891,60.0
1744878915607075.0,-3900.34,1097.64,0.290103,2.49194,2.53061,0.0386677,60.0
1744878915636342.0,-3902.46,1099.69,0.291754,2.44215,2.51026,0.0681027,60.0
1744878915670680.0,-3902.46,1099.69,0.291754,2.44215,2.32727,-0.114879,60.0
1744878915700709.0,-3905.0,1101.73,0.293666,2.51026,2.56076,0.0505065,60.0
1744878915750885.0,-3907.12,1103.1,0.295202,2.32727,2.35897,0.0316998,60.0
1744878915782325.0,-3907.12,1103.1,0.295202,2.32727,2.35645,0.0291786,60.0
1744878915812155.0,-3909.66,1105.15,0.297118,2.35897,2.4643,0.10532,60.0
1744878915847498.0,-3909.66,1105.15,0.297118,2.35897,2.38817,0.0291988,60.0
1744878915876840.0,-3911.77,1107.2,0.298774,2.4643,2.55599,0.0916907,60.0
1744878915907526.0,-3911.77,1107.2,0.298774,2.4643,2.62246,0.158169,60.0
1744878915941729.0,-3913.89,1109.25,0.300432,2.55599,2.63775,0.0817666,60.0
1744878915974697.0,-3913.89,1109.25,0.300432,2.55599,2.49299,-0.0629944,60.0
1744878916002739.0,-3916.43,1111.3,0.302352,2.63775,2.50162,-0.136129,60.0
1744878916029531.0,-3916.43,1111.3,0.302352,2.63775,2.47398,-0.163776,60.0
1744878916097952.0,-3918.55,1112.66,0.303894,2.50162,2.62162,0.119997,60.0
1744878916126266.0,-3921.09,1114.71,0.305817,2.47398,2.41838,-0.0556014,60.0
1744878916157143.0,-3921.09,1114.71,0.305817,2.47398,2.46415,-0.00982943,60.0
1744878916187557.0,-3923.21,1116.76,0.30748,2.41838,2.47545,0.0570728,60.0
1744878916217331.0,-3923.21,1116.76,0.30748,2.41838,2.31331,-0.105068,60.0
1744878916246494.0,-3925.75,1118.81,0.309407,2.47545,2.37021,-0.105239,60.0
1744878916278477.0,-3925.75,1118.81,0.309407,2.47545,2.46558,-0.00986885,60.0
1744878916307173.0,-3927.86,1120.86,0.311073,2.37021,2.38524,0.0150334,60.0
1744878916354961.0,-3930.41,1122.23,0.312882,2.46558,2.51588,0.0503009,60.0
1744878916396419.0,-3930.41,1122.23,0.312882,2.46558,2.42838,-0.0371963,60.0
1744878916425890.0,-3932.52,1124.28,0.314551,2.51588,2.39189,-0.123992,60.0
1744878916471753.0,-3935.06,1126.33,0.316483,2.42838,2.3917,-0.0366801,60.0
1744878916506620.0,-3935.06,1126.33,0.316483,2.42838,2.49453,0.0661451,60.0
1744878916538209.0,-3937.18,1128.38,0.318155,2.3917,2.50842,0.116719,60.0
1744878916577698.0,-3939.72,1130.43,0.320091,2.49453,2.58493,0.0904064,60.0
1744878916621833.0,-3939.72,1130.43,0.320091,2.49453,2.4286,-0.0659321,60.0
1744878916658701.0,-3941.84,1131.79,0.321644,2.58493,2.58819,0.00325204,60.0
1744878916688130.0,-3944.38,1133.84,0.323583,2.4286,2.44773,0.0191348,60.0
1744878916724486.0,-3944.38,1133.84,0.323583,2.4286,2.53373,0.105136,60.0
1744878916775798.0,-3946.5,1135.89,0.32526,2.44773,2.60742,0.159692,60.0
1744878916826458.0,-3949.04,1137.94,0.327202,2.53373,2.39461,-0.139127,60.0
1744878916855455.0,-3951.15,1139.31,0.32876,2.60742,2.44769,-0.159737,60.0
1744878916886068.0,-3953.7,1141.36,0.330705,2.3946,2.36961,-0.0249948,60.0
1744878916919297.0,-3953.7,1141.36,0.330705,2.3946,2.49861,0.104008,60.0
1744878916958113.0,-3955.81,1143.41,0.332387,2.36961,2.41083,0.0412237,60.0
1744878916993330.0,-3958.35,1145.46,0.334335,2.49861,2.51029,0.0116742,60.0
1744878917071144.0,-3960.47,1146.82,0.335898,2.41083,2.53193,0.121097,60.0
1744878917107126.0,-3963.01,1148.87,0.337849,2.51029,2.45906,-0.0512283,60.0
1744878917134439.0,-3963.01,1148.87,0.337849,2.51029,2.49673,-0.0135606,60.0
1744878917164538.0,-3965.13,1150.92,0.339537,2.45906,2.52285,0.0637905,60.0
1744878917193861.0,-3965.13,1150.92,0.339537,2.45906,2.43005,-0.0290125,60.0
1744878917228892.0,-3967.67,1152.97,0.341491,2.52285,2.41085,-0.112001,60.0
1744878917259077.0,-3969.79,1154.34,0.343059,2.43005,2.3404,-0.0896458,60.0
1744878917299829.0,-3969.79,1154.34,0.343059,2.43005,2.37577,-0.0542783,60.0
1744878917334633.0,-3972.33,1156.39,0.345016,2.3404,2.44079,0.100392,60.0
1744878917361837.0,-3974.44,1158.44,0.346709,2.37577,2.30048,-0.0752932,60.0
1744878917419725.0,-3974.44,1158.44,0.346709,2.37577,2.477,0.101235,60.0
1744878917453053.0,-3976.98,1160.49,0.348669,2.30048,2.34786,0.0473889,60.0
1744878917548006.0,-3979.1,1162.53,0.350366,2.477,2.53708,0.0600741,60.0
1744878917589171.0,-3981.64,1163.9,0.352205,2.34786,2.27099,-0.0768701,60.0
1744878917644612.0,-3983.76,1165.95,0.353904,2.53708,2.57428,0.0372008,60.0
1744878917685750.0,-3986.3,1168.0,0.35587,2.27099,2.29846,0.027468,60.0
1744878917720165.0,-3988.42,1170.05,0.357573,2.57428,2.59888,0.0246018,60.0
1744878917780609.0,-3990.54,1172.1,0.359276,2.29846,2.42059,0.122128,60.0
1744878917808096.0,-3990.54,1172.1,0.359276,2.29846,2.22911,-0.0693547,60.0
1744878917850688.0,-3993.08,1174.15,0.361247,2.42059,2.56434,0.143748,60.0
1744878917903778.0,-3995.19,1175.51,0.362828,2.22911,2.36258,0.133471,60.0
1744878917933937.0,-3997.73,1177.56,0.364801,2.56434,2.51971,-0.0446246,60.0
1744878917970002.0,-3997.73,1177.56,0.364801,2.56434,2.64259,0.0782468,60.0
1744878917999345.0,-3999.85,1179.61,0.366511,2.51971,2.5198,8.89368e-05,60.0
1744878918029940.0,-3999.85,1179.61,0.366511,2.51971,2.45235,-0.0673644,60.0
1744878918121585.0,-4001.97,1181.66,0.368221,2.5198,2.39171,-0.128098,60.0
1744878918170052.0,-4004.51,1183.71,0.370199,2.45235,2.5371,0.0847533,60.0
1744878918207537.0,-4006.63,1185.76,0.371913,2.39171,2.28853,-0.10318,60.0
1744878918240958.0,-4006.63,1185.76,0.371913,2.39171,2.44804,0.0563359,60.0
1744878918273117.0,-4009.17,1187.13,0.373767,2.28853,2.43575,0.147225,60.0
1744878918309941.0,-4011.28,1189.18,0.375483,2.43575,2.39484,-0.0409057,60.0
1744878918344713.0,-4011.28,1189.18,0.375483,2.43575,2.41229,-0.0234642,60.0
1744878918373987.0,-4013.4,1191.23,0.377201,2.39484,2.55201,0.157162,60.0
1744878918431145.0,-4013.4,1191.23,0.377201,2.39484,2.46186,0.0670158,60.0
1744878918466495.0,-4015.94,1193.28,0.379187,2.55201,2.6378,0.0857964,60.0
1744878918525059.0,-4018.06,1195.33,0.380907,2.46186,2.52351,0.0616453,60.0
1744878918556006.0,-4020.6,1197.38,0.382896,2.6378,2.50517,-0.13263,60.0
1744878918587105.0,-4020.6,1197.38,0.382896,2.6378,2.50871,-0.129097,60.0
1744878918615789.0,-4022.72,1198.74,0.384491,2.50517,2.46564,-0.0395298,60.0
1744878918653093.0,-4022.72,1198.74,0.384491,2.50517,2.48847,-0.0167057,60.0
1744878918710755.0,-4025.26,1200.79,0.386483,2.46564,2.55863,0.0929889,60.0
1744878918738701.0,-4027.38,1202.84,0.388209,2.48847,2.44824,-0.0402236,60.0
1744878918776767.0,-4027.38,1202.84,0.388209,2.48847,2.55136,0.0628903,60.0
1744878918810993.0,-4029.92,1204.89,0.390204,2.44824,2.53413,0.0858812,60.0
1744878918854927.0,-4032.03,1206.94,0.391933,2.55136,2.50078,-0.0505827,60.0
1744878918898837.0,-4034.57,1208.31,0.393802,2.53413,2.39821,-0.135917,60.0
1744878918927115.0,-4034.57,1208.31,0.393802,2.53413,2.45691,-0.0772186,60.0
1744878918969700.0,-4036.69,1210.36,0.395534,2.39821,2.36836,-0.0298523,60.0
1744878918999503.0,-4039.23,1212.4,0.397535,2.45691,2.55739,0.10048,60.0
1744878919030552.0,-4039.23,1212.4,0.397535,2.45691,2.43908,-0.0178298,60.0
1744878919051248.0,-4041.35,1214.45,0.399269,2.55739,2.47046,-0.0869249,60.0
1744878919072125.0,-4041.35,1214.45,0.399269,2.55739,2.4928,-0.0645874,60.0
1744878919092882.0,-4043.89,1215.82,0.401144,2.47046,2.32714,-0.143319,60.0
1744878919113798.0,-4043.89,1215.82,0.401144,2.47046,2.52536,0.0548978,60.0
1744878919134828.0,-4043.89,1215.82,0.401144,2.47046,2.39254,-0.0779261,60.0
1744878919155724.0,-4046.01,1217.87,0.402881,2.52536,2.55162,0.026261,60.0
1744878919176482.0,-4046.01,1217.87,0.402881,2.52536,2.50436,-0.0209984,60.0
1744878919197272.0,-4048.55,1219.92,0.404888,2.55162,2.48756,-0.0640662,60.0
1744878919218173.0,-4048.55,1219.92,0.404888,2.55162,2.63703,0.0854041,60.0
1744878919240239.0,-4048.55,1219.92,0.404888,2.55162,2.41709,-0.134531,60.0
1744878919261105.0,-4050.66,1221.97,0.406628,2.63703,2.52997,-0.107056,60.0
1744878919283775.0,-4050.66,1221.97,0.406628,2.63703,2.49535,-0.141674,60.0
1744878919312375.0,-4053.21,1223.34,0.408508,2.52997,2.50818,-0.0217856,60.0
1744878919343362.0,-4053.21,1223.34,0.408508,2.52997,2.59078,0.060811,60.0
1744878919366565.0,-4055.32,1225.38,0.41025,2.50818,2.5974,0.0892133,60.0
1744878919387869.0,-4055.32,1225.38,0.41025,2.50818,2.44222,-0.0659623,60.0
1744878919408771.0,-4057.86,1227.43,0.412264,2.5974,2.50536,-0.0920404,60.0
1744878919429991.0,-4057.86,1227.43,0.412264,2.5974,2.58747,-0.00992351,60.0
1744878919451113.0,-4060.4,1228.8,0.414148,2.50536,2.36413,-0.14123,60.0
1744878919472144.0,-4060.4,1228.8,0.414148,2.50536,2.36306,-0.142298,60.0
1744878919493143.0,-4060.4,1228.8,0.414148,2.50536,2.39922,-0.10614,60.0
1744878919514026.0,-4062.52,1230.85,0.415894,2.36306,2.37844,0.0153862,60.0
1744878919542786.0,-4062.52,1230.85,0.415894,2.36306,2.46682,0.103764,60.0
1744878919564618.0,-4065.06,1232.9,0.417913,2.37844,2.30322,-0.0752231,60.0
1744878919585493.0,-4065.06,1232.9,0.417913,2.37844,2.30687,-0.0715738,60.0
1744878919606370.0,-4067.18,1234.27,0.41953,2.30322,2.4194,0.116177,60.0
1744878919627255.0,-4067.18,1234.27,0.41953,2.30322,2.2778,-0.0254183,60.0
1744878919648287.0,-4067.18,1234.27,0.41953,2.30322,2.43765,0.134427,60.0
1744878919673155.0,-4069.72,1236.32,0.421551,2.2778,2.23562,-0.0421808,60.0
1744878919696755.0,-4069.72,1236.32,0.421551,2.2778,2.36017,0.0823662,60.0
1744878919733156.0,-4071.84,1238.36,0.423303,2.23562,2.3638,0.128179,60.0
1744878919761996.0,-4074.38,1240.41,0.425328,2.36017,2.50142,0.141256,60.0
1744878919800434.0,-4074.38,1240.41,0.425328,2.36017,2.40251,0.0423462,60.0
1744878919824898.0,-4076.49,1242.46,0.427082,2.50142,2.34957,-0.151856,60.0
1744878919847813.0,-4076.49,1242.46,0.427082,2.50142,2.50233,0.000901277,60.0
1744878919872349.0,-4079.04,1243.83,0.428977,2.34957,2.35397,0.00440039,60.0
1744878919896298.0,-4079.04,1243.83,0.428977,2.34957,2.31047,-0.039099,60.0
1744878919924336.0,-4081.15,1245.88,0.430735,2.35397,2.42808,0.0741066,60.0
1744878919959999.0,-4083.69,1247.93,0.432765,2.42808,2.48984,0.0617618,60.0
1744878919985224.0,-4083.69,1247.93,0.432765,2.42808,2.43475,0.00667319,60.0
1744878920021751.0,-4085.81,1249.98,0.434526,2.48984,2.41865,-0.0711915,60.0
1744878920051886.0,-4085.81,1249.98,0.434526,2.48984,2.63216,0.142321,60.0
1744878920078334.0,-4087.93,1252.03,0.436287,2.41865,2.57478,0.156138,60.0
1744878920125178.0,-4087.93,1252.03,0.436287,2.41865,2.37351,-0.0451356,60.0
1744878920154301.0,-4090.47,1253.39,0.438188,2.57478,2.50327,-0.0715175,60.0
1744878920180978.0,-4092.59,1255.44,0.439953,2.37351,2.45577,0.0822603,60.0
1744878920210385.0,-4092.59,1255.44,0.439953,2.37351,2.53151,0.157999,60.0
1744878920241261.0,-4095.13,1257.49,0.441991,2.45577,2.59563,0.139858,60.0
1744878920286250.0,-4097.24,1259.54,0.443758,2.53151,2.46804,-0.0634698,60.0
1744878920314353.0,-4097.24,1259.54,0.443758,2.53151,2.51309,-0.0184215,60.0
1744878920342429.0,-4099.78,1261.59,0.4458,2.46804,2.41382,-0.0542221,60.0
1744878920375143.0,-4099.78,1261.59,0.4458,2.46804,2.36699,-0.101052,60.0
1744878920400074.0,-4101.9,1262.96,0.447435,2.41382,2.50105,0.0872354,60.0
1744878920430158.0,-4101.9,1262.96,0.447435,2.41382,2.39778,-0.0160384,60.0
1744878920456853.0,-4104.44,1265.01,0.449479,2.50105,2.41099,-0.0900603,60.0
1744878920502167.0,-4106.56,1267.06,0.451252,2.39778,2.43482,0.0370383,60.0
1744878920534930.0,-4106.56,1267.06,0.451252,2.39778,2.25217,-0.145612,60.0
1744878920565969.0,-4109.1,1269.11,0.453299,2.43482,2.57851,0.143695,60.0
1744878920603724.0,-4111.22,1271.16,0.455075,2.25217,2.24268,-0.00948307,60.0
1744878920630374.0,-4111.22,1271.16,0.455075,2.25217,2.36589,0.113725,60.0
1744878920668422.0,-4113.33,1273.21,0.456852,2.24268,2.40401,0.16133,60.0
1744878920694312.0,-4113.33,1273.21,0.456852,2.24268,2.40013,0.157441,60.0
1744878920722913.0,-4115.88,1274.57,0.458768,2.40401,2.46652,0.0625009,60.0
1744878920779215.0,-4117.99,1276.62,0.460547,2.40013,2.36936,-0.0307699,60.0
1744878920813832.0,-4117.99,1276.62,0.460547,2.40013,2.50557,0.105441,60.0
1744878920867506.0,-4120.11,1278.67,0.462328,2.36936,2.30901,-0.060344,60.0
1744878920904908.0,-4122.65,1280.72,0.464385,2.50557,2.47166,-0.0339023,60.0
1744878920934630.0,-4122.65,1280.72,0.464385,2.50557,2.53079,0.0252261,60.0
1744878920961213.0,-4124.77,1282.77,0.466169,2.47166,2.57008,0.0984137,60.0
1744878921005887.0,-4127.31,1284.82,0.468229,2.53079,2.59999,0.0691991,60.0
1744878921041939.0,-4127.31,1284.82,0.468229,2.53079,2.44212,-0.0886716,60.0
1744878921071686.0,-4129.43,1286.87,0.470015,2.59999,2.47237,-0.127626,60.0
1744878921132056.0,-4131.54,1288.24,0.471665,2.44212,2.4085,-0.0336195,60.0
1744878921189607.0,-4134.08,1290.29,0.47373,2.47237,2.56454,0.0921694,60.0
1744878921218316.0,-4136.2,1292.33,0.47552,2.4085,2.34213,-0.0663715,60.0
1744878921264015.0,-4136.2,1292.33,0.47552,2.4085,2.4412,0.0327024,60.0
1744878921299013.0,-4138.74,1294.38,0.477588,2.34213,2.42623,0.0841039,60.0
1744878921334750.0,-4140.86,1296.43,0.479381,2.4412,2.44103,-0.000175625,60.0
1744878921372714.0,-4142.98,1298.48,0.481176,2.42623,2.4634,0.0371661,60.0
1744878921407119.0,-4142.98,1298.48,0.481176,2.42623,2.30086,-0.125375,60.0
1744878921436866.0,-4145.52,1299.85,0.48311,2.4634,2.56186,0.0984563,60.0
1744878921470683.0,-4145.52,1299.85,0.48311,2.4634,2.42501,-0.038392,60.0
1744878921502239.0,-4147.63,1301.9,0.484907,2.56186,2.51576,-0.0460937,60.0
1744878921545517.0,-4150.17,1303.95,0.486982,2.42501,2.36861,-0.0563932,60.0
1744878921601675.0,-4152.29,1306.0,0.488783,2.51576,2.57624,0.0604806,60.0
1744878921636689.0,-4154.83,1308.05,0.490861,2.36861,2.45597,0.0873525,60.0
1744878921666685.0,-4154.83,1308.05,0.490861,2.36861,2.38958,0.020969,60.0
1744878921696839.0,-4156.95,1309.41,0.492524,2.45597,2.61713,0.161159,60.0
1744878921726666.0,-4156.95,1309.41,0.492524,2.45597,2.38839,-0.0675738,60.0
1744878921765880.0,-4159.49,1311.46,0.494606,2.61713,2.45507,-0.162061,60.0
1744878921805420.0,-4161.61,1313.51,0.496411,2.38839,2.2954,-0.0929964,60.0
1744878921833296.0,-4163.72,1315.56,0.498219,2.2954,2.37769,0.0822906,60.0
1744878921893410.0,-4166.26,1317.61,0.500305,2.37769,2.45868,0.0809897,60.0
1744878921932874.0,-4166.26,1317.61,0.500305,2.37769,2.33379,-0.0438986,60.0
1744878921961874.0,-4168.38,1319.66,0.502115,2.45868,2.59915,0.140477,60.0
1744878922021048.0,-4170.92,1321.03,0.504063,2.33379,2.36403,0.0302358,60.0
1744878922050806.0,-4170.92,1321.03,0.504063,2.33379,2.38429,0.0505027,60.0
1744878922100742.0,-4173.04,1323.08,0.505875,2.36402,2.27569,-0.0883396,60.0
1744878922138876.0,-4175.16,1325.13,0.50769,2.38429,2.47145,0.0871606,60.0
1744878922170565.0,-4175.16,1325.13,0.50769,2.38429,2.49587,0.111575,60.0
1744878922202450.0,-4177.7,1327.18,0.509783,2.47145,2.46109,-0.0103656,60.0
1744878922256195.0,-4179.81,1329.23,0.5116,2.49587,2.39212,-0.103743,60.0
1744878922287269.0,-4179.81,1329.23,0.5116,2.49587,2.44692,-0.0489437,60.0
1744878922316422.0,-4182.36,1331.28,0.513697,2.39212,2.50541,0.113287,60.0
1744878922374795.0,-4184.47,1333.33,0.515517,2.50541,2.36441,-0.140997,60.0
1744878922399518.0,-4184.47,1333.33,0.515517,2.50541,2.48942,-0.0159948,60.0
1744878922424390.0,-4184.47,1333.33,0.515517,2.50541,2.57094,0.0655319,60.0
1744878922456141.0,-4186.59,1334.69,0.517195,2.48942,2.45796,-0.0314575,60.0
1744878922481870.0,-4189.13,1336.74,0.519297,2.57094,2.58224,0.0112953,60.0
1744878922512106.0,-4189.13,1336.74,0.519297,2.57094,2.5573,-0.0136459,60.0
1744878922539971.0,-4191.25,1338.79,0.52112,2.58224,2.58911,0.00686958,60.0
1744878922571931.0,-4191.25,1338.79,0.52112,2.58224,2.48734,-0.0948993,60.0
1744878922602472.0,-4193.79,1340.84,0.523225,2.58911,2.54929,-0.0398159,60.0
1744878922653654.0,-4195.91,1342.89,0.525052,2.54929,2.47672,-0.0725764,60.0
1744878922685472.0,-4195.91,1342.89,0.525052,2.54929,2.5734,0.0241033,60.0
1744878922712042.0,-4198.45,1344.26,0.527016,2.47672,2.48558,0.0088619,60.0
1744878922737861.0,-4198.45,1344.26,0.527016,2.47672,2.48321,0.00649772,60.0
1744878922768081.0,-4200.56,1346.31,0.528845,2.48558,2.45357,-0.0320091,60.0
1744878922800828.0,-4200.56,1346.31,0.528845,2.48558,2.5217,0.0361242,60.0
1744878922829298.0,-4203.1,1348.36,0.530955,2.45357,2.36844,-0.0851272,60.0
1744878922868302.0,-4205.22,1350.4,0.532788,2.36844,2.31793,-0.0505151,60.0
1744878922900683.0,-4205.22,1350.4,0.532788,2.36844,2.47014,0.101698,60.0
1744878922927723.0,-4207.76,1351.77,0.534757,2.31793,2.343,0.0250689,60.0
1744878922979063.0,-4209.88,1353.82,0.536592,2.47014,2.45554,-0.014595,60.0
1744878923012564.0,-4209.88,1353.82,0.536592,2.47014,2.45266,-0.0174757,60.0
1744878923041509.0,-4212.42,1355.87,0.538708,2.45554,2.60339,0.147843,60.0
1744878923081403.0,-4214.54,1357.92,0.540546,2.45266,2.55116,0.0984986,60.0
1744878923107941.0,-4214.54,1357.92,0.540546,2.45266,2.56153,0.108871,60.0
1744878923143948.0,-4217.08,1359.29,0.542521,2.55116,2.65268,0.101519,60.0
1744878923175880.0,-4217.08,1359.29,0.542521,2.55116,2.43072,-0.120442,60.0
1744878923205100.0,-4219.2,1361.34,0.544361,2.65268,2.65998,0.00729452,60.0
1744878923233922.0,-4219.2,1361.34,0.544361,2.65268,2.50738,-0.145303,60.0
1744878923263220.0,-4221.74,1363.39,0.546484,2.65997,2.56022,-0.0997534,60.0
1744878923306249.0,-4223.85,1365.44,0.548327,2.50738,2.38244,-0.124934,60.0
1744878923348902.0,-4223.85,1365.44,0.548327,2.50738,2.53541,0.0280313,60.0
1744878923377574.0,-4226.39,1366.8,0.550307,2.38244,2.29816,-0.0842812,60.0
1744878923405065.0,-4226.39,1366.8,0.550307,2.38244,2.50568,0.123237,60.0
1744878923460846.0,-4228.51,1368.85,0.552153,2.29816,2.39492,0.0967604,60.0
1744878923488298.0,-4231.05,1370.9,0.554282,2.50568,2.35861,-0.147069,60.0
1744878923527131.0,-4231.05,1370.9,0.554282,2.50568,2.44355,-0.0621308,60.0
1744878923556416.0,-4233.17,1372.95,0.556131,2.35861,2.4857,0.127088,60.0
1744878923604802.0,-4235.71,1374.32,0.558116,2.4857,2.59793,0.112234,60.0
1744878923640158.0,-4235.71,1374.32,0.558116,2.4857,2.60261,0.116908,60.0
1744878923669552.0,-4237.83,1376.37,0.559967,2.59793,2.55473,-0.0432069,60.0
1744878923706204.0,-4237.83,1376.37,0.559967,2.59793,2.54803,-0.049906,60.0
1744878923733806.0,-4240.37,1378.42,0.562103,2.55473,2.56889,0.0141663,60.0
1744878923761879.0,-4240.37,1378.42,0.562103,2.55473,2.49744,-0.0572918,60.0
1744878923794033.0,-4242.91,1380.47,0.564239,2.56889,2.52589,-0.0430003,60.0
1744878923831264.0,-4242.91,1380.47,0.564239,2.56889,2.56016,-0.00873182,60.0
1744878923867287.0,-4245.03,1381.83,0.565947,2.52589,2.43725,-0.0886421,60.0
1744878923896020.0,-4247.57,1383.88,0.568087,2.56016,2.63192,0.0717561,60.0
1744878923928395.0,-4247.57,1383.88,0.568087,2.56016,2.46357,-0.0965954,60.0
1744878923960463.0,-4249.68,1385.93,0.569945,2.63192,2.55711,-0.0748111,60.0
1744878924014126.0,-4252.22,1387.3,0.57194,2.46357,2.45552,-0.00804576,60.0
1744878924046485.0,-4252.22,1387.3,0.57194,2.46357,2.40044,-0.0631313,60.0
1744878924075499.0,-4254.76,1389.35,0.574084,2.45552,2.61189,0.156373,60.0
1744878924110327.0,-4254.76,1389.35,0.574084,2.45552,2.46169,0.00616991,60.0
1744878924137995.0,-4256.88,1391.4,0.575947,2.61189,2.4784,-0.133493,60.0
1744878924179696.0,-4259.42,1392.76,0.577946,2.4784,2.38596,-0.0924415,60.0
1744878924211927.0,-4259.42,1392.76,0.577946,2.4784,2.48645,0.00804885,60.0
1744878924264559.0,-4261.96,1394.81,0.580095,2.38596,2.38218,-0.00378393,60.0
1744878924295407.0,-4264.08,1396.86,0.581961,2.48645,2.59838,0.111927,60.0
1744878924341736.0,-4264.08,1396.86,0.581961,2.48645,2.37561,-0.110842,60.0
1744878924379412.0,-4266.62,1398.23,0.583964,2.59838,2.51634,-0.0820354,60.0
1744878924435362.0,-4268.74,1400.28,0.585833,2.37561,2.49959,0.12398,60.0
1744878924470091.0,-4271.28,1402.33,0.587988,2.51634,2.52302,0.00668155,60.0
1744878924504434.0,-4271.28,1402.33,0.587988,2.51634,2.52983,0.0134854,60.0
1744878924534604.0,-4273.82,1403.69,0.589995,2.52302,2.66032,0.137294,60.0
1744878924564869.0,-4273.82,1403.69,0.589995,2.52302,2.51963,-0.00339739,60.0
1744878924592749.0,-4275.94,1405.74,0.591869,2.66032,2.53135,-0.128967,60.0
1744878924645656.0,-4278.48,1407.79,0.594028,2.51963,2.40675,-0.112874,60.0
1744878924672943.0,-4278.48,1407.79,0.594028,2.51963,2.52821,0.00858622,60.0
1744878924713400.0,-4281.02,1409.16,0.596039,2.40675,2.56227,0.155522,60.0
1744878924752822.0,-4281.02,1409.16,0.596039,2.40675,2.42631,0.0195563,60.0
1744878924794852.0,-4283.13,1411.21,0.597917,2.56227,2.44688,-0.115394,60.0
1744878924825212.0,-4285.68,1412.58,0.59993,2.42631,2.45751,0.0312042,60.0
1744878924859125.0,-4285.68,1412.58,0.59993,2.42631,2.40129,-0.0250217,60.0
1744878924913165.0,-4288.22,1414.63,0.602096,2.45751,2.57962,0.122108,60.0
1744878924944081.0,-4290.33,1416.68,0.603978,2.40129,2.42918,0.0278886,60.0
1744878924979072.0,-4290.33,1416.68,0.603978,2.40129,2.29428,-0.107012,60.0
1744878925012365.0,-4292.87,1418.04,0.605995,2.42918,2.57583,0.146654,60.0
1744878925043876.0,-4295.41,1420.09,0.608166,2.29428,2.32034,0.0260632,60.0
1744878925075245.0,-4295.41,1420.09,0.608166,2.29428,2.42883,0.134554,60.0
1744878925107860.0,-4297.53,1422.14,0.610052,2.32034,2.29598,-0.0243586,60.0
1744878925149649.0,-4300.07,1424.19,0.612225,2.42883,2.40542,-0.0234044,60.0
1744878925181035.0,-4300.07,1424.19,0.612225,2.42883,2.43569,0.00686092,60.0
1744878925242579.0,-4304.73,1427.61,0.616138,2.40542,2.40765,0.00222785,60.0
1744878925274343.0,-4304.73,1427.61,0.616138,2.40542,2.48263,0.0772103,60.0
1744878925305744.0,-4306.85,1429.66,0.61803,2.40765,2.49013,0.0824759,60.0
1744878925341302.0,-4306.85,1429.66,0.61803,2.40765,2.53866,0.131011,60.0
1744878925368850.0,-4309.39,1431.71,0.62021,2.49013,2.42878,-0.0613442,60.0
1744878925417867.0,-4311.51,1433.07,0.621951,2.42878,2.55185,0.123066,60.0
1744878925477131.0,-4314.05,1435.12,0.624133,2.55185,2.57824,0.0263906,60.0
1744878925508192.0,-4314.05,1435.12,0.624133,2.55185,2.4625,-0.0893461,60.0
1744878925537496.0,-4316.16,1437.17,0.62603,2.57824,2.5841,0.0058605,60.0
1744878925593153.0,-4318.7,1439.22,0.628216,2.4625,2.32261,-0.139896,60.0
1744878925621314.0,-4318.7,1439.22,0.628216,2.4625,2.40543,-0.057072,60.0
1744878925653858.0,-4320.82,1440.59,0.629962,2.32261,2.43826,0.115655,60.0
1744878925692524.0,-4320.82,1440.59,0.629962,2.32261,2.37432,0.0517102,60.0
1744878925721456.0,-4323.36,1442.64,0.632151,2.43826,2.40019,-0.0380666,60.0
1744878925749490.0,-4325.48,1444.69,0.634054,2.37432,2.43996,0.0656451,60.0
1744878925790146.0,-4325.48,1444.69,0.634054,2.37432,2.4881,0.113787,60.0
1744878925817522.0,-4328.02,1446.74,0.636246,2.43996,2.3507,-0.0892629,60.0
1744878925863774.0,-4330.14,1448.79,0.638151,2.4881,2.60023,0.112121,60.0
1744878925887396.0,-4330.14,1448.79,0.638151,2.4881,2.43716,-0.0509396,60.0
1744878925908406.0,-4330.14,1448.79,0.638151,2.4881,2.38754,-0.100561,60.0
1744878925929365.0,-4332.68,1450.15,0.640191,2.43716,2.54045,0.103287,60.0
1744878925950385.0,-4332.68,1450.15,0.640191,2.43716,2.43514,-0.00202593,60.0
1744878925971586.0,-4334.79,1452.2,0.642099,2.54045,2.60812,0.0676713,60.0
1744878925992793.0,-4334.79,1452.2,0.642099,2.54045,2.39373,-0.146719,60.0
1744878926013620.0,-4334.79,1452.2,0.642099,2.54045,2.47788,-0.0625687,60.0
1744878926034442.0,-4337.34,1454.25,0.644297,2.39373,2.35769,-0.0360443,60.0
1744878926055337.0,-4337.34,1454.25,0.644297,2.39373,2.35233,-0.0414037,60.0
1744878926076325.0,-4339.45,1456.3,0.646208,2.35769,2.46369,0.105998,60.0
1744878926097197.0,-4339.45,1456.3,0.646208,2.35769,2.50593,0.148238,60.0
1744878926118090.0,-4341.99,1457.67,0.648254,2.46369,2.52563,0.0619392,60.0
1744878926139223.0,-4341.99,1457.67,0.648254,2.46369,2.34802,-0.115666,60.0
1744878926160049.0,-4341.99,1457.67,0.648254,2.46369,2.36017,-0.103515,60.0
1744878926180941.0,-4344.11,1459.72,0.650167,2.34802,2.3658,0.0177839,60.0
1744878926201835.0,-4344.11,1459.72,0.650167,2.34802,2.37178,0.0237566,60.0
1744878926222656.0,-4346.65,1461.77,0.652371,2.3658,2.40944,0.043633,60.0
1744878926243668.0,-4346.65,1461.77,0.652371,2.3658,2.37609,0.0102902,60.0
1744878926264386.0,-4346.65,1461.77,0.652371,2.3658,2.35187,-0.0139369,60.0
1744878926285403.0,-4348.77,1463.82,0.654288,2.37609,2.40243,0.0263354,60.0
1744878926306170.0,-4348.77,1463.82,0.654288,2.37609,2.30684,-0.0692539,60.0
1744878926327082.0,-4350.89,1465.87,0.656206,2.40243,2.41252,0.010093,60.0
1744878926350150.0,-4350.89,1465.87,0.656206,2.40243,2.33143,-0.0709995,60.0
1744878926371422.0,-4350.89,1465.87,0.656206,2.40243,2.44686,0.0444295,60.0
1744878926392021.0,-4353.43,1467.92,0.658415,2.33143,2.25947,-0.0719571,60.0
1744878926413324.0,-4353.43,1467.92,0.658415,2.33143,2.48546,0.154029,60.0
1744878926435058.0,-4355.54,1469.28,0.660178,2.25947,2.31537,0.0558996,60.0
1744878926458298.0,-4355.54,1469.28,0.660178,2.25947,2.25971,0.000232671,60.0
1744878926479031.0,-4357.66,1471.33,0.6621,2.31537,2.4343,0.118929,60.0
1744878926500186.0,-4357.66,1471.33,0.6621,2.31537,2.24893,-0.0664468,60.0
1744878926526715.0,-4360.2,1473.38,0.664313,2.4343,2.47594,0.0416336,60.0
1744878926547535.0,-4360.2,1473.38,0.664313,2.4343,2.27495,-0.159355,60.0
1744878926569517.0,-4360.2,1473.38,0.664313,2.4343,2.48417,0.0498679,60.0
1744878926590630.0,-4362.32,1475.43,0.666238,2.27495,2.33054,0.0555927,60.0
1744878926623671.0,-4362.32,1475.43,0.666238,2.27495,2.3904,0.115456,60.0
1744878926645047.0,-4364.44,1477.48,0.668164,2.33054,2.45568,0.125145,60.0
1744878926666359.0,-4364.44,1477.48,0.668164,2.33054,2.43429,0.103749,60.0
1744878926690857.0,-4366.98,1479.53,0.670382,2.45568,2.4541,-0.00158561,60.0
1744878926712948.0,-4366.98,1479.53,0.670382,2.45568,2.47732,0.021638,60.0
1744878926735436.0,-4369.09,1481.58,0.672311,2.4541,2.54943,0.0953273,60.0
1744878926757998.0,-4369.09,1481.58,0.672311,2.4541,2.30367,-0.150426,60.0
1744878926785708.0,-4371.21,1483.63,0.674241,2.30367,2.38396,0.0802844,60.0
1744878926812196.0,-4371.21,1483.63,0.674241,2.30367,2.40532,0.101648,60.0
1744878926857420.0,-4373.33,1485.68,0.676173,2.38396,2.51634,0.132383,60.0
1744878926880998.0,-4373.33,1485.68,0.676173,2.38396,2.5049,0.120942,60.0
1744878926904201.0,-4373.33,1485.68,0.676173,2.38396,2.40413,0.0201709,60.0
1744878926926967.0,-4375.87,1487.73,0.678397,2.5049,2.43989,-0.0650064,60.0
1744878926950039.0,-4375.87,1487.73,0.678397,2.5049,2.39061,-0.114288,60.0
1744878926973454.0,-4377.98,1489.78,0.680331,2.43989,2.465,0.0251108,60.0
1744878926997918.0,-4377.98,1489.78,0.680331,2.43989,2.5477,0.107808,60.0
1744878927021672.0,-4380.1,1491.83,0.682267,2.465,2.39864,-0.0663678,60.0
1744878927045633.0,-4380.1,1491.83,0.682267,2.465,2.48872,0.023712,60.0
1744878927073749.0,-4382.64,1493.88,0.684496,2.39864,2.31139,-0.0872408,60.0
1744878927097929.0,-4382.64,1493.88,0.684496,2.39864,2.51224,0.113602,60.0
1744878927125587.0,-4384.76,1495.24,0.686275,2.31139,2.39379,0.0823985,60.0
1744878927151100.0,-4384.76,1495.24,0.686275,2.31139,2.27801,-0.033385,60.0
1744878927188793.0,-4386.88,1497.29,0.688215,2.39379,2.51957,0.125774,60.0
1744878927216396.0,-4388.99,1499.34,0.690156,2.27801,2.33627,0.0582617,60.0
1744878927251497.0,-4388.99,1499.34,0.690156,2.27801,2.27745,-0.000558513,60.0
1744878927285381.0,-4391.53,1501.39,0.692391,2.33627,2.49339,0.15712,60.0
1744878927311257.0,-4391.53,1501.39,0.692391,2.33627,2.2833,-0.0529716,60.0
1744878927339927.0,-4393.65,1503.44,0.694335,2.49339,2.51093,0.0175373,60.0
1744878927369007.0,-4395.77,1505.49,0.69628,2.2833,2.4197,0.1364,60.0
1744878927400774.0,-4395.77,1505.49,0.69628,2.2833,2.31657,0.0332709,60.0
1744878927429320.0,-4397.89,1507.54,0.698227,2.4197,2.36341,-0.0562889,60.0
1744878927470215.0,-4397.89,1507.54,0.698227,2.4197,2.57439,0.154693,60.0
1744878927497004.0,-4400.0,1509.59,0.700175,2.36341,2.44957,0.0861637,60.0
1744878927538272.0,-4402.54,1511.64,0.702418,2.57439,2.47671,-0.0976859,60.0
1744878927569829.0,-4402.54,1511.64,0.702418,2.57439,2.61704,0.0426517,60.0
1744878927596168.0,-4404.66,1513.69,0.704369,2.47671,2.43559,-0.0411169,60.0
1744878927624504.0,-4404.66,1513.69,0.704369,2.47671,2.38174,-0.0949655,60.0
1744878927654145.0,-4406.78,1515.74,0.706321,2.43559,2.54111,0.105525,60.0
1744878927701405.0,-4406.78,1515.74,0.706321,2.43559,2.50734,0.0717506,60.0
1744878927761960.0,-4411.44,1519.84,0.710524,2.54111,2.52832,-0.0127991,60.0
1744878927789635.0,-4411.44,1519.84,0.710524,2.54111,2.49817,-0.0429435,60.0
1744878927832961.0,-4413.55,1521.89,0.71248,2.52832,2.49426,-0.034052,60.0
1744878927880865.0,-4416.09,1523.94,0.714732,2.49817,2.35422,-0.143951,60.0
1744878927916347.0,-4416.09,1523.94,0.714732,2.49817,2.47145,-0.0267235,60.0
1744878927943056.0,-4418.21,1525.3,0.716529,2.35422,2.43312,0.0789034,60.0
1744878927972790.0,-4418.21,1525.3,0.716529,2.35422,2.49968,0.145462,60.0
1744878927998571.0,-4420.33,1527.35,0.718489,2.43312,2.42391,-0.00921546,60.0
1744878928039992.0,-4420.33,1527.35,0.718489,2.43312,2.41257,-0.0205501,60.0
1744878928074831.0,-4422.87,1529.4,0.720746,2.42391,2.48492,0.0610126,60.0
1744878928110503.0,-4424.99,1531.45,0.722709,2.41257,2.57658,0.164005,60.0
1744878928140229.0,-4424.99,1531.45,0.722709,2.41257,2.34205,-0.0705219,60.0
1744878928168945.0,-4427.1,1533.5,0.724674,2.57658,2.556,-0.020578,60.0
1744878928205246.0,-4427.1,1533.5,0.724674,2.57658,2.55997,-0.0166077,60.0
1744878928237514.0,-4429.64,1535.55,0.726935,2.556,2.46733,-0.0886658,60.0
1744878928265160.0,-4431.76,1537.6,0.728903,2.55997,2.4953,-0.0646722,60.0
1744878928295874.0,-4431.76,1537.6,0.728903,2.55997,2.50908,-0.050888,60.0
1744878928323404.0,-4434.3,1538.97,0.731002,2.4953,2.57326,0.0779587,60.0
1744878928367212.0,-4434.3,1538.97,0.731002,2.4953,2.44974,-0.0455552,60.0
1744878928403489.0,-4436.42,1541.02,0.732973,2.57326,2.57641,0.00315669,60.0
1744878928443959.0,-4438.96,1543.07,0.73524,2.44974,2.49677,0.0470246,60.0
1744878928475988.0,-4441.08,1545.12,0.737213,2.57641,2.59374,0.0173304,60.0
1744878928504256.0,-4441.08,1545.12,0.737213,2.57641,2.43912,-0.137294,60.0
1744878928547586.0,-4443.62,1547.17,0.739484,2.59374,2.48829,-0.105454,60.0
1744878928586788.0,-4445.73,1548.53,0.741294,2.43912,2.45203,0.0129061,60.0
1744878928613669.0,-4445.73,1548.53,0.741294,2.43912,2.4444,0.00527502,60.0
1744878928643311.0,-4448.27,1550.58,0.743567,2.45203,2.56983,0.117808,60.0
1744878928671449.0,-4448.27,1550.58,0.743567,2.45203,2.41354,-0.0384892,60.0
1744878928714069.0,-4450.39,1552.63,0.745546,2.56983,2.54263,-0.0272068,60.0
1744878928746292.0,-4452.93,1554.0,0.747657,2.41354,2.44619,0.0326524,60.0
1744878928773355.0,-4452.93,1554.0,0.747657,2.41354,2.32366,-0.0898803,60.0
1744878928827972.0,-4455.05,1556.05,0.749638,2.44619,2.43739,-0.0087958,60.0
1744878928860299.0,-4457.59,1558.1,0.751917,2.32366,2.34249,0.0188282,60.0
1744878928887693.0,-4459.71,1560.15,0.753902,2.43739,2.55538,0.117988,60.0
1744878928921970.0,-4459.71,1560.15,0.753902,2.43739,2.43224,-0.00515552,60.0
1744878928954099.0,-4462.25,1562.2,0.756184,2.55538,2.39512,-0.16026,60.0
1744878928982162.0,-4464.36,1563.57,0.758004,2.43224,2.3574,-0.0748398,60.0
1744878929009774.0,-4464.36,1563.57,0.758004,2.43224,2.56045,0.128212,60.0
1744878929039248.0,-4466.91,1565.61,0.76029,2.3574,2.46213,0.10473,60.0
1744878929076947.0,-4466.91,1565.61,0.76029,2.3574,2.49934,0.141943,60.0
1744878929103922.0,-4469.02,1567.66,0.76228,2.46213,2.57322,0.111087,60.0
1744878929141584.0,-4469.02,1567.66,0.76228,2.46213,2.39871,-0.0634232,60.0
1744878929171983.0,-4471.56,1569.71,0.764568,2.57322,2.43316,-0.140061,60.0
1744878929211862.0,-4473.68,1571.08,0.766393,2.39871,2.27659,-0.122117,60.0
1744878929259588.0,-4473.68,1571.08,0.766393,2.39871,2.41708,0.0183735,60.0
1744878929291738.0,-4476.22,1573.13,0.768685,2.27659,2.33906,0.0624678,60.0
1744878929322326.0,-4478.34,1575.18,0.77068,2.41708,2.42452,0.0074434,60.0
1744878929356198.0,-4478.34,1575.18,0.77068,2.41708,2.5512,0.134121,60.0
1744878929450624.0,-4483.0,1579.28,0.774973,2.42452,2.51921,0.094688,60.0
1744878929483932.0,-4483.0,1579.28,0.774973,2.42452,2.40647,-0.0180553,60.0
1744878929512860.0,-4485.54,1580.65,0.777102,2.51921,2.5435,0.0242865,60.0
1744878929566020.0,-4487.65,1582.7,0.779103,2.5435,2.59593,0.0524309,60.0
1744878929599978.0,-4487.65,1582.7,0.779103,2.5435,2.4281,-0.115395,60.0
1744878929625926.0,-4490.19,1584.75,0.781404,2.59593,2.575,-0.0209308,60.0
1744878929653593.0,-4490.19,1584.75,0.781404,2.59593,2.61975,0.0238218,60.0
1744878929701949.0,-4492.31,1586.79,0.783408,2.575,2.47049,-0.10451,60.0
1744878929729957.0,-4494.85,1588.16,0.785542,2.61975,2.51971,-0.100043,60.0
1744878929763004.0,-4494.85,1588.16,0.785542,2.61975,2.68213,0.0623819,60.0
1744878929792777.0,-4496.97,1590.21,0.787548,2.51971,2.52319,0.003485,60.0
1744878929830337.0,-4496.97,1590.21,0.787548,2.51971,2.41399,-0.105718,60.0
1744878929867196.0,-4499.51,1592.26,0.789856,2.52319,2.44968,-0.0735123,60.0
1744878929900324.0,-4501.63,1593.63,0.791694,2.41399,2.30595,-0.108038,60.0
1744878929940355.0,-4501.63,1593.63,0.791694,2.41399,2.45611,0.0421186,60.0
1744878929972984.0,-4504.17,1595.68,0.794004,2.30595,2.34641,0.0404588,60.0
1744878930010524.0,-4506.28,1597.73,0.796016,2.45611,2.31853,-0.137581,60.0
1744878930087949.0,-4508.83,1599.78,0.79833,2.34641,2.44054,0.0941293,60.0
1744878930120067.0,-4510.94,1601.14,0.800173,2.31853,2.40697,0.0884452,60.0
1744878930147671.0,-4510.94,1601.14,0.800173,2.31853,2.35066,0.0321312,60.0
1744878930175945.0,-4513.48,1603.19,0.802489,2.40697,2.33439,-0.0725863,60.0
1744878930209873.0,-4513.48,1603.19,0.802489,2.40697,2.444,0.037026,60.0
1744878930242508.0,-4515.6,1605.24,0.804507,2.33439,2.42847,0.0940867,60.0
1744878930268829.0,-4518.14,1607.29,0.806826,2.444,2.50413,0.060128,60.0
1744878930295296.0,-4518.14,1607.29,0.806826,2.444,2.45608,0.0120791,60.0
1744878930359975.0,-4520.26,1609.34,0.808846,2.50413,2.55258,0.0484568,60.0
1744878930395109.0,-4522.8,1610.71,0.810997,2.45608,2.59881,0.142735,60.0
1744878930427603.0,-4522.8,1610.71,0.810997,2.45608,2.56412,0.108043,60.0
1744878930455219.0,-4524.92,1612.76,0.81302,2.59881,2.46607,-0.132742,60.0
1744878930509998.0,-4527.46,1614.81,0.815345,2.56412,2.50688,-0.0572408,60.0
1744878930555562.0,-4527.46,1614.81,0.815345,2.56412,2.57554,0.011423,60.0
1744878930592919.0,-4529.57,1616.86,0.817371,2.50688,2.38653,-0.120351,60.0
1744878930624809.0,-4532.11,1618.91,0.8197,2.57554,2.55118,-0.0243594,60.0
1744878930679467.0,-4534.23,1620.27,0.821555,2.38653,2.26256,-0.12397,60.0
1744878930709215.0,-4534.23,1620.27,0.821555,2.38653,2.46667,0.0801383,60.0
1744878930752584.0,-4536.77,1622.32,0.823887,2.26256,2.29984,0.0372775,60.0
1744878930782199.0,-4538.89,1624.37,0.825918,2.46667,2.34981,-0.116856,60.0
1744878930814472.0,-4538.89,1624.37,0.825918,2.46667,2.36262,-0.104045,60.0
1744878930849345.0,-4541.43,1626.42,0.828253,2.34981,2.40562,0.0558131,60.0
1744878930883920.0,-4543.55,1627.79,0.830113,2.36262,2.45397,0.0913514,60.0
1744878930914052.0,-4543.55,1627.79,0.830113,2.36262,2.34135,-0.0212654,60.0
1744878930964007.0,-4546.09,1629.84,0.832451,2.45397,2.39455,-0.0594245,60.0
1744878930995889.0,-4548.2,1631.89,0.834487,2.34135,2.45087,0.109511,60.0
1744878931024230.0,-4548.2,1631.89,0.834487,2.34135,2.37795,0.0365978,60.0
1744878931062348.0,-4550.74,1633.94,0.836828,2.45087,2.45804,0.00717547,60.0
1744878931105359.0,-4552.86,1635.99,0.838868,2.37795,2.44122,0.0632718,60.0
1744878931156828.0,-4554.98,1637.35,0.840734,2.45804,2.3229,-0.135145,60.0
1744878931197244.0,-4554.98,1637.35,0.840734,2.45804,2.37838,-0.0796633,60.0
1744878931228673.0,-4557.52,1639.4,0.843079,2.3229,2.44992,0.127021,60.0
1744878931259256.0,-4559.64,1641.45,0.845123,2.37838,2.46305,0.0846703,60.0
1744878931284687.0,-4559.64,1641.45,0.845123,2.37838,2.37557,-0.00280489,60.0
1744878931312388.0,-4562.18,1643.5,0.847471,2.46305,2.57023,0.107185,60.0
1744878931343016.0,-4562.18,1643.5,0.847471,2.46305,2.32315,-0.139899,60.0
1744878931378639.0,-4564.29,1645.55,0.849518,2.57023,2.46856,-0.10167,60.0
1744878931405228.0,-4566.41,1647.6,0.851566,2.32315,2.46249,0.139345,60.0
1744878931438080.0,-4566.41,1647.6,0.851566,2.32315,2.43833,0.115186,60.0
1744878931463851.0,-4568.95,1649.65,0.853919,2.46249,2.4197,-0.0427902,60.0
1744878931491398.0,-4568.95,1649.65,0.853919,2.46249,2.6225,0.160009,60.0
1744878931517785.0,-4571.07,1651.02,0.855793,2.4197,2.45709,0.0373864,60.0
1744878931544105.0,-4571.07,1651.02,0.855793,2.4197,2.41428,-0.00542847,60.0
1744878931570037.0,-4573.61,1653.07,0.858149,2.45709,2.47483,0.0177436,60.0
1744878931610931.0,-4575.73,1655.12,0.860203,2.47483,2.46093,-0.0139033,60.0
1744878931638633.0,-4575.73,1655.12,0.860203,2.47483,2.40409,-0.0707451,60.0
1744878931678468.0,-4577.84,1657.17,0.862257,2.46093,2.44456,-0.0163658,60.0
1744878931719076.0,-4580.38,1659.22,0.864618,2.40409,2.46733,0.0632426,60.0
1744878931764166.0,-4580.38,1659.22,0.864618,2.40409,2.3393,-0.0647901,60.0
1744878931794570.0,-4582.5,1661.27,0.866676,2.46733,2.4566,-0.0107294,60.0
1744878931827422.0,-4585.04,1662.63,0.868862,2.3393,2.47677,0.137466,60.0
1744878931861130.0,-4585.04,1662.63,0.868862,2.3393,2.45122,0.111925,60.0
1744878931908048.0,-4587.16,1664.68,0.870923,2.47677,2.3975,-0.0792662,60.0
1744878931941702.0,-4589.28,1666.73,0.872984,2.45122,2.51385,0.062628,60.0
1744878931968688.0,-4589.28,1666.73,0.872984,2.45122,2.45848,0.00725784,60.0
1744878932010167.0,-4591.82,1668.78,0.875353,2.51385,2.52256,0.00870366,60.0
1744878932043286.0,-4593.93,1670.83,0.877417,2.45848,2.44995,-0.00853629,60.0
1744878932071919.0,-4593.93,1670.83,0.877417,2.45848,2.5062,0.0477156,60.0
1744878932129678.0,-4598.59,1674.25,0.881677,2.44995,2.59769,0.147749,60.0
1744878932159089.0,-4598.59,1674.25,0.881677,2.44995,2.44605,-0.0038953,60.0
1744878932188160.0,-4600.71,1676.3,0.883746,2.59769,2.62258,0.0248827,60.0
1744878932223015.0,-4600.71,1676.3,0.883746,2.59769,2.45491,-0.142784,60.0
1744878932267988.0,-4603.25,1678.35,0.886122,2.62258,2.61574,-0.00683758,60.0
1744878932297867.0,-4605.37,1680.4,0.888193,2.45491,2.35354,-0.101374,60.0
1744878932328496.0,-4605.37,1680.4,0.888193,2.45491,2.60246,0.147551,60.0
1744878932372159.0,-4607.91,1682.45,0.890573,2.35354,2.37528,0.0217404,60.0
1744878932414513.0,-4610.02,1683.81,0.892467,2.60246,2.44191,-0.160554,60.0
1744878932435377.0,-4610.02,1683.81,0.892467,2.60246,2.53331,-0.0691495,60.0
1744878932456155.0,-4610.02,1683.81,0.892467,2.60246,2.45004,-0.152421,60.0
1744878932477701.0,-4612.57,1685.86,0.894849,2.53331,2.4159,-0.11741,60.0
1744878932498592.0,-4612.57,1685.86,0.894849,2.53331,2.379,-0.154312,60.0
1744878932519422.0,-4614.68,1687.91,0.896926,2.4159,2.35453,-0.061376,60.0
1744878932540228.0,-4614.68,1687.91,0.896926,2.4159,2.5302,0.114298,60.0
1744878932561060.0,-4614.68,1687.91,0.896926,2.4159,2.4296,0.0137015,60.0
1744878932582000.0,-4617.22,1689.96,0.899311,2.5302,2.39073,-0.13947,60.0
1744878932602806.0,-4617.22,1689.96,0.899311,2.5302,2.60546,0.0752633,60.0
1744878932623593.0,-4619.34,1691.33,0.90121,2.39073,2.51007,0.11934,60.0
1744878932644401.0,-4619.34,1691.33,0.90121,2.39073,2.53275,0.142022,60.0
1744878932665451.0,-4619.34,1691.33,0.90121,2.39073,2.44831,0.05758,60.0
1744878932686304.0,-4621.88,1693.38,0.903599,2.53275,2.40291,-0.129842,60.0
1744878932710827.0,-4621.88,1693.38,0.903599,2.53275,2.57825,0.0454953,60.0
1744878932731723.0,-4624.0,1695.43,0.905681,2.40291,2.46744,0.0645314,60.0
1744878932752930.0,-4624.0,1695.43,0.905681,2.40291,2.51522,0.112307,60.0
1744878932773756.0,-4626.54,1697.48,0.908073,2.46744,2.50542,0.0379744,60.0
1744878932794687.0,-4626.54,1697.48,0.908073,2.46744,2.3185,-0.148941,60.0
1744878932815672.0,-4626.54,1697.48,0.908073,2.46744,2.59335,0.125909,60.0
1744878932837198.0,-4628.66,1698.85,0.909976,2.3185,2.36438,0.0458816,60.0
1744878932860514.0,-4628.66,1698.85,0.909976,2.3185,2.30527,-0.0132272,60.0
1744878932880275.0,-4631.2,1700.9,0.912371,2.36438,2.50922,0.144834,60.0
1744878932901252.0,-4631.2,1700.9,0.912371,2.36438,2.32558,-0.0388034,60.0
1744878932922600.0,-4633.31,1702.95,0.914459,2.32558,2.30662,-0.0189576,60.0
1744878932961152.0,-4633.31,1702.95,0.914459,2.32558,2.39519,0.0696129,60.0
1744878932985572.0,-4635.85,1705.0,0.916857,2.30662,2.33957,0.0329518,60.0
1744878933006417.0,-4635.85,1705.0,0.916857,2.30662,2.43788,0.131256,60.0
1744878933027554.0,-4637.97,1707.05,0.918947,2.33957,2.33531,-0.00426634,60.0
1744878933048448.0,-4637.97,1707.05,0.918947,2.33957,2.49052,0.150943,60.0
1744878933069321.0,-4637.97,1707.05,0.918947,2.33957,2.32572,-0.0138507,60.0
1744878933090296.0,-4640.51,1709.09,0.921348,2.49052,2.37552,-0.114996,60.0
1744878933111174.0,-4640.51,1709.09,0.921348,2.49052,2.54045,0.0499294,60.0
1744878933132189.0,-4642.63,1710.46,0.923259,2.37552,2.45599,0.0804743,60.0
1744878933158665.0,-4642.63,1710.46,0.923259,2.37552,2.48167,0.106153,60.0
1744878933188625.0,-4644.75,1712.51,0.925354,2.45599,2.5322,0.0762061,60.0
1744878933212248.0,-4644.75,1712.51,0.925354,2.45599,2.34648,-0.109518,60.0
1744878933239098.0,-4647.29,1714.56,0.927759,2.5322,2.47757,-0.0546287,60.0
1744878933262237.0,-4647.29,1714.56,0.927759,2.5322,2.54596,0.0137595,60.0
1744878933284292.0,-4649.4,1716.61,0.929857,2.47757,2.50461,0.027042,60.0
1744878933306409.0,-4649.4,1716.61,0.929857,2.47757,2.46759,-0.00997873,60.0
1744878933328549.0,-4649.4,1716.61,0.929857,2.47757,2.52288,0.0453115,60.0
1744878933363318.0,-4651.94,1718.66,0.932265,2.46759,2.58251,0.114915,60.0
1744878933389678.0,-4654.06,1720.71,0.934366,2.52288,2.51727,-0.00560885,60.0
1744878933414270.0,-4654.06,1720.71,0.934366,2.52288,2.42677,-0.0961117,60.0
1744878933437447.0,-4656.18,1722.08,0.936283,2.51727,2.40345,-0.113829,60.0
1744878933461304.0,-4656.18,1722.08,0.936283,2.51727,2.49771,-0.019566,60.0
1744878933484979.0,-4658.72,1724.13,0.938697,2.40345,2.34837,-0.0550799,60.0
1744878933510523.0,-4658.72,1724.13,0.938697,2.40345,2.29142,-0.112025,60.0
1744878933546516.0,-4660.84,1726.18,0.940801,2.34837,2.47653,0.12816,60.0
1744878933584193.0,-4660.84,1726.18,0.940801,2.34837,2.38054,0.0321745,60.0
1744878933612199.0,-4663.38,1728.23,0.943217,2.47653,2.59896,0.122433,60.0
1744878933653700.0,-4665.49,1730.28,0.945324,2.38054,2.45958,0.0790441,60.0
1744878933689534.0,-4665.49,1730.28,0.945324,2.38054,2.52912,0.148583,60.0
1744878933714748.0,-4668.03,1732.33,0.947744,2.45958,2.44287,-0.016713,60.0
1744878933740760.0,-4668.03,1732.33,0.947744,2.45958,2.59873,0.139147,60.0
1744878933770867.0,-4670.15,1733.69,0.949669,2.44287,2.56577,0.1229,60.0
1744878933803175.0,-4670.15,1733.69,0.949669,2.44287,2.28039,-0.162479,60.0
1744878933837079.0,-4672.27,1735.74,0.95178,2.56577,2.46646,-0.0993059,60.0
1744878933862615.0,-4672.27,1735.74,0.95178,2.56577,2.40176,-0.164009,60.0
1744878933919417.0,-4674.81,1737.79,0.954204,2.46646,2.35114,-0.115326,60.0
1744878933948095.0,-4676.93,1739.84,0.956318,2.40176,2.48348,0.0817147,60.0
1744878933982525.0,-4676.93,1739.84,0.956318,2.40176,2.56022,0.158457,60.0
1744878934008375.0,-4679.47,1741.89,0.958745,2.48348,2.43484,-0.0486396,60.0
1744878934065072.0,-4681.58,1743.26,0.960676,2.56022,2.52603,-0.0341901,60.0
1744878934094524.0,-4681.58,1743.26,0.960676,2.56022,2.42153,-0.138685,60.0
1744878934120498.0,-4684.12,1745.31,0.963106,2.52603,2.44459,-0.0814382,60.0
1744878934153769.0,-4684.12,1745.31,0.963106,2.52603,2.47293,-0.0531017,60.0
1744878934186603.0,-4686.24,1747.36,0.965226,2.44459,2.3602,-0.0843867,60.0
1744878934215766.0,-4686.24,1747.36,0.965226,2.44459,2.42367,-0.0209211,60.0
1744878934244027.0,-4688.78,1749.41,0.967659,2.3602,2.47503,0.114825,60.0
1744878934286326.0,-4690.9,1751.46,0.969781,2.42367,2.32185,-0.101816,60.0
1744878934329755.0,-4693.44,1752.82,0.97203,2.47503,2.61448,0.139447,60.0
1744878934356249.0,-4693.44,1752.82,0.97203,2.47503,2.41582,-0.0592122,60.0
1744878934386689.0,-4695.56,1754.87,0.974156,2.61448,2.56364,-0.0508349,60.0
1744878934412178.0,-4695.56,1754.87,0.974156,2.61448,2.49291,-0.121569,60.0
1744878934443194.0,-4698.1,1756.92,0.976595,2.56364,2.5306,-0.0330422,60.0
1744878934478741.0,-4698.1,1756.92,0.976595,2.56364,2.62586,0.0622215,60.0
1744878934508934.0,-4700.21,1758.97,0.978723,2.5306,2.38665,-0.143953,60.0
1744878934550395.0,-4700.21,1758.97,0.978723,2.5306,2.47734,-0.053255,60.0
1744878934580633.0,-4702.75,1760.34,0.980977,2.38665,2.39434,0.00769781,60.0
1744878934621163.0,-4704.87,1762.39,0.983108,2.47734,2.54833,0.0709862,60.0
1744878934649157.0,-4704.87,1762.39,0.983108,2.47734,2.6165,0.139155,60.0
1744878934678759.0,-4707.41,1764.44,0.985553,2.54833,2.44316,-0.105168,60.0
1744878934730952.0,-4709.53,1766.49,0.987687,2.6165,2.54581,-0.0706902,60.0
1744878934764055.0,-4712.07,1767.86,0.989947,2.54581,2.51925,-0.0265633,60.0
1744878934795685.0,-4712.07,1767.86,0.989947,2.54581,2.48405,-0.0617563,60.0
1744878934834661.0,-4714.19,1769.91,0.992083,2.51925,2.48718,-0.0320618,60.0
1744878934889252.0,-4716.73,1771.95,0.994535,2.48405,2.41607,-0.0679784,60.0
1744878934981449.0,-4721.39,1775.37,0.998939,2.48718,2.44901,-0.0381743,60.0
1744878935011611.0,-4721.39,1775.37,0.998939,2.48718,2.63916,0.151975,60.0
1744878935064015.0,-4723.93,1777.42,1.00139,2.44901,2.32192,-0.127094,60.0
1744878935124167.0,-4726.47,1778.79,1.00366,2.63916,2.6224,-0.0167586,60.0
1744878935161253.0,-4728.58,1780.84,1.00581,2.32192,2.38888,0.066969,60.0
1744878935193102.0,-4728.58,1780.84,1.00581,2.32192,2.29313,-0.0287903,60.0
1744878935228749.0,-4731.12,1782.89,1.00827,2.38888,2.4535,0.0646164,60.0
1744878935266675.0,-4733.24,1784.94,1.01042,2.29313,2.29767,0.00454579,60.0
1744878935297950.0,-4733.24,1784.94,1.01042,2.29313,2.31371,0.0205839,60.0
1744878935326399.0,-4735.78,1786.3,1.01269,2.29767,2.33764,0.0399693,60.0
1744878935366441.0,-4735.78,1786.3,1.01269,2.29767,2.37433,0.0766619,60.0
1744878935404044.0,-4737.9,1788.35,1.01484,2.33764,2.43571,0.0980701,60.0
1744878935447108.0,-4740.44,1790.4,1.01731,2.37433,2.31275,-0.0615807,60.0
1744878935480145.0,-4740.44,1790.4,1.01731,2.37433,2.45388,0.0795435,60.0
1744878935509068.0,-4742.56,1792.45,1.01946,2.31275,2.19607,-0.116679,60.0
1744878935546262.0,-4742.56,1792.45,1.01946,2.31275,2.38027,0.0675147,60.0
1744878935595516.0,-4745.1,1794.5,1.02193,2.19607,2.32264,0.12657,60.0
1744878935623189.0,-4747.21,1795.87,1.02389,2.38027,2.39807,0.0177997,60.0
1744878935648794.0,-4747.21,1795.87,1.02389,2.38027,2.46079,0.0805269,60.0
1744878935688706.0,-4749.33,1797.92,1.02605,2.39807,2.25549,-0.142577,60.0
1744878935716792.0,-4751.87,1799.97,1.02852,2.46079,2.38166,-0.0791322,60.0
1744878935747153.0,-4751.87,1799.97,1.02852,2.46079,2.4707,0.00990476,60.0
1744878935777408.0,-4753.99,1802.02,1.03068,2.38166,2.36409,-0.0175707,60.0
1744878935807115.0,-4756.11,1804.07,1.03284,2.4707,2.54835,0.0776492,60.0
1744878935847868.0,-4756.11,1804.07,1.03284,2.4707,2.42961,-0.0410898,60.0
1744878935879163.0,-4758.65,1806.12,1.03532,2.54835,2.53559,-0.0127562,60.0
1744878935906407.0,-4760.76,1808.17,1.03749,2.42961,2.3816,-0.0480067,60.0
1744878935939452.0,-4760.76,1808.17,1.03749,2.42961,2.41029,-0.0193228,60.0
1744878935970347.0,-4763.3,1809.53,1.03978,2.3816,2.46892,0.0873168,60.0
1744878936015761.0,-4765.42,1811.58,1.04194,2.41029,2.39925,-0.0110346,60.0
1744878936047148.0,-4765.42,1811.58,1.04194,2.41029,2.4614,0.0511182,60.0
1744878936075937.0,-4767.54,1813.63,1.04411,2.39925,2.33603,-0.0632189,60.0
1744878936126650.0,-4770.08,1815.68,1.0466,2.4614,2.38228,-0.0791204,60.0
1744878936160737.0,-4770.08,1815.68,1.0466,2.4614,2.48776,0.0263583,60.0
1744878936195876.0,-4772.2,1817.73,1.04877,2.38228,2.51427,0.13199,60.0
1744878936239291.0,-4774.31,1819.78,1.05094,2.51427,2.43605,-0.0782239,60.0
1744878936274717.0,-4774.31,1819.78,1.05094,2.51427,2.48586,-0.0284103,60.0
1744878936304897.0,-4776.85,1821.83,1.05343,2.43605,2.32739,-0.108663,60.0
1744878936345006.0,-4776.85,1821.83,1.05343,2.43605,2.49165,0.0556038,60.0
1744878936376296.0,-4778.97,1823.2,1.05541,2.32739,2.45587,0.128485,60.0
1744878936421261.0,-4781.51,1825.25,1.05791,2.49165,2.65574,0.164084,60.0
1744878936453986.0,-4781.51,1825.25,1.05791,2.49165,2.60437,0.112718,60.0
1744878936481946.0,-4783.63,1827.3,1.06009,2.65574,2.69564,0.0399058,60.0
1744878936517243.0,-4783.63,1827.3,1.06009,2.65574,2.54672,-0.109016,60.0
1744878936552008.0,-4785.75,1829.35,1.06226,2.69564,2.54946,-0.146187,60.0
1744878936596267.0,-4788.29,1831.4,1.06476,2.54672,2.63412,0.087399,60.0
1744878936624045.0,-4788.29,1831.4,1.06476,2.54672,2.41195,-0.134767,60.0
1744878936657283.0,-4790.4,1833.45,1.06695,2.63412,2.65414,0.0200163,60.0
1744878936697230.0,-4792.94,1834.82,1.06925,2.65414,2.51157,-0.142568,60.0
1744878936747091.0,-4792.94,1834.82,1.06925,2.65414,2.54843,-0.105709,60.0
1744878936783280.0,-4795.06,1836.87,1.07144,2.51157,2.50268,-0.00888428,60.0
1744878936818575.0,-4797.6,1838.92,1.07394,2.54843,2.42286,-0.125568,60.0
1744878936848218.0,-4797.6,1838.92,1.07394,2.54843,2.46328,-0.0851534,60.0
1744878936875693.0,-4800.14,1840.28,1.07625,2.42286,2.58411,0.16125,60.0
1744878936905104.0,-4802.26,1842.33,1.07844,2.46328,2.49763,0.0343552,60.0
1744878936934752.0,-4802.26,1842.33,1.07844,2.46328,2.46068,-0.00260011,60.0
1744878936960706.0,-4804.8,1844.38,1.08095,2.49763,2.44341,-0.0542194,60.0
1744878936997294.0,-4804.8,1844.38,1.08095,2.49763,2.50447,0.00684428,60.0
1744878937025059.0,-4806.92,1846.43,1.08314,2.44341,2.39996,-0.0434471,60.0
1744878937061545.0,-4809.46,1847.8,1.08546,2.50447,2.53308,0.0286005,60.0
1744878937093536.0,-4809.46,1847.8,1.08546,2.50447,2.34135,-0.16312,60.0
1744878937120661.0,-4811.57,1849.85,1.08765,2.53307,2.45267,-0.080403,60.0
1744878937165938.0,-4814.12,1851.9,1.09017,2.45267,2.55091,0.0982391,60.0
1744878937219131.0,-4814.12,1851.9,1.09017,2.45267,2.40675,-0.0459218,60.0
1744878937266675.0,-4816.66,1853.26,1.09249,2.55091,2.6527,0.101785,60.0
1744878937298916.0,-4818.77,1855.31,1.09469,2.40675,2.38102,-0.0257289,60.0
1744878937335082.0,-4821.31,1857.36,1.09721,2.6527,2.51167,-0.141029,60.0
1744878937361892.0,-4821.31,1857.36,1.09721,2.6527,2.63502,-0.0176812,60.0
1744878937399654.0,-4823.43,1859.41,1.09941,2.51167,2.65898,0.147317,60.0
1744878937425050.0,-4823.43,1859.41,1.09941,2.51167,2.6207,0.109035,60.0
1744878937451472.0,-4825.97,1860.78,1.10173,2.65898,2.59087,-0.0681097,60.0
1744878937477145.0,-4825.97,1860.78,1.10173,2.65898,2.6623,0.0033154,60.0
1744878937518698.0,-4828.51,1862.83,1.10426,2.59087,2.48609,-0.10478,60.0
1744878937548992.0,-4830.63,1864.2,1.10627,2.6623,2.60524,-0.0570647,60.0
1744878937582642.0,-4833.17,1866.25,1.10879,2.48609,2.52112,0.0350288,60.0
1744878937609197.0,-4833.17,1866.25,1.10879,2.48609,2.49821,0.0121191,60.0
1744878937638274.0,-4835.71,1868.3,1.11132,2.52112,2.51246,-0.00866699,60.0
1744878937679565.0,-4835.71,1868.3,1.11132,2.52112,2.54127,0.0201476,60.0
1744878937707727.0,-4837.83,1869.66,1.11333,2.51246,2.45773,-0.0547307,60.0
1744878937742448.0,-4840.37,1871.71,1.11587,2.54127,2.47029,-0.0709781,60.0
1744878937777065.0,-4840.37,1871.71,1.11587,2.54127,2.5259,-0.0153703,60.0
1744878937805013.0,-4842.91,1873.08,1.1182,2.47029,2.46936,-0.000931609,60.0
1744878937837018.0,-4842.91,1873.08,1.1182,2.47029,2.49313,0.0228362,60.0
1744878937867517.0,-4845.45,1875.13,1.12074,2.46936,2.47871,0.00934442,60.0
1744878937925714.0,-4845.45,1875.13,1.12074,2.46936,2.48982,0.0204593,60.0
1744878937957325.0,-4847.57,1877.18,1.12295,2.47871,2.52009,0.0413876,60.0
1744878937991185.0,-4850.11,1878.55,1.12529,2.48982,2.41177,-0.0780479,60.0
1744878938029065.0,-4852.65,1880.6,1.12783,2.52009,2.49099,-0.0291037,60.0
1744878938085129.0,-4852.65,1880.6,1.12783,2.52009,2.52582,0.00572691,60.0
1744878938120978.0,-4854.76,1882.65,1.13005,2.49099,2.64228,0.151287,60.0
1744878938151640.0,-4857.3,1884.01,1.13239,2.52582,2.40052,-0.125297,60.0
1744878938179994.0,-4857.3,1884.01,1.13239,2.52582,2.48935,-0.0364664,60.0
1744878938209721.0,-4859.85,1886.06,1.13494,2.40052,2.52445,0.123925,60.0
1744878938236799.0,-4859.85,1886.06,1.13494,2.40052,2.50266,0.102138,60.0
1744878938268650.0,-4861.96,1887.43,1.13696,2.52445,2.5749,0.0504469,60.0
1744878938311562.0,-4864.5,1889.48,1.13951,2.50266,2.48246,-0.0201987,60.0
1744878938348007.0,-4867.04,1891.53,1.14206,2.5749,2.41634,-0.15855,60.0
1744878938379304.0,-4867.04,1891.53,1.14206,2.5749,2.44636,-0.128535,60.0
1744878938411619.0,-4869.16,1892.9,1.14408,2.41634,2.47325,0.0569019,60.0
1744878938449849.0,-4871.7,1894.95,1.14664,2.44636,2.35455,-0.0918114,60.0
1744878938494411.0,-4871.7,1894.95,1.14664,2.44636,2.48397,0.0376127,60.0
1744878938544224.0,-4874.24,1897.0,1.14919,2.35455,2.42507,0.0705254,60.0
1744878938583708.0,-4876.36,1898.36,1.15122,2.48397,2.49942,0.0154445,60.0
1744878938629914.0,-4876.36,1898.36,1.15122,2.48397,2.53106,0.0470884,60.0
1744878938669888.0,-4878.9,1900.41,1.15378,2.49942,2.49974,0.000318582,60.0
1744878938698490.0,-4878.9,1900.41,1.15378,2.49942,2.43381,-0.0656031,60.0
1744878938719312.0,-4881.44,1902.46,1.15634,2.49974,2.43245,-0.0672873,60.0
1744878938740196.0,-4881.44,1902.46,1.15634,2.49974,2.52955,0.0298186,60.0
1744878938760919.0,-4883.56,1903.83,1.15837,2.43245,2.39719,-0.0352634,60.0
1744878938781590.0,-4883.56,1903.83,1.15837,2.43245,2.41182,-0.0206249,60.0
1744878938802300.0,-4886.1,1905.88,0.160932,2.39719,2.4327,0.0355112,60.0
1744878938823053.0,-4886.1,1905.88,0.160932,2.39719,2.45015,0.0529659,60.0
1744878938843781.0,-4886.1,1905.88,0.160932,2.39719,2.36051,-0.0366795,60.0
1744878938864520.0,-4888.22,1907.93,0.163171,2.45015,2.56692,0.116766,60.0
1744878938885112.0,-4888.22,1907.93,0.163171,2.45015,2.53998,0.0898326,60.0
1744878938906030.0,-4890.76,1909.3,0.165532,2.56692,2.46852,-0.098394,60.0
1744878938926698.0,-4890.76,1909.3,0.165532,2.56692,2.55483,-0.0120865,60.0
1744878938947470.0,-4890.76,1909.3,0.165532,2.56692,2.57964,0.0127253,60.0
1744878938968319.0,-4893.3,1911.35,0.168099,2.55483,2.45669,-0.0981445,60.0
1744878938988929.0,-4893.3,1911.35,0.168099,2.55483,2.45379,-0.101037,60.0
1744878939010366.0,-4895.41,1913.4,0.170342,2.45669,2.56839,0.111701,60.0
1744878939031297.0,-4895.41,1913.4,0.170342,2.45669,2.35476,-0.101926,60.0
1744878939051840.0,-4895.41,1913.4,0.170342,2.45669,2.48951,0.0328199,60.0
1744878939072451.0,-4897.95,1914.76,0.172707,2.35476,2.30075,-0.0540138,60.0
1744878939093085.0,-4897.95,1914.76,0.172707,2.35476,2.45669,0.10193,60.0
1744878939113672.0,-4900.07,1916.81,0.174952,2.30075,2.44228,0.141531,60.0
1744878939134358.0,-4900.07,1916.81,0.174952,2.30075,2.33345,0.0327032,60.0
1744878939155103.0,-4902.61,1918.86,0.177525,2.33345,2.40397,0.0705228,60.0
1744878939185627.0,-4902.61,1918.86,0.177525,2.33345,2.32709,-0.00636001,60.0
1744878939206570.0,-4905.15,1920.23,0.179895,2.40397,2.38084,-0.023132,60.0
1744878939227208.0,-4905.15,1920.23,0.179895,2.40397,2.4814,0.0774285,60.0
1744878939247946.0,-4905.15,1920.23,0.179895,2.40397,2.32981,-0.0741613,60.0
1744878939268884.0,-4907.27,1922.28,0.182144,2.4814,2.46283,-0.018567,60.0
1744878939289710.0,-4907.27,1922.28,0.182144,2.4814,2.42284,-0.05856,60.0
1744878939310838.0,-4909.81,1924.33,0.184721,2.46283,2.5407,0.0778636,60.0
1744878939331627.0,-4909.81,1924.33,0.184721,2.46283,2.57798,0.115148,60.0
1744878939352572.0,-4909.81,1924.33,0.184721,2.46283,2.45952,-0.00331364,60.0
1744878939373501.0,-4911.93,1926.38,0.186974,2.57798,2.52722,-0.050766,60.0
1744878939394194.0,-4911.93,1926.38,0.186974,2.57798,2.5245,-0.0534827,60.0
1744878939415018.0,-4914.47,1927.75,0.189348,2.52722,2.46704,-0.0601758,60.0
1744878939435935.0,-4914.47,1927.75,0.189348,2.52722,2.56233,0.0351131,60.0
1744878939456765.0,-4914.47,1927.75,0.189348,2.52722,2.55311,0.0258976,60.0
1744878939477464.0,-4916.58,1929.79,0.191603,2.56233,2.57896,0.0166288,60.0
1744878939498636.0,-4916.58,1929.79,0.191603,2.56233,2.52768,-0.0346472,60.0
1744878939519587.0,-4919.13,1931.84,0.194187,2.57896,2.66488,0.0859233,60.0
1744878939540629.0,-4919.13,1931.84,0.194187,2.57896,2.53033,-0.0486327,60.0
1744878939561170.0,-4921.24,1933.89,0.196445,2.66488,2.63475,-0.0301363,60.0
1744878939581935.0,-4921.24,1933.89,0.196445,2.66488,2.50668,-0.158197,60.0
1744878939602719.0,-4921.24,1933.89,0.196445,2.66488,2.56934,-0.0955396,60.0
1744878939623379.0,-4923.78,1935.26,0.198825,2.50668,2.42077,-0.0859148,60.0
1744878939644092.0,-4923.78,1935.26,0.198825,2.50668,2.56218,0.055495,60.0
1744878939664757.0,-4926.32,1937.31,0.201413,2.42077,2.43313,0.0123588,60.0
1744878939685734.0,-4926.32,1937.31,0.201413,2.42077,2.56822,0.147446,60.0
1744878939706268.0,-4926.32,1937.31,0.201413,2.42077,2.31935,-0.101421,60.0
1744878939727262.0,-4928.44,1939.36,0.203675,2.56822,2.54637,-0.021848,60.0
1744878939748124.0,-4928.44,1939.36,0.203675,2.56822,2.59036,0.0221406,60.0
1744878939768691.0,-4930.98,1940.73,0.206059,2.54637,2.44723,-0.0991353,60.0
1744878939789758.0,-4930.98,1940.73,0.206059,2.54637,2.58488,0.038516,60.0
1744878939810625.0,-4930.98,1940.73,0.206059,2.54637,2.49843,-0.0479421,60.0
1744878939831612.0,-4933.52,1942.78,0.208652,2.58488,2.55762,-0.0272599,60.0
1744878939852450.0,-4933.52,1942.78,0.208652,2.58488,2.64221,0.0573295,60.0
1744878939872904.0,-4935.64,1944.14,0.21071,2.55762,2.50641,-0.0512141,60.0
1744878939893653.0,-4935.64,1944.14,0.21071,2.55762,2.49252,-0.0651004,60.0
1744878939914619.0,-4935.64,1944.14,0.21071,2.55762,2.45688,-0.100739,60.0
1744878939935297.0,-4938.18,1946.19,0.213306,2.49252,2.65016,0.157641,60.0
1744878939956211.0,-4938.18,1946.19,0.213306,2.49252,2.40608,-0.0864476,60.0
1744878939977243.0,-4940.72,1948.24,0.215904,2.65016,2.51868,-0.131483,60.0
1744878939997553.0,-4940.72,1948.24,0.215904,2.65016,2.55443,-0.095732,60.0
1744878940018264.0,-4942.84,1949.61,0.217966,2.51868,2.45202,-0.0666554,60.0
1744878940039042.0,-4942.84,1949.61,0.217966,2.51868,2.40146,-0.117217,60.0
1744878940059901.0,-4942.84,1949.61,0.217966,2.51868,2.46739,-0.0512937,60.0
1744878940080388.0,-4945.38,1951.66,0.220566,2.40146,2.35287,-0.0485889,60.0
1744878940101106.0,-4945.38,1951.66,0.220566,2.40146,2.36451,-0.0369544,60.0
1744878940121705.0,-4947.92,1953.71,0.223169,2.35287,2.47024,0.117368,60.0
1744878940142351.0,-4947.92,1953.71,0.223169,2.35287,2.40779,0.0549147,60.0
1744878940163044.0,-4947.92,1953.71,0.223169,2.35287,2.40943,0.0565559,60.0
1744878940183796.0,-4950.04,1955.08,0.225234,2.40779,2.52601,0.118224,60.0
1744878940204513.0,-4950.04,1955.08,0.225234,2.40779,2.4082,0.000413518,60.0
1744878940225080.0,-4952.58,1957.13,0.227839,2.52601,2.37659,-0.14942,60.0
1744878940245797.0,-4952.58,1957.13,0.227839,2.52601,2.46309,-0.0629266,60.0
1744878940266628.0,-4952.58,1957.13,0.227839,2.52601,2.4769,-0.0491179,60.0
1744878940287024.0,-4955.12,1958.49,0.230237,2.46309,2.451,-0.012083,60.0
1744878940307687.0,-4955.12,1958.49,0.230237,2.46309,2.41513,-0.0479565,60.0
1744878940328388.0,-4957.23,1960.54,0.232515,2.451,2.38367,-0.0673323,60.0
1744878940349119.0,-4957.23,1960.54,0.232515,2.451,2.55917,0.108166,60.0
1744878940369691.0,-4957.23,1960.54,0.232515,2.451,2.39978,-0.0512268,60.0
1744878940390312.0,-4959.77,1962.59,0.235125,2.55917,2.54478,-0.0143891,60.0
1744878940410927.0,-4959.77,1962.59,0.235125,2.55917,2.49426,-0.0649071,60.0
1744878940431561.0,-4962.31,1963.96,0.237527,2.54478,2.38051,-0.164268,60.0
1744878940452059.0,-4962.31,1963.96,0.237527,2.54478,2.65143,0.106648,60.0
1744878940472765.0,-4964.43,1966.01,0.239809,2.38051,2.22832,-0.152194,60.0
1744878940493373.0,-4964.43,1966.01,0.239809,2.38051,2.49404,0.113523,60.0
1744878940514480.0,-4964.43,1966.01,0.239809,2.38051,2.28355,-0.0969603,60.0
1744878940535239.0,-4966.97,1968.06,0.242423,2.49404,2.5313,0.0372691,60.0
1744878940556194.0,-4966.97,1968.06,0.242423,2.49404,2.57794,0.0839095,60.0
1744878940576917.0,-4969.51,1969.43,0.244829,2.5313,2.45556,-0.0757417,60.0
1744878940597647.0,-4969.51,1969.43,0.244829,2.5313,2.59268,0.0613803,60.0
1744878940618357.0,-4969.51,1969.43,0.244829,2.5313,2.40003,-0.131273,60.0
1744878940639126.0,-4971.63,1971.48,0.247116,2.59268,2.47929,-0.113397,60.0
1744878940659882.0,-4971.63,1971.48,0.247116,2.59268,2.61549,0.0228031,60.0
1744878940680557.0,-4974.17,1973.53,0.249735,2.47929,2.31591,-0.163382,60.0
1744878940701255.0,-4974.17,1973.53,0.249735,2.47929,2.43856,-0.0407226,60.0
1744878940722141.0,-4974.17,1973.53,0.249735,2.47929,2.42063,-0.0586619,60.0
1744878940744591.0,-4976.71,1974.89,0.252144,2.43856,2.57561,0.13705,60.0
1744878940765368.0,-4976.71,1974.89,0.252144,2.43856,2.32966,-0.108904,60.0
1744878940786270.0,-4978.83,1976.94,0.254435,2.57561,2.48218,-0.0934313,60.0
1744878940807130.0,-4978.83,1976.94,0.254435,2.57561,2.41822,-0.157395,60.0
1744878940827750.0,-4981.37,1978.99,0.257059,2.48218,2.50412,0.021935,60.0
1744878940848600.0,-4981.37,1978.99,0.257059,2.48218,2.55745,0.0752671,60.0
1744878940869641.0,-4981.37,1978.99,0.257059,2.48218,2.37027,-0.111917,60.0
1744878940890703.0,-4983.91,1980.36,0.259473,2.55745,2.49251,-0.0649416,60.0
1744878940911505.0,-4983.91,1980.36,0.259473,2.55745,2.44587,-0.111579,60.0
1744878940932045.0,-4986.03,1982.41,0.261768,2.49251,2.51206,0.0195529,60.0
1744878940952753.0,-4986.03,1982.41,0.261768,2.49251,2.5615,0.0689909,60.0
1744878940973577.0,-4986.03,1982.41,0.261768,2.49251,2.48509,-0.00741798,60.0
1744878940994295.0,-4988.57,1983.78,0.264184,2.5615,2.59883,0.0373272,60.0
1744878941014939.0,-4988.57,1983.78,0.264184,2.5615,2.45008,-0.111421,60.0
1744878941035965.0,-4991.11,1985.83,0.266814,2.59883,2.44425,-0.154575,60.0
1744878941056829.0,-4991.11,1985.83,0.266814,2.59883,2.61764,0.0188144,60.0
1744878941077305.0,-4991.11,1985.83,0.266814,2.59883,2.50415,-0.0946786,60.0
1744878941097836.0,-4993.22,1987.88,0.269113,2.61764,2.64129,0.0236454,60.0
1744878941118559.0,-4993.22,1987.88,0.269113,2.61764,2.51181,-0.10583,60.0
1744878941139280.0,-4995.76,1989.24,0.271533,2.64129,2.51566,-0.125627,60.0
1744878941160017.0,-4995.76,1989.24,0.271533,2.64129,2.50122,-0.140067,60.0
1744878941180805.0,-4998.31,1991.29,0.274167,2.51566,2.49515,-0.0205132,60.0
1744878941201472.0,-4998.31,1991.29,0.274167,2.51566,2.55022,0.0345631,60.0
1744878941222144.0,-4998.31,1991.29,0.274167,2.51566,2.52233,0.0066711,60.0
1744878941242864.0,-5000.85,1992.66,0.276591,2.55022,2.46173,-0.088497,60.0
1744878941263503.0,-5000.85,1992.66,0.276591,2.55022,2.52021,-0.0300106,60.0
1744878941284174.0,-5002.96,1994.71,0.278895,2.46173,2.54264,0.0809172,60.0
1744878941304967.0,-5002.96,1994.71,0.278895,2.46173,2.43114,-0.0305866,60.0
1744878941325649.0,-5002.96,1994.71,0.278895,2.46173,2.5088,0.0470721,60.0
1744878941346360.0,-5005.5,1996.76,0.281534,2.43114,2.34817,-0.0829726,60.0
1744878941367029.0,-5005.5,1996.76,0.281534,2.43114,2.38582,-0.0453173,60.0
1744878941387700.0,-5008.04,1998.13,0.283961,2.34817,2.37672,0.0285579,60.0
1744878941408313.0,-5008.04,1998.13,0.283961,2.34817,2.38583,0.0376641,60.0
1744878941429124.0,-5008.04,1998.13,0.283961,2.34817,2.47284,0.124675,60.0
1744878941449747.0,-5010.16,2000.18,0.28627,2.38583,2.46404,0.0782074,60.0
1744878941470319.0,-5010.16,2000.18,0.28627,2.38583,2.31219,-0.0736418,60.0
1744878941491389.0,-5012.7,2001.54,0.2887,2.46404,2.43159,-0.0324477,60.0
1744878941512254.0,-5012.7,2001.54,0.2887,2.46404,2.49333,0.0292881,60.0
1744878941533282.0,-5012.7,2001.54,0.2887,2.46404,2.38363,-0.0804105,60.0
1744878941553949.0,-5015.24,2003.59,0.291345,2.49333,2.516,0.0226783,60.0
1744878941574645.0,-5015.24,2003.59,0.291345,2.49333,2.36254,-0.130781,60.0
1744878941595380.0,-5017.36,2005.64,0.293658,2.516,2.37265,-0.143353,60.0
1744878941616214.0,-5017.36,2005.64,0.293658,2.516,2.5065,-0.00950684,60.0
1744878941636929.0,-5019.9,2007.01,0.296091,2.37265,2.4804,0.107753,60.0
1744878941657528.0,-5019.9,2007.01,0.296091,2.37265,2.40522,0.0325655,60.0
1744878941678221.0,-5019.9,2007.01,0.296091,2.37265,2.43974,0.0670844,60.0
1744878941698858.0,-5022.44,2009.06,0.298741,2.40522,2.44471,0.0394906,60.0
1744878941719357.0,-5022.44,2009.06,0.298741,2.40522,2.3102,-0.0950144,60.0
1744878941739901.0,-5024.56,2011.11,0.301058,2.44471,2.42123,-0.0234724,60.0
1744878941760607.0,-5024.56,2011.11,0.301058,2.44471,2.4299,-0.0148037,60.0
1744878941781250.0,-5024.56,2011.11,0.301058,2.44471,2.47612,0.0314146,60.0
1744878941801861.0,-5027.1,2012.48,0.303496,2.4299,2.38992,-0.0399821,60.0
1744878941822493.0,-5027.1,2012.48,0.303496,2.4299,2.30889,-0.12101,60.0
1744878941843191.0,-5029.64,2014.53,0.30615,2.38992,2.53634,0.146416,60.0
1744878941863955.0,-5029.64,2014.53,0.30615,2.38992,2.30654,-0.0833765,60.0
1744878941884348.0,-5029.64,2014.53,0.30615,2.38992,2.32245,-0.0674681,60.0
1744878941905089.0,-5031.76,2016.58,0.308471,2.30654,2.37867,0.0721204,60.0
1744878941926356.0,-5031.76,2016.58,0.308471,2.30654,2.46527,0.158726,60.0
1744878941946887.0,-5034.3,2017.94,0.310913,2.37867,2.50608,0.127419,60.0
1744878941967711.0,-5034.3,2017.94,0.310913,2.37867,2.39463,0.0159693,60.0
1744878941988452.0,-5034.3,2017.94,0.310913,2.37867,2.43247,0.0538095,60.0
1744878942009303.0,-5036.41,2019.99,0.313237,2.39463,2.44901,0.0543774,60.0
1744878942030092.0,-5036.41,2019.99,0.313237,2.39463,2.35353,-0.0411078,60.0
1744878942050873.0,-5038.95,2022.04,0.315898,2.44901,2.39965,-0.0493617,60.0
1744878942071703.0,-5038.95,2022.04,0.315898,2.44901,2.33728,-0.111736,60.0
1744878942092313.0,-5041.07,2024.09,0.318224,2.39965,2.51193,0.112278,60.0
1744878942113208.0,-5041.07,2024.09,0.318224,2.39965,2.54709,0.14744,60.0
1744878942133908.0,-5041.07,2024.09,0.318224,2.39965,2.50219,0.102541,60.0
1744878942154522.0,-5043.61,2026.14,0.320888,2.54709,2.46069,-0.0864023,60.0
1744878942175224.0,-5043.61,2026.14,0.320888,2.54709,2.493,-0.0540882,60.0
1744878942195977.0,-5045.73,2027.51,0.323001,2.46069,2.42346,-0.0372315,60.0
1744878942216669.0,-5045.73,2027.51,0.323001,2.46069,2.40652,-0.0541728,60.0
1744878942237355.0,-5045.73,2027.51,0.323001,2.46069,2.47022,0.00953058,60.0
1744878942258105.0,-5048.27,2029.56,0.325667,2.40652,2.32388,-0.0826334,60.0
1744878942278832.0,-5048.27,2029.56,0.325667,2.40652,2.4862,0.0796876,60.0
1744878942299638.0,-5050.39,2031.61,0.327999,2.32388,2.43912,0.115242,60.0
1744878942320326.0,-5050.39,2031.61,0.327999,2.32388,2.48213,0.158251,60.0
1744878942341179.0,-5050.39,2031.61,0.327999,2.32388,2.35789,0.0340069,60.0
1744878942361840.0,-5052.93,2033.66,0.330669,2.48213,2.54813,0.065995,60.0
1744878942382581.0,-5052.93,2033.66,0.330669,2.48213,2.39212,-0.0900112,60.0
1744878942403369.0,-5055.04,2035.03,0.332787,2.54813,2.46133,-0.0867938,60.0
1744878942424099.0,-5055.04,2035.03,0.332787,2.54813,2.53176,-0.0163703,60.0
1744878942444661.0,-5055.04,2035.03,0.332787,2.54813,2.61444,0.066313,60.0
1744878942465616.0,-5057.58,2037.08,0.335459,2.53176,2.53712,0.0053597,60.0
1744878942486420.0,-5057.58,2037.08,0.335459,2.53176,2.50967,-0.0220845,60.0
1744878942507491.0,-5059.7,2039.13,0.337797,2.53712,2.5013,-0.0358138,60.0
1744878942528034.0,-5059.7,2039.13,0.337797,2.53712,2.49216,-0.0449533,60.0
1744878942549041.0,-5062.24,2041.18,0.340473,2.5013,2.4438,-0.0574995,60.0
1744878942569919.0,-5062.24,2041.18,0.340473,2.5013,2.48323,-0.0180761,60.0
1744878942590693.0,-5062.24,2041.18,0.340473,2.5013,2.50353,0.002226,60.0
1744878942611176.0,-5064.36,2042.54,0.342595,2.48323,2.39092,-0.0923022,60.0
1744878942631975.0,-5064.36,2042.54,0.342595,2.48323,2.36394,-0.119289,60.0
1744878942652601.0,-5066.9,2044.59,0.345274,2.39092,2.35337,-0.0375582,60.0
1744878942673621.0,-5066.9,2044.59,0.345274,2.39092,2.28956,-0.101368,60.0
1744878942694282.0,-5066.9,2044.59,0.345274,2.39092,2.39079,-0.000136358,60.0
1744878942715050.0,-5069.02,2046.64,0.347617,2.28956,2.33927,0.0497184,60.0
1744878942735691.0,-5069.02,2046.64,0.347617,2.28956,2.44749,0.157938,60.0
1744878942756382.0,-5071.56,2048.69,0.350299,2.33927,2.35604,0.0167659,60.0
1744878942777270.0,-5071.56,2048.69,0.350299,2.33927,2.48563,0.146354,60.0
1744878942797828.0,-5071.56,2048.69,0.350299,2.33927,2.41732,0.0780412,60.0
1744878942818700.0,-5073.67,2050.06,0.352426,2.48563,2.57763,0.0920011,60.0
1744878942839388.0,-5073.67,2050.06,0.352426,2.48563,2.63777,0.152143,60.0
1744878942859887.0,-5076.21,2052.11,0.355111,2.57763,2.50425,-0.0733766,60.0
1744878942880731.0,-5076.21,2052.11,0.355111,2.57763,2.47083,-0.106796,60.0
1744878942901658.0,-5078.33,2054.16,0.35746,2.50425,2.40279,-0.101461,60.0
1744878942922392.0,-5078.33,2054.16,0.35746,2.50425,2.51566,0.0114041,60.0
1744878942943096.0,-5078.33,2054.16,0.35746,2.50425,2.44035,-0.0639033,60.0
1744878942964043.0,-5080.87,2056.21,0.360148,2.51566,2.36467,-0.150983,60.0
1744878942984826.0,-5080.87,2056.21,0.360148,2.51566,2.47108,-0.04458,60.0
1744878943005862.0,-5082.99,2058.26,0.362499,2.36467,2.2435,-0.121178,60.0
1744878943026611.0,-5082.99,2058.26,0.362499,2.36467,2.40615,0.0414751,60.0
1744878943047413.0,-5082.99,2058.26,0.362499,2.36467,2.36795,0.00327152,60.0
1744878943068024.0,-5085.53,2059.63,0.364971,2.40615,2.46925,0.0631024,60.0
1744878943089071.0,-5085.53,2059.63,0.364971,2.40615,2.46905,0.0628986,60.0
1744878943109825.0,-5087.65,2061.68,0.367325,2.46925,2.4989,0.0296523,60.0
1744878943130449.0,-5087.65,2061.68,0.367325,2.46925,2.4857,0.0164536,60.0
1744878943151086.0,-5087.65,2061.68,0.367325,2.46925,2.38556,-0.0836874,60.0
1744878943171690.0,-5090.19,2063.73,0.370019,2.4857,2.62541,0.139708,60.0
1744878943192297.0,-5090.19,2063.73,0.370019,2.4857,2.46991,-0.0157949,60.0
1744878943213078.0,-5092.3,2065.78,0.372376,2.62541,2.50461,-0.120806,60.0
1744878943233971.0,-5092.3,2065.78,0.372376,2.62541,2.54095,-0.0844645,60.0
1744878943254618.0,-5092.3,2065.78,0.372376,2.62541,2.5257,-0.0997143,60.0
1744878943275324.0,-5094.84,2067.14,0.374853,2.54095,2.45995,-0.080994,60.0
1744878943296136.0,-5094.84,2067.14,0.374853,2.54095,2.52198,-0.01897,60.0
1744878943316843.0,-5096.96,2069.19,0.377212,2.45995,2.51193,0.051979,60.0
1744878943337627.0,-5096.96,2069.19,0.377212,2.45995,2.42158,-0.0383704,60.0
1744878943358303.0,-5099.5,2071.24,0.379913,2.51193,2.34907,-0.162866,60.0
1744878943379014.0,-5099.5,2071.24,0.379913,2.51193,2.56452,0.0525833,60.0
1744878943399828.0,-5099.5,2071.24,0.379913,2.51193,2.51911,0.00717451,60.0
1744878943420586.0,-5101.62,2073.29,0.382275,2.56452,2.56063,-0.00388895,60.0
1744878943441292.0,-5101.62,2073.29,0.382275,2.56452,2.56381,-0.000705009,60.0
1744878943462015.0,-5104.16,2074.66,0.384757,2.56063,2.50589,-0.0547375,60.0
1744878943482765.0,-5104.16,2074.66,0.384757,2.56063,2.57554,0.0149124,60.0
1744878943503513.0,-5104.16,2074.66,0.384757,2.56063,2.61184,0.0512141,60.0
1744878943524315.0,-5106.7,2076.71,0.387463,2.57554,2.52417,-0.0513693,60.0
1744878943544965.0,-5106.7,2076.71,0.387463,2.57554,2.46345,-0.112093,60.0
1744878943565621.0,-5108.82,2078.76,0.389829,2.52417,2.43376,-0.0904078,60.0
1744878943586225.0,-5108.82,2078.76,0.389829,2.52417,2.49832,-0.0258531,60.0
1744878943606865.0,-5108.82,2078.76,0.389829,2.52417,2.51081,-0.013364,60.0
1744878943627421.0,-5111.36,2080.13,0.392315,2.49832,2.57265,0.0743313,60.0
1744878943647989.0,-5111.36,2080.13,0.392315,2.49832,2.34472,-0.1536,60.0
1744878943668643.0,-5113.9,2082.18,0.395025,2.57265,2.45967,-0.112977,60.0
1744878943689379.0,-5113.9,2082.18,0.395025,2.57265,2.55543,-0.01722,60.0
1744878943710082.0,-5113.9,2082.18,0.395025,2.57265,2.41237,-0.160278,60.0
1744878943730767.0,-5116.01,2084.23,0.397396,2.55543,2.47086,-0.0845637,60.0
1744878943751454.0,-5116.01,2084.23,0.397396,2.55543,2.47244,-0.0829873,60.0
1744878943772088.0,-5118.56,2085.59,0.399886,2.47086,2.46225,-0.00861642,60.0
1744878943792778.0,-5118.56,2085.59,0.399886,2.47086,2.39096,-0.0799091,60.0
1744878943813466.0,-5120.67,2087.64,0.402259,2.46225,2.36846,-0.0937901,60.0
1744878943834072.0,-5120.67,2087.64,0.402259,2.46225,2.4717,0.00944793,60.0
1744878943854801.0,-5120.67,2087.64,0.402259,2.46225,2.61388,0.15163,60.0
1744878943875523.0,-5123.21,2089.69,0.404975,2.4717,2.50129,0.0295899,60.0
1744878943896547.0,-5123.21,2089.69,0.404975,2.4717,2.42179,-0.0499037,60.0
1744878943917075.0,-5125.75,2091.06,0.407469,2.50129,2.53511,0.0338278,60.0
1744878943937860.0,-5125.75,2091.06,0.407469,2.50129,2.65881,0.157522,60.0
1744878943958452.0,-5125.75,2091.06,0.407469,2.50129,2.36757,-0.133712,60.0
1744878943979208.0,-5127.87,2093.11,0.409847,2.65881,2.49529,-0.163513,60.0
1744878944000582.0,-5127.87,2093.11,0.409847,2.65881,2.57668,-0.0821262,60.0
1744878944020869.0,-5130.41,2094.48,0.412343,2.49529,2.59601,0.100713,60.0
1744878944041777.0,-5130.41,2094.48,0.412343,2.49529,2.42605,-0.0692472,60.0
1744878944062337.0,-5130.41,2094.48,0.412343,2.49529,2.51767,0.0223734,60.0
1744878944083044.0,-5132.95,2096.53,0.415065,2.42605,2.28205,-0.144002,60.0
1744878944103740.0,-5132.95,2096.53,0.415065,2.42605,2.38332,-0.0427306,60.0
1744878944124355.0,-5135.07,2098.58,0.417447,2.28205,2.35178,0.0697371,60.0
1744878944145071.0,-5135.07,2098.58,0.417447,2.28205,2.28391,0.0018642,60.0
1744878944165638.0,-5135.07,2098.58,0.417447,2.28205,2.37687,0.09482,60.0
1744878944186508.0,-5137.61,2099.94,0.419948,2.28391,2.38264,0.0987293,60.0
1744878944207141.0,-5137.61,2099.94,0.419948,2.28391,2.39402,0.110114,60.0
1744878944227894.0,-5140.15,2101.99,0.422675,2.38264,2.37384,-0.00880138,60.0
1744878944248561.0,-5140.15,2101.99,0.422675,2.38264,2.40803,0.0253879,60.0
1744878944269376.0,-5142.27,2104.04,0.42506,2.37384,2.51314,0.139297,60.0
1744878944290094.0,-5142.27,2104.04,0.42506,2.37384,2.39321,0.0193721,60.0
1744878944310855.0,-5142.27,2104.04,0.42506,2.37384,2.41625,0.0424143,60.0
1744878944331603.0,-5144.81,2106.09,0.42779,2.39321,2.3757,-0.017506,60.0
1744878944352192.0,-5144.81,2106.09,0.42779,2.39321,2.45596,0.0627552,60.0
1744878944372972.0,-5146.92,2107.46,0.429954,2.3757,2.40589,0.0301818,60.0
1744878944393637.0,-5146.92,2107.46,0.429954,2.3757,2.44731,0.0716024,60.0
1744878944414337.0,-5146.92,2107.46,0.429954,2.3757,2.52298,0.147276,60.0
1744878944435075.0,-5149.46,2109.51,0.432687,2.44731,2.56688,0.119577,60.0
1744878944455871.0,-5149.46,2109.51,0.432687,2.44731,2.54129,0.0939815,60.0
1744878944476565.0,-5151.58,2111.56,0.435078,2.56688,2.56039,-0.00648941,60.0
1744878944497430.0,-5151.58,2111.56,0.435078,2.56688,2.4101,-0.156779,60.0
1744878944518446.0,-5151.58,2111.56,0.435078,2.56688,2.4621,-0.104781,60.0
1744878944539142.0,-5154.12,2113.61,0.437814,2.4101,2.53387,0.123763,60.0
1744878944559644.0,-5154.12,2113.61,0.437814,2.4101,2.35668,-0.0534208,60.0
1744878944580391.0,-5156.24,2114.98,0.439982,2.53387,2.46472,-0.0691496,60.0
1744878944601196.0,-5156.24,2114.98,0.439982,2.53387,2.37872,-0.15515,60.0
1744878944622003.0,-5156.24,2114.98,0.439982,2.53387,2.59799,0.0641217,60.0
1744878944642704.0,-5158.78,2117.03,0.442721,2.37872,2.51375,0.135031,60.0
1744878944663557.0,-5158.78,2117.03,0.442721,2.37872,2.46084,0.0821222,60.0
1744878944686012.0,-5160.9,2119.08,0.445118,2.51375,2.45408,-0.0596668,60.0
1744878944706634.0,-5160.9,2119.08,0.445118,2.51375,2.63311,0.119365,60.0
1744878944727389.0,-5163.44,2121.13,0.44786,2.45408,2.55256,0.0984836,60.0
1744878944748384.0,-5163.44,2121.13,0.44786,2.45408,2.44803,-0.0060554,60.0
1744878944769144.0,-5163.44,2121.13,0.44786,2.45408,2.57796,0.123875,60.0
1744878944790054.0,-5165.55,2122.49,0.450033,2.44803,2.56058,0.112554,60.0
1744878944810779.0,-5165.55,2122.49,0.450033,2.44803,2.48379,0.0357641,60.0
1744878944831583.0,-5168.1,2124.54,0.452778,2.56058,2.4085,-0.152079,60.0
1744878944852098.0,-5168.1,2124.54,0.452778,2.56058,2.65507,0.0944949,60.0
1744878944872919.0,-5168.1,2124.54,0.452778,2.56058,2.46674,-0.0938393,60.0
1744878944893861.0,-5170.21,2126.59,0.45518,2.65507,2.53715,-0.117922,60.0
1744878944914786.0,-5170.21,2126.59,0.45518,2.65507,2.5438,-0.11127,60.0
1744878944935525.0,-5172.75,2128.64,0.457928,2.53715,2.51606,-0.0210969,60.0
1744878944956245.0,-5172.75,2128.64,0.457928,2.53715,2.49745,-0.0397041,60.0
1744878944976780.0,-5172.75,2128.64,0.457928,2.53715,2.44555,-0.0916044,60.0
1744878944997809.0,-5175.29,2130.01,0.460451,2.49745,2.38542,-0.112025,60.0
1744878945018484.0,-5175.29,2130.01,0.460451,2.49745,2.40831,-0.0891338,60.0
1744878945039207.0,-5177.41,2132.06,0.462857,2.38542,2.54525,0.159822,60.0
1744878945059836.0,-5177.41,2132.06,0.462857,2.38542,2.52484,0.139418,60.0
1744878945080660.0,-5179.95,2134.11,0.46561,2.54525,2.53881,-0.00643079,60.0
1744878945101648.0,-5179.95,2134.11,0.46561,2.54525,2.49431,-0.0509332,60.0
1744878945122007.0,-5179.95,2134.11,0.46561,2.54525,2.41066,-0.134588,60.0
1744878945142967.0,-5182.07,2135.48,0.467791,2.49431,2.45918,-0.0351284,60.0
1744878945163734.0,-5182.07,2135.48,0.467791,2.49431,2.56397,0.069653,60.0
1744878945184245.0,-5184.61,2137.53,0.470547,2.45918,2.43019,-0.0289952,60.0
1744878945204820.0,-5184.61,2137.53,0.470547,2.45918,2.51478,0.0555993,60.0
1744878945225850.0,-5184.61,2137.53,0.470547,2.45918,2.47748,0.0182926,60.0
1744878945246422.0,-5187.15,2139.58,0.473304,2.51478,2.49591,-0.0188771,60.0
1744878945268236.0,-5187.15,2139.58,0.473304,2.51478,2.48567,-0.0291166,60.0
1744878945288931.0,-5189.27,2140.94,0.475489,2.49591,2.38422,-0.111688,60.0
1744878945309586.0,-5189.27,2140.94,0.475489,2.49591,2.45768,-0.0382295,60.0
1744878945330365.0,-5189.27,2140.94,0.475489,2.49591,2.55275,0.056841,60.0
1744878945350940.0,-5191.81,2142.99,0.47825,2.45768,2.48986,0.0321811,60.0
1744878945371785.0,-5191.81,2142.99,0.47825,2.45768,2.46611,0.00843587,60.0
1744878945392319.0,-5193.92,2145.04,0.480666,2.48986,2.46836,-0.021501,60.0
1744878945413156.0,-5193.92,2145.04,0.480666,2.48986,2.58829,0.098435,60.0
1744878945434015.0,-5196.46,2146.41,0.4832,2.46836,2.42096,-0.0473975,60.0
1744878945454720.0,-5196.46,2146.41,0.4832,2.46836,2.35195,-0.116405,60.0
1744878945475397.0,-5196.46,2146.41,0.4832,2.46836,2.34879,-0.119566,60.0
1744878945496214.0,-5199.0,2148.46,0.485965,2.35195,2.36235,0.0103936,60.0
1744878945516951.0,-5199.0,2148.46,0.485965,2.35195,2.39489,0.0429383,60.0
1744878945537695.0,-5201.12,2150.51,0.488385,2.36235,2.39505,0.0327009,60.0
1744878945558483.0,-5201.12,2150.51,0.488385,2.36235,2.2956,-0.0667502,60.0
1744878945579129.0,-5201.12,2150.51,0.488385,2.36235,2.45613,0.0937848,60.0
1744878945599804.0,-5203.66,2152.56,0.491154,2.2956,2.24759,-0.048008,60.0
1744878945620338.0,-5203.66,2152.56,0.491154,2.2956,2.37116,0.075563,60.0
1744878945641180.0,-5205.78,2153.93,0.493347,2.24759,2.30715,0.0595594,60.0
1744878945661902.0,-5205.78,2153.93,0.493347,2.24759,2.33072,0.083137,60.0
1744878945682730.0,-5205.78,2153.93,0.493347,2.24759,2.32413,0.0765414,60.0
1744878945703526.0,-5208.32,2155.98,0.496118,2.33072,2.32884,-0.00188136,60.0
1744878945724231.0,-5208.32,2155.98,0.496118,2.33072,2.44401,0.11329,60.0
1744878945745171.0,-5210.44,2158.03,0.498544,2.32884,2.31366,-0.0151799,60.0
1744878945765876.0,-5210.44,2158.03,0.498544,2.32884,2.36616,0.0373168,60.0
1744878945786650.0,-5210.44,2158.03,0.498544,2.32884,2.34766,0.0188194,60.0
1744878945807695.0,-5212.55,2160.08,0.500971,2.36616,2.40543,0.0392739,60.0
1744878945828082.0,-5212.55,2160.08,0.500971,2.36616,2.50223,0.13607,60.0
1744878945848962.0,-5215.09,2162.13,0.503747,2.40543,2.50342,0.0979869,60.0
1744878945869734.0,-5215.09,2162.13,0.503747,2.40543,2.40463,-0.000799298,60.0
1744878945890428.0,-5217.21,2164.18,0.506177,2.50342,2.38745,-0.115974,60.0
1744878945911198.0,-5217.21,2164.18,0.506177,2.50342,2.49104,-0.0123774,60.0
1744878945932028.0,-5217.21,2164.18,0.506177,2.50342,2.44446,-0.0589589,60.0
1744878945952771.0,-5219.75,2165.54,0.508725,2.49104,2.33142,-0.159619,60.0
1744878945973609.0,-5219.75,2165.54,0.508725,2.49104,2.38742,-0.103628,60.0
1744878945994086.0,-5221.87,2167.59,0.511157,2.33142,2.43035,0.0989291,60.0
1744878946015457.0,-5221.87,2167.59,0.511157,2.33142,2.32213,-0.00929445,60.0
1744878946036172.0,-5221.87,2167.59,0.511157,2.33142,2.40432,0.0729005,60.0
1744878946056882.0,-5223.99,2169.64,0.513591,2.32213,2.32831,0.00617873,60.0
1744878946077568.0,-5223.99,2169.64,0.513591,2.32213,2.47599,0.15386,60.0
1744878946098593.0,-5226.53,2171.69,0.516375,2.47599,2.42178,-0.054206,60.0
1744878946119005.0,-5226.53,2171.69,0.516375,2.47599,2.32205,-0.153942,60.0
1744878946140140.0,-5226.53,2171.69,0.516375,2.47599,2.48114,0.00515327,60.0
1744878946160517.0,-5228.64,2173.74,0.518812,2.32205,2.47979,0.15774,60.0
1744878946181275.0,-5228.64,2173.74,0.518812,2.32205,2.35881,0.036763,60.0
1744878946201931.0,-5230.76,2175.79,0.52125,2.47979,2.49641,0.016623,60.0
1744878946222523.0,-5230.76,2175.79,0.52125,2.47979,2.3525,-0.127291,60.0
1744878946243458.0,-5230.76,2175.79,0.52125,2.47979,2.49103,0.011245,60.0
1744878946264049.0,-5233.3,2177.84,0.524038,2.3525,2.47649,0.123997,60.0
1744878946284763.0,-5233.3,2177.84,0.524038,2.3525,2.46814,0.11564,60.0
1744878946305896.0,-5235.42,2179.89,0.52648,2.47649,2.48562,0.00912584,60.0
1744878946326189.0,-5235.42,2179.89,0.52648,2.47649,2.33811,-0.13838,60.0
1744878946347028.0,-5235.42,2179.89,0.52648,2.47649,2.59901,0.122521,60.0
1744878946367825.0,-5237.53,2181.26,0.528689,2.33811,2.28916,-0.0489493,60.0
1744878946388559.0,-5237.53,2181.26,0.528689,2.33811,2.50223,0.164113,60.0
1744878946409163.0,-5240.07,2183.31,0.531482,2.28916,2.23915,-0.0500102,60.0
1744878946429867.0,-5240.07,2183.31,0.531482,2.28916,2.38962,0.100452,60.0
1744878946450577.0,-5240.07,2183.31,0.531482,2.28916,2.1665,-0.122665,60.0
1744878946471351.0,-5242.19,2185.36,0.533927,2.38962,2.49052,0.100907,60.0
1744878946492190.0,-5242.19,2185.36,0.533927,2.38962,2.4835,0.0938831,60.0
1744878946513155.0,-5244.31,2187.41,0.536374,2.49052,2.56086,0.0703415,60.0
1744878946533878.0,-5244.31,2187.41,0.536374,2.49052,2.37937,-0.111149,60.0
1744878946554969.0,-5246.85,2189.46,0.539171,2.37937,2.45416,0.0747818,60.0
1744878946575359.0,-5246.85,2189.46,0.539171,2.37937,2.44276,0.0633853,60.0
1744878946596309.0,-5246.85,2189.46,0.539171,2.37937,2.5399,0.160531,60.0
1744878946616959.0,-5248.97,2191.51,0.54162,2.44276,2.29368,-0.149077,60.0
1744878946637732.0,-5248.97,2191.51,0.54162,2.44276,2.46505,0.0222956,60.0
1744878946658448.0,-5251.08,2193.56,0.544071,2.29368,2.44485,0.151173,60.0
1744878946678905.0,-5251.08,2193.56,0.544071,2.29368,2.40004,0.106361,60.0
1744878946699900.0,-5251.08,2193.56,0.544071,2.29368,2.37932,0.0856352,60.0
1744878946720743.0,-5253.62,2195.61,0.546873,2.40004,2.30402,-0.0960217,60.0
1744878946741212.0,-5253.62,2195.61,0.546873,2.40004,2.54742,0.147375,60.0
1744878946761793.0,-5255.74,2197.66,0.549327,2.30402,2.44082,0.136794,60.0
1744878946782596.0,-5255.74,2197.66,0.549327,2.30402,2.43399,0.129974,60.0
1744878946803487.0,-5255.74,2197.66,0.549327,2.30402,2.45335,0.149332,60.0
1744878946824024.0,-5257.86,2199.71,0.551782,2.43399,2.39279,-0.0412083,60.0
1744878946844865.0,-5257.86,2199.71,0.551782,2.43399,2.5121,0.0781034,60.0
1744878946865693.0,-5259.97,2201.76,0.554238,2.39279,2.51332,0.120532,60.0
1744878946886215.0,-5259.97,2201.76,0.554238,2.39279,2.436,0.0432146,60.0
1744878946906986.0,-5259.97,2201.76,0.554238,2.39279,2.46334,0.0705515,60.0
1744878946927878.0,-5262.51,2203.81,0.557046,2.436,2.38299,-0.0530099,60.0
1744878946948601.0,-5262.51,2203.81,0.557046,2.436,2.49101,0.0550102,60.0
1744878946969303.0,-5264.63,2205.18,0.55927,2.38299,2.40459,0.0215992,60.0
1744878946990069.0,-5264.63,2205.18,0.55927,2.38299,2.36266,-0.0203344,60.0
1744878947010667.0,-5266.75,2207.23,0.56173,2.40459,2.35209,-0.0525043,60.0
1744878947031625.0,-5266.75,2207.23,0.56173,2.40459,2.51569,0.111095,60.0
1744878947052354.0,-5266.75,2207.23,0.56173,2.40459,2.56605,0.16146,60.0
1744878947072871.0,-5268.87,2209.28,0.564192,2.51569,2.56579,0.0501019,60.0
1744878947093766.0,-5268.87,2209.28,0.564192,2.51569,2.37281,-0.142878,60.0
1744878947114421.0,-5271.41,2211.33,0.567006,2.56579,2.54079,-0.0249966,60.0
1744878947135037.0,-5271.41,2211.33,0.567006,2.56579,2.55175,-0.0140355,60.0
1744878947155851.0,-5271.41,2211.33,0.567006,2.56579,2.61988,0.0540945,60.0
1744878947176582.0,-5273.52,2213.38,0.569471,2.55175,2.42962,-0.122133,60.0
1744878947197243.0,-5273.52,2213.38,0.569471,2.55175,2.50342,-0.0483364,60.0
1744878947218043.0,-5275.64,2215.43,0.571937,2.42962,2.48795,0.0583324,60.0
1744878947238482.0,-5275.64,2215.43,0.571937,2.42962,2.42932,-0.00029449,60.0
1744878947259229.0,-5275.64,2215.43,0.571937,2.42962,2.43988,0.0102651,60.0
1744878947279937.0,-5278.18,2217.48,0.574756,2.42932,2.3871,-0.0422273,60.0
1744878947300734.0,-5278.18,2217.48,0.574756,2.42932,2.58862,0.159299,60.0
1744878947321534.0,-5280.3,2219.53,0.577225,2.3871,2.3567,-0.0303931,60.0
1744878947342221.0,-5280.3,2219.53,0.577225,2.3871,2.50329,0.116189,60.0
1744878947362902.0,-5280.3,2219.53,0.577225,2.3871,2.49302,0.105924,60.0
1744878947383462.0,-5282.41,2221.58,0.579695,2.50329,2.45791,-0.0453788,60.0
1744878947404010.0,-5282.41,2221.58,0.579695,2.50329,2.59951,0.0962224,60.0
1744878947425028.0,-5284.95,2223.63,0.582518,2.45791,2.47956,0.0216506,60.0
1744878947445513.0,-5284.95,2223.63,0.582518,2.45791,2.49016,0.0322517,60.0
1744878947466274.0,-5287.07,2224.99,0.584754,2.47956,2.40091,-0.0786481,60.0
1744878947487244.0,-5287.07,2224.99,0.584754,2.47956,2.44185,-0.037705,60.0
1744878947508469.0,-5287.07,2224.99,0.584754,2.47956,2.58369,0.104134,60.0
1744878947529164.0,-5289.61,2227.04,0.58758,2.44185,2.35354,-0.0883139,60.0
1744878947549428.0,-5289.61,2227.04,0.58758,2.44185,2.57182,0.129964,60.0
1744878947570159.0,-5291.73,2229.09,0.590056,2.35354,2.22409,-0.129452,60.0
1744878947590814.0,-5291.73,2229.09,0.590056,2.35354,2.35656,0.00302223,60.0
1744878947611598.0,-5291.73,2229.09,0.590056,2.35354,2.38033,0.0267936,60.0
1744878947632599.0,-5293.85,2231.14,0.592533,2.35656,2.52019,0.163629,60.0
1744878947653139.0,-5293.85,2231.14,0.592533,2.35656,2.41355,0.0569845,60.0
1744878947673949.0,-5296.39,2233.19,0.595364,2.52019,2.38623,-0.133957,60.0
1744878947694611.0,-5296.39,2233.19,0.595364,2.52019,2.41985,-0.100345,60.0
1744878947715236.0,-5296.39,2233.19,0.595364,2.52019,2.53471,0.0145207,60.0
1744878947736241.0,-5298.5,2235.24,0.597844,2.41985,2.37591,-0.0439325,60.0
1744878947756764.0,-5298.5,2235.24,0.597844,2.41985,2.4428,0.022952,60.0
1744878947777462.0,-5300.62,2237.29,0.600326,2.37591,2.33381,-0.0420997,60.0
1744878947798461.0,-5300.62,2237.29,0.600326,2.37591,2.53665,0.160734,60.0
1744878947819160.0,-5300.62,2237.29,0.600326,2.37591,2.3688,-0.0071101,60.0
1744878947839932.0,-5303.16,2238.66,0.602922,2.53665,2.61423,0.0775858,60.0
1744878947860469.0,-5303.16,2238.66,0.602922,2.53665,2.48475,-0.0518994,60.0
1744878947881188.0,-5305.28,2240.71,0.605406,2.61423,2.51563,-0.098602,60.0
1744878947901847.0,-5305.28,2240.71,0.605406,2.61423,2.45606,-0.158171,60.0
1744878947922823.0,-5307.82,2242.76,0.608245,2.51563,2.45169,-0.0639372,60.0
1744878947943421.0,-5307.82,2242.76,0.608245,2.51563,2.48797,-0.0276577,60.0
1744878947964076.0,-5307.82,2242.76,0.608245,2.51563,2.61033,0.0947017,60.0
1744878947984772.0,-5309.94,2244.81,0.610732,2.48797,2.42902,-0.0589508,60.0
1744878948006032.0,-5309.94,2244.81,0.610732,2.48797,2.32407,-0.163907,60.0
1744878948026577.0,-5312.05,2246.86,0.61322,2.42902,2.4548,0.0257751,60.0
1744878948047385.0,-5312.05,2246.86,0.61322,2.42902,2.41275,-0.0162704,60.0
1744878948068038.0,-5312.05,2246.86,0.61322,2.42902,2.50276,0.0737347,60.0
1744878948088827.0,-5314.59,2248.91,0.616063,2.41275,2.42665,0.0138946,60.0
1744878948109474.0,-5314.59,2248.91,0.616063,2.41275,2.4674,0.0546521,60.0
1744878948130210.0,-5316.71,2250.28,0.618314,2.42665,2.38712,-0.0395302,60.0
1744878948151214.0,-5316.71,2250.28,0.618314,2.42665,2.49905,0.0724049,60.0
1744878948171740.0,-5316.71,2250.28,0.618314,2.42665,2.54174,0.115096,60.0
1744878948192464.0,-5319.25,2252.33,0.62116,2.49905,2.52378,0.0247295,60.0
1744878948212983.0,-5319.25,2252.33,0.62116,2.49905,2.66207,0.16302,60.0
1744878948233843.0,-5321.37,2254.38,0.623654,2.52378,2.4921,-0.0316822,60.0
1744878948254329.0,-5321.37,2254.38,0.623654,2.52378,2.44149,-0.0822945,60.0
1744878948274999.0,-5321.37,2254.38,0.623654,2.52378,2.39105,-0.132731,60.0
1744878948295917.0,-5323.91,2256.43,0.626504,2.44149,2.33919,-0.102298,60.0
1744878948316640.0,-5323.91,2256.43,0.626504,2.44149,2.59029,0.148808,60.0
1744878948337244.0,-5326.02,2258.48,0.629,2.33919,2.35594,0.0167493,60.0
1744878948357866.0,-5326.02,2258.48,0.629,2.33919,2.22117,-0.118019,60.0
1744878948378643.0,-5328.57,2259.85,0.631611,2.35594,2.46363,0.107696,60.0
1744878948399406.0,-5328.57,2259.85,0.631611,2.35594,2.42049,0.0645558,60.0
1744878948419981.0,-5328.57,2259.85,0.631611,2.35594,2.31393,-0.0420044,60.0
1744878948440559.0,-5330.68,2261.9,0.634111,2.42049,2.46202,0.0415252,60.0
1744878948461215.0,-5330.68,2261.9,0.634111,2.42049,2.41707,-0.00342208,60.0
1744878948481953.0,-5332.8,2263.95,0.636611,2.46202,2.58764,0.125622,60.0
1744878948502975.0,-5332.8,2263.95,0.636611,2.46202,2.55259,0.0905687,60.0
1744878948523760.0,-5332.8,2263.95,0.636611,2.46202,2.57064,0.108622,60.0
1744878948544440.0,-5335.34,2266.0,0.639468,2.55259,2.54219,-0.0103932,60.0
1744878948565499.0,-5335.34,2266.0,0.639468,2.55259,2.49747,-0.0551164,60.0
1744878948586195.0,-5337.46,2268.05,0.641972,2.54219,2.57927,0.0370763,60.0
1744878948606849.0,-5337.46,2268.05,0.641972,2.54219,2.50923,-0.0329623,60.0
1744878948627496.0,-5337.46,2268.05,0.641972,2.54219,2.46939,-0.0728018,60.0
1744878948648353.0,-5340.0,2270.1,0.644832,2.50923,2.49608,-0.0131559,60.0
1744878948669046.0,-5340.0,2270.1,0.644832,2.50923,2.51775,0.00852018,60.0
1744878948689632.0,-5342.11,2271.46,0.647096,2.49608,2.43878,-0.0572912,60.0
1744878948710261.0,-5342.11,2271.46,0.647096,2.49608,2.37225,-0.12382,60.0
1744878948731025.0,-5342.11,2271.46,0.647096,2.49608,2.36567,-0.130405,60.0
1744878948751652.0,-5344.65,2273.51,0.649959,2.37225,2.45992,0.0876691,60.0
1744878948772329.0,-5344.65,2273.51,0.649959,2.37225,2.44158,0.0693291,60.0
1744878948792879.0,-5346.77,2275.56,0.652468,2.45992,2.60531,0.145383,60.0
1744878948813983.0,-5346.77,2275.56,0.652468,2.45992,2.48671,0.0267884,60.0
1744878948834653.0,-5349.31,2277.61,0.655335,2.60531,2.53002,-0.0752842,60.0
1744878948855376.0,-5349.31,2277.61,0.655335,2.60531,2.63112,0.0258117,60.0
1744878948876060.0,-5349.31,2277.61,0.655335,2.60531,2.5623,-0.0430108,60.0
1744878948896796.0,-5351.43,2278.98,0.657603,2.63112,2.51734,-0.113773,60.0
1744878948917534.0,-5351.43,2278.98,0.657603,2.63112,2.66662,0.0354987,60.0
1744878948938236.0,-5353.97,2281.03,0.660472,2.51735,2.37236,-0.144984,60.0
1744878948958889.0,-5353.97,2281.03,0.660472,2.51735,2.65882,0.141475,60.0
1744878948979882.0,-5353.97,2281.03,0.660472,2.51735,2.557,0.0396549,60.0
1744878949000186.0,-5356.09,2283.08,0.662987,2.65882,2.53508,-0.123742,60.0
1744878949021086.0,-5356.09,2283.08,0.662987,2.65882,2.60597,-0.052854,60.0
1744878949041726.0,-5358.63,2285.13,0.66586,2.53508,2.49578,-0.0392928,60.0
1744878949062444.0,-5358.63,2285.13,0.66586,2.53508,2.49761,-0.0374666,60.0
1744878949083151.0,-5358.63,2285.13,0.66586,2.53508,2.5318,-0.00327631,60.0
1744878949103869.0,-5360.74,2286.5,0.668133,2.49761,2.41605,-0.0815638,60.0
1744878949124559.0,-5360.74,2286.5,0.668133,2.49761,2.58029,0.082679,60.0
1744878949145308.0,-5363.28,2288.55,0.671008,2.41605,2.43893,0.0228789,60.0
1744878949166329.0,-5363.28,2288.55,0.671008,2.41605,2.49245,0.0764002,60.0
1744878949186942.0,-5363.28,2288.55,0.671008,2.41605,2.35843,-0.0576143,60.0
1744878949208846.0,-5365.82,2290.6,0.673885,2.49245,2.52,0.0275494,60.0
1744878949229507.0,-5365.82,2290.6,0.673885,2.49245,2.41472,-0.077723,60.0
1744878949250286.0,-5367.94,2291.96,0.676162,2.52,2.54154,0.0215435,60.0
1744878949271395.0,-5367.94,2291.96,0.676162,2.52,2.41962,-0.100378,60.0
1744878949291834.0,-5370.48,2294.01,0.679042,2.54154,2.45528,-0.0862622,60.0
1744878949312559.0,-5370.48,2294.01,0.679042,2.54154,2.40465,-0.136891,60.0
1744878949333359.0,-5370.48,2294.01,0.679042,2.54154,2.65,0.108457,60.0
1744878949354177.0,-5372.6,2296.06,0.681566,2.40465,2.38126,-0.0233873,60.0
1744878949374772.0,-5372.6,2296.06,0.681566,2.40465,2.42568,0.0210347,60.0
1744878949395546.0,-5375.14,2297.43,0.684204,2.38126,2.43795,0.056691,60.0
1744878949416073.0,-5375.14,2297.43,0.684204,2.38126,2.44162,0.0603584,60.0
1744878949437043.0,-5375.14,2297.43,0.684204,2.38126,2.32203,-0.0592314,60.0
1744878949457668.0,-5377.26,2299.48,0.686731,2.44162,2.49399,0.0523647,60.0
1744878949478347.0,-5377.26,2299.48,0.686731,2.44162,2.5785,0.136882,60.0
1744878949499160.0,-5379.8,2301.53,0.689617,2.49399,2.34149,-0.152493,60.0
1744878949520224.0,-5379.8,2301.53,0.689617,2.49399,2.45385,-0.0401312,60.0
1744878949541019.0,-5379.8,2301.53,0.689617,2.49399,2.54644,0.0524504,60.0
1744878949561666.0,-5382.34,2303.58,0.692505,2.45385,2.3891,-0.0647579,60.0
1744878949582417.0,-5382.34,2303.58,0.692505,2.45385,2.50214,0.0482859,60.0
1744878949603052.0,-5384.45,2304.95,0.69479,2.3891,2.41274,0.0236398,60.0
1744878949624036.0,-5384.45,2304.95,0.69479,2.3891,2.44767,0.0585733,60.0
1744878949644525.0,-5387.0,2307.0,0.697681,2.41274,2.49784,0.0851027,60.0
1744878949665412.0,-5387.0,2307.0,0.697681,2.41274,2.56166,0.148925,60.0
1744878949686682.0,-5387.0,2307.0,0.697681,2.41274,2.41738,0.00464073,60.0
1744878949707394.0,-5389.11,2309.05,0.700215,2.56166,2.44787,-0.113791,60.0
1744878949728020.0,-5389.11,2309.05,0.700215,2.56166,2.52954,-0.0321172,60.0
1744878949748917.0,-5391.65,2311.1,0.703109,2.44787,2.3481,-0.0997675,60.0
1744878949769304.0,-5391.65,2311.1,0.703109,2.44787,2.31037,-0.137499,60.0
1744878949790451.0,-5391.65,2311.1,0.703109,2.44787,2.46654,0.0186666,60.0
1744878949811266.0,-5393.77,2312.47,0.705399,2.31037,2.45589,0.145523,60.0
1744878949831954.0,-5393.77,2312.47,0.705399,2.31037,2.37987,0.0695021,60.0
1744878949852659.0,-5396.31,2314.52,0.708296,2.45589,2.55085,0.0949545,60.0
1744878949873319.0,-5396.31,2314.52,0.708296,2.45589,2.43574,-0.0201508,60.0
1744878949894115.0,-5396.31,2314.52,0.708296,2.45589,2.57029,0.114395,60.0
1744878949914828.0,-5398.43,2316.57,0.710835,2.43574,2.38735,-0.0483964,60.0
1744878949935653.0,-5398.43,2316.57,0.710835,2.43574,2.44484,0.00909762,60.0
1744878949956195.0,-5400.97,2318.62,0.713736,2.38735,2.48898,0.101633,60.0
1744878949977153.0,-5400.97,2318.62,0.713736,2.38735,2.41791,0.0305591,60.0
1744878949998184.0,-5400.97,2318.62,0.713736,2.38735,2.46577,0.0784207,60.0
1744878950019129.0,-5403.08,2319.98,0.71603,2.41791,2.41327,-0.00463153,60.0
1744878950039819.0,-5403.08,2319.98,0.71603,2.41791,2.39748,-0.0204262,60.0
1744878950060550.0,-5405.62,2322.03,0.718933,2.41327,2.46984,0.0565657,60.0
1744878950081230.0,-5405.62,2322.03,0.718933,2.41327,2.517,0.103728,60.0
1744878950101906.0,-5407.74,2324.08,0.721478,2.46984,2.36746,-0.102375,60.0
1744878950122582.0,-5407.74,2324.08,0.721478,2.46984,2.44062,-0.0292234,60.0
1744878950143464.0,-5407.74,2324.08,0.721478,2.46984,2.5694,0.0995641,60.0
1744878950164014.0,-5410.28,2326.13,0.724384,2.44062,2.37721,-0.0634042,60.0
1744878950184865.0,-5410.28,2326.13,0.724384,2.44062,2.47482,0.0342013,60.0
1744878950205497.0,-5412.4,2328.18,0.726932,2.37721,2.32124,-0.0559687,60.0
1744878950226336.0,-5412.4,2328.18,0.726932,2.37721,2.53449,0.157283,60.0
1744878950247095.0,-5412.4,2328.18,0.726932,2.37721,2.48814,0.11093,60.0
1744878950267468.0,-5414.94,2329.55,0.729593,2.53449,2.65636,0.121863,60.0
1744878950288264.0,-5414.94,2329.55,0.729593,2.53449,2.52538,-0.00911642,60.0
1744878950309101.0,-5417.06,2331.6,0.732143,2.65636,2.58844,-0.0679199,60.0
1744878950329825.0,-5417.06,2331.6,0.732143,2.65636,2.62611,-0.0302489,60.0
1744878950350461.0,-5417.06,2331.6,0.732143,2.65636,2.52952,-0.12684,60.0
1744878950371333.0,-5419.6,2333.65,0.735056,2.62611,2.50846,-0.117649,60.0
1744878950391752.0,-5419.6,2333.65,0.735056,2.62611,2.54222,-0.0838883,60.0
1744878950413899.0,-5421.71,2335.7,0.737609,2.50846,2.51606,0.00760048,60.0
1744878950434480.0,-5421.71,2335.7,0.737609,2.50846,2.43719,-0.0712727,60.0
1744878950455479.0,-5424.25,2337.07,0.740275,2.51606,2.59675,0.0806907,60.0
1744878950476028.0,-5424.25,2337.07,0.740275,2.51606,2.51371,-0.00234652,60.0
1744878950496547.0,-5424.25,2337.07,0.740275,2.51606,2.64962,0.133565,60.0
1744878950517961.0,-5426.37,2339.12,0.742831,2.51371,2.47652,-0.0371945,60.0
1744878950538700.0,-5426.37,2339.12,0.742831,2.51371,2.49942,-0.014297,60.0
1744878950559343.0,-5428.91,2341.17,0.745749,2.47652,2.47587,-0.000653127,60.0
1744878950580281.0,-5428.91,2341.17,0.745749,2.47652,2.41616,-0.0603591,60.0
1744878950600828.0,-5428.91,2341.17,0.745749,2.47652,2.59157,0.115055,60.0
1744878950621591.0,-5431.45,2342.53,0.748419,2.41616,2.41465,-0.00151182,60.0
1744878950642308.0,-5431.45,2342.53,0.748419,2.41616,2.40556,-0.0105954,60.0
1744878950662893.0,-5433.57,2344.58,0.750979,2.41465,2.38781,-0.0268422,60.0
1744878950683494.0,-5433.57,2344.58,0.750979,2.41465,2.35853,-0.0561219,60.0
1744878950704039.0,-5433.57,2344.58,0.750979,2.41465,2.5033,0.0886488,60.0
1744878950724845.0,-5436.11,2346.63,0.753903,2.35853,2.41176,0.0532349,60.0
1744878950745691.0,-5436.11,2346.63,0.753903,2.35853,2.24297,-0.115553,60.0
1744878950766355.0,-5438.23,2348.68,0.756466,2.41176,2.41481,0.00304396,60.0
1744878950787057.0,-5438.23,2348.68,0.756466,2.41176,2.55584,0.144081,60.0
1744878950807880.0,-5438.23,2348.68,0.756466,2.41176,2.56319,0.151433,60.0
1744878950828515.0,-5440.77,2350.05,0.759141,2.55584,2.49564,-0.0602007,60.0
1744878950849164.0,-5440.77,2350.05,0.759141,2.55584,2.43874,-0.117107,60.0
1744878950869786.0,-5442.88,2352.1,0.761706,2.49564,2.6141,0.118462,60.0
1744878950890502.0,-5442.88,2352.1,0.761706,2.49564,2.46893,-0.0267072,60.0
1744878950911263.0,-5445.42,2354.15,0.764636,2.6141,2.46396,-0.150144,60.0
1744878950932033.0,-5445.42,2354.15,0.764636,2.6141,2.49298,-0.121127,60.0
1744878950952530.0,-5445.42,2354.15,0.764636,2.6141,2.57611,-0.037997,60.0
1744878950973180.0,-5447.54,2356.2,0.767204,2.49298,2.5156,0.0226196,60.0
1744878950993931.0,-5447.54,2356.2,0.767204,2.49298,2.56523,0.0722559,60.0
1744878951015051.0,-5450.08,2357.57,0.769885,2.5156,2.57041,0.0548178,60.0
1744878951035812.0,-5450.08,2357.57,0.769885,2.5156,2.41599,-0.0996054,60.0
1744878951056356.0,-5450.08,2357.57,0.769885,2.5156,2.37575,-0.139847,60.0
1744878951077152.0,-5452.2,2359.62,0.772456,2.41599,2.41235,-0.00363568,60.0
1744878951097837.0,-5452.2,2359.62,0.772456,2.41599,2.58011,0.164124,60.0
1744878951118516.0,-5454.74,2361.67,0.775392,2.41235,2.47584,0.0634871,60.0
1744878951139276.0,-5454.74,2361.67,0.775392,2.41235,2.39187,-0.0204813,60.0
1744878951159971.0,-5454.74,2361.67,0.775392,2.41235,2.46757,0.0552152,60.0
1744878951181041.0,-5457.28,2363.04,0.778076,2.39187,2.42951,0.0376351,60.0
1744878951201541.0,-5457.28,2363.04,0.778076,2.39187,2.51951,0.127638,60.0
1744878951222171.0,-5459.4,2365.09,0.780651,2.42951,2.56241,0.132901,60.0
1744878951242999.0,-5459.4,2365.09,0.780651,2.42951,2.40182,-0.0276911,60.0
1744878951263990.0,-5461.94,2367.14,0.783592,2.56241,2.4399,-0.122506,60.0
1744878951284763.0,-5461.94,2367.14,0.783592,2.56241,2.56865,0.00624271,60.0
1744878951305511.0,-5461.94,2367.14,0.783592,2.56241,2.49939,-0.0630236,60.0
1744878951326150.0,-5464.05,2369.19,0.78617,2.56865,2.49151,-0.077145,60.0
1744878951346830.0,-5464.05,2369.19,0.78617,2.56865,2.49428,-0.0743753,60.0
1744878951367723.0,-5466.59,2370.55,0.78886,2.49151,2.62815,0.136648,60.0
1744878951388345.0,-5466.59,2370.55,0.78886,2.49151,2.48893,-0.00257583,60.0
1744878951409223.0,-5466.59,2370.55,0.78886,2.49151,2.5054,0.0138887,60.0
1744878951429879.0,-5468.71,2372.6,0.79144,2.48893,2.53324,0.0443079,60.0
1744878951450388.0,-5468.71,2372.6,0.79144,2.48893,2.57445,0.0855178,60.0
1744878951471381.0,-5471.25,2374.65,0.794387,2.53324,2.40777,-0.125464,60.0
1744878951492283.0,-5471.25,2374.65,0.794387,2.53324,2.44154,-0.0916951,60.0
1744878951513120.0,-5471.25,2374.65,0.794387,2.53324,2.43676,-0.0964799,60.0
1744878951534026.0,-5473.79,2376.02,0.797081,2.44154,2.35017,-0.091374,60.0
1744878951554565.0,-5473.79,2376.02,0.797081,2.44154,2.52596,0.0844185,60.0
1744878951575386.0,-5475.91,2378.07,0.799666,2.35017,2.3438,-0.00637289,60.0
1744878951595989.0,-5475.91,2378.07,0.799666,2.35017,2.49085,0.140676,60.0
1744878951616657.0,-5475.91,2378.07,0.799666,2.35017,2.45463,0.104465,60.0
1744878951637486.0,-5478.45,2380.12,0.802617,2.49085,2.47093,-0.0199108,60.0
1744878951658191.0,-5478.45,2380.12,0.802617,2.49085,2.56823,0.0773834,60.0
1744878951678914.0,-5480.57,2382.17,0.805204,2.47093,2.3703,-0.100634,60.0
1744878951700115.0,-5480.57,2382.17,0.805204,2.47093,2.43136,-0.039571,60.0
1744878951720627.0,-5483.11,2383.54,0.807904,2.3703,2.33015,-0.0401548,60.0
1744878951741335.0,-5483.11,2383.54,0.807904,2.3703,2.45853,0.0882278,60.0
1744878951761938.0,-5483.11,2383.54,0.807904,2.3703,2.25354,-0.116757,60.0
1744878951782463.0,-5485.22,2385.59,0.810494,2.45853,2.49851,0.0399778,60.0
1744878951803296.0,-5485.22,2385.59,0.810494,2.45853,2.34675,-0.111779,60.0
1744878951823919.0,-5487.76,2387.64,0.813451,2.49851,2.40284,-0.0956661,60.0
1744878951844881.0,-5487.76,2387.64,0.813451,2.49851,2.53336,0.0348508,60.0
1744878951865729.0,-5487.76,2387.64,0.813451,2.49851,2.46994,-0.0285616,60.0
1744878951886562.0,-5489.88,2389.69,0.816045,2.53336,2.37199,-0.161366,60.0
1744878951906944.0,-5489.88,2389.69,0.816045,2.53336,2.4358,-0.0975568,60.0
1744878951927729.0,-5492.42,2391.05,0.818749,2.37199,2.29868,-0.0733116,60.0
1744878951948359.0,-5492.42,2391.05,0.818749,2.37199,2.52772,0.155727,60.0
1744878951969080.0,-5492.42,2391.05,0.818749,2.37199,2.38899,0.0169955,60.0
1744878951989976.0,-5494.54,2393.1,0.821345,2.52772,2.55428,0.0265648,60.0
1744878952011180.0,-5494.54,2393.1,0.821345,2.52772,2.68498,0.157264,60.0
1744878952031841.0,-5497.08,2395.15,0.824308,2.55428,2.59004,0.0357547,60.0
1744878952052410.0,-5497.08,2395.15,0.824308,2.55428,2.39982,-0.154458,60.0
1744878952072971.0,-5497.08,2395.15,0.824308,2.55428,2.44116,-0.113121,60.0
1744878952093682.0,-5499.62,2397.21,0.827273,2.39982,2.45671,0.0568854,60.0
1744878952114451.0,-5499.62,2397.21,0.827273,2.39982,2.4748,0.0749783,60.0
1744878952135276.0,-5501.74,2398.57,0.829617,2.45671,2.35632,-0.100388,60.0
1744878952155808.0,-5501.74,2398.57,0.829617,2.45671,2.36453,-0.0921831,60.0
1744878952176502.0,-5504.28,2400.62,0.832585,2.35632,2.50021,0.143893,60.0
1744878952197259.0,-5504.28,2400.62,0.832585,2.35632,2.4923,0.135979,60.0
1744878952217957.0,-5504.28,2400.62,0.832585,2.35632,2.25975,-0.0965674,60.0
1744878952238464.0,-5506.39,2402.67,0.835188,2.4923,2.49563,0.00332587,60.0
1744878952259020.0,-5506.39,2402.67,0.835188,2.4923,2.42852,-0.0637829,60.0
1744878952279887.0,-5508.94,2404.04,0.837902,2.49563,2.41563,-0.0799934,60.0
1744878952300627.0,-5508.94,2404.04,0.837902,2.49563,2.51299,0.0173657,60.0
1744878952321354.0,-5508.94,2404.04,0.837902,2.49563,2.37188,-0.123749,60.0
1744878952342208.0,-5511.05,2406.09,0.840508,2.51299,2.57284,0.0598503,60.0
1744878952362792.0,-5511.05,2406.09,0.840508,2.51299,2.66613,0.153138,60.0
1744878952383512.0,-5513.59,2408.14,0.843482,2.57284,2.41975,-0.153096,60.0
1744878952404290.0,-5513.59,2408.14,0.843482,2.57284,2.45264,-0.120206,60.0
1744878952424933.0,-5513.59,2408.14,0.843482,2.57284,2.42162,-0.15122,60.0
1744878952445730.0,-5515.71,2410.19,0.84609,2.45264,2.35063,-0.102001,60.0
1744878952466472.0,-5515.71,2410.19,0.84609,2.45264,2.29293,-0.159706,60.0
1744878952487013.0,-5518.25,2411.56,0.84881,2.35063,2.37927,0.0286312,60.0
1744878952507851.0,-5518.25,2411.56,0.84881,2.35063,2.39208,0.0414424,60.0
1744878952529008.0,-5520.37,2413.61,0.851421,2.39208,2.48495,0.0928734,60.0
1744878952549515.0,-5520.37,2413.61,0.851421,2.39208,2.36301,-0.0290718,60.0
1744878952570159.0,-5520.37,2413.61,0.851421,2.39208,2.25657,-0.13551,60.0
1744878952590802.0,-5522.91,2415.66,0.854401,2.36301,2.43523,0.0722289,60.0
1744878952611613.0,-5522.91,2415.66,0.854401,2.36301,2.34594,-0.0170691,60.0
1744878952632386.0,-5525.02,2417.71,0.857015,2.43523,2.56854,0.133305,60.0
1744878952653081.0,-5525.02,2417.71,0.857015,2.43523,2.31213,-0.123104,60.0
1744878952673682.0,-5525.02,2417.71,0.857015,2.43523,2.5597,0.124469,60.0
1744878952694975.0,-5527.56,2419.07,0.859739,2.31213,2.40118,0.0890475,60.0
1744878952715576.0,-5527.56,2419.07,0.859739,2.31213,2.4123,0.10017,60.0
1744878952736165.0,-5529.68,2421.12,0.862356,2.40118,2.50889,0.107714,60.0
1744878952757064.0,-5529.68,2421.12,0.862356,2.40118,2.55198,0.1508,60.0
1744878952778137.0,-5529.68,2421.12,0.862356,2.40118,2.29686,-0.104314,60.0
1744878952798568.0,-5532.22,2423.17,0.865342,2.55198,2.39143,-0.16055,60.0
1744878952819407.0,-5532.22,2423.17,0.865342,2.55198,2.54133,-0.0106474,60.0
1744878952840117.0,-5534.34,2425.22,0.867962,2.39143,2.51064,0.119213,60.0
1744878952860797.0,-5534.34,2425.22,0.867962,2.39143,2.53197,0.140539,60.0
1744878952881649.0,-5534.34,2425.22,0.867962,2.39143,2.36731,-0.0241221,60.0
1744878952902502.0,-5536.88,2427.27,0.870951,2.53197,2.46946,-0.0625077,60.0
1744878952923319.0,-5536.88,2427.27,0.870951,2.53197,2.40416,-0.12781,60.0
1744878952943949.0,-5539.0,2428.64,0.873314,2.46946,2.34631,-0.123146,60.0
1744878952964778.0,-5539.0,2428.64,0.873314,2.46946,2.32059,-0.148865,60.0
1744878952985460.0,-5541.54,2430.69,0.876306,2.34631,2.31489,-0.0314216,60.0
1744878953006452.0,-5541.54,2430.69,0.876306,2.34631,2.30285,-0.043463,60.0
1744878953027325.0,-5541.54,2430.69,0.876306,2.34631,2.45577,0.109458,60.0
1744878953048230.0,-5543.65,2432.74,0.878931,2.30285,2.31749,0.014644,60.0
1744878953068582.0,-5543.65,2432.74,0.878931,2.30285,2.30585,0.00300277,60.0
1744878953089513.0,-5546.19,2434.79,0.881927,2.31749,2.4389,0.121405,60.0
1744878953110266.0,-5546.19,2434.79,0.881927,2.31749,2.43221,0.114711,60.0
1744878953130864.0,-5546.19,2434.79,0.881927,2.31749,2.24258,-0.0749103,60.0
1744878953151615.0,-5548.31,2436.84,0.884555,2.43221,2.50902,0.0768109,60.0
1744878953172349.0,-5548.31,2436.84,0.884555,2.43221,2.54213,0.109922,60.0
1744878953193047.0,-5550.43,2438.89,0.887184,2.50902,2.40515,-0.103864,60.0
1744878953213771.0,-5550.43,2438.89,0.887184,2.50902,2.39662,-0.112397,60.0
1744878953234283.0,-5550.43,2438.89,0.887184,2.50902,2.52727,0.0182498,60.0
1744878953255246.0,-5552.97,2440.26,0.889923,2.39662,2.50016,0.103537,60.0
1744878953275793.0,-5552.97,2440.26,0.889923,2.39662,2.51331,0.116687,60.0
1744878953296670.0,-5555.09,2442.31,0.892555,2.50016,2.62473,0.124573,60.0
1744878953317409.0,-5555.09,2442.31,0.892555,2.50016,2.47167,-0.0284845,60.0
1744878953338286.0,-5557.63,2444.36,0.895558,2.47167,2.60308,0.131404,60.0
1744878953359087.0,-5557.63,2444.36,0.895558,2.47167,2.44544,-0.0262336,60.0
1744878953379853.0,-5557.63,2444.36,0.895558,2.47167,2.495,0.0233278,60.0
1744878953400685.0,-5559.74,2446.41,0.898193,2.44544,2.33522,-0.110213,60.0
1744878953421409.0,-5559.74,2446.41,0.898193,2.44544,2.48972,0.0442865,60.0
1744878953442123.0,-5561.86,2448.46,0.900829,2.33523,2.33328,-0.00194157,60.0
1744878953462845.0,-5561.86,2448.46,0.900829,2.33523,2.42524,0.090019,60.0
1744878953483508.0,-5561.86,2448.46,0.900829,2.33523,2.48765,0.152428,60.0
1744878953504235.0,-5564.4,2450.51,0.903837,2.42524,2.38725,-0.0379922,60.0
1744878953524880.0,-5564.4,2450.51,0.903837,2.42524,2.46898,0.0437402,60.0
1744878953546899.0,-5566.52,2451.88,0.906214,2.38725,2.2989,-0.0883524,60.0
1744878953567854.0,-5566.52,2451.88,0.906214,2.38725,2.37835,-0.008902,60.0
1744878953588502.0,-5566.52,2451.88,0.906214,2.38725,2.32988,-0.0573741,60.0
1744878953609085.0,-5569.06,2453.93,0.909225,2.37835,2.381,0.00264584,60.0
1744878953630271.0,-5569.06,2453.93,0.909225,2.37835,2.31567,-0.0626769,60.0
1744878953650884.0,-5571.17,2455.98,0.911866,2.381,2.30762,-0.073377,60.0
1744878953671490.0,-5571.17,2455.98,0.911866,2.381,2.51144,0.130441,60.0
1744878953692183.0,-5571.17,2455.98,0.911866,2.381,2.40564,0.0246485,60.0
1744878953712838.0,-5573.29,2458.03,0.914509,2.51144,2.47878,-0.0326584,60.0
1744878953733824.0,-5573.29,2458.03,0.914509,2.51144,2.6228,0.111366,60.0
1744878953754269.0,-5575.83,2460.08,0.917525,2.47878,2.43769,-0.0410841,60.0
1744878953774905.0,-5575.83,2460.08,0.917525,2.47878,2.49788,0.0191043,60.0
1744878953795731.0,-5577.95,2462.13,0.920171,2.43769,2.27925,-0.158439,60.0
1744878953816388.0,-5577.95,2462.13,0.920171,2.43769,2.45085,0.0131537,60.0
1744878953841318.0,-5577.95,2462.13,0.920171,2.43769,2.47065,0.0329549,60.0
1744878953862129.0,-5580.07,2464.18,0.922818,2.45085,2.32862,-0.122229,60.0
1744878953882940.0,-5580.07,2464.18,0.922818,2.45085,2.42331,-0.0275366,60.0
1744878953903762.0,-5582.61,2465.54,0.925574,2.32862,2.30501,-0.0236089,60.0
1744878953924640.0,-5582.61,2465.54,0.925574,2.32862,2.30775,-0.020871,60.0
1744878953945341.0,-5582.61,2465.54,0.925574,2.32862,2.42695,0.0983346,60.0
1744878953966161.0,-5584.72,2467.59,0.928224,2.30775,2.46616,0.158413,60.0
1744878953986553.0,-5584.72,2467.59,0.928224,2.30775,2.39814,0.0903903,60.0
1744878954007677.0,-5587.26,2469.64,0.931247,2.46616,2.43803,-0.0281342,60.0
1744878954028298.0,-5587.26,2469.64,0.931247,2.46616,2.57158,0.105417,60.0
1744878954049018.0,-5589.38,2471.7,0.9339,2.43803,2.3089,-0.129123,60.0
1744878954069597.0,-5589.38,2471.7,0.9339,2.43803,2.47249,0.0344584,60.0
1744878954090438.0,-5589.38,2471.7,0.9339,2.43803,2.48329,0.0452665,60.0
1744878954111079.0,-5591.5,2473.75,0.936554,2.47249,2.63668,0.164194,60.0
1744878954131849.0,-5591.5,2473.75,0.936554,2.47249,2.45335,-0.019139,60.0
1744878954152774.0,-5594.04,2475.8,0.939582,2.63668,2.63627,-0.000409086,60.0
1744878954173343.0,-5594.04,2475.8,0.939582,2.63668,2.49584,-0.140838,60.0
1744878954194132.0,-5594.04,2475.8,0.939582,2.63668,2.50348,-0.133202,60.0
1744878954215239.0,-5596.15,2477.85,0.942239,2.49584,2.40034,-0.0954995,60.0
1744878954235720.0,-5596.15,2477.85,0.942239,2.49584,2.44363,-0.0522092,60.0
1744878954256606.0,-5598.27,2479.21,0.944632,2.40034,2.35735,-0.0429949,60.0
1744878954277413.0,-5598.27,2479.21,0.944632,2.40034,2.48716,0.0868191,60.0
1744878954298134.0,-5598.27,2479.21,0.944632,2.40034,2.49856,0.0982162,60.0
1744878954318933.0,-5600.81,2481.26,0.947664,2.48716,2.45457,-0.0325868,60.0
1744878954339579.0,-5600.81,2481.26,0.947664,2.48716,2.50975,0.022585,60.0
1744878954360222.0,-5602.93,2483.31,0.950325,2.45457,2.54171,0.0871356,60.0
1744878954380978.0,-5602.93,2483.31,0.950325,2.45457,2.51103,0.0564525,60.0
1744878954401739.0,-5605.47,2485.36,0.953361,2.54171,2.44025,-0.101455,60.0
1744878954422288.0,-5605.47,2485.36,0.953361,2.54171,2.66476,0.123054,60.0
1744878954443040.0,-5605.47,2485.36,0.953361,2.54171,2.40853,-0.133181,60.0
1744878954464259.0,-5607.59,2487.41,0.956025,2.66476,2.64702,-0.017747,60.0
1744878954484976.0,-5607.59,2487.41,0.956025,2.66476,2.55129,-0.113477,60.0
1744878954506159.0,-5610.13,2489.46,0.959063,2.64702,2.49065,-0.156365,60.0
1744878954526874.0,-5610.13,2489.46,0.959063,2.64702,2.57108,-0.0759341,60.0
1744878954547663.0,-5610.13,2489.46,0.959063,2.64702,2.54575,-0.101268,60.0
1744878954568350.0,-5612.24,2490.83,0.961464,2.57108,2.61893,0.0478458,60.0
1744878954588990.0,-5612.24,2490.83,0.961464,2.57108,2.51062,-0.0604673,60.0
1744878954609864.0,-5614.78,2492.88,0.964505,2.61893,2.49718,-0.121752,60.0
1744878954630391.0,-5614.78,2492.88,0.964505,2.61893,2.52699,-0.0919356,60.0
1744878954651093.0,-5614.78,2492.88,0.964505,2.61893,2.4711,-0.147827,60.0
1744878954671919.0,-5616.9,2494.93,0.967175,2.52699,2.5127,-0.0142903,60.0
1744878954693061.0,-5616.9,2494.93,0.967175,2.52699,2.50987,-0.0171242,60.0
1744878954713530.0,-5619.44,2496.3,0.969953,2.5127,2.48973,-0.0229761,60.0
1744878954734239.0,-5619.44,2496.3,0.969953,2.5127,2.51798,0.00527748,60.0
1744878954754894.0,-5621.56,2498.35,0.972624,2.48973,2.46371,-0.026017,60.0
1744878954775750.0,-5621.56,2498.35,0.972624,2.48973,2.50107,0.0113439,60.0
1744878954796347.0,-5621.56,2498.35,0.972624,2.48973,2.53956,0.0498378,60.0
1744878954817070.0,-5624.1,2500.4,0.975672,2.50107,2.52991,0.0288412,60.0
1744878954837902.0,-5624.1,2500.4,0.975672,2.50107,2.40824,-0.0928287,60.0
1744878954858384.0,-5626.64,2501.77,0.978454,2.52991,2.48203,-0.0478799,60.0
1744878954879170.0,-5626.64,2501.77,0.978454,2.52991,2.37308,-0.156836,60.0
1744878954900175.0,-5626.64,2501.77,0.978454,2.52991,2.60511,0.0751937,60.0
1744878954920729.0,-5628.76,2503.82,0.98113,2.37308,2.35391,-0.0191645,60.0
1744878954941658.0,-5628.76,2503.82,0.98113,2.37308,2.32953,-0.0435465,60.0
1744878954962221.0,-5631.3,2505.87,0.984183,2.35391,2.32281,-0.0311025,60.0
1744878954983105.0,-5631.3,2505.87,0.984183,2.35391,2.47641,0.122499,60.0
1744878955003504.0,-5631.3,2505.87,0.984183,2.35391,2.39359,0.0396808,60.0
1744878955024493.0,-5633.41,2507.92,0.986862,2.47641,2.42068,-0.0557308,60.0
1744878955044835.0,-5633.41,2507.92,0.986862,2.47641,2.44617,-0.030235,60.0
1744878955065797.0,-5635.95,2509.28,0.989649,2.42068,2.37977,-0.0409063,60.0
1744878955086550.0,-5635.95,2509.28,0.989649,2.42068,2.43132,0.0106399,60.0
1744878955107200.0,-5635.95,2509.28,0.989649,2.42068,2.45186,0.0311781,60.0
1744878955127910.0,-5638.07,2511.33,0.992331,2.43132,2.36432,-0.0670034,60.0
1744878955148694.0,-5638.07,2511.33,0.992331,2.43132,2.53442,0.103104,60.0
1744878955169320.0,-5640.61,2513.38,0.995389,2.36432,2.47395,0.109635,60.0
1744878955190194.0,-5640.61,2513.38,0.995389,2.36432,2.42211,0.0577915,60.0
1744878955210807.0,-5643.15,2515.43,0.998449,2.47395,2.57767,0.103723,60.0
1744878955231519.0,-5643.15,2515.43,0.998449,2.47395,2.41297,-0.0609793,60.0
1744878955252572.0,-5643.15,2515.43,0.998449,2.47395,2.42403,-0.0499262,60.0
1744878955272907.0,-5645.27,2516.8,1.00087,2.41297,2.41576,0.0027906,60.0
1744878955293628.0,-5645.27,2516.8,1.00087,2.41297,2.42263,0.00965949,60.0
1744878955314324.0,-5647.81,2518.85,1.00393,2.41576,2.38389,-0.0318744,60.0
1744878955335133.0,-5647.81,2518.85,1.00393,2.41576,2.3594,-0.0563611,60.0
1744878955355672.0,-5647.81,2518.85,1.00393,2.41576,2.35802,-0.0577388,60.0
1744878955376741.0,-5649.93,2520.9,1.00662,2.3594,2.49185,0.132449,60.0
1744878955397183.0,-5649.93,2520.9,1.00662,2.3594,2.49474,0.135333,60.0
1744878955417978.0,-5652.47,2522.95,1.00968,2.49185,2.56635,0.0744999,60.0
1744878955438903.0,-5652.47,2522.95,1.00968,2.49185,2.32986,-0.161992,60.0
1744878955459659.0,-5652.47,2522.95,1.00968,2.49185,2.4007,-0.0911509,60.0
1744878955480427.0,-5654.58,2524.32,1.01211,2.32986,2.39799,0.0681262,60.0
1744878955501273.0,-5654.58,2524.32,1.01211,2.32986,2.43218,0.10232,60.0
1744878955521930.0,-5656.7,2526.37,1.0148,2.39799,2.53198,0.133999,60.0
1744878955542661.0,-5656.7,2526.37,1.0148,2.39799,2.54035,0.142368,60.0
1744878955563411.0,-5659.24,2528.42,1.01787,2.53198,2.50265,-0.0293316,60.0
1744878955584256.0,-5659.24,2528.42,1.01787,2.53198,2.60536,0.0733726,60.0
1744878955605034.0,-5659.24,2528.42,1.01787,2.53198,2.49382,-0.0381651,60.0
1744878955625593.0,-5661.36,2530.47,1.02056,2.60536,2.50741,-0.0979482,60.0
1744878955646392.0,-5661.36,2530.47,1.02056,2.60536,2.54415,-0.0612059,60.0
1744878955667246.0,-5663.9,2532.52,1.02364,2.50741,2.40767,-0.0997421,60.0
1744878955687788.0,-5663.9,2532.52,1.02364,2.50741,2.56277,0.0553638,60.0
1744878955708778.0,-5663.9,2532.52,1.02364,2.50741,2.64197,0.134566,60.0
1744878955729617.0,-5666.01,2533.89,1.02607,2.56277,2.54116,-0.0216076,60.0
1744878955750345.0,-5666.01,2533.89,1.02607,2.56277,2.54711,-0.0156672,60.0
1744878955771044.0,-5668.55,2535.94,1.02914,2.54116,2.40111,-0.140055,60.0
1744878955791773.0,-5668.55,2535.94,1.02914,2.54116,2.5929,0.0517332,60.0
1744878955812587.0,-5668.55,2535.94,1.02914,2.54116,2.38428,-0.156884,60.0
1744878955833363.0,-5670.67,2537.99,1.03184,2.5929,2.58113,-0.0117671,60.0
1744878955854002.0,-5670.67,2537.99,1.03184,2.5929,2.52319,-0.0697067,60.0
1744878955874819.0,-5673.21,2540.04,1.03492,2.58113,2.52313,-0.0580017,60.0
1744878955895461.0,-5673.21,2540.04,1.03492,2.58113,2.69366,0.112526,60.0
1744878955916186.0,-5673.21,2540.04,1.03492,2.58113,2.61475,0.033623,60.0
1744878955937083.0,-5675.75,2541.4,1.03773,2.69366,2.73464,0.0409871,60.0
1744878955957765.0,-5675.75,2541.4,1.03773,2.69366,2.6385,-0.0551613,60.0
1744878955978382.0,-5677.87,2543.45,1.04044,2.73464,2.59916,-0.13548,60.0
1744878955999432.0,-5677.87,2543.45,1.04044,2.73464,2.59173,-0.142918,60.0
1744878956020427.0,-5677.87,2543.45,1.04044,2.73464,2.58489,-0.149751,60.0
1744878956041461.0,-5680.41,2544.82,1.04325,2.59173,2.54181,-0.049914,60.0
1744878956061726.0,-5680.41,2544.82,1.04325,2.59173,2.61282,0.0210986,60.0
1744878956083221.0,-5682.95,2546.87,1.04634,2.54181,2.38201,-0.159799,60.0
1744878956104068.0,-5682.95,2546.87,1.04634,2.54181,2.3844,-0.157411,60.0
1744878956124738.0,-5682.95,2546.87,1.04634,2.54181,2.45701,-0.0848012,60.0
1744878956145683.0,-5685.07,2548.92,1.04905,2.3844,2.31549,-0.0689147,60.0
1744878956166173.0,-5685.07,2548.92,1.04905,2.3844,2.43421,0.0498088,60.0
1744878956186991.0,-5687.61,2550.29,1.05186,2.31549,2.25136,-0.0641228,60.0
1744878956207804.0,-5687.61,2550.29,1.05186,2.31549,2.33785,0.022359,60.0
1744878956228699.0,-5690.15,2552.34,1.05496,2.33785,2.48913,0.151285,60.0
1744878956249563.0,-5690.15,2552.34,1.05496,2.33785,2.34897,0.0111258,60.0
1744878956270320.0,-5690.15,2552.34,1.05496,2.33785,2.48721,0.149368,60.0
1744878956291241.0,-5692.27,2554.39,1.05767,2.34897,2.41851,0.0695407,60.0
1744878956312253.0,-5692.27,2554.39,1.05767,2.34897,2.4545,0.105524,60.0
1744878956332811.0,-5694.81,2555.76,1.06049,2.41851,2.56419,0.145678,60.0
1744878956353700.0,-5694.81,2555.76,1.06049,2.41851,2.52875,0.110239,60.0
1744878956374616.0,-5694.81,2555.76,1.06049,2.41851,2.51115,0.0926384,60.0
1744878956395384.0,-5696.92,2557.81,1.06321,2.52875,2.44935,-0.0794,60.0
1744878956415926.0,-5696.92,2557.81,1.06321,2.52875,2.5695,0.0407436,60.0
1744878956436711.0,-5699.46,2559.86,1.0663,2.44935,2.37254,-0.0768078,60.0
1744878956457479.0,-5699.46,2559.86,1.0663,2.44935,2.30782,-0.141536,60.0
1744878956478135.0,-5699.46,2559.86,1.0663,2.44935,2.39909,-0.0502617,60.0
1744878956498690.0,-5701.58,2561.91,1.06902,2.30782,2.33089,0.023073,60.0
1744878956520036.0,-5701.58,2561.91,1.06902,2.30782,2.44029,0.132471,60.0
1744878956540798.0,-5704.12,2563.27,1.07185,2.33089,2.29559,-0.0352995,60.0
1744878956561520.0,-5704.12,2563.27,1.07185,2.33089,2.34737,0.0164792,60.0
1744878956582249.0,-5704.12,2563.27,1.07185,2.33089,2.33489,0.00399671,60.0
1744878956603214.0,-5706.24,2565.32,1.07457,2.34737,2.46136,0.113989,60.0
1744878956613804.0,-5706.24,2565.32,1.07457,2.34737,2.24742,-0.0999476,60.0
1744878956634756.0,-5708.78,2567.37,1.07767,2.46136,2.60785,0.146497,60.0
1744878956655691.0,-5708.78,2567.37,1.07767,2.46136,2.46933,0.00797249,60.0
1744878956676536.0,-5708.78,2567.37,1.07767,2.46136,2.38632,-0.0750375,60.0
1744878956697351.0,-5710.89,2569.42,1.0804,2.46933,2.53547,0.0661372,60.0
1744878956718404.0,-5710.89,2569.42,1.0804,2.46933,2.4022,-0.0671254,60.0
1744878956739311.0,-5713.44,2570.79,1.08323,2.53547,2.54872,0.0132546,60.0
1744878956760047.0,-5713.44,2570.79,1.08323,2.53547,2.44809,-0.0873741,60.0
1744878956780991.0,-5713.44,2570.79,1.08323,2.53547,2.41486,-0.120603,60.0
1744878956801647.0,-5715.55,2572.84,1.08596,2.44809,2.42059,-0.0275008,60.0
1744878956822367.0,-5715.55,2572.84,1.08596,2.44809,2.48393,0.0358376,60.0
1744878956843094.0,-5718.09,2574.89,1.08906,2.42059,2.49306,0.0724658,60.0
1744878956863847.0,-5718.09,2574.89,1.08906,2.42059,2.5315,0.110913,60.0
1744878956884613.0,-5718.09,2574.89,1.08906,2.42059,2.52705,0.106457,60.0
1744878956905303.0,-5720.21,2576.94,1.09179,2.5315,2.49205,-0.0394558,60.0
1744878956925935.0,-5720.21,2576.94,1.09179,2.5315,2.49535,-0.0361579,60.0
1744878956946572.0,-5722.75,2578.99,1.09491,2.49205,2.36933,-0.122717,60.0
1744878956967527.0,-5722.75,2578.99,1.09491,2.49205,2.51113,0.0190868,60.0
1744878956988283.0,-5724.87,2580.36,1.09736,2.36933,2.39586,0.0265244,60.0
1744878957009334.0,-5724.87,2580.36,1.09736,2.36933,2.48109,0.111754,60.0
1744878957030030.0,-5724.87,2580.36,1.09736,2.36933,2.46784,0.0985094,60.0
1744878957050822.0,-5727.41,2582.41,1.10048,2.48109,2.51538,0.0342904,60.0
1744878957071626.0,-5727.41,2582.41,1.10048,2.48109,2.46867,-0.012418,60.0
1744878957092220.0,-5729.52,2584.46,1.10322,2.51538,2.51214,-0.00323601,60.0
1744878957112876.0,-5729.52,2584.46,1.10322,2.51538,2.50938,-0.00599335,60.0
1744878957134377.0,-5729.52,2584.46,1.10322,2.51538,2.42808,-0.0872925,60.0
1744878957154950.0,-5732.06,2586.51,1.10633,2.50938,2.58674,0.0773596,60.0
1744878957175586.0,-5732.06,2586.51,1.10633,2.50938,2.34976,-0.159618,60.0
1744878957196470.0,-5734.18,2587.88,1.1088,2.58674,2.50621,-0.0805349,60.0
1744878957216946.0,-5734.18,2587.88,1.1088,2.58674,2.55293,-0.0338112,60.0
1744878957237611.0,-5734.18,2587.88,1.1088,2.58674,2.52767,-0.0590681,60.0
1744878957258511.0,-5736.72,2589.93,1.11192,2.55293,2.43617,-0.116762,60.0
1744878957279072.0,-5736.72,2589.93,1.11192,2.55293,2.39577,-0.157158,60.0
1744878957299934.0,-5739.26,2591.98,1.11504,2.43617,2.48847,0.0523027,60.0
1744878957320979.0,-5739.26,2591.98,1.11504,2.43617,2.32766,-0.108504,60.0
1744878957341481.0,-5739.26,2591.98,1.11504,2.43617,2.56331,0.127142,60.0
1744878957362083.0,-5741.38,2594.03,1.11778,2.32766,2.48935,0.161689,60.0
1744878957382729.0,-5741.38,2594.03,1.11778,2.32766,2.24122,-0.0864464,60.0
1744878957403741.0,-5743.92,2595.39,1.12063,2.48935,2.50743,0.0180769,60.0
1744878957424390.0,-5743.92,2595.39,1.12063,2.48935,2.47677,-0.0125869,60.0
1744878957444982.0,-5746.04,2597.44,1.12338,2.50743,2.62309,0.115661,60.0
1744878957465701.0,-5746.04,2597.44,1.12338,2.50743,2.45102,-0.056406,60.0
1744878957486124.0,-5746.04,2597.44,1.12338,2.50743,2.45182,-0.0556128,60.0
1744878957507264.0,-5748.58,2599.49,1.12651,2.45102,2.53009,0.0790674,60.0
1744878957528033.0,-5748.58,2599.49,1.12651,2.45102,2.47159,0.0205627,60.0
1744878957548628.0,-5750.69,2601.55,1.12925,2.53009,2.38317,-0.146924,60.0
1744878957569386.0,-5750.69,2601.55,1.12925,2.53009,2.55426,0.0241706,60.0
1744878957589853.0,-5750.69,2601.55,1.12925,2.53009,2.52314,-0.00695101,60.0
1744878957610577.0,-5753.23,2602.91,1.13211,2.55426,2.42772,-0.126545,60.0
1744878957631343.0,-5753.23,2602.91,1.13211,2.55426,2.69479,0.140526,60.0
1744878957652123.0,-5755.35,2604.96,1.13486,2.42772,2.53975,0.112033,60.0
1744878957672836.0,-5755.35,2604.96,1.13486,2.42772,2.4263,-0.00142217,60.0
1744878957693539.0,-5755.35,2604.96,1.13486,2.42772,2.56692,0.139199,60.0
1744878957715114.0,-5757.89,2607.01,1.13799,2.4263,2.39927,-0.027023,60.0
1744878957735924.0,-5757.89,2607.01,1.13799,2.4263,2.52026,0.0939616,60.0
1744878957756692.0,-5760.01,2608.38,1.14047,2.39927,2.33982,-0.0594568,60.0
1744878957777506.0,-5760.01,2608.38,1.14047,2.39927,2.44724,0.0479714,60.0
1744878957798180.0,-5762.55,2610.43,1.14361,2.44724,2.40808,-0.0391674,60.0
1744878957818987.0,-5762.55,2610.43,1.14361,2.44724,2.4256,-0.0216413,60.0
1744878957839622.0,-5762.55,2610.43,1.14361,2.44724,2.49605,0.0488089,60.0
1744878957860003.0,-5765.09,2612.48,1.14675,2.4256,2.54627,0.120666,60.0
1744878957880891.0,-5765.09,2612.48,1.14675,2.4256,2.40208,-0.0235188,60.0
1744878957901688.0,-5767.21,2614.53,1.1495,2.54627,2.43102,-0.115252,60.0
1744878957922390.0,-5767.21,2614.53,1.1495,2.54627,2.49275,-0.0535223,60.0
1744878957943087.0,-5767.21,2614.53,1.1495,2.54627,2.43889,-0.107378,60.0
1744878957963891.0,-5769.75,2615.9,1.15237,2.49275,2.45361,-0.039138,60.0
1744878957984850.0,-5769.75,2615.9,1.15237,2.49275,2.56192,0.0691698,60.0
1744878958005729.0,-5771.86,2617.95,1.15513,2.45361,2.32295,-0.130659,60.0
1744878958026646.0,-5771.86,2617.95,1.15513,2.45361,2.42071,-0.0328974,60.0
1744878958047135.0,-5771.86,2617.95,1.15513,2.45361,2.29126,-0.162344,60.0
1744878958068103.0,-5774.4,2620.0,1.15828,2.42071,2.34467,-0.0760457,60.0
1744878958088773.0,-5774.4,2620.0,1.15828,2.42071,2.36066,-0.060047,60.0
1744878958109818.0,-5776.52,2622.05,0.161039,2.34467,2.44462,0.0999535,60.0
1744878958130646.0,-5776.52,2622.05,0.161039,2.34467,2.37714,0.0324723,60.0
1744878958151396.0,-5776.52,2622.05,0.161039,2.34467,2.48838,0.143718,60.0
1744878958172109.0,-5779.06,2623.42,0.163908,2.37714,2.38237,0.00523284,60.0
1744878958192837.0,-5779.06,2623.42,0.163908,2.37714,2.50262,0.125485,60.0
1744878958213597.0,-5781.18,2625.47,0.166674,2.38237,2.39882,0.0164457,60.0
1744878958234096.0,-5781.18,2625.47,0.166674,2.38237,2.46883,0.0864628,60.0
1744878958255032.0,-5783.72,2627.52,0.169826,2.39882,2.46961,0.0707938,60.0
1744878958275539.0,-5783.72,2627.52,0.169826,2.39882,2.30276,-0.0960549,60.0
1744878958296361.0,-5783.72,2627.52,0.169826,2.39882,2.33692,-0.0618979,60.0
1744878958317206.0,-5785.84,2629.57,0.172595,2.30276,2.40498,0.102216,60.0
1744878958337871.0,-5785.84,2629.57,0.172595,2.30276,2.46708,0.164318,60.0
1744878958358637.0,-5787.95,2631.62,0.175365,2.40498,2.41461,0.00963129,60.0
1744878958379343.0,-5787.95,2631.62,0.175365,2.40498,2.31201,-0.0929637,60.0
1744878958400116.0,-5787.95,2631.62,0.175365,2.40498,2.48757,0.0825923,60.0
1744878958420858.0,-5790.49,2632.98,0.17824,2.31201,2.42944,0.117428,60.0
1744878958441508.0,-5790.49,2632.98,0.17824,2.31201,2.27908,-0.0329285,60.0
1744878958462345.0,-5792.61,2635.03,0.181013,2.42944,2.40144,-0.0280053,60.0
1744878958482997.0,-5792.61,2635.03,0.181013,2.42944,2.50323,0.0737905,60.0
1744878958503837.0,-5792.61,2635.03,0.181013,2.42944,2.50939,0.0799503,60.0
1744878958524570.0,-5795.15,2637.08,0.184173,2.50323,2.4053,-0.0979314,60.0
1744878958545375.0,-5795.15,2637.08,0.184173,2.50323,2.42057,-0.0826587,60.0
1744878958565987.0,-5797.27,2639.13,0.186948,2.4053,2.38871,-0.0165933,60.0
1744878958586718.0,-5797.27,2639.13,0.186948,2.4053,2.4077,0.00239726,60.0
1744878958610506.0,-5799.38,2641.18,0.189725,2.4077,2.33318,-0.0745173,60.0
1744878958628247.0,-5799.38,2641.18,0.189725,2.4077,2.52887,0.121171,60.0
1744878958649021.0,-5799.38,2641.18,0.189725,2.4077,2.48641,0.0787101,60.0
1744878958669675.0,-5801.92,2643.23,0.19289,2.52887,2.58509,0.0562233,60.0
1744878958690286.0,-5801.92,2643.23,0.19289,2.52887,2.36983,-0.159043,60.0
1744878958710996.0,-5804.04,2645.29,0.19567,2.58509,2.52938,-0.0557162,60.0
1744878958731465.0,-5804.04,2645.29,0.19567,2.58509,2.45528,-0.12981,60.0
1744878958752498.0,-5804.04,2645.29,0.19567,2.58509,2.62219,0.037095,60.0
1744878958773231.0,-5806.58,2646.65,0.198555,2.45528,2.547,0.0917142,60.0
1744878958794004.0,-5806.58,2646.65,0.198555,2.45528,2.48051,0.0252263,60.0
1744878958814575.0,-5808.7,2648.7,0.201337,2.547,2.56296,0.0159641,60.0
1744878958841711.0,-5808.7,2648.7,0.201337,2.547,2.40195,-0.145051,60.0
1744878958862388.0,-5811.24,2650.75,0.204508,2.56296,2.60305,0.040088,60.0
1744878958883167.0,-5811.24,2650.75,0.204508,2.56296,2.57374,0.0107752,60.0
1744878958903769.0,-5811.24,2650.75,0.204508,2.56296,2.45464,-0.108325,60.0
1744878958924991.0,-5813.36,2652.8,0.207293,2.57374,2.50204,-0.0716958,60.0
1744878958945559.0,-5813.36,2652.8,0.207293,2.57374,2.52254,-0.0511967,60.0
1744878958966322.0,-5815.9,2654.17,0.210184,2.50204,2.58135,0.0793083,60.0
1744878958987095.0,-5815.9,2654.17,0.210184,2.50204,2.46772,-0.0343239,60.0
1744878959008097.0,-5815.9,2654.17,0.210184,2.50204,2.58438,0.0823398,60.0
1744878959028969.0,-5818.01,2656.22,0.212972,2.46772,2.36364,-0.104078,60.0
1744878959049742.0,-5818.01,2656.22,0.212972,2.46772,2.4946,0.0268811,60.0
1744878959070565.0,-5820.55,2658.27,0.216148,2.36364,2.45824,0.0946048,60.0
1744878959091348.0,-5820.55,2658.27,0.216148,2.36364,2.39914,0.0354999,60.0
1744878959111851.0,-5820.55,2658.27,0.216148,2.36364,2.42312,0.0594799,60.0
1744878959132621.0,-5822.67,2660.32,0.218939,2.39914,2.48972,0.0905778,60.0
1744878959153618.0,-5822.67,2660.32,0.218939,2.39914,2.33503,-0.0641072,60.0
1744878959174191.0,-5825.21,2662.37,0.222119,2.48972,2.54532,0.0556002,60.0
1744878959194941.0,-5825.21,2662.37,0.222119,2.48972,2.61993,0.130213,60.0
1744878959215692.0,-5827.33,2663.74,0.224628,2.54532,2.38965,-0.155665,60.0
1744878959236442.0,-5827.33,2663.74,0.224628,2.54532,2.54343,-0.00188488,60.0
1744878959257126.0,-5827.33,2663.74,0.224628,2.54532,2.47801,-0.0673069,60.0
1744878959277968.0,-5829.87,2665.79,0.227811,2.54343,2.54355,0.000118015,60.0
1744878959298841.0,-5829.87,2665.79,0.227811,2.54343,2.51582,-0.0276125,60.0
1744878959319633.0,-5831.99,2667.84,0.230608,2.54355,2.43006,-0.113485,60.0
1744878959340258.0,-5831.99,2667.84,0.230608,2.54355,2.48951,-0.0540385,60.0
1744878959361046.0,-5831.99,2667.84,0.230608,2.54355,2.58651,0.0429645,60.0
1744878959381814.0,-5834.53,2669.21,0.233509,2.48951,2.40236,-0.0871475,60.0
1744878959402641.0,-5834.53,2669.21,0.233509,2.48951,2.37206,-0.117452,60.0
1744878959423142.0,-5836.64,2671.26,0.236308,2.40236,2.46162,0.0592612,60.0
1744878959443939.0,-5836.64,2671.26,0.236308,2.40236,2.30082,-0.101539,60.0
1744878959464643.0,-5836.64,2671.26,0.236308,2.40236,2.41214,0.00977958,60.0
1744878959485288.0,-5839.18,2673.31,0.239497,2.30082,2.43785,0.137026,60.0
1744878959506406.0,-5839.18,2673.31,0.239497,2.30082,2.44387,0.14305,60.0
1744878959527184.0,-5841.3,2675.36,0.242299,2.43785,2.45797,0.0201198,60.0
1744878959547829.0,-5841.3,2675.36,0.242299,2.43785,2.544,0.106152,60.0
1744878959568309.0,-5841.3,2675.36,0.242299,2.43785,2.47178,0.0339305,60.0
1744878959589077.0,-5843.84,2677.41,0.245491,2.544,2.49437,-0.0496273,60.0
1744878959609882.0,-5843.84,2677.41,0.245491,2.544,2.56331,0.0193119,60.0
1744878959630386.0,-5845.96,2678.77,0.248009,2.49437,2.45047,-0.0439052,60.0
1744878959651182.0,-5845.96,2678.77,0.248009,2.49437,2.54549,0.0511121,60.0
1744878959671866.0,-5848.5,2680.82,0.251205,2.45047,2.42354,-0.026928,60.0
1744878959692537.0,-5848.5,2680.82,0.251205,2.45047,2.55544,0.104973,60.0
1744878959713170.0,-5848.5,2680.82,0.251205,2.45047,2.6127,0.162228,60.0
1744878959733917.0,-5850.61,2682.87,0.254012,2.55544,2.44539,-0.110057,60.0
1744878959754666.0,-5850.61,2682.87,0.254012,2.55544,2.48269,-0.0727561,60.0
1744878959775340.0,-5853.15,2684.24,0.256924,2.44539,2.50154,0.0561581,60.0
1744878959796168.0,-5853.15,2684.24,0.256924,2.44539,2.2952,-0.150182,60.0
1744878959816915.0,-5853.15,2684.24,0.256924,2.44539,2.34646,-0.0989302,60.0
1744878959837518.0,-5855.27,2686.29,0.259734,2.2952,2.31663,0.0214276,60.0
1744878959858197.0,-5855.27,2686.29,0.259734,2.2952,2.3772,0.0819983,60.0
1744878959878818.0,-5857.81,2688.34,0.262935,2.31663,2.36053,0.043903,60.0
1744878959899506.0,-5857.81,2688.34,0.262935,2.31663,2.27615,-0.0404821,60.0
1744878959920495.0,-5857.81,2688.34,0.262935,2.31663,2.48012,0.163484,60.0
1744878959941023.0,-5859.93,2690.39,0.265748,2.27615,2.39274,0.116588,60.0
1744878959961844.0,-5859.93,2690.39,0.265748,2.27615,2.33992,0.0637668,60.0
1744878959982439.0,-5862.47,2692.44,0.268953,2.39274,2.40684,0.0140987,60.0
1744878960003385.0,-5862.47,2692.44,0.268953,2.39274,2.40461,0.011875,60.0
1744878960024000.0,-5862.47,2692.44,0.268953,2.39274,2.3496,-0.0431323,60.0
1744878960044623.0,-5864.59,2693.81,0.27148,2.40461,2.41852,0.0139094,60.0
1744878960065289.0,-5864.59,2693.81,0.27148,2.40461,2.56264,0.158024,60.0
1744878960085870.0,-5867.13,2695.86,0.274688,2.41852,2.35145,-0.0670719,60.0
1744878960106613.0,-5867.13,2695.86,0.274688,2.41852,2.3638,-0.054722,60.0
1744878960127406.0,-5869.24,2697.91,0.277506,2.35145,2.46208,0.110635,60.0
1744878960147999.0,-5869.24,2697.91,0.277506,2.35145,2.29696,-0.0544938,60.0
1744878960168557.0,-5869.24,2697.91,0.277506,2.35145,2.45048,0.0990299,60.0
1744878960189208.0,-5871.36,2699.96,0.280326,2.29696,2.45646,0.159503,60.0
1744878960209806.0,-5871.36,2699.96,0.280326,2.29696,2.4554,0.158445,60.0
1744878960230995.0,-5873.9,2702.01,0.283538,2.45646,2.57954,0.123082,60.0
1744878960251596.0,-5873.9,2702.01,0.283538,2.45646,2.44657,-0.00988471,60.0
1744878960272107.0,-5873.9,2702.01,0.283538,2.45646,2.39651,-0.0599446,60.0
1744878960292770.0,-5876.02,2704.06,0.286361,2.44657,2.48392,0.0373419,60.0
1744878960313650.0,-5876.02,2704.06,0.286361,2.44657,2.36922,-0.0773533,60.0
1744878960334388.0,-5878.56,2706.11,0.289576,2.48392,2.39444,-0.0894773,60.0
1744878960355182.0,-5878.56,2706.11,0.289576,2.48392,2.48798,0.00406219,60.0
1744878960375769.0,-5878.56,2706.11,0.289576,2.48392,2.36443,-0.119489,60.0
1744878960396558.0,-5880.67,2707.48,0.292112,2.48798,2.45416,-0.0338183,60.0
1744878960417359.0,-5880.67,2707.48,0.292112,2.48798,2.55057,0.0625924,60.0
1744878960438308.0,-5882.79,2709.53,0.294939,2.45416,2.39346,-0.0607018,60.0
1744878960459031.0,-5882.79,2709.53,0.294939,2.45416,2.36349,-0.0906655,60.0
1744878960479482.0,-5882.79,2709.53,0.294939,2.45416,2.33772,-0.116438,60.0
1744878960500047.0,-5885.33,2711.58,0.298159,2.36349,2.45852,0.0950214,60.0
1744878960520953.0,-5885.33,2711.58,0.298159,2.36349,2.27713,-0.0863623,60.0
1744878960541505.0,-5887.45,2713.63,0.300988,2.45852,2.33051,-0.128004,60.0
1744878960562547.0,-5887.45,2713.63,0.300988,2.45852,2.46577,0.00725466,60.0
1744878960583244.0,-5889.57,2715.68,0.303819,2.33051,2.44201,0.111494,60.0
1744878960603804.0,-5889.57,2715.68,0.303819,2.33051,2.25702,-0.0734892,60.0
1744878960624553.0,-5889.57,2715.68,0.303819,2.33051,2.35121,0.0207023,60.0
1744878960645369.0,-5892.11,2717.73,0.307044,2.25702,2.33872,0.0817022,60.0
1744878960665939.0,-5892.11,2717.73,0.307044,2.25702,2.35301,0.0959886,60.0
1744878960686566.0,-5894.22,2719.78,0.309878,2.33872,2.31428,-0.0244406,60.0
1744878960707238.0,-5894.22,2719.78,0.309878,2.33872,2.45588,0.11715,60.0
1744878960728160.0,-5894.22,2719.78,0.309878,2.33872,2.43141,0.092687,60.0
1744878960748816.0,-5896.34,2721.83,0.312713,2.45588,2.40617,-0.0497044,60.0
1744878960769441.0,-5896.34,2721.83,0.312713,2.45588,2.39652,-0.0593505,60.0
1744878960790307.0,-5898.88,2723.88,0.315942,2.40617,2.47773,0.0715611,60.0
1744878960811117.0,-5898.88,2723.88,0.315942,2.40617,2.39618,-0.00999522,60.0
1744878960832008.0,-5898.88,2723.88,0.315942,2.40617,2.30236,-0.103808,60.0
1744878960852838.0,-5901.0,2725.25,0.318489,2.39618,2.43635,0.0401717,60.0
1744878960873671.0,-5901.0,2725.25,0.318489,2.39618,2.42065,0.0244751,60.0
1744878960894544.0,-5903.11,2727.3,0.321328,2.43635,2.46858,0.0322352,60.0
1744878960915312.0,-5903.11,2727.3,0.321328,2.43635,2.33898,-0.0973669,60.0
1744878960935898.0,-5905.65,2729.35,0.324561,2.46858,2.32592,-0.142661,60.0
1744878960956785.0,-5905.65,2729.35,0.324561,2.46858,2.51188,0.0432988,60.0
1744878960977223.0,-5905.65,2729.35,0.324561,2.46858,2.57078,0.102199,60.0
1744878960997943.0,-5907.77,2731.4,0.327403,2.51188,2.55855,0.0466681,60.0
1744878961019295.0,-5907.77,2731.4,0.327403,2.51188,2.47532,-0.0365574,60.0
1744878961039907.0,-5909.89,2733.45,0.330247,2.55855,2.43944,-0.119108,60.0
1744878961060738.0,-5909.89,2733.45,0.330247,2.55855,2.45948,-0.0990721,60.0
1744878961081319.0,-5909.89,2733.45,0.330247,2.55855,2.39669,-0.161864,60.0
1744878961101995.0,-5912.43,2735.5,0.333485,2.45948,2.52021,0.0607292,60.0
1744878961122974.0,-5912.43,2735.5,0.333485,2.45948,2.60255,0.143074,60.0
1744878961143724.0,-5914.54,2737.55,0.336331,2.52021,2.51264,-0.00756464,60.0
1744878961164408.0,-5914.54,2737.55,0.336331,2.52021,2.45203,-0.0681775,60.0
1744878961184996.0,-5914.54,2737.55,0.336331,2.52021,2.4524,-0.0678053,60.0
1744878961206198.0,-5916.66,2739.6,0.339179,2.45203,2.53474,0.0827156,60.0
1744878961226660.0,-5916.66,2739.6,0.339179,2.45203,2.61195,0.159925,60.0
1744878961247534.0,-5919.2,2740.97,0.342129,2.53474,2.468,-0.0667416,60.0
1744878961268211.0,-5919.2,2740.97,0.342129,2.53474,2.38041,-0.154332,60.0
1744878961288922.0,-5919.2,2740.97,0.342129,2.53474,2.6209,0.0861583,60.0
1744878961309714.0,-5921.32,2743.02,0.344979,2.38041,2.40356,0.0231446,60.0
1744878961330667.0,-5921.32,2743.02,0.344979,2.38041,2.40744,0.0270317,60.0
1744878961351041.0,-5923.86,2745.07,0.348225,2.40356,2.26397,-0.139583,60.0
1744878961371856.0,-5923.86,2745.07,0.348225,2.40356,2.29559,-0.107964,60.0
1744878961392536.0,-5925.98,2747.12,0.351078,2.26397,2.2689,0.00492787,60.0
1744878961414379.0,-5925.98,2747.12,0.351078,2.26397,2.4131,0.14913,60.0
1744878961434836.0,-5925.98,2747.12,0.351078,2.26397,2.38933,0.125351,60.0
1744878961455334.0,-5928.09,2749.17,0.353933,2.4131,2.39296,-0.0201459,60.0
1744878961476469.0,-5928.09,2749.17,0.353933,2.4131,2.47503,0.0619301,60.0
1744878961497003.0,-5930.63,2751.22,0.357183,2.39296,2.48494,0.0919771,60.0
1744878961517859.0,-5930.63,2751.22,0.357183,2.39296,2.34625,-0.0467041,60.0
1744878961538482.0,-5930.63,2751.22,0.357183,2.39296,2.44712,0.0541585,60.0
1744878961559430.0,-5932.75,2753.27,0.360041,2.34625,2.2051,-0.141156,60.0
1744878961580258.0,-5932.75,2753.27,0.360041,2.34625,2.47958,0.133327,60.0
1744878961600951.0,-5934.87,2754.64,0.362605,2.2051,2.26888,0.0637797,60.0
1744878961621501.0,-5934.87,2754.64,0.362605,2.2051,2.32177,0.116673,60.0
1744878961642334.0,-5934.87,2754.64,0.362605,2.2051,2.24427,0.0391751,60.0
1744878961663306.0,-5937.41,2756.69,0.36586,2.32177,2.45922,0.137453,60.0
1744878961683650.0,-5937.41,2756.69,0.36586,2.32177,2.16732,-0.154454,60.0
1744878961704352.0,-5939.52,2758.74,0.368721,2.45922,2.32665,-0.132576,60.0
1744878961724988.0,-5939.52,2758.74,0.368721,2.45922,2.49189,0.0326676,60.0
1744878961745919.0,-5941.64,2760.79,0.371584,2.49189,2.42923,-0.0626573,60.0
1744878961766441.0,-5941.64,2760.79,0.371584,2.49189,2.46311,-0.028786,60.0
1744878961786978.0,-5941.64,2760.79,0.371584,2.49189,2.61048,0.118593,60.0
1744878961807758.0,-5944.18,2762.84,0.374844,2.46311,2.43309,-0.0300138,60.0
1744878961828500.0,-5944.18,2762.84,0.374844,2.46311,2.52576,0.0626548,60.0
1744878961849258.0,-5946.3,2764.89,0.377709,2.43309,2.39367,-0.0394172,60.0
1744878961869969.0,-5946.3,2764.89,0.377709,2.43309,2.42624,-0.00685444,60.0
1744878961890694.0,-5946.3,2764.89,0.377709,2.43309,2.52541,0.0923172,60.0
1744878961911435.0,-5948.41,2766.94,0.380576,2.42624,2.56323,0.136988,60.0
1744878961932328.0,-5948.41,2766.94,0.380576,2.42624,2.51991,0.0936725,60.0
1744878961952825.0,-5950.96,2768.99,0.383841,2.56323,2.43365,-0.129577,60.0
1744878961973646.0,-5950.96,2768.99,0.383841,2.56323,2.53391,-0.0293109,60.0
1744878961994220.0,-5950.96,2768.99,0.383841,2.56323,2.55333,-0.00989695,60.0
1744878962015215.0,-5953.07,2771.04,0.38671,2.53391,2.38553,-0.148388,60.0
1744878962036181.0,-5953.07,2771.04,0.38671,2.53391,2.56621,0.0322918,60.0
1744878962056911.0,-5955.19,2773.09,0.389582,2.38553,2.43581,0.0502797,60.0
1744878962077664.0,-5955.19,2773.09,0.389582,2.38553,2.4457,0.0601717,60.0
1744878962098179.0,-5955.19,2773.09,0.389582,2.38553,2.38074,-0.00478617,60.0
1744878962118920.0,-5957.73,2774.46,0.392554,2.4457,2.4301,-0.0155998,60.0
1744878962139972.0,-5957.73,2774.46,0.392554,2.4457,2.36975,-0.0759483,60.0
1744878962160282.0,-5959.85,2776.51,0.395428,2.4301,2.50871,0.0786135,60.0
1744878962180974.0,-5959.85,2776.51,0.395428,2.4301,2.47532,0.0452252,60.0
1744878962201710.0,-5961.96,2778.56,0.398303,2.50871,2.36569,-0.143025,60.0
1744878962222364.0,-5961.96,2778.56,0.398303,2.50871,2.35227,-0.156441,60.0
1744878962243619.0,-5961.96,2778.56,0.398303,2.50871,2.36688,-0.141827,60.0
1744878962264247.0,-5964.5,2780.61,0.401577,2.35227,2.47459,0.122321,60.0
1744878962285205.0,-5964.5,2780.61,0.401577,2.35227,2.3349,-0.0173678,60.0
1744878962305879.0,-5966.62,2782.66,0.404455,2.47459,2.44171,-0.0328823,60.0
1744878962326925.0,-5966.62,2782.66,0.404455,2.47459,2.54349,0.0688936,60.0
1744878962347457.0,-5966.62,2782.66,0.404455,2.47459,2.44484,-0.0297499,60.0
1744878962368472.0,-5969.16,2784.71,0.407732,2.54349,2.46863,-0.0748562,60.0
1744878962389104.0,-5969.16,2784.71,0.407732,2.54349,2.51461,-0.0288752,60.0
1744878962409783.0,-5971.28,2786.76,0.410612,2.46863,2.34221,-0.126423,60.0
1744878962430454.0,-5971.28,2786.76,0.410612,2.46863,2.41712,-0.051513,60.0
1744878962451267.0,-5971.28,2786.76,0.410612,2.46863,2.57115,0.102519,60.0
1744878962472053.0,-5973.39,2788.12,0.413197,2.41712,2.57337,0.156249,60.0
1744878962492726.0,-5973.39,2788.12,0.413197,2.41712,2.46369,0.0465687,60.0
1744878962513753.0,-5975.93,2790.18,0.416478,2.57337,2.49847,-0.0748927,60.0
1744878962534472.0,-5975.93,2790.18,0.416478,2.57337,2.64097,0.0676031,60.0
1744878962555439.0,-5978.05,2792.23,0.419363,2.49847,2.55927,0.0607996,60.0
1744878962576105.0,-5978.05,2792.23,0.419363,2.49847,2.46189,-0.0365874,60.0
1744878962596746.0,-5978.05,2792.23,0.419363,2.49847,2.55267,0.0541997,60.0
1744878962617407.0,-5980.59,2794.28,0.422647,2.46189,2.60364,0.141759,60.0
1744878962638121.0,-5980.59,2794.28,0.422647,2.46189,2.5521,0.0902126,60.0
1744878962658609.0,-5982.71,2796.33,0.425535,2.60364,2.51892,-0.0847207,60.0
1744878962679397.0,-5982.71,2796.33,0.425535,2.60364,2.45576,-0.147886,60.0
1744878962700133.0,-5982.71,2796.33,0.425535,2.60364,2.57344,-0.0302049,60.0
1744878962721044.0,-5985.25,2797.69,0.428524,2.45576,2.49093,0.035173,60.0
1744878962741959.0,-5985.25,2797.69,0.428524,2.45576,2.45663,0.000872964,60.0
1744878962762754.0,-5987.37,2799.74,0.431414,2.49093,2.45808,-0.03285,60.0
1744878962783689.0,-5987.37,2799.74,0.431414,2.49093,2.53032,0.0393905,60.0
1744878962804339.0,-5987.37,2799.74,0.431414,2.49093,2.45679,-0.0341439,60.0
1744878962824951.0,-5989.91,2801.79,0.434705,2.53032,2.44471,-0.0856092,60.0
1744878962845638.0,-5989.91,2801.79,0.434705,2.53032,2.60186,0.0715349,60.0
1744878962866402.0,-5992.02,2803.84,0.437598,2.44471,2.41276,-0.0319493,60.0
1744878962887092.0,-5992.02,2803.84,0.437598,2.44471,2.42698,-0.0177367,60.0
1744878962907731.0,-5992.02,2803.84,0.437598,2.44471,2.56582,0.121106,60.0
1744878962928489.0,-5994.56,2805.21,0.440592,2.42698,2.43724,0.0102666,60.0
1744878962949483.0,-5994.56,2805.21,0.440592,2.42698,2.41193,-0.0150446,60.0
1744878962970024.0,-5996.68,2807.26,0.443488,2.43724,2.36684,-0.0704054,60.0
1744878962990640.0,-5996.68,2807.26,0.443488,2.43724,2.53559,0.0983425,60.0
1744878963011416.0,-5999.22,2809.31,0.446785,2.36684,2.36851,0.00166859,60.0
1744878963032262.0,-5999.22,2809.31,0.446785,2.36684,2.48947,0.122636,60.0
1744878963052727.0,-5999.22,2809.31,0.446785,2.36684,2.3254,-0.0414345,60.0
1744878963073660.0,-6001.34,2811.36,0.449683,2.48947,2.54106,0.0515849,60.0
1744878963094669.0,-6001.34,2811.36,0.449683,2.48947,2.44836,-0.0411137,60.0
1744878963115264.0,-6003.88,2813.41,0.452983,2.54106,2.54542,0.00435918,60.0
1744878963135951.0,-6003.88,2813.41,0.452983,2.54106,2.44263,-0.0984317,60.0
1744878963156676.0,-6003.88,2813.41,0.452983,2.54106,2.48032,-0.0607421,60.0
1744878963177412.0,-6005.99,2814.78,0.455584,2.44263,2.39944,-0.0431815,60.0
1744878963198288.0,-6005.99,2814.78,0.455584,2.44263,2.3732,-0.0694253,60.0
1744878963218717.0,-6008.53,2816.83,0.458887,2.39944,2.37708,-0.022369,60.0
1744878963239357.0,-6008.53,2816.83,0.458887,2.39944,2.30719,-0.0922559,60.0
1744878963260455.0,-6008.53,2816.83,0.458887,2.39944,2.38865,-0.0107912,60.0
1744878963281081.0,-6010.65,2818.88,0.461791,2.30719,2.33099,0.0238061,60.0
1744878963301715.0,-6010.65,2818.88,0.461791,2.30719,2.42545,0.118258,60.0
1744878963322286.0,-6013.19,2820.93,0.465097,2.33099,2.48817,0.157175,60.0
1744878963343414.0,-6013.19,2820.93,0.465097,2.33099,2.4503,0.119304,60.0
1744878963364031.0,-6013.19,2820.93,0.465097,2.33099,2.33573,0.00473299,60.0
1744878963384611.0,-6015.31,2822.98,0.468004,2.4503,2.46324,0.0129434,60.0
1744878963405448.0,-6015.31,2822.98,0.468004,2.4503,2.33928,-0.111014,60.0
1744878963426120.0,-6017.43,2824.35,0.470611,2.46324,2.35572,-0.107524,60.0
1744878963446706.0,-6017.43,2824.35,0.470611,2.46324,2.46024,-0.003005,60.0
1744878963467445.0,-6019.97,2826.4,0.473921,2.35572,2.4189,0.0631854,60.0
1744878963488062.0,-6019.97,2826.4,0.473921,2.35572,2.38431,0.0285893,60.0
1744878963509028.0,-6019.97,2826.4,0.473921,2.35572,2.43482,0.0790996,60.0
1744878963529837.0,-6022.08,2828.45,0.476833,2.38431,2.43508,0.0507691,60.0
1744878963550564.0,-6022.08,2828.45,0.476833,2.38431,2.43962,0.0553176,60.0
1744878963571524.0,-6024.62,2830.5,0.480146,2.43508,2.28195,-0.153122,60.0
1744878963592304.0,-6024.62,2830.5,0.480146,2.43508,2.49838,0.0632988,60.0
1744878963613233.0,-6024.62,2830.5,0.480146,2.43508,2.43031,-0.00476189,60.0
1744878963633984.0,-6026.74,2832.55,0.48306,2.49838,2.4651,-0.033279,60.0
1744878963654756.0,-6026.74,2832.55,0.48306,2.49838,2.3719,-0.126474,60.0
1744878963675299.0,-6028.86,2834.6,0.485976,2.4651,2.59776,0.132666,60.0
1744878963696325.0,-6028.86,2834.6,0.485976,2.4651,2.49537,0.0302695,60.0
1744878963717075.0,-6028.86,2834.6,0.485976,2.4651,2.5072,0.0421036,60.0
1744878963738796.0,-6031.4,2835.97,0.488991,2.49537,2.61877,0.123401,60.0
1744878963759485.0,-6031.4,2835.97,0.488991,2.49537,2.53289,0.0375268,60.0
1744878963779883.0,-6033.51,2838.02,0.491909,2.61877,2.4604,-0.15837,60.0
1744878963800819.0,-6033.51,2838.02,0.491909,2.61877,2.50523,-0.113536,60.0
1744878963821522.0,-6036.05,2840.07,0.49523,2.4604,2.5122,0.0518036,60.0
1744878963844369.0,-6036.05,2840.07,0.49523,2.4604,2.35639,-0.104002,60.0
1744878963865193.0,-6036.05,2840.07,0.49523,2.4604,2.34561,-0.114785,60.0
1744878963885913.0,-6038.17,2842.12,0.498151,2.35639,2.34301,-0.0133889,60.0
1744878963906646.0,-6038.17,2842.12,0.498151,2.35639,2.47256,0.116162,60.0
1744878963927443.0,-6040.71,2844.17,0.501476,2.34301,2.46563,0.12262,60.0
1744878963948113.0,-6040.71,2844.17,0.501476,2.34301,2.41703,0.0740201,60.0
1744878963968969.0,-6040.71,2844.17,0.501476,2.34301,2.39023,0.0472228,60.0
1744878963989641.0,-6042.83,2845.54,0.504095,2.41703,2.44162,0.0245925,60.0
1744878964010646.0,-6042.83,2845.54,0.504095,2.41703,2.44848,0.0314548,60.0
1744878964031329.0,-6045.37,2847.59,0.507423,2.44162,2.36022,-0.0813989,60.0
1744878964052313.0,-6045.37,2847.59,0.507423,2.44162,2.54041,0.0987925,60.0
1744878964073007.0,-6047.49,2849.64,0.510349,2.36022,2.38127,0.0210515,60.0
1744878964093629.0,-6047.49,2849.64,0.510349,2.36022,2.43386,0.0736401,60.0
1744878964114324.0,-6047.49,2849.64,0.510349,2.36022,2.45498,0.0947595,60.0
1744878964135111.0,-6049.6,2851.69,0.513277,2.43386,2.53714,0.103275,60.0
1744878964155780.0,-6049.6,2851.69,0.513277,2.43386,2.32445,-0.109405,60.0
1744878964176515.0,-6052.14,2853.74,0.516609,2.53713,2.41838,-0.118753,60.0
1744878964197384.0,-6052.14,2853.74,0.516609,2.53713,2.48953,-0.0476066,60.0
1744878964217981.0,-6052.14,2853.74,0.516609,2.53713,2.48272,-0.0544126,60.0
1744878964238684.0,-6054.26,2855.79,0.51954,2.48953,2.54384,0.0543098,60.0
1744878964259493.0,-6054.26,2855.79,0.51954,2.48953,2.50983,0.0203018,60.0
1744878964280193.0,-6056.8,2857.16,0.52257,2.54384,2.4695,-0.074334,60.0
1744878964301122.0,-6056.8,2857.16,0.52257,2.54384,2.47785,-0.0659913,60.0
1744878964321828.0,-6056.8,2857.16,0.52257,2.54384,2.43543,-0.108409,60.0
1744878964344025.0,-6058.92,2859.21,0.525503,2.47785,2.43414,-0.0437022,60.0
1744878964364683.0,-6058.92,2859.21,0.525503,2.47785,2.44035,-0.037499,60.0
1744878964385789.0,-6061.46,2861.26,0.528841,2.43414,2.3365,-0.0976489,60.0
1744878964406405.0,-6061.46,2861.26,0.528841,2.43414,2.48727,0.0531231,60.0
1744878964427220.0,-6063.57,2863.31,0.531777,2.3365,2.40087,0.0643739,60.0
1744878964447950.0,-6063.57,2863.31,0.531777,2.3365,2.28589,-0.0506045,60.0
1744878964468663.0,-6063.57,2863.31,0.531777,2.3365,2.35276,0.0162683,60.0
1744878964489298.0,-6065.69,2865.36,0.534715,2.28589,2.43047,0.144576,60.0
1744878964510364.0,-6065.69,2865.36,0.534715,2.28589,2.30969,0.0237982,60.0
1744878964531268.0,-6068.23,2866.72,0.537751,2.43047,2.48297,0.052498,60.0
1744878964551936.0,-6068.23,2866.72,0.537751,2.43047,2.36911,-0.0613532,60.0
1744878964572557.0,-6068.23,2866.72,0.537751,2.43047,2.4504,0.01993,60.0
1744878964593265.0,-6070.35,2868.77,0.540691,2.36911,2.39667,0.0275507,60.0
1744878964613909.0,-6070.35,2868.77,0.540691,2.36911,2.37351,0.0043914,60.0
1744878964634654.0,-6072.89,2870.82,0.544037,2.39667,2.49678,0.10011,60.0
1744878964655276.0,-6072.89,2870.82,0.544037,2.39667,2.50883,0.112167,60.0
1744878964675996.0,-6072.89,2870.82,0.544037,2.39667,2.45221,0.0555474,60.0
1744878964696882.0,-6075.01,2872.88,0.54698,2.50883,2.43822,-0.0706095,60.0
1744878964717677.0,-6075.01,2872.88,0.54698,2.50883,2.35145,-0.157384,60.0
1744878964738341.0,-6077.12,2874.93,0.549925,2.43822,2.41451,-0.0237132,60.0
1744878964759061.0,-6077.12,2874.93,0.549925,2.43822,2.45517,0.0169479,60.0
1744878964779990.0,-6077.12,2874.93,0.549925,2.43822,2.42303,-0.015194,60.0
1744878964800641.0,-6079.66,2876.98,0.553275,2.45517,2.46416,0.00898577,60.0
1744878964821263.0,-6079.66,2876.98,0.553275,2.45517,2.44161,-0.0135559,60.0
1744878964841894.0,-6081.78,2879.03,0.556223,2.46416,2.41531,-0.0488429,60.0
1744878964862674.0,-6081.78,2879.03,0.556223,2.46416,2.36922,-0.0949403,60.0
1744878964883498.0,-6083.9,2880.39,0.558863,2.41531,2.44018,0.0248639,60.0
1744878964904194.0,-6083.9,2880.39,0.558863,2.41531,2.51202,0.0967019,60.0
1744878964924691.0,-6083.9,2880.39,0.558863,2.41531,2.30971,-0.105601,60.0
1744878964945423.0,-6086.44,2882.44,0.562218,2.51202,2.46346,-0.0485591,60.0
1744878964966301.0,-6086.44,2882.44,0.562218,2.51202,2.43227,-0.0797482,60.0
1744878964987089.0,-6088.55,2884.49,0.56517,2.46346,2.62464,0.16118,60.0
1744878965007788.0,-6088.55,2884.49,0.56517,2.46346,2.396,-0.0674523,60.0
1744878965028806.0,-6088.55,2884.49,0.56517,2.46346,2.34786,-0.115593,60.0
1744878965049623.0,-6091.09,2886.54,0.568528,2.396,2.47049,0.0744835,60.0
1744878965070377.0,-6091.09,2886.54,0.568528,2.396,2.33726,-0.0587487,60.0
1744878965091092.0,-6093.21,2888.59,0.571482,2.47049,2.55406,0.0835746,60.0
1744878965112007.0,-6093.21,2888.59,0.571482,2.47049,2.43831,-0.0321734,60.0
1744878965132578.0,-6093.21,2888.59,0.571482,2.47049,2.43482,-0.0356658,60.0
1744878965153327.0,-6095.75,2890.65,0.574843,2.43831,2.43442,-0.00388972,60.0
1744878965174292.0,-6095.75,2890.65,0.574843,2.43831,2.54733,0.109015,60.0
1744878965194851.0,-6097.87,2892.01,0.577491,2.43442,2.38041,-0.0540194,60.0
1744878965215692.0,-6097.87,2892.01,0.577491,2.43442,2.32862,-0.105809,60.0
1744878965236417.0,-6097.87,2892.01,0.577491,2.43442,2.36188,-0.0725424,60.0
1744878965257169.0,-6099.98,2894.06,0.580449,2.32862,2.3924,0.0637868,60.0
1744878965277739.0,-6099.98,2894.06,0.580449,2.32862,2.32635,-0.00226623,60.0
1744878965298105.0,-6102.52,2896.11,0.583815,2.3924,2.44808,0.0556752,60.0
1744878965319144.0,-6102.52,2896.11,0.583815,2.3924,2.50078,0.108376,60.0
1744878965339818.0,-6104.64,2898.16,0.586776,2.44808,2.47188,0.0237999,60.0
1744878965360586.0,-6104.64,2898.16,0.586776,2.44808,2.43318,-0.0148961,60.0
1744878965381300.0,-6104.64,2898.16,0.586776,2.44808,2.38571,-0.0623694,60.0
1744878965402058.0,-6106.76,2900.21,0.589739,2.43318,2.58902,0.155834,60.0
1744878965422745.0,-6106.76,2900.21,0.589739,2.43318,2.47031,0.0371281,60.0
1744878965443624.0,-6109.3,2902.26,0.593109,2.58902,2.62597,0.0369583,60.0
1744878965464286.0,-6109.3,2902.26,0.593109,2.58902,2.4423,-0.146718,60.0
1744878965484998.0,-6109.3,2902.26,0.593109,2.58902,2.57076,-0.0182559,60.0
1744878965505540.0,-6111.42,2903.63,0.595764,2.4423,2.43941,-0.00288829,60.0
1744878965526570.0,-6111.42,2903.63,0.595764,2.4423,2.33499,-0.107312,60.0
1744878965547447.0,-6113.96,2905.68,0.599137,2.43941,2.59088,0.151474,60.0
1744878965568220.0,-6113.96,2905.68,0.599137,2.43941,2.43483,-0.00457481,60.0
1744878965588902.0,-6113.96,2905.68,0.599137,2.43941,2.57146,0.132054,60.0
1744878965609575.0,-6116.07,2907.73,0.602105,2.43483,2.47342,0.0385875,60.0
1744878965630240.0,-6116.07,2907.73,0.602105,2.43483,2.45309,0.0182561,60.0
1744878965650905.0,-6118.61,2909.78,0.605482,2.47342,2.46019,-0.0132308,60.0
1744878965671891.0,-6118.61,2909.78,0.605482,2.47342,2.35696,-0.116464,60.0
1744878965693031.0,-6118.61,2909.78,0.605482,2.47342,2.34156,-0.131863,60.0
1744878965713603.0,-6120.73,2911.83,0.608453,2.35696,2.38375,0.0267923,60.0
1744878965734244.0,-6120.73,2911.83,0.608453,2.35696,2.46662,0.109658,60.0
1744878965755196.0,-6122.85,2913.88,0.611425,2.38375,2.44252,0.0587645,60.0
1744878965775969.0,-6122.85,2913.88,0.611425,2.38375,2.4721,0.0883533,60.0
1744878965796842.0,-6125.39,2915.93,0.614806,2.44252,2.46847,0.0259504,60.0
1744878965817672.0,-6125.39,2915.93,0.614806,2.44252,2.53071,0.0881938,60.0
1744878965838519.0,-6125.39,2915.93,0.614806,2.44252,2.33788,-0.104637,60.0
1744878965859383.0,-6127.5,2917.3,0.617469,2.53071,2.64806,0.117349,60.0
1744878965880039.0,-6127.5,2917.3,0.617469,2.53071,2.53765,0.00693727,60.0
1744878965900947.0,-6130.04,2919.35,0.620854,2.64806,2.61283,-0.035226,60.0
1744878965921525.0,-6130.04,2919.35,0.620854,2.64806,2.59587,-0.0521903,60.0
1744878965942480.0,-6130.04,2919.35,0.620854,2.64806,2.59695,-0.0511083,60.0
1744878965963251.0,-6132.16,2921.4,0.623831,2.59587,2.53925,-0.0566138,60.0
1744878965983675.0,-6132.16,2921.4,0.623831,2.59587,2.45752,-0.138352,60.0
1744878966004358.0,-6134.7,2923.45,0.627219,2.53925,2.48303,-0.0562257,60.0
1744878966025219.0,-6134.7,2923.45,0.627219,2.53925,2.41505,-0.124207,60.0
1744878966046138.0,-6134.7,2923.45,0.627219,2.53925,2.51088,-0.0283739,60.0
1744878966066855.0,-6136.82,2924.82,0.629887,2.41505,2.49698,0.0819336,60.0
1744878966087645.0,-6136.82,2924.82,0.629887,2.41505,2.39688,-0.0181724,60.0
1744878966108419.0,-6139.36,2926.87,0.633277,2.49698,2.35394,-0.143036,60.0
1744878966128887.0,-6139.36,2926.87,0.633277,2.49698,2.54474,0.0477543,60.0
1744878966149565.0,-6141.47,2928.92,0.63626,2.35394,2.29936,-0.0545885,60.0
1744878966170372.0,-6141.47,2928.92,0.63626,2.35394,2.2602,-0.0937452,60.0
1744878966191143.0,-6141.47,2928.92,0.63626,2.35394,2.34692,-0.00702693,60.0
1744878966211818.0,-6144.02,2930.97,0.639654,2.2602,2.41776,0.15756,60.0
1744878966232420.0,-6144.02,2930.97,0.639654,2.2602,2.36483,0.104628,60.0
1744878966253012.0,-6146.13,2933.02,0.64264,2.41776,2.54381,0.126055,60.0
1744878966273836.0,-6146.13,2933.02,0.64264,2.41776,2.50632,0.0885623,60.0
1744878966294505.0,-6146.13,2933.02,0.64264,2.41776,2.47033,0.0525725,60.0
1744878966315264.0,-6148.25,2934.39,0.645314,2.50632,2.43357,-0.0727519,60.0
1744878966336254.0,-6148.25,2934.39,0.645314,2.50632,2.56143,0.055107,60.0
1744878966356729.0,-6150.79,2936.44,0.648712,2.43357,2.5454,0.111829,60.0
1744878966377224.0,-6150.79,2936.44,0.648712,2.43357,2.51079,0.0772176,60.0
1744878966397880.0,-6150.79,2936.44,0.648712,2.43357,2.48096,0.0473896,60.0
1744878966418566.0,-6152.91,2938.49,0.651702,2.51079,2.54998,0.0391925,60.0
1744878966439608.0,-6152.91,2938.49,0.651702,2.51079,2.58978,0.0789885,60.0
1744878966460306.0,-6155.45,2940.54,0.655103,2.54998,2.56379,0.0138117,60.0
1744878966481024.0,-6155.45,2940.54,0.655103,2.54998,2.55405,0.00406543,60.0
1744878966501656.0,-6155.45,2940.54,0.655103,2.54998,2.42977,-0.120212,60.0
1744878966522583.0,-6157.56,2942.59,0.658096,2.55405,2.44427,-0.109779,60.0
1744878966543477.0,-6157.56,2942.59,0.658096,2.55405,2.46939,-0.0846505,60.0
1744878966564180.0,-6160.1,2943.96,0.661186,2.44427,2.48525,0.0409823,60.0
1744878966584996.0,-6160.1,2943.96,0.661186,2.44427,2.52878,0.0845175,60.0
1744878966605737.0,-6162.22,2946.01,0.664181,2.48525,2.45129,-0.0339563,60.0
1744878966626463.0,-6162.22,2946.01,0.664181,2.48525,2.54231,0.057059,60.0
1744878966647086.0,-6162.22,2946.01,0.664181,2.48525,2.51031,0.0250589,60.0
1744878966667381.0,-6164.76,2948.06,0.667588,2.54231,2.6913,0.148988,60.0
1744878966688372.0,-6164.76,2948.06,0.667588,2.54231,2.51144,-0.0308709,60.0
1744878966708868.0,-6166.88,2950.11,0.670587,2.6913,2.57472,-0.116576,60.0
1744878966729781.0,-6166.88,2950.11,0.670587,2.6913,2.54036,-0.150934,60.0
1744878966750434.0,-6166.88,2950.11,0.670587,2.6913,2.56714,-0.124155,60.0
1744878966771214.0,-6169.42,2951.48,0.673682,2.54036,2.41767,-0.122692,60.0
1744878966791996.0,-6169.42,2951.48,0.673682,2.54036,2.44267,-0.097689,60.0
1744878966812505.0,-6171.53,2953.53,0.676683,2.41767,2.49557,0.0779038,60.0
1744878966833281.0,-6171.53,2953.53,0.676683,2.41767,2.49567,0.0780025,60.0
1744878966854102.0,-6171.53,2953.53,0.676683,2.41767,2.52927,0.111605,60.0
1744878966874798.0,-6174.07,2955.58,0.680096,2.49567,2.39371,-0.101964,60.0
1744878966895546.0,-6174.07,2955.58,0.680096,2.49567,2.59276,0.097087,60.0
1744878966916327.0,-6176.62,2957.63,0.683512,2.39371,2.44847,0.0547576,60.0
1744878966936910.0,-6176.62,2957.63,0.683512,2.39371,2.42574,0.032031,60.0
1744878966957412.0,-6176.62,2957.63,0.683512,2.39371,2.42371,0.0300042,60.0
1744878966978094.0,-6178.73,2958.99,0.686201,2.42574,2.26277,-0.16297,60.0
1744878966998799.0,-6178.73,2958.99,0.686201,2.42574,2.47527,0.0495302,60.0
1744878967019829.0,-6181.27,2961.04,0.689619,2.26277,2.30996,0.0471914,60.0
1744878967040482.0,-6181.27,2961.04,0.689619,2.26277,2.21339,-0.0493767,60.0
1744878967061333.0,-6183.39,2963.1,0.692627,2.30996,2.37743,0.0674672,60.0
1744878967082071.0,-6183.39,2963.1,0.692627,2.30996,2.39394,0.0839808,60.0
1744878967103154.0,-6183.39,2963.1,0.692627,2.30996,2.46231,0.15235,60.0
1744878967123665.0,-6185.93,2965.15,0.696048,2.39394,2.37259,-0.0213482,60.0
1744878967144411.0,-6185.93,2965.15,0.696048,2.39394,2.33192,-0.0620245,60.0
1744878967165098.0,-6188.05,2966.51,0.698742,2.37259,2.42609,0.0534978,60.0
1744878967185768.0,-6188.05,2966.51,0.698742,2.37259,2.42414,0.0515501,60.0
1744878967206339.0,-6188.05,2966.51,0.698742,2.37259,2.39665,0.0240607,60.0
1744878967227233.0,-6190.16,2968.56,0.701754,2.42414,2.39885,-0.0252904,60.0
1744878967247927.0,-6190.16,2968.56,0.701754,2.42414,2.53629,0.112146,60.0
1744878967268678.0,-6192.7,2970.61,0.70518,2.39885,2.42936,0.0305061,60.0
1744878967289161.0,-6192.7,2970.61,0.70518,2.39885,2.38299,-0.0158655,60.0
1744878967310141.0,-6192.7,2970.61,0.70518,2.39885,2.34585,-0.0530044,60.0
1744878967330826.0,-6194.82,2972.66,0.708195,2.38299,2.52042,0.13743,60.0
1744878967351717.0,-6194.82,2972.66,0.708195,2.38299,2.51609,0.133108,60.0
1744878967372295.0,-6197.36,2974.71,0.711624,2.52042,2.49087,-0.0295518,60.0
1744878967393120.0,-6197.36,2974.71,0.711624,2.52042,2.44497,-0.0754431,60.0
1744878967413910.0,-6197.36,2974.71,0.711624,2.52042,2.55336,0.032939,60.0
1744878967434580.0,-6199.48,2976.08,0.714324,2.44497,2.3809,-0.0640786,60.0
1744878967455343.0,-6199.48,2976.08,0.714324,2.44497,2.48086,0.0358903,60.0
1744878967476086.0,-6202.02,2978.13,0.717755,2.3809,2.4882,0.107308,60.0
1744878967497011.0,-6202.02,2978.13,0.717755,2.3809,2.37893,-0.00196884,60.0
1744878967517957.0,-6204.13,2980.18,0.720776,2.4882,2.40751,-0.0806895,60.0
1744878967538758.0,-6204.13,2980.18,0.720776,2.4882,2.64297,0.154762,60.0
1744878967559481.0,-6204.13,2980.18,0.720776,2.4882,2.46603,-0.0221709,60.0
1744878967580200.0,-6206.25,2982.23,0.723798,2.64297,2.5496,-0.0933628,60.0
1744878967600842.0,-6206.25,2982.23,0.723798,2.64297,2.60611,-0.03686,60.0
1744878967621745.0,-6208.79,2984.28,0.727234,2.5496,2.38872,-0.160882,60.0
1744878967642401.0,-6208.79,2984.28,0.727234,2.5496,2.62841,0.0788037,60.0
1744878967663573.0,-6208.79,2984.28,0.727234,2.5496,2.44348,-0.10612,60.0
1744878967684032.0,-6210.91,2986.33,0.730259,2.62841,2.47982,-0.148582,60.0
1744878967704602.0,-6210.91,2986.33,0.730259,2.62841,2.51653,-0.111876,60.0
1744878967725342.0,-6213.45,2987.7,0.733379,2.47982,2.40674,-0.0730824,60.0
1744878967745994.0,-6213.45,2987.7,0.733379,2.47982,2.3715,-0.108324,60.0
1744878967767073.0,-6213.45,2987.7,0.733379,2.47982,2.4922,0.0123796,60.0
1744878967787582.0,-6215.57,2989.75,0.736407,2.3715,2.46996,0.0984611,60.0
1744878967808335.0,-6215.57,2989.75,0.736407,2.3715,2.38248,0.0109791,60.0
1744878967828974.0,-6218.11,2991.8,0.739849,2.46996,2.53088,0.0609219,60.0
1744878967849660.0,-6218.11,2991.8,0.739849,2.46996,2.61455,0.144593,60.0
1744878967870508.0,-6218.11,2991.8,0.739849,2.46996,2.33119,-0.13877,60.0
1744878967891541.0,-6220.65,2993.85,0.743294,2.61455,2.45075,-0.163803,60.0
1744878967912153.0,-6220.65,2993.85,0.743294,2.61455,2.49521,-0.119348,60.0
1744878967932963.0,-6222.76,2995.22,0.746005,2.45075,2.30985,-0.140904,60.0
1744878967953805.0,-6222.76,2995.22,0.746005,2.45075,2.38078,-0.0699741,60.0
1744878967974393.0,-6225.3,2997.27,0.749453,2.30985,2.42658,0.116732,60.0
1744878967995117.0,-6225.3,2997.27,0.749453,2.30985,2.27509,-0.0347564,60.0
1744878968015635.0,-6225.3,2997.27,0.749453,2.30985,2.37751,0.0676685,60.0
1744878968036493.0,-6227.42,2999.32,0.752487,2.27509,2.37025,0.0951557,60.0
1744878968057210.0,-6227.42,2999.32,0.752487,2.27509,2.41554,0.14045,60.0
1744878968077947.0,-6229.54,3001.37,0.755523,2.37025,2.4079,0.037654,60.0
1744878968098728.0,-6229.54,3001.37,0.755523,2.37025,2.50437,0.134123,60.0
1744878968119554.0,-6229.54,3001.37,0.755523,2.37025,2.50214,0.131896,60.0
1744878968140242.0,-6232.08,3002.74,0.758654,2.50437,2.58324,0.0788718,60.0
1744878968161067.0,-6232.08,3002.74,0.758654,2.50437,2.5895,0.0851353,60.0
1744878968181934.0,-6234.19,3004.79,0.761692,2.58324,2.49872,-0.0845225,60.0
1744878968202586.0,-6234.19,3004.79,0.761692,2.58324,2.50617,-0.0770742,60.0
1744878968223239.0,-6234.19,3004.79,0.761692,2.58324,2.47349,-0.109746,60.0
1744878968244051.0,-6236.73,3006.84,0.765147,2.50617,2.42279,-0.0833752,60.0
1744878968264925.0,-6236.73,3006.84,0.765147,2.50617,2.44742,-0.0587462,60.0
1744878968285421.0,-6238.85,3008.89,0.768188,2.42279,2.4629,0.0401045,60.0
1744878968306500.0,-6238.85,3008.89,0.768188,2.42279,2.37515,-0.0476416,60.0
1744878968327421.0,-6241.39,3010.94,0.771647,2.4629,2.57182,0.108925,60.0
1744878968348210.0,-6241.39,3010.94,0.771647,2.4629,2.55933,0.0964326,60.0
1744878968368552.0,-6241.39,3010.94,0.771647,2.4629,2.30249,-0.160402,60.0
1744878968389522.0,-6243.51,3012.31,0.774369,2.55933,2.60368,0.0443505,60.0
1744878968409953.0,-6243.51,3012.31,0.774369,2.55933,2.41837,-0.140956,60.0
1744878968430660.0,-6246.05,3014.36,0.77783,2.60368,2.4996,-0.104074,60.0
1744878968451504.0,-6246.05,3014.36,0.77783,2.60368,2.47198,-0.131702,60.0
1744878968472492.0,-6246.05,3014.36,0.77783,2.60368,2.45582,-0.147856,60.0
1744878968493190.0,-6248.17,3016.41,0.780876,2.47198,2.47735,0.00536961,60.0
1744878968515563.0,-6248.17,3016.41,0.780876,2.47198,2.48909,0.0171121,60.0
1744878968536521.0,-6250.71,3017.78,0.784018,2.47735,2.39076,-0.0865835,60.0
1744878968557026.0,-6250.71,3017.78,0.784018,2.47735,2.53844,0.0610959,60.0
1744878968577705.0,-6250.71,3017.78,0.784018,2.47735,2.51014,0.0327954,60.0
1744878968598490.0,-6253.25,3019.83,0.787484,2.53844,2.42034,-0.118098,60.0
1744878968619037.0,-6253.25,3019.83,0.787484,2.53844,2.3905,-0.147938,60.0
1744878968639625.0,-6255.36,3021.88,0.790535,2.42034,2.48342,0.0630793,60.0
1744878968660304.0,-6255.36,3021.88,0.790535,2.42034,2.48006,0.0597178,60.0
1744878968681221.0,-6257.9,3023.93,0.794004,2.48342,2.35037,-0.133056,60.0
1744878968701955.0,-6257.9,3023.93,0.794004,2.48342,2.50002,0.0166012,60.0
1744878968722679.0,-6257.9,3023.93,0.794004,2.48342,2.46945,-0.0139707,60.0
1744878968743461.0,-6260.02,3025.29,0.796734,2.50002,2.51335,0.0133241,60.0
1744878968764210.0,-6260.02,3025.29,0.796734,2.50002,2.546,0.0459752,60.0
1744878968784927.0,-6262.56,3027.34,0.800206,2.51335,2.56197,0.0486224,60.0
1744878968805748.0,-6262.56,3027.34,0.800206,2.51335,2.45632,-0.0570306,60.0
1744878968826524.0,-6262.56,3027.34,0.800206,2.51335,2.48457,-0.0287825,60.0
1744878968847218.0,-6264.68,3029.4,0.803262,2.45632,2.41175,-0.0445717,60.0
1744878968868087.0,-6264.68,3029.4,0.803262,2.45632,2.31113,-0.145193,60.0
1744878968888833.0,-6267.22,3031.45,0.806738,2.41175,2.37986,-0.0318856,60.0
1744878968909263.0,-6267.22,3031.45,0.806738,2.41175,2.48237,0.0706233,60.0
1744878968929888.0,-6267.22,3031.45,0.806738,2.41175,2.51475,0.103,60.0
1744878968950746.0,-6269.76,3032.81,0.80989,2.48237,2.50436,0.0219881,60.0
1744878968971691.0,-6269.76,3032.81,0.80989,2.48237,2.39135,-0.091017,60.0
1744878968992756.0,-6271.87,3034.86,0.812951,2.50436,2.53184,0.0274814,60.0
1744878969013500.0,-6271.87,3034.86,0.812951,2.50436,2.40357,-0.100789,60.0
1744878969034335.0,-6271.87,3034.86,0.812951,2.50436,2.42906,-0.075296,60.0
1744878969055167.0,-6274.41,3036.91,0.81643,2.40357,2.33911,-0.0644619,60.0
1744878969076281.0,-6274.41,3036.91,0.81643,2.40357,2.33005,-0.0735238,60.0
1744878969096906.0,-6276.53,3038.28,0.819169,2.33911,2.23104,-0.108069,60.0
1744878969117482.0,-6276.53,3038.28,0.819169,2.33911,2.40303,0.063922,60.0
1744878969138264.0,-6279.07,3040.33,0.822652,2.23104,2.38033,0.149292,60.0
1744878969159002.0,-6279.07,3040.33,0.822652,2.23104,2.31328,0.082246,60.0
1744878969179737.0,-6279.07,3040.33,0.822652,2.23104,2.3468,0.115763,60.0
1744878969200693.0,-6281.19,3042.38,0.825718,2.31328,2.33545,0.0221607,60.0
1744878969221576.0,-6281.19,3042.38,0.825718,2.31328,2.3881,0.0748128,60.0
1744878969241914.0,-6283.73,3044.43,0.829203,2.33545,2.4595,0.124057,60.0
1744878969262628.0,-6283.73,3044.43,0.829203,2.33545,2.47074,0.135295,60.0
1744878969283296.0,-6283.73,3044.43,0.829203,2.33545,2.29262,-0.042829,60.0
1744878969304024.0,-6285.85,3046.48,0.832272,2.47074,2.4707,-4.10822e-05,60.0
1744878969324752.0,-6285.85,3046.48,0.832272,2.47074,2.36204,-0.108702,60.0
1744878969345268.0,-6287.96,3047.85,0.835017,2.4707,2.49894,0.0282411,60.0
1744878969366013.0,-6287.96,3047.85,0.835017,2.4707,2.52697,0.0562744,60.0
1744878969386501.0,-6287.96,3047.85,0.835017,2.4707,2.38756,-0.0831374,60.0
1744878969407224.0,-6290.5,3049.9,0.838507,2.52697,2.41896,-0.108017,60.0
1744878969427782.0,-6290.5,3049.9,0.838507,2.52697,2.5393,0.0123261,60.0
1744878969448356.0,-6292.62,3051.95,0.84158,2.41896,2.30941,-0.109542,60.0
1744878969469005.0,-6292.62,3051.95,0.84158,2.41896,2.51355,0.0945932,60.0
1744878969489619.0,-6292.62,3051.95,0.84158,2.41896,2.42837,0.00941057,60.0
1744878969510309.0,-6295.16,3054.0,0.845074,2.51355,2.46028,-0.0532676,60.0
1744878969531694.0,-6295.16,3054.0,0.845074,2.51355,2.42945,-0.0841017,60.0
1744878969552224.0,-6297.28,3056.05,0.848149,2.46028,2.43268,-0.0276011,60.0
1744878969572762.0,-6297.28,3056.05,0.848149,2.46028,2.61676,0.156475,60.0
1744878969593419.0,-6299.82,3057.42,0.851319,2.43268,2.4734,0.0407149,60.0
1744878969614092.0,-6299.82,3057.42,0.851319,2.43268,2.46237,0.0296923,60.0
1744878969634692.0,-6299.82,3057.42,0.851319,2.43268,2.37872,-0.0539557,60.0
1744878969655559.0,-6301.93,3059.47,0.854398,2.46237,2.32253,-0.139843,60.0
1744878969676300.0,-6301.93,3059.47,0.854398,2.46237,2.51373,0.0513578,60.0
1744878969696890.0,-6304.47,3061.52,0.857897,2.32253,2.42482,0.102291,60.0
1744878969717460.0,-6304.47,3061.52,0.857897,2.32253,2.25226,-0.0702697,60.0
1744878969737944.0,-6304.47,3061.52,0.857897,2.32253,2.37743,0.0548986,60.0
1744878969758793.0,-6306.59,3063.57,0.860979,2.25226,2.25422,0.00195888,60.0
1744878969779518.0,-6306.59,3063.57,0.860979,2.25226,2.35789,0.105628,60.0
1744878969799867.0,-6308.71,3065.62,0.864061,2.25422,2.37997,0.125754,60.0
1744878969820541.0,-6308.71,3065.62,0.864061,2.25422,2.32174,0.0675236,60.0
1744878969841702.0,-6308.71,3065.62,0.864061,2.25422,2.39725,0.143033,60.0
1744878969862364.0,-6311.25,3067.67,0.867566,2.32174,2.39862,0.0768735,60.0
1744878969883020.0,-6311.25,3067.67,0.867566,2.32174,2.44222,0.120481,60.0
1744878969903837.0,-6313.36,3069.72,0.870651,2.39862,2.50751,0.108896,60.0
1744878969924627.0,-6313.36,3069.72,0.870651,2.39862,2.46198,0.0633594,60.0
1744878969945273.0,-6313.36,3069.72,0.870651,2.39862,2.31562,-0.0829949,60.0
1744878969966106.0,-6315.48,3071.09,0.87341,2.46198,2.45454,-0.00743645,60.0
1744878969986700.0,-6315.48,3071.09,0.87341,2.46198,2.48432,0.0223448,60.0
1744878970007383.0,-6318.02,3073.14,0.876918,2.45454,2.43851,-0.0160291,60.0
1744878970028595.0,-6318.02,3073.14,0.876918,2.45454,2.47246,0.0179238,60.0
1744878970049091.0,-6320.14,3075.19,0.880008,2.43851,2.35526,-0.0832472,60.0
1744878970069837.0,-6320.14,3075.19,0.880008,2.43851,2.40343,-0.03508,60.0
1744878970090722.0,-6320.14,3075.19,0.880008,2.43851,2.4563,0.0177913,60.0
1744878970111108.0,-6322.26,3077.24,0.883099,2.40343,2.48587,0.0824432,60.0
1744878970132134.0,-6322.26,3077.24,0.883099,2.40343,2.52312,0.119691,60.0
1744878970152458.0,-6324.8,3079.29,0.886612,2.48587,2.4635,-0.0223715,60.0
1744878970173411.0,-6324.8,3079.29,0.886612,2.48587,2.41263,-0.0732432,60.0
1744878970194135.0,-6324.8,3079.29,0.886612,2.48587,2.40701,-0.0788603,60.0
1744878970214576.0,-6326.91,3081.34,0.889706,2.41263,2.54771,0.135076,60.0
1744878970235255.0,-6326.91,3081.34,0.889706,2.41263,2.41012,-0.00251464,60.0
1744878970256031.0,-6329.45,3083.39,0.893223,2.54771,2.65056,0.102853,60.0
1744878970276637.0,-6329.45,3083.39,0.893223,2.54771,2.45915,-0.0885528,60.0
1744878970297320.0,-6329.45,3083.39,0.893223,2.54771,2.56603,0.0183189,60.0
1744878970317973.0,-6331.57,3085.44,0.896319,2.45915,2.49873,0.0395802,60.0
1744878970338747.0,-6331.57,3085.44,0.896319,2.45915,2.43928,-0.0198713,60.0
1744878970359450.0,-6333.69,3086.81,0.899087,2.49873,2.57103,0.0723007,60.0
1744878970380132.0,-6333.69,3086.81,0.899087,2.49873,2.35563,-0.143101,60.0
1744878970400917.0,-6333.69,3086.81,0.899087,2.49873,2.47971,-0.0190278,60.0
1744878970421617.0,-6336.23,3088.86,0.902608,2.35563,2.47888,0.123248,60.0
1744878970442366.0,-6336.23,3088.86,0.902608,2.35563,2.27718,-0.0784547,60.0
1744878970463028.0,-6338.34,3090.91,0.905709,2.47888,2.55474,0.0758629,60.0
1744878970483723.0,-6338.34,3090.91,0.905709,2.47888,2.57218,0.093302,60.0
1744878970504381.0,-6340.46,3092.96,0.908811,2.55474,2.51981,-0.0349375,60.0
1744878970524972.0,-6340.46,3092.96,0.908811,2.55474,2.583,0.0282579,60.0
1744878970545964.0,-6340.46,3092.96,0.908811,2.55474,2.45415,-0.10059,60.0
1744878970566619.0,-6343.0,3095.01,0.912337,2.583,2.47049,-0.112513,60.0
1744878970587307.0,-6343.0,3095.01,0.912337,2.583,2.60735,0.0243465,60.0
1744878970607800.0,-6345.12,3097.06,0.915442,2.47049,2.35298,-0.117511,60.0
1744878970628710.0,-6345.12,3097.06,0.915442,2.47049,2.54932,0.0788319,60.0
1744878970649239.0,-6345.12,3097.06,0.915442,2.47049,2.56437,0.0938805,60.0
1744878970670072.0,-6347.66,3098.43,0.918639,2.54932,2.61999,0.0706698,60.0
1744878970690640.0,-6347.66,3098.43,0.918639,2.54932,2.44526,-0.104061,60.0
1744878970711463.0,-6349.77,3100.48,0.921747,2.61999,2.49223,-0.127759,60.0
1744878970732185.0,-6349.77,3100.48,0.921747,2.61999,2.46412,-0.155868,60.0
1744878970752654.0,-6349.77,3100.48,0.921747,2.61999,2.51288,-0.107108,60.0
1744878970773309.0,-6352.31,3102.53,0.925279,2.46412,2.49499,0.0308713,60.0
1744878970794212.0,-6352.31,3102.53,0.925279,2.46412,2.52555,0.0614274,60.0
1744878970814665.0,-6354.43,3104.58,0.928389,2.49499,2.41506,-0.0799311,60.0
1744878970835463.0,-6354.43,3104.58,0.928389,2.49499,2.49273,-0.00226066,60.0
1744878970856202.0,-6356.97,3105.95,0.931592,2.41506,2.51741,0.102345,60.0
1744878970877140.0,-6356.97,3105.95,0.931592,2.41506,2.36903,-0.0460384,60.0
1744878970897872.0,-6356.97,3105.95,0.931592,2.41506,2.29267,-0.122393,60.0
1744878970918474.0,-6359.09,3108.0,0.934705,2.36903,2.42558,0.0565527,60.0
1744878970939405.0,-6359.09,3108.0,0.934705,2.36903,2.29548,-0.0735494,60.0
1744878970960080.0,-6361.63,3110.05,0.938243,2.42558,2.51591,0.0903276,60.0
1744878970980537.0,-6361.63,3110.05,0.938243,2.42558,2.33488,-0.0906996,60.0
1744878971001460.0,-6361.63,3110.05,0.938243,2.42558,2.44341,0.0178348,60.0
1744878971022100.0,-6363.75,3112.1,0.941359,2.33488,2.35568,0.0208008,60.0
1744878971042872.0,-6363.75,3112.1,0.941359,2.33488,2.36888,0.0340061,60.0
1744878971063529.0,-6366.29,3113.47,0.944568,2.35568,2.32005,-0.0356258,60.0
1744878971084072.0,-6366.29,3113.47,0.944568,2.35568,2.37772,0.022039,60.0
1744878971104977.0,-6366.29,3113.47,0.944568,2.35568,2.37347,0.0177894,60.0
1744878971125745.0,-6368.4,3115.52,0.947686,2.37772,2.51459,0.136872,60.0
1744878971146246.0,-6368.4,3115.52,0.947686,2.37772,2.24087,-0.136849,60.0
1744878971166916.0,-6370.94,3117.57,0.95123,2.51459,2.35384,-0.160754,60.0
1744878971187867.0,-6370.94,3117.57,0.95123,2.51459,2.57422,0.0596325,60.0
1744878971208256.0,-6370.94,3117.57,0.95123,2.51459,2.37344,-0.141154,60.0
1744878971228953.0,-6373.06,3119.62,0.954352,2.57422,2.44439,-0.129829,60.0
1744878971249898.0,-6373.06,3119.62,0.954352,2.57422,2.6025,0.0282759,60.0
1744878971270642.0,-6375.6,3121.67,0.957899,2.44439,2.58387,0.139472,60.0
1744878971291092.0,-6375.6,3121.67,0.957899,2.44439,2.41108,-0.0333173,60.0
1744878971312121.0,-6377.72,3123.72,0.961023,2.41108,2.36094,-0.0501404,60.0
1744878971334379.0,-6377.72,3123.72,0.961023,2.41108,2.4253,0.0142188,60.0
1744878971355138.0,-6377.72,3123.72,0.961023,2.41108,2.54771,0.136633,60.0
1744878971375943.0,-6379.83,3125.09,0.963815,2.4253,2.46774,0.0424405,60.0
1744878971397163.0,-6379.83,3125.09,0.963815,2.4253,2.30385,-0.121449,60.0
1744878971417499.0,-6382.37,3127.14,0.967367,2.46774,2.46523,-0.00250382,60.0
1744878971438180.0,-6382.37,3127.14,0.967367,2.46774,2.46421,-0.00352647,60.0
1744878971458737.0,-6382.37,3127.14,0.967367,2.46774,2.56458,0.0968467,60.0
1744878971479351.0,-6384.49,3129.19,0.970495,2.46421,2.36446,-0.099745,60.0
1744878971500116.0,-6384.49,3129.19,0.970495,2.46421,2.55237,0.0881631,60.0
1744878971520873.0,-6387.03,3131.24,0.97405,2.36446,2.41928,0.0548167,60.0
1744878971541702.0,-6387.03,3131.24,0.97405,2.36446,2.50902,0.144552,60.0
1744878971562456.0,-6387.03,3131.24,0.97405,2.36446,2.45739,0.0929303,60.0
1744878971583142.0,-6389.15,3133.29,0.977181,2.50902,2.56357,0.0545545,60.0
1744878971603760.0,-6389.15,3133.29,0.977181,2.50902,2.5958,0.0867807,60.0
1744878971624431.0,-6391.69,3134.66,0.980404,2.56357,2.55082,-0.0127467,60.0
1744878971645188.0,-6391.69,3134.66,0.980404,2.56357,2.54885,-0.0147221,60.0
1744878971665908.0,-6391.69,3134.66,0.980404,2.56357,2.50159,-0.0619802,60.0
1744878971686515.0,-6393.8,3136.71,0.983538,2.54885,2.3932,-0.155649,60.0
1744878971707563.0,-6393.8,3136.71,0.983538,2.54885,2.40968,-0.13917,60.0
1744878971727964.0,-6396.34,3138.76,0.987099,2.3932,2.39869,0.00549411,60.0
1744878971748894.0,-6396.34,3138.76,0.987099,2.3932,2.44479,0.0515917,60.0
1744878971769442.0,-6398.46,3140.81,0.990236,2.39869,2.42919,0.0304986,60.0
1744878971790042.0,-6398.46,3140.81,0.990236,2.39869,2.45796,0.059264,60.0
1744878971810554.0,-6398.46,3140.81,0.990236,2.39869,2.41697,0.0182783,60.0
1744878971831327.0,-6401.0,3142.18,0.993464,2.45796,2.50771,0.0497502,60.0
1744878971851991.0,-6401.0,3142.18,0.993464,2.45796,2.59429,0.136329,60.0
1744878971872743.0,-6403.12,3144.23,0.996603,2.50771,2.52032,0.0126118,60.0
1744878971893410.0,-6403.12,3144.23,0.996603,2.50771,2.46385,-0.0438564,60.0
1744878971916025.0,-6403.12,3144.23,0.996603,2.50771,2.60329,0.0955778,60.0
1744878971936700.0,-6405.66,3146.28,1.00017,2.46385,2.31708,-0.146776,60.0
1744878971957463.0,-6405.66,3146.28,1.00017,2.46385,2.37145,-0.092403,60.0
1744878971978130.0,-6407.78,3148.33,1.00331,2.31708,2.47474,0.157661,60.0
1744878971998769.0,-6407.78,3148.33,1.00331,2.31708,2.37345,0.0563713,60.0
1744878972019580.0,-6407.78,3148.33,1.00331,2.31708,2.21197,-0.105104,60.0
1744878972040597.0,-6410.32,3150.38,1.00688,2.37345,2.48214,0.108697,60.0
1744878972061437.0,-6410.32,3150.38,1.00688,2.37345,2.43872,0.0652714,60.0
1744878972082253.0,-6412.43,3151.75,1.00969,2.48214,2.40502,-0.0771254,60.0
1744878972103038.0,-6412.43,3151.75,1.00969,2.48214,2.61278,0.130641,60.0
1744878972123833.0,-6414.55,3153.8,1.01284,2.40502,2.52436,0.11934,60.0
1744878972144412.0,-6414.55,3153.8,1.01284,2.40502,2.3724,-0.032616,60.0
1744878972165125.0,-6414.55,3153.8,1.01284,2.40502,2.55898,0.153963,60.0
1744878972185818.0,-6417.09,3155.85,1.01641,2.3724,2.38025,0.00784906,60.0
1744878972206550.0,-6417.09,3155.85,1.01641,2.3724,2.3215,-0.0508994,60.0
1744878972227249.0,-6419.21,3157.9,1.01956,2.38025,2.2359,-0.144353,60.0
1744878972247905.0,-6419.21,3157.9,1.01956,2.38025,2.54077,0.160523,60.0
1744878972268810.0,-6419.21,3157.9,1.01956,2.38025,2.3954,0.0151466,60.0
1744878972289487.0,-6421.75,3159.95,1.02314,2.54077,2.44093,-0.0998493,60.0
1744878972310122.0,-6421.75,3159.95,1.02314,2.54077,2.38047,-0.160306,60.0
1744878972330768.0,-6423.86,3162.0,1.02629,2.44093,2.5902,0.149272,60.0
1744878972351588.0,-6423.86,3162.0,1.02629,2.44093,2.5659,0.124978,60.0
1744878972372343.0,-6423.86,3162.0,1.02629,2.44093,2.55479,0.113866,60.0
1744878972393001.0,-6426.4,3163.37,1.02953,2.5659,2.49793,-0.0679689,60.0
1744878972413743.0,-6426.4,3163.37,1.02953,2.5659,2.71858,0.152678,60.0
1744878972434492.0,-6428.52,3165.42,1.03269,2.49793,2.35007,-0.147865,60.0
1744878972455194.0,-6428.52,3165.42,1.03269,2.49793,2.47277,-0.0251613,60.0
1744878972476208.0,-6431.06,3167.47,1.03627,2.47277,2.40245,-0.0703212,60.0
1744878972496963.0,-6431.06,3167.47,1.03627,2.47277,2.40533,-0.0674465,60.0
1744878972518043.0,-6431.06,3167.47,1.03627,2.47277,2.47533,0.00255446,60.0
1744878972539107.0,-6433.18,3169.52,1.03943,2.40533,2.35681,-0.0485168,60.0
1744878972559803.0,-6433.18,3169.52,1.03943,2.40533,2.53246,0.127136,60.0
1744878972580381.0,-6435.29,3171.57,1.04259,2.35681,2.41362,0.0568093,60.0
1744878972601307.0,-6435.29,3171.57,1.04259,2.35681,2.4401,0.0832954,60.0
1744878972621876.0,-6435.29,3171.57,1.04259,2.35681,2.30361,-0.0532013,60.0
1744878972642749.0,-6437.83,3172.93,1.04584,2.4401,2.5002,0.0600936,60.0
1744878972663169.0,-6437.83,3172.93,1.04584,2.4401,2.56487,0.124764,60.0
1744878972684160.0,-6439.95,3174.99,1.049,2.5002,2.39197,-0.108229,60.0
1744878972704956.0,-6439.95,3174.99,1.049,2.5002,2.5653,0.0651036,60.0
1744878972725874.0,-6439.95,3174.99,1.049,2.5002,2.36174,-0.138462,60.0
1744878972746513.0,-6442.49,3177.04,1.05259,2.5653,2.59601,0.0307078,60.0
1744878972767115.0,-6442.49,3177.04,1.05259,2.5653,2.47769,-0.087607,60.0
1744878972787697.0,-6444.61,3179.09,1.05576,2.59601,2.45475,-0.141263,60.0
1744878972808299.0,-6444.61,3179.09,1.05576,2.59601,2.52991,-0.0660993,60.0
1744878972829042.0,-6444.61,3179.09,1.05576,2.59601,2.43951,-0.156501,60.0
1744878972849871.0,-6447.15,3180.45,1.05901,2.52991,2.5397,0.0097881,60.0
1744878972870555.0,-6447.15,3180.45,1.05901,2.52991,2.6145,0.0845913,60.0
1744878972891401.0,-6449.27,3182.5,1.06218,2.5397,2.38158,-0.158115,60.0
1744878972912372.0,-6449.27,3182.5,1.06218,2.5397,2.51742,-0.0222819,60.0
1744878972932777.0,-6451.81,3184.55,1.06578,2.38158,2.38239,0.00080602,60.0
1744878972953738.0,-6451.81,3184.55,1.06578,2.38158,2.53831,0.156729,60.0
1744878972974290.0,-6451.81,3184.55,1.06578,2.38158,2.43168,0.0500919,60.0
1744878972994749.0,-6453.92,3186.61,1.06895,2.53831,2.68771,0.149396,60.0
1744878973015703.0,-6453.92,3186.61,1.06895,2.53831,2.53799,-0.000322655,60.0
1744878973036771.0,-6456.46,3187.97,1.07221,2.68771,2.73669,0.0489871,60.0
1744878973057569.0,-6456.46,3187.97,1.07221,2.68771,2.52399,-0.163722,60.0
1744878973078211.0,-6456.46,3187.97,1.07221,2.68771,2.65176,-0.0359486,60.0
1744878973098858.0,-6459.0,3190.02,1.07581,2.52399,2.50376,-0.0202222,60.0
1744878973119701.0,-6459.0,3190.02,1.07581,2.52399,2.36795,-0.156039,60.0
1744878973140368.0,-6461.12,3192.07,1.07898,2.50376,2.45379,-0.0499772,60.0
1744878973161155.0,-6461.12,3192.07,1.07898,2.50376,2.61153,0.107762,60.0
1744878973182084.0,-6461.12,3192.07,1.07898,2.50376,2.34155,-0.162219,60.0
1744878973202536.0,-6463.66,3194.12,1.08259,2.61153,2.51758,-0.0939438,60.0
1744878973223321.0,-6463.66,3194.12,1.08259,2.61153,2.50914,-0.102384,60.0
1744878973244067.0,-6465.78,3195.49,1.08542,2.51758,2.39722,-0.120363,60.0
1744878973264906.0,-6465.78,3195.49,1.08542,2.51758,2.60478,0.0871967,60.0
1744878973285674.0,-6465.78,3195.49,1.08542,2.51758,2.35755,-0.160036,60.0
1744878973306664.0,-6468.32,3197.54,1.08903,2.60478,2.5522,-0.0525819,60.0
1744878973327275.0,-6468.32,3197.54,1.08903,2.60478,2.55649,-0.0482891,60.0
1744878973347925.0,-6470.86,3198.91,1.0923,2.5522,2.52679,-0.0254026,60.0
1744878973368394.0,-6470.86,3198.91,1.0923,2.5522,2.38808,-0.164118,60.0
1744878973389110.0,-6472.97,3200.96,1.09548,2.52679,2.42044,-0.106358,60.0
1744878973409786.0,-6472.97,3200.96,1.09548,2.52679,2.40793,-0.118869,60.0
1744878973430435.0,-6472.97,3200.96,1.09548,2.52679,2.38375,-0.143041,60.0
1744878973451407.0,-6475.51,3203.01,1.0991,2.40793,2.56839,0.160465,60.0
1744878973472118.0,-6475.51,3203.01,1.0991,2.40793,2.56349,0.155563,60.0
1744878973492602.0,-6478.05,3204.38,1.10237,2.56839,2.54553,-0.0228588,60.0
1744878973513379.0,-6478.05,3204.38,1.10237,2.56839,2.66285,0.0944639,60.0
1744878973534371.0,-6478.05,3204.38,1.10237,2.56839,2.48966,-0.0787275,60.0
1744878973555300.0,-6480.17,3206.43,1.10555,2.66285,2.63859,-0.0242625,60.0
1744878973575901.0,-6480.17,3206.43,1.10555,2.66285,2.51091,-0.151943,60.0
1744878973596642.0,-6482.71,3208.48,1.10917,2.63859,2.65241,0.0138159,60.0
1744878973617382.0,-6482.71,3208.48,1.10917,2.63859,2.54356,-0.0950273,60.0
1744878973638112.0,-6482.71,3208.48,1.10917,2.63859,2.539,-0.0995892,60.0
1744878973658807.0,-6485.25,3209.85,1.11245,2.54356,2.518,-0.0255686,60.0
1744878973679499.0,-6485.25,3209.85,1.11245,2.54356,2.54952,0.00595754,60.0
1744878973700172.0,-6487.37,3211.9,1.11564,2.518,2.53176,0.0137604,60.0
1744878973720866.0,-6487.37,3211.9,1.11564,2.518,2.4095,-0.108496,60.0
1744878973741657.0,-6487.37,3211.9,1.11564,2.518,2.44392,-0.0740785,60.0
1744878973762449.0,-6489.91,3213.26,1.11892,2.4095,2.48328,0.0737758,60.0
1744878973783042.0,-6489.91,3213.26,1.11892,2.4095,2.52549,0.115987,60.0
1744878973803758.0,-6492.45,3215.32,1.12254,2.48328,2.57386,0.0905837,60.0
1744878973824419.0,-6492.45,3215.32,1.12254,2.48328,2.45857,-0.0247037,60.0
1744878973845054.0,-6494.99,3217.37,1.12617,2.57386,2.55664,-0.017221,60.0
1744878973865759.0,-6494.99,3217.37,1.12617,2.57386,2.57082,-0.00303786,60.0
1744878973887719.0,-6494.99,3217.37,1.12617,2.57386,2.45711,-0.116748,60.0
1744878973908473.0,-6497.11,3218.73,1.12902,2.57082,2.44679,-0.12403,60.0
1744878973929236.0,-6497.11,3218.73,1.12902,2.57082,2.4713,-0.0995172,60.0
1744878973949861.0,-6499.65,3220.78,1.13264,2.44679,2.46922,0.0224304,60.0
1744878973970619.0,-6499.65,3220.78,1.13264,2.44679,2.44294,-0.00385562,60.0
1744878973991415.0,-6499.65,3220.78,1.13264,2.44679,2.34344,-0.103352,60.0
1744878974012304.0,-6502.19,3222.15,1.13593,2.44294,2.39417,-0.0487644,60.0
1744878974033322.0,-6502.19,3222.15,1.13593,2.44294,2.59216,0.149221,60.0
1744878974054004.0,-6504.3,3224.2,1.13913,2.39417,2.33542,-0.0587531,60.0
1744878974074668.0,-6504.3,3224.2,1.13913,2.39417,2.46729,0.0731226,60.0
1744878974095327.0,-6504.3,3224.2,1.13913,2.39417,2.39029,-0.00387709,60.0
1744878974116022.0,-6506.84,3226.25,1.14276,2.46729,2.49212,0.0248244,60.0
1744878974136703.0,-6506.84,3226.25,1.14276,2.46729,2.31186,-0.15543,60.0
1744878974157497.0,-6509.38,3227.62,1.14605,2.49212,2.54866,0.0565387,60.0
1744878974178000.0,-6509.38,3227.62,1.14605,2.49212,2.56209,0.0699684,60.0
1744878974198982.0,-6511.93,3229.67,1.14969,2.54866,2.52451,-0.0241501,60.0
1744878974219752.0,-6511.93,3229.67,1.14969,2.54866,2.43461,-0.114047,60.0
1744878974240227.0,-6511.93,3229.67,1.14969,2.54866,2.52831,-0.0203429,60.0
1744878974260896.0,-6514.04,3231.04,1.15255,2.43461,2.52387,0.0892588,60.0
1744878974281660.0,-6514.04,3231.04,1.15255,2.43461,2.54178,0.107174,60.0
1744878974302342.0,-6516.58,3233.09,1.15619,2.52387,2.5441,0.0202263,60.0
1744878974323125.0,-6516.58,3233.09,1.15619,2.52387,2.40416,-0.119705,60.0
1744878974344003.0,-6516.58,3233.09,1.15619,2.52387,2.36102,-0.162853,60.0
1744878974364565.0,-6519.12,3235.14,1.15983,2.40416,2.45748,0.0533201,60.0
1744878974386525.0,-6519.12,3235.14,1.15983,2.40416,2.41391,0.00974626,60.0
1744878974407236.0,-6521.24,3236.51,0.162692,2.45748,2.44596,-0.0115262,60.0
1744878974427991.0,-6521.24,3236.51,0.162692,2.45748,2.36201,-0.0954742,60.0
1744878974448663.0,-6521.24,3236.51,0.162692,2.45748,2.48644,0.0289528,60.0
1744878974469442.0,-6523.78,3238.56,0.166336,2.36201,2.31656,-0.0454468,60.0
1744878974490098.0,-6523.78,3238.56,0.166336,2.36201,2.4633,0.101288,60.0
1744878974510722.0,-6525.9,3240.61,0.169547,2.31656,2.3939,0.0773345,60.0
1744878974531576.0,-6525.9,3240.61,0.169547,2.31656,2.40426,0.0877011,60.0
1744878974552068.0,-6525.9,3240.61,0.169547,2.31656,2.44075,0.124185,60.0
1744878974572659.0,-6528.44,3241.98,0.172848,2.40426,2.32967,-0.0745948,60.0
1744878974593340.0,-6528.44,3241.98,0.172848,2.40426,2.47105,0.066788,60.0
1744878974614017.0,-6530.98,3244.03,0.176496,2.32967,2.47784,0.148169,60.0
1744878974634711.0,-6530.98,3244.03,0.176496,2.32967,2.23087,-0.0987984,60.0
1744878974655398.0,-6533.09,3246.08,0.179712,2.47784,2.4984,0.0205586,60.0
1744878974676155.0,-6533.09,3246.08,0.179712,2.47784,2.35225,-0.125593,60.0
1744878974696859.0,-6533.09,3246.08,0.179712,2.47784,2.50657,0.0287305,60.0
1744878974717453.0,-6535.63,3248.13,0.183363,2.35225,2.32629,-0.0259561,60.0
1744878974738136.0,-6535.63,3248.13,0.183363,2.35225,2.47133,0.119085,60.0
1744878974758756.0,-6537.75,3249.49,0.186234,2.32629,2.34479,0.018501,60.0
1744878974779464.0,-6537.75,3249.49,0.186234,2.32629,2.42908,0.102789,60.0
1744878974800190.0,-6537.75,3249.49,0.186234,2.32629,2.33487,0.00857702,60.0
1744878974820796.0,-6540.29,3251.55,0.189889,2.42908,2.50371,0.0746338,60.0
1744878974841488.0,-6540.29,3251.55,0.189889,2.42908,2.53731,0.108227,60.0
1744878974862077.0,-6542.41,3253.6,0.19311,2.50371,2.51893,0.0152127,60.0
1744878974882733.0,-6542.41,3253.6,0.19311,2.50371,2.66415,0.160434,60.0
1744878974903738.0,-6542.41,3253.6,0.19311,2.50371,2.50766,0.0039492,60.0
1744878974924075.0,-6544.95,3255.65,0.196768,2.66415,2.52221,-0.141941,60.0
1744878974944931.0,-6544.95,3255.65,0.196768,2.66415,2.68416,0.0200126,60.0
1744878974965486.0,-6547.07,3257.01,0.199643,2.52221,2.48593,-0.0362796,60.0
1744878974986255.0,-6547.07,3257.01,0.199643,2.52221,2.47333,-0.0488735,60.0
1744878975006939.0,-6547.07,3257.01,0.199643,2.52221,2.56213,0.0399247,60.0
1744878975027902.0,-6549.61,3259.06,0.203304,2.47333,2.48071,0.00738141,60.0
1744878975048660.0,-6549.61,3259.06,0.203304,2.47333,2.35908,-0.114256,60.0
1744878975069790.0,-6551.72,3261.12,0.20653,2.48071,2.45792,-0.0227931,60.0
1744878975090373.0,-6551.72,3261.12,0.20653,2.48071,2.52682,0.0461063,60.0
1744878975111311.0,-6554.26,3263.17,0.210195,2.45792,2.45628,-0.00163842,60.0
1744878975132215.0,-6554.26,3263.17,0.210195,2.45792,2.45172,-0.00619962,60.0
1744878975152736.0,-6554.26,3263.17,0.210195,2.45792,2.57256,0.114637,60.0
1744878975173740.0,-6556.38,3264.53,0.213075,2.45172,2.54734,0.0956157,60.0
1744878975194503.0,-6556.38,3264.53,0.213075,2.45172,2.43911,-0.012611,60.0
1744878975215287.0,-6558.92,3266.58,0.216742,2.54734,2.57472,0.0273845,60.0
1744878975236132.0,-6558.92,3266.58,0.216742,2.54734,2.57769,0.0303492,60.0
1744878975257121.0,-6558.92,3266.58,0.216742,2.54734,2.51288,-0.0344575,60.0
1744878975278009.0,-6561.04,3268.63,0.219974,2.57769,2.42809,-0.149595,60.0
1744878975298630.0,-6561.04,3268.63,0.219974,2.57769,2.45241,-0.125279,60.0
1744878975319551.0,-6563.58,3270.69,0.223644,2.42809,2.34571,-0.0823772,60.0
1744878975340525.0,-6563.58,3270.69,0.223644,2.42809,2.57628,0.148186,60.0
1744878975361292.0,-6563.58,3270.69,0.223644,2.42809,2.43577,0.00767691,60.0
1744878975382132.0,-6566.12,3272.05,0.226966,2.57628,2.66337,0.0870976,60.0
1744878975403193.0,-6566.12,3272.05,0.226966,2.57628,2.56257,-0.0137104,60.0
1744878975423904.0,-6568.23,3274.1,0.230202,2.66337,2.60747,-0.0559084,60.0
1744878975444662.0,-6568.23,3274.1,0.230202,2.66337,2.61346,-0.0499143,60.0
1744878975465234.0,-6570.77,3276.15,0.233877,2.60747,2.47856,-0.128901,60.0
1744878975485937.0,-6570.77,3276.15,0.233877,2.60747,2.57867,-0.0287996,60.0
1744878975507068.0,-6570.77,3276.15,0.233877,2.60747,2.48746,-0.12001,60.0
1744878975527941.0,-6572.89,3277.52,0.236765,2.57867,2.48303,-0.0956368,60.0
1744878975548919.0,-6572.89,3277.52,0.236765,2.57867,2.44301,-0.135652,60.0
1744878975569362.0,-6575.43,3279.57,0.240443,2.48303,2.46851,-0.0145236,60.0
1744878975590040.0,-6575.43,3279.57,0.240443,2.48303,2.33051,-0.152518,60.0
1744878975610683.0,-6575.43,3279.57,0.240443,2.48303,2.3416,-0.141427,60.0
1744878975631504.0,-6577.97,3281.62,0.244123,2.33051,2.43054,0.100029,60.0
1744878975652322.0,-6577.97,3281.62,0.244123,2.33051,2.4153,0.0847929,60.0
1744878975673056.0,-6580.09,3282.99,0.247015,2.43054,2.57943,0.148885,60.0
1744878975693774.0,-6580.09,3282.99,0.247015,2.43054,2.40996,-0.0205799,60.0
1744878975714213.0,-6580.09,3282.99,0.247015,2.43054,2.29374,-0.136799,60.0
1744878975735006.0,-6582.63,3285.04,0.250697,2.40996,2.51554,0.105583,60.0
1744878975755808.0,-6582.63,3285.04,0.250697,2.40996,2.32468,-0.0852795,60.0
1744878975776599.0,-6585.17,3287.09,0.254381,2.51554,2.43345,-0.0820924,60.0
1744878975797317.0,-6585.17,3287.09,0.254381,2.51554,2.48938,-0.0261632,60.0
1744878975817860.0,-6587.29,3288.46,0.257277,2.43345,2.43271,-0.000739376,60.0
1744878975838493.0,-6587.29,3288.46,0.257277,2.43345,2.38108,-0.0523725,60.0
1744878975859263.0,-6587.29,3288.46,0.257277,2.43345,2.33856,-0.0948874,60.0
1744878975880097.0,-6589.83,3290.51,0.260964,2.38108,2.41281,0.03173,60.0
1744878975900933.0,-6589.83,3290.51,0.260964,2.38108,2.46318,0.0820998,60.0
1744878975921469.0,-6591.94,3292.56,0.264214,2.41281,2.45395,0.0411402,60.0
1744878975942184.0,-6591.94,3292.56,0.264214,2.41281,2.50509,0.0922852,60.0
1744878975963043.0,-6591.94,3292.56,0.264214,2.41281,2.49227,0.0794573,60.0
1744878975983555.0,-6594.48,3293.93,0.267552,2.50509,2.47374,-0.0313542,60.0
1744878976004373.0,-6594.48,3293.93,0.267552,2.50509,2.53361,0.0285127,60.0
1744878976025449.0,-6596.6,3295.98,0.270804,2.47374,2.52529,0.0515522,60.0
1744878976046331.0,-6596.6,3295.98,0.270804,2.47374,2.57791,0.104169,60.0
1744878976066998.0,-6596.6,3295.98,0.270804,2.47374,2.51484,0.0410978,60.0
1744878976087732.0,-6599.14,3298.03,0.274497,2.57791,2.48898,-0.0889323,60.0
1744878976108538.0,-6599.14,3298.03,0.274497,2.57791,2.45401,-0.123902,60.0
1744878976129255.0,-6601.68,3300.08,0.278192,2.48898,2.44752,-0.0414604,60.0
1744878976150107.0,-6601.68,3300.08,0.278192,2.48898,2.44194,-0.0470393,60.0
1744878976170855.0,-6601.68,3300.08,0.278192,2.48898,2.59985,0.110877,60.0
1744878976191676.0,-6603.8,3301.45,0.281096,2.44194,2.43049,-0.0114502,60.0
1744878976212560.0,-6603.8,3301.45,0.281096,2.44194,2.53025,0.0883125,60.0
1744878976233125.0,-6606.34,3303.5,0.284794,2.43049,2.53526,0.104771,60.0
1744878976253640.0,-6606.34,3303.5,0.284794,2.43049,2.36977,-0.0607206,60.0
1744878976274385.0,-6608.45,3305.55,0.288054,2.53526,2.41944,-0.115817,60.0
1744878976295005.0,-6608.45,3305.55,0.288054,2.53526,2.40289,-0.132372,60.0
1744878976315783.0,-6608.45,3305.55,0.288054,2.53526,2.5262,-0.00906209,60.0
1744878976336621.0,-6610.99,3306.92,0.291401,2.40289,2.45041,0.047522,60.0
1744878976357559.0,-6610.99,3306.92,0.291401,2.40289,2.52029,0.117401,60.0
1744878976377944.0,-6613.53,3308.97,0.295104,2.45041,2.42845,-0.0219589,60.0
1744878976398678.0,-6613.53,3308.97,0.295104,2.45041,2.30046,-0.14995,60.0
1744878976419188.0,-6613.53,3308.97,0.295104,2.45041,2.46777,0.0173632,60.0
1744878976440192.0,-6615.65,3311.02,0.298367,2.30046,2.46029,0.159833,60.0
1744878976460761.0,-6615.65,3311.02,0.298367,2.30046,2.3927,0.0922447,60.0
1744878976481285.0,-6618.19,3313.07,0.302073,2.46029,2.45172,-0.00857197,60.0
1744878976501780.0,-6618.19,3313.07,0.302073,2.46029,2.53352,0.0732276,60.0
1744878976522406.0,-6618.19,3313.07,0.302073,2.46029,2.43413,-0.0261638,60.0
1744878976543757.0,-6620.31,3314.43,0.304985,2.53352,2.52293,-0.0105885,60.0
1744878976564591.0,-6620.31,3314.43,0.304985,2.53352,2.39547,-0.138044,60.0
1744878976585330.0,-6622.85,3316.49,0.308694,2.52293,2.52709,0.0041595,60.0
1744878976605797.0,-6622.85,3316.49,0.308694,2.52293,2.48092,-0.0420141,60.0
1744878976626494.0,-6624.97,3318.54,0.311963,2.52709,2.4515,-0.0755882,60.0
1744878976647275.0,-6624.97,3318.54,0.311963,2.52709,2.48177,-0.0453193,60.0
1744878976667738.0,-6624.97,3318.54,0.311963,2.52709,2.43794,-0.0891494,60.0
1744878976688556.0,-6627.51,3319.9,0.31532,2.48177,2.44992,-0.0318486,60.0
1744878976709344.0,-6627.51,3319.9,0.31532,2.48177,2.43018,-0.0515866,60.0
1744878976730112.0,-6629.62,3321.95,0.318591,2.44992,2.39264,-0.0572863,60.0
1744878976750971.0,-6629.62,3321.95,0.318591,2.44992,2.40777,-0.0421532,60.0
1744878976771685.0,-6629.62,3321.95,0.318591,2.44992,2.51923,0.0693124,60.0
1744878976792567.0,-6632.16,3324.0,0.322306,2.40777,2.35375,-0.0540216,60.0
1744878976813163.0,-6632.16,3324.0,0.322306,2.40777,2.48765,0.0798855,60.0
1744878976833712.0,-6634.28,3326.06,0.325581,2.35375,2.39616,0.0424134,60.0
1744878976854529.0,-6634.28,3326.06,0.325581,2.35375,2.42097,0.0672259,60.0
1744878976875104.0,-6634.28,3326.06,0.325581,2.35375,2.51102,0.157276,60.0
1744878976895644.0,-6636.82,3327.42,0.328943,2.42097,2.56977,0.148797,60.0
1744878976916312.0,-6636.82,3327.42,0.328943,2.42097,2.48351,0.0625335,60.0
1744878976937079.0,-6638.94,3329.47,0.33222,2.56977,2.62377,0.0540022,60.0
1744878976957824.0,-6638.94,3329.47,0.33222,2.56977,2.47019,-0.0995814,60.0
1744878976978449.0,-6638.94,3329.47,0.33222,2.56977,2.46229,-0.107476,60.0
1744878976999396.0,-6641.48,3331.52,0.335941,2.47019,2.33802,-0.132171,60.0
1744878977019980.0,-6641.48,3331.52,0.335941,2.47019,2.50755,0.037358,60.0
1744878977041115.0,-6644.02,3333.57,0.339664,2.33802,2.3514,0.0133809,60.0
1744878977061715.0,-6644.02,3333.57,0.339664,2.33802,2.28083,-0.0571895,60.0
1744878977082008.0,-6646.13,3334.94,0.342589,2.3514,2.42268,0.0712806,60.0
1744878977102593.0,-6646.13,3334.94,0.342589,2.3514,2.35451,0.00310906,60.0
1744878977124173.0,-6646.13,3334.94,0.342589,2.3514,2.36575,0.0143497,60.0
1744878977144970.0,-6648.67,3336.99,0.346314,2.35451,2.38121,0.0267028,60.0
1744878977165715.0,-6648.67,3336.99,0.346314,2.35451,2.5128,0.15829,60.0
1744878977186392.0,-6650.79,3339.04,0.349599,2.38121,2.25856,-0.122648,60.0
1744878977207243.0,-6650.79,3339.04,0.349599,2.38121,2.33088,-0.0503251,60.0
1744878977227678.0,-6650.79,3339.04,0.349599,2.38121,2.44652,0.0653089,60.0
1744878977248515.0,-6652.91,3341.09,0.352884,2.33088,2.39644,0.0655559,60.0
1744878977269177.0,-6652.91,3341.09,0.352884,2.33088,2.48696,0.156071,60.0
1744878977289983.0,-6655.45,3343.14,0.356614,2.39644,2.44876,0.0523164,60.0
1744878977310557.0,-6655.45,3343.14,0.356614,2.39644,2.49202,0.095575,60.0
1744878977331460.0,-6655.45,3343.14,0.356614,2.39644,2.4724,0.0759587,60.0
1744878977352364.0,-6657.56,3344.51,0.359545,2.49202,2.42986,-0.0621545,60.0
1744878977373296.0,-6657.56,3344.51,0.359545,2.49202,2.55376,0.0617409,60.0
1744878977394014.0,-6660.1,3346.56,0.363278,2.42986,2.37665,-0.0532125,60.0
1744878977414771.0,-6660.1,3346.56,0.363278,2.42986,2.42871,-0.0011477,60.0
1744878977435406.0,-6662.22,3348.61,0.36657,2.37665,2.36554,-0.011105,60.0
1744878977455969.0,-6662.22,3348.61,0.36657,2.37665,2.28996,-0.0866892,60.0
1744878977476774.0,-6662.22,3348.61,0.36657,2.37665,2.45754,0.0808898,60.0
1744878977497341.0,-6664.34,3350.66,0.369862,2.28996,2.25847,-0.0314901,60.0
1744878977518030.0,-6664.34,3350.66,0.369862,2.28996,2.42385,0.133888,60.0
1744878977538854.0,-6666.88,3352.71,0.3736,2.25847,2.36742,0.108955,60.0
1744878977559772.0,-6666.88,3352.71,0.3736,2.25847,2.1483,-0.110171,60.0
1744878977580187.0,-6666.88,3352.71,0.3736,2.25847,2.37457,0.116096,60.0
1744878977601094.0,-6668.99,3354.77,0.376895,2.1483,2.2953,0.147,60.0
1744878977621500.0,-6668.99,3354.77,0.376895,2.1483,2.14661,-0.00168972,60.0
1744878977642189.0,-6671.11,3356.82,0.380192,2.2953,2.32113,0.0258282,60.0
1744878977663134.0,-6671.11,3356.82,0.380192,2.2953,2.43205,0.136757,60.0
1744878977683712.0,-6671.11,3356.82,0.380192,2.2953,2.43363,0.138331,60.0
1744878977704321.0,-6673.65,3358.87,0.383935,2.43205,2.33142,-0.10063,60.0
1744878977724841.0,-6673.65,3358.87,0.383935,2.43205,2.4247,-0.00735649,60.0
1744878977745523.0,-6675.77,3360.92,0.387234,2.33142,2.43932,0.107897,60.0
1744878977766301.0,-6675.77,3360.92,0.387234,2.33142,2.25469,-0.0767303,60.0
1744878977786950.0,-6675.77,3360.92,0.387234,2.33142,2.48443,0.153002,60.0
1744878977807680.0,-6677.88,3362.97,0.390535,2.25469,2.18995,-0.0647477,60.0
1744878977828330.0,-6677.88,3362.97,0.390535,2.25469,2.37783,0.123131,60.0
1744878977848976.0,-6680.0,3365.02,0.393837,2.18995,2.29731,0.107359,60.0
1744878977869795.0,-6680.0,3365.02,0.393837,2.18995,2.14664,-0.0433099,60.0
1744878977890831.0,-6682.54,3367.07,0.397586,2.14664,2.29824,0.151599,60.0
1744878977911188.0,-6682.54,3367.07,0.397586,2.14664,2.28952,0.142885,60.0
1744878977931927.0,-6682.54,3367.07,0.397586,2.14664,2.275,0.128367,60.0
1744878977952490.0,-6684.66,3369.12,0.400891,2.28952,2.42299,0.133469,60.0
1744878977973032.0,-6684.66,3369.12,0.400891,2.28952,2.29203,0.00250582,60.0
1744878977993835.0,-6686.78,3371.17,0.404198,2.42299,2.53672,0.113728,60.0
1744878978014412.0,-6686.78,3371.17,0.404198,2.42299,2.41749,-0.00550552,60.0
1744878978035375.0,-6686.78,3371.17,0.404198,2.42299,2.32763,-0.095364,60.0
1744878978056201.0,-6688.89,3373.22,0.407506,2.41749,2.34775,-0.069736,60.0
1744878978076798.0,-6688.89,3373.22,0.407506,2.41749,2.46378,0.0462957,60.0
1744878978097623.0,-6691.01,3375.27,0.410815,2.34775,2.49801,0.150256,60.0
1744878978118220.0,-6691.01,3375.27,0.410815,2.34775,2.32872,-0.0190312,60.0
1744878978139062.0,-6691.01,3375.27,0.410815,2.34775,2.48714,0.139386,60.0
1744878978159501.0,-6693.13,3377.32,0.414126,2.32872,2.4254,0.0966789,60.0
1744878978180244.0,-6693.13,3377.32,0.414126,2.32872,2.37472,0.0459977,60.0
1744878978200957.0,-6695.24,3379.37,0.417438,2.4254,2.43571,0.010312,60.0
1744878978221664.0,-6695.24,3379.37,0.417438,2.4254,2.44733,0.0219285,60.0
1744878978242414.0,-6695.24,3379.37,0.417438,2.4254,2.57485,0.149455,60.0
1744878978263083.0,-6697.36,3381.42,0.420751,2.44733,2.54344,0.0961139,60.0
1744878978283658.0,-6697.36,3381.42,0.420751,2.44733,2.40136,-0.0459677,60.0
1744878978304342.0,-6699.9,3383.47,0.424512,2.54344,2.40606,-0.137384,60.0
1744878978325027.0,-6699.9,3383.47,0.424512,2.54344,2.62252,0.0790771,60.0
1744878978345624.0,-6699.9,3383.47,0.424512,2.54344,2.38293,-0.160511,60.0
1744878978366156.0,-6702.02,3385.52,0.427828,2.62252,2.50647,-0.116052,60.0
1744878978386694.0,-6702.02,3385.52,0.427828,2.62252,2.54108,-0.0814326,60.0
1744878978407260.0,-6704.13,3387.57,0.431146,2.50647,2.49304,-0.0134245,60.0
1744878978428275.0,-6704.13,3387.57,0.431146,2.50647,2.36275,-0.143713,60.0
1744878978448725.0,-6706.25,3389.63,0.434465,2.49304,2.40051,-0.0925346,60.0
1744878978469396.0,-6706.25,3389.63,0.434465,2.49304,2.53555,0.0425139,60.0
1744878978490096.0,-6706.25,3389.63,0.434465,2.49304,2.45121,-0.0418318,60.0
1744878978510961.0,-6708.79,3391.68,0.438232,2.53555,2.59646,0.060907,60.0
1744878978531981.0,-6708.79,3391.68,0.438232,2.53555,2.43048,-0.105072,60.0
1744878978552888.0,-6710.91,3393.04,0.441191,2.59646,2.46212,-0.134338,60.0
1744878978573664.0,-6710.91,3393.04,0.441191,2.59646,2.51964,-0.0768211,60.0
1744878978594402.0,-6710.91,3393.04,0.441191,2.59646,2.44746,-0.149003,60.0
1744878978615316.0,-6713.02,3395.09,0.444514,2.51964,2.42102,-0.0986175,60.0
1744878978635889.0,-6713.02,3395.09,0.444514,2.51964,2.44464,-0.0750015,60.0
1744878978656944.0,-6715.56,3397.14,0.448285,2.42102,2.42931,0.00828755,60.0
1744878978677509.0,-6715.56,3397.14,0.448285,2.42102,2.36523,-0.0557973,60.0
1744878978698057.0,-6715.56,3397.14,0.448285,2.42102,2.36132,-0.059708,60.0
1744878978718477.0,-6717.68,3399.2,0.451611,2.36523,2.39834,0.0331116,60.0
1744878978739682.0,-6717.68,3399.2,0.451611,2.36523,2.34778,-0.0174493,60.0
1744878978760427.0,-6719.8,3401.25,0.454938,2.39834,2.47213,0.0737887,60.0
1744878978781110.0,-6719.8,3401.25,0.454938,2.39834,2.40319,0.00485245,60.0
1744878978801700.0,-6722.34,3403.3,0.458715,2.47213,2.45152,-0.0206019,60.0
1744878978822367.0,-6722.34,3403.3,0.458715,2.47213,2.32941,-0.142713,60.0
1744878978843128.0,-6722.34,3403.3,0.458715,2.47213,2.36912,-0.103002,60.0
1744878978863769.0,-6724.45,3405.35,0.462045,2.32941,2.42393,0.0945176,60.0
1744878978884583.0,-6724.45,3405.35,0.462045,2.32941,2.36767,0.0382559,60.0
1744878978905131.0,-6726.57,3407.4,0.465376,2.42393,2.3838,-0.0401355,60.0
1744878978925929.0,-6726.57,3407.4,0.465376,2.42393,2.48412,0.0601893,60.0
1744878978946536.0,-6726.57,3407.4,0.465376,2.42393,2.33035,-0.0935783,60.0
1744878978967272.0,-6729.11,3409.45,0.469157,2.48412,2.57141,0.0872943,60.0
1744878978988280.0,-6729.11,3409.45,0.469157,2.48412,2.39779,-0.0863288,60.0
1744878979008896.0,-6731.23,3410.82,0.472127,2.57141,2.42594,-0.145473,60.0
1744878979029883.0,-6731.23,3410.82,0.472127,2.57141,2.44838,-0.123035,60.0
1744878979050577.0,-6731.23,3410.82,0.472127,2.57141,2.56417,-0.00724348,60.0
1744878979071354.0,-6733.34,3412.87,0.475462,2.44838,2.34759,-0.100794,60.0
1744878979091952.0,-6733.34,3412.87,0.475462,2.44838,2.37301,-0.07537,60.0
1744878979112511.0,-6735.88,3414.92,0.479247,2.34759,2.36434,0.0167542,60.0
1744878979133240.0,-6735.88,3414.92,0.479247,2.34759,2.46036,0.112775,60.0
1744878979154067.0,-6735.88,3414.92,0.479247,2.34759,2.39219,0.0446084,60.0
1744878979174553.0,-6738.0,3416.97,0.482586,2.46036,2.45554,-0.00481757,60.0
1744878979195324.0,-6738.0,3416.97,0.482586,2.46036,2.62118,0.160824,60.0
1744878979215990.0,-6740.12,3419.02,0.485925,2.45554,2.58501,0.129469,60.0
1744878979236942.0,-6740.12,3419.02,0.485925,2.45554,2.57055,0.115009,60.0
1744878979257339.0,-6742.66,3421.07,0.489715,2.58501,2.44119,-0.143818,60.0
1744878979278076.0,-6742.66,3421.07,0.489715,2.58501,2.59848,0.0134631,60.0
1744878979298790.0,-6742.66,3421.07,0.489715,2.58501,2.50719,-0.0778174,60.0
1744878979319468.0,-6744.77,3423.12,0.493058,2.59848,2.46269,-0.135788,60.0
1744878979340218.0,-6744.77,3423.12,0.493058,2.59848,2.54775,-0.0507239,60.0
1744878979361061.0,-6747.31,3424.49,0.496485,2.46269,2.42293,-0.0397613,60.0
1744878979381752.0,-6747.31,3424.49,0.496485,2.46269,2.51796,0.0552699,60.0
1744878979402443.0,-6747.31,3424.49,0.496485,2.46269,2.38124,-0.0814511,60.0
1744878979423470.0,-6749.43,3426.54,0.49983,2.51796,2.46826,-0.0496978,60.0
1744878979443961.0,-6749.43,3426.54,0.49983,2.51796,2.51003,-0.00793075,60.0
1744878979464583.0,-6751.97,3428.59,0.503627,2.46826,2.44304,-0.0252155,60.0
1744878979485242.0,-6751.97,3428.59,0.503627,2.46826,2.60132,0.133062,60.0
1744878979506023.0,-6751.97,3428.59,0.503627,2.46826,2.59022,0.121957,60.0
1744878979526664.0,-6754.09,3430.64,0.506975,2.60132,2.46827,-0.133052,60.0
1744878979547758.0,-6754.09,3430.64,0.506975,2.60132,2.53287,-0.0684548,60.0
1744878979568707.0,-6756.63,3432.01,0.510407,2.46827,2.53934,0.071073,60.0
1744878979589711.0,-6756.63,3432.01,0.510407,2.46827,2.52733,0.059061,60.0
1744878979610433.0,-6758.74,3434.06,0.513758,2.53934,2.55035,0.0110039,60.0
1744878979630950.0,-6758.74,3434.06,0.513758,2.53934,2.58503,0.045685,60.0
1744878979652141.0,-6758.74,3434.06,0.513758,2.53934,2.58623,0.0468893,60.0
1744878979672628.0,-6761.28,3436.11,0.51756,2.58503,2.52161,-0.0634167,60.0
1744878979693185.0,-6761.28,3436.11,0.51756,2.58503,2.51194,-0.0730894,60.0
1744878979714156.0,-6763.4,3438.16,0.520914,2.52161,2.42581,-0.0957978,60.0
1744878979734970.0,-6763.4,3438.16,0.520914,2.52161,2.48137,-0.0402407,60.0
1744878979755835.0,-6763.4,3438.16,0.520914,2.52161,2.40451,-0.117098,60.0
1744878979776526.0,-6765.94,3439.53,0.524351,2.48137,2.46098,-0.020396,60.0
1744878979797576.0,-6765.94,3439.53,0.524351,2.48137,2.54394,0.062565,60.0
1744878979817925.0,-6768.06,3441.58,0.527708,2.46097,2.5532,0.0922262,60.0
1744878979838647.0,-6768.06,3441.58,0.527708,2.46097,2.35912,-0.101852,60.0
1744878979859464.0,-6768.06,3441.58,0.527708,2.46097,2.45192,-0.00905399,60.0
1744878979880455.0,-6770.6,3443.63,0.531516,2.35912,2.48612,0.127001,60.0
1744878979901058.0,-6770.6,3443.63,0.531516,2.35912,2.3335,-0.0256255,60.0
1744878979921614.0,-6772.71,3445.68,0.534875,2.48612,2.55879,0.072666,60.0
1744878979942412.0,-6772.71,3445.68,0.534875,2.48612,2.35045,-0.135672,60.0
1744878979963196.0,-6772.71,3445.68,0.534875,2.48612,2.58496,0.0988362,60.0
1744878979983880.0,-6775.26,3447.05,0.538318,2.35045,2.45767,0.10722,60.0
1744878980004576.0,-6775.26,3447.05,0.538318,2.35045,2.30094,-0.0495145,60.0
1744878980025554.0,-6777.37,3449.1,0.54168,2.45767,2.385,-0.0726703,60.0
1744878980046463.0,-6777.37,3449.1,0.54168,2.45767,2.49778,0.0401086,60.0
1744878980067185.0,-6779.91,3451.15,0.545495,2.385,2.39712,0.012114,60.0
1744878980087869.0,-6779.91,3451.15,0.545495,2.385,2.53928,0.154279,60.0
1744878980108906.0,-6779.91,3451.15,0.545495,2.385,2.43032,0.0453141,60.0
1744878980129636.0,-6782.03,3453.2,0.548859,2.53928,2.53999,0.000705472,60.0
1744878980150239.0,-6782.03,3453.2,0.548859,2.53928,2.44678,-0.0925039,60.0
1744878980170988.0,-6784.57,3454.57,0.552308,2.53999,2.41413,-0.12586,60.0
1744878980191706.0,-6784.57,3454.57,0.552308,2.53999,2.63226,0.0922721,60.0
1744878980212689.0,-6784.57,3454.57,0.552308,2.53999,2.55504,0.0150557,60.0
1744878980233067.0,-6786.69,3456.62,0.555675,2.63226,2.50042,-0.131843,60.0
1744878980253719.0,-6786.69,3456.62,0.555675,2.63226,2.51139,-0.120868,60.0
1744878980274709.0,-6789.23,3458.67,0.559496,2.50042,2.55823,0.0578103,60.0
1744878980295301.0,-6789.23,3458.67,0.559496,2.50042,2.48209,-0.0183284,60.0
1744878980316314.0,-6789.23,3458.67,0.559496,2.50042,2.56932,0.0689036,60.0
1744878980336907.0,-6791.77,3460.72,0.563318,2.48209,2.41126,-0.0708229,60.0
1744878980357695.0,-6791.77,3460.72,0.563318,2.48209,2.4769,-0.00518613,60.0
1744878980378151.0,-6793.88,3462.09,0.56632,2.41126,2.55546,0.144199,60.0
1744878980398986.0,-6793.88,3462.09,0.56632,2.41126,2.52378,0.11252,60.0
1744878980419560.0,-6796.42,3464.14,0.570145,2.55546,2.42843,-0.127029,60.0
1744878980440434.0,-6796.42,3464.14,0.570145,2.55546,2.5414,-0.0140664,60.0
1744878980461342.0,-6796.42,3464.14,0.570145,2.55546,2.51212,-0.0433389,60.0
1744878980482104.0,-6798.54,3466.19,0.573519,2.5414,2.66512,0.123725,60.0
1744878980502691.0,-6798.54,3466.19,0.573519,2.5414,2.49888,-0.0425177,60.0
1744878980523689.0,-6801.08,3467.55,0.576977,2.66512,2.58938,-0.0757455,60.0
1744878980544256.0,-6801.08,3467.55,0.576977,2.66512,2.62325,-0.0418732,60.0
1744878980565164.0,-6801.08,3467.55,0.576977,2.66512,2.57742,-0.087704,60.0
1744878980585876.0,-6803.62,3469.61,0.580807,2.62325,2.48541,-0.137833,60.0
1744878980606657.0,-6803.62,3469.61,0.580807,2.62325,2.54762,-0.0756242,60.0
1744878980627336.0,-6805.74,3471.66,0.584185,2.48541,2.633,0.14759,60.0
1744878980648064.0,-6805.74,3471.66,0.584185,2.48541,2.60792,0.122509,60.0
1744878980668941.0,-6805.74,3471.66,0.584185,2.48541,2.55336,0.0679429,60.0
1744878980689782.0,-6808.28,3473.02,0.587647,2.60792,2.48346,-0.12446,60.0
1744878980710491.0,-6808.28,3473.02,0.587647,2.60792,2.61093,0.00300574,60.0
1744878980731212.0,-6810.82,3475.07,0.591482,2.48346,2.59492,0.11146,60.0
1744878980752020.0,-6810.82,3475.07,0.591482,2.48346,2.48599,0.00252453,60.0
1744878980772713.0,-6812.93,3477.12,0.594864,2.59492,2.72905,0.13413,60.0
1744878980793398.0,-6812.93,3477.12,0.594864,2.59492,2.45501,-0.139914,60.0
1744878980814328.0,-6812.93,3477.12,0.594864,2.59492,2.45354,-0.141381,60.0
1744878980835036.0,-6815.47,3478.49,0.59833,2.45501,2.3029,-0.152109,60.0
1744878980855844.0,-6815.47,3478.49,0.59833,2.45501,2.52519,0.0701814,60.0
1744878980876514.0,-6818.01,3480.54,0.60217,2.3029,2.30082,-0.00208482,60.0
1744878980897194.0,-6818.01,3480.54,0.60217,2.3029,2.46206,0.159159,60.0
1744878980917876.0,-6818.01,3480.54,0.60217,2.3029,2.46313,0.160227,60.0
1744878980938572.0,-6820.13,3481.91,0.605184,2.46206,2.52289,0.0608329,60.0
1744878980959310.0,-6820.13,3481.91,0.605184,2.46206,2.35547,-0.10659,60.0
1744878980979848.0,-6822.67,3483.96,0.609026,2.52289,2.43828,-0.0846122,60.0
1744878981000609.0,-6822.67,3483.96,0.609026,2.52289,2.39289,-0.130005,60.0
1744878981021254.0,-6822.67,3483.96,0.609026,2.52289,2.57877,0.0558792,60.0
1744878981042191.0,-6825.21,3486.01,0.61287,2.39289,2.39131,-0.001578,60.0
1744878981062869.0,-6825.21,3486.01,0.61287,2.39289,2.50374,0.110848,60.0
1744878981083276.0,-6827.33,3487.38,0.615888,2.39131,2.44718,0.0558711,60.0
1744878981104219.0,-6827.33,3487.38,0.615888,2.39131,2.39877,0.00745662,60.0
1744878981124790.0,-6827.33,3487.38,0.615888,2.39131,2.36105,-0.0302568,60.0
1744878981145368.0,-6829.87,3489.43,0.619735,2.39877,2.29159,-0.107175,60.0
1744878981166325.0,-6829.87,3489.43,0.619735,2.39877,2.393,-0.00576637,60.0
1744878981187271.0,-6831.99,3491.48,0.623129,2.29159,2.27198,-0.0196091,60.0
1744878981207868.0,-6831.99,3491.48,0.623129,2.29159,2.41502,0.123426,60.0
1744878981228618.0,-6834.53,3493.53,0.626978,2.27198,2.3891,0.11712,60.0
1744878981249246.0,-6834.53,3493.53,0.626978,2.27198,2.23674,-0.0352457,60.0
1744878981269843.0,-6834.53,3493.53,0.626978,2.27198,2.39682,0.124843,60.0
1744878981290417.0,-6836.64,3494.9,0.630001,2.23674,2.2393,0.00255983,60.0
1744878981311148.0,-6836.64,3494.9,0.630001,2.23674,2.32041,0.0836786,60.0
1744878981332107.0,-6839.18,3496.95,0.633854,2.2393,2.33486,0.0955642,60.0
1744878981352745.0,-6839.18,3496.95,0.633854,2.2393,2.25853,0.0192378,60.0
1744878981373383.0,-6839.18,3496.95,0.633854,2.2393,2.2999,0.0606038,60.0
1744878981394179.0,-6841.3,3499.0,0.637253,2.25853,2.36748,0.108946,60.0
1744878981415034.0,-6841.3,3499.0,0.637253,2.25853,2.31722,0.0586855,60.0
1744878981435670.0,-6843.84,3501.05,0.641109,2.36748,2.3438,-0.0236785,60.0
1744878981456306.0,-6843.84,3501.05,0.641109,2.36748,2.40766,0.0401767,60.0
1744878981477041.0,-6843.84,3501.05,0.641109,2.36748,2.39529,0.0278079,60.0
1744878981497596.0,-6845.96,3503.1,0.644511,2.40766,2.44251,0.034858,60.0
1744878981518226.0,-6845.96,3503.1,0.644511,2.40766,2.45308,0.0454244,60.0
1744878981539330.0,-6848.07,3505.15,0.647914,2.44251,2.47788,0.0353648,60.0
1744878981560005.0,-6848.07,3505.15,0.647914,2.44251,2.49032,0.0478082,60.0
1744878981580964.0,-6848.07,3505.15,0.647914,2.44251,2.4467,0.00418938,60.0
1744878981601706.0,-6850.61,3506.52,0.6514,2.49032,2.47571,-0.0146102,60.0
1744878981622435.0,-6850.61,3506.52,0.6514,2.49032,2.4576,-0.0327239,60.0
1744878981643205.0,-6852.73,3508.57,0.654806,2.47571,2.33626,-0.139457,60.0
1744878981663932.0,-6852.73,3508.57,0.654806,2.47571,2.39227,-0.0834461,60.0
1744878981684300.0,-6855.27,3510.62,0.65867,2.33626,2.39723,0.0609752,60.0
1744878981705034.0,-6855.27,3510.62,0.65867,2.33626,2.31751,-0.0187462,60.0
1744878981725799.0,-6855.27,3510.62,0.65867,2.33626,2.40681,0.0705516,60.0
1744878981746793.0,-6857.39,3512.67,0.662079,2.31751,2.43722,0.119706,60.0
1744878981767556.0,-6857.39,3512.67,0.662079,2.31751,2.43889,0.121382,60.0
1744878981788252.0,-6859.5,3514.72,0.665489,2.43722,2.43078,-0.00643148,60.0
1744878981808621.0,-6859.5,3514.72,0.665489,2.43722,2.44245,0.00523263,60.0
1744878981829624.0,-6859.5,3514.72,0.665489,2.43722,2.43619,-0.00102991,60.0
1744878981850037.0,-6862.04,3516.77,0.669357,2.44245,2.41391,-0.0285331,60.0
1744878981870747.0,-6862.04,3516.77,0.669357,2.44245,2.46506,0.02261,60.0
1744878981891716.0,-6864.16,3518.82,0.67277,2.41391,2.46405,0.0501309,60.0
1744878981912191.0,-6864.16,3518.82,0.67277,2.41391,2.5121,0.098189,60.0
1744878981932928.0,-6864.16,3518.82,0.67277,2.41391,2.47176,0.0578471,60.0
1744878981953662.0,-6866.28,3520.19,0.675808,2.5121,2.39569,-0.116411,60.0
1744878981974594.0,-6866.28,3520.19,0.675808,2.5121,2.50446,-0.00764029,60.0
1744878981995181.0,-6868.82,3522.24,0.679681,2.39569,2.54641,0.150721,60.0
1744878982016038.0,-6868.82,3522.24,0.679681,2.39569,2.47951,0.0838209,60.0
1744878982036734.0,-6870.93,3524.29,0.683098,2.54641,2.45288,-0.0935348,60.0
1744878982057409.0,-6870.93,3524.29,0.683098,2.54641,2.52876,-0.0176581,60.0
1744878982078076.0,-6870.93,3524.29,0.683098,2.54641,2.44787,-0.0985484,60.0
1744878982098894.0,-6873.47,3526.34,0.686974,2.52876,2.55574,0.0269835,60.0
1744878982119554.0,-6873.47,3526.34,0.686974,2.52876,2.42646,-0.102291,60.0
1744878982139961.0,-6875.59,3528.4,0.690394,2.55574,2.58658,0.0308358,60.0
1744878982160688.0,-6875.59,3528.4,0.690394,2.55574,2.46217,-0.0935686,60.0
1744878982181325.0,-6875.59,3528.4,0.690394,2.55574,2.55578,4.31843e-05,60.0
1744878982201992.0,-6877.71,3530.45,0.693816,2.46217,2.41478,-0.047393,60.0
1744878982222641.0,-6877.71,3530.45,0.693816,2.46217,2.54587,0.0836953,60.0
1744878982243511.0,-6880.25,3531.81,0.697319,2.41478,2.33854,-0.0762328,60.0
1744878982264524.0,-6880.25,3531.81,0.697319,2.41478,2.46738,0.0526007,60.0
1744878982285190.0,-6880.25,3531.81,0.697319,2.41478,2.37656,-0.0382128,60.0
1744878982305764.0,-6882.36,3533.86,0.700743,2.46738,2.6153,0.147917,60.0
1744878982326370.0,-6882.36,3533.86,0.700743,2.46738,2.54394,0.0765605,60.0
1744878982347364.0,-6884.9,3535.91,0.704626,2.6153,2.56769,-0.0476022,60.0
1744878982367857.0,-6884.9,3535.91,0.704626,2.6153,2.48346,-0.131837,60.0
1744878982388433.0,-6884.9,3535.91,0.704626,2.6153,2.47325,-0.14205,60.0
1744878982409279.0,-6887.02,3537.97,0.708053,2.48346,2.53321,0.049747,60.0
1744878982430080.0,-6887.02,3537.97,0.708053,2.48346,2.44179,-0.0416729,60.0
1744878982450887.0,-6889.56,3540.02,0.71194,2.53321,2.51932,-0.0138872,60.0
1744878982471595.0,-6889.56,3540.02,0.71194,2.53321,2.51885,-0.0143534,60.0
1744878982492270.0,-6891.68,3541.38,0.714991,2.51932,2.46138,-0.0579343,60.0
1744878982512940.0,-6891.68,3541.38,0.714991,2.51932,2.59745,0.0781273,60.0
1744878982533872.0,-6891.68,3541.38,0.714991,2.51932,2.46428,-0.0550344,60.0
1744878982554563.0,-6894.22,3543.43,0.718881,2.59745,2.47805,-0.119397,60.0
1744878982575073.0,-6894.22,3543.43,0.718881,2.59745,2.54997,-0.0474732,60.0
1744878982595653.0,-6896.33,3545.49,0.722313,2.47805,2.41151,-0.0665433,60.0
1744878982616504.0,-6896.33,3545.49,0.722313,2.47805,2.61603,0.13798,60.0
1744878982637370.0,-6896.33,3545.49,0.722313,2.47805,2.47223,-0.005816,60.0
1744878982658341.0,-6898.87,3547.54,0.726206,2.61603,2.66619,0.0501643,60.0
1744878982679263.0,-6898.87,3547.54,0.726206,2.61603,2.50303,-0.113003,60.0
1744878982699936.0,-6900.99,3548.9,0.729262,2.66619,2.6631,-0.003096,60.0
1744878982720734.0,-6900.99,3548.9,0.729262,2.66619,2.50349,-0.162699,60.0
1744878982741695.0,-6900.99,3548.9,0.729262,2.66619,2.50601,-0.160185,60.0
1744878982762481.0,-6903.53,3550.95,0.733158,2.50349,2.51013,0.00663785,60.0
1744878982783234.0,-6903.53,3550.95,0.733158,2.50349,2.43142,-0.0720713,60.0
1744878982804119.0,-6906.07,3553.01,0.737056,2.51013,2.46897,-0.0411586,60.0
1744878982824900.0,-6906.07,3553.01,0.737056,2.51013,2.59997,0.0898377,60.0
1744878982845767.0,-6908.19,3554.37,0.740115,2.46897,2.35635,-0.112626,60.0
1744878982866471.0,-6908.19,3554.37,0.740115,2.46897,2.3117,-0.157269,60.0
1744878982887249.0,-6908.19,3554.37,0.740115,2.46897,2.39886,-0.0701104,60.0
1744878982907846.0,-6910.73,3556.42,0.744016,2.3117,2.42059,0.10889,60.0
1744878982928373.0,-6910.73,3556.42,0.744016,2.3117,2.32439,0.0126844,60.0
1744878982949277.0,-6913.27,3558.47,0.747918,2.42059,2.55556,0.134969,60.0
1744878982970230.0,-6913.27,3558.47,0.747918,2.42059,2.51353,0.0929379,60.0
1744878982991058.0,-6913.27,3558.47,0.747918,2.42059,2.30146,-0.119134,60.0
1744878983011872.0,-6915.39,3559.84,0.750981,2.51353,2.40747,-0.106063,60.0
1744878983032728.0,-6915.39,3559.84,0.750981,2.51353,2.57844,0.0649061,60.0
1744878983053688.0,-6917.93,3561.89,0.754886,2.40747,2.4467,0.0392258,60.0
1744878983074528.0,-6917.93,3561.89,0.754886,2.40747,2.32405,-0.0834192,60.0
1744878983095335.0,-6917.93,3561.89,0.754886,2.40747,2.37867,-0.0287944,60.0
1744878983116396.0,-6920.04,3563.94,0.758332,2.32405,2.38952,0.0654718,60.0
1744878983137073.0,-6920.04,3563.94,0.758332,2.32405,2.35107,0.0270196,60.0
1744878983157660.0,-6922.58,3565.99,0.76224,2.38952,2.44097,0.0514441,60.0
1744878983178005.0,-6922.58,3565.99,0.76224,2.38952,2.49253,0.103007,60.0
1744878983198601.0,-6922.58,3565.99,0.76224,2.38952,2.34016,-0.049362,60.0
1744878983219536.0,-6924.7,3567.36,0.765308,2.49253,2.3882,-0.104324,60.0
1744878983240232.0,-6924.7,3567.36,0.765308,2.49253,2.56887,0.0763377,60.0
1744878983261144.0,-6927.24,3569.41,0.769219,2.3882,2.47849,0.0902829,60.0
1744878983281768.0,-6927.24,3569.41,0.769219,2.3882,2.41343,0.0252283,60.0
1744878983302288.0,-6929.36,3571.46,0.772671,2.47849,2.59428,0.115794,60.0
1744878983322699.0,-6929.36,3571.46,0.772671,2.47849,2.56536,0.0868674,60.0
1744878983343525.0,-6929.36,3571.46,0.772671,2.47849,2.57644,0.0979564,60.0
1744878983364393.0,-6931.9,3573.51,0.776586,2.56536,2.52583,-0.0395251,60.0
1744878983384941.0,-6931.9,3573.51,0.776586,2.56536,2.49408,-0.0712762,60.0
1744878983405617.0,-6934.01,3574.88,0.779658,2.52583,2.52591,7.70329e-05,60.0
1744878983426615.0,-6934.01,3574.88,0.779658,2.52583,2.54263,0.0168005,60.0
1744878983447257.0,-6934.01,3574.88,0.779658,2.52583,2.51148,-0.0143468,60.0
1744878983467905.0,-6936.55,3576.93,0.783575,2.54263,2.58451,0.0418771,60.0
1744878983488674.0,-6936.55,3576.93,0.783575,2.54263,2.40188,-0.14075,60.0
1744878983509440.0,-6938.67,3578.98,0.787032,2.58451,2.53579,-0.048713,60.0
1744878983530049.0,-6938.67,3578.98,0.787032,2.58451,2.50363,-0.0808756,60.0
1744878983550882.0,-6938.67,3578.98,0.787032,2.58451,2.46066,-0.12385,60.0
1744878983571913.0,-6941.21,3580.35,0.79057,2.50363,2.41481,-0.088825,60.0
1744878983592324.0,-6941.21,3580.35,0.79057,2.50363,2.54072,0.0370877,60.0
1744878983613194.0,-6943.75,3582.4,0.794493,2.41481,2.53669,0.121881,60.0
1744878983633613.0,-6943.75,3582.4,0.794493,2.41481,2.40716,-0.0076476,60.0
1744878983654496.0,-6943.75,3582.4,0.794493,2.41481,2.4835,0.0686887,60.0
1744878983675069.0,-6945.87,3584.45,0.797954,2.40716,2.49104,0.0838796,60.0
1744878983695690.0,-6945.87,3584.45,0.797954,2.40716,2.4281,0.0209393,60.0
1744878983716403.0,-6948.41,3586.5,0.801879,2.49104,2.34885,-0.142186,60.0
1744878983737225.0,-6948.41,3586.5,0.801879,2.49104,2.39242,-0.0986202,60.0
1744878983757900.0,-6950.52,3587.87,0.80496,2.34885,2.43387,0.0850171,60.0
1744878983778715.0,-6950.52,3587.87,0.80496,2.34885,2.3446,-0.00424904,60.0
1744878983799783.0,-6950.52,3587.87,0.80496,2.34885,2.30198,-0.0468761,60.0
1744878983820609.0,-6953.06,3589.92,0.808888,2.3446,2.47982,0.135221,60.0
1744878983841049.0,-6953.06,3589.92,0.808888,2.3446,2.44818,0.103579,60.0
1744878983861983.0,-6955.18,3591.97,0.812355,2.47982,2.41535,-0.0644775,60.0
1744878983882567.0,-6955.18,3591.97,0.812355,2.47982,2.41044,-0.0693807,60.0
1744878983903428.0,-6955.18,3591.97,0.812355,2.47982,2.4224,-0.0574277,60.0
1744878983924199.0,-6957.72,3594.02,0.816286,2.41044,2.36834,-0.0421031,60.0
1744878983944600.0,-6957.72,3594.02,0.816286,2.41044,2.57311,0.162665,60.0
1744878983965270.0,-6959.84,3595.39,0.819372,2.36834,2.37204,0.0037018,60.0
1744878983987227.0,-6959.84,3595.39,0.819372,2.36834,2.30228,-0.0660613,60.0
1744878984007987.0,-6959.84,3595.39,0.819372,2.36834,2.44688,0.0785398,60.0
1744878984028764.0,-6962.38,3597.44,0.823306,2.30228,2.44874,0.146455,60.0
1744878984049732.0,-6962.38,3597.44,0.823306,2.30228,2.36992,0.0676425,60.0
1744878984070551.0,-6964.49,3599.49,0.826778,2.44874,2.57736,0.128622,60.0
1744878984091486.0,-6964.49,3599.49,0.826778,2.44874,2.57709,0.128352,60.0
1744878984112295.0,-6967.03,3601.54,0.830716,2.57736,2.45769,-0.119667,60.0
1744878984133082.0,-6967.03,3601.54,0.830716,2.57736,2.71837,0.14101,60.0
1744878984153790.0,-6967.03,3601.54,0.830716,2.57736,2.66041,0.0830525,60.0
1744878984174552.0,-6969.15,3602.91,0.833806,2.71837,2.576,-0.142364,60.0
1744878984195236.0,-6969.15,3602.91,0.833806,2.71837,2.60741,-0.110957,60.0
1744878984216162.0,-6971.69,3604.96,0.837746,2.576,2.48341,-0.0925936,60.0
1744878984236898.0,-6971.69,3604.96,0.837746,2.576,2.63551,0.0595019,60.0
1744878984257431.0,-6971.69,3604.96,0.837746,2.576,2.47744,-0.0985614,60.0
1744878984278458.0,-6973.81,3607.01,0.841224,2.63551,2.49964,-0.135865,60.0
1744878984298950.0,-6973.81,3607.01,0.841224,2.63551,2.50652,-0.128981,60.0
1744878984319588.0,-6976.35,3609.06,0.845168,2.49964,2.44409,-0.0555547,60.0
1744878984340333.0,-6976.35,3609.06,0.845168,2.49964,2.46552,-0.0341216,60.0
1744878984361064.0,-6976.35,3609.06,0.845168,2.49964,2.59868,0.0990348,60.0
1744878984381773.0,-6978.47,3610.43,0.848263,2.46552,2.34008,-0.125435,60.0
1744878984402502.0,-6978.47,3610.43,0.848263,2.46552,2.41117,-0.0543437,60.0
1744878984423199.0,-6981.01,3612.48,0.852209,2.34008,2.49803,0.15795,60.0
1744878984443820.0,-6981.01,3612.48,0.852209,2.34008,2.35271,0.0126219,60.0
1744878984464603.0,-6981.01,3612.48,0.852209,2.34008,2.30062,-0.0394632,60.0
1744878984485162.0,-6983.55,3614.53,0.856158,2.35271,2.3961,0.0433964,60.0
1744878984505690.0,-6983.55,3614.53,0.856158,2.35271,2.46018,0.107479,60.0
1744878984526398.0,-6985.66,3616.58,0.859642,2.3961,2.39212,-0.00397901,60.0
1744878984547640.0,-6985.66,3616.58,0.859642,2.3961,2.43022,0.0341189,60.0
1744878984568854.0,-6988.2,3617.95,0.863207,2.39212,2.49405,0.101928,60.0
1744878984589281.0,-6988.2,3617.95,0.863207,2.39212,2.27979,-0.11233,60.0
1744878984609971.0,-6988.2,3617.95,0.863207,2.39212,2.45939,0.0672639,60.0
1744878984630624.0,-6990.32,3620.0,0.866695,2.27979,2.33912,0.0593269,60.0
1744878984651690.0,-6990.32,3620.0,0.866695,2.27979,2.40032,0.120531,60.0
1744878984672307.0,-6992.86,3622.05,0.870649,2.33912,2.41192,0.0727973,60.0
1744878984693232.0,-6992.86,3622.05,0.870649,2.33912,2.37327,0.0341547,60.0
1744878984714166.0,-6992.86,3622.05,0.870649,2.33912,2.38087,0.041754,60.0
1744878984734947.0,-6994.98,3624.1,0.874139,2.37327,2.40596,0.0326842,60.0
1744878984755780.0,-6994.98,3624.1,0.874139,2.37327,2.39448,0.0212071,60.0
1744878984776440.0,-6997.09,3626.15,0.877631,2.40596,2.37897,-0.0269894,60.0
1744878984797504.0,-6997.09,3626.15,0.877631,2.40596,2.3237,-0.0822602,60.0
1744878984818114.0,-6997.09,3626.15,0.877631,2.40596,2.43984,0.0338827,60.0
1744878984839204.0,-6999.63,3627.52,0.881203,2.3237,2.48491,0.161211,60.0
1744878984859717.0,-6999.63,3627.52,0.881203,2.3237,2.35204,0.0283393,60.0
1744878984880335.0,-7001.75,3629.57,0.884697,2.48491,2.59842,0.113514,60.0
1744878984901266.0,-7001.75,3629.57,0.884697,2.48491,2.35164,-0.133271,60.0
1744878984922035.0,-7004.29,3631.62,0.888659,2.59842,2.72184,0.123419,60.0
1744878984942735.0,-7004.29,3631.62,0.888659,2.59842,2.46788,-0.130543,60.0
1744878984963403.0,-7004.29,3631.62,0.888659,2.59842,2.59183,-0.00659191,60.0
1744878984984133.0,-7006.41,3633.67,0.892156,2.46788,2.45561,-0.0122703,60.0
1744878985004886.0,-7006.41,3633.67,0.892156,2.46788,2.37684,-0.0910446,60.0
1744878985025847.0,-7008.52,3635.72,0.895655,2.45561,2.56851,0.112897,60.0
1744878985046921.0,-7008.52,3635.72,0.895655,2.45561,2.46758,0.0119752,60.0
1744878985067883.0,-7008.52,3635.72,0.895655,2.45561,2.35769,-0.097919,60.0
1744878985088392.0,-7011.06,3637.78,0.899622,2.46758,2.5598,0.0922141,60.0
1744878985109256.0,-7011.06,3637.78,0.899622,2.46758,2.45998,-0.00760032,60.0
1744878985129985.0,-7013.18,3639.14,0.902734,2.5598,2.62451,0.0647118,60.0
1744878985150685.0,-7013.18,3639.14,0.902734,2.5598,2.53202,-0.0277753,60.0
1744878985171630.0,-7013.18,3639.14,0.902734,2.5598,2.42895,-0.130844,60.0
1744878985192446.0,-7015.72,3641.19,0.906704,2.53202,2.52707,-0.00495567,60.0
1744878985213638.0,-7015.72,3641.19,0.906704,2.53202,2.47458,-0.0574462,60.0
1744878985234092.0,-7017.84,3643.24,0.910208,2.52707,2.58593,0.0588664,60.0
1744878985254774.0,-7017.84,3643.24,0.910208,2.52707,2.47071,-0.0563601,60.0
1744878985275883.0,-7017.84,3643.24,0.910208,2.52707,2.6045,0.0774359,60.0
1744878985296558.0,-7020.38,3645.3,0.914181,2.47071,2.58621,0.115501,60.0
1744878985316893.0,-7020.38,3645.3,0.914181,2.47071,2.50749,0.0367823,60.0
1744878985337813.0,-7022.49,3646.66,0.917298,2.58621,2.6166,0.0303918,60.0
1744878985358482.0,-7022.49,3646.66,0.917298,2.58621,2.59623,0.0100239,60.0
1744878985379313.0,-7025.03,3648.71,0.921274,2.6166,2.47605,-0.140556,60.0
1744878985399922.0,-7025.03,3648.71,0.921274,2.6166,2.5175,-0.0990962,60.0
1744878985420391.0,-7025.03,3648.71,0.921274,2.6166,2.56245,-0.0541492,60.0
1744878985441417.0,-7027.15,3650.76,0.924783,2.5175,2.48842,-0.0290824,60.0
1744878985462032.0,-7027.15,3650.76,0.924783,2.5175,2.52292,0.00541982,60.0
1744878985482606.0,-7029.69,3652.82,0.928762,2.48842,2.4507,-0.037719,60.0
1744878985503343.0,-7029.69,3652.82,0.928762,2.48842,2.45616,-0.0322654,60.0
1744878985524008.0,-7029.69,3652.82,0.928762,2.48842,2.57017,0.0817454,60.0
1744878985545275.0,-7032.23,3654.18,0.932353,2.45616,2.36069,-0.0954677,60.0
1744878985565773.0,-7032.23,3654.18,0.932353,2.45616,2.36908,-0.0870761,60.0
1744878985586583.0,-7034.35,3656.23,0.935866,2.36069,2.43005,0.0693597,60.0
1744878985607141.0,-7034.35,3656.23,0.935866,2.36069,2.36449,0.00379804,60.0
1744878985628078.0,-7034.35,3656.23,0.935866,2.36069,2.50459,0.143906,60.0
1744878985648899.0,-7036.89,3658.28,0.93985,2.36449,2.38394,0.0194553,60.0
1744878985669327.0,-7036.89,3658.28,0.93985,2.36449,2.34426,-0.0202279,60.0
1744878985690223.0,-7039.0,3660.34,0.943367,2.38394,2.31261,-0.0713302,60.0
1744878985710932.0,-7039.0,3660.34,0.943367,2.38394,2.39944,0.0154957,60.0
1744878985731583.0,-7039.0,3660.34,0.943367,2.38394,2.46933,0.0853836,60.0
1744878985752309.0,-7041.54,3661.7,0.946962,2.39944,2.54393,0.144495,60.0
1744878985772964.0,-7041.54,3661.7,0.946962,2.39944,2.31947,-0.079971,60.0
1744878985794003.0,-7043.66,3663.75,0.950481,2.54393,2.45608,-0.0878502,60.0
1744878985814623.0,-7043.66,3663.75,0.950481,2.54393,2.39006,-0.153876,60.0
1744878985835225.0,-7046.2,3665.8,0.954471,2.45608,2.31223,-0.143851,60.0
1744878985855986.0,-7046.2,3665.8,0.954471,2.45608,2.54513,0.0890478,60.0
1744878985876778.0,-7046.2,3665.8,0.954471,2.45608,2.36721,-0.0888691,60.0
1744878985897372.0,-7048.32,3667.86,0.957993,2.54513,2.49559,-0.0495443,60.0
1744878985918432.0,-7048.32,3667.86,0.957993,2.54513,2.66894,0.123814,60.0
1744878985939107.0,-7050.86,3669.22,0.961594,2.49559,2.44009,-0.0554921,60.0
1744878985959739.0,-7050.86,3669.22,0.961594,2.49559,2.45195,-0.0436405,60.0
1744878985980587.0,-7050.86,3669.22,0.961594,2.49559,2.45682,-0.0387684,60.0
1744878986001470.0,-7052.97,3671.27,0.965119,2.45195,2.41001,-0.0419403,60.0
1744878986022355.0,-7052.97,3671.27,0.965119,2.45195,2.3859,-0.0660421,60.0
1744878986043407.0,-7055.51,3673.32,0.969115,2.41001,2.41195,0.00194337,60.0
1744878986064430.0,-7055.51,3673.32,0.969115,2.41001,2.46377,0.053768,60.0
1744878986085374.0,-7055.51,3673.32,0.969115,2.41001,2.45451,0.0445034,60.0
1744878986106393.0,-7057.63,3675.38,0.972642,2.46377,2.49248,0.0287075,60.0
1744878986127198.0,-7057.63,3675.38,0.972642,2.46377,2.53481,0.0710386,60.0
1744878986148129.0,-7060.17,3676.74,0.976249,2.49248,2.53173,0.0392524,60.0
1744878986169054.0,-7060.17,3676.74,0.976249,2.49248,2.6105,0.118016,60.0
1744878986190548.0,-7062.29,3678.79,0.979779,2.53173,2.56383,0.0321007,60.0
1744878986211114.0,-7062.29,3678.79,0.979779,2.53173,2.45038,-0.081349,60.0
1744878986231742.0,-7062.29,3678.79,0.979779,2.53173,2.50058,-0.031155,60.0
1744878986252500.0,-7064.83,3680.84,0.983781,2.45038,2.60571,0.155325,60.0
1744878986272816.0,-7064.83,3680.84,0.983781,2.45038,2.56289,0.112508,60.0
1744878986293435.0,-7066.95,3682.9,0.987314,2.60571,2.49198,-0.113728,60.0
1744878986314079.0,-7066.95,3682.9,0.987314,2.60571,2.57788,-0.0278324,60.0
1744878986334725.0,-7066.95,3682.9,0.987314,2.60571,2.66018,0.0544676,60.0
1744878986355202.0,-7069.49,3684.26,0.990926,2.57788,2.4434,-0.134476,60.0
1744878986376153.0,-7069.49,3684.26,0.990926,2.57788,2.45612,-0.121753,60.0
1744878986396902.0,-7072.03,3686.31,0.994932,2.4434,2.31031,-0.133092,60.0
1744878986417600.0,-7072.03,3686.31,0.994932,2.4434,2.30401,-0.139387,60.0
1744878986438245.0,-7072.03,3686.31,0.994932,2.4434,2.53736,0.0939597,60.0
1744878986458719.0,-7074.14,3688.36,0.99847,2.30401,2.28939,-0.0146266,60.0
1744878986479332.0,-7074.14,3688.36,0.99847,2.30401,2.44632,0.142305,60.0
1744878986500102.0,-7076.68,3689.73,1.00209,2.28939,2.32148,0.0320894,60.0
1744878986520667.0,-7076.68,3689.73,1.00209,2.28939,2.36126,0.0718707,60.0
1744878986541551.0,-7076.68,3689.73,1.00209,2.28939,2.4134,0.124013,60.0
1744878986562459.0,-7078.8,3691.78,1.00563,2.36126,2.44361,0.0823512,60.0
1744878986582865.0,-7078.8,3691.78,1.00563,2.36126,2.22617,-0.135088,60.0
1744878986603728.0,-7081.34,3693.83,1.00964,2.44361,2.46038,0.0167662,60.0
1744878986624392.0,-7081.34,3693.83,1.00964,2.44361,2.39135,-0.0522639,60.0
1744878986644857.0,-7081.34,3693.83,1.00964,2.44361,2.47231,0.028697,60.0
1744878986665288.0,-7083.46,3695.88,1.01318,2.39135,2.41555,0.0242078,60.0
1744878986685841.0,-7083.46,3695.88,1.01318,2.39135,2.4604,0.0690592,60.0
1744878986706434.0,-7086.0,3697.94,1.0172,2.41555,2.48347,0.0679195,60.0
1744878986727281.0,-7086.0,3697.94,1.0172,2.41555,2.38276,-0.0327962,60.0
1744878986747862.0,-7088.11,3699.3,1.02035,2.48347,2.37983,-0.103645,60.0
1744878986768610.0,-7088.11,3699.3,1.02035,2.48347,2.5998,0.116324,60.0
1744878986789594.0,-7088.11,3699.3,1.02035,2.48347,2.46086,-0.0226135,60.0
1744878986810177.0,-7090.65,3701.35,1.02437,2.5998,2.53701,-0.0627821,60.0
1744878986830880.0,-7090.65,3701.35,1.02437,2.5998,2.48259,-0.117204,60.0
1744878986851506.0,-7092.77,3703.4,1.02791,2.53701,2.50647,-0.0305452,60.0
1744878986872236.0,-7092.77,3703.4,1.02791,2.53701,2.65971,0.122691,60.0
1744878986892945.0,-7092.77,3703.4,1.02791,2.53701,2.52201,-0.0150012,60.0
1744878986913893.0,-7095.31,3705.46,1.03194,2.65971,2.54156,-0.118146,60.0
1744878986934570.0,-7095.31,3705.46,1.03194,2.65971,2.51312,-0.146585,60.0
1744878986955354.0,-7097.43,3706.82,1.03509,2.54156,2.44009,-0.101472,60.0
1744878986976185.0,-7097.43,3706.82,1.03509,2.54156,2.55738,0.0158241,60.0
1744878986997130.0,-7097.43,3706.82,1.03509,2.54156,2.66785,0.126293,60.0
1744878987017839.0,-7099.97,3708.87,1.03912,2.55738,2.42199,-0.135394,60.0
1744878987038742.0,-7099.97,3708.87,1.03912,2.55738,2.39608,-0.161307,60.0
1744878987059607.0,-7102.08,3710.92,1.04267,2.42199,2.48212,0.060132,60.0
1744878987080253.0,-7102.08,3710.92,1.04267,2.42199,2.44889,0.0269036,60.0
1744878987101116.0,-7104.62,3712.29,1.0463,2.44889,2.54199,0.0930928,60.0
1744878987121731.0,-7104.62,3712.29,1.0463,2.44889,2.35758,-0.0913088,60.0
1744878987142533.0,-7104.62,3712.29,1.0463,2.44889,2.47377,0.0248717,60.0
1744878987163260.0,-7106.74,3714.34,1.04986,2.35758,2.43221,0.074627,60.0
1744878987184064.0,-7106.74,3714.34,1.04986,2.35758,2.33366,-0.0239264,60.0
1744878987205743.0,-7109.28,3716.39,1.05389,2.43221,2.5474,0.115187,60.0
1744878987226536.0,-7109.28,3716.39,1.05389,2.43221,2.43943,0.00722282,60.0
1744878987247135.0,-7109.28,3716.39,1.05389,2.43221,2.46235,0.0301361,60.0
1744878987267496.0,-7111.82,3718.45,1.05792,2.43943,2.53567,0.0962344,60.0
1744878987288283.0,-7111.82,3718.45,1.05792,2.43943,2.49626,0.056825,60.0
1744878987308946.0,-7113.94,3719.81,1.06109,2.53567,2.5295,-0.00616691,60.0
1744878987329636.0,-7113.94,3719.81,1.06109,2.53567,2.49292,-0.042746,60.0
1744878987350382.0,-7113.94,3719.81,1.06109,2.53567,2.42104,-0.114628,60.0
1744878987371104.0,-7116.48,3721.86,1.06512,2.49292,2.46512,-0.0278016,60.0
1744878987391522.0,-7116.48,3721.86,1.06512,2.49292,2.40618,-0.0867473,60.0
1744878987412282.0,-7118.59,3723.91,1.06869,2.46512,2.56158,0.0964578,60.0
1744878987433191.0,-7118.59,3723.91,1.06869,2.46512,2.57023,0.105109,60.0
1744878987453999.0,-7118.59,3723.91,1.06869,2.46512,2.53116,0.066039,60.0
1744878987474479.0,-7121.13,3725.97,1.07272,2.57023,2.66789,0.0976576,60.0
1744878987495136.0,-7121.13,3725.97,1.07272,2.57023,2.54909,-0.0211421,60.0
1744878987515839.0,-7123.25,3727.33,1.07589,2.66789,2.51818,-0.149703,60.0
1744878987536540.0,-7123.25,3727.33,1.07589,2.66789,2.6014,-0.0664894,60.0
1744878987557440.0,-7125.79,3729.38,1.07993,2.51818,2.5931,0.0749194,60.0
1744878987578448.0,-7125.79,3729.38,1.07993,2.51818,2.36339,-0.154794,60.0
1744878987599313.0,-7125.79,3729.38,1.07993,2.51818,2.54774,0.0295588,60.0
1744878987619798.0,-7128.33,3731.43,1.08398,2.36339,2.46002,0.0966245,60.0
1744878987640492.0,-7128.33,3731.43,1.08398,2.36339,2.49187,0.128478,60.0
1744878987661165.0,-7130.45,3732.8,1.08715,2.46002,2.59375,0.133734,60.0
1744878987681933.0,-7130.45,3732.8,1.08715,2.46002,2.40127,-0.0587475,60.0
1744878987703068.0,-7130.45,3732.8,1.08715,2.46002,2.41472,-0.0452991,60.0
1744878987723580.0,-7132.99,3734.85,1.0912,2.40127,2.38159,-0.0196811,60.0
1744878987744210.0,-7132.99,3734.85,1.0912,2.40127,2.31593,-0.0853371,60.0
1744878987764879.0,-7135.1,3736.9,1.09477,2.38159,2.32615,-0.0554415,60.0
1744878987785789.0,-7135.1,3736.9,1.09477,2.38159,2.44863,0.0670384,60.0
1744878987807732.0,-7135.1,3736.9,1.09477,2.38159,2.22654,-0.155047,60.0
1744878987828204.0,-7137.64,3738.27,1.09842,2.44863,2.47892,0.0302938,60.0
1744878987849300.0,-7137.64,3738.27,1.09842,2.44863,2.35749,-0.0911323,60.0
1744878987869842.0,-7139.76,3740.32,1.102,2.47892,2.42255,-0.0563678,60.0
1744878987890505.0,-7139.76,3740.32,1.102,2.47892,2.35835,-0.12057,60.0
1744878987910833.0,-7142.3,3742.37,1.10605,2.42255,2.48026,0.0577049,60.0
1744878987931808.0,-7142.3,3742.37,1.10605,2.42255,2.48207,0.0595175,60.0
1744878987952533.0,-7142.3,3742.37,1.10605,2.42255,2.36983,-0.0527166,60.0
1744878987973162.0,-7144.42,3744.42,1.10963,2.48207,2.50125,0.0191811,60.0
1744878987993923.0,-7144.42,3744.42,1.10963,2.48207,2.33786,-0.14421,60.0
1744878988014524.0,-7146.96,3745.79,1.11328,2.50125,2.59748,0.0962286,60.0
1744878988035231.0,-7146.96,3745.79,1.11328,2.50125,2.60015,0.0989041,60.0
1744878988056159.0,-7146.96,3745.79,1.11328,2.50125,2.53989,0.0386416,60.0
1744878988076841.0,-7149.5,3747.84,1.11734,2.60015,2.45751,-0.142647,60.0
1744878988097290.0,-7149.5,3747.84,1.11734,2.60015,2.54519,-0.0549683,60.0
1744878988118179.0,-7151.62,3749.89,1.12092,2.45751,2.34537,-0.112137,60.0
1744878988139269.0,-7151.62,3749.89,1.12092,2.45751,2.43581,-0.0216942,60.0
1744878988159705.0,-7151.62,3749.89,1.12092,2.45751,2.49255,0.0350475,60.0
1744878988180410.0,-7154.16,3751.94,1.12498,2.43581,2.4,-0.0358106,60.0
1744878988201397.0,-7154.16,3751.94,1.12498,2.43581,2.43388,-0.00193798,60.0
1744878988222308.0,-7156.27,3753.31,1.12817,2.4,2.4837,0.0836985,60.0
1744878988242993.0,-7156.27,3753.31,1.12817,2.4,2.3455,-0.0545051,60.0
1744878988263730.0,-7156.27,3753.31,1.12817,2.4,2.48593,0.0859226,60.0
1744878988284610.0,-7158.81,3755.36,1.13223,2.3455,2.42155,0.0760513,60.0
1744878988305138.0,-7158.81,3755.36,1.13223,2.3455,2.42121,0.0757155,60.0
1744878988325705.0,-7160.93,3757.41,1.13582,2.42155,2.47736,0.0558093,60.0
1744878988346392.0,-7160.93,3757.41,1.13582,2.42155,2.33834,-0.0832108,60.0
1744878988367673.0,-7163.47,3759.46,1.13989,2.47736,2.46716,-0.0101953,60.0
1744878988388288.0,-7163.47,3759.46,1.13989,2.47736,2.5657,0.0883421,60.0
1744878988408676.0,-7163.47,3759.46,1.13989,2.47736,2.31488,-0.162475,60.0
1744878988429477.0,-7165.59,3760.83,1.14308,2.5657,2.51401,-0.0516897,60.0
1744878988450258.0,-7165.59,3760.83,1.14308,2.5657,2.54421,-0.0214888,60.0
1744878988470991.0,-7168.13,3762.88,1.14715,2.51401,2.37521,-0.138804,60.0
1744878988491744.0,-7168.13,3762.88,1.14715,2.51401,2.59365,0.0796404,60.0
1744878988512476.0,-7168.13,3762.88,1.14715,2.51401,2.63317,0.119159,60.0
1744878988532742.0,-7170.24,3764.93,1.15074,2.59365,2.46185,-0.131805,60.0
1744878988554102.0,-7170.24,3764.93,1.15074,2.59365,2.58031,-0.0133436,60.0
1744878988574519.0,-7172.78,3766.3,1.15441,2.46185,2.36706,-0.0947825,60.0
1744878988594918.0,-7172.78,3766.3,1.15441,2.46185,2.54029,0.0784487,60.0
1744878988615867.0,-7172.78,3766.3,1.15441,2.46185,2.44852,-0.0133301,60.0
1744878988636468.0,-7175.32,3768.35,1.15848,2.54029,2.49043,-0.0498695,60.0
1744878988657206.0,-7175.32,3768.35,1.15848,2.54029,2.64228,0.101981,60.0
1744878988677857.0,-7177.44,3770.4,0.162083,2.49043,2.39579,-0.0946346,60.0
1744878988698526.0,-7177.44,3770.4,0.162083,2.49043,2.53255,0.0421258,60.0
1744878988719187.0,-7177.44,3770.4,0.162083,2.49043,2.42047,-0.0699591,60.0
1744878988739850.0,-7179.98,3772.46,0.16616,2.53255,2.49494,-0.0376146,60.0
1744878988760629.0,-7179.98,3772.46,0.16616,2.53255,2.41258,-0.119973,60.0
1744878988781164.0,-7182.1,3773.82,0.169358,2.49494,2.37832,-0.116619,60.0
1744878988801751.0,-7182.1,3773.82,0.169358,2.49494,2.47484,-0.020095,60.0
1744878988822569.0,-7182.1,3773.82,0.169358,2.49494,2.44581,-0.0491253,60.0
1744878988843176.0,-7184.64,3775.87,0.173438,2.47484,2.42995,-0.0448923,60.0
1744878988864051.0,-7184.64,3775.87,0.173438,2.47484,2.493,0.0181604,60.0
1744878988884672.0,-7187.18,3777.92,0.17752,2.42995,2.34068,-0.0892707,60.0
1744878988905195.0,-7187.18,3777.92,0.17752,2.42995,2.46709,0.0371419,60.0
1744878988926115.0,-7189.29,3779.29,0.180721,2.34068,2.29458,-0.0461,60.0
1744878988946562.0,-7189.29,3779.29,0.180721,2.34068,2.45002,0.109346,60.0
1744878988967519.0,-7189.29,3779.29,0.180721,2.34068,2.30652,-0.0341627,60.0
1744878988988166.0,-7191.83,3781.34,0.184806,2.45003,2.52002,0.0699965,60.0
1744878989008679.0,-7191.83,3781.34,0.184806,2.45003,2.44927,-0.000750951,60.0
1744878989029382.0,-7193.95,3783.39,0.188414,2.52002,2.41762,-0.102401,60.0
1744878989050204.0,-7193.95,3783.39,0.188414,2.52002,2.6066,0.0865821,60.0
1744878989070990.0,-7193.95,3783.39,0.188414,2.52002,2.5606,0.0405809,60.0
1744878989091690.0,-7196.49,3785.45,0.192502,2.6066,2.46722,-0.13938,60.0
1744878989112547.0,-7196.49,3785.45,0.192502,2.6066,2.63668,0.0300809,60.0
1744878989133222.0,-7198.61,3786.81,0.195708,2.46722,2.39164,-0.0755849,60.0
1744878989154057.0,-7198.61,3786.81,0.195708,2.46722,2.45831,-0.00890869,60.0
1744878989174858.0,-7198.61,3786.81,0.195708,2.46722,2.53267,0.0654453,60.0
1744878989195653.0,-7201.15,3788.86,0.199799,2.45831,2.60358,0.145268,60.0
1744878989216407.0,-7201.15,3788.86,0.199799,2.45831,2.3654,-0.0929179,60.0
1744878989236816.0,-7203.69,3790.91,0.203892,2.60358,2.52714,-0.0764439,60.0
1744878989257647.0,-7203.69,3790.91,0.203892,2.60358,2.53012,-0.0734658,60.0
1744878989278271.0,-7203.69,3790.91,0.203892,2.60358,2.5342,-0.0693805,60.0
1744878989299008.0,-7205.8,3792.28,0.207102,2.53012,2.39017,-0.139945,60.0
1744878989319751.0,-7205.8,3792.28,0.207102,2.53012,2.5608,0.0306861,60.0
1744878989340450.0,-7208.34,3794.33,0.211197,2.39017,2.39182,0.00165081,60.0
1744878989361141.0,-7208.34,3794.33,0.211197,2.39017,2.42154,0.0313737,60.0
1744878989381820.0,-7210.46,3796.38,0.214815,2.39182,2.45473,0.0629046,60.0
1744878989402559.0,-7210.46,3796.38,0.214815,2.39182,2.50743,0.115613,60.0
1744878989423289.0,-7210.46,3796.38,0.214815,2.39182,2.4104,0.0185738,60.0
1744878989443975.0,-7213.0,3797.75,0.218508,2.50743,2.43607,-0.0713658,60.0
1744878989464691.0,-7213.0,3797.75,0.218508,2.50743,2.52271,0.0152781,60.0
1744878989485633.0,-7215.54,3799.8,0.222608,2.43607,2.32088,-0.115191,60.0
1744878989506320.0,-7215.54,3799.8,0.222608,2.43607,2.49372,0.0576477,60.0
1744878989527125.0,-7215.54,3799.8,0.222608,2.43607,2.58504,0.148976,60.0
1744878989547787.0,-7217.66,3801.85,0.22623,2.49372,2.47848,-0.0152325,60.0
1744878989568540.0,-7217.66,3801.85,0.22623,2.49372,2.41529,-0.0784257,60.0
1744878989589329.0,-7220.2,3803.22,0.229927,2.47848,2.42704,-0.0514477,60.0
1744878989610058.0,-7220.2,3803.22,0.229927,2.47848,2.60955,0.131064,60.0
1744878989630650.0,-7220.2,3803.22,0.229927,2.47848,2.45616,-0.0223201,60.0
1744878989651318.0,-7222.32,3805.27,0.233551,2.60955,2.71005,0.100501,60.0
1744878989672095.0,-7222.32,3805.27,0.233551,2.60955,2.46134,-0.148207,60.0
1744878989692667.0,-7224.86,3807.32,0.237658,2.71005,2.58068,-0.129364,60.0
1744878989713426.0,-7224.86,3807.32,0.237658,2.71005,2.55912,-0.150931,60.0
1744878989733763.0,-7224.86,3807.32,0.237658,2.71005,2.69195,-0.0180975,60.0
1744878989754505.0,-7227.4,3808.69,0.241359,2.55912,2.49354,-0.0655817,60.0
1744878989775184.0,-7227.4,3808.69,0.241359,2.55912,2.60828,0.0491664,60.0
1744878989795877.0,-7229.51,3810.74,0.244987,2.49354,2.58701,0.0934723,60.0
1744878989816567.0,-7229.51,3810.74,0.244987,2.49354,2.45889,-0.0346474,60.0
1744878989837227.0,-7232.05,3812.79,0.249098,2.58701,2.44871,-0.138299,60.0
1744878989857893.0,-7232.05,3812.79,0.249098,2.58701,2.50622,-0.0807838,60.0
1744878989878605.0,-7232.05,3812.79,0.249098,2.58701,2.5165,-0.070506,60.0
1744878989899299.0,-7234.59,3814.16,0.252804,2.50622,2.54174,0.0355185,60.0
1744878989919984.0,-7234.59,3814.16,0.252804,2.50622,2.51904,0.0128149,60.0
1744878989940807.0,-7236.71,3816.21,0.256436,2.54174,2.43255,-0.109191,60.0
1744878989961482.0,-7236.71,3816.21,0.256436,2.54174,2.54087,-0.00087579,60.0
1744878989982042.0,-7236.71,3816.21,0.256436,2.54174,2.53632,-0.0054229,60.0
1744878990002881.0,-7239.25,3818.26,0.260552,2.54087,2.47903,-0.061838,60.0
1744878990023541.0,-7239.25,3818.26,0.260552,2.54087,2.62562,0.0847519,60.0
1744878990044291.0,-7241.79,3819.63,0.264261,2.47903,2.37414,-0.10489,60.0
1744878990064795.0,-7241.79,3819.63,0.264261,2.47903,2.56289,0.0838591,60.0
1744878990085488.0,-7241.79,3819.63,0.264261,2.47903,2.35794,-0.12109,60.0
1744878990106264.0,-7243.91,3821.68,0.267898,2.56289,2.4444,-0.118492,60.0
1744878990126903.0,-7243.91,3821.68,0.267898,2.56289,2.42807,-0.13482,60.0
1744878990147498.0,-7246.45,3823.05,0.27161,2.4444,2.5856,0.141202,60.0
1744878990168410.0,-7246.45,3823.05,0.27161,2.4444,2.52909,0.0846979,60.0
1744878990188890.0,-7246.45,3823.05,0.27161,2.4444,2.52243,0.078039,60.0
1744878990209687.0,-7248.99,3825.1,0.275732,2.52909,2.40944,-0.119653,60.0
1744878990230380.0,-7248.99,3825.1,0.275732,2.52909,2.51917,-0.00992754,60.0
1744878990251084.0,-7251.1,3827.15,0.279372,2.40944,2.26462,-0.144819,60.0
1744878990271863.0,-7251.1,3827.15,0.279372,2.40944,2.46266,0.0532231,60.0
1744878990292368.0,-7253.64,3828.52,0.283088,2.26462,2.36283,0.0982067,60.0
1744878990313079.0,-7253.64,3828.52,0.283088,2.26462,2.23833,-0.0262965,60.0
1744878990333826.0,-7253.64,3828.52,0.283088,2.26462,2.36994,0.105316,60.0
1744878990354664.0,-7256.18,3830.57,0.287215,2.23833,2.23954,0.00121015,60.0
1744878990375292.0,-7256.18,3830.57,0.287215,2.23833,2.34789,0.109568,60.0
1744878990396328.0,-7258.3,3832.62,0.29086,2.23954,2.2879,0.0483689,60.0
1744878990416986.0,-7258.3,3832.62,0.29086,2.23954,2.38268,0.143146,60.0
1744878990437522.0,-7258.3,3832.62,0.29086,2.23954,2.37738,0.137846,60.0
1744878990458243.0,-7260.84,3833.99,0.29458,2.38268,2.5013,0.118616,60.0
1744878990478991.0,-7260.84,3833.99,0.29458,2.38268,2.44032,0.0576368,60.0
1744878990499837.0,-7262.96,3836.04,0.298227,2.5013,2.41163,-0.0896701,60.0
1744878990520454.0,-7262.96,3836.04,0.298227,2.5013,2.46082,-0.0404755,60.0
1744878990541122.0,-7262.96,3836.04,0.298227,2.5013,2.48433,-0.0169635,60.0
1744878990561752.0,-7265.5,3838.09,0.30236,2.46082,2.46124,0.000413815,60.0
1744878990582406.0,-7265.5,3838.09,0.30236,2.46082,2.37256,-0.088262,60.0
1744878990603445.0,-7268.04,3840.14,0.306494,2.46124,2.32638,-0.134853,60.0
1744878990624022.0,-7268.04,3840.14,0.306494,2.46124,2.3933,-0.0679392,60.0
1744878990644738.0,-7268.04,3840.14,0.306494,2.46124,2.43509,-0.0261428,60.0
1744878990665697.0,-7270.15,3841.51,0.309736,2.3933,2.51423,0.120929,60.0
1744878990686122.0,-7270.15,3841.51,0.309736,2.3933,2.49087,0.0975766,60.0
1744878990706800.0,-7272.69,3843.56,0.313873,2.51423,2.43098,-0.0832414,60.0
1744878990727532.0,-7272.69,3843.56,0.313873,2.51423,2.5271,0.0128761,60.0
1744878990748297.0,-7274.81,3845.61,0.317528,2.43098,2.4937,0.0627121,60.0
1744878990769071.0,-7274.81,3845.61,0.317528,2.43098,2.45669,0.0257039,60.0
1744878990789719.0,-7274.81,3845.61,0.317528,2.43098,2.35389,-0.0770901,60.0
1744878990810360.0,-7277.35,3847.66,0.321668,2.45669,2.39371,-0.062982,60.0
1744878990831168.0,-7277.35,3847.66,0.321668,2.45669,2.49198,0.0352879,60.0
1744878990851579.0,-7279.47,3849.03,0.324914,2.39371,2.46613,0.072427,60.0
1744878990872574.0,-7279.47,3849.03,0.324914,2.39371,2.38844,-0.00526448,60.0
1744878990893274.0,-7279.47,3849.03,0.324914,2.39371,2.38083,-0.0128738,60.0
1744878990913882.0,-7282.01,3851.08,0.329058,2.38844,2.46718,0.0787414,60.0
1744878990934610.0,-7282.01,3851.08,0.329058,2.38844,2.41222,0.0237794,60.0
1744878990955171.0,-7284.12,3853.13,0.332718,2.46718,2.40571,-0.0614765,60.0
1744878990976042.0,-7284.12,3853.13,0.332718,2.46718,2.61176,0.144582,60.0
1744878990996514.0,-7284.12,3853.13,0.332718,2.46718,2.58639,0.11921,60.0
1744878991017323.0,-7286.66,3855.18,0.336864,2.61176,2.46316,-0.1486,60.0
1744878991038132.0,-7286.66,3855.18,0.336864,2.61176,2.47602,-0.135743,60.0
1744878991059313.0,-7288.78,3856.55,0.340115,2.46316,2.45415,-0.00901943,60.0
1744878991080039.0,-7288.78,3856.55,0.340115,2.46316,2.38201,-0.0811585,60.0
1744878991100769.0,-7288.78,3856.55,0.340115,2.46316,2.43019,-0.0329779,60.0
1744878991121815.0,-7291.32,3858.6,0.344265,2.38201,2.41546,0.0334523,60.0
1744878991142508.0,-7291.32,3858.6,0.344265,2.38201,2.35974,-0.0222632,60.0
1744878991163169.0,-7293.44,3860.65,0.34793,2.41546,2.41813,0.00267082,60.0
1744878991183751.0,-7293.44,3860.65,0.34793,2.41546,2.48748,0.0720255,60.0
1744878991204493.0,-7295.98,3862.7,0.352083,2.41813,2.35467,-0.0634629,60.0
1744878991225160.0,-7295.98,3862.7,0.352083,2.41813,2.45773,0.0395986,60.0
1744878991245944.0,-7295.98,3862.7,0.352083,2.41813,2.36531,-0.0528232,60.0
1744878991266680.0,-7298.09,3864.07,0.355339,2.45773,2.5227,0.0649728,60.0
1744878991287764.0,-7298.09,3864.07,0.355339,2.45773,2.54382,0.0860876,60.0
1744878991308432.0,-7300.63,3866.12,0.359494,2.5227,2.54006,0.0173561,60.0
1744878991329115.0,-7300.63,3866.12,0.359494,2.5227,2.52533,0.00263348,60.0
1744878991349616.0,-7300.63,3866.12,0.359494,2.5227,2.38756,-0.135143,60.0
1744878991370673.0,-7302.75,3868.17,0.363165,2.52533,2.40213,-0.123207,60.0
1744878991391310.0,-7302.75,3868.17,0.363165,2.52533,2.417,-0.108338,60.0
1744878991412090.0,-7305.29,3870.22,0.367324,2.40213,2.32328,-0.0788461,60.0
1744878991432473.0,-7305.29,3870.22,0.367324,2.40213,2.56282,0.160695,60.0
1744878991453418.0,-7305.29,3870.22,0.367324,2.40213,2.40494,0.00281494,60.0
1744878991474012.0,-7307.41,3871.59,0.370585,2.56282,2.41078,-0.15204,60.0
1744878991494653.0,-7307.41,3871.59,0.370585,2.56282,2.48919,-0.0736365,60.0
1744878991515126.0,-7309.95,3873.64,0.374746,2.41078,2.55992,0.149135,60.0
1744878991536166.0,-7309.95,3873.64,0.374746,2.41078,2.25186,-0.158923,60.0
1744878991557140.0,-7312.06,3875.69,0.378423,2.55992,2.50193,-0.0579888,60.0
1744878991578187.0,-7312.06,3875.69,0.378423,2.55992,2.57124,0.011322,60.0
1744878991598745.0,-7312.06,3875.69,0.378423,2.55992,2.48601,-0.0739056,60.0
1744878991619543.0,-7314.6,3877.74,0.382588,2.57124,2.4621,-0.109143,60.0
1744878991640369.0,-7314.6,3877.74,0.382588,2.57124,2.523,-0.0482436,60.0
1744878991660666.0,-7317.15,3879.11,0.38634,2.4621,2.38685,-0.0752464,60.0
1744878991681392.0,-7317.15,3879.11,0.38634,2.4621,2.53797,0.0758724,60.0
1744878991702333.0,-7317.15,3879.11,0.38634,2.4621,2.54159,0.0794886,60.0
1744878991723073.0,-7319.26,3881.16,0.390021,2.53797,2.58776,0.0497905,60.0
1744878991743738.0,-7319.26,3881.16,0.390021,2.53797,2.38671,-0.151262,60.0
1744878991764630.0,-7321.8,3883.21,0.394191,2.58776,2.72062,0.132864,60.0
1744878991785290.0,-7321.8,3883.21,0.394191,2.58776,2.49865,-0.0891055,60.0
1744878991805972.0,-7321.8,3883.21,0.394191,2.58776,2.44077,-0.146988,60.0
1744878991827007.0,-7323.92,3884.58,0.397459,2.49865,2.47899,-0.0196624,60.0
1744878991851706.0,-7323.92,3884.58,0.397459,2.49865,2.45119,-0.0474609,60.0
1744878991872391.0,-7326.46,3886.63,0.401632,2.47899,2.62258,0.143588,60.0
1744878991893028.0,-7326.46,3886.63,0.401632,2.47899,2.42968,-0.0493094,60.0
1744878991913740.0,-7329.0,3888.68,0.405806,2.62258,2.58615,-0.0364284,60.0
1744878991934607.0,-7329.0,3888.68,0.405806,2.62258,2.49053,-0.13205,60.0
1744878991955264.0,-7329.0,3888.68,0.405806,2.62258,2.51313,-0.109447,60.0
1744878991975920.0,-7331.12,3890.05,0.409078,2.49053,2.62537,0.134838,60.0
1744878991996805.0,-7331.12,3890.05,0.409078,2.49053,2.32648,-0.164053,60.0
1744878992017540.0,-7333.66,3892.1,0.413255,2.62537,2.475,-0.150368,60.0
1744878992038417.0,-7333.66,3892.1,0.413255,2.62537,2.53711,-0.0882549,60.0
1744878992059309.0,-7333.66,3892.1,0.413255,2.62537,2.48382,-0.141545,60.0
1744878992079700.0,-7335.77,3894.15,0.416946,2.53711,2.40919,-0.127918,60.0
1744878992100470.0,-7335.77,3894.15,0.416946,2.53711,2.37371,-0.163401,60.0
1744878992121095.0,-7338.31,3895.52,0.42071,2.40919,2.51115,0.101952,60.0
1744878992141717.0,-7338.31,3895.52,0.42071,2.40919,2.41821,0.00901521,60.0
1744878992162430.0,-7338.31,3895.52,0.42071,2.40919,2.49893,0.0897336,60.0
1744878992183338.0,-7340.85,3897.57,0.424892,2.41821,2.57799,0.159784,60.0
1744878992204115.0,-7340.85,3897.57,0.424892,2.41821,2.52064,0.102429,60.0
1744878992224986.0,-7342.97,3899.62,0.428586,2.57799,2.71447,0.136478,60.0
1744878992245385.0,-7342.97,3899.62,0.428586,2.57799,2.53598,-0.0420152,60.0
1744878992266092.0,-7345.51,3900.99,0.432354,2.71447,2.64962,-0.0648472,60.0
1744878992286774.0,-7345.51,3900.99,0.432354,2.71447,2.69452,-0.0199548,60.0
1744878992307629.0,-7345.51,3900.99,0.432354,2.71447,2.58883,-0.125645,60.0
1744878992328303.0,-7348.05,3903.04,0.436541,2.69452,2.54458,-0.149937,60.0
1744878992349057.0,-7348.05,3903.04,0.436541,2.69452,2.59908,-0.0954342,60.0
1744878992369752.0,-7350.59,3904.41,0.440312,2.54458,2.494,-0.0505824,60.0
1744878992390521.0,-7350.59,3904.41,0.440312,2.54458,2.46278,-0.0817954,60.0
1744878992411171.0,-7350.59,3904.41,0.440312,2.54458,2.42394,-0.120641,60.0
1744878992432029.0,-7352.71,3906.46,0.444012,2.46278,2.62001,0.157228,60.0
1744878992452804.0,-7352.71,3906.46,0.444012,2.46278,2.40128,-0.0615021,60.0
1744878992473665.0,-7355.25,3908.51,0.448203,2.62001,2.51919,-0.100821,60.0
1744878992494464.0,-7355.25,3908.51,0.448203,2.62001,2.60579,-0.0142215,60.0
1744878992514904.0,-7355.25,3908.51,0.448203,2.62001,2.47836,-0.141656,60.0
1744878992535589.0,-7357.79,3909.88,0.451978,2.60579,2.56761,-0.038176,60.0
1744878992556667.0,-7357.79,3909.88,0.451978,2.60579,2.51959,-0.086205,60.0
1744878992577135.0,-7360.33,3911.93,0.456172,2.56761,2.55467,-0.0129434,60.0
1744878992597716.0,-7360.33,3911.93,0.456172,2.56761,2.51143,-0.0561892,60.0
1744878992618416.0,-7362.44,3913.3,0.45946,2.55467,2.53262,-0.0220541,60.0
1744878992638790.0,-7362.44,3913.3,0.45946,2.55467,2.4094,-0.145275,60.0
1744878992659372.0,-7362.44,3913.3,0.45946,2.55467,2.50524,-0.0494274,60.0
1744878992679918.0,-7364.98,3915.35,0.463657,2.4094,2.45552,0.0461204,60.0
1744878992700857.0,-7364.98,3915.35,0.463657,2.4094,2.47445,0.0650543,60.0
1744878992721196.0,-7367.52,3916.71,0.467437,2.45552,2.32855,-0.126972,60.0
1744878992741743.0,-7367.52,3916.71,0.467437,2.45552,2.38125,-0.0742712,60.0
1744878992762359.0,-7367.52,3916.71,0.467437,2.45552,2.3703,-0.0852161,60.0
1744878992783361.0,-7370.06,3918.77,0.471638,2.38125,2.33002,-0.0512266,60.0
1744878992804133.0,-7370.06,3918.77,0.471638,2.38125,2.49351,0.112263,60.0
1744878992824602.0,-7372.18,3920.82,0.475349,2.33002,2.19997,-0.130049,60.0
1744878992845543.0,-7372.18,3920.82,0.475349,2.33002,2.33809,0.00807159,60.0
1744878992865943.0,-7372.18,3920.82,0.475349,2.33002,2.46286,0.132838,60.0
1744878992886611.0,-7374.72,3922.18,0.479133,2.33809,2.3305,-0.00758946,60.0
1744878992907492.0,-7374.72,3922.18,0.479133,2.33809,2.45112,0.113028,60.0
1744878992928020.0,-7377.26,3924.24,0.483338,2.3305,2.47104,0.140543,60.0
1744878992948660.0,-7377.26,3924.24,0.483338,2.3305,2.46533,0.13483,60.0
1744878992969033.0,-7377.26,3924.24,0.483338,2.3305,2.29602,-0.0344837,60.0
1744878992989901.0,-7379.38,3926.29,0.487053,2.46533,2.36535,-0.0999773,60.0
1744878993010583.0,-7379.38,3926.29,0.487053,2.46533,2.50634,0.0410082,60.0
1744878993031240.0,-7381.92,3927.65,0.490842,2.36535,2.48428,0.11893,60.0
1744878993052339.0,-7381.92,3927.65,0.490842,2.36535,2.48147,0.116113,60.0
1744878993073372.0,-7381.92,3927.65,0.490842,2.36535,2.43223,0.0668791,60.0
1744878993094162.0,-7384.03,3929.71,0.49456,2.48147,2.518,0.0365334,60.0
1744878993115157.0,-7384.03,3929.71,0.49456,2.48147,2.45795,-0.0235143,60.0
1744878993135632.0,-7386.57,3931.76,0.498771,2.518,2.5884,0.0703989,60.0
1744878993156242.0,-7386.57,3931.76,0.498771,2.518,2.36036,-0.15764,60.0
1744878993177120.0,-7386.57,3931.76,0.498771,2.518,2.50157,-0.0164284,60.0
1744878993197761.0,-7388.69,3933.12,0.502071,2.36036,2.44349,0.0831291,60.0
1744878993218622.0,-7388.69,3933.12,0.502071,2.36036,2.199,-0.161363,60.0
1744878993239213.0,-7391.23,3935.17,0.506285,2.44349,2.3552,-0.088288,60.0
1744878993259950.0,-7391.23,3935.17,0.506285,2.44349,2.34839,-0.0951024,60.0
1744878993280448.0,-7393.77,3937.23,0.510501,2.3552,2.37232,0.0171178,60.0
1744878993301050.0,-7393.77,3937.23,0.510501,2.3552,2.41338,0.0581823,60.0
1744878993321635.0,-7393.77,3937.23,0.510501,2.3552,2.37509,0.0198859,60.0
1744878993342231.0,-7395.89,3939.28,0.514226,2.41338,2.444,0.0306169,60.0
1744878993363251.0,-7395.89,3939.28,0.514226,2.41338,2.3164,-0.096982,60.0
1744878993383855.0,-7398.43,3940.64,0.518024,2.444,2.4773,0.0333031,60.0
1744878993404286.0,-7398.43,3940.64,0.518024,2.444,2.52055,0.0765473,60.0
1744878993424868.0,-7398.43,3940.64,0.518024,2.444,2.45019,0.00618685,60.0
1744878993445524.0,-7400.54,3942.7,0.521751,2.52055,2.49264,-0.0279045,60.0
1744878993466288.0,-7400.54,3942.7,0.521751,2.52055,2.43474,-0.0858046,60.0
1744878993487209.0,-7403.08,3944.75,0.525973,2.49264,2.54603,0.0533815,60.0
1744878993508000.0,-7403.08,3944.75,0.525973,2.49264,2.40867,-0.0839713,60.0
1744878993528596.0,-7403.08,3944.75,0.525973,2.49264,2.48765,-0.00499236,60.0
1744878993549684.0,-7405.2,3946.8,0.529704,2.40867,2.527,0.118324,60.0
1744878993570600.0,-7405.2,3946.8,0.529704,2.40867,2.40803,-0.000639712,60.0
1744878993591141.0,-7407.74,3948.17,0.533507,2.527,2.49312,-0.0338739,60.0
1744878993611831.0,-7407.74,3948.17,0.533507,2.527,2.42258,-0.10442,60.0
1744878993632489.0,-7407.74,3948.17,0.533507,2.527,2.36819,-0.158808,60.0
1744878993653238.0,-7409.86,3950.22,0.53724,2.42258,2.47739,0.0548142,60.0
1744878993676342.0,-7409.86,3950.22,0.53724,2.42258,2.44053,0.0179486,60.0
1744878993696726.0,-7412.4,3952.27,0.541468,2.47739,2.36959,-0.107801,60.0
1744878993717369.0,-7412.4,3952.27,0.541468,2.47739,2.35497,-0.122416,60.0
1744878993738088.0,-7414.51,3954.32,0.545204,2.36959,2.37954,0.00995478,60.0
1744878993758828.0,-7414.51,3954.32,0.545204,2.36959,2.4673,0.0977135,60.0
1744878993779498.0,-7414.51,3954.32,0.545204,2.36959,2.38257,0.0129754,60.0
1744878993800105.0,-7417.05,3955.69,0.549012,2.4673,2.44028,-0.0270278,60.0
1744878993820895.0,-7417.05,3955.69,0.549012,2.4673,2.53662,0.0693115,60.0
1744878993841759.0,-7419.17,3957.74,0.552751,2.44028,2.29197,-0.14831,60.0
1744878993862430.0,-7419.17,3957.74,0.552751,2.44028,2.4465,0.00622385,60.0
1744878993883219.0,-7419.17,3957.74,0.552751,2.44028,2.49001,0.0497372,60.0
1744878993903774.0,-7421.71,3959.79,0.556985,2.4465,2.5874,0.140901,60.0
1744878993924614.0,-7421.71,3959.79,0.556985,2.4465,2.52436,0.0778629,60.0
1744878993945126.0,-7423.83,3961.84,0.560727,2.5874,2.53793,-0.0494681,60.0
1744878993965870.0,-7423.83,3961.84,0.560727,2.5874,2.59697,0.00957208,60.0
1744878993986710.0,-7423.83,3961.84,0.560727,2.5874,2.5133,-0.0741041,60.0
1744878994007355.0,-7426.37,3963.21,0.56454,2.59697,2.55471,-0.0422636,60.0
1744878994028210.0,-7426.37,3963.21,0.56454,2.59697,2.44372,-0.153257,60.0
1744878994048977.0,-7428.48,3965.26,0.568284,2.55471,2.44364,-0.111073,60.0
1744878994070161.0,-7428.48,3965.26,0.568284,2.55471,2.46269,-0.0920159,60.0
1744878994090423.0,-7431.02,3967.31,0.572525,2.44364,2.36438,-0.0792594,60.0
1744878994111016.0,-7431.02,3967.31,0.572525,2.44364,2.46914,0.0255077,60.0
1744878994131676.0,-7431.02,3967.31,0.572525,2.44364,2.51696,0.0733239,60.0
1744878994152444.0,-7433.57,3968.68,0.576343,2.46914,2.31899,-0.150149,60.0
1744878994173364.0,-7433.57,3968.68,0.576343,2.46914,2.57772,0.10858,60.0
1744878994193797.0,-7435.68,3970.73,0.580091,2.31899,2.29199,-0.027003,60.0
1744878994214744.0,-7435.68,3970.73,0.580091,2.31899,2.44861,0.129611,60.0
1744878994235108.0,-7435.68,3970.73,0.580091,2.31899,2.43955,0.120557,60.0
1744878994255615.0,-7438.22,3972.78,0.584336,2.44861,2.40534,-0.0432676,60.0
1744878994276655.0,-7438.22,3972.78,0.584336,2.44861,2.33566,-0.112942,60.0
1744878994297079.0,-7440.34,3974.83,0.588087,2.40534,2.34062,-0.0647181,60.0
1744878994318053.0,-7440.34,3974.83,0.588087,2.40534,2.50753,0.102189,60.0
1744878994338645.0,-7440.34,3974.83,0.588087,2.40534,2.45363,0.0482892,60.0
1744878994359314.0,-7442.88,3976.2,0.59191,2.50753,2.57773,0.0702066,60.0
1744878994380332.0,-7442.88,3976.2,0.59191,2.50753,2.45922,-0.0483105,60.0
1744878994400927.0,-7445.0,3978.25,0.595664,2.57773,2.44852,-0.129211,60.0
1744878994421367.0,-7445.0,3978.25,0.595664,2.57773,2.52953,-0.0481991,60.0
1744878994442119.0,-7445.0,3978.25,0.595664,2.57773,2.48407,-0.0936687,60.0
1744878994462983.0,-7447.54,3980.3,0.599915,2.52953,2.38241,-0.14712,60.0
1744878994483705.0,-7447.54,3980.3,0.599915,2.52953,2.4801,-0.049436,60.0
1744878994504578.0,-7449.65,3982.35,0.603672,2.38241,2.45092,0.068502,60.0
1744878994525380.0,-7449.65,3982.35,0.603672,2.38241,2.23276,-0.149657,60.0
1744878994546124.0,-7449.65,3982.35,0.603672,2.38241,2.35094,-0.0314755,60.0
1744878994567159.0,-7452.19,3983.72,0.6075,2.23276,2.35561,0.122852,60.0
1744878994587769.0,-7452.19,3983.72,0.6075,2.23276,2.39612,0.16336,60.0
1744878994608550.0,-7454.31,3985.77,0.611259,2.35561,2.38034,0.024729,60.0
1744878994629346.0,-7454.31,3985.77,0.611259,2.35561,2.46243,0.106824,60.0
1744878994650152.0,-7456.85,3987.82,0.615516,2.38034,2.34009,-0.0402452,60.0
1744878994670707.0,-7456.85,3987.82,0.615516,2.38034,2.30499,-0.0753448,60.0
1744878994691494.0,-7456.85,3987.82,0.615516,2.38034,2.43969,0.0593498,60.0
1744878994712058.0,-7458.96,3989.87,0.619279,2.30499,2.33062,0.025622,60.0
1744878994732453.0,-7458.96,3989.87,0.619279,2.30499,2.42761,0.12262,60.0
1744878994753326.0,-7461.5,3991.92,0.623539,2.33062,2.37624,0.0456255,60.0
1744878994774018.0,-7461.5,3991.92,0.623539,2.33062,2.4219,0.0912793,60.0
1744878994794495.0,-7461.5,3991.92,0.623539,2.33062,2.46521,0.134591,60.0
1744878994815141.0,-7463.62,3993.29,0.626877,2.4219,2.28716,-0.134733,60.0
1744878994836143.0,-7463.62,3993.29,0.626877,2.4219,2.5335,0.111608,60.0
1744878994856837.0,-7466.16,3995.34,0.631141,2.28716,2.34839,0.0612274,60.0
1744878994877348.0,-7466.16,3995.34,0.631141,2.28716,2.3402,0.053042,60.0
1744878994898106.0,-7466.16,3995.34,0.631141,2.28716,2.28996,0.00279381,60.0
1744878994918792.0,-7468.28,3997.39,0.634908,2.3402,2.49991,0.159702,60.0
1744878994939471.0,-7468.28,3997.39,0.634908,2.3402,2.41851,0.0783081,60.0
1744878994960032.0,-7470.39,3999.44,0.638677,2.49991,2.52532,0.02541,60.0
1744878994980872.0,-7470.39,3999.44,0.638677,2.49991,2.45095,-0.0489536,60.0
1744878995001497.0,-7472.93,4001.49,0.642945,2.52532,2.64264,0.117322,60.0
1744878995022081.0,-7472.93,4001.49,0.642945,2.52532,2.36536,-0.159958,60.0
1744878995043131.0,-7472.93,4001.49,0.642945,2.52532,2.50648,-0.0188397,60.0
1744878995063615.0,-7475.05,4003.54,0.646717,2.36536,2.46785,0.10249,60.0
1744878995084472.0,-7475.05,4003.54,0.646717,2.36536,2.39008,0.0247166,60.0
1744878995105263.0,-7477.17,4005.6,0.65049,2.46785,2.54764,0.0797937,60.0
1744878995125857.0,-7477.17,4005.6,0.65049,2.46785,2.53119,0.0633381,60.0
1744878995146534.0,-7477.17,4005.6,0.65049,2.46785,2.35884,-0.109006,60.0
1744878995167674.0,-7479.71,4006.96,0.654335,2.53119,2.56263,0.0314398,60.0
1744878995188380.0,-7479.71,4006.96,0.654335,2.53119,2.48741,-0.043781,60.0
1744878995209219.0,-7481.82,4009.01,0.658111,2.56263,2.45957,-0.103054,60.0
1744878995229845.0,-7481.82,4009.01,0.658111,2.56263,2.52862,-0.0340102,60.0
1744878995250521.0,-7481.82,4009.01,0.658111,2.56263,2.62016,0.0575376,60.0
1744878995271291.0,-7484.36,4011.07,0.662386,2.52862,2.54027,0.0116543,60.0
1744878995292085.0,-7484.36,4011.07,0.662386,2.52862,2.57106,0.0424409,60.0
1744878995312650.0,-7486.48,4013.12,0.666165,2.54027,2.44289,-0.0973784,60.0
1744878995333787.0,-7486.48,4013.12,0.666165,2.54027,2.59225,0.0519775,60.0
1744878995354545.0,-7486.48,4013.12,0.666165,2.54027,2.52335,-0.0169212,60.0
1744878995375357.0,-7489.02,4015.17,0.670444,2.59225,2.6132,0.0209493,60.0
1744878995396019.0,-7489.02,4015.17,0.670444,2.59225,2.45304,-0.139208,60.0
1744878995416713.0,-7491.14,4016.54,0.673796,2.6132,2.49851,-0.11469,60.0
1744878995437415.0,-7491.14,4016.54,0.673796,2.6132,2.55187,-0.0613312,60.0
1744878995458068.0,-7493.68,4018.59,0.678078,2.49851,2.47973,-0.0187772,60.0
1744878995478611.0,-7493.68,4018.59,0.678078,2.49851,2.61349,0.114984,60.0
1744878995499541.0,-7493.68,4018.59,0.678078,2.49851,2.3357,-0.162804,60.0
1744878995520300.0,-7495.79,4020.64,0.681862,2.61349,2.45393,-0.159567,60.0
1744878995541037.0,-7495.79,4020.64,0.681862,2.61349,2.47626,-0.137232,60.0
1744878995561818.0,-7498.33,4022.69,0.686147,2.45393,2.48839,0.0344679,60.0
1744878995582770.0,-7498.33,4022.69,0.686147,2.45393,2.46186,0.0079363,60.0
1744878995603803.0,-7498.33,4022.69,0.686147,2.45393,2.44204,-0.0118861,60.0
1744878995624428.0,-7500.45,4024.06,0.689504,2.46186,2.35274,-0.109119,60.0
1744878995644836.0,-7500.45,4024.06,0.689504,2.46186,2.3951,-0.06676,60.0
1744878995665633.0,-7502.99,4026.11,0.693792,2.35274,2.32951,-0.0232288,60.0
1744878995686167.0,-7502.99,4026.11,0.693792,2.35274,2.47176,0.119013,60.0
1744878995706851.0,-7502.99,4026.11,0.693792,2.35274,2.36713,0.0143897,60.0
1744878995727472.0,-7505.11,4028.16,0.697582,2.47176,2.45519,-0.0165633,60.0
1744878995748044.0,-7505.11,4028.16,0.697582,2.47176,2.48462,0.0128653,60.0
1744878995768796.0,-7507.65,4029.53,0.701443,2.45519,2.52763,0.0724416,60.0
1744878995789500.0,-7507.65,4029.53,0.701443,2.45519,2.57276,0.117565,60.0
1744878995810070.0,-7507.65,4029.53,0.701443,2.45519,2.3907,-0.0644899,60.0
1744878995830746.0,-7509.76,4031.58,0.705235,2.57276,2.6188,0.0460387,60.0
1744878995851420.0,-7509.76,4031.58,0.705235,2.57276,2.4348,-0.137954,60.0
1744878995872460.0,-7512.3,4033.63,0.709529,2.6188,2.5867,-0.0320946,60.0
1744878995893154.0,-7512.3,4033.63,0.709529,2.6188,2.60884,-0.00995493,60.0
1744878995913776.0,-7514.84,4035.68,0.713825,2.5867,2.50654,-0.0801563,60.0
1744878995934337.0,-7514.84,4035.68,0.713825,2.5867,2.54672,-0.0399765,60.0
1744878995954914.0,-7514.84,4035.68,0.713825,2.5867,2.44022,-0.146482,60.0
1744878995975423.0,-7516.96,4037.05,0.71719,2.54672,2.5352,-0.0115229,60.0
1744878995996544.0,-7516.96,4037.05,0.71719,2.54672,2.62363,0.076903,60.0
1744878996018217.0,-7519.5,4039.1,0.721489,2.5352,2.52546,-0.00974048,60.0
1744878996038927.0,-7519.5,4039.1,0.721489,2.5352,2.47135,-0.0638547,60.0
1744878996059834.0,-7519.5,4039.1,0.721489,2.5352,2.37666,-0.158545,60.0
1744878996080256.0,-7522.04,4041.15,0.725789,2.47135,2.38618,-0.085167,60.0
1744878996100949.0,-7522.04,4041.15,0.725789,2.47135,2.47567,0.00432736,60.0
1744878996121593.0,-7524.16,4042.52,0.729158,2.38618,2.45488,0.0687013,60.0
1744878996142184.0,-7524.16,4042.52,0.729158,2.38618,2.35757,-0.0286054,60.0
1744878996162795.0,-7524.16,4042.52,0.729158,2.38618,2.45586,0.0696849,60.0
1744878996183421.0,-7526.7,4044.57,0.733462,2.35757,2.43906,0.0814836,60.0
1744878996204567.0,-7526.7,4044.57,0.733462,2.35757,2.45454,0.0969671,60.0
1744878996225150.0,-7528.81,4046.62,0.737265,2.43906,2.29633,-0.14273,60.0
1744878996245722.0,-7528.81,4046.62,0.737265,2.43906,2.54763,0.108574,60.0
1744878996266297.0,-7528.81,4046.62,0.737265,2.43906,2.39954,-0.0395202,60.0
1744878996286971.0,-7531.36,4047.99,0.741139,2.54763,2.38958,-0.158052,60.0
1744878996307745.0,-7531.36,4047.99,0.741139,2.54763,2.5081,-0.0395298,60.0
1744878996328728.0,-7533.9,4050.04,0.745447,2.38958,2.34595,-0.0436307,60.0
1744878996349251.0,-7533.9,4050.04,0.745447,2.38958,2.44483,0.0552463,60.0
1744878996370062.0,-7536.01,4052.09,0.749255,2.34595,2.49827,0.152321,60.0
1744878996390976.0,-7536.01,4052.09,0.749255,2.34595,2.40957,0.0636171,60.0
1744878996411685.0,-7536.01,4052.09,0.749255,2.34595,2.4797,0.133752,60.0
1744878996432137.0,-7538.55,4054.14,0.753566,2.40957,2.29441,-0.115161,60.0
1744878996452838.0,-7538.55,4054.14,0.753566,2.40957,2.45774,0.0481744,60.0
1744878996473590.0,-7540.67,4055.51,0.756943,2.29441,2.41406,0.119657,60.0
1744878996494318.0,-7540.67,4055.51,0.756943,2.29441,2.34812,0.0537158,60.0
1744878996515166.0,-7540.67,4055.51,0.756943,2.29441,2.35757,0.0631649,60.0
1744878996535832.0,-7543.21,4057.56,0.761257,2.34812,2.38325,0.0351246,60.0
1744878996556877.0,-7543.21,4057.56,0.761257,2.34812,2.30644,-0.0416793,60.0
1744878996577865.0,-7545.33,4059.61,0.76507,2.38325,2.48135,0.0981077,60.0
1744878996598798.0,-7545.33,4059.61,0.76507,2.38325,2.51508,0.13183,60.0
1744878996619290.0,-7545.33,4059.61,0.76507,2.38325,2.37698,-0.00626856,60.0
1744878996639941.0,-7547.87,4061.66,0.769388,2.51508,2.53188,0.0168009,60.0
1744878996660966.0,-7547.87,4061.66,0.769388,2.51508,2.58579,0.0707127,60.0
1744878996681635.0,-7549.98,4063.03,0.77277,2.53188,2.5521,0.0202241,60.0
1744878996702103.0,-7549.98,4063.03,0.77277,2.53188,2.47017,-0.0617083,60.0
1744878996723078.0,-7549.98,4063.03,0.77277,2.53188,2.38589,-0.145982,60.0
1744878996743938.0,-7552.52,4065.08,0.77709,2.47017,2.38556,-0.0846122,60.0
1744878996764496.0,-7552.52,4065.08,0.77709,2.47017,2.41179,-0.0583822,60.0
1744878996785219.0,-7554.64,4067.13,0.780909,2.38556,2.53254,0.146983,60.0
1744878996805760.0,-7554.64,4067.13,0.780909,2.38556,2.42802,0.0424604,60.0
1744878996826443.0,-7556.75,4069.18,0.784729,2.53254,2.37861,-0.153933,60.0
1744878996847035.0,-7556.75,4069.18,0.784729,2.53254,2.41487,-0.117672,60.0
1744878996867585.0,-7556.75,4069.18,0.784729,2.53254,2.59119,0.0586494,60.0
1744878996888191.0,-7559.29,4071.23,0.789054,2.41487,2.33876,-0.0761066,60.0
1744878996908785.0,-7559.29,4071.23,0.789054,2.41487,2.52933,0.114465,60.0
1744878996929573.0,-7561.41,4072.6,0.792441,2.33876,2.45798,0.119225,60.0
1744878996950441.0,-7561.41,4072.6,0.792441,2.33876,2.25178,-0.086982,60.0
1744878996971076.0,-7561.41,4072.6,0.792441,2.33876,2.40019,0.0614293,60.0
1744878996991833.0,-7563.95,4074.65,0.796769,2.25178,2.34887,0.0970922,60.0
1744878997012504.0,-7563.95,4074.65,0.796769,2.25178,2.32946,0.0776858,60.0
1744878997033192.0,-7566.07,4076.7,0.800595,2.34887,2.4221,0.0732273,60.0
1744878997054657.0,-7566.07,4076.7,0.800595,2.34887,2.39345,0.0445789,60.0
1744878997075085.0,-7566.07,4076.7,0.800595,2.34887,2.49691,0.148041,60.0
1744878997095721.0,-7568.61,4078.75,0.804926,2.39345,2.4075,0.0140526,60.0
1744878997116392.0,-7568.61,4078.75,0.804926,2.39345,2.43126,0.0378089,60.0
1744878997137146.0,-7570.72,4080.8,0.808755,2.4075,2.366,-0.0414972,60.0
1744878997157792.0,-7570.72,4080.8,0.808755,2.4075,2.55612,0.14862,60.0
1744878997178511.0,-7570.72,4080.8,0.808755,2.4075,2.52423,0.116733,60.0
1744878997199254.0,-7572.84,4082.86,0.812584,2.55612,2.4637,-0.0924173,60.0
1744878997220223.0,-7572.84,4082.86,0.812584,2.55612,2.42926,-0.126855,60.0
1744878997240943.0,-7575.38,4084.22,0.816484,2.4637,2.33898,-0.124722,60.0
1744878997261757.0,-7575.38,4084.22,0.816484,2.4637,2.43905,-0.0246577,60.0
1744878997282332.0,-7577.5,4086.27,0.820316,2.33898,2.43352,0.094534,60.0
1744878997303065.0,-7577.5,4086.27,0.820316,2.33898,2.43696,0.0979792,60.0
1744878997323804.0,-7577.5,4086.27,0.820316,2.33898,2.45232,0.113343,60.0
1744878997344253.0,-7580.04,4088.33,0.824655,2.43696,2.42554,-0.0114244,60.0
1744878997364997.0,-7580.04,4088.33,0.824655,2.43696,2.36628,-0.0706842,60.0
1744878997385794.0,-7582.15,4090.38,0.82849,2.42554,2.3049,-0.120641,60.0
1744878997406634.0,-7582.15,4090.38,0.82849,2.42554,2.45035,0.0248103,60.0
1744878997427359.0,-7582.15,4090.38,0.82849,2.42554,2.33708,-0.088456,60.0
1744878997448055.0,-7584.27,4092.43,0.832327,2.45035,2.44861,-0.00173649,60.0
1744878997468663.0,-7584.27,4092.43,0.832327,2.45035,2.52672,0.0763704,60.0
1744878997489656.0,-7586.81,4094.48,0.83667,2.44861,2.44072,-0.00788878,60.0
1744878997510309.0,-7586.81,4094.48,0.83667,2.44861,2.56246,0.113853,60.0
1744878997531001.0,-7586.81,4094.48,0.83667,2.44861,2.33068,-0.117926,60.0
1744878997551587.0,-7588.93,4095.85,0.840072,2.56246,2.49553,-0.0669283,60.0
1744878997572523.0,-7588.93,4095.85,0.840072,2.56246,2.44554,-0.11692,60.0
1744878997593317.0,-7591.47,4097.9,0.844419,2.49553,2.56915,0.0736146,60.0
1744878997614104.0,-7591.47,4097.9,0.844419,2.49553,2.52398,0.0284492,60.0
1744878997634792.0,-7591.47,4097.9,0.844419,2.49553,2.42533,-0.0702084,60.0
1744878997655498.0,-7593.58,4099.95,0.848261,2.52398,2.43725,-0.0867305,60.0
1744878997676586.0,-7593.58,4099.95,0.848261,2.52398,2.47832,-0.0456606,60.0
1744878997696962.0,-7596.12,4102.0,0.85261,2.43725,2.3268,-0.110453,60.0
1744878997717731.0,-7596.12,4102.0,0.85261,2.43725,2.47792,0.0406686,60.0
1744878997738402.0,-7598.24,4104.05,0.856455,2.3268,2.20952,-0.11728,60.0
1744878997759113.0,-7598.24,4104.05,0.856455,2.3268,2.40699,0.0801896,60.0
1744878997780054.0,-7598.24,4104.05,0.856455,2.3268,2.28784,-0.0389614,60.0
1744878997800491.0,-7600.36,4105.42,0.859863,2.40699,2.39668,-0.0103124,60.0
1744878997821189.0,-7600.36,4105.42,0.859863,2.40699,2.51735,0.11036,60.0
1744878997841948.0,-7602.9,4107.47,0.864217,2.39668,2.28876,-0.107915,60.0
1744878997862605.0,-7602.9,4107.47,0.864217,2.39668,2.55094,0.154259,60.0
1744878997884769.0,-7602.9,4107.47,0.864217,2.39668,2.41048,0.0138045,60.0
1744878997905396.0,-7605.01,4109.52,0.868066,2.55094,2.47313,-0.077803,60.0
1744878997925794.0,-7605.01,4109.52,0.868066,2.55094,2.4534,-0.0975376,60.0
1744878997946498.0,-7607.55,4111.57,0.872423,2.47313,2.44821,-0.0249234,60.0
1744878997967182.0,-7607.55,4111.57,0.872423,2.47313,2.62516,0.152022,60.0
1744878997988216.0,-7607.55,4111.57,0.872423,2.47313,2.59217,0.119031,60.0
1744878998009013.0,-7609.67,4113.62,0.876275,2.62516,2.69902,0.073868,60.0
1744878998029820.0,-7609.67,4113.62,0.876275,2.62516,2.63347,0.00831549,60.0
1744878998050141.0,-7612.21,4115.67,0.880636,2.69902,2.59187,-0.107158,60.0
1744878998071766.0,-7612.21,4115.67,0.880636,2.69902,2.56817,-0.130856,60.0
1744878998092427.0,-7614.33,4117.04,0.884051,2.59187,2.5382,-0.0536637,60.0
1744878998112939.0,-7614.33,4117.04,0.884051,2.59187,2.51904,-0.072825,60.0
1744878998133411.0,-7614.33,4117.04,0.884051,2.59187,2.46292,-0.128949,60.0
1744878998154170.0,-7616.87,4119.09,0.888414,2.51904,2.36666,-0.152385,60.0
1744878998175027.0,-7616.87,4119.09,0.888414,2.51904,2.38879,-0.130254,60.0
1744878998195562.0,-7618.98,4121.14,0.892271,2.36666,2.46962,0.10296,60.0
1744878998216394.0,-7618.98,4121.14,0.892271,2.36666,2.46782,0.101166,60.0
1744878998237097.0,-7618.98,4121.14,0.892271,2.36666,2.49139,0.124732,60.0
1744878998257471.0,-7621.52,4122.51,0.896197,2.46782,2.35779,-0.110032,60.0
1744878998278502.0,-7621.52,4122.51,0.896197,2.46782,2.43734,-0.0304791,60.0
1744878998299218.0,-7623.64,4124.56,0.900058,2.35779,2.5097,0.151905,60.0
1744878998320230.0,-7623.64,4124.56,0.900058,2.35779,2.49849,0.140696,60.0
1744878998340965.0,-7623.64,4124.56,0.900058,2.35779,2.36387,0.0060776,60.0
1744878998361736.0,-7626.18,4126.61,0.904427,2.49849,2.43176,-0.0667238,60.0
1744878998382472.0,-7626.18,4126.61,0.904427,2.49849,2.55566,0.0571706,60.0
1744878998402989.0,-7628.3,4128.66,0.90829,2.43176,2.48845,0.0566886,60.0
1744878998423757.0,-7628.3,4128.66,0.90829,2.43176,2.46547,0.0337034,60.0
1744878998444643.0,-7628.3,4128.66,0.90829,2.43176,2.41689,-0.0148764,60.0
1744878998465371.0,-7630.84,4130.72,0.912663,2.46547,2.36835,-0.0971197,60.0
1744878998486214.0,-7630.84,4130.72,0.912663,2.46547,2.3425,-0.122963,60.0
1744878998506730.0,-7632.95,4132.08,0.916087,2.36835,2.36323,-0.00511389,60.0
1744878998527610.0,-7632.95,4132.08,0.916087,2.36835,2.30188,-0.0664646,60.0
1744878998548123.0,-7635.49,4134.13,0.920462,2.36323,2.46926,0.106022,60.0
1744878998568863.0,-7635.49,4134.13,0.920462,2.36323,2.45204,0.0888062,60.0
1744878998589833.0,-7635.49,4134.13,0.920462,2.36323,2.51792,0.154689,60.0
1744878998610519.0,-7637.61,4136.19,0.924331,2.45204,2.42249,-0.0295531,60.0
1744878998632648.0,-7637.61,4136.19,0.924331,2.45204,2.4126,-0.0394436,60.0
1744878998652958.0,-7640.15,4138.24,0.92871,2.42249,2.3726,-0.0498836,60.0
1744878998673521.0,-7640.15,4138.24,0.92871,2.42249,2.34504,-0.077451,60.0
1744878998694162.0,-7640.15,4138.24,0.92871,2.42249,2.4831,0.0606165,60.0
1744878998714936.0,-7642.27,4139.6,0.932139,2.34504,2.44596,0.100924,60.0
1744878998735701.0,-7642.27,4139.6,0.932139,2.34504,2.39923,0.0541962,60.0
1744878998756486.0,-7644.81,4141.66,0.93652,2.44596,2.49271,0.0467507,60.0
1744878998777097.0,-7644.81,4141.66,0.93652,2.44596,2.38821,-0.0577459,60.0
1744878998797707.0,-7644.81,4141.66,0.93652,2.44596,2.4348,-0.0111589,60.0
1744878998818624.0,-7646.92,4143.71,0.940394,2.38821,2.49922,0.111009,60.0
1744878998839436.0,-7646.92,4143.71,0.940394,2.38821,2.27748,-0.110732,60.0
1744878998861152.0,-7649.04,4145.76,0.94427,2.49922,2.54132,0.042097,60.0
1744878998881387.0,-7649.04,4145.76,0.94427,2.49922,2.58433,0.0851094,60.0
1744878998902071.0,-7649.04,4145.76,0.94427,2.49922,2.64642,0.147198,60.0
1744878998922985.0,-7651.58,4147.81,0.948656,2.58433,2.47968,-0.104646,60.0
1744878998943936.0,-7651.58,4147.81,0.948656,2.58433,2.55688,-0.027448,60.0
1744878998964428.0,-7653.7,4149.86,0.952535,2.47968,2.32461,-0.155079,60.0
1744878998985212.0,-7653.7,4149.86,0.952535,2.47968,2.62772,0.148033,60.0
1744878999005747.0,-7656.24,4151.23,0.95648,2.32461,2.47789,0.153287,60.0
1744878999026843.0,-7656.24,4151.23,0.95648,2.32461,2.41346,0.0888556,60.0
1744878999047513.0,-7656.24,4151.23,0.95648,2.32461,2.43674,0.11213,60.0
1744878999068082.0,-7658.35,4153.28,0.960361,2.41346,2.48679,0.0733311,60.0
1744878999089284.0,-7658.35,4153.28,0.960361,2.41346,2.37269,-0.0407759,60.0
1744878999109935.0,-7660.89,4155.33,0.964754,2.48679,2.53475,0.0479529,60.0
1744878999130687.0,-7660.89,4155.33,0.964754,2.48679,2.44299,-0.0437988,60.0
1744878999151163.0,-7660.89,4155.33,0.964754,2.48679,2.51518,0.0283915,60.0
1744878999172035.0,-7663.01,4157.38,0.968638,2.44299,2.47513,0.0321325,60.0
1744878999192857.0,-7663.01,4157.38,0.968638,2.44299,2.48481,0.0418164,60.0
1744878999213400.0,-7665.55,4159.43,0.973033,2.47513,2.39312,-0.0820101,60.0
1744878999234133.0,-7665.55,4159.43,0.973033,2.47513,2.49736,0.022232,60.0
1744878999254715.0,-7665.55,4159.43,0.973033,2.47513,2.51074,0.0356103,60.0
1744878999275650.0,-7667.67,4160.8,0.976475,2.49736,2.54673,0.0493667,60.0
1744878999296341.0,-7667.67,4160.8,0.976475,2.49736,2.36501,-0.132347,60.0
1744878999317147.0,-7670.21,4162.85,0.980874,2.54673,2.56489,0.0181603,60.0
1744878999337669.0,-7670.21,4162.85,0.980874,2.54673,2.4874,-0.0593289,60.0
1744878999358414.0,-7670.21,4162.85,0.980874,2.54673,2.50484,-0.0418857,60.0
1744878999379150.0,-7672.32,4164.9,0.984763,2.4874,2.51341,0.0260178,60.0
1744878999399831.0,-7672.32,4164.9,0.984763,2.4874,2.50137,0.0139765,60.0
1744878999420545.0,-7674.86,4166.95,0.989165,2.51341,2.38936,-0.124057,60.0
1744878999441850.0,-7674.86,4166.95,0.989165,2.51341,2.41158,-0.101838,60.0
1744878999461971.0,-7676.98,4168.32,0.992612,2.38936,2.44126,0.0519066,60.0
1744878999482941.0,-7676.98,4168.32,0.992612,2.38936,2.41175,0.0223892,60.0
1744878999503324.0,-7676.98,4168.32,0.992612,2.38936,2.47797,0.0886176,60.0
1744878999524265.0,-7679.52,4170.37,0.997017,2.41175,2.48077,0.0690257,60.0
1744878999544993.0,-7679.52,4170.37,0.997017,2.41175,2.47693,0.0651822,60.0
1744878999565741.0,-7681.64,4172.42,1.00091,2.48077,2.35487,-0.125901,60.0
1744878999586598.0,-7681.64,4172.42,1.00091,2.48077,2.50886,0.0280919,60.0
1744878999607222.0,-7681.64,4172.42,1.00091,2.48077,2.47667,-0.00410206,60.0
1744878999627875.0,-7684.18,4174.47,1.00532,2.50886,2.38689,-0.121971,60.0
1744878999648537.0,-7684.18,4174.47,1.00532,2.50886,2.51275,0.00388432,60.0
1744878999669252.0,-7686.29,4176.53,1.00922,2.38689,2.31855,-0.0683441,60.0
1744878999689974.0,-7686.29,4176.53,1.00922,2.38689,2.41363,0.0267362,60.0
1744878999710641.0,-7686.29,4176.53,1.00922,2.38689,2.35422,-0.0326768,60.0
1744878999731433.0,-7688.41,4177.89,1.01267,2.41363,2.41154,-0.00209277,60.0
1744878999752140.0,-7688.41,4177.89,1.01267,2.41363,2.51431,0.100676,60.0
1744878999772816.0,-7690.95,4179.94,1.01708,2.41154,2.47591,0.0643715,60.0
1744878999793511.0,-7690.95,4179.94,1.01708,2.41154,2.42398,0.0124392,60.0
1744878999814227.0,-7690.95,4179.94,1.01708,2.41154,2.43346,0.021926,60.0
1744878999834937.0,-7693.07,4182.0,1.02098,2.42398,2.42081,-0.00316908,60.0
1744878999855652.0,-7693.07,4182.0,1.02098,2.42398,2.55111,0.127138,60.0
1744878999876307.0,-7695.61,4184.05,1.0254,2.42081,2.40984,-0.010969,60.0
1744878999897050.0,-7695.61,4184.05,1.0254,2.42081,2.44582,0.0250181,60.0
1744878999917840.0,-7697.72,4186.1,1.0293,2.40984,2.52354,0.1137,60.0
1744878999938617.0,-7697.72,4186.1,1.0293,2.40984,2.29451,-0.115331,60.0
1744878999959331.0,-7697.72,4186.1,1.0293,2.40984,2.55099,0.141151,60.0
1744878999980457.0,-7700.26,4187.47,1.03328,2.29451,2.38699,0.0924857,60.0
1744879000000895.0,-7700.26,4187.47,1.03328,2.29451,2.28183,-0.012681,60.0
1744879000021528.0,-7702.38,4189.52,1.03718,2.38699,2.48395,0.0969632,60.0
1744879000044022.0,-7702.38,4189.52,1.03718,2.38699,2.32029,-0.0667009,60.0
1744879000064783.0,-7702.38,4189.52,1.03718,2.38699,2.47273,0.0857337,60.0
1744879000085503.0,-7704.92,4191.57,1.0416,2.32029,2.29224,-0.0280461,60.0
1744879000106267.0,-7704.92,4191.57,1.0416,2.32029,2.46476,0.144473,60.0
1744879000126944.0,-7707.04,4193.62,1.04551,2.29224,2.25998,-0.0322636,60.0
1744879000147870.0,-7707.04,4193.62,1.04551,2.29224,2.30521,0.0129666,60.0
1744879000168568.0,-7707.04,4193.62,1.04551,2.29224,2.44055,0.148306,60.0
1744879000189197.0,-7709.15,4195.67,1.04943,2.30521,2.27759,-0.0276219,60.0
1744879000209700.0,-7709.15,4195.67,1.04943,2.30521,2.28527,-0.0199453,60.0
1744879000230581.0,-7711.27,4197.72,1.05334,2.27759,2.43581,0.158218,60.0
1744879000251211.0,-7711.27,4197.72,1.05334,2.27759,2.36676,0.08917,60.0
1744879000272289.0,-7713.81,4199.77,1.05777,2.43581,2.40608,-0.029732,60.0
1744879000292927.0,-7713.81,4199.77,1.05777,2.43581,2.59012,0.154315,60.0
1744879000313487.0,-7713.81,4199.77,1.05777,2.43581,2.55077,0.114961,60.0
1744879000333963.0,-7715.92,4201.82,1.06168,2.59012,2.46084,-0.129284,60.0
1744879000354656.0,-7715.92,4201.82,1.06168,2.59012,2.63404,0.0439169,60.0
1744879000375627.0,-7718.04,4203.19,1.06515,2.46084,2.48897,0.0281338,60.0
1744879000396281.0,-7718.04,4203.19,1.06515,2.46084,2.54626,0.0854264,60.0
1744879000417013.0,-7718.04,4203.19,1.06515,2.46084,2.41573,-0.0451087,60.0
1744879000437854.0,-7720.58,4205.24,1.06958,2.54626,2.49309,-0.0531777,60.0
1744879000458592.0,-7720.58,4205.24,1.06958,2.54626,2.6904,0.144131,60.0
1744879000479257.0,-7722.7,4207.29,1.0735,2.49309,2.53707,0.0439814,60.0
1744879000499986.0,-7722.7,4207.29,1.0735,2.49309,2.50447,0.0113867,60.0
1744879000520664.0,-7722.7,4207.29,1.0735,2.49309,2.43162,-0.0614701,60.0
1744879000541417.0,-7724.81,4209.34,1.07742,2.50447,2.47115,-0.0333275,60.0
1744879000562478.0,-7724.81,4209.34,1.07742,2.50447,2.54827,0.0437981,60.0
1744879000582867.0,-7727.35,4211.4,1.08186,2.47115,2.31793,-0.153221,60.0
1744879000603557.0,-7727.35,4211.4,1.08186,2.47115,2.38272,-0.0884214,60.0
1744879000624220.0,-7727.35,4211.4,1.08186,2.47115,2.48472,0.0135692,60.0
1744879000644878.0,-7729.47,4213.45,1.08578,2.38272,2.52845,0.145722,60.0
1744879000665637.0,-7729.47,4213.45,1.08578,2.38272,2.30089,-0.0818327,60.0
1744879000686369.0,-7732.01,4215.5,1.09022,2.52845,2.58466,0.0562122,60.0
1744879000707366.0,-7732.01,4215.5,1.09022,2.52845,2.56677,0.0383229,60.0
1744879000727929.0,-7734.13,4216.87,1.0937,2.58466,2.55239,-0.0322681,60.0
1744879000748787.0,-7734.13,4216.87,1.0937,2.58466,2.50792,-0.076737,60.0
1744879000769416.0,-7734.13,4216.87,1.0937,2.58466,2.49854,-0.0861189,60.0
1744879000790258.0,-7736.67,4218.92,1.09814,2.50792,2.47998,-0.0279395,60.0
1744879000810781.0,-7736.67,4218.92,1.09814,2.50792,2.40091,-0.107015,60.0
1744879000831534.0,-7738.78,4220.97,1.10207,2.47998,2.50133,0.0213497,60.0
1744879000851945.0,-7738.78,4220.97,1.10207,2.47998,2.32255,-0.157432,60.0
1744879000872553.0,-7738.78,4220.97,1.10207,2.47998,2.54188,0.0619009,60.0
1744879000893295.0,-7740.9,4223.02,1.106,2.32255,2.39292,0.0703743,60.0
1744879000914081.0,-7740.9,4223.02,1.106,2.32255,2.4738,0.151251,60.0
1744879000935013.0,-7743.44,4225.07,1.11045,2.39292,2.46974,0.0768194,60.0
1744879000955706.0,-7743.44,4225.07,1.11045,2.39292,2.51463,0.121705,60.0
1744879000976553.0,-7743.44,4225.07,1.11045,2.39292,2.38382,-0.00910162,60.0
1744879000997096.0,-7745.56,4227.12,1.11439,2.51463,2.51078,-0.00385293,60.0
1744879001017825.0,-7745.56,4227.12,1.11439,2.51463,2.49374,-0.0208915,60.0
1744879001038555.0,-7748.1,4228.49,1.11838,2.51078,2.4448,-0.0659794,60.0
1744879001059471.0,-7748.1,4228.49,1.11838,2.51078,2.47849,-0.0322828,60.0
1744879001080031.0,-7748.1,4228.49,1.11838,2.51078,2.51316,0.00238563,60.0
1744879001100561.0,-7750.21,4230.54,1.12232,2.47849,2.5413,0.0628063,60.0
1744879001121370.0,-7750.21,4230.54,1.12232,2.47849,2.46111,-0.017384,60.0
1744879001142101.0,-7752.75,4232.59,1.12677,2.5413,2.48382,-0.0574794,60.0
1744879001162819.0,-7752.75,4232.59,1.12677,2.5413,2.49018,-0.0511235,60.0
1744879001183756.0,-7754.87,4234.64,1.13071,2.48382,2.57465,0.090829,60.0
1744879001204615.0,-7754.87,4234.64,1.13071,2.48382,2.32072,-0.163105,60.0
1744879001225347.0,-7754.87,4234.64,1.13071,2.48382,2.44127,-0.0425544,60.0
1744879001245814.0,-7757.41,4236.01,1.13472,2.32072,2.40569,0.0849724,60.0
1744879001266863.0,-7757.41,4236.01,1.13472,2.32072,2.46526,0.144547,60.0
1744879001287241.0,-7759.53,4238.06,1.13866,2.40569,2.35429,-0.0514001,60.0
1744879001308247.0,-7759.53,4238.06,1.13866,2.40569,2.44327,0.0375866,60.0
1744879001328730.0,-7759.53,4238.06,1.13866,2.40569,2.44439,0.0386995,60.0
1744879001349381.0,-7762.07,4240.11,1.14312,2.44327,2.37164,-0.0716361,60.0
1744879001369984.0,-7762.07,4240.11,1.14312,2.44327,2.53221,0.0889341,60.0
1744879001390982.0,-7764.18,4242.16,1.14707,2.37164,2.41957,0.0479332,60.0
1744879001411544.0,-7764.18,4242.16,1.14707,2.37164,2.26043,-0.111211,60.0
1744879001432410.0,-7764.18,4242.16,1.14707,2.37164,2.374,0.00236111,60.0
1744879001452808.0,-7766.3,4244.21,1.15101,2.26043,2.41956,0.159138,60.0
1744879001473411.0,-7766.3,4244.21,1.15101,2.26043,2.33043,0.0699981,60.0
1744879001494228.0,-7768.84,4246.27,1.15548,2.41956,2.58214,0.162571,60.0
1744879001515131.0,-7768.84,4246.27,1.15548,2.41956,2.45296,0.0333968,60.0
1744879001535709.0,-7768.84,4246.27,1.15548,2.41956,2.35713,-0.0624378,60.0
1744879001556304.0,-7770.96,4247.63,1.15897,2.45296,2.55676,0.103794,60.0
1744879001577100.0,-7770.96,4247.63,1.15897,2.45296,2.43421,-0.0187547,60.0
1744879001597619.0,-7773.5,4249.69,0.16344,2.55676,2.55433,-0.00242699,60.0
1744879001618295.0,-7773.5,4249.69,0.16344,2.55676,2.62872,0.0719616,60.0
1744879001638957.0,-7775.61,4251.74,0.167391,2.55433,2.53433,-0.0200014,60.0
1744879001659715.0,-7775.61,4251.74,0.167391,2.55433,2.41656,-0.137771,60.0
1744879001680355.0,-7775.61,4251.74,0.167391,2.55433,2.5,-0.0543279,60.0
1744879001701104.0,-7777.73,4253.79,0.171344,2.41656,2.40234,-0.0142221,60.0
1744879001721702.0,-7777.73,4253.79,0.171344,2.41656,2.43094,0.0143801,60.0
1744879001742365.0,-7780.27,4255.84,0.175817,2.40234,2.33584,-0.0664972,60.0
1744879001763092.0,-7780.27,4255.84,0.175817,2.40234,2.52904,0.126702,60.0
1744879001783875.0,-7780.27,4255.84,0.175817,2.40234,2.33658,-0.0657524,60.0
1744879001804534.0,-7782.39,4257.89,0.179772,2.52904,2.51346,-0.0155787,60.0
1744879001825345.0,-7782.39,4257.89,0.179772,2.52904,2.5709,0.0418671,60.0
1744879001846023.0,-7784.93,4259.26,0.183793,2.51346,2.60208,0.0886264,60.0
1744879001866831.0,-7784.93,4259.26,0.183793,2.51346,2.45075,-0.0627088,60.0
1744879001887754.0,-7784.93,4259.26,0.183793,2.51346,2.46115,-0.0523083,60.0
1744879001908508.0,-7787.04,4261.31,0.187751,2.45075,2.37057,-0.0801806,60.0
1744879001929068.0,-7787.04,4261.31,0.187751,2.45075,2.40168,-0.0490737,60.0
1744879001949808.0,-7789.58,4263.36,0.19223,2.37057,2.4495,0.0789344,60.0
1744879001970450.0,-7789.58,4263.36,0.19223,2.37057,2.39998,0.0294128,60.0
1744879001991159.0,-7789.58,4263.36,0.19223,2.37057,2.31866,-0.051912,60.0
1744879002011874.0,-7791.7,4265.41,0.196191,2.39998,2.43919,0.0392091,60.0
1744879002032642.0,-7791.7,4265.41,0.196191,2.39998,2.46244,0.0624613,60.0
1744879002053381.0,-7794.24,4267.46,0.200673,2.43919,2.39135,-0.0478451,60.0
1744879002074585.0,-7794.24,4267.46,0.200673,2.43919,2.42212,-0.017073,60.0
1744879002095195.0,-7796.36,4268.83,0.204181,2.39135,2.49099,0.0996392,60.0
1744879002115868.0,-7796.36,4268.83,0.204181,2.39135,2.46353,0.0721807,60.0
1744879002136341.0,-7796.36,4268.83,0.204181,2.39135,2.34646,-0.0448869,60.0
1744879002157257.0,-7798.47,4270.88,0.208146,2.46353,2.44077,-0.0227612,60.0
1744879002177786.0,-7798.47,4270.88,0.208146,2.46353,2.37884,-0.0846871,60.0
1744879002198474.0,-7801.01,4272.93,0.212632,2.44077,2.34136,-0.0994099,60.0
1744879002219576.0,-7801.01,4272.93,0.212632,2.44077,2.32094,-0.119828,60.0
1744879002240399.0,-7801.01,4272.93,0.212632,2.44077,2.41014,-0.0306244,60.0
1744879002261136.0,-7803.13,4274.98,0.216601,2.32094,2.3411,0.0201583,60.0
1744879002281826.0,-7803.13,4274.98,0.216601,2.32094,2.25324,-0.067696,60.0
1744879002302278.0,-7805.67,4277.04,0.22109,2.3411,2.23121,-0.109884,60.0
1744879002322922.0,-7805.67,4277.04,0.22109,2.3411,2.41645,0.0753518,60.0
1744879002343955.0,-7805.67,4277.04,0.22109,2.3411,2.50266,0.161561,60.0
1744879002364737.0,-7807.79,4279.09,0.225061,2.41645,2.53579,0.119345,60.0
1744879002385478.0,-7807.79,4279.09,0.225061,2.41645,2.38077,-0.0356785,60.0
1744879002406332.0,-7809.9,4280.45,0.228576,2.53579,2.48153,-0.0542621,60.0
1744879002427027.0,-7809.9,4280.45,0.228576,2.53579,2.47939,-0.0564061,60.0
1744879002447836.0,-7812.44,4282.51,0.23307,2.48153,2.37326,-0.10827,60.0
1744879002468353.0,-7812.44,4282.51,0.23307,2.48153,2.51971,0.0381798,60.0
1744879002489180.0,-7812.44,4282.51,0.23307,2.48153,2.41762,-0.0639108,60.0
1744879002509724.0,-7814.56,4284.56,0.237045,2.51971,2.36482,-0.154889,60.0
1744879002530434.0,-7814.56,4284.56,0.237045,2.51971,2.50548,-0.0142274,60.0
1744879002551226.0,-7817.1,4286.61,0.241542,2.36482,2.48458,0.119757,60.0
1744879002572357.0,-7817.1,4286.61,0.241542,2.36482,2.49759,0.132772,60.0
1744879002592953.0,-7817.1,4286.61,0.241542,2.36482,2.41383,0.0490133,60.0
1744879002614078.0,-7819.22,4288.66,0.24552,2.49759,2.41155,-0.0860414,60.0
1744879002635248.0,-7819.22,4288.66,0.24552,2.49759,2.62717,0.129574,60.0
1744879002655778.0,-7821.33,4290.71,0.249499,2.41155,2.50208,0.090525,60.0
1744879002676221.0,-7821.33,4290.71,0.249499,2.41155,2.50995,0.0983931,60.0
1744879002696940.0,-7821.33,4290.71,0.249499,2.41155,2.4764,0.0648476,60.0
1744879002717659.0,-7823.87,4292.08,0.253542,2.50995,2.48741,-0.0225303,60.0
1744879002738914.0,-7823.87,4292.08,0.253542,2.50995,2.53481,0.0248637,60.0
1744879002759284.0,-7825.99,4294.13,0.257524,2.48741,2.55757,0.0701503,60.0
1744879002780162.0,-7825.99,4294.13,0.257524,2.48741,2.51533,0.02792,60.0
1744879002800743.0,-7825.99,4294.13,0.257524,2.48741,2.61074,0.123329,60.0
1744879002821385.0,-7828.53,4296.18,0.262029,2.51533,2.59369,0.0783504,60.0
1744879002842143.0,-7828.53,4296.18,0.262029,2.51533,2.45481,-0.0605252,60.0
1744879002862840.0,-7830.65,4298.23,0.266014,2.59369,2.5834,-0.0102869,60.0
1744879002883584.0,-7830.65,4298.23,0.266014,2.59369,2.57787,-0.0158146,60.0
1744879002904240.0,-7833.19,4300.28,0.270522,2.5834,2.58033,-0.00306457,60.0
1744879002924951.0,-7833.19,4300.28,0.270522,2.5834,2.49053,-0.0928659,60.0
1744879002945630.0,-7833.19,4300.28,0.270522,2.5834,2.4329,-0.150494,60.0
1744879002966637.0,-7835.3,4301.65,0.27405,2.49053,2.50869,0.0181568,60.0
1744879002987278.0,-7835.3,4301.65,0.27405,2.49053,2.44299,-0.0475438,60.0
1744879003007902.0,-7837.84,4303.7,0.27856,2.50869,2.4659,-0.0427875,60.0
1744879003028573.0,-7837.84,4303.7,0.27856,2.50869,2.40276,-0.105929,60.0
1744879003048993.0,-7837.84,4303.7,0.27856,2.50869,2.34704,-0.161645,60.0
1744879003069858.0,-7839.96,4305.75,0.282551,2.40276,2.39082,-0.0119442,60.0
1744879003090528.0,-7839.96,4305.75,0.282551,2.40276,2.32999,-0.0727662,60.0
1744879003111262.0,-7842.5,4307.8,0.287065,2.39082,2.46849,0.0776769,60.0
1744879003132026.0,-7842.5,4307.8,0.287065,2.39082,2.51643,0.125618,60.0
1744879003152592.0,-7842.5,4307.8,0.287065,2.39082,2.51328,0.122463,60.0
1744879003173326.0,-7844.62,4309.17,0.290597,2.51643,2.63675,0.120316,60.0
1744879003194050.0,-7844.62,4309.17,0.290597,2.51643,2.46121,-0.0552278,60.0
1744879003214934.0,-7847.16,4311.22,0.295114,2.63675,2.54565,-0.0911032,60.0
1744879003235425.0,-7847.16,4311.22,0.295114,2.63675,2.55848,-0.0782728,60.0
1744879003256276.0,-7847.16,4311.22,0.295114,2.63675,2.68197,0.045221,60.0
1744879003277275.0,-7849.27,4313.27,0.29911,2.55848,2.64932,0.090846,60.0
1744879003297946.0,-7849.27,4313.27,0.29911,2.55848,2.52901,-0.0294684,60.0
1744879003318894.0,-7851.81,4315.33,0.30363,2.64932,2.55096,-0.0983608,60.0
1744879003339673.0,-7851.81,4315.33,0.30363,2.64932,2.60348,-0.0458424,60.0
1744879003360297.0,-7854.35,4316.69,0.307691,2.55096,2.58569,0.0347308,60.0
1744879003380994.0,-7854.35,4316.69,0.307691,2.55096,2.53362,-0.0173477,60.0
1744879003401804.0,-7854.35,4316.69,0.307691,2.55096,2.67178,0.120814,60.0
1744879003422664.0,-7856.47,4318.74,0.311691,2.53362,2.63041,0.0967907,60.0
1744879003443334.0,-7856.47,4318.74,0.311691,2.53362,2.44633,-0.0872897,60.0
1744879003463981.0,-7859.01,4320.8,0.316215,2.63041,2.5065,-0.123911,60.0
1744879003484472.0,-7859.01,4320.8,0.316215,2.63041,2.5447,-0.0857094,60.0
1744879003504972.0,-7859.01,4320.8,0.316215,2.63041,2.54968,-0.0807285,60.0
1744879003525581.0,-7861.55,4322.16,0.32028,2.5447,2.43365,-0.111046,60.0
1744879003546466.0,-7861.55,4322.16,0.32028,2.5447,2.47911,-0.0655847,60.0
1744879003567942.0,-7863.66,4324.21,0.324284,2.43365,2.40966,-0.0239959,60.0
1744879003588555.0,-7863.66,4324.21,0.324284,2.43365,2.54441,0.110758,60.0
1744879003609342.0,-7863.66,4324.21,0.324284,2.43365,2.48082,0.0471681,60.0
1744879003629969.0,-7866.21,4325.58,0.328351,2.54441,2.58347,0.0390635,60.0
1744879003650575.0,-7866.21,4325.58,0.328351,2.54441,2.48962,-0.0547849,60.0
1744879003671313.0,-7868.74,4327.63,0.332882,2.58347,2.55048,-0.032993,60.0
1744879003692138.0,-7868.74,4327.63,0.332882,2.58347,2.61814,0.0346652,60.0
1744879003713159.0,-7868.74,4327.63,0.332882,2.58347,2.52269,-0.0607867,60.0
1744879003733862.0,-7870.86,4329.69,0.33689,2.61814,2.4978,-0.120334,60.0
1744879003754568.0,-7870.86,4329.69,0.33689,2.61814,2.5154,-0.102734,60.0
1744879003775463.0,-7873.4,4331.05,0.340961,2.4978,2.3481,-0.149707,60.0
1744879003795984.0,-7873.4,4331.05,0.340961,2.4978,2.37507,-0.12273,60.0
1744879003816617.0,-7875.94,4333.1,0.345497,2.3481,2.3561,0.00800829,60.0
1744879003837221.0,-7875.94,4333.1,0.345497,2.3481,2.48902,0.140922,60.0
1744879003858411.0,-7875.94,4333.1,0.345497,2.3481,2.42495,0.0768505,60.0
1744879003879100.0,-7878.06,4335.16,0.349509,2.48902,2.36022,-0.128798,60.0
1744879003899696.0,-7878.06,4335.16,0.349509,2.48902,2.49284,0.00382391,60.0
1744879003920494.0,-7880.6,4336.52,0.353585,2.36022,2.4504,0.0901761,60.0
1744879003941303.0,-7880.6,4336.52,0.353585,2.36022,2.36267,0.00245168,60.0
1744879003961960.0,-7880.6,4336.52,0.353585,2.36022,2.37737,0.0171535,60.0
1744879003982626.0,-7883.14,4338.57,0.358125,2.36267,2.48202,0.119351,60.0
1744879004003381.0,-7883.14,4338.57,0.358125,2.36267,2.38595,0.0232765,60.0
1744879004024067.0,-7885.26,4339.94,0.361677,2.48202,2.63034,0.148315,60.0
1744879004044694.0,-7885.26,4339.94,0.361677,2.48202,2.55846,0.0764411,60.0
1744879004065989.0,-7885.26,4339.94,0.361677,2.48202,2.43517,-0.046857,60.0
1744879004086857.0,-7887.79,4341.99,0.36622,2.55846,2.6105,0.0520388,60.0
1744879004107614.0,-7887.79,4341.99,0.36622,2.55846,2.41157,-0.146895,60.0
1744879004128292.0,-7889.91,4344.05,0.37024,2.6105,2.61384,0.00334111,60.0
1744879004150116.0,-7889.91,4344.05,0.37024,2.6105,2.52405,-0.0864569,60.0
1744879004171111.0,-7892.45,4345.41,0.374322,2.61384,2.48218,-0.131662,60.0
1744879004191755.0,-7892.45,4345.41,0.374322,2.61384,2.48811,-0.125732,60.0
1744879004212412.0,-7892.45,4345.41,0.374322,2.61384,2.5358,-0.078046,60.0
1744879004233266.0,-7894.99,4347.46,0.378869,2.48811,2.4809,-0.00721468,60.0
1744879004253914.0,-7894.99,4347.46,0.378869,2.48811,2.37072,-0.117396,60.0
1744879004274780.0,-7897.11,4349.52,0.382893,2.4809,2.60917,0.12827,60.0
1744879004295406.0,-7897.11,4349.52,0.382893,2.4809,2.51807,0.0371693,60.0
1744879004316183.0,-7897.11,4349.52,0.382893,2.4809,2.55429,0.0733927,60.0
1744879004336989.0,-7899.65,4350.88,0.386978,2.51807,2.51631,-0.00176006,60.0
1744879004358012.0,-7899.65,4350.88,0.386978,2.51807,2.56862,0.050557,60.0
1744879004378664.0,-7902.19,4352.93,0.391531,2.51631,2.44608,-0.0702209,60.0
1744879004399166.0,-7902.19,4352.93,0.391531,2.51631,2.6136,0.0972975,60.0
1744879004420186.0,-7902.19,4352.93,0.391531,2.51631,2.44679,-0.0695137,60.0
1744879004441512.0,-7904.73,4354.99,0.396085,2.6136,2.51353,-0.100073,60.0
1744879004462602.0,-7904.73,4354.99,0.396085,2.6136,2.56446,-0.0491414,60.0
1744879004483443.0,-7906.84,4356.35,0.399648,2.51353,2.37126,-0.142272,60.0
1744879004504268.0,-7906.84,4356.35,0.399648,2.51353,2.54639,0.0328629,60.0
1744879004525012.0,-7909.38,4358.41,0.404205,2.37126,2.43518,0.0639195,60.0
1744879004546039.0,-7909.38,4358.41,0.404205,2.37126,2.44826,0.0770024,60.0
1744879004567166.0,-7909.38,4358.41,0.404205,2.37126,2.49615,0.124889,60.0
1744879004587945.0,-7911.93,4359.77,0.408298,2.44826,2.32603,-0.122228,60.0
1744879004608733.0,-7911.93,4359.77,0.408298,2.44826,2.41412,-0.0341386,60.0
1744879004629195.0,-7914.04,4361.82,0.412331,2.32603,2.37373,0.0476976,60.0
1744879004649809.0,-7914.04,4361.82,0.412331,2.32603,2.36624,0.040205,60.0
1744879004670552.0,-7914.04,4361.82,0.412331,2.32603,2.33557,0.00953749,60.0
1744879004691224.0,-7916.58,4363.88,0.416892,2.36624,2.39335,0.0271169,60.0
1744879004712278.0,-7916.58,4363.88,0.416892,2.36624,2.33519,-0.0310506,60.0
1744879004732828.0,-7918.7,4365.24,0.420462,2.39335,2.41861,0.0252534,60.0
1744879004754660.0,-7918.7,4365.24,0.420462,2.39335,2.36036,-0.0329904,60.0
1744879004775501.0,-7918.7,4365.24,0.420462,2.39335,2.34891,-0.0444398,60.0
1744879004796107.0,-7921.24,4367.29,0.425026,2.36036,2.38014,0.019778,60.0
1744879004816782.0,-7921.24,4367.29,0.425026,2.36036,2.52361,0.163249,60.0
1744879004837547.0,-7923.78,4369.35,0.429592,2.38014,2.52945,0.149304,60.0
1744879004858242.0,-7923.78,4369.35,0.429592,2.38014,2.27461,-0.105535,60.0
1744879004878888.0,-7925.89,4371.4,0.433632,2.52945,2.61402,0.0845786,60.0
1744879004899390.0,-7925.89,4371.4,0.433632,2.52945,2.59095,0.0615058,60.0
1744879004920213.0,-7925.89,4371.4,0.433632,2.52945,2.49809,-0.0313602,60.0
1744879004941172.0,-7928.43,4372.77,0.437735,2.59095,2.56033,-0.030622,60.0
1744879004961748.0,-7928.43,4372.77,0.437735,2.59095,2.58574,-0.00520608,60.0
1744879004982236.0,-7930.55,4374.82,0.441777,2.56033,2.40118,-0.159146,60.0
1744879005002920.0,-7930.55,4374.82,0.441777,2.56033,2.40131,-0.159016,60.0
1744879005023891.0,-7930.55,4374.82,0.441777,2.56033,2.42766,-0.132667,60.0
1744879005044420.0,-7933.09,4376.87,0.44635,2.40131,2.38124,-0.020074,60.0
1744879005065339.0,-7933.09,4376.87,0.44635,2.40131,2.32545,-0.075865,60.0
1744879005086269.0,-7935.21,4378.24,0.449927,2.38124,2.50285,0.121608,60.0
1744879005107155.0,-7935.21,4378.24,0.449927,2.38124,2.44319,0.0619547,60.0
1744879005128022.0,-7935.21,4378.24,0.449927,2.38124,2.33544,-0.0458031,60.0
1744879005148705.0,-7937.75,4380.29,0.454502,2.44319,2.3747,-0.0684917,60.0
1744879005169267.0,-7937.75,4380.29,0.454502,2.44319,2.565,0.121802,60.0
1744879005190054.0,-7940.29,4382.34,0.459079,2.3747,2.28391,-0.0907957,60.0
1744879005210785.0,-7940.29,4382.34,0.459079,2.3747,2.40273,0.0280258,60.0
1744879005231476.0,-7940.29,4382.34,0.459079,2.3747,2.35298,-0.0217249,60.0
1744879005252156.0,-7942.4,4384.39,0.463129,2.40273,2.49363,0.0909023,60.0
1744879005272851.0,-7942.4,4384.39,0.463129,2.40273,2.54929,0.14656,60.0
1744879005293367.0,-7944.94,4385.76,0.46724,2.49363,2.57693,0.0832992,60.0
1744879005314142.0,-7944.94,4385.76,0.46724,2.49363,2.62881,0.135183,60.0
1744879005335168.0,-7947.06,4387.81,0.471293,2.62881,2.51511,-0.113705,60.0
1744879005355901.0,-7947.06,4387.81,0.471293,2.62881,2.53926,-0.0895493,60.0
1744879005376313.0,-7947.06,4387.81,0.471293,2.62881,2.56322,-0.0655971,60.0
1744879005397061.0,-7949.6,4389.86,0.475876,2.53926,2.47843,-0.0608308,60.0
1744879005417800.0,-7949.6,4389.86,0.475876,2.53926,2.42928,-0.109983,60.0
1744879005438570.0,-7951.72,4391.91,0.479931,2.47843,2.54301,0.0645761,60.0
1744879005459534.0,-7951.72,4391.91,0.479931,2.47843,2.37267,-0.105764,60.0
1744879005480054.0,-7951.72,4391.91,0.479931,2.47843,2.389,-0.0894368,60.0
1744879005500848.0,-7954.26,4393.28,0.484048,2.37267,2.38128,0.00861398,60.0
1744879005521555.0,-7954.26,4393.28,0.484048,2.37267,2.36553,-0.0071351,60.0
1744879005542310.0,-7956.37,4395.33,0.488106,2.38128,2.30532,-0.0759585,60.0
1744879005563094.0,-7956.37,4395.33,0.488106,2.38128,2.39122,0.00994129,60.0
1744879005583727.0,-7956.37,4395.33,0.488106,2.38128,2.34316,-0.0381262,60.0
1744879005604522.0,-7958.91,4397.38,0.492695,2.39122,2.53982,0.148591,60.0
1744879005625458.0,-7958.91,4397.38,0.492695,2.39122,2.47609,0.0848657,60.0
1744879005645895.0,-7961.03,4398.75,0.496286,2.53982,2.65272,0.112901,60.0
1744879005666626.0,-7961.03,4398.75,0.496286,2.53982,2.41055,-0.129268,60.0
1744879005687277.0,-7961.03,4398.75,0.496286,2.53982,2.38501,-0.154808,60.0
1744879005707977.0,-7963.57,4400.8,0.500878,2.41055,2.51088,0.100335,60.0
1744879005728580.0,-7963.57,4400.8,0.500878,2.41055,2.56707,0.156524,60.0
1744879005749693.0,-7965.69,4402.85,0.504941,2.51088,2.38216,-0.128719,60.0
1744879005770243.0,-7965.69,4402.85,0.504941,2.51088,2.38784,-0.12304,60.0
1744879005791013.0,-7968.23,4404.9,0.509536,2.38216,2.35506,-0.0270994,60.0
1744879005811747.0,-7968.23,4404.9,0.509536,2.38216,2.44429,0.0621314,60.0
1744879005832527.0,-7968.23,4404.9,0.509536,2.38216,2.39552,0.0133614,60.0
1744879005853026.0,-7970.77,4406.27,0.513663,2.44429,2.4769,0.0326033,60.0
1744879005873879.0,-7970.77,4406.27,0.513663,2.44429,2.48955,0.0452536,60.0
1744879005894508.0,-7972.88,4408.32,0.51773,2.4769,2.42514,-0.0517579,60.0
1744879005915347.0,-7972.88,4408.32,0.51773,2.4769,2.40588,-0.0710133,60.0
1744879005935771.0,-7972.88,4408.32,0.51773,2.4769,2.46465,-0.012249,60.0
1744879005956755.0,-7975.42,4410.37,0.52233,2.40588,2.46326,0.0573789,60.0
1744879005977380.0,-7975.42,4410.37,0.52233,2.40588,2.43871,0.0328261,60.0
1744879005998093.0,-7977.54,4412.42,0.5264,2.46326,2.31655,-0.146717,60.0
1744879006018799.0,-7977.54,4412.42,0.5264,2.46326,2.42608,-0.0371814,60.0
1744879006039791.0,-7977.54,4412.42,0.5264,2.46326,2.47458,0.0113187,60.0
1744879006060259.0,-7980.08,4414.48,0.531004,2.42608,2.50032,0.0742419,60.0
1744879006080970.0,-7980.08,4414.48,0.531004,2.42608,2.50853,0.0824452,60.0
1744879006101613.0,-7982.2,4415.84,0.534605,2.50032,2.55054,0.050219,60.0
1744879006122261.0,-7982.2,4415.84,0.534605,2.50032,2.37226,-0.128065,60.0
1744879006142861.0,-7982.2,4415.84,0.534605,2.50032,2.50268,0.00235162,60.0
1744879006163443.0,-7984.74,4417.9,0.539211,2.37226,2.48836,0.116101,60.0
1744879006184489.0,-7984.74,4417.9,0.539211,2.37226,2.46042,0.088163,60.0
1744879006205217.0,-7986.85,4419.95,0.543287,2.48836,2.41175,-0.0766069,60.0
1744879006226035.0,-7986.85,4419.95,0.543287,2.48836,2.3971,-0.0912599,60.0
1744879006246556.0,-7988.97,4422.0,0.547364,2.41175,2.37088,-0.0408697,60.0
1744879006267283.0,-7988.97,4422.0,0.547364,2.41175,2.50689,0.0951363,60.0
1744879006288015.0,-7988.97,4422.0,0.547364,2.41175,2.47803,0.0662739,60.0
1744879006308945.0,-7991.51,4423.37,0.551502,2.50689,2.49954,-0.00735281,60.0
1744879006329667.0,-7991.51,4423.37,0.551502,2.50689,2.48697,-0.0199182,60.0
1744879006350377.0,-7993.63,4425.42,0.555582,2.49954,2.53198,0.0324395,60.0
1744879006371069.0,-7993.63,4425.42,0.555582,2.49954,2.51278,0.0132427,60.0
1744879006391659.0,-7993.63,4425.42,0.555582,2.49954,2.6206,0.121062,60.0
1744879006412242.0,-7996.17,4427.47,0.560196,2.51278,2.63286,0.120085,60.0
1744879006433254.0,-7996.17,4427.47,0.560196,2.51278,2.46025,-0.052525,60.0
1744879006453789.0,-7998.71,4429.52,0.564811,2.63286,2.66984,0.0369707,60.0
1744879006474381.0,-7998.71,4429.52,0.564811,2.63286,2.47369,-0.159176,60.0
1744879006495130.0,-7998.71,4429.52,0.564811,2.63286,2.47792,-0.154945,60.0
1744879006515893.0,-8000.82,4430.89,0.568422,2.47369,2.49029,0.0165964,60.0
1744879006536627.0,-8000.82,4430.89,0.568422,2.47369,2.42049,-0.0532031,60.0
1744879006557943.0,-8003.36,4432.94,0.573041,2.49029,2.33973,-0.150552,60.0
1744879006579214.0,-8003.36,4432.94,0.573041,2.49029,2.58183,0.0915403,60.0
1744879006600290.0,-8005.48,4434.99,0.577127,2.33973,2.38534,0.0456081,60.0
1744879006621054.0,-8005.48,4434.99,0.577127,2.33973,2.39164,0.0519019,60.0
1744879006641772.0,-8005.48,4434.99,0.577127,2.33973,2.45149,0.11176,60.0
1744879006662186.0,-8008.02,4437.04,0.581749,2.39164,2.33766,-0.0539777,60.0
1744879006682941.0,-8008.02,4437.04,0.581749,2.39164,2.32116,-0.0704768,60.0
1744879006703691.0,-8010.14,4438.41,0.585364,2.33766,2.46593,0.128272,60.0
1744879006724305.0,-8010.14,4438.41,0.585364,2.33766,2.31084,-0.0268209,60.0
1744879006745057.0,-8010.14,4438.41,0.585364,2.33766,2.37302,0.0353676,60.0
1744879006765830.0,-8012.68,4440.46,0.589989,2.31084,2.33214,0.0213068,60.0
1744879006786738.0,-8012.68,4440.46,0.589989,2.31084,2.47172,0.160886,60.0
1744879006807520.0,-8014.79,4442.51,0.594081,2.33214,2.43845,0.106308,60.0
1744879006828057.0,-8014.79,4442.51,0.594081,2.33214,2.3471,0.0149531,60.0
1744879006848766.0,-8014.79,4442.51,0.594081,2.33214,2.41687,0.0847229,60.0
1744879006869624.0,-8016.91,4444.56,0.598175,2.3471,2.50202,0.154919,60.0
1744879006890486.0,-8016.91,4444.56,0.598175,2.3471,2.39723,0.0501294,60.0
1744879006911366.0,-8019.45,4446.61,0.602804,2.50202,2.49995,-0.00206464,60.0
1744879006932202.0,-8019.45,4446.61,0.602804,2.50202,2.38154,-0.12048,60.0
1744879006953190.0,-8019.45,4446.61,0.602804,2.50202,2.55395,0.0519385,60.0
1744879006974213.0,-8021.56,4447.98,0.606426,2.38154,2.38752,0.00598517,60.0
1744879006995166.0,-8021.56,4447.98,0.606426,2.38154,2.34139,-0.0401451,60.0
1744879007015854.0,-8024.1,4450.03,0.611058,2.38752,2.35545,-0.0320666,60.0
1744879007036944.0,-8024.1,4450.03,0.611058,2.38752,2.28958,-0.0979445,60.0
1744879007057434.0,-8026.22,4452.08,0.615157,2.35545,2.27858,-0.0768712,60.0
1744879007078478.0,-8026.22,4452.08,0.615157,2.35545,2.36182,0.00636422,60.0
1744879007098988.0,-8026.22,4452.08,0.615157,2.35545,2.38313,0.0276767,60.0
1744879007119973.0,-8028.34,4454.14,0.619258,2.36182,2.4289,0.0670799,60.0
1744879007140376.0,-8028.34,4454.14,0.619258,2.36182,2.41428,0.0524607,60.0
1744879007161562.0,-8030.88,4456.19,0.623895,2.4289,2.3514,-0.0774962,60.0
1744879007182221.0,-8030.88,4456.19,0.623895,2.4289,2.41082,-0.0180828,60.0
1744879007203121.0,-8030.88,4456.19,0.623895,2.4289,2.44318,0.0142831,60.0
1744879007223626.0,-8032.99,4458.24,0.627998,2.41082,2.49006,0.0792483,60.0
1744879007244461.0,-8032.99,4458.24,0.627998,2.41082,2.46207,0.0512596,60.0
1744879007265162.0,-8035.53,4460.29,0.632638,2.49006,2.58802,0.0979613,60.0
1744879007285706.0,-8035.53,4460.29,0.632638,2.49006,2.42299,-0.0670784,60.0
1744879007306256.0,-8035.53,4460.29,0.632638,2.49006,2.39934,-0.0907254,60.0
1744879007326779.0,-8037.65,4462.34,0.636745,2.42299,2.47709,0.0541085,60.0
1744879007347526.0,-8037.65,4462.34,0.636745,2.42299,2.50497,0.0819876,60.0
1744879007368161.0,-8039.77,4463.71,0.640376,2.47709,2.36437,-0.112722,60.0
1744879007389166.0,-8039.77,4463.71,0.640376,2.47709,2.47611,-0.000985146,60.0
1744879007410196.0,-8042.31,4465.76,0.64502,2.47611,2.41045,-0.0656574,60.0
1744879007430722.0,-8042.31,4465.76,0.64502,2.47611,2.5696,0.0934892,60.0
1744879007451208.0,-8042.31,4465.76,0.64502,2.47611,2.42848,-0.0476269,60.0
1744879007472181.0,-8044.42,4467.81,0.64913,2.5696,2.57165,0.00205682,60.0
1744879007492986.0,-8044.42,4467.81,0.64913,2.5696,2.55418,-0.0154129,60.0
1744879007513635.0,-8046.54,4469.86,0.653242,2.57165,2.58892,0.017264,60.0
1744879007534346.0,-8046.54,4469.86,0.653242,2.57165,2.61469,0.0430361,60.0
1744879007554931.0,-8046.54,4469.86,0.653242,2.57165,2.49124,-0.0804106,60.0
1744879007575704.0,-8049.08,4471.91,0.657891,2.61469,2.65382,0.0391317,60.0
1744879007596639.0,-8049.08,4471.91,0.657891,2.61469,2.63685,0.0221629,60.0
1744879007617339.0,-8051.2,4473.28,0.661528,2.65382,2.63406,-0.0197615,60.0
1744879007638130.0,-8051.2,4473.28,0.661528,2.65382,2.62418,-0.0296474,60.0
1744879007658869.0,-8051.2,4473.28,0.661528,2.65382,2.55876,-0.0950672,60.0
1744879007679620.0,-8053.74,4475.33,0.66618,2.62418,2.48258,-0.141591,60.0
1744879007700160.0,-8053.74,4475.33,0.66618,2.62418,2.4945,-0.129673,60.0
1744879007720784.0,-8056.28,4477.38,0.670834,2.48258,2.42297,-0.0596096,60.0
1744879007741379.0,-8056.28,4477.38,0.670834,2.48258,2.36868,-0.1139,60.0
1744879007762314.0,-8056.28,4477.38,0.670834,2.48258,2.62268,0.140094,60.0
1744879007782981.0,-8058.39,4479.44,0.674953,2.36868,2.42081,0.0521239,60.0
1744879007803436.0,-8058.39,4479.44,0.674953,2.36868,2.47804,0.109352,60.0
1744879007824373.0,-8060.93,4480.8,0.679131,2.42081,2.54843,0.127625,60.0
1744879007845098.0,-8060.93,4480.8,0.679131,2.42081,2.51013,0.0893226,60.0
1744879007865710.0,-8063.05,4482.85,0.683252,2.54843,2.5811,0.0326695,60.0
1744879007886416.0,-8063.05,4482.85,0.683252,2.54843,2.42664,-0.121791,60.0
1744879007907204.0,-8063.05,4482.85,0.683252,2.54843,2.55585,0.00741962,60.0
1744879007927961.0,-8065.59,4484.91,0.687912,2.42664,2.43003,0.00338916,60.0
1744879007948879.0,-8065.59,4484.91,0.687912,2.42664,2.43349,0.00684996,60.0
1744879007969491.0,-8067.71,4486.96,0.692037,2.43003,2.58424,0.154206,60.0
1744879007990420.0,-8067.71,4486.96,0.692037,2.43003,2.40157,-0.0284639,60.0
1744879008011323.0,-8067.71,4486.96,0.692037,2.43003,2.42788,-0.00215403,60.0
1744879008032050.0,-8070.25,4488.33,0.69622,2.40157,2.52138,0.119817,60.0
1744879008052554.0,-8070.25,4488.33,0.69622,2.40157,2.32619,-0.0753802,60.0
1744879008073225.0,-8072.36,4490.38,0.700347,2.52138,2.56551,0.0441245,60.0
1744879008093954.0,-8072.36,4490.38,0.700347,2.52138,2.3636,-0.157781,60.0
1744879008114588.0,-8072.36,4490.38,0.700347,2.52138,2.40559,-0.115793,60.0
1744879008135318.0,-8074.9,4492.43,0.705013,2.3636,2.3638,0.000193337,60.0
1744879008156011.0,-8074.9,4492.43,0.705013,2.3636,2.34356,-0.0200473,60.0
1744879008176807.0,-8077.02,4494.48,0.709143,2.3638,2.26321,-0.100581,60.0
1744879008197471.0,-8077.02,4494.48,0.709143,2.3638,2.52076,0.156967,60.0
1744879008218110.0,-8077.02,4494.48,0.709143,2.3638,2.26022,-0.103581,60.0
1744879008238844.0,-8079.56,4495.85,0.713332,2.52076,2.56972,0.0489608,60.0
1744879008259934.0,-8079.56,4495.85,0.713332,2.52076,2.43998,-0.0807831,60.0
1744879008280452.0,-8081.67,4497.9,0.717464,2.56972,2.5777,0.0079782,60.0
1744879008301070.0,-8081.67,4497.9,0.717464,2.56972,2.55158,-0.018143,60.0
1744879008322013.0,-8084.21,4499.95,0.722136,2.5777,2.42546,-0.15224,60.0
1744879008342538.0,-8084.21,4499.95,0.722136,2.5777,2.49905,-0.0786531,60.0
1744879008363556.0,-8084.21,4499.95,0.722136,2.5777,2.59247,0.0147631,60.0
1744879008384272.0,-8086.33,4502.0,0.726272,2.49905,2.46266,-0.0363872,60.0
1744879008404765.0,-8086.33,4502.0,0.726272,2.49905,2.61105,0.112003,60.0
1744879008425510.0,-8088.87,4503.37,0.730466,2.46266,2.47939,0.0167249,60.0
1744879008446256.0,-8088.87,4503.37,0.730466,2.46266,2.49198,0.0293225,60.0
1744879008466828.0,-8088.87,4503.37,0.730466,2.46266,2.51992,0.0572622,60.0
1744879008487501.0,-8090.99,4505.42,0.734604,2.49198,2.48333,-0.00865027,60.0
1744879008508477.0,-8090.99,4505.42,0.734604,2.49198,2.47559,-0.016391,60.0
1744879008529326.0,-8093.53,4507.47,0.739282,2.48333,2.47589,-0.00744889,60.0
1744879008549658.0,-8093.53,4507.47,0.739282,2.48333,2.58955,0.106212,60.0
1744879008570659.0,-8093.53,4507.47,0.739282,2.48333,2.44486,-0.0384694,60.0
1744879008591375.0,-8096.07,4509.52,0.743962,2.58955,2.50649,-0.083056,60.0
1744879008611945.0,-8096.07,4509.52,0.743962,2.58955,2.47696,-0.11259,60.0
1744879008633030.0,-8098.18,4510.89,0.747622,2.50649,2.39198,-0.114508,60.0
1744879008653513.0,-8098.18,4510.89,0.747622,2.50649,2.57417,0.0676808,60.0
1744879008674236.0,-8098.18,4510.89,0.747622,2.50649,2.40403,-0.102464,60.0
1744879008695234.0,-8100.72,4512.94,0.752305,2.57417,2.55712,-0.0170512,60.0
1744879008715480.0,-8100.72,4512.94,0.752305,2.57417,2.51943,-0.0547398,60.0
1744879008736400.0,-8102.84,4514.99,0.75645,2.55712,2.41909,-0.138033,60.0
1744879008757116.0,-8102.84,4514.99,0.75645,2.55712,2.58176,0.024641,60.0
1744879008777547.0,-8105.38,4516.36,0.760654,2.41909,2.41253,-0.00655932,60.0
1744879008798225.0,-8105.38,4516.36,0.760654,2.41909,2.45343,0.0343437,60.0
1744879008818681.0,-8105.38,4516.36,0.760654,2.41909,2.47949,0.0604031,60.0
1744879008839807.0,-8107.92,4518.41,0.765341,2.45343,2.39851,-0.0549254,60.0
1744879008860369.0,-8107.92,4518.41,0.765341,2.45343,2.32848,-0.12495,60.0
1744879008881181.0,-8110.04,4520.46,0.769491,2.39851,2.44805,0.0495481,60.0
1744879008901682.0,-8110.04,4520.46,0.769491,2.39851,2.55812,0.159614,60.0
1744879008922321.0,-8110.04,4520.46,0.769491,2.39851,2.51474,0.116234,60.0
1744879008943281.0,-8112.58,4521.83,0.773698,2.55812,2.51869,-0.0394267,60.0
1744879008964123.0,-8112.58,4521.83,0.773698,2.55812,2.44529,-0.112827,60.0
1744879008984852.0,-8114.69,4523.88,0.77785,2.51869,2.49934,-0.0193523,60.0
1744879009005268.0,-8114.69,4523.88,0.77785,2.51869,2.56941,0.0507198,60.0
1744879009025954.0,-8114.69,4523.88,0.77785,2.51869,2.44316,-0.0755316,60.0
1744879009046833.0,-8117.23,4525.93,0.782544,2.56941,2.5057,-0.0637119,60.0
1744879009067793.0,-8117.23,4525.93,0.782544,2.56941,2.52641,-0.0430048,60.0
1744879009088952.0,-8119.77,4527.3,0.786755,2.5057,2.47513,-0.0305703,60.0
1744879009109792.0,-8119.77,4527.3,0.786755,2.5057,2.39292,-0.112782,60.0
1744879009130372.0,-8119.77,4527.3,0.786755,2.5057,2.49871,-0.00698593,60.0
1744879009150733.0,-8121.89,4529.35,0.790911,2.39292,2.26084,-0.132076,60.0
1744879009171519.0,-8121.89,4529.35,0.790911,2.39292,2.50766,0.114741,60.0
1744879009192511.0,-8124.43,4531.41,0.79561,2.26084,2.41543,0.154591,60.0
1744879009213559.0,-8124.43,4531.41,0.79561,2.26084,2.14275,-0.118095,60.0
1744879009234294.0,-8126.55,4532.77,0.799284,2.41543,2.29834,-0.117096,60.0
1744879009254982.0,-8126.55,4532.77,0.799284,2.41543,2.45718,0.0417513,60.0
1744879009275479.0,-8126.55,4532.77,0.799284,2.41543,2.4655,0.0500663,60.0
1744879009296166.0,-8129.09,4534.82,0.803985,2.45718,2.48801,0.0308275,60.0
1744879009317078.0,-8129.09,4534.82,0.803985,2.45718,2.32364,-0.133545,60.0
1744879009337674.0,-8131.63,4536.88,0.808688,2.48801,2.42854,-0.0594724,60.0
1744879009358561.0,-8131.63,4536.88,0.808688,2.48801,2.43515,-0.0528623,60.0
1744879009379201.0,-8131.63,4536.88,0.808688,2.48801,2.57927,0.0912605,60.0
1744879009400110.0,-8133.74,4538.93,0.812851,2.43515,2.53397,0.0988215,60.0
1744879009420825.0,-8133.74,4538.93,0.812851,2.43515,2.53943,0.104276,60.0
1744879009441351.0,-8136.28,4540.3,0.817072,2.53397,2.55593,0.0219581,60.0
1744879009462012.0,-8136.28,4540.3,0.817072,2.53397,2.47874,-0.0552324,60.0
1744879009482625.0,-8136.28,4540.3,0.817072,2.53397,2.51636,-0.0176112,60.0
1744879009503535.0,-8138.4,4542.35,0.821238,2.47874,2.40732,-0.071422,60.0
1744879009524167.0,-8138.4,4542.35,0.821238,2.47874,2.42998,-0.0487554,60.0
1744879009544864.0,-8140.94,4544.4,0.825947,2.40732,2.53975,0.132437,60.0
1744879009565928.0,-8140.94,4544.4,0.825947,2.40732,2.52588,0.118561,60.0
1744879009586964.0,-8143.06,4545.77,0.82963,2.53975,2.58689,0.0471364,60.0
1744879009607564.0,-8143.06,4545.77,0.82963,2.53975,2.51295,-0.0268032,60.0
1744879009628334.0,-8143.06,4545.77,0.82963,2.53975,2.39304,-0.146716,60.0
1744879009649167.0,-8145.6,4547.82,0.834342,2.51295,2.46538,-0.0475723,60.0
1744879009669893.0,-8145.6,4547.82,0.834342,2.51295,2.40497,-0.10798,60.0
1744879009690445.0,-8148.14,4549.87,0.839056,2.46538,2.40391,-0.061465,60.0
1744879009711039.0,-8148.14,4549.87,0.839056,2.46538,2.44222,-0.0231608,60.0
1744879009731767.0,-8148.14,4549.87,0.839056,2.46538,2.48234,0.0169594,60.0
1744879009752874.0,-8150.25,4551.92,0.843228,2.44222,2.3665,-0.0757188,60.0
1744879009773619.0,-8150.25,4551.92,0.843228,2.44222,2.48863,0.0464152,60.0
1744879009794802.0,-8152.79,4553.29,0.847459,2.3665,2.47122,0.104717,60.0
1744879009815328.0,-8152.79,4553.29,0.847459,2.3665,2.39257,0.0260723,60.0
1744879009835979.0,-8152.79,4553.29,0.847459,2.3665,2.44782,0.0813237,60.0
1744879009856646.0,-8154.91,4555.34,0.851634,2.39257,2.53774,0.145164,60.0
1744879009877372.0,-8154.91,4555.34,0.851634,2.39257,2.30325,-0.0893227,60.0
1744879009898113.0,-8157.45,4557.39,0.856354,2.53774,2.41643,-0.12131,60.0
1744879009918841.0,-8157.45,4557.39,0.856354,2.53774,2.49892,-0.0388158,60.0
1744879009939773.0,-8157.45,4557.39,0.856354,2.53774,2.38876,-0.148979,60.0
1744879009960471.0,-8159.57,4559.44,0.860532,2.49892,2.45584,-0.0430762,60.0
1744879009981207.0,-8159.57,4559.44,0.860532,2.49892,2.55396,0.0550394,60.0
1744879010001865.0,-8162.11,4560.81,0.864768,2.45584,2.31645,-0.139398,60.0
1744879010022677.0,-8162.11,4560.81,0.864768,2.45584,2.52855,0.0727107,60.0
1744879010043693.0,-8164.22,4562.86,0.868948,2.31645,2.35862,0.0421788,60.0
1744879010064263.0,-8164.22,4562.86,0.868948,2.31645,2.23772,-0.0787289,60.0
1744879010085125.0,-8164.22,4562.86,0.868948,2.31645,2.45253,0.136085,60.0
1744879010106068.0,-8166.76,4564.91,0.873674,2.23772,2.39324,0.155521,60.0
1744879010126689.0,-8166.76,4564.91,0.873674,2.23772,2.27104,0.0333221,60.0
1744879010147361.0,-8168.88,4566.96,0.877858,2.39324,2.45564,0.0623982,60.0
1744879010168081.0,-8168.88,4566.96,0.877858,2.39324,2.45342,0.0601791,60.0
1744879010189062.0,-8168.88,4566.96,0.877858,2.39324,2.29392,-0.0993201,60.0
1744879010209722.0,-8171.42,4568.33,0.882099,2.45342,2.36384,-0.0895784,60.0
1744879010230469.0,-8171.42,4568.33,0.882099,2.45342,2.41092,-0.0424993,60.0
1744879010251133.0,-8173.53,4570.38,0.886285,2.36384,2.52394,0.160099,60.0
1744879010271808.0,-8173.53,4570.38,0.886285,2.36384,2.33108,-0.0327569,60.0
1744879010292442.0,-8173.53,4570.38,0.886285,2.36384,2.35038,-0.0134587,60.0
1744879010313645.0,-8176.07,4572.43,0.891018,2.33108,2.31719,-0.0138944,60.0
1744879010334302.0,-8176.07,4572.43,0.891018,2.33108,2.36147,0.0303841,60.0
1744879010354892.0,-8178.19,4574.49,0.895207,2.31719,2.40844,0.0912566,60.0
1744879010375778.0,-8178.19,4574.49,0.895207,2.31719,2.31659,-0.000593373,60.0
1744879010396461.0,-8180.31,4576.54,0.899397,2.40844,2.45028,0.0418374,60.0
1744879010417126.0,-8180.31,4576.54,0.899397,2.40844,2.45255,0.0441027,60.0
1744879010437719.0,-8180.31,4576.54,0.899397,2.40844,2.4701,0.0616584,60.0
1744879010458325.0,-8182.85,4578.59,0.904134,2.45255,2.38431,-0.0682365,60.0
1744879010479498.0,-8182.85,4578.59,0.904134,2.45255,2.49341,0.040863,60.0
1744879010500091.0,-8184.96,4579.96,0.907838,2.38431,2.35862,-0.0256905,60.0
1744879010520771.0,-8184.96,4579.96,0.907838,2.38431,2.47545,0.0911446,60.0
1744879010541498.0,-8184.96,4579.96,0.907838,2.38431,2.30719,-0.0771213,60.0
1744879010562116.0,-8187.5,4582.01,0.912578,2.47545,2.44546,-0.0299981,60.0
1744879010583078.0,-8187.5,4582.01,0.912578,2.47545,2.53256,0.0571056,60.0
1744879010603988.0,-8189.62,4584.06,0.916774,2.44546,2.59751,0.152057,60.0
1744879010624508.0,-8189.62,4584.06,0.916774,2.44546,2.37495,-0.0705067,60.0
1744879010645056.0,-8189.62,4584.06,0.916774,2.44546,2.36674,-0.0787182,60.0
1744879010665657.0,-8191.74,4586.11,0.920971,2.37495,2.48142,0.106472,60.0
1744879010686239.0,-8191.74,4586.11,0.920971,2.37495,2.38724,0.0122876,60.0
1744879010706778.0,-8194.28,4588.16,0.925716,2.48142,2.59036,0.10894,60.0
1744879010727532.0,-8194.28,4588.16,0.925716,2.48142,2.37968,-0.10174,60.0
1744879010748251.0,-8194.28,4588.16,0.925716,2.48142,2.34091,-0.14051,60.0
1744879010768836.0,-8196.39,4590.21,0.929916,2.37968,2.27525,-0.104436,60.0
1744879010789525.0,-8196.39,4590.21,0.929916,2.37968,2.40241,0.022731,60.0
1744879010810226.0,-8198.51,4592.26,0.934118,2.27525,2.27211,-0.00313328,60.0
1744879010831006.0,-8198.51,4592.26,0.934118,2.27525,2.38761,0.112369,60.0
1744879010852010.0,-8201.05,4593.63,0.938376,2.27211,2.33612,0.0640042,60.0
1744879010872463.0,-8201.05,4593.63,0.938376,2.27211,2.43605,0.163937,60.0
1744879010893468.0,-8201.05,4593.63,0.938376,2.27211,2.41145,0.13934,60.0
1744879010913822.0,-8203.17,4595.68,0.94258,2.43605,2.51486,0.0788064,60.0
1744879010934571.0,-8203.17,4595.68,0.94258,2.43605,2.5632,0.127155,60.0
1744879010955321.0,-8205.28,4597.74,0.946786,2.51486,2.48986,-0.0249952,60.0
1744879010975998.0,-8205.28,4597.74,0.946786,2.51486,2.43799,-0.0768641,60.0
1744879010996784.0,-8205.28,4597.74,0.946786,2.51486,2.58406,0.069199,60.0
1744879011017304.0,-8207.82,4599.79,0.95154,2.43799,2.34087,-0.0971236,60.0
1744879011038284.0,-8207.82,4599.79,0.95154,2.43799,2.53459,0.0966025,60.0
1744879011058945.0,-8209.94,4601.84,0.955748,2.34087,2.44174,0.100876,60.0
1744879011079594.0,-8209.94,4601.84,0.955748,2.34087,2.33405,-0.00682085,60.0
1744879011100224.0,-8209.94,4601.84,0.955748,2.34087,2.48614,0.145269,60.0
1744879011121109.0,-8212.05,4603.89,0.959958,2.33405,2.46333,0.129278,60.0
1744879011141752.0,-8212.05,4603.89,0.959958,2.33405,2.47825,0.1442,60.0
1744879011162436.0,-8214.59,4605.94,0.964716,2.46333,2.50611,0.0427816,60.0
1744879011183045.0,-8214.59,4605.94,0.964716,2.46333,2.32572,-0.137609,60.0
1744879011203683.0,-8214.59,4605.94,0.964716,2.46333,2.53697,0.073649,60.0
1744879011224300.0,-8216.71,4607.99,0.968929,2.32572,2.31828,-0.00743541,60.0
1744879011244945.0,-8216.71,4607.99,0.968929,2.32572,2.4697,0.143986,60.0
1744879011265993.0,-8218.83,4610.04,0.973143,2.31828,2.44941,0.131132,60.0
1744879011286543.0,-8218.83,4610.04,0.973143,2.31828,2.32583,0.00754449,60.0
1744879011307044.0,-8221.37,4612.09,0.977906,2.44941,2.49735,0.0479408,60.0
1744879011327701.0,-8221.37,4612.09,0.977906,2.44941,2.36611,-0.0833001,60.0
1744879011348412.0,-8221.37,4612.09,0.977906,2.44941,2.46477,0.0153522,60.0
1744879011369393.0,-8223.48,4614.15,0.982123,2.36611,2.49918,0.133063,60.0
1744879011390103.0,-8223.48,4614.15,0.982123,2.36611,2.21656,-0.14955,60.0
1744879011410699.0,-8225.6,4615.51,0.985848,2.49918,2.52819,0.0290153,60.0
1744879011431484.0,-8225.6,4615.51,0.985848,2.49918,2.51002,0.0108443,60.0
1744879011452175.0,-8225.6,4615.51,0.985848,2.49918,2.45311,-0.0460625,60.0
1744879011473021.0,-8227.72,4617.56,0.990068,2.51002,2.44829,-0.0617254,60.0
1744879011493852.0,-8227.72,4617.56,0.990068,2.51002,2.42206,-0.0879633,60.0
1744879011514642.0,-8230.26,4619.62,0.994837,2.44829,2.54402,0.0957256,60.0
1744879011535366.0,-8230.26,4619.62,0.994837,2.44829,2.41763,-0.0306637,60.0
1744879011555904.0,-8230.26,4619.62,0.994837,2.44829,2.42859,-0.0197048,60.0
1744879011576838.0,-8232.37,4621.67,0.999059,2.41763,2.38578,-0.0318477,60.0
1744879011597550.0,-8232.37,4621.67,0.999059,2.41763,2.51581,0.0981754,60.0
1744879011618128.0,-8234.49,4623.72,1.00328,2.38578,2.52973,0.143944,60.0
1744879011638877.0,-8234.49,4623.72,1.00328,2.38578,2.49647,0.11069,60.0
1744879011659510.0,-8234.49,4623.72,1.00328,2.38578,2.32631,-0.0594728,60.0
1744879011680262.0,-8237.03,4625.77,1.00806,2.49647,2.55999,0.0635204,60.0
1744879011700952.0,-8237.03,4625.77,1.00806,2.49647,2.33821,-0.15826,60.0
1744879011721699.0,-8239.15,4627.82,1.01228,2.55999,2.43645,-0.123543,60.0
1744879011742424.0,-8239.15,4627.82,1.01228,2.55999,2.49329,-0.0667044,60.0
1744879011763191.0,-8241.26,4629.87,1.01651,2.43645,2.56285,0.126398,60.0
1744879011783892.0,-8241.26,4629.87,1.01651,2.43645,2.45294,0.0164853,60.0
1744879011804532.0,-8241.26,4629.87,1.01651,2.43645,2.55442,0.117969,60.0
1744879011825295.0,-8243.8,4631.92,1.02129,2.45294,2.57405,0.12111,60.0
1744879011846004.0,-8243.8,4631.92,1.02129,2.45294,2.35015,-0.102783,60.0
1744879011866766.0,-8245.92,4633.98,1.02552,2.57405,2.52933,-0.0447115,60.0
1744879011887584.0,-8245.92,4633.98,1.02552,2.57405,2.63608,0.0620298,60.0
1744879011908198.0,-8245.92,4633.98,1.02552,2.57405,2.61643,0.0423828,60.0
1744879011929342.0,-8248.03,4635.34,1.02926,2.63608,2.49971,-0.136368,60.0
1744879011949738.0,-8248.03,4635.34,1.02926,2.63608,2.596,-0.0400708,60.0
1744879011970412.0,-8250.57,4637.4,1.03404,2.49971,2.54241,0.0427039,60.0
1744879011991309.0,-8250.57,4637.4,1.03404,2.49971,2.56393,0.0642205,60.0
1744879012012215.0,-8250.57,4637.4,1.03404,2.49971,2.60495,0.105239,60.0
1744879012033040.0,-8252.69,4639.45,1.03827,2.56393,2.49932,-0.0646054,60.0
1744879012053480.0,-8252.69,4639.45,1.03827,2.56393,2.47734,-0.0865855,60.0
1744879012074468.0,-8255.23,4641.5,1.04306,2.49932,2.41039,-0.0889338,60.0
1744879012095059.0,-8255.23,4641.5,1.04306,2.49932,2.37848,-0.120839,60.0
1744879012115788.0,-8255.23,4641.5,1.04306,2.49932,2.47557,-0.0237551,60.0
1744879012136593.0,-8257.35,4643.55,1.0473,2.37848,2.41479,0.0363044,60.0
1744879012157279.0,-8257.35,4643.55,1.0473,2.37848,2.38636,0.00787577,60.0
1744879012177909.0,-8259.89,4644.92,1.05159,2.41479,2.46878,0.0539887,60.0
1744879012198570.0,-8259.89,4644.92,1.05159,2.41479,2.40675,-0.00804227,60.0
1744879012219471.0,-8262.0,4646.97,1.05583,2.46878,2.34808,-0.1207,60.0
1744879012240265.0,-8262.0,4646.97,1.05583,2.46878,2.35476,-0.114017,60.0
1744879012260993.0,-8262.0,4646.97,1.05583,2.46878,2.53902,0.0702447,60.0
1744879012281501.0,-8264.54,4649.02,1.06062,2.35476,2.38093,0.0261707,60.0
1744879012302212.0,-8264.54,4649.02,1.06062,2.35476,2.35195,-0.00281427,60.0
1744879012323291.0,-8266.66,4651.07,1.06487,2.38093,2.41711,0.0361814,60.0
1744879012343966.0,-8266.66,4651.07,1.06487,2.38093,2.38084,-8.83634e-05,60.0
1744879012364468.0,-8266.66,4651.07,1.06487,2.38093,2.40587,0.0249411,60.0
1744879012385215.0,-8269.2,4653.12,1.06966,2.38084,2.48344,0.102595,60.0
1744879012405918.0,-8269.2,4653.12,1.06966,2.38084,2.51954,0.138698,60.0
1744879012426772.0,-8271.32,4654.49,1.07341,2.48344,2.63319,0.149754,60.0
1744879012447647.0,-8271.32,4654.49,1.07341,2.48344,2.45942,-0.0240161,60.0
1744879012468293.0,-8271.32,4654.49,1.07341,2.48344,2.54157,0.058133,60.0
1744879012488898.0,-8273.43,4656.54,1.07766,2.45942,2.38972,-0.0697047,60.0
1744879012509483.0,-8273.43,4656.54,1.07766,2.45942,2.46345,0.00402676,60.0
1744879012530334.0,-8275.97,4658.59,1.08246,2.38972,2.5379,0.148181,60.0
1744879012551060.0,-8275.97,4658.59,1.08246,2.38972,2.33594,-0.0537771,60.0
1744879012571856.0,-8275.97,4658.59,1.08246,2.38972,2.45075,0.061034,60.0
1744879012592587.0,-8278.09,4660.64,1.08671,2.33594,2.31046,-0.0254762,60.0
1744879012613231.0,-8278.09,4660.64,1.08671,2.33594,2.48893,0.15299,60.0
1744879012634037.0,-8280.63,4662.7,1.09151,2.31046,2.46942,0.15896,60.0
1744879012655068.0,-8280.63,4662.7,1.09151,2.31046,2.25798,-0.0524825,60.0
1744879012675664.0,-8282.75,4664.75,1.09576,2.46942,2.34365,-0.125768,60.0
1744879012696133.0,-8282.75,4664.75,1.09576,2.46942,2.56315,0.0937271,60.0
1744879012716767.0,-8282.75,4664.75,1.09576,2.46942,2.39831,-0.0711155,60.0
1744879012737459.0,-8284.86,4666.12,1.09952,2.56315,2.40772,-0.155427,60.0
1744879012758158.0,-8284.86,4666.12,1.09952,2.56315,2.48063,-0.0825189,60.0
1744879012778859.0,-8287.4,4668.17,1.10433,2.40772,2.50808,0.10036,60.0
1744879012799684.0,-8287.4,4668.17,1.10433,2.40772,2.43199,0.0242634,60.0
1744879012820096.0,-8287.4,4668.17,1.10433,2.40772,2.39567,-0.0120509,60.0
1744879012840587.0,-8289.52,4670.22,1.10858,2.43199,2.37312,-0.0588689,60.0
1744879012861449.0,-8289.52,4670.22,1.10858,2.43199,2.58259,0.150601,60.0
1744879012881759.0,-8292.06,4672.27,1.11339,2.37312,2.35703,-0.0160847,60.0
1744879012902860.0,-8292.06,4672.27,1.11339,2.37312,2.51873,0.145616,60.0
1744879012923495.0,-8292.06,4672.27,1.11339,2.37312,2.32778,-0.0453377,60.0
1744879012944134.0,-8294.17,4674.32,1.11765,2.51873,2.41359,-0.105147,60.0
1744879012964560.0,-8294.17,4674.32,1.11765,2.51873,2.43695,-0.0817849,60.0
1744879012985295.0,-8296.29,4676.37,1.12192,2.41359,2.55357,0.139988,60.0
1744879013006101.0,-8296.29,4676.37,1.12192,2.41359,2.52959,0.116004,60.0
1744879013027077.0,-8296.29,4676.37,1.12192,2.41359,2.45193,0.0383402,60.0
1744879013047902.0,-8298.83,4678.42,1.12673,2.52959,2.42178,-0.107811,60.0
1744879013068518.0,-8298.83,4678.42,1.12673,2.52959,2.44102,-0.0885665,60.0
1744879013089563.0,-8300.95,4679.79,1.13049,2.42178,2.42797,0.00619299,60.0
1744879013110365.0,-8300.95,4679.79,1.13049,2.42178,2.32886,-0.0929149,60.0
1744879013131052.0,-8303.49,4681.84,1.13531,2.42797,2.40158,-0.0263933,60.0
1744879013151894.0,-8303.49,4681.84,1.13531,2.42797,2.51645,0.0884729,60.0
1744879013172365.0,-8303.49,4681.84,1.13531,2.42797,2.376,-0.0519736,60.0
1744879013193090.0,-8305.6,4683.89,1.13958,2.51645,2.64156,0.12511,60.0
1744879013213927.0,-8305.6,4683.89,1.13958,2.51645,2.42179,-0.0946536,60.0
1744879013234649.0,-8307.72,4685.95,1.14385,2.64156,2.65741,0.0158523,60.0
1744879013255389.0,-8307.72,4685.95,1.14385,2.64156,2.48108,-0.160476,60.0
1744879013276364.0,-8307.72,4685.95,1.14385,2.64156,2.53404,-0.107518,60.0
1744879013296820.0,-8310.26,4688.0,1.14867,2.48108,2.42077,-0.0603052,60.0
1744879013317498.0,-8310.26,4688.0,1.14867,2.48108,2.50484,0.0237594,60.0
1744879013338210.0,-8312.38,4689.37,1.15244,2.42077,2.46346,0.0426824,60.0
1744879013358840.0,-8312.38,4689.37,1.15244,2.42077,2.47707,0.056297,60.0
1744879013379969.0,-8312.38,4689.37,1.15244,2.42077,2.34244,-0.0783353,60.0
1744879013400487.0,-8314.92,4691.42,1.15727,2.47707,2.34082,-0.136254,60.0
1744879013421167.0,-8314.92,4691.42,1.15727,2.47707,2.52215,0.0450753,60.0
1744879013441914.0,-8317.03,4693.47,0.161541,2.34082,2.49627,0.155456,60.0
1744879013462588.0,-8317.03,4693.47,0.161541,2.34082,2.36543,0.0246089,60.0
1744879013483377.0,-8317.03,4693.47,0.161541,2.34082,2.2874,-0.0534191,60.0
1744879013504081.0,-8319.57,4695.52,0.16637,2.36543,2.41625,0.050824,60.0
1744879013524786.0,-8319.57,4695.52,0.16637,2.36543,2.20763,-0.157795,60.0
1744879013545418.0,-8321.69,4697.57,0.170646,2.41625,2.56621,0.149961,60.0
1744879013566137.0,-8321.69,4697.57,0.170646,2.41625,2.34251,-0.0737398,60.0
1744879013587160.0,-8324.23,4698.94,0.174976,2.56621,2.67481,0.108595,60.0
1744879013608454.0,-8324.23,4698.94,0.174976,2.56621,2.4834,-0.0828137,60.0
1744879013629008.0,-8324.23,4698.94,0.174976,2.56621,2.45263,-0.113582,60.0
1744879013649956.0,-8326.35,4700.99,0.179255,2.4834,2.41962,-0.0637819,60.0
1744879013670402.0,-8326.35,4700.99,0.179255,2.4834,2.40585,-0.0775431,60.0
1744879013691353.0,-8328.46,4703.04,0.183536,2.41962,2.57269,0.153071,60.0
1744879013711754.0,-8328.46,4703.04,0.183536,2.41962,2.38143,-0.0381851,60.0
1744879013732630.0,-8328.46,4703.04,0.183536,2.41962,2.45576,0.0361403,60.0
1744879013753143.0,-8331.0,4705.09,0.188372,2.38143,2.37541,-0.00601565,60.0
1744879013774142.0,-8331.0,4705.09,0.188372,2.38143,2.43731,0.0558755,60.0
1744879013794751.0,-8333.12,4707.15,0.192656,2.37541,2.44465,0.0692316,60.0
1744879013815341.0,-8333.12,4707.15,0.192656,2.37541,2.52306,0.14765,60.0
1744879013836155.0,-8333.12,4707.15,0.192656,2.37541,2.52595,0.150532,60.0
1744879013856857.0,-8335.66,4709.2,0.197496,2.52306,2.5953,0.0722326,60.0
1744879013877406.0,-8335.66,4709.2,0.197496,2.52306,2.53206,0.00899839,60.0
1744879013898004.0,-8337.78,4710.56,0.201278,2.5953,2.49969,-0.0956048,60.0
1744879013919008.0,-8337.78,4710.56,0.201278,2.5953,2.63145,0.0361528,60.0
1744879013939469.0,-8337.78,4710.56,0.201278,2.5953,2.67752,0.0822198,60.0
1744879013960200.0,-8340.32,4712.62,0.206121,2.63145,2.50259,-0.12886,60.0
1744879013980984.0,-8340.32,4712.62,0.206121,2.63145,2.6491,0.0176537,60.0
1744879014001937.0,-8342.43,4714.67,0.21041,2.50259,2.50004,-0.00254591,60.0
1744879014022641.0,-8342.43,4714.67,0.21041,2.50259,2.39633,-0.106265,60.0
1744879014043048.0,-8344.97,4716.72,0.215256,2.50004,2.55928,0.059237,60.0
1744879014063888.0,-8344.97,4716.72,0.215256,2.50004,2.41588,-0.084169,60.0
1744879014084823.0,-8344.97,4716.72,0.215256,2.50004,2.34015,-0.159895,60.0
1744879014105535.0,-8347.09,4718.09,0.219043,2.41588,2.505,0.0891242,60.0
1744879014126291.0,-8347.09,4718.09,0.219043,2.41588,2.2958,-0.120075,60.0
1744879014147022.0,-8349.63,4720.14,0.223892,2.505,2.35137,-0.15363,60.0
1744879014167857.0,-8349.63,4720.14,0.223892,2.505,2.44122,-0.0637789,60.0
1744879014188384.0,-8349.63,4720.14,0.223892,2.505,2.5188,0.0138039,60.0
1744879014209150.0,-8351.74,4722.19,0.228187,2.44122,2.50643,0.0652088,60.0
1744879014229866.0,-8351.74,4722.19,0.228187,2.44122,2.38961,-0.0516108,60.0
1744879014250543.0,-8354.28,4724.24,0.233039,2.50643,2.5052,-0.00122688,60.0
1744879014271234.0,-8354.28,4724.24,0.233039,2.50643,2.51103,0.00459778,60.0
1744879014291759.0,-8354.28,4724.24,0.233039,2.50643,2.34888,-0.15755,60.0
1744879014312548.0,-8356.4,4725.61,0.236831,2.51103,2.3569,-0.154126,60.0
1744879014333234.0,-8356.4,4725.61,0.236831,2.51103,2.43892,-0.0721081,60.0
1744879014353883.0,-8358.94,4727.66,0.241686,2.3569,2.31273,-0.044173,60.0
1744879014374691.0,-8358.94,4727.66,0.241686,2.3569,2.41867,0.0617692,60.0
1744879014395538.0,-8361.06,4729.71,0.245986,2.41867,2.5134,0.0947257,60.0
1744879014415815.0,-8361.06,4729.71,0.245986,2.41867,2.45802,0.0393443,60.0
1744879014436582.0,-8361.06,4729.71,0.245986,2.41867,2.458,0.0393303,60.0
1744879014457145.0,-8363.6,4731.76,0.250844,2.45802,2.47713,0.0191191,60.0
1744879014477798.0,-8363.6,4731.76,0.250844,2.45802,2.45682,-0.00119668,60.0
1744879014498590.0,-8365.71,4733.13,0.254641,2.47713,2.38944,-0.0876992,60.0
1744879014519668.0,-8365.71,4733.13,0.254641,2.47713,2.41904,-0.05809,60.0
1744879014540282.0,-8365.71,4733.13,0.254641,2.47713,2.32426,-0.152872,60.0
1744879014560757.0,-8368.25,4735.18,0.259502,2.41904,2.44234,0.0232929,60.0
1744879014581754.0,-8368.25,4735.18,0.259502,2.41904,2.48578,0.0667367,60.0
1744879014602730.0,-8370.37,4737.23,0.263808,2.44234,2.47688,0.0345442,60.0
1744879014623343.0,-8370.37,4737.23,0.263808,2.44234,2.42428,-0.0180553,60.0
1744879014644335.0,-8370.37,4737.23,0.263808,2.44234,2.51463,0.0722958,60.0
1744879014664764.0,-8372.91,4739.29,0.268672,2.42428,2.37298,-0.0512979,60.0
1744879014685908.0,-8372.91,4739.29,0.268672,2.42428,2.48653,0.0622502,60.0
1744879014706716.0,-8375.03,4740.65,0.272474,2.37298,2.49529,0.122303,60.0
1744879014727206.0,-8375.03,4740.65,0.272474,2.37298,2.46731,0.0943231,60.0
1744879014747934.0,-8375.03,4740.65,0.272474,2.37298,2.53036,0.157378,60.0
1744879014768715.0,-8377.57,4742.71,0.277341,2.46731,2.53041,0.0631013,60.0
1744879014789645.0,-8377.57,4742.71,0.277341,2.46731,2.38351,-0.083802,60.0
1744879014810302.0,-8379.68,4744.76,0.281652,2.53041,2.41531,-0.115098,60.0
1744879014831085.0,-8379.68,4744.76,0.281652,2.53041,2.5097,-0.020711,60.0
1744879014851752.0,-8382.22,4746.81,0.286522,2.41531,2.33602,-0.0792861,60.0
1744879014872291.0,-8382.22,4746.81,0.286522,2.41531,2.48441,0.0690998,60.0
1744879014893130.0,-8382.22,4746.81,0.286522,2.41531,2.30796,-0.10735,60.0
1744879014913702.0,-8384.34,4748.86,0.290836,2.48441,2.36395,-0.120459,60.0
1744879014934481.0,-8384.34,4748.86,0.290836,2.48441,2.60505,0.120644,60.0
1744879014955422.0,-8386.88,4750.23,0.295202,2.36395,2.35815,-0.00580294,60.0
1744879014975915.0,-8386.88,4750.23,0.295202,2.36395,2.43837,0.0744156,60.0
1744879014996581.0,-8386.88,4750.23,0.295202,2.36395,2.38857,0.0246227,60.0
1744879015018037.0,-8389.0,4752.28,0.299519,2.43837,2.50752,0.0691567,60.0
1744879015038426.0,-8389.0,4752.28,0.299519,2.43837,2.40926,-0.0291105,60.0
1744879015059195.0,-8391.54,4754.33,0.304395,2.50752,2.41618,-0.0913412,60.0
1744879015080301.0,-8391.54,4754.33,0.304395,2.50752,2.42758,-0.0799405,60.0
1744879015100903.0,-8391.54,4754.33,0.304395,2.50752,2.45752,-0.0499996,60.0
1744879015121443.0,-8393.65,4756.38,0.308715,2.42758,2.37499,-0.0525879,60.0
1744879015142483.0,-8393.65,4756.38,0.308715,2.42758,2.52972,0.102134,60.0
1744879015163326.0,-8396.19,4758.43,0.313594,2.37499,2.40823,0.0332318,60.0
1744879015184312.0,-8396.19,4758.43,0.313594,2.37499,2.41875,0.0437508,60.0
1744879015204787.0,-8398.31,4759.8,0.317408,2.40823,2.54947,0.141246,60.0
1744879015225622.0,-8398.31,4759.8,0.317408,2.40823,2.56462,0.156393,60.0
1744879015246372.0,-8398.31,4759.8,0.317408,2.40823,2.41678,0.00854967,60.0
1744879015267115.0,-8400.85,4761.85,0.322291,2.56462,2.47265,-0.0919716,60.0
1744879015287866.0,-8400.85,4761.85,0.322291,2.56462,2.48546,-0.0791621,60.0
1744879015308405.0,-8402.96,4763.9,0.326616,2.47265,2.49346,0.0208082,60.0
1744879015329045.0,-8402.96,4763.9,0.326616,2.47265,2.38131,-0.0913427,60.0
1744879015349754.0,-8402.96,4763.9,0.326616,2.47265,2.46564,-0.0070038,60.0
1744879015370549.0,-8405.08,4765.96,0.330942,2.38131,2.40117,0.0198629,60.0
1744879015391174.0,-8405.08,4765.96,0.330942,2.38131,2.49859,0.117287,60.0
1744879015412061.0,-8407.62,4768.01,0.335829,2.40117,2.43271,0.0315406,60.0
1744879015433272.0,-8407.62,4768.01,0.335829,2.40117,2.41377,0.0125983,60.0
1744879015453647.0,-8407.62,4768.01,0.335829,2.40117,2.47156,0.0703933,60.0
1744879015474222.0,-8409.74,4769.38,0.339648,2.41377,2.42625,0.0124807,60.0
1744879015494942.0,-8409.74,4769.38,0.339648,2.41377,2.498,0.0842308,60.0
1744879015515887.0,-8412.28,4771.43,0.344539,2.42625,2.38531,-0.0409369,60.0
1744879015536522.0,-8412.28,4771.43,0.344539,2.42625,2.38642,-0.0398272,60.0
1744879015557268.0,-8412.28,4771.43,0.344539,2.42625,2.54474,0.118495,60.0
1744879015578386.0,-8414.39,4773.48,0.348871,2.38642,2.31367,-0.0727492,60.0
1744879015599258.0,-8414.39,4773.48,0.348871,2.38642,2.42518,0.0387609,60.0
1744879015619811.0,-8416.93,4775.53,0.353764,2.31367,2.26295,-0.0507238,60.0
1744879015640450.0,-8416.93,4775.53,0.353764,2.31367,2.44264,0.128968,60.0
1744879015661477.0,-8419.05,4777.58,0.358099,2.26295,2.39238,0.129438,60.0
1744879015682151.0,-8419.05,4777.58,0.358099,2.26295,2.21385,-0.049093,60.0
1744879015702854.0,-8419.05,4777.58,0.358099,2.26295,2.34402,0.0810771,60.0
1744879015723637.0,-8421.17,4779.63,0.362435,2.21385,2.32147,0.107612,60.0
1744879015744164.0,-8421.17,4779.63,0.362435,2.21385,2.33895,0.125094,60.0
1744879015765074.0,-8423.71,4781.0,0.366822,2.32147,2.39259,0.0711284,60.0
1744879015785425.0,-8423.71,4781.0,0.366822,2.32147,2.43164,0.110173,60.0
1744879015806314.0,-8423.71,4781.0,0.366822,2.32147,2.36182,0.0403502,60.0
1744879015827424.0,-8425.82,4783.05,0.371161,2.43164,2.3662,-0.0654409,60.0
1744879015848092.0,-8425.82,4783.05,0.371161,2.43164,2.40499,-0.0266447,60.0
1744879015868878.0,-8427.94,4785.1,0.3755,2.3662,2.34634,-0.0198617,60.0
1744879015889389.0,-8427.94,4785.1,0.3755,2.3662,2.47458,0.108387,60.0
1744879015910372.0,-8427.94,4785.1,0.3755,2.3662,2.51292,0.14672,60.0
1744879015931125.0,-8430.48,4787.16,0.380403,2.47459,2.39828,-0.0763065,60.0
1744879015951770.0,-8430.48,4787.16,0.380403,2.47459,2.45003,-0.0245583,60.0
1744879015972437.0,-8432.6,4789.21,0.384746,2.39828,2.56091,0.162633,60.0
1744879015993158.0,-8432.6,4789.21,0.384746,2.39828,2.40155,0.00327201,60.0
1744879016013760.0,-8432.6,4789.21,0.384746,2.39828,2.52094,0.122662,60.0
1744879016034587.0,-8434.71,4791.26,0.38909,2.40155,2.41765,0.0161002,60.0
1744879016055336.0,-8434.71,4791.26,0.38909,2.40155,2.28366,-0.117891,60.0
1744879016076500.0,-8436.83,4793.31,0.393436,2.41765,2.44837,0.0307211,60.0
1744879016097478.0,-8436.83,4793.31,0.393436,2.41765,2.3372,-0.0804477,60.0
1744879016118000.0,-8439.37,4795.36,0.398345,2.44837,2.30032,-0.148052,60.0
1744879016138875.0,-8439.37,4795.36,0.398345,2.44837,2.58372,0.135348,60.0
1744879016159608.0,-8439.37,4795.36,0.398345,2.44837,2.35588,-0.0924935,60.0
1744879016180407.0,-8441.48,4797.41,0.402693,2.58372,2.47555,-0.108165,60.0
1744879016200807.0,-8441.48,4797.41,0.402693,2.58372,2.52779,-0.0559323,60.0
1744879016221782.0,-8443.6,4799.46,0.407043,2.47555,2.44211,-0.0334499,60.0
1744879016242478.0,-8443.6,4799.46,0.407043,2.47555,2.46424,-0.0113124,60.0
1744879016263290.0,-8443.6,4799.46,0.407043,2.47555,2.32254,-0.15301,60.0
1744879016284069.0,-8446.14,4801.52,0.411956,2.46424,2.52334,0.0591008,60.0
1744879016304674.0,-8446.14,4801.52,0.411956,2.46424,2.56177,0.097527,60.0
1744879016325336.0,-8448.26,4802.88,0.415796,2.52334,2.43209,-0.091256,60.0
1744879016346558.0,-8448.26,4802.88,0.415796,2.52334,2.57761,0.0542615,60.0
1744879016367061.0,-8448.26,4802.88,0.415796,2.52334,2.52896,0.00561348,60.0
1744879016388124.0,-8450.37,4804.93,0.420149,2.57761,2.61725,0.03964,60.0
1744879016408492.0,-8450.37,4804.93,0.420149,2.57761,2.43123,-0.146377,60.0
1744879016429163.0,-8452.91,4806.99,0.425067,2.61725,2.5123,-0.10495,60.0
1744879016450060.0,-8452.91,4806.99,0.425067,2.61725,2.54115,-0.0760909,60.0
1744879016470733.0,-8452.91,4806.99,0.425067,2.61725,2.5515,-0.0657408,60.0
1744879016491635.0,-8455.03,4809.04,0.429424,2.54115,2.42328,-0.117873,60.0
1744879016512051.0,-8455.03,4809.04,0.429424,2.54115,2.4527,-0.0884573,60.0
1744879016532860.0,-8457.57,4811.09,0.434345,2.42328,2.3829,-0.0403777,60.0
1744879016553472.0,-8457.57,4811.09,0.434345,2.42328,2.31884,-0.104439,60.0
1744879016574081.0,-8459.69,4812.46,0.43819,2.3829,2.26321,-0.11969,60.0
1744879016594870.0,-8459.69,4812.46,0.43819,2.3829,2.44861,0.0657095,60.0
1744879016615595.0,-8459.69,4812.46,0.43819,2.3829,2.50925,0.12635,60.0
1744879016636189.0,-8462.23,4814.51,0.443115,2.44861,2.43802,-0.0105944,60.0
1744879016657188.0,-8462.23,4814.51,0.443115,2.44861,2.52172,0.0731072,60.0
1744879016677717.0,-8464.34,4816.56,0.447477,2.43802,2.41241,-0.025611,60.0
1744879016698471.0,-8464.34,4816.56,0.447477,2.43802,2.46625,0.0282298,60.0
1744879016719461.0,-8464.34,4816.56,0.447477,2.43802,2.43971,0.00168924,60.0
1744879016740180.0,-8466.88,4818.61,0.452404,2.46625,2.47848,0.0122357,60.0
1744879016760847.0,-8466.88,4818.61,0.452404,2.46625,2.52075,0.0545037,60.0
1744879016781524.0,-8469.0,4820.66,0.456769,2.47848,2.47696,-0.00152188,60.0
1744879016802142.0,-8469.0,4820.66,0.456769,2.47848,2.41687,-0.0616192,60.0
1744879016822987.0,-8469.0,4820.66,0.456769,2.47848,2.61372,0.135236,60.0
1744879016843644.0,-8471.54,4822.03,0.461184,2.41687,2.42204,0.00517649,60.0
1744879016864356.0,-8471.54,4822.03,0.461184,2.41687,2.37549,-0.0413739,60.0
1744879016884990.0,-8473.65,4824.08,0.465552,2.42204,2.35107,-0.0709697,60.0
1744879016905430.0,-8473.65,4824.08,0.465552,2.42204,2.3686,-0.0534456,60.0
1744879016926613.0,-8473.65,4824.08,0.465552,2.42204,2.38249,-0.0395483,60.0
1744879016947392.0,-8475.77,4826.13,0.469921,2.3686,2.43639,0.067797,60.0
1744879016968205.0,-8475.77,4826.13,0.469921,2.3686,2.48254,0.113942,60.0
1744879016988786.0,-8478.31,4828.19,0.474856,2.43639,2.27996,-0.156435,60.0
1744879017009417.0,-8478.31,4828.19,0.474856,2.43639,2.39255,-0.0438405,60.0
1744879017030259.0,-8480.43,4830.24,0.479228,2.27996,2.36259,0.0826323,60.0
1744879017050733.0,-8480.43,4830.24,0.479228,2.27996,2.36631,0.086355,60.0
1744879017071336.0,-8480.43,4830.24,0.479228,2.27996,2.27847,-0.00148674,60.0
1744879017092513.0,-8482.97,4832.29,0.484166,2.36631,2.48586,0.119552,60.0
1744879017113094.0,-8482.97,4832.29,0.484166,2.36631,2.38966,0.0233504,60.0
1744879017133931.0,-8485.08,4833.66,0.488024,2.48586,2.52237,0.0365055,60.0
1744879017154869.0,-8485.08,4833.66,0.488024,2.48586,2.39065,-0.0952137,60.0
1744879017175411.0,-8485.08,4833.66,0.488024,2.48586,2.49632,0.0104546,60.0
1744879017196180.0,-8487.2,4835.71,0.4924,2.39065,2.51321,0.122556,60.0
1744879017217120.0,-8487.2,4835.71,0.4924,2.39065,2.35163,-0.0390261,60.0
1744879017237729.0,-8489.74,4837.76,0.497343,2.51321,2.51326,5.11497e-05,60.0
1744879017258355.0,-8489.74,4837.76,0.497343,2.51321,2.50077,-0.0124395,60.0
1744879017279701.0,-8489.74,4837.76,0.497343,2.51321,2.55204,0.0388337,60.0
1744879017300326.0,-8491.86,4839.81,0.501722,2.50077,2.38918,-0.111585,60.0
1744879017321207.0,-8491.86,4839.81,0.501722,2.50077,2.59558,0.0948099,60.0
1744879017341673.0,-8494.4,4841.86,0.506668,2.38918,2.52786,0.138676,60.0
1744879017362332.0,-8494.4,4841.86,0.506668,2.38918,2.50678,0.117595,60.0
1744879017383080.0,-8494.4,4841.86,0.506668,2.38918,2.3902,0.00101883,60.0
1744879017403811.0,-8496.51,4843.91,0.511049,2.50678,2.51182,0.00504686,60.0
1744879017424615.0,-8496.51,4843.91,0.511049,2.50678,2.38237,-0.124406,60.0
1744879017445334.0,-8498.63,4845.28,0.514914,2.51182,2.52725,0.0154272,60.0
1744879017465985.0,-8498.63,4845.28,0.514914,2.51182,2.57276,0.0609401,60.0
1744879017486844.0,-8501.17,4847.33,0.519865,2.52725,2.55385,0.0265955,60.0
1744879017507374.0,-8501.17,4847.33,0.519865,2.52725,2.42905,-0.098205,60.0
1744879017528033.0,-8501.17,4847.33,0.519865,2.52725,2.38444,-0.142815,60.0
1744879017549013.0,-8503.28,4849.38,0.52425,2.42905,2.53821,0.109163,60.0
1744879017569556.0,-8503.28,4849.38,0.52425,2.42905,2.4866,0.0575524,60.0
1744879017590650.0,-8505.82,4851.44,0.529204,2.53821,2.53801,-0.000196287,60.0
1744879017611336.0,-8505.82,4851.44,0.529204,2.53821,2.40873,-0.129479,60.0
1744879017632045.0,-8505.82,4851.44,0.529204,2.53821,2.50224,-0.0359668,60.0
1744879017652579.0,-8507.94,4853.49,0.533592,2.40873,2.36533,-0.0433997,60.0
1744879017673318.0,-8507.94,4853.49,0.533592,2.40873,2.28284,-0.125892,60.0
1744879017694253.0,-8510.48,4854.86,0.53803,2.36533,2.43745,0.072117,60.0
1744879017714738.0,-8510.48,4854.86,0.53803,2.36533,2.23928,-0.126055,60.0
1744879017735426.0,-8510.48,4854.86,0.53803,2.36533,2.34324,-0.02209,60.0
1744879017756366.0,-8512.6,4856.91,0.542421,2.23928,2.31766,0.0783864,60.0
1744879017778358.0,-8512.6,4856.91,0.542421,2.23928,2.39478,0.155502,60.0
1744879017799462.0,-8515.14,4858.96,0.547381,2.31766,2.41854,0.100878,60.0
1744879017819909.0,-8515.14,4858.96,0.547381,2.31766,2.40049,0.0828304,60.0
1744879017840623.0,-8517.25,4861.01,0.551775,2.41854,2.46208,0.0435405,60.0
1744879017862742.0,-8517.25,4861.01,0.551775,2.41854,2.35087,-0.0676697,60.0
1744879017884538.0,-8517.25,4861.01,0.551775,2.41854,2.422,0.00345504,60.0
1744879017905126.0,-8519.37,4863.06,0.55617,2.35087,2.44685,0.0959788,60.0
1744879017926049.0,-8519.37,4863.06,0.55617,2.35087,2.51061,0.159736,60.0
1744879017946692.0,-8521.91,4865.11,0.561135,2.44685,2.56157,0.114721,60.0
1744879017967454.0,-8521.91,4865.11,0.561135,2.44685,2.53194,0.0850937,60.0
1744879017988194.0,-8521.91,4865.11,0.561135,2.44685,2.48632,0.0394707,60.0
1744879018008863.0,-8524.03,4867.16,0.565533,2.53194,2.37499,-0.156948,60.0
1744879018029734.0,-8524.03,4867.16,0.565533,2.53194,2.51369,-0.0182512,60.0
1744879018050128.0,-8526.14,4869.22,0.569932,2.37499,2.52969,0.154694,60.0
1744879018070825.0,-8526.14,4869.22,0.569932,2.37499,2.3583,-0.0166954,60.0
1744879018091646.0,-8526.14,4869.22,0.569932,2.37499,2.49135,0.11635,60.0
1744879018113444.0,-8528.68,4870.58,0.574381,2.3583,2.26651,-0.0917914,60.0
1744879018134324.0,-8528.68,4870.58,0.574381,2.3583,2.41084,0.0525393,60.0
1744879018155123.0,-8530.8,4872.64,0.578783,2.26651,2.33747,0.0709604,60.0
1744879018176018.0,-8530.8,4872.64,0.578783,2.26651,2.23162,-0.0348928,60.0
1744879018196919.0,-8532.92,4874.69,0.583187,2.33747,2.38667,0.0492022,60.0
1744879018217919.0,-8532.92,4874.69,0.583187,2.33747,2.43017,0.0927053,60.0
1744879018238654.0,-8532.92,4874.69,0.583187,2.33747,2.48589,0.148425,60.0
1744879018259216.0,-8535.45,4876.74,0.58816,2.43017,2.30496,-0.125219,60.0
1744879018279761.0,-8535.45,4876.74,0.58816,2.43017,2.45203,0.0218582,60.0
1744879018300437.0,-8537.57,4878.79,0.592567,2.30496,2.44244,0.137484,60.0
1744879018321213.0,-8537.57,4878.79,0.592567,2.30496,2.35644,0.0514879,60.0
1744879018342177.0,-8537.57,4878.79,0.592567,2.30496,2.44004,0.135085,60.0
1744879018363122.0,-8539.69,4880.84,0.596974,2.35644,2.44522,0.0887761,60.0
1744879018383653.0,-8539.69,4880.84,0.596974,2.35644,2.49815,0.141712,60.0
1744879018404404.0,-8541.8,4882.89,0.601384,2.44522,2.42799,-0.0172276,60.0
1744879018425156.0,-8541.8,4882.89,0.601384,2.44522,2.52333,0.0781074,60.0
1744879018445720.0,-8541.8,4882.89,0.601384,2.44522,2.40276,-0.0424599,60.0
1744879018466712.0,-8544.34,4884.94,0.606363,2.52333,2.54583,0.0225069,60.0
1744879018487874.0,-8544.34,4884.94,0.606363,2.52333,2.37904,-0.144286,60.0
1744879018508800.0,-8546.46,4887.0,0.610775,2.54583,2.62141,0.0755728,60.0
1744879018529428.0,-8546.46,4887.0,0.610775,2.54583,2.47651,-0.0693242,60.0
1744879018549605.0,-8546.46,4887.0,0.610775,2.54583,2.39131,-0.154519,60.0
1744879018570246.0,-8548.58,4889.05,0.615189,2.47651,2.57701,0.1005,60.0
1744879018591577.0,-8548.58,4889.05,0.615189,2.47651,2.62713,0.150625,60.0
1744879018612127.0,-8551.12,4890.42,0.619651,2.57701,2.52018,-0.0568247,60.0
1744879018633059.0,-8551.12,4890.42,0.619651,2.57701,2.64876,0.0717492,60.0
1744879018653568.0,-8553.23,4892.47,0.624067,2.52018,2.59076,0.0705753,60.0
1744879018674221.0,-8553.23,4892.47,0.624067,2.52018,2.64208,0.121899,60.0
1744879018694960.0,-8553.23,4892.47,0.624067,2.52018,2.35971,-0.160472,60.0
1744879018716015.0,-8555.77,4894.52,0.629054,2.64208,2.49685,-0.145238,60.0
1744879018736597.0,-8555.77,4894.52,0.629054,2.64208,2.50599,-0.13609,60.0
1744879018757273.0,-8557.89,4896.57,0.633473,2.49685,2.47329,-0.0235575,60.0
1744879018777981.0,-8557.89,4896.57,0.633473,2.49685,2.43514,-0.0617024,60.0
1744879018798654.0,-8557.89,4896.57,0.633473,2.49685,2.49644,-0.000409518,60.0
1744879018819509.0,-8560.01,4898.62,0.637893,2.43514,2.42743,-0.00770935,60.0
1744879018840262.0,-8560.01,4898.62,0.637893,2.43514,2.49523,0.0600826,60.0
1744879018861033.0,-8562.54,4900.67,0.642885,2.42743,2.35329,-0.0741395,60.0
1744879018881966.0,-8562.54,4900.67,0.642885,2.42743,2.41971,-0.00772653,60.0
1744879018902770.0,-8562.54,4900.67,0.642885,2.42743,2.43551,0.00807147,60.0
1744879018923510.0,-8564.66,4902.04,0.646784,2.41971,2.37529,-0.0444192,60.0
1744879018944353.0,-8564.66,4902.04,0.646784,2.41971,2.51044,0.0907308,60.0
1744879018965370.0,-8567.2,4904.09,0.651779,2.37529,2.4792,0.103911,60.0
1744879018985830.0,-8567.2,4904.09,0.651779,2.37529,2.43117,0.0558805,60.0
1744879019006960.0,-8569.32,4906.14,0.656205,2.43117,2.57535,0.144184,60.0
1744879019027803.0,-8569.32,4906.14,0.656205,2.43117,2.56175,0.130578,60.0
1744879019048446.0,-8569.32,4906.14,0.656205,2.43117,2.46763,0.0364622,60.0
1744879019069136.0,-8571.86,4908.2,0.661203,2.56175,2.51576,-0.0459849,60.0
1744879019089967.0,-8571.86,4908.2,0.661203,2.56175,2.6512,0.0894514,60.0
1744879019110478.0,-8573.97,4910.25,0.665632,2.51576,2.44743,-0.0683368,60.0
1744879019131254.0,-8573.97,4910.25,0.665632,2.51576,2.54489,0.0291275,60.0
1744879019151934.0,-8573.97,4910.25,0.665632,2.51576,2.47474,-0.0410172,60.0
1744879019172524.0,-8576.09,4911.62,0.669537,2.54489,2.48707,-0.0578235,60.0
1744879019193441.0,-8576.09,4911.62,0.669537,2.54489,2.69754,0.152653,60.0
1744879019214054.0,-8578.63,4913.67,0.67454,2.48707,2.5043,0.0172291,60.0
1744879019234747.0,-8578.63,4913.67,0.67454,2.48707,2.43217,-0.0548924,60.0
1744879019255562.0,-8578.63,4913.67,0.67454,2.48707,2.36759,-0.11948,60.0
1744879019276384.0,-8580.75,4915.72,0.678972,2.43217,2.47832,0.0461452,60.0
1744879019297109.0,-8580.75,4915.72,0.678972,2.43217,2.51044,0.0782669,60.0
1744879019317708.0,-8583.29,4917.77,0.683978,2.47832,2.39503,-0.0832896,60.0
1744879019338474.0,-8583.29,4917.77,0.683978,2.47832,2.37196,-0.106362,60.0
1744879019359219.0,-8583.29,4917.77,0.683978,2.47832,2.43055,-0.0477638,60.0
1744879019379891.0,-8585.4,4919.82,0.688414,2.37196,2.23778,-0.13418,60.0
1744879019400634.0,-8585.4,4919.82,0.688414,2.37196,2.26754,-0.104417,60.0
1744879019421287.0,-8587.94,4921.19,0.692897,2.23778,2.31318,0.0754068,60.0
1744879019441927.0,-8587.94,4921.19,0.692897,2.23778,2.36975,0.131975,60.0
1744879019462695.0,-8590.06,4923.24,0.697335,2.31318,2.2933,-0.0198883,60.0
1744879019483555.0,-8590.06,4923.24,0.697335,2.31318,2.46527,0.152087,60.0
1744879019506365.0,-8590.06,4923.24,0.697335,2.31318,2.27308,-0.0401071,60.0
1744879019527166.0,-8592.6,4925.29,0.702347,2.46527,2.35614,-0.10913,60.0
1744879019548009.0,-8592.6,4925.29,0.702347,2.46527,2.55084,0.0855685,60.0
1744879019568903.0,-8594.72,4927.34,0.706788,2.35614,2.27502,-0.081121,60.0
1744879019589910.0,-8594.72,4927.34,0.706788,2.35614,2.45522,0.0990799,60.0
1744879019610472.0,-8594.72,4927.34,0.706788,2.35614,2.3721,0.0159627,60.0
1744879019631223.0,-8596.83,4929.4,0.71123,2.45522,2.59391,0.138688,60.0
1744879019652203.0,-8596.83,4929.4,0.71123,2.45522,2.29135,-0.16387,60.0
1744879019673101.0,-8599.37,4931.45,0.716247,2.59391,2.45928,-0.134626,60.0
1744879019693869.0,-8599.37,4931.45,0.716247,2.59391,2.4724,-0.121513,60.0
1744879019715137.0,-8601.49,4932.82,0.720165,2.45928,2.56237,0.103091,60.0
1744879019736057.0,-8601.49,4932.82,0.720165,2.45928,2.38974,-0.0695378,60.0
1744879019756606.0,-8601.49,4932.82,0.720165,2.45928,2.35458,-0.104699,60.0
1744879019777335.0,-8604.03,4934.87,0.725184,2.38974,2.42593,0.0361877,60.0
1744879019798086.0,-8604.03,4934.87,0.725184,2.38974,2.40198,0.012234,60.0
1744879019818845.0,-8606.14,4936.92,0.729632,2.42593,2.535,0.109067,60.0
1744879019839673.0,-8606.14,4936.92,0.729632,2.42593,2.27707,-0.148858,60.0
1744879019860338.0,-8606.14,4936.92,0.729632,2.42593,2.5117,0.0857653,60.0
1744879019880949.0,-8608.68,4938.97,0.734655,2.27707,2.40828,0.131206,60.0
1744879019901542.0,-8608.68,4938.97,0.734655,2.27707,2.40771,0.130638,60.0
1744879019922146.0,-8610.8,4941.02,0.739106,2.40828,2.38882,-0.019458,60.0
1744879019943078.0,-8610.8,4941.02,0.739106,2.40828,2.32444,-0.0838385,60.0
1744879019963867.0,-8610.8,4941.02,0.739106,2.40828,2.50407,0.0957914,60.0
1744879019984630.0,-8612.92,4943.07,0.743558,2.32444,2.329,0.00455692,60.0
1744879020005367.0,-8612.92,4943.07,0.743558,2.32444,2.3809,0.0564616,60.0
1744879020026198.0,-8615.46,4945.12,0.748585,2.329,2.3779,0.0489052,60.0
1744879020046573.0,-8615.46,4945.12,0.748585,2.329,2.49155,0.162551,60.0
1744879020067650.0,-8615.46,4945.12,0.748585,2.329,2.46683,0.137832,60.0
1744879020088506.0,-8617.57,4946.49,0.752512,2.49155,2.5443,0.0527529,60.0
1744879020111297.0,-8617.57,4946.49,0.752512,2.49155,2.47649,-0.0150598,60.0
1744879020131751.0,-8619.69,4948.54,0.756968,2.5443,2.64134,0.0970326,60.0
1744879020152389.0,-8619.69,4948.54,0.756968,2.5443,2.5695,0.0252018,60.0
1744879020173110.0,-8622.23,4950.6,0.762,2.64134,2.49303,-0.148301,60.0
1744879020193853.0,-8622.23,4950.6,0.762,2.64134,2.51156,-0.129774,60.0
1744879020214824.0,-8622.23,4950.6,0.762,2.64134,2.47859,-0.162747,60.0
1744879020235582.0,-8624.35,4952.65,0.766459,2.51156,2.46888,-0.0426831,60.0
1744879020256373.0,-8624.35,4952.65,0.766459,2.51156,2.53511,0.0235436,60.0
1744879020277220.0,-8626.88,4954.7,0.771494,2.46888,2.36441,-0.104467,60.0
1744879020298025.0,-8626.88,4954.7,0.771494,2.46888,2.46545,-0.00342509,60.0
1744879020319012.0,-8626.88,4954.7,0.771494,2.46888,2.41489,-0.0539845,60.0
1744879020339863.0,-8629.0,4956.75,0.775956,2.46545,2.53731,0.0718611,60.0
1744879020360595.0,-8629.0,4956.75,0.775956,2.46545,2.57009,0.104634,60.0
1744879020380993.0,-8631.12,4958.12,0.779889,2.53731,2.45686,-0.0804582,60.0
1744879020401773.0,-8631.12,4958.12,0.779889,2.53731,2.53502,-0.00229946,60.0
1744879020422526.0,-8631.12,4958.12,0.779889,2.53731,2.6554,0.118081,60.0
1744879020443150.0,-8633.66,4960.17,0.784929,2.53502,2.62334,0.0883212,60.0
1744879020464053.0,-8633.66,4960.17,0.784929,2.53502,2.42677,-0.108244,60.0
1744879020484750.0,-8635.77,4962.22,0.789395,2.62334,2.48081,-0.142528,60.0
1744879020505673.0,-8635.77,4962.22,0.789395,2.62334,2.59089,-0.032444,60.0
1744879020526372.0,-8638.31,4964.27,0.794437,2.48081,2.5004,0.0195916,60.0
1744879020547086.0,-8638.31,4964.27,0.794437,2.48081,2.33661,-0.144196,60.0
1744879020567482.0,-8638.31,4964.27,0.794437,2.48081,2.60445,0.123637,60.0
1744879020588459.0,-8640.43,4966.32,0.798906,2.33661,2.33516,-0.00145384,60.0
1744879020609448.0,-8640.43,4966.32,0.798906,2.33661,2.24579,-0.0908233,60.0
1744879020630183.0,-8642.97,4967.69,0.803421,2.33516,2.45629,0.121131,60.0
1744879020650847.0,-8642.97,4967.69,0.803421,2.33516,2.3668,0.0316391,60.0
1744879020671964.0,-8642.97,4967.69,0.803421,2.33516,2.29768,-0.0374786,60.0
1744879020692247.0,-8645.09,4969.74,0.807893,2.3668,2.44211,0.0753162,60.0
1744879020712981.0,-8645.09,4969.74,0.807893,2.3668,2.47342,0.106624,60.0
1744879020733796.0,-8647.63,4971.8,0.812941,2.44211,2.52548,0.083364,60.0
1744879020754312.0,-8647.63,4971.8,0.812941,2.44211,2.49564,0.0535289,60.0
1744879020775064.0,-8647.63,4971.8,0.812941,2.44211,2.59728,0.155168,60.0
1744879020795547.0,-8649.74,4973.85,0.817416,2.49564,2.38929,-0.10635,60.0
1744879020816254.0,-8649.74,4973.85,0.817416,2.49564,2.46672,-0.0289208,60.0
1744879020837596.0,-8652.28,4975.9,0.822468,2.38929,2.48849,0.0991972,60.0
1744879020857732.0,-8652.28,4975.9,0.822468,2.38929,2.50336,0.114069,60.0
1744879020878314.0,-8652.28,4975.9,0.822468,2.38929,2.4549,0.0656079,60.0
1744879020899022.0,-8654.4,4977.27,0.826413,2.50336,2.61467,0.111308,60.0
1744879020919758.0,-8654.4,4977.27,0.826413,2.50336,2.56843,0.0650688,60.0
1744879020940588.0,-8656.94,4979.32,0.831468,2.61467,2.66724,0.0525725,60.0
1744879020960824.0,-8656.94,4979.32,0.831468,2.61467,2.52193,-0.0927363,60.0
1744879020981478.0,-8659.06,4981.37,0.835948,2.66724,2.56887,-0.0983759,60.0
1744879021002041.0,-8659.06,4981.37,0.835948,2.66724,2.50444,-0.162807,60.0
1744879021022621.0,-8659.06,4981.37,0.835948,2.66724,2.5678,-0.0994411,60.0
1744879021043249.0,-8661.59,4983.42,0.841006,2.50444,2.49398,-0.0104553,60.0
1744879021064057.0,-8661.59,4983.42,0.841006,2.50444,2.53608,0.0316467,60.0
1744879021084904.0,-8663.71,4984.79,0.844956,2.49398,2.47648,-0.0174979,60.0
1744879021105662.0,-8663.71,4984.79,0.844956,2.49398,2.3604,-0.133584,60.0
1744879021126323.0,-8663.71,4984.79,0.844956,2.49398,2.51543,0.0214448,60.0
1744879021146989.0,-8666.25,4986.84,0.850017,2.3604,2.50787,0.147471,60.0
1744879021167961.0,-8666.25,4986.84,0.850017,2.3604,2.3481,-0.0122981,60.0
1744879021188336.0,-8668.37,4988.89,0.854502,2.50787,2.49102,-0.0168505,60.0
1744879021209023.0,-8668.37,4988.89,0.854502,2.50787,2.53953,0.0316621,60.0
1744879021229672.0,-8668.37,4988.89,0.854502,2.50787,2.40524,-0.102628,60.0
1744879021250562.0,-8670.91,4990.94,0.859566,2.53953,2.47792,-0.0616067,60.0
1744879021271266.0,-8670.91,4990.94,0.859566,2.53953,2.66481,0.125281,60.0
1744879021291935.0,-8673.02,4992.31,0.863521,2.47792,2.32045,-0.157478,60.0
1744879021312647.0,-8673.02,4992.31,0.863521,2.47792,2.4874,0.00947736,60.0
1744879021333317.0,-8673.02,4992.31,0.863521,2.47792,2.49969,0.0217647,60.0
1744879021354270.0,-8675.56,4994.36,0.868588,2.4874,2.32537,-0.162031,60.0
1744879021374741.0,-8675.56,4994.36,0.868588,2.4874,2.38886,-0.0985395,60.0
1744879021395561.0,-8677.68,4996.42,0.873079,2.32537,2.47847,0.1531,60.0
1744879021416362.0,-8677.68,4996.42,0.873079,2.32537,2.44892,0.123551,60.0
1744879021437040.0,-8680.22,4998.47,0.878149,2.47847,2.60642,0.127948,60.0
1744879021457676.0,-8680.22,4998.47,0.878149,2.47847,2.39368,-0.0847879,60.0
1744879021478336.0,-8680.22,4998.47,0.878149,2.47847,2.48406,0.00558924,60.0
1744879021499121.0,-8682.34,4999.84,0.882109,2.39368,2.37464,-0.0190449,60.0
1744879021519908.0,-8682.34,4999.84,0.882109,2.39368,2.41776,0.02408,60.0
1744879021540663.0,-8684.88,5001.89,0.887182,2.37464,2.40273,0.028094,60.0
1744879021561368.0,-8684.88,5001.89,0.887182,2.37464,2.41748,0.0428429,60.0
1744879021583044.0,-8684.88,5001.89,0.887182,2.37464,2.41402,0.0393863,60.0
1744879021603441.0,-8686.99,5003.94,0.891679,2.41748,2.28156,-0.135924,60.0
1744879021624210.0,-8686.99,5003.94,0.891679,2.41748,2.32338,-0.0940971,60.0
1744879021644784.0,-8689.53,5005.99,0.896755,2.28156,2.43642,0.154862,60.0
1744879021665596.0,-8689.53,5005.99,0.896755,2.28156,2.35408,0.0725211,60.0
1744879021686340.0,-8689.53,5005.99,0.896755,2.28156,2.37474,0.0931808,60.0
1744879021707132.0,-8691.65,5007.36,0.900719,2.35408,2.35178,-0.00229697,60.0
1744879021727768.0,-8691.65,5007.36,0.900719,2.35408,2.474,0.119919,60.0
1744879021748551.0,-8694.19,5009.41,0.905799,2.35178,2.47146,0.119678,60.0
1744879021769333.0,-8694.19,5009.41,0.905799,2.35178,2.41659,0.0648139,60.0
1744879021790180.0,-8694.19,5009.41,0.905799,2.35178,2.26092,-0.0908615,60.0
1744879021810951.0,-8696.3,5011.46,0.910301,2.41659,2.57386,0.157264,60.0
1744879021831745.0,-8696.3,5011.46,0.910301,2.41659,2.25773,-0.15886,60.0
1744879021852325.0,-8698.42,5013.51,0.914804,2.57386,2.43511,-0.138749,60.0
1744879021873033.0,-8698.42,5013.51,0.914804,2.57386,2.45385,-0.120007,60.0
1744879021893693.0,-8700.96,5015.56,0.919888,2.43511,2.41811,-0.0170047,60.0
1744879021914378.0,-8700.96,5015.56,0.919888,2.43511,2.39266,-0.0424505,60.0
1744879021935078.0,-8700.96,5015.56,0.919888,2.43511,2.58005,0.144939,60.0
1744879021955855.0,-8703.08,5017.62,0.924394,2.39266,2.2743,-0.118362,60.0
1744879021976522.0,-8703.08,5017.62,0.924394,2.39266,2.50028,0.107624,60.0
1744879021997277.0,-8705.62,5018.98,0.928945,2.2743,2.35219,0.077888,60.0
1744879022018212.0,-8705.62,5018.98,0.928945,2.2743,2.39721,0.122909,60.0
1744879022038761.0,-8705.62,5018.98,0.928945,2.2743,2.40233,0.128034,60.0
1744879022059472.0,-8707.73,5021.04,0.933454,2.39721,2.4808,0.0835934,60.0
1744879022080095.0,-8707.73,5021.04,0.933454,2.39721,2.361,-0.0362038,60.0
1744879022101499.0,-8709.85,5023.09,0.937964,2.4808,2.5467,0.0659005,60.0
1744879022121832.0,-8709.85,5023.09,0.937964,2.4808,2.3471,-0.1337,60.0
1744879022142751.0,-8709.85,5023.09,0.937964,2.4808,2.45056,-0.0302413,60.0
1744879022163192.0,-8712.39,5025.14,0.943056,2.3471,2.36879,0.021687,60.0
1744879022184152.0,-8712.39,5025.14,0.943056,2.3471,2.40383,0.0567299,60.0
1744879022204765.0,-8714.51,5027.19,0.947569,2.36879,2.31924,-0.0495492,60.0
1744879022225394.0,-8714.51,5027.19,0.947569,2.36879,2.5142,0.145417,60.0
1744879022246024.0,-8717.05,5029.24,0.952664,2.31924,2.30801,-0.0112284,60.0
1744879022266688.0,-8717.05,5029.24,0.952664,2.31924,2.46212,0.142886,60.0
1744879022287392.0,-8717.05,5029.24,0.952664,2.31924,2.3598,0.0405573,60.0
1744879022308284.0,-8719.16,5031.29,0.95718,2.46212,2.54969,0.0875706,60.0
1744879022329160.0,-8719.16,5031.29,0.95718,2.46212,2.42497,-0.0371553,60.0
1744879022349720.0,-8721.28,5033.35,0.961697,2.54969,2.51689,-0.0328082,60.0
1744879022370424.0,-8721.28,5033.35,0.961697,2.54969,2.66721,0.117518,60.0
1744879022390964.0,-8721.28,5033.35,0.961697,2.54969,2.46688,-0.0828155,60.0
1744879022411503.0,-8723.82,5034.71,0.966258,2.66721,2.52797,-0.139243,60.0
1744879022432144.0,-8723.82,5034.71,0.966258,2.66721,2.56192,-0.10529,60.0
1744879022452693.0,-8725.93,5036.77,0.970778,2.52797,2.38563,-0.142337,60.0
1744879022473377.0,-8725.93,5036.77,0.970778,2.52797,2.5605,0.0325334,60.0
1744879022493909.0,-8725.93,5036.77,0.970778,2.52797,2.56963,0.0416572,60.0
1744879022514568.0,-8728.05,5038.82,0.9753,2.5605,2.52285,-0.037653,60.0
1744879022535670.0,-8728.05,5038.82,0.9753,2.5605,2.51252,-0.0479799,60.0
1744879022556350.0,-8730.59,5040.87,0.980404,2.52285,2.39182,-0.131028,60.0
1744879022576821.0,-8730.59,5040.87,0.980404,2.52285,2.40373,-0.119125,60.0
1744879022598099.0,-8730.59,5040.87,0.980404,2.52285,2.40784,-0.115013,60.0
1744879022619578.0,-8732.71,5042.92,0.984928,2.40373,2.36175,-0.0419809,60.0
1744879022640250.0,-8732.71,5042.92,0.984928,2.40373,2.35527,-0.0484568,60.0
1744879022660722.0,-8735.25,5044.97,0.990035,2.36175,2.40585,0.0441077,60.0
1744879022681560.0,-8735.25,5044.97,0.990035,2.36175,2.4998,0.138054,60.0
1744879022702270.0,-8737.36,5046.34,0.994023,2.40585,2.29405,-0.111801,60.0
1744879022722911.0,-8737.36,5046.34,0.994023,2.40585,2.33287,-0.072986,60.0
1744879022743228.0,-8737.36,5046.34,0.994023,2.40585,2.39897,-0.00688026,60.0
1744879022763997.0,-8739.9,5048.39,0.999133,2.33287,2.45248,0.11961,60.0
1744879022784566.0,-8739.9,5048.39,0.999133,2.33287,2.42287,0.0900061,60.0
1744879022805196.0,-8742.02,5050.44,1.00366,2.45248,2.37907,-0.0734118,60.0
1744879022825799.0,-8742.02,5050.44,1.00366,2.45248,2.39033,-0.0621427,60.0
1744879022846443.0,-8742.02,5050.44,1.00366,2.45248,2.53068,0.0782038,60.0
1744879022867472.0,-8744.14,5052.49,1.00819,2.39033,2.2398,-0.150535,60.0
1744879022888129.0,-8744.14,5052.49,1.00819,2.39033,2.43536,0.0450264,60.0
1744879022908746.0,-8746.68,5054.55,1.01331,2.2398,2.33301,0.0932092,60.0
1744879022929478.0,-8746.68,5054.55,1.01331,2.2398,2.31993,0.0801347,60.0
1744879022950140.0,-8746.68,5054.55,1.01331,2.2398,2.32078,0.080977,60.0
1744879022970765.0,-8748.79,5056.6,1.01784,2.31993,2.39962,0.0796845,60.0
1744879022991501.0,-8748.79,5056.6,1.01784,2.31993,2.29488,-0.0250596,60.0
1744879023012254.0,-8750.91,5058.65,1.02238,2.39962,2.45913,0.0595103,60.0
1744879023032691.0,-8750.91,5058.65,1.02238,2.39962,2.50503,0.105408,60.0
1744879023053457.0,-8750.91,5058.65,1.02238,2.39962,2.33331,-0.0663077,60.0
1744879023074422.0,-8753.45,5060.02,1.02696,2.50503,2.53861,0.0335858,60.0
1744879023095401.0,-8753.45,5060.02,1.02696,2.50503,2.36269,-0.142334,60.0
1744879023116041.0,-8755.56,5062.07,1.03149,2.53861,2.39547,-0.143139,60.0
1744879023136705.0,-8755.56,5062.07,1.03149,2.53861,2.46845,-0.0701665,60.0
1744879023157421.0,-8757.68,5064.12,1.03603,2.39547,2.50546,0.109986,60.0
1744879023177945.0,-8757.68,5064.12,1.03603,2.39547,2.46032,0.0648449,60.0
1744879023198644.0,-8757.68,5064.12,1.03603,2.39547,2.3539,-0.0415746,60.0
1744879023219288.0,-8760.22,5066.17,1.04116,2.46032,2.54325,0.0829312,60.0
1744879023239958.0,-8760.22,5066.17,1.04116,2.46032,2.44792,-0.0123943,60.0
1744879023260641.0,-8762.34,5068.22,1.0457,2.54325,2.41516,-0.128086,60.0
1744879023281385.0,-8762.34,5068.22,1.0457,2.54325,2.42742,-0.115826,60.0
1744879023302050.0,-8762.34,5068.22,1.0457,2.54325,2.45805,-0.0852025,60.0
1744879023323145.0,-8764.88,5070.28,1.05083,2.42742,2.46542,0.0379928,60.0
1744879023343589.0,-8764.88,5070.28,1.05083,2.42742,2.55881,0.131387,60.0
1744879023364162.0,-8766.99,5072.33,1.05537,2.46542,2.44953,-0.0158911,60.0
1744879023384880.0,-8766.99,5072.33,1.05537,2.46542,2.37793,-0.0874835,60.0
1744879023405572.0,-8766.99,5072.33,1.05537,2.46542,2.38417,-0.0812473,60.0
1744879023426313.0,-8769.11,5073.69,1.05938,2.37793,2.48943,0.111496,60.0
1744879023446961.0,-8769.11,5073.69,1.05938,2.37793,2.45935,0.0814166,60.0
1744879023467956.0,-8771.65,5075.75,1.06451,2.48943,2.51728,0.027847,60.0
1744879023488569.0,-8771.65,5075.75,1.06451,2.48943,2.45375,-0.0356797,60.0
1744879023509312.0,-8771.65,5075.75,1.06451,2.48943,2.54221,0.0527821,60.0
1744879023529834.0,-8773.77,5077.8,1.06906,2.45375,2.39418,-0.0595746,60.0
1744879023550570.0,-8773.77,5077.8,1.06906,2.45375,2.39007,-0.0636808,60.0
1744879023571359.0,-8776.31,5079.85,1.07419,2.39418,2.40562,0.0114458,60.0
1744879023592400.0,-8776.31,5079.85,1.07419,2.39418,2.5229,0.128724,60.0
1744879023613258.0,-8778.42,5081.9,1.07874,2.40562,2.53412,0.128503,60.0
1744879023634103.0,-8778.42,5081.9,1.07874,2.40562,2.31208,-0.0935377,60.0
1744879023654747.0,-8778.42,5081.9,1.07874,2.40562,2.4779,0.0722836,60.0
1744879023675491.0,-8780.54,5083.95,1.0833,2.31208,2.40059,0.0885043,60.0
1744879023696237.0,-8780.54,5083.95,1.0833,2.31208,2.45859,0.146507,60.0
1744879023717147.0,-8783.08,5085.32,1.08789,2.40059,2.54321,0.142626,60.0
1744879023738207.0,-8783.08,5085.32,1.08789,2.40059,2.49742,0.0968335,60.0
1744879023758764.0,-8783.08,5085.32,1.08789,2.40059,2.34068,-0.0599076,60.0
1744879023779210.0,-8785.19,5087.37,1.09245,2.49742,2.42732,-0.0701026,60.0
1744879023800224.0,-8785.19,5087.37,1.09245,2.49742,2.55801,0.0605841,60.0
1744879023820909.0,-8787.31,5089.42,1.09701,2.42732,2.44109,0.0137745,60.0
1744879023841657.0,-8787.31,5089.42,1.09701,2.42732,2.32673,-0.100584,60.0
1744879023862350.0,-8787.31,5089.42,1.09701,2.42732,2.48826,0.0609439,60.0
1744879023882927.0,-8789.85,5091.48,1.10215,2.32673,2.3531,0.026368,60.0
1744879023903443.0,-8789.85,5091.48,1.10215,2.32673,2.34976,0.0230214,60.0
1744879023926107.0,-8791.97,5093.53,1.10671,2.3531,2.3697,0.0165996,60.0
1744879023946646.0,-8791.97,5093.53,1.10671,2.3531,2.48425,0.131151,60.0
1744879023967309.0,-8794.08,5095.58,1.11127,2.3697,2.3942,0.0244993,60.0
1744879023988418.0,-8794.08,5095.58,1.11127,2.3697,2.43668,0.0669747,60.0
1744879024009139.0,-8794.08,5095.58,1.11127,2.3697,2.31128,-0.0584174,60.0
1744879024029640.0,-8796.62,5097.63,1.11642,2.43668,2.52626,0.0895851,60.0
1744879024050310.0,-8796.62,5097.63,1.11642,2.43668,2.43239,-0.00428982,60.0
1744879024070999.0,-8798.74,5099.68,1.12098,2.52626,2.4792,-0.0470649,60.0
1744879024091904.0,-8798.74,5099.68,1.12098,2.52626,2.42948,-0.0967792,60.0
1744879024112654.0,-8798.74,5099.68,1.12098,2.52626,2.56533,0.0390642,60.0
1744879024133362.0,-8800.85,5101.73,1.12555,2.42948,2.48466,0.0551815,60.0
1744879024154071.0,-8800.85,5101.73,1.12555,2.42948,2.5478,0.11832,60.0
1744879024175024.0,-8803.39,5103.1,1.13016,2.48466,2.42374,-0.0609267,60.0
1744879024195620.0,-8803.39,5103.1,1.13016,2.48466,2.3509,-0.13376,60.0
1744879024216622.0,-8803.39,5103.1,1.13016,2.48466,2.46931,-0.015355,60.0
1744879024237594.0,-8805.51,5105.15,1.13473,2.3509,2.43037,0.0794652,60.0
1744879024258355.0,-8805.51,5105.15,1.13473,2.3509,2.43472,0.0838135,60.0
1744879024279026.0,-8807.63,5107.21,1.1393,2.43037,2.35328,-0.0770841,60.0
1744879024300181.0,-8807.63,5107.21,1.1393,2.43037,2.47178,0.0414097,60.0
1744879024321041.0,-8810.17,5109.26,1.14445,2.47178,2.50851,0.0367298,60.0
1744879024341666.0,-8810.17,5109.26,1.14445,2.47178,2.32402,-0.147758,60.0
1744879024362536.0,-8810.17,5109.26,1.14445,2.47178,2.5387,0.0669184,60.0
1744879024383566.0,-8812.28,5111.31,1.14903,2.32402,2.37249,0.0484715,60.0
1744879024404291.0,-8812.28,5111.31,1.14903,2.32402,2.34759,0.0235679,60.0
1744879024425185.0,-8814.82,5113.36,1.15419,2.37249,2.30997,-0.0625248,60.0
1744879024446063.0,-8814.82,5113.36,1.15419,2.37249,2.50986,0.137364,60.0
1744879024466993.0,-8814.82,5113.36,1.15419,2.37249,2.43028,0.0577845,60.0
1744879024487800.0,-8816.94,5115.41,1.15876,2.50986,2.4906,-0.0192542,60.0
1744879024508353.0,-8816.94,5115.41,1.15876,2.50986,2.63727,0.12741,60.0
1744879024528980.0,-8819.06,5117.46,0.163341,2.4906,2.49208,0.00147461,60.0
1744879024549529.0,-8819.06,5117.46,0.163341,2.4906,2.49534,0.00473406,60.0
1744879024570140.0,-8819.06,5117.46,0.163341,2.4906,2.47976,-0.0108402,60.0
1744879024591385.0,-8821.6,5119.52,0.168507,2.49534,2.53485,0.0395184,60.0
1744879024611972.0,-8821.6,5119.52,0.168507,2.49534,2.40954,-0.0857979,60.0
1744879024632678.0,-8823.71,5120.88,0.172539,2.53485,2.56012,0.0252665,60.0
1744879024653439.0,-8823.71,5120.88,0.172539,2.53485,2.49401,-0.0408438,60.0
1744879024674151.0,-8823.71,5120.88,0.172539,2.53485,2.50729,-0.0275688,60.0
1744879024694767.0,-8825.83,5122.94,0.17712,2.49401,2.56268,0.0686696,60.0
1744879024716058.0,-8825.83,5122.94,0.17712,2.49401,2.62581,0.1318,60.0
1744879024736341.0,-8828.37,5124.99,0.18229,2.56268,2.46884,-0.0938393,60.0
1744879024756981.0,-8828.37,5124.99,0.18229,2.56268,2.5702,0.007519,60.0
1744879024777842.0,-8830.49,5127.04,0.186874,2.46884,2.35345,-0.115395,60.0
1744879024798575.0,-8830.49,5127.04,0.186874,2.46884,2.62692,0.158078,60.0
1744879024819140.0,-8830.49,5127.04,0.186874,2.46884,2.46957,0.000725955,60.0
1744879024839871.0,-8833.03,5129.09,0.192047,2.62692,2.51099,-0.11593,60.0
1744879024860542.0,-8833.03,5129.09,0.192047,2.62692,2.47407,-0.152845,60.0
1744879024881043.0,-8835.14,5130.46,0.196085,2.51099,2.46833,-0.0426558,60.0
1744879024901609.0,-8835.14,5130.46,0.196085,2.51099,2.37975,-0.131239,60.0
1744879024923145.0,-8835.14,5130.46,0.196085,2.51099,2.38113,-0.129856,60.0
1744879024944004.0,-8837.68,5132.51,0.201262,2.37975,2.40309,0.0233405,60.0
1744879024964680.0,-8837.68,5132.51,0.201262,2.37975,2.33442,-0.0453301,60.0
1744879024985416.0,-8839.8,5134.56,0.205851,2.40309,2.53472,0.131635,60.0
1744879025006187.0,-8839.8,5134.56,0.205851,2.40309,2.54349,0.140399,60.0
1744879025026743.0,-8839.8,5134.56,0.205851,2.40309,2.27713,-0.125958,60.0
1744879025047295.0,-8842.34,5136.61,0.21103,2.54349,2.58742,0.0439322,60.0
1744879025068150.0,-8842.34,5136.61,0.21103,2.54349,2.38927,-0.154223,60.0
1744879025088834.0,-8844.45,5138.67,0.215622,2.58742,2.5014,-0.0860189,60.0
1744879025109693.0,-8844.45,5138.67,0.215622,2.58742,2.47147,-0.115956,60.0
1744879025130489.0,-8844.45,5138.67,0.215622,2.58742,2.70028,0.112859,60.0
1744879025151162.0,-8846.99,5140.03,0.220256,2.47147,2.32889,-0.142576,60.0
1744879025171730.0,-8846.99,5140.03,0.220256,2.47147,2.3727,-0.0987614,60.0
1744879025192414.0,-8849.11,5142.09,0.22485,2.32889,2.24872,-0.080165,60.0
1744879025213126.0,-8849.11,5142.09,0.22485,2.32889,2.35835,0.0294562,60.0
1744879025233844.0,-8849.11,5142.09,0.22485,2.32889,2.31845,-0.0104406,60.0
1744879025254507.0,-8851.65,5144.14,0.230036,2.35835,2.48501,0.126661,60.0
1744879025275170.0,-8851.65,5144.14,0.230036,2.35835,2.52234,0.163991,60.0
1744879025295856.0,-8853.77,5146.19,0.234634,2.48501,2.42427,-0.060739,60.0
1744879025316711.0,-8853.77,5146.19,0.234634,2.48501,2.59561,0.110605,60.0
1744879025337341.0,-8855.88,5147.56,0.238682,2.42427,2.44012,0.0158539,60.0
1744879025358234.0,-8855.88,5147.56,0.238682,2.42427,2.43475,0.0104782,60.0
1744879025378680.0,-8855.88,5147.56,0.238682,2.42427,2.58848,0.164214,60.0
1744879025399501.0,-8858.42,5149.61,0.243873,2.43475,2.56044,0.125696,60.0
1744879025420184.0,-8858.42,5149.61,0.243873,2.43475,2.45402,0.0192702,60.0
1744879025440809.0,-8860.54,5151.66,0.248474,2.56044,2.4353,-0.125143,60.0
1744879025461525.0,-8860.54,5151.66,0.248474,2.56044,2.66245,0.102008,60.0
1744879025482322.0,-8860.54,5151.66,0.248474,2.56044,2.44009,-0.120349,60.0
1744879025503149.0,-8863.08,5153.71,0.253667,2.66245,2.67187,0.00942481,60.0
1744879025524106.0,-8863.08,5153.71,0.253667,2.66245,2.7769,0.114446,60.0
1744879025544565.0,-8865.19,5155.76,0.258272,2.67187,2.55903,-0.112844,60.0
1744879025565256.0,-8865.19,5155.76,0.258272,2.67187,2.51332,-0.158554,60.0
1744879025586076.0,-8865.19,5155.76,0.258272,2.67187,2.56594,-0.105931,60.0
1744879025606713.0,-8867.74,5157.13,0.262917,2.51332,2.49331,-0.0200087,60.0
1744879025627381.0,-8867.74,5157.13,0.262917,2.51332,2.52128,0.00796408,60.0
1744879025647966.0,-8870.27,5159.18,0.268115,2.49331,2.43523,-0.0580778,60.0
1744879025668645.0,-8870.27,5159.18,0.268115,2.49331,2.61427,0.120958,60.0
1744879025689233.0,-8870.27,5159.18,0.268115,2.49331,2.48026,-0.0130541,60.0
1744879025710120.0,-8872.39,5161.24,0.272724,2.61427,2.46249,-0.151778,60.0
1744879025731118.0,-8872.39,5161.24,0.272724,2.61427,2.50459,-0.109677,60.0
1744879025751897.0,-8874.93,5162.6,0.277373,2.46249,2.50369,0.0411992,60.0
1744879025772753.0,-8874.93,5162.6,0.277373,2.46249,2.30456,-0.157929,60.0
1744879025793330.0,-8877.05,5164.65,0.281984,2.50369,2.66262,0.158933,60.0
1744879025813953.0,-8877.05,5164.65,0.281984,2.50369,2.35711,-0.146577,60.0
1744879025834575.0,-8877.05,5164.65,0.281984,2.50369,2.49437,-0.00931706,60.0
1744879025855201.0,-8879.59,5166.71,0.287188,2.35711,2.48422,0.127111,60.0
1744879025875778.0,-8879.59,5166.71,0.287188,2.35711,2.49551,0.138398,60.0
1744879025896336.0,-8882.13,5168.08,0.291841,2.48422,2.3882,-0.0960236,60.0
1744879025916991.0,-8882.13,5168.08,0.291841,2.48422,2.61554,0.131316,60.0
1744879025937522.0,-8882.13,5168.08,0.291841,2.48422,2.39856,-0.0856646,60.0
1744879025958101.0,-8884.24,5170.13,0.296457,2.61554,2.51484,-0.1007,60.0
1744879025978937.0,-8884.24,5170.13,0.296457,2.61554,2.56703,-0.0485056,60.0
1744879025999290.0,-8886.78,5172.18,0.301666,2.51484,2.53472,0.019876,60.0
1744879026019784.0,-8886.78,5172.18,0.301666,2.51484,2.38352,-0.13132,60.0
1744879026040617.0,-8886.78,5172.18,0.301666,2.51484,2.52592,0.0110771,60.0
1744879026060913.0,-8888.9,5173.55,0.305731,2.38352,2.37871,-0.00481178,60.0
1744879026081539.0,-8888.9,5173.55,0.305731,2.38352,2.47713,0.0936097,60.0
1744879026102452.0,-8891.44,5175.6,0.310942,2.37871,2.33854,-0.0401683,60.0
1744879026123670.0,-8891.44,5175.6,0.310942,2.37871,2.50509,0.12638,60.0
1744879026144093.0,-8891.44,5175.6,0.310942,2.37871,2.51672,0.138009,60.0
1744879026164995.0,-8893.56,5177.65,0.315563,2.50509,2.38238,-0.122704,60.0
1744879026185611.0,-8893.56,5177.65,0.315563,2.50509,2.66079,0.1557,60.0
1744879026206271.0,-8896.1,5179.7,0.320778,2.38238,2.4022,0.0198177,60.0
1744879026227235.0,-8896.1,5179.7,0.320778,2.38238,2.45806,0.0756763,60.0
1744879026248023.0,-8898.64,5181.07,0.325441,2.4022,2.30624,-0.0959614,60.0
1744879026268745.0,-8898.64,5181.07,0.325441,2.4022,2.35602,-0.0461785,60.0
1744879026289457.0,-8898.64,5181.07,0.325441,2.4022,2.52195,0.119745,60.0
1744879026310116.0,-8900.75,5183.12,0.330066,2.35602,2.29423,-0.0617902,60.0
1744879026330896.0,-8900.75,5183.12,0.330066,2.35602,2.50028,0.144252,60.0
1744879026351666.0,-8903.29,5185.17,0.335285,2.29423,2.23118,-0.0630577,60.0
1744879026372361.0,-8903.29,5185.17,0.335285,2.29423,2.34186,0.0476321,60.0
1744879026393065.0,-8903.29,5185.17,0.335285,2.29423,2.4444,0.150164,60.0
1744879026413792.0,-8905.41,5187.23,0.339913,2.34186,2.2551,-0.0867605,60.0
1744879026434238.0,-8905.41,5187.23,0.339913,2.34186,2.47277,0.130904,60.0
1744879026455027.0,-8907.95,5188.59,0.344581,2.2551,2.36883,0.113723,60.0
1744879026475738.0,-8907.95,5188.59,0.344581,2.2551,2.3575,0.102398,60.0
1744879026496278.0,-8907.95,5188.59,0.344581,2.2551,2.35997,0.104861,60.0
1744879026517368.0,-8910.06,5190.65,0.349212,2.3575,2.32745,-0.0300555,60.0
1744879026537962.0,-8910.06,5190.65,0.349212,2.3575,2.36183,0.00433118,60.0
1744879026558800.0,-8912.18,5192.7,0.353844,2.32745,2.2725,-0.0549502,60.0
1744879026579574.0,-8912.18,5192.7,0.353844,2.32745,2.47583,0.148386,60.0
1744879026600252.0,-8912.18,5192.7,0.353844,2.32745,2.46498,0.137538,60.0
1744879026621065.0,-8914.72,5194.75,0.359071,2.47583,2.55547,0.0796418,60.0
1744879026641665.0,-8914.72,5194.75,0.359071,2.47583,2.47367,-0.00216433,60.0
1744879026662282.0,-8916.84,5196.8,0.363706,2.55547,2.56855,0.0130744,60.0
1744879026682969.0,-8916.84,5196.8,0.363706,2.55547,2.41336,-0.142115,60.0
1744879026705606.0,-8919.38,5198.85,0.368936,2.56855,2.59677,0.0282172,60.0
1744879026726213.0,-8919.38,5198.85,0.368936,2.56855,2.44032,-0.128231,60.0
1744879026747041.0,-8919.38,5198.85,0.368936,2.56855,2.55107,-0.0174767,60.0
1744879026767907.0,-8921.49,5200.22,0.373018,2.44032,2.42388,-0.0164373,60.0
1744879026788881.0,-8921.49,5200.22,0.373018,2.44032,2.42546,-0.0148598,60.0
1744879026809533.0,-8923.61,5202.27,0.377657,2.42388,2.51609,0.0922082,60.0
1744879026830116.0,-8923.61,5202.27,0.377657,2.42388,2.54076,0.116875,60.0
1744879026850891.0,-8923.61,5202.27,0.377657,2.42388,2.38667,-0.0372115,60.0
1744879026871583.0,-8926.15,5204.32,0.382891,2.54076,2.56706,0.0263019,60.0
1744879026892243.0,-8926.15,5204.32,0.382891,2.54076,2.65715,0.116397,60.0
1744879026912900.0,-8928.26,5206.37,0.387533,2.56706,2.42646,-0.140594,60.0
1744879026933488.0,-8928.26,5206.37,0.387533,2.56706,2.41607,-0.150988,60.0
1744879026954074.0,-8928.26,5206.37,0.387533,2.56706,2.46253,-0.104524,60.0
1744879026974644.0,-8930.8,5208.43,0.392771,2.41607,2.50549,0.0894164,60.0
1744879026995333.0,-8930.8,5208.43,0.392771,2.41607,2.41781,0.00174451,60.0
1744879027015968.0,-8932.92,5209.79,0.396859,2.50549,2.38314,-0.122344,60.0
1744879027036779.0,-8932.92,5209.79,0.396859,2.50549,2.54883,0.0433439,60.0
1744879027057338.0,-8935.46,5211.85,0.4021,2.38314,2.48244,0.0992956,60.0
1744879027078103.0,-8935.46,5211.85,0.4021,2.38314,2.47205,0.0889045,60.0
1744879027098990.0,-8935.46,5211.85,0.4021,2.38314,2.23224,-0.1509,60.0
1744879027119714.0,-8937.58,5213.9,0.406747,2.47205,2.42812,-0.0439231,60.0
1744879027140425.0,-8937.58,5213.9,0.406747,2.47205,2.45157,-0.0204794,60.0
1744879027161043.0,-8940.12,5215.95,0.411991,2.42812,2.48892,0.0607978,60.0
1744879027181694.0,-8940.12,5215.95,0.411991,2.42812,2.34028,-0.0878455,60.0
1744879027202279.0,-8940.12,5215.95,0.411991,2.42812,2.30272,-0.1254,60.0
1744879027222853.0,-8942.23,5218.0,0.416641,2.34028,2.47467,0.134392,60.0
1744879027243712.0,-8942.23,5218.0,0.416641,2.34028,2.34022,-5.40053e-05,60.0
1744879027264481.0,-8944.77,5219.37,0.42133,2.47467,2.48461,0.00994323,60.0
1744879027285067.0,-8944.77,5219.37,0.42133,2.47467,2.4968,0.0221267,60.0
1744879027305825.0,-8944.77,5219.37,0.42133,2.47467,2.43489,-0.0397789,60.0
1744879027326506.0,-8946.89,5221.42,0.425983,2.4968,2.55783,0.0610292,60.0
1744879027346943.0,-8946.89,5221.42,0.425983,2.4968,2.51615,0.019351,60.0
1744879027367636.0,-8949.43,5223.47,0.431233,2.55783,2.56352,0.005692,60.0
1744879027388294.0,-8949.43,5223.47,0.431233,2.55783,2.56188,0.00405115,60.0
1744879027409148.0,-8949.43,5223.47,0.431233,2.55783,2.52383,-0.0339963,60.0
1744879027429683.0,-8951.55,5225.53,0.435889,2.56188,2.48432,-0.0775528,60.0
1744879027450278.0,-8951.55,5225.53,0.435889,2.56188,2.5222,-0.0396763,60.0
1744879027470826.0,-8954.09,5227.58,0.441142,2.48432,2.52071,0.036388,60.0
1744879027491809.0,-8954.09,5227.58,0.441142,2.48432,2.63756,0.153236,60.0
1744879027512632.0,-8954.09,5227.58,0.441142,2.48432,2.56124,0.0769169,60.0
1744879027533261.0,-8956.2,5228.94,0.445242,2.63756,2.50338,-0.134178,60.0
1744879027553819.0,-8956.2,5228.94,0.445242,2.63756,2.53767,-0.099887,60.0
1744879027574501.0,-8958.74,5231.0,0.450498,2.50338,2.38031,-0.123071,60.0
1744879027595696.0,-8958.74,5231.0,0.450498,2.50338,2.4366,-0.0667845,60.0
1744879027616333.0,-8960.86,5233.05,0.455159,2.38031,2.38911,0.00879942,60.0
1744879027637059.0,-8960.86,5233.05,0.455159,2.38031,2.46267,0.0823548,60.0
1744879027657770.0,-8960.86,5233.05,0.455159,2.38031,2.3828,0.00248649,60.0
1744879027678470.0,-8963.4,5234.42,0.459859,2.46267,2.42474,-0.0379216,60.0
1744879027699116.0,-8963.4,5234.42,0.459859,2.46267,2.42628,-0.0363875,60.0
1744879027719849.0,-8965.51,5236.47,0.464523,2.42474,2.48155,0.0568053,60.0
1744879027740708.0,-8965.51,5236.47,0.464523,2.42474,2.45465,0.0299103,60.0
1744879027761351.0,-8965.51,5236.47,0.464523,2.42474,2.30765,-0.117095,60.0
1744879027782068.0,-8968.05,5238.52,0.469785,2.45465,2.40031,-0.0543426,60.0
1744879027802905.0,-8968.05,5238.52,0.469785,2.45465,2.50469,0.0500307,60.0
1744879027823499.0,-8970.17,5240.57,0.474452,2.40031,2.36455,-0.0357663,60.0
1744879027844282.0,-8970.17,5240.57,0.474452,2.40031,2.35453,-0.0457862,60.0
1744879027865183.0,-8970.17,5240.57,0.474452,2.40031,2.51789,0.117573,60.0
1744879027886425.0,-8972.71,5241.94,0.479157,2.35453,2.29489,-0.0596366,60.0
1744879027906851.0,-8972.71,5241.94,0.479157,2.35453,2.50581,0.151288,60.0
1744879027927566.0,-8974.83,5243.99,0.483827,2.29489,2.38252,0.0876315,60.0
1744879027948547.0,-8974.83,5243.99,0.483827,2.29489,2.41013,0.115244,60.0
1744879027969167.0,-8974.83,5243.99,0.483827,2.29489,2.4081,0.113211,60.0
1744879027989783.0,-8977.37,5246.04,0.489095,2.41013,2.40222,-0.00791411,60.0
1744879028010485.0,-8977.37,5246.04,0.489095,2.41013,2.35473,-0.0554037,60.0
1744879028031019.0,-8979.48,5248.1,0.493767,2.40222,2.37393,-0.0282868,60.0
1744879028052062.0,-8979.48,5248.1,0.493767,2.40222,2.5234,0.121178,60.0
1744879028072859.0,-8982.02,5250.15,0.499039,2.37393,2.46008,0.0861457,60.0
1744879028093685.0,-8982.02,5250.15,0.499039,2.37393,2.51692,0.142989,60.0
1744879028114832.0,-8982.02,5250.15,0.499039,2.37393,2.31005,-0.0638865,60.0
1744879028135375.0,-8984.14,5252.2,0.503714,2.51692,2.47146,-0.0454654,60.0
1744879028156163.0,-8984.14,5252.2,0.503714,2.51692,2.50087,-0.016047,60.0
1744879028176843.0,-8986.25,5253.57,0.507829,2.47146,2.48,0.00853947,60.0
1744879028197470.0,-8986.25,5253.57,0.507829,2.47146,2.45778,-0.0136799,60.0
1744879028218229.0,-8986.25,5253.57,0.507829,2.47146,2.4689,-0.00255519,60.0
1744879028239153.0,-8988.79,5255.62,0.513105,2.45778,2.38744,-0.0703361,60.0
1744879028259918.0,-8988.79,5255.62,0.513105,2.45778,2.58849,0.130714,60.0
1744879028280760.0,-8990.91,5257.67,0.517784,2.38744,2.49154,0.104105,60.0
1744879028301719.0,-8990.91,5257.67,0.517784,2.38744,2.46441,0.0769686,60.0
1744879028322569.0,-8990.91,5257.67,0.517784,2.38744,2.51363,0.12619,60.0
1744879028352037.0,-8993.45,5259.72,0.523063,2.46441,2.43771,-0.0267027,60.0
1744879028372519.0,-8993.45,5259.72,0.523063,2.46441,2.44263,-0.0217743,60.0
1744879028393937.0,-8995.57,5261.77,0.527745,2.43771,2.40854,-0.0291608,60.0
1744879028414457.0,-8995.57,5261.77,0.527745,2.43771,2.43707,-0.000638948,60.0
1744879028434854.0,-8998.11,5263.14,0.532465,2.40854,2.44861,0.0400649,60.0
1744879028455662.0,-8998.11,5263.14,0.532465,2.40854,2.39436,-0.0141836,60.0
1744879028476422.0,-9000.22,5265.19,0.53715,2.44861,2.46692,0.0183122,60.0
1744879028497213.0,-9000.22,5265.19,0.53715,2.44861,2.46157,0.0129636,60.0
1744879028518095.0,-9000.22,5265.19,0.53715,2.44861,2.4404,-0.00820504,60.0
1744879028538882.0,-9002.34,5267.25,0.541836,2.46157,2.54481,0.0832387,60.0
1744879028559604.0,-9002.34,5267.25,0.541836,2.46157,2.41007,-0.0515062,60.0
1744879028580299.0,-9004.88,5269.3,0.547123,2.54481,2.4576,-0.0872127,60.0
1744879028601530.0,-9004.88,5269.3,0.547123,2.54481,2.45828,-0.0865283,60.0
1744879028622396.0,-9004.88,5269.3,0.547123,2.54481,2.40994,-0.134876,60.0
1744879028643144.0,-9007.0,5271.35,0.551812,2.45828,2.44778,-0.0105054,60.0
1744879028663611.0,-9007.0,5271.35,0.551812,2.45828,2.5909,0.132617,60.0
1744879028684254.0,-9009.53,5273.4,0.557102,2.44778,2.42884,-0.0189416,60.0
1744879028704952.0,-9009.53,5273.4,0.557102,2.44778,2.52932,0.08154,60.0
1744879028725979.0,-9009.53,5273.4,0.557102,2.44778,2.49648,0.0487004,60.0
1744879028746443.0,-9011.65,5274.77,0.56123,2.52932,2.44358,-0.0857407,60.0
1744879028767439.0,-9011.65,5274.77,0.56123,2.52932,2.54844,0.0191229,60.0
1744879028788132.0,-9014.19,5276.82,0.566523,2.44358,2.51232,0.068745,60.0
1744879028808746.0,-9014.19,5276.82,0.566523,2.44358,2.51011,0.0665362,60.0
1744879028830014.0,-9014.19,5276.82,0.566523,2.44358,2.3662,-0.0773763,60.0
1744879028850368.0,-9016.31,5278.87,0.571217,2.51011,2.53637,0.0262569,60.0
1744879028871051.0,-9016.31,5278.87,0.571217,2.51011,2.50002,-0.010096,60.0
1744879028891642.0,-9018.85,5280.92,0.576513,2.53637,2.59605,0.0596823,60.0
1744879028912663.0,-9018.85,5280.92,0.576513,2.53637,2.3853,-0.151069,60.0
1744879028933551.0,-9020.96,5282.29,0.580646,2.59605,2.57095,-0.0251044,60.0
1744879028954199.0,-9020.96,5282.29,0.580646,2.59605,2.45614,-0.139912,60.0
1744879028975905.0,-9020.96,5282.29,0.580646,2.59605,2.6424,0.0463494,60.0
1744879028996152.0,-9023.5,5284.34,0.585945,2.45614,2.36695,-0.0891908,60.0
1744879029016740.0,-9023.5,5284.34,0.585945,2.45614,2.42262,-0.0335214,60.0
1744879029037346.0,-9025.62,5286.4,0.590645,2.36695,2.34761,-0.0193418,60.0
1744879029058005.0,-9025.62,5286.4,0.590645,2.36695,2.40829,0.0413354,60.0
1744879029078692.0,-9025.62,5286.4,0.590645,2.36695,2.4629,0.0959487,60.0
1744879029100025.0,-9028.16,5288.45,0.595948,2.40829,2.26455,-0.143737,60.0
1744879029120714.0,-9028.16,5288.45,0.595948,2.40829,2.55813,0.149844,60.0
1744879029141196.0,-9030.28,5289.82,0.600085,2.26455,2.3924,0.127857,60.0
1744879029161761.0,-9030.28,5289.82,0.600085,2.26455,2.42313,0.15858,60.0
1744879029182500.0,-9030.28,5289.82,0.600085,2.26455,2.30192,0.0373693,60.0
1744879029203239.0,-9032.82,5291.87,0.60539,2.42313,2.47909,0.0559579,60.0
1744879029223962.0,-9032.82,5291.87,0.60539,2.42313,2.48362,0.0604949,60.0
1744879029244503.0,-9034.93,5293.92,0.610096,2.47909,2.31969,-0.159391,60.0
1744879029265168.0,-9034.93,5293.92,0.610096,2.47909,2.49108,0.0119947,60.0
1744879029286031.0,-9037.47,5295.97,0.615404,2.3197,2.37663,0.0569362,60.0
1744879029307125.0,-9037.47,5295.97,0.615404,2.3197,2.38172,0.0620255,60.0
1744879029327911.0,-9037.47,5295.97,0.615404,2.3197,2.32645,0.0067577,60.0
1744879029348627.0,-9039.59,5298.02,0.620112,2.38172,2.49206,0.110337,60.0
1744879029369313.0,-9039.59,5298.02,0.620112,2.38172,2.44854,0.0668173,60.0
1744879029390236.0,-9041.7,5300.07,0.624822,2.49206,2.47363,-0.01843,60.0
1744879029410777.0,-9041.7,5300.07,0.624822,2.49206,2.64645,0.154396,60.0
1744879029431800.0,-9041.7,5300.07,0.624822,2.49206,2.46307,-0.0289904,60.0
1744879029453210.0,-9044.24,5301.44,0.629569,2.64645,2.55962,-0.0868389,60.0
1744879029473758.0,-9044.24,5301.44,0.629569,2.64645,2.56545,-0.0810072,60.0
1744879029494457.0,-9046.36,5303.49,0.634281,2.55961,2.51563,-0.0439877,60.0
1744879029515591.0,-9046.36,5303.49,0.634281,2.55961,2.55734,-0.00227152,60.0
1744879029536125.0,-9046.36,5303.49,0.634281,2.55961,2.49307,-0.0665464,60.0
1744879029556846.0,-9048.9,5305.55,0.639597,2.55734,2.47766,-0.0796881,60.0
1744879029577504.0,-9048.9,5305.55,0.639597,2.55734,2.47532,-0.0820187,60.0
1744879029603834.0,-9051.02,5307.6,0.644312,2.47766,2.45072,-0.0269372,60.0
1744879029624771.0,-9051.02,5307.6,0.644312,2.47766,2.37057,-0.10708,60.0
1744879029645763.0,-9053.56,5308.97,0.649064,2.45072,2.35737,-0.0933447,60.0
1744879029666266.0,-9053.56,5308.97,0.649064,2.45072,2.4607,0.00997943,60.0
1744879029687132.0,-9053.56,5308.97,0.649064,2.45072,2.4697,0.0189804,60.0
1744879029707978.0,-9055.67,5311.02,0.653782,2.4607,2.39919,-0.0615117,60.0
1744879029728736.0,-9055.67,5311.02,0.653782,2.4607,2.56015,0.099448,60.0
1744879029749784.0,-9058.21,5313.07,0.659104,2.39919,2.38361,-0.0155736,60.0
1744879029770561.0,-9058.21,5313.07,0.659104,2.39919,2.38252,-0.0166623,60.0
1744879029791418.0,-9058.21,5313.07,0.659104,2.39919,2.36926,-0.0299241,60.0
1744879029812581.0,-9060.33,5315.12,0.663825,2.38252,2.48195,0.099422,60.0
1744879029833535.0,-9060.33,5315.12,0.663825,2.38252,2.34194,-0.040583,60.0
1744879029854427.0,-9062.87,5316.49,0.668582,2.48195,2.53991,0.0579638,60.0
1744879029874842.0,-9062.87,5316.49,0.668582,2.48195,2.46586,-0.0160847,60.0
1744879029895913.0,-9064.98,5318.54,0.673305,2.53991,2.44068,-0.0992308,60.0
1744879029916670.0,-9064.98,5318.54,0.673305,2.53991,2.42166,-0.118245,60.0
1744879029937507.0,-9064.98,5318.54,0.673305,2.53991,2.43493,-0.10498,60.0
1744879029957906.0,-9067.52,5320.59,0.678634,2.42166,2.44534,0.0236779,60.0
1744879029978762.0,-9067.52,5320.59,0.678634,2.42166,2.49884,0.0771749,60.0
1744879029999625.0,-9069.64,5322.65,0.68336,2.44534,2.37576,-0.0695832,60.0
1744879030020484.0,-9069.64,5322.65,0.68336,2.44534,2.60859,0.163247,60.0
1744879030041023.0,-9069.64,5322.65,0.68336,2.44534,2.28583,-0.15951,60.0
1744879030061787.0,-9072.18,5324.7,0.688691,2.60859,2.51839,-0.0902036,60.0
1744879030082572.0,-9072.18,5324.7,0.688691,2.60859,2.49875,-0.109843,60.0
1744879030103488.0,-9074.3,5326.07,0.692851,2.51839,2.56161,0.0432278,60.0
1744879030123962.0,-9074.3,5326.07,0.692851,2.51839,2.64157,0.123187,60.0
1744879030144895.0,-9074.3,5326.07,0.692851,2.51839,2.52236,0.00397073,60.0
1744879030165563.0,-9076.84,5328.12,0.698186,2.64157,2.58112,-0.0604488,60.0
1744879030186520.0,-9076.84,5328.12,0.698186,2.64157,2.51575,-0.125821,60.0
1744879030207202.0,-9079.38,5330.17,0.703522,2.58112,2.50233,-0.0787974,60.0
1744879030228053.0,-9079.38,5330.17,0.703522,2.58112,2.53713,-0.0439942,60.0
1744879030248333.0,-9081.49,5331.54,0.707685,2.50233,2.57539,0.0730664,60.0
1744879030269299.0,-9081.49,5331.54,0.707685,2.50233,2.40501,-0.0973128,60.0
1744879030289774.0,-9081.49,5331.54,0.707685,2.50233,2.51339,0.0110614,60.0
1744879030310478.0,-9084.03,5333.59,0.713025,2.40501,2.30789,-0.0971275,60.0
1744879030331180.0,-9084.03,5333.59,0.713025,2.40501,2.43974,0.0347216,60.0
1744879030351851.0,-9086.15,5335.64,0.71776,2.30789,2.38988,0.0819945,60.0
1744879030372613.0,-9086.15,5335.64,0.71776,2.30789,2.40314,0.0952507,60.0
1744879030393528.0,-9086.15,5335.64,0.71776,2.30789,2.33405,0.0261626,60.0
1744879030414070.0,-9088.69,5337.01,0.722533,2.40314,2.5507,0.147566,60.0
1744879030435050.0,-9088.69,5337.01,0.722533,2.40314,2.52814,0.125004,60.0
1744879030455866.0,-9090.8,5339.06,0.727271,2.5507,2.4434,-0.107304,60.0
1744879030476112.0,-9090.8,5339.06,0.727271,2.5507,2.45861,-0.0920884,60.0
1744879030496867.0,-9090.8,5339.06,0.727271,2.5507,2.47559,-0.0751158,60.0
1744879030517465.0,-9093.34,5341.11,0.732616,2.45861,2.49868,0.040062,60.0
1744879030538130.0,-9093.34,5341.11,0.732616,2.45861,2.44159,-0.0170201,60.0
1744879030558915.0,-9095.46,5343.16,0.737358,2.49868,2.47068,-0.0279977,60.0
1744879030579837.0,-9095.46,5343.16,0.737358,2.49868,2.41812,-0.0805614,60.0
1744879030600655.0,-9095.46,5343.16,0.737358,2.49868,2.41517,-0.0835019,60.0
1744879030621525.0,-9098.0,5344.53,0.742135,2.41812,2.39828,-0.0198367,60.0
1744879030642200.0,-9098.0,5344.53,0.742135,2.41812,2.5053,0.0871849,60.0
1744879030662833.0,-9100.54,5346.58,0.747485,2.39828,2.26545,-0.132832,60.0
1744879030683398.0,-9100.54,5346.58,0.747485,2.39828,2.48712,0.0888413,60.0
1744879030704221.0,-9100.54,5346.58,0.747485,2.39828,2.44854,0.0502569,60.0
1744879030724914.0,-9102.66,5348.64,0.75223,2.48712,2.63459,0.147466,60.0
1744879030745792.0,-9102.66,5348.64,0.75223,2.48712,2.45305,-0.0340689,60.0
1744879030766199.0,-9105.2,5350.69,0.757584,2.63459,2.59374,-0.0408476,60.0
1744879030787357.0,-9105.2,5350.69,0.757584,2.63459,2.56983,-0.0647523,60.0
1744879030807782.0,-9107.31,5352.06,0.76176,2.59374,2.66131,0.0675751,60.0
1744879030828524.0,-9107.31,5352.06,0.76176,2.59374,2.62136,0.0276228,60.0
1744879030849203.0,-9107.31,5352.06,0.76176,2.59374,2.5293,-0.064434,60.0
1744879030870005.0,-9109.85,5354.11,0.767116,2.62136,2.48125,-0.140106,60.0
1744879030890721.0,-9109.85,5354.11,0.767116,2.62136,2.47074,-0.150621,60.0
1744879030911437.0,-9111.97,5356.16,0.771867,2.48125,2.53986,0.05861,60.0
1744879030932116.0,-9111.97,5356.16,0.771867,2.48125,2.49687,0.0156189,60.0
1744879030952745.0,-9111.97,5356.16,0.771867,2.48125,2.50365,0.0223931,60.0
1744879030973293.0,-9114.51,5357.53,0.776654,2.49687,2.55401,0.0571403,60.0
1744879030994242.0,-9114.51,5357.53,0.776654,2.49687,2.40866,-0.0882179,60.0
1744879031014949.0,-9117.05,5359.58,0.782015,2.55401,2.55288,-0.00113386,60.0
1744879031035352.0,-9117.05,5359.58,0.782015,2.55401,2.55029,-0.00372029,60.0
1744879031056233.0,-9117.05,5359.58,0.782015,2.55401,2.55432,0.000304832,60.0
1744879031076869.0,-9119.16,5361.63,0.78677,2.55029,2.42845,-0.12184,60.0
1744879031097922.0,-9119.16,5361.63,0.78677,2.55029,2.40292,-0.14737,60.0
1744879031118911.0,-9121.71,5363.0,0.79156,2.42845,2.53408,0.105627,60.0
1744879031139799.0,-9121.71,5363.0,0.79156,2.42845,2.48198,0.0535233,60.0
1744879031160675.0,-9124.24,5365.05,0.796926,2.53408,2.49496,-0.0391195,60.0
1744879031181429.0,-9124.24,5365.05,0.796926,2.53408,2.41892,-0.115161,60.0
1744879031202163.0,-9124.24,5365.05,0.796926,2.53408,2.51344,-0.0206421,60.0
1744879031222719.0,-9126.36,5367.1,0.801685,2.41892,2.42661,0.00768768,60.0
1744879031243491.0,-9126.36,5367.1,0.801685,2.41892,2.4837,0.0647795,60.0
1744879031264189.0,-9128.9,5368.47,0.80648,2.42661,2.48927,0.0626632,60.0
1744879031284988.0,-9128.9,5368.47,0.80648,2.42661,2.45134,0.024734,60.0
1744879031305728.0,-9128.9,5368.47,0.80648,2.42661,2.36993,-0.0566761,60.0
1744879031326504.0,-9131.44,5370.52,0.81185,2.45134,2.46877,0.0174298,60.0
1744879031347159.0,-9131.44,5370.52,0.81185,2.45134,2.29852,-0.15282,60.0
1744879031368114.0,-9133.56,5372.58,0.816613,2.46877,2.50798,0.0392127,60.0
1744879031388698.0,-9133.56,5372.58,0.816613,2.46877,2.50347,0.0346971,60.0
1744879031409433.0,-9133.56,5372.58,0.816613,2.46877,2.46978,0.00100436,60.0
1744879031430252.0,-9136.1,5373.94,0.821412,2.50347,2.42226,-0.0812061,60.0
1744879031451137.0,-9136.1,5373.94,0.821412,2.50347,2.50681,0.00334591,60.0
1744879031472022.0,-9138.21,5376.0,0.826178,2.42226,2.49483,0.0725658,60.0
1744879031492913.0,-9138.21,5376.0,0.826178,2.42226,2.44407,0.0218124,60.0
1744879031513828.0,-9138.21,5376.0,0.826178,2.42226,2.54465,0.12239,60.0
1744879031535164.0,-9140.75,5378.05,0.831555,2.44407,2.55814,0.114067,60.0
1744879031556023.0,-9140.75,5378.05,0.831555,2.44407,2.3805,-0.063571,60.0
1744879031577088.0,-9143.29,5379.42,0.836358,2.55814,2.51589,-0.0422562,60.0
1744879031597956.0,-9143.29,5379.42,0.836358,2.55814,2.54692,-0.0112236,60.0
1744879031618966.0,-9145.41,5381.47,0.841128,2.51589,2.52352,0.00763688,60.0
1744879031639709.0,-9145.41,5381.47,0.841128,2.51589,2.59171,0.0758208,60.0
1744879031660363.0,-9145.41,5381.47,0.841128,2.51589,2.60488,0.0889915,60.0
1744879031681123.0,-9147.95,5383.52,0.846509,2.59171,2.50313,-0.0885755,60.0
1744879031701833.0,-9147.95,5383.52,0.846509,2.59171,2.51251,-0.0791957,60.0
1744879031722759.0,-9150.07,5384.89,0.850706,2.50313,2.53117,0.0280388,60.0
1744879031743439.0,-9150.07,5384.89,0.850706,2.50313,2.59609,0.0929555,60.0
1744879031764314.0,-9150.07,5384.89,0.850706,2.50313,2.45491,-0.0482214,60.0
1744879031785108.0,-9152.61,5386.94,0.85609,2.59609,2.75147,0.155384,60.0
1744879031805897.0,-9152.61,5386.94,0.85609,2.59609,2.48534,-0.110746,60.0
1744879031827060.0,-9155.14,5388.99,0.861475,2.75147,2.63614,-0.115334,60.0
1744879031847808.0,-9155.14,5388.99,0.861475,2.75147,2.65088,-0.100595,60.0
1744879031868773.0,-9155.14,5388.99,0.861475,2.75147,2.64843,-0.103045,60.0
1744879031889433.0,-9157.68,5390.36,0.866286,2.65088,2.50319,-0.147688,60.0
1744879031910121.0,-9157.68,5390.36,0.866286,2.65088,2.63931,-0.0115609,60.0
1744879031930839.0,-9159.8,5392.41,0.871065,2.50319,2.49413,-0.00905589,60.0
1744879031951386.0,-9159.8,5392.41,0.871065,2.50319,2.45544,-0.0477435,60.0
1744879031972431.0,-9162.34,5393.78,0.875879,2.49413,2.52534,0.0312048,60.0
1744879031993137.0,-9162.34,5393.78,0.875879,2.49413,2.53906,0.044931,60.0
1744879032013541.0,-9162.34,5393.78,0.875879,2.49413,2.61641,0.122283,60.0
1744879032034322.0,-9164.88,5395.83,0.88127,2.53906,2.51371,-0.0253487,60.0
1744879032055036.0,-9164.88,5395.83,0.88127,2.53906,2.6027,0.0636339,60.0
1744879032075712.0,-9167.0,5397.88,0.886053,2.51371,2.47015,-0.0435588,60.0
1744879032096672.0,-9167.0,5397.88,0.886053,2.51371,2.61874,0.105029,60.0
1744879032117453.0,-9167.0,5397.88,0.886053,2.51371,2.50327,-0.0104441,60.0
1744879032138156.0,-9169.54,5399.25,0.89087,2.61874,2.53473,-0.0840132,60.0
1744879032159204.0,-9169.54,5399.25,0.89087,2.61874,2.54089,-0.0778501,60.0
1744879032179759.0,-9172.08,5401.31,0.896267,2.53473,2.58368,0.0489531,60.0
1744879032200360.0,-9172.08,5401.31,0.896267,2.53473,2.3954,-0.139328,60.0
1744879032221088.0,-9172.08,5401.31,0.896267,2.53473,2.60211,0.0673861,60.0
1744879032241809.0,-9174.62,5402.67,0.901087,2.3954,2.55162,0.156223,60.0
1744879032262322.0,-9174.62,5402.67,0.901087,2.3954,2.29864,-0.096757,60.0
1744879032283196.0,-9176.73,5404.73,0.905875,2.55162,2.39657,-0.155054,60.0
1744879032303950.0,-9176.73,5404.73,0.905875,2.55162,2.49416,-0.057463,60.0
1744879032324706.0,-9179.27,5406.09,0.910698,2.49416,2.45998,-0.0341839,60.0
1744879032345817.0,-9179.27,5406.09,0.910698,2.49416,2.56547,0.071308,60.0
1744879032366324.0,-9179.27,5406.09,0.910698,2.49416,2.46684,-0.027325,60.0
1744879032387127.0,-9181.81,5408.15,0.9161,2.56547,2.48613,-0.0793413,60.0
1744879032407906.0,-9181.81,5408.15,0.9161,2.56547,2.41989,-0.145583,60.0
1744879032428562.0,-9184.35,5410.2,0.921504,2.48613,2.46259,-0.0235382,60.0
1744879032449068.0,-9184.35,5410.2,0.921504,2.48613,2.45105,-0.0350743,60.0
1744879032469846.0,-9184.35,5410.2,0.921504,2.48613,2.3692,-0.116922,60.0
1744879032490887.0,-9186.47,5411.57,0.92572,2.45105,2.50179,0.0507385,60.0
1744879032511573.0,-9186.47,5411.57,0.92572,2.45105,2.32483,-0.126223,60.0
1744879032531958.0,-9189.01,5413.62,0.931127,2.50179,2.43834,-0.0634527,60.0
1744879032552736.0,-9189.01,5413.62,0.931127,2.50179,2.34385,-0.157945,60.0
1744879032573481.0,-9189.01,5413.62,0.931127,2.50179,2.37578,-0.126007,60.0
1744879032594275.0,-9191.55,5414.99,0.935956,2.34385,2.38804,0.0441933,60.0
1744879032615245.0,-9191.55,5414.99,0.935956,2.34385,2.45214,0.108289,60.0
1744879032636039.0,-9193.67,5417.04,0.940754,2.38804,2.2986,-0.0894384,60.0
1744879032656763.0,-9193.67,5417.04,0.940754,2.38804,2.49636,0.108323,60.0
1744879032677540.0,-9193.67,5417.04,0.940754,2.38804,2.40655,0.0185053,60.0
1744879032698309.0,-9196.2,5419.09,0.946166,2.49636,2.51554,0.0191749,60.0
1744879032718792.0,-9196.2,5419.09,0.946166,2.49636,2.46317,-0.0331928,60.0
1744879032739619.0,-9198.74,5420.46,0.951,2.51554,2.51124,-0.00430235,60.0
1744879032760530.0,-9198.74,5420.46,0.951,2.51554,2.49171,-0.0238271,60.0
1744879032781177.0,-9200.86,5422.51,0.955801,2.51124,2.41928,-0.0919568,60.0
1744879032801768.0,-9200.86,5422.51,0.955801,2.51124,2.58468,0.0734424,60.0
1744879032822562.0,-9200.86,5422.51,0.955801,2.51124,2.51764,0.00640731,60.0
1744879032843490.0,-9203.4,5423.88,0.960638,2.58468,2.66915,0.0844753,60.0
1744879032864161.0,-9203.4,5423.88,0.960638,2.58468,2.52029,-0.064386,60.0
1744879032884808.0,-9205.94,5425.93,0.966055,2.66915,2.64937,-0.0197786,60.0
1744879032905475.0,-9205.94,5425.93,0.966055,2.66915,2.55261,-0.116539,60.0
1744879032925982.0,-9205.94,5425.93,0.966055,2.66915,2.65835,-0.010804,60.0
1744879032946724.0,-9208.48,5427.98,0.971475,2.55261,2.43529,-0.117328,60.0
1744879032967743.0,-9208.48,5427.98,0.971475,2.55261,2.64738,0.0947653,60.0
1744879032988584.0,-9210.6,5429.35,0.975702,2.43529,2.50887,0.0735843,60.0
1744879033009075.0,-9210.6,5429.35,0.975702,2.43529,2.49925,0.0639637,60.0
1744879033030016.0,-9210.6,5429.35,0.975702,2.43529,2.35704,-0.07825,60.0
1744879033050471.0,-9213.14,5431.4,0.981124,2.49925,2.469,-0.0302542,60.0
1744879033071445.0,-9213.14,5431.4,0.981124,2.49925,2.60203,0.102783,60.0
1744879033092117.0,-9215.68,5432.77,0.985968,2.469,2.44627,-0.0227271,60.0
1744879033112795.0,-9215.68,5432.77,0.985968,2.469,2.46664,-0.00235155,60.0
1744879033133499.0,-9215.68,5432.77,0.985968,2.469,2.55468,0.0856854,60.0
1744879033154234.0,-9217.79,5434.82,0.990779,2.46664,2.42314,-0.0435062,60.0
1744879033175002.0,-9217.79,5434.82,0.990779,2.46664,2.43257,-0.0340785,60.0
1744879033195783.0,-9217.79,5434.82,0.990779,2.46664,2.31125,-0.155399,60.0
1744879033216467.0,-9220.33,5436.87,0.996206,2.43257,2.52424,0.0916746,60.0
1744879033237034.0,-9220.33,5436.87,0.996206,2.43257,2.46362,0.0310511,60.0
1744879033257993.0,-9222.87,5438.24,1.00105,2.52424,2.53264,0.00840177,60.0
1744879033278622.0,-9222.87,5438.24,1.00105,2.52424,2.52969,0.0054503,60.0
1744879033299576.0,-9224.99,5440.3,1.00587,2.53264,2.44945,-0.0831924,60.0
1744879033320479.0,-9224.99,5440.3,1.00587,2.53264,2.60541,0.0727722,60.0
1744879033349573.0,-9227.53,5442.35,1.0113,2.44945,2.51587,0.0664207,60.0
1744879033370363.0,-9227.53,5442.35,1.0113,2.44945,2.55269,0.103241,60.0
1744879033390978.0,-9227.53,5442.35,1.0113,2.44945,2.35697,-0.0924834,60.0
1744879033411584.0,-9230.07,5443.72,1.01615,2.55269,2.5002,-0.0524915,60.0
1744879033432307.0,-9230.07,5443.72,1.01615,2.55269,2.43625,-0.116436,60.0
1744879033453206.0,-9232.61,5445.77,1.02159,2.5002,2.64946,0.149257,60.0
1744879033474091.0,-9232.61,5445.77,1.02159,2.5002,2.46811,-0.0320841,60.0
1744879033494957.0,-9232.61,5445.77,1.02159,2.5002,2.39266,-0.107534,60.0
1744879033515709.0,-9234.72,5447.14,1.02583,2.46811,2.4215,-0.0466183,60.0
1744879033536300.0,-9234.72,5447.14,1.02583,2.46811,2.43126,-0.0368573,60.0
1744879033557031.0,-9237.26,5449.19,1.03126,2.4215,2.40148,-0.0200128,60.0
1744879033577750.0,-9237.26,5449.19,1.03126,2.4215,2.54627,0.12477,60.0
1744879033599154.0,-9237.26,5449.19,1.03126,2.4215,2.34533,-0.0761682,60.0
1744879033619831.0,-9239.8,5451.24,1.0367,2.54627,2.44612,-0.100147,60.0
1744879033640537.0,-9239.8,5451.24,1.0367,2.54627,2.54403,-0.00223395,60.0
1744879033661361.0,-9241.92,5452.61,1.04094,2.44612,2.39971,-0.0464148,60.0
1744879033681841.0,-9241.92,5452.61,1.04094,2.44612,2.48518,0.0390558,60.0
1744879033702626.0,-9241.92,5452.61,1.04094,2.44612,2.48224,0.0361226,60.0
1744879033723323.0,-9244.46,5454.66,1.04639,2.48518,2.55633,0.0711585,60.0
1744879033744122.0,-9244.46,5454.66,1.04639,2.48518,2.52466,0.0394831,60.0
1744879033764815.0,-9247.0,5456.71,1.05183,2.55633,2.54452,-0.0118195,60.0
1744879033785443.0,-9247.0,5456.71,1.05183,2.55633,2.43868,-0.117658,60.0
1744879033806184.0,-9249.12,5458.08,1.05608,2.54452,2.60838,0.0638697,60.0
1744879033826945.0,-9249.12,5458.08,1.05608,2.54452,2.3955,-0.149018,60.0
1744879033847621.0,-9249.12,5458.08,1.05608,2.54452,2.65481,0.110292,60.0
1744879033868401.0,-9251.66,5460.13,1.06152,2.3955,2.49315,0.0976527,60.0
1744879033889188.0,-9251.66,5460.13,1.06152,2.3955,2.44957,0.0540771,60.0
1744879033910033.0,-9254.2,5461.5,1.06639,2.49315,2.38474,-0.108414,60.0
1744879033930795.0,-9254.2,5461.5,1.06639,2.49315,2.61472,0.12157,60.0
1744879033951608.0,-9254.2,5461.5,1.06639,2.49315,2.44848,-0.0446747,60.0
1744879033972367.0,-9256.31,5463.55,1.07122,2.61472,2.53883,-0.0758864,60.0
1744879033993064.0,-9256.31,5463.55,1.07122,2.61472,2.47078,-0.143939,60.0
1744879034013810.0,-9258.85,5465.6,1.07667,2.53883,2.6221,0.0832697,60.0
1744879034034519.0,-9258.85,5465.6,1.07667,2.53883,2.53489,-0.00394448,60.0
1744879034055293.0,-9258.85,5465.6,1.07667,2.53883,2.59098,0.0521416,60.0
1744879034076056.0,-9261.39,5466.97,1.08154,2.53489,2.43787,-0.0970164,60.0
1744879034097076.0,-9261.39,5466.97,1.08154,2.53489,2.51956,-0.0153263,60.0
1744879034118229.0,-9263.51,5469.02,1.08638,2.43787,2.31004,-0.127834,60.0
1744879034139147.0,-9263.51,5469.02,1.08638,2.43787,2.33785,-0.100022,60.0
1744879034160303.0,-9266.05,5470.39,1.09125,2.33785,2.38958,0.051725,60.0
1744879034180752.0,-9266.05,5470.39,1.09125,2.33785,2.43015,0.0922941,60.0
1744879034201480.0,-9266.05,5470.39,1.09125,2.33785,2.24197,-0.0958816,60.0
1744879034222318.0,-9268.59,5472.45,1.09671,2.43015,2.35632,-0.0738253,60.0
1744879034243425.0,-9268.59,5472.45,1.09671,2.43015,2.58284,0.152692,60.0
1744879034264118.0,-9270.7,5474.5,1.10155,2.35632,2.47037,0.114047,60.0
1744879034284896.0,-9270.7,5474.5,1.10155,2.35632,2.29564,-0.0606795,60.0
1744879034305645.0,-9270.7,5474.5,1.10155,2.35632,2.50649,0.150168,60.0
1744879034326241.0,-9273.24,5475.87,1.10643,2.29564,2.34089,0.045254,60.0
1744879034347014.0,-9273.24,5475.87,1.10643,2.29564,2.34694,0.0512966,60.0
1744879034367936.0,-9275.36,5477.92,1.11127,2.34089,2.4465,0.105605,60.0
1744879034388853.0,-9275.36,5477.92,1.11127,2.34089,2.40828,0.0673856,60.0
1744879034409625.0,-9275.36,5477.92,1.11127,2.34089,2.43532,0.0944218,60.0
1744879034430439.0,-9277.9,5479.97,1.11673,2.40828,2.56419,0.155909,60.0
1744879034451189.0,-9277.9,5479.97,1.11673,2.40828,2.28203,-0.126246,60.0
1744879034471996.0,-9280.44,5482.02,1.1222,2.56419,2.42072,-0.143472,60.0
1744879034493119.0,-9280.44,5482.02,1.1222,2.56419,2.55772,-0.00646544,60.0
1744879034513737.0,-9280.44,5482.02,1.1222,2.56419,2.45415,-0.110039,60.0
1744879034538573.0,-9282.56,5483.39,1.12646,2.55772,2.70836,0.150632,60.0
1744879034559558.0,-9282.56,5483.39,1.12646,2.55772,2.5945,0.036774,60.0
1744879034579968.0,-9285.1,5485.44,1.13193,2.70836,2.67044,-0.0379206,60.0
1744879034600984.0,-9285.1,5485.44,1.13193,2.70836,2.59618,-0.11218,60.0
1744879034621921.0,-9285.1,5485.44,1.13193,2.70836,2.67199,-0.0363663,60.0
1744879034642799.0,-9287.21,5487.49,1.13678,2.59618,2.54276,-0.0534168,60.0
1744879034663480.0,-9287.21,5487.49,1.13678,2.59618,2.43511,-0.161065,60.0
1744879034684126.0,-9289.75,5488.86,1.14167,2.54276,2.45918,-0.0835756,60.0
1744879034705061.0,-9289.75,5488.86,1.14167,2.54276,2.43464,-0.108119,60.0
1744879034725824.0,-9292.29,5490.91,1.14714,2.45918,2.38313,-0.0760489,60.0
1744879034746707.0,-9292.29,5490.91,1.14714,2.45918,2.30388,-0.155298,60.0
1744879034767441.0,-9292.29,5490.91,1.14714,2.45918,2.33351,-0.125669,60.0
1744879034788132.0,-9294.41,5492.97,1.152,2.30388,2.46277,0.158889,60.0
1744879034808727.0,-9294.41,5492.97,1.152,2.30388,2.4452,0.141314,60.0
1744879034829423.0,-9296.95,5494.33,1.15689,2.46277,2.44815,-0.0146246,60.0
1744879034850167.0,-9296.95,5494.33,1.15689,2.46277,2.44654,-0.0162365,60.0
1744879034871009.0,-9296.95,5494.33,1.15689,2.46277,2.42472,-0.0380527,60.0
1744879034891679.0,-9299.07,5496.39,0.161745,2.44654,2.43904,-0.007494,60.0
1744879034912836.0,-9299.07,5496.39,0.161745,2.44654,2.37196,-0.0745762,60.0
1744879034933629.0,-9301.61,5498.44,0.167224,2.43904,2.47372,0.0346738,60.0
1744879034954666.0,-9301.61,5498.44,0.167224,2.43904,2.53281,0.0937664,60.0
1744879034975602.0,-9301.61,5498.44,0.167224,2.43904,2.46274,0.023701,60.0
1744879034996200.0,-9304.15,5500.49,0.172705,2.53281,2.53847,0.00565984,60.0
1744879035016947.0,-9304.15,5500.49,0.172705,2.53281,2.62076,0.0879552,60.0
1744879035037706.0,-9306.26,5501.86,0.176979,2.53847,2.54209,0.00362227,60.0
1744879035058460.0,-9306.26,5501.86,0.176979,2.53847,2.48721,-0.0512546,60.0
1744879035079319.0,-9306.26,5501.86,0.176979,2.53847,2.6132,0.0747316,60.0
1744879035100245.0,-9308.8,5503.91,0.182463,2.48721,2.59611,0.108891,60.0
1744879035121288.0,-9308.8,5503.91,0.182463,2.48721,2.54373,0.0565138,60.0
1744879035142163.0,-9310.92,5505.96,0.187328,2.59611,2.51549,-0.0806156,60.0
1744879035163130.0,-9310.92,5505.96,0.187328,2.59611,2.47444,-0.121662,60.0
1744879035183780.0,-9313.46,5507.33,0.192227,2.51549,2.55163,0.036145,60.0
1744879035209047.0,-9313.46,5507.33,0.192227,2.51549,2.61765,0.102159,60.0
1744879035230064.0,-9313.46,5507.33,0.192227,2.51549,2.49145,-0.0240405,60.0
1744879035251176.0,-9316.0,5509.38,0.197715,2.61765,2.52175,-0.0959008,60.0
1744879035272034.0,-9316.0,5509.38,0.197715,2.61765,2.46681,-0.150838,60.0
1744879035292843.0,-9318.11,5511.43,0.202584,2.52175,2.36607,-0.155674,60.0
1744879035313768.0,-9318.11,5511.43,0.202584,2.52175,2.41181,-0.109936,60.0
1744879035334694.0,-9318.11,5511.43,0.202584,2.52175,2.35872,-0.16303,60.0
1744879035355571.0,-9320.65,5512.8,0.207487,2.41181,2.42596,0.0141451,60.0
1744879035376505.0,-9320.65,5512.8,0.207487,2.41181,2.55127,0.139459,60.0
1744879035397623.0,-9323.19,5514.86,0.21298,2.42596,2.56645,0.140496,60.0
1744879035418627.0,-9323.19,5514.86,0.21298,2.42596,2.34836,-0.0775968,60.0
1744879035439819.0,-9325.31,5516.22,0.217264,2.56645,2.51351,-0.0529416,60.0
1744879035460633.0,-9325.31,5516.22,0.217264,2.56645,2.51019,-0.056267,60.0
1744879035481988.0,-9325.31,5516.22,0.217264,2.56645,2.60965,0.0431945,60.0
1744879035502889.0,-9327.85,5518.28,0.22276,2.51019,2.44918,-0.0610048,60.0
1744879035523684.0,-9327.85,5518.28,0.22276,2.51019,2.4298,-0.0803839,60.0
1744879035544376.0,-9330.39,5520.33,0.228257,2.44918,2.56944,0.120252,60.0
1744879035565146.0,-9330.39,5520.33,0.228257,2.44918,2.28878,-0.160405,60.0
1744879035585994.0,-9330.39,5520.33,0.228257,2.44918,2.5285,0.0793188,60.0
1744879035607090.0,-9332.51,5521.7,0.232545,2.28878,2.34399,0.0552094,60.0
1744879035627872.0,-9332.51,5521.7,0.232545,2.28878,2.41775,0.128969,60.0
1744879035648675.0,-9335.05,5523.75,0.238045,2.34399,2.36994,0.0259541,60.0
1744879035669745.0,-9335.05,5523.75,0.238045,2.34399,2.4606,0.116616,60.0
1744879035690692.0,-9335.05,5523.75,0.238045,2.34399,2.48907,0.14508,60.0
1744879035711889.0,-9337.16,5525.8,0.242926,2.4606,2.42725,-0.0333477,60.0
1744879035732929.0,-9337.16,5525.8,0.242926,2.4606,2.36688,-0.0937239,60.0
1744879035753865.0,-9339.7,5527.85,0.24843,2.42726,2.45982,0.0325605,60.0
1744879035774922.0,-9339.7,5527.85,0.24843,2.42726,2.57944,0.152186,60.0
1744879035796007.0,-9342.24,5529.22,0.253344,2.45982,2.39658,-0.0632382,60.0
1744879035824527.0,-9342.24,5529.22,0.253344,2.45982,2.53002,0.0702049,60.0
1744879035848480.0,-9344.36,5531.27,0.258229,2.39658,2.50801,0.111434,60.0
1744879035870759.0,-9344.36,5531.27,0.258229,2.39658,2.43749,0.0409077,60.0
1744879035892325.0,-9344.36,5531.27,0.258229,2.39658,2.34201,-0.0545719,60.0
1744879035914201.0,-9346.9,5533.32,0.263737,2.43749,2.31679,-0.1207,60.0
1744879035936264.0,-9346.9,5533.32,0.263737,2.43749,2.48584,0.0483548,60.0
1744879035960131.0,-9349.01,5534.69,0.268033,2.31679,2.42912,0.112331,60.0
1744879035989633.0,-9349.01,5534.69,0.268033,2.31679,2.40534,0.0885576,60.0
1744879036012736.0,-9351.55,5536.74,0.273544,2.42912,2.34159,-0.0875268,60.0
1744879036039470.0,-9351.55,5536.74,0.273544,2.42912,2.44559,0.0164748,60.0
1744879036079433.0,-9353.67,5538.8,0.278434,2.34159,2.48074,0.13915,60.0
1744879036105204.0,-9356.21,5540.85,0.283949,2.44559,2.57944,0.133846,60.0
1744879036129614.0,-9356.21,5540.85,0.283949,2.44559,2.53349,0.0878952,60.0
1744879036156120.0,-9358.33,5542.9,0.288842,2.57944,2.45444,-0.124998,60.0
1744879036180399.0,-9358.33,5542.9,0.288842,2.57944,2.57782,-0.00161248,60.0
1744879036213162.0,-9360.87,5544.27,0.293767,2.45444,2.45117,-0.00326723,60.0
1744879036237137.0,-9360.87,5544.27,0.293767,2.45444,2.38163,-0.072812,60.0
1744879036262800.0,-9362.98,5546.32,0.298662,2.45117,2.58437,0.133198,60.0
1744879036286148.0,-9362.98,5546.32,0.298662,2.45117,2.28957,-0.161598,60.0
1744879036324197.0,-9365.52,5548.37,0.304183,2.58437,2.42144,-0.162931,60.0
1744879036349630.0,-9365.52,5548.37,0.304183,2.58437,2.60632,0.0219463,60.0
1744879036380383.0,-9367.64,5550.42,0.309082,2.42144,2.30252,-0.11892,60.0
1744879036408645.0,-9370.18,5551.79,0.314012,2.60632,2.44273,-0.163582,60.0
1744879036437290.0,-9370.18,5551.79,0.314012,2.60632,2.5194,-0.0869159,60.0
1744879036464508.0,-9372.29,5553.84,0.318913,2.44273,2.39656,-0.0461698,60.0
1744879036497772.0,-9372.29,5553.84,0.318913,2.44273,2.50225,0.0595183,60.0
1744879036524089.0,-9374.83,5555.9,0.32444,2.39656,2.4634,0.0668392,60.0
1744879036577314.0,-9376.95,5557.95,0.329344,2.4634,2.49348,0.0300814,60.0
1744879036621274.0,-9376.95,5557.95,0.329344,2.4634,2.33153,-0.131874,60.0
1744879036657208.0,-9379.49,5559.32,0.33428,2.49348,2.43828,-0.055205,60.0
1744879036697334.0,-9381.61,5561.37,0.339186,2.33153,2.33668,0.00515277,60.0
1744879036747415.0,-9384.14,5563.42,0.344719,2.33668,2.42504,0.0883582,60.0
1744879036825166.0,-9386.26,5565.47,0.349629,2.33668,2.49829,0.161608,60.0
1744879036889808.0,-9388.8,5566.84,0.35457,2.42504,2.44922,0.0241815,60.0
1744879036931417.0,-9390.92,5568.89,0.359482,2.49829,2.44191,-0.0563838,60.0
1744879036978175.0,-9393.46,5570.94,0.365021,2.44922,2.38792,-0.061297,60.0
1744879037008156.0,-9395.57,5573.0,0.369936,2.44191,2.44252,0.000614327,60.0
1744879037056491.0,-9395.57,5573.0,0.369936,2.44191,2.53289,0.0909796,60.0
1744879037093579.0,-9398.11,5575.05,0.375478,2.44252,2.35869,-0.0838267,60.0
1744879037130874.0,-9400.23,5576.42,0.3798,2.53289,2.59871,0.0658257,60.0
1744879037163631.0,-9400.23,5576.42,0.3798,2.53289,2.45582,-0.0770684,60.0
1744879037218484.0,-9402.35,5578.47,0.384719,2.59871,2.54636,-0.0523548,60.0
1744879037275026.0,-9404.88,5580.52,0.390266,2.45582,2.48886,0.0330431,60.0
1744879037313051.0,-9407.0,5582.57,0.395188,2.54636,2.58756,0.0412077,60.0
1744879037373472.0,-9409.54,5584.62,0.400738,2.48886,2.59537,0.106511,60.0
1744879037427439.0,-9412.08,5585.99,0.405692,2.58756,2.70029,0.112723,60.0
1744879037466581.0,-9412.08,5585.99,0.405692,2.58756,2.6572,0.0696312,60.0
1744879037498898.0,-9414.2,5588.04,0.410618,2.70029,2.5711,-0.12919,60.0
1744879037531540.0,-9414.2,5588.04,0.410618,2.70029,2.58926,-0.111027,60.0
1744879037588096.0,-9416.74,5590.1,0.416173,2.5711,2.41575,-0.155346,60.0
1744879037618245.0,-9418.85,5591.46,0.420504,2.58926,2.63188,0.0426201,60.0
1744879037650769.0,-9418.85,5591.46,0.420504,2.58926,2.43615,-0.153112,60.0
1744879037681555.0,-9421.39,5593.52,0.426061,2.63188,2.65283,0.0209474,60.0
1744879037717330.0,-9421.39,5593.52,0.426061,2.63188,2.56965,-0.0622348,60.0
1744879037775458.0,-9423.93,5595.57,0.431621,2.65283,2.60457,-0.0482548,60.0
1744879037810886.0,-9426.05,5596.94,0.435955,2.56965,2.6225,0.0528528,60.0
1744879037861406.0,-9428.59,5598.99,0.441518,2.60457,2.66619,0.0616128,60.0
1744879037903362.0,-9428.59,5598.99,0.441518,2.60457,2.73623,0.131657,60.0
1744879037933871.0,-9431.13,5600.36,0.446483,2.66619,2.59582,-0.0703629,60.0
1744879037976145.0,-9433.67,5602.41,0.452048,2.73623,2.68983,-0.0464024,60.0
1744879038011108.0,-9433.67,5602.41,0.452048,2.73623,2.71157,-0.0246597,60.0
1744879038043372.0,-9435.78,5603.78,0.456388,2.68983,2.55922,-0.130613,60.0
1744879038096370.0,-9438.32,5605.83,0.461956,2.71157,2.59949,-0.11208,60.0
1744879038150279.0,-9438.32,5605.83,0.461956,2.71157,2.58062,-0.130951,60.0
1744879038186502.0,-9440.86,5607.2,0.466926,2.59949,2.44228,-0.157211,60.0
1744879038269477.0,-9445.94,5610.62,0.477471,2.58062,2.47878,-0.101841,60.0
1744879038319324.0,-9445.94,5610.62,0.477471,2.58062,2.50468,-0.0759416,60.0
1744879038379179.0,-9451.02,5614.04,0.488022,2.47878,2.49255,0.0137736,60.0
1744879038443310.0,-9453.14,5616.09,0.49297,2.50468,2.40009,-0.104587,60.0
1744879038475278.0,-9453.14,5616.09,0.49297,2.50468,2.56398,0.059299,60.0
1744879038533234.0,-9458.22,5619.51,0.503529,2.40009,2.26999,-0.130098,60.0
1744879038593467.0,-9458.22,5619.51,0.503529,2.40009,2.45768,0.0575889,60.0
1744879038646829.0,-9463.3,5622.93,0.514094,2.26999,2.42005,0.150056,60.0
1744879038680813.0,-9463.3,5622.93,0.514094,2.26999,2.41817,0.148176,60.0
1744879038713465.0,-9465.42,5624.3,0.518448,2.42005,2.43426,0.0142087,60.0
1744879038747049.0,-9465.42,5624.3,0.518448,2.42005,2.47182,0.0517678,60.0
1744879038779109.0,-9467.96,5626.35,0.524035,2.43426,2.5446,0.110342,60.0
1744879038813161.0,-9467.96,5626.35,0.524035,2.43426,2.44317,0.0089068,60.0
1744879038848860.0,-9470.5,5628.41,0.529623,2.5446,2.49907,-0.045529,60.0
1744879038891265.0,-9472.61,5629.77,0.53398,2.44317,2.37107,-0.0720916,60.0
1744879038927439.0,-9475.15,5631.83,0.539572,2.49907,2.6244,0.125328,60.0
1744879038968619.0,-9475.15,5631.83,0.539572,2.49907,2.54233,0.0432583,60.0
1744879039000626.0,-9477.69,5633.19,0.544562,2.6244,2.51169,-0.112711,60.0
1744879039040412.0,-9480.23,5635.25,0.550157,2.54233,2.6167,0.0743689,60.0
1744879039074901.0,-9480.23,5635.25,0.550157,2.54233,2.45597,-0.0863572,60.0
1744879039110754.0,-9482.35,5637.3,0.555121,2.6167,2.53098,-0.085721,60.0
1744879039166293.0,-9484.89,5638.67,0.560116,2.45597,2.34625,-0.10972,60.0
1744879039214078.0,-9484.89,5638.67,0.560116,2.45597,2.46119,0.00521531,60.0
1744879039250775.0,-9487.43,5640.72,0.565715,2.34625,2.43314,0.0868901,60.0
1744879039299979.0,-9489.54,5642.09,0.570081,2.46119,2.41727,-0.043916,60.0
1744879039346567.0,-9492.08,5644.14,0.575683,2.43314,2.31175,-0.121391,60.0
1744879039392024.0,-9494.62,5646.19,0.581287,2.41727,2.42984,0.0125682,60.0
1744879039428583.0,-9496.74,5647.56,0.585656,2.31175,2.31742,0.00566959,60.0
1744879039458419.0,-9496.74,5647.56,0.585656,2.31175,2.46455,0.152798,60.0
1744879039490140.0,-9499.28,5649.61,0.591262,2.31742,2.40727,0.089847,60.0
1744879039518952.0,-9499.28,5649.61,0.591262,2.31742,2.42089,0.103468,60.0
1744879039554845.0,-9501.82,5651.66,0.596871,2.40727,2.46649,0.059223,60.0
1744879039584364.0,-9503.93,5653.03,0.601243,2.42089,2.58355,0.162661,60.0
1744879039632117.0,-9503.93,5653.03,0.601243,2.42089,2.5283,0.107407,60.0
1744879039665897.0,-9506.47,5655.09,0.606855,2.58355,2.62954,0.0459919,60.0
1744879039699101.0,-9508.59,5657.14,0.611834,2.5283,2.39203,-0.136264,60.0
1744879039751896.0,-9511.13,5658.51,0.616844,2.62954,2.47403,-0.15551,60.0
1744879039785205.0,-9511.13,5658.51,0.616844,2.62954,2.72007,0.0905297,60.0
1744879039841462.0,-9513.67,5660.56,0.62246,2.47403,2.47738,0.00334707,60.0
1744879039871921.0,-9515.79,5662.61,0.627444,2.72007,2.60222,-0.117849,60.0
1744879039934270.0,-9518.33,5663.98,0.632457,2.60222,2.58721,-0.0150145,60.0
1744879039967874.0,-9518.33,5663.98,0.632457,2.60222,2.61564,0.0134222,60.0
1744879039998889.0,-9520.87,5666.03,0.638078,2.58721,2.44399,-0.143221,60.0
1744879040044992.0,-9522.98,5668.08,0.643066,2.61564,2.56545,-0.0501929,60.0
1744879040084927.0,-9522.98,5668.08,0.643066,2.61564,2.48455,-0.13109,60.0
1744879040115101.0,-9525.52,5669.45,0.648084,2.56545,2.52423,-0.0412228,60.0
1744879040146120.0,-9525.52,5669.45,0.648084,2.56545,2.42827,-0.137183,60.0
1744879040178145.0,-9528.06,5671.5,0.653709,2.52423,2.52648,0.00225421,60.0
1744879040221657.0,-9530.18,5672.87,0.658094,2.42827,2.59079,0.162517,60.0
1744879040257853.0,-9530.18,5672.87,0.658094,2.42827,2.31426,-0.114004,60.0
1744879040291148.0,-9532.72,5674.92,0.663723,2.59079,2.47505,-0.115737,60.0
1744879040330467.0,-9535.26,5676.98,0.669352,2.31426,2.45065,0.13638,60.0
1744879040366497.0,-9535.26,5676.98,0.669352,2.31426,2.40877,0.094506,60.0
1744879040401554.0,-9537.8,5678.34,0.674377,2.45065,2.54472,0.0940754,60.0
1744879040433649.0,-9537.8,5678.34,0.674377,2.45065,2.28812,-0.162528,60.0
1744879040465448.0,-9539.91,5680.4,0.679374,2.54472,2.54859,0.00387255,60.0
1744879040506159.0,-9539.91,5680.4,0.679374,2.54472,2.70857,0.163846,60.0
1744879040526822.0,-9542.45,5681.76,0.684402,2.54859,2.52519,-0.0234023,60.0
1744879040547662.0,-9542.45,5681.76,0.684402,2.54859,2.70204,0.153443,60.0
1744879040568598.0,-9544.99,5683.82,0.690037,2.52519,2.36565,-0.159544,60.0
1744879040589470.0,-9544.99,5683.82,0.690037,2.52519,2.52096,-0.00422639,60.0
1744879040611024.0,-9547.11,5685.87,0.695039,2.36565,2.45958,0.093933,60.0
1744879040631775.0,-9547.11,5685.87,0.695039,2.36565,2.40205,0.0363994,60.0
1744879040654051.0,-9547.11,5685.87,0.695039,2.36565,2.45121,0.0855638,60.0
1744879040675029.0,-9549.65,5687.24,0.70007,2.40205,2.49216,0.090116,60.0
1744879040695894.0,-9549.65,5687.24,0.70007,2.40205,2.42644,0.0243972,60.0
1744879040716900.0,-9552.19,5689.29,0.705711,2.49216,2.54888,0.0567131,60.0
1744879040737701.0,-9552.19,5689.29,0.705711,2.49216,2.53415,0.041988,60.0
1744879040758863.0,-9552.19,5689.29,0.705711,2.49216,2.44951,-0.0426499,60.0
1744879040780991.0,-9554.31,5691.34,0.710717,2.53415,2.42783,-0.106321,60.0
1744879040803213.0,-9554.31,5691.34,0.710717,2.53415,2.45942,-0.0747311,60.0
1744879040824342.0,-9556.85,5692.71,0.715752,2.42783,2.43564,0.00780836,60.0
1744879040845282.0,-9556.85,5692.71,0.715752,2.42783,2.37122,-0.0566134,60.0
1744879040871356.0,-9559.39,5694.76,0.721397,2.43564,2.5031,0.0674595,60.0
1744879040896089.0,-9559.39,5694.76,0.721397,2.43564,2.30458,-0.131061,60.0
1744879040919473.0,-9561.5,5696.13,0.725798,2.5031,2.50274,-0.000360623,60.0
1744879040943893.0,-9561.5,5696.13,0.725798,2.5031,2.40486,-0.0982353,60.0
1744879040966960.0,-9564.04,5698.18,0.731446,2.50274,2.41375,-0.0889823,60.0
1744879040989111.0,-9564.04,5698.18,0.731446,2.50274,2.4733,-0.0294368,60.0
1744879041016163.0,-9566.58,5700.23,0.737096,2.41375,2.40732,-0.00643764,60.0
1744879041051909.0,-9566.58,5700.23,0.737096,2.41375,2.35186,-0.0618929,60.0
1744879041075251.0,-9568.7,5701.6,0.741501,2.40732,2.55544,0.148125,60.0
1744879041104346.0,-9568.7,5701.6,0.741501,2.40732,2.55972,0.152404,60.0
1744879041130545.0,-9571.24,5703.65,0.747153,2.55544,2.45316,-0.10228,60.0
1744879041155503.0,-9571.24,5703.65,0.747153,2.55544,2.47163,-0.0838166,60.0
1744879041187821.0,-9573.35,5705.71,0.75217,2.45316,2.43521,-0.0179538,60.0
1744879041214780.0,-9573.35,5705.71,0.75217,2.45316,2.55473,0.101571,60.0
1744879041244345.0,-9575.89,5707.08,0.757216,2.43521,2.2901,-0.145108,60.0
1744879041269938.0,-9575.89,5707.08,0.757216,2.43521,2.42048,-0.0147317,60.0
1744879041311552.0,-9578.43,5709.13,0.762873,2.2901,2.32046,0.030364,60.0
1744879041337083.0,-9580.55,5711.18,0.767894,2.42048,2.46999,0.049516,60.0
1744879041363023.0,-9580.55,5711.18,0.767894,2.42048,2.51021,0.0897348,60.0
1744879041390530.0,-9583.09,5713.23,0.773555,2.46999,2.38729,-0.0827021,60.0
1744879041417265.0,-9583.09,5713.23,0.773555,2.46999,2.46005,-0.0099428,60.0
1744879041464626.0,-9585.2,5714.6,0.777968,2.38729,2.47474,0.087454,60.0
1744879041498517.0,-9587.74,5716.65,0.783631,2.46005,2.32751,-0.132538,60.0
1744879041524711.0,-9587.74,5716.65,0.783631,2.46005,2.39866,-0.0613856,60.0
1744879041549188.0,-9589.86,5718.7,0.788658,2.32751,2.45091,0.1234,60.0
1744879041573899.0,-9589.86,5718.7,0.788658,2.32751,2.47701,0.149495,60.0
1744879041599373.0,-9592.4,5720.76,0.794325,2.45091,2.35379,-0.0971254,60.0
1744879041633020.0,-9594.52,5722.12,0.798742,2.47701,2.40038,-0.0766245,60.0
1744879041666541.0,-9594.52,5722.12,0.798742,2.47701,2.6162,0.139193,60.0
1744879041695145.0,-9597.06,5724.18,0.804412,2.40038,2.46323,0.0628503,60.0
1744879041729191.0,-9597.06,5724.18,0.804412,2.40038,2.47028,0.069893,60.0
1744879041759771.0,-9599.17,5726.23,0.809444,2.46323,2.36605,-0.0971782,60.0
1744879041808202.0,-9601.71,5728.28,0.815117,2.47028,2.45073,-0.0195478,60.0
1744879041858679.0,-9603.83,5729.65,0.819539,2.45073,2.37733,-0.0733961,60.0
1744879041906892.0,-9603.83,5729.65,0.819539,2.45073,2.49702,0.0462917,60.0
1744879041936009.0,-9606.37,5731.7,0.825215,2.37733,2.37379,-0.00354014,60.0
1744879041971203.0,-9608.48,5733.75,0.830252,2.49702,2.50473,0.00771133,60.0
1744879041999203.0,-9608.48,5733.75,0.830252,2.49702,2.38711,-0.109905,60.0
1744879042031989.0,-9611.02,5735.8,0.835931,2.50473,2.34208,-0.162654,60.0
1744879042059583.0,-9611.02,5735.8,0.835931,2.50473,2.49246,-0.0122669,60.0
1744879042090506.0,-9613.14,5737.17,0.840358,2.34208,2.40282,0.0607478,60.0
1744879042118995.0,-9615.68,5739.23,0.84604,2.49246,2.50764,0.0151728,60.0
1744879042160779.0,-9615.68,5739.23,0.84604,2.49246,2.57395,0.0814825,60.0
1744879042200912.0,-9617.8,5741.28,0.851083,2.50764,2.41858,-0.0890576,60.0
1744879042228447.0,-9620.34,5743.33,0.856768,2.57395,2.52112,-0.0528297,60.0
1744879042273026.0,-9622.45,5745.38,0.861814,2.41858,2.47292,0.0543386,60.0
1744879042304003.0,-9622.45,5745.38,0.861814,2.41858,2.30937,-0.109213,60.0
1744879042337702.0,-9624.99,5746.75,0.866888,2.47292,2.46791,-0.00500775,60.0
1744879042385036.0,-9627.11,5748.8,0.871937,2.30937,2.39784,0.088474,60.0
1744879042418740.0,-9627.11,5748.8,0.871937,2.30937,2.15728,-0.15209,60.0
1744879042448655.0,-9629.65,5750.85,0.877628,2.39784,2.32323,-0.074612,60.0
1744879042491279.0,-9629.65,5750.85,0.877628,2.39784,2.45121,0.0533682,60.0
1744879042522353.0,-9631.76,5752.91,0.882679,2.32323,2.47379,0.150564,60.0
1744879042553819.0,-9634.3,5754.96,0.888374,2.45121,2.56129,0.110078,60.0
1744879042586391.0,-9634.3,5754.96,0.888374,2.45121,2.43449,-0.0167215,60.0
1744879042615490.0,-9636.42,5756.33,0.892813,2.56129,2.53534,-0.0259461,60.0
1744879042648136.0,-9636.42,5756.33,0.892813,2.56129,2.48354,-0.0777426,60.0
1744879042678637.0,-9638.96,5758.38,0.89851,2.53534,2.40812,-0.127218,60.0
1744879042728700.0,-9641.08,5760.43,0.903567,2.48354,2.49347,0.00992977,60.0
1744879042761953.0,-9641.08,5760.43,0.903567,2.48354,2.50634,0.0227987,60.0
1744879042791290.0,-9643.61,5762.48,0.909267,2.49347,2.48345,-0.0100267,60.0
1744879042837359.0,-9645.73,5763.85,0.913711,2.50634,2.45655,-0.0497965,60.0
1744879042871979.0,-9645.73,5763.85,0.913711,2.50634,2.54049,0.0341449,60.0
1744879042904978.0,-9648.27,5765.9,0.919414,2.45655,2.53011,0.0735601,60.0
1744879042960938.0,-9650.39,5767.95,0.924477,2.54049,2.44119,-0.0993009,60.0
1744879042994397.0,-9650.39,5767.95,0.924477,2.54049,2.42535,-0.115135,60.0
1744879043024493.0,-9652.93,5770.01,0.930184,2.44119,2.51378,0.0725961,60.0
1744879043089580.0,-9655.04,5771.38,0.934632,2.42535,2.34014,-0.0852168,60.0
1744879043143615.0,-9655.04,5771.38,0.934632,2.42535,2.58154,0.156185,60.0
1744879043210442.0,-9659.7,5775.48,0.945409,2.34014,2.38585,0.0457143,60.0
1744879043252578.0,-9659.7,5775.48,0.945409,2.34014,2.4264,0.0862671,60.0
1744879043281108.0,-9662.24,5777.53,0.951122,2.38585,2.4757,0.0898471,60.0
1744879043325254.0,-9664.35,5779.58,0.956193,2.4264,2.41928,-0.00712137,60.0
1744879043357384.0,-9664.35,5779.58,0.956193,2.4264,2.46669,0.040288,60.0
1744879043389266.0,-9666.47,5780.95,0.960647,2.41928,2.40996,-0.00932069,60.0
1744879043427163.0,-9666.47,5780.95,0.960647,2.41928,2.53058,0.111295,60.0
1744879043465686.0,-9669.01,5783.0,0.966365,2.40996,2.38801,-0.0219513,60.0
1744879043493844.0,-9671.13,5785.06,0.971439,2.53058,2.49149,-0.0390844,60.0
1744879043535499.0,-9671.13,5785.06,0.971439,2.53058,2.59592,0.0653472,60.0
1744879043572611.0,-9673.67,5787.11,0.97716,2.49149,2.55177,0.060281,60.0
1744879043604688.0,-9675.78,5789.16,0.982237,2.59592,2.46385,-0.132069,60.0
1744879043643510.0,-9678.32,5790.53,0.987342,2.55177,2.50496,-0.0468147,60.0
1744879043677930.0,-9678.32,5790.53,0.987342,2.55177,2.47425,-0.07752,60.0
1744879043706609.0,-9680.44,5792.58,0.992422,2.50496,2.57119,0.0662365,60.0
1744879043750633.0,-9682.98,5794.63,0.998149,2.47425,2.38699,-0.0872589,60.0
1744879043788550.0,-9682.98,5794.63,0.998149,2.47425,2.60996,0.135704,60.0
1744879043819257.0,-9685.09,5796.68,1.00323,2.38699,2.41856,0.0315692,60.0
1744879043854865.0,-9685.09,5796.68,1.00323,2.38699,2.2378,-0.149198,60.0
1744879043890957.0,-9687.63,5798.05,1.00834,2.41856,2.5584,0.13984,60.0
1744879043923405.0,-9689.75,5800.11,1.01343,2.2378,2.29322,0.0554277,60.0
1744879043956333.0,-9689.75,5800.11,1.01343,2.2378,2.39036,0.152562,60.0
1744879043986223.0,-9692.29,5802.16,1.01916,2.29322,2.42144,0.128219,60.0
1744879044032780.0,-9694.41,5804.21,1.02425,2.39036,2.27986,-0.110494,60.0
1744879044066459.0,-9694.41,5804.21,1.02425,2.39036,2.45973,0.0693672,60.0
1744879044095332.0,-9696.95,5806.26,1.02999,2.27986,2.38622,0.106359,60.0
1744879044151287.0,-9699.06,5808.31,1.03508,2.45973,2.57931,0.119586,60.0
1744879044194986.0,-9699.06,5808.31,1.03508,2.45973,2.33233,-0.127399,60.0
1744879044225808.0,-9701.18,5809.68,1.03955,2.57931,2.68779,0.108483,60.0
1744879044257996.0,-9701.18,5809.68,1.03955,2.57931,2.43887,-0.140443,60.0
1744879044286902.0,-9703.72,5811.73,1.04529,2.68779,2.5504,-0.137393,60.0
1744879044316439.0,-9703.72,5811.73,1.04529,2.68779,2.529,-0.158791,60.0
1744879044346722.0,-9705.83,5813.79,1.05038,2.5504,2.52683,-0.0235758,60.0
1744879044380958.0,-9705.83,5813.79,1.05038,2.5504,2.55545,0.00504325,60.0
1744879044412375.0,-9708.37,5815.84,1.05613,2.52683,2.49202,-0.0348108,60.0
1744879044459786.0,-9710.49,5817.89,1.06123,2.49202,2.42932,-0.062692,60.0
1744879044495052.0,-9710.49,5817.89,1.06123,2.49202,2.49661,0.00459938,60.0
1744879044526547.0,-9713.03,5819.26,1.06635,2.42932,2.51488,0.0855592,60.0
1744879044580960.0,-9715.15,5821.31,1.07145,2.49661,2.53404,0.0374224,60.0
1744879044614570.0,-9715.15,5821.31,1.07145,2.49661,2.63285,0.136234,60.0
1744879044645752.0,-9717.69,5823.36,1.0772,2.53404,2.40957,-0.12447,60.0
1744879044695118.0,-9719.8,5825.41,1.08231,2.63285,2.53018,-0.102667,60.0
1744879044736872.0,-9719.8,5825.41,1.08231,2.63285,2.68744,0.0545932,60.0
1744879044766503.0,-9722.34,5826.78,1.08744,2.53018,2.39903,-0.131151,60.0
1744879044797946.0,-9722.34,5826.78,1.08744,2.53018,2.58589,0.0557042,60.0
1744879044857708.0,-9724.46,5828.84,1.09254,2.39903,2.5343,0.135271,60.0
1744879044885763.0,-9727.0,5830.89,1.0983,2.58589,2.64456,0.0586725,60.0
1744879044915755.0,-9727.0,5830.89,1.0983,2.58589,2.69417,0.108286,60.0
1744879044944621.0,-9729.11,5832.26,1.10278,2.64456,2.54604,-0.0985148,60.0
1744879044980366.0,-9729.11,5832.26,1.10278,2.64456,2.57491,-0.0696514,60.0
1744879045028071.0,-9731.65,5834.31,1.10854,2.54604,2.49962,-0.0464283,60.0
1744879045058168.0,-9734.19,5836.36,1.1143,2.57491,2.56777,-0.0071323,60.0
1744879045090158.0,-9734.19,5836.36,1.1143,2.57491,2.61277,0.0378659,60.0
1744879045120929.0,-9736.31,5837.73,1.11879,2.56777,2.43332,-0.134459,60.0
1744879045164093.0,-9736.31,5837.73,1.11879,2.56777,2.68365,0.11588,60.0
1744879045204012.0,-9738.85,5839.78,1.12456,2.43332,2.36796,-0.0653575,60.0
1744879045234418.0,-9741.39,5841.83,1.13032,2.68365,2.58541,-0.0982446,60.0
1744879045265257.0,-9741.39,5841.83,1.13032,2.68365,2.57247,-0.111183,60.0
1744879045331547.0,-9743.5,5843.2,1.13482,2.58541,2.58043,-0.00497754,60.0
1744879045360177.0,-9746.04,5845.25,1.14058,2.57247,2.60249,0.0300155,60.0
1744879045398657.0,-9748.58,5846.62,1.14573,2.58043,2.49584,-0.0845888,60.0
1744879045448153.0,-9748.58,5846.62,1.14573,2.58043,2.60464,0.0242027,60.0
1744879045483785.0,-9751.12,5848.67,1.1515,2.49584,2.36113,-0.134711,60.0
1744879045518256.0,-9753.24,5850.73,1.15662,2.60464,2.4925,-0.112132,60.0
1744879045551914.0,-9755.78,5852.1,0.161773,2.4925,2.5829,0.090401,60.0
1744879045591451.0,-9755.78,5852.1,0.161773,2.4925,2.3944,-0.0980994,60.0
1744879045624897.0,-9758.32,5854.15,0.167549,2.5829,2.42858,-0.154321,60.0
1744879045684535.0,-9760.86,5855.52,0.1727,2.3944,2.52289,0.128485,60.0
1744879045712166.0,-9762.98,5857.57,0.177829,2.42858,2.44025,0.0116704,60.0
1744879045743158.0,-9762.98,5857.57,0.177829,2.42858,2.48915,0.0605652,60.0
1744879045773800.0,-9765.52,5859.62,0.183609,2.44025,2.40713,-0.0331247,60.0
1744879045812414.0,-9768.06,5860.99,0.188765,2.48915,2.43632,-0.0528256,60.0
1744879045844088.0,-9768.06,5860.99,0.188765,2.48915,2.60077,0.111622,60.0
1744879045873127.0,-9770.17,5863.04,0.193898,2.43632,2.57709,0.140769,60.0
1744879045905014.0,-9770.17,5863.04,0.193898,2.43632,2.48707,0.0507499,60.0
1744879045934722.0,-9772.71,5864.41,0.199056,2.57709,2.63408,0.0569827,60.0
1744879045968240.0,-9772.71,5864.41,0.199056,2.57709,2.51742,-0.0596715,60.0
1744879045999948.0,-9775.25,5866.46,0.204843,2.63408,2.64098,0.00690856,60.0
1744879046050473.0,-9777.37,5868.51,0.20998,2.51742,2.60629,0.0888696,60.0
1744879046106922.0,-9779.91,5869.88,0.215142,2.60629,2.6779,0.0716127,60.0
1744879046143653.0,-9779.91,5869.88,0.215142,2.60629,2.57589,-0.0304006,60.0
1744879046229793.0,-9782.45,5871.94,0.220933,2.6779,2.65355,-0.0243531,60.0
1744879046270960.0,-9784.99,5873.3,0.226098,2.57589,2.49156,-0.08433,60.0
1744879046302947.0,-9787.53,5875.36,0.231892,2.65355,2.50929,-0.144263,60.0
1744879046341336.0,-9789.64,5876.73,0.236408,2.49156,2.56547,0.0739077,60.0
1744879046385344.0,-9789.64,5876.73,0.236408,2.49156,2.59447,0.102912,60.0
1744879046417837.0,-9792.18,5878.78,0.242205,2.56547,2.45891,-0.106556,60.0
1744879046471086.0,-9794.72,5880.15,0.247376,2.59447,2.50383,-0.0906437,60.0
1744879046503463.0,-9794.72,5880.15,0.247376,2.59447,2.49127,-0.103201,60.0
1744879046534097.0,-9797.26,5882.2,0.253176,2.50383,2.47922,-0.0246107,60.0
1744879046583411.0,-9799.8,5883.57,0.258349,2.49127,2.60195,0.110681,60.0
1744879046626417.0,-9799.8,5883.57,0.258349,2.49127,2.44964,-0.0416291,60.0
1744879046686907.0,-9801.92,5885.62,0.2635,2.60195,2.55898,-0.0429732,60.0
1744879046719683.0,-9804.46,5886.99,0.268676,2.44964,2.37508,-0.0745654,60.0
1744879046749758.0,-9804.46,5886.99,0.268676,2.44964,2.37138,-0.078257,60.0
1744879046777591.0,-9807.0,5889.04,0.274482,2.37508,2.46345,0.0883723,60.0
1744879046822517.0,-9809.54,5890.41,0.279661,2.46345,2.44838,-0.0150644,60.0
1744879046879582.0,-9812.08,5892.46,0.28547,2.44838,2.43534,-0.0130398,60.0
1744879046907414.0,-9812.08,5892.46,0.28547,2.44838,2.39458,-0.0538069,60.0
1744879046940170.0,-9814.19,5894.51,0.290628,2.43534,2.51596,0.0806183,60.0
1744879047006467.0,-9816.73,5895.88,0.295811,2.39458,2.39862,0.00404765,60.0
1744879047034959.0,-9819.27,5897.93,0.301625,2.51596,2.49981,-0.0161504,60.0
1744879047082444.0,-9819.27,5897.93,0.301625,2.51596,2.40212,-0.113846,60.0
1744879047116213.0,-9821.39,5899.3,0.306156,2.49981,2.43795,-0.0618586,60.0
1744879047148886.0,-9823.93,5901.35,0.311973,2.40212,2.48214,0.0800276,60.0
1744879047190466.0,-9826.47,5903.41,0.317792,2.43795,2.32895,-0.109002,60.0
1744879047220096.0,-9826.47,5903.41,0.317792,2.43795,2.37021,-0.0677424,60.0
1744879047267149.0,-9828.59,5904.78,0.322327,2.32895,2.33776,0.00881094,60.0
1744879047287888.0,-9828.59,5904.78,0.322327,2.32895,2.41297,0.0840228,60.0
1744879047308771.0,-9831.13,5906.83,0.328149,2.33776,2.46796,0.130201,60.0
1744879047329818.0,-9831.13,5906.83,0.328149,2.33776,2.32222,-0.0155444,60.0
1744879047350621.0,-9833.67,5908.88,0.333972,2.46796,2.44951,-0.0184547,60.0
1744879047371456.0,-9833.67,5908.88,0.333972,2.46796,2.35009,-0.11787,60.0
1744879047392311.0,-9833.67,5908.88,0.333972,2.46796,2.3733,-0.0946684,60.0
1744879047413251.0,-9835.78,5910.25,0.33851,2.35009,2.29599,-0.0541005,60.0
1744879047434264.0,-9835.78,5910.25,0.33851,2.35009,2.35798,0.00788428,60.0
1744879047455303.0,-9838.32,5912.3,0.344337,2.29599,2.45001,0.15402,60.0
1744879047476022.0,-9838.32,5912.3,0.344337,2.29599,2.31661,0.0206143,60.0
1744879047496864.0,-9838.32,5912.3,0.344337,2.29599,2.30709,0.0110954,60.0
1744879047522240.0,-9840.44,5914.35,0.349509,2.31661,2.47891,0.162307,60.0
1744879047543273.0,-9840.44,5914.35,0.349509,2.31661,2.35587,0.0392594,60.0
1744879047564262.0,-9842.98,5915.72,0.354707,2.47891,2.43309,-0.0458209,60.0
1744879047585758.0,-9842.98,5915.72,0.354707,2.47891,2.36422,-0.114697,60.0
1744879047611613.0,-9845.09,5917.77,0.359882,2.43309,2.52039,0.0872948,60.0
1744879047632918.0,-9845.09,5917.77,0.359882,2.43309,2.47976,0.0466668,60.0
1744879047666080.0,-9847.63,5919.83,0.365715,2.52039,2.38451,-0.135879,60.0
1744879047694970.0,-9847.63,5919.83,0.365715,2.52039,2.56009,0.0396974,60.0
1744879047724696.0,-9849.75,5921.88,0.370893,2.38451,2.39747,0.0129648,60.0
1744879047785198.0,-9852.29,5923.93,0.376728,2.56009,2.53377,-0.0263149,60.0
1744879047806463.0,-9854.41,5925.3,0.381276,2.39747,2.50798,0.110503,60.0
1744879047827107.0,-9854.41,5925.3,0.381276,2.39747,2.27885,-0.118624,60.0
1744879047848024.0,-9854.41,5925.3,0.381276,2.39747,2.47026,0.0727881,60.0
1744879047870091.0,-9856.94,5927.35,0.387115,2.27885,2.43924,0.160392,60.0
1744879047891044.0,-9856.94,5927.35,0.387115,2.27885,2.42759,0.148741,60.0
1744879047912094.0,-9859.06,5929.4,0.392299,2.43924,2.35863,-0.0806147,60.0
1744879047933121.0,-9859.06,5929.4,0.392299,2.43924,2.35284,-0.086401,60.0
1744879047957423.0,-9861.6,5931.45,0.39814,2.35863,2.4363,0.077674,60.0
1744879047978999.0,-9861.6,5931.45,0.39814,2.35863,2.42142,0.0627882,60.0
1744879048003730.0,-9861.6,5931.45,0.39814,2.35863,2.3838,0.0251713,60.0
1744879048027537.0,-9863.72,5932.82,0.402693,2.42142,2.32363,-0.0977854,60.0
1744879048051372.0,-9863.72,5932.82,0.402693,2.42142,2.55915,0.137736,60.0
1744879048072934.0,-9866.26,5934.88,0.408538,2.32363,2.3516,0.0279692,60.0
1744879048116002.0,-9868.37,5936.93,0.413727,2.55915,2.41338,-0.145774,60.0
1744879048156419.0,-9868.37,5936.93,0.413727,2.55915,2.57348,0.0143232,60.0
1744879048188688.0,-9870.49,5938.98,0.418917,2.41338,2.42922,0.0158462,60.0
1744879048214653.0,-9870.49,5938.98,0.418917,2.41338,2.44156,0.0281787,60.0
1744879048247917.0,-9873.03,5941.03,0.424767,2.42923,2.36408,-0.0651432,60.0
1744879048279023.0,-9875.14,5943.08,0.42996,2.44156,2.35107,-0.0904886,60.0
1744879048302606.0,-9875.14,5943.08,0.42996,2.44156,2.55256,0.111005,60.0
1744879048325927.0,-9877.68,5944.45,0.435178,2.35107,2.36417,0.0130964,60.0
1744879048349326.0,-9877.68,5944.45,0.435178,2.35107,2.50259,0.151521,60.0
1744879048372905.0,-9879.8,5946.5,0.440374,2.36417,2.41918,0.0550141,60.0
1744879048399949.0,-9879.8,5946.5,0.440374,2.36417,2.32421,-0.0399557,60.0
1744879048427183.0,-9882.34,5948.56,0.446229,2.41918,2.52056,0.101382,60.0
1744879048458405.0,-9882.34,5948.56,0.446229,2.41918,2.5643,0.14512,60.0
1744879048485238.0,-9884.46,5950.61,0.451428,2.52056,2.54009,0.0195287,60.0
1744879048510538.0,-9884.46,5950.61,0.451428,2.52056,2.51623,-0.00433411,60.0
1744879048559854.0,-9886.57,5952.66,0.456629,2.54009,2.5883,0.0482072,60.0
1744879048586338.0,-9889.11,5954.71,0.462489,2.51623,2.54187,0.025644,60.0
1744879048626601.0,-9889.11,5954.71,0.462489,2.51623,2.57823,0.0620032,60.0
1744879048680813.0,-9893.77,5958.13,0.472919,2.57823,2.48991,-0.0883241,60.0
1744879048707066.0,-9893.77,5958.13,0.472919,2.57823,2.64049,0.0622555,60.0
1744879048741730.0,-9895.88,5960.19,0.478125,2.48991,2.52313,0.0332201,60.0
1744879048767854.0,-9895.88,5960.19,0.478125,2.48991,2.41287,-0.077032,60.0
1744879048793508.0,-9898.42,5962.24,0.483991,2.52313,2.45261,-0.0705142,60.0
1744879048836386.0,-9898.42,5962.24,0.483991,2.52313,2.49202,-0.0311015,60.0
1744879048871476.0,-9900.54,5963.61,0.488563,2.45261,2.31041,-0.142203,60.0
1744879048897339.0,-9903.08,5965.66,0.494432,2.49202,2.428,-0.0640218,60.0
1744879048929974.0,-9903.08,5965.66,0.494432,2.49202,2.46012,-0.0319075,60.0
1744879048966631.0,-9905.2,5967.71,0.499643,2.428,2.37275,-0.0552501,60.0
1744879048991116.0,-9905.2,5967.71,0.499643,2.428,2.48544,0.0574407,60.0
1744879049017426.0,-9907.73,5969.76,0.505516,2.37275,2.32465,-0.0480977,60.0
1744879049045218.0,-9907.73,5969.76,0.505516,2.37275,2.44919,0.0764346,60.0
1744879049074227.0,-9909.85,5971.13,0.510092,2.32465,2.42852,0.103868,60.0
1744879049115528.0,-9912.39,5973.18,0.515967,2.44919,2.40607,-0.0431124,60.0
1744879049143731.0,-9912.39,5973.18,0.515967,2.44919,2.44439,-0.00479962,60.0
1744879049192274.0,-9914.51,5975.24,0.521184,2.40607,2.41608,0.0100044,60.0
1744879049225027.0,-9917.05,5977.29,0.527063,2.44439,2.30369,-0.140696,60.0
1744879049253008.0,-9919.16,5979.34,0.532283,2.30369,2.40701,0.103318,60.0
1744879049285520.0,-9919.16,5979.34,0.532283,2.30369,2.35466,0.0509701,60.0
1744879049314338.0,-9921.28,5981.39,0.537504,2.40701,2.5465,0.139489,60.0
1744879049356620.0,-9921.28,5981.39,0.537504,2.40701,2.44756,0.040547,60.0
1744879049385186.0,-9923.82,5982.76,0.542748,2.5465,2.4898,-0.0567015,60.0
1744879049427905.0,-9925.93,5984.81,0.547972,2.4898,2.46487,-0.0249319,60.0
1744879049457065.0,-9925.93,5984.81,0.547972,2.4898,2.49832,0.00852255,60.0
1744879049486839.0,-9928.47,5986.86,0.553858,2.46487,2.45451,-0.0103578,60.0
1744879049520260.0,-9928.47,5986.86,0.553858,2.46487,2.55945,0.0945841,60.0
1744879049552468.0,-9930.59,5988.92,0.559085,2.45451,2.51529,0.060786,60.0
1744879049608169.0,-9933.13,5990.97,0.564974,2.55945,2.4593,-0.100147,60.0
1744879049638612.0,-9933.13,5990.97,0.564974,2.55945,2.51853,-0.0409149,60.0
1744879049666278.0,-9935.25,5992.34,0.569563,2.4593,2.32765,-0.131649,60.0
1744879049694351.0,-9935.25,5992.34,0.569563,2.4593,2.56823,0.108931,60.0
1744879049721098.0,-9937.79,5994.39,0.575456,2.32765,2.34739,0.0197367,60.0
1744879049756071.0,-9937.79,5994.39,0.575456,2.32765,2.33315,0.00549323,60.0
1744879049788632.0,-9939.9,5996.44,0.580688,2.34739,2.50915,0.161758,60.0
1744879049830413.0,-9942.44,5998.49,0.586583,2.33315,2.30844,-0.0247049,60.0
1744879049900890.0,-9944.56,6000.55,0.591818,2.50915,2.4453,-0.0638475,60.0
1744879049937540.0,-9946.67,6001.91,0.596413,2.30844,2.44696,0.138518,60.0
1744879049994687.0,-9949.21,6003.97,0.602313,2.4453,2.37706,-0.0682438,60.0
1744879050034009.0,-9949.21,6003.97,0.602313,2.4453,2.58857,0.143272,60.0
1744879050062063.0,-9951.33,6006.02,0.607552,2.37706,2.38857,0.011516,60.0
1744879050089838.0,-9951.33,6006.02,0.607552,2.37706,2.42862,0.0515683,60.0
1744879050125494.0,-9953.45,6008.07,0.612793,2.38857,2.34438,-0.0441911,60.0
1744879050160139.0,-9955.98,6010.12,0.618698,2.42862,2.38256,-0.0460659,60.0
1744879050194264.0,-9958.1,6012.18,0.623941,2.34438,2.28504,-0.0593376,60.0
1744879050240066.0,-9958.1,6012.18,0.623941,2.34438,2.39494,0.0505608,60.0
1744879050267468.0,-9960.64,6014.23,0.629849,2.28504,2.3804,0.0953588,60.0
1744879050294526.0,-9960.64,6014.23,0.629849,2.28504,2.2099,-0.0751476,60.0
1744879050329157.0,-9962.76,6016.28,0.635095,2.3804,2.32876,-0.0516416,60.0
1744879050385386.0,-9964.87,6017.65,0.639699,2.2099,2.31187,0.101972,60.0
1744879050414463.0,-9966.99,6019.7,0.644948,2.32876,2.41222,0.0834631,60.0
1744879050456405.0,-9966.99,6019.7,0.644948,2.32876,2.46852,0.139759,60.0
1744879050484345.0,-9969.53,6021.75,0.650862,2.41222,2.49775,0.0855251,60.0
1744879050530172.0,-9969.53,6021.75,0.650862,2.41222,2.28964,-0.122587,60.0
1744879050565303.0,-9971.64,6023.8,0.656113,2.49775,2.46521,-0.0325385,60.0
1744879050608284.0,-9973.76,6025.86,0.661366,2.28964,2.32703,0.037395,60.0
1744879050643555.0,-9973.76,6025.86,0.661366,2.28964,2.31563,0.0259984,60.0
1744879050672956.0,-9975.88,6027.91,0.66662,2.32703,2.32883,0.00180075,60.0
1744879050723112.0,-9978.42,6029.96,0.67254,2.32883,2.37162,0.0427849,60.0
1744879050756282.0,-9978.42,6029.96,0.67254,2.32883,2.43442,0.105585,60.0
1744879050783925.0,-9980.53,6032.01,0.677798,2.37162,2.50813,0.136514,60.0
1744879050824794.0,-9982.65,6034.06,0.683056,2.50813,2.39885,-0.109275,60.0
1744879050872054.0,-9982.65,6034.06,0.683056,2.50813,2.41966,-0.0884663,60.0
1744879050911190.0,-9984.76,6036.12,0.688316,2.39885,2.3477,-0.0511517,60.0
1744879050954948.0,-9986.88,6038.17,0.693577,2.41966,2.57,0.15034,60.0
1744879050999016.0,-9989.42,6040.22,0.699505,2.3477,2.3578,0.0100995,60.0
1744879051028126.0,-9989.42,6040.22,0.699505,2.3477,2.46358,0.115874,60.0
1744879051074357.0,-9991.54,6042.27,0.704769,2.3578,2.51609,0.158287,60.0
1744879051108549.0,-9993.65,6044.33,0.710034,2.46358,2.56245,0.0988709,60.0
1744879051140636.0,-9995.77,6046.38,0.715301,2.51609,2.45807,-0.0580232,60.0
1744879051192436.0,-9998.31,6048.43,0.721235,2.56245,2.45989,-0.102559,60.0
1744879051220227.0,-9998.31,6048.43,0.721235,2.56245,2.50781,-0.0546335,60.0
1744879051253230.0,-10000.4,6050.48,0.726504,2.45989,2.46283,0.00294443,60.0
1744879051284769.0,-10000.4,6050.48,0.726504,2.45989,2.55663,0.0967412,60.0
1744879051344847.0,-10002.5,6052.53,0.731775,2.46283,2.4876,0.0247626,60.0
1744879051381294.0,-10005.1,6054.59,0.737714,2.55663,2.42445,-0.132181,60.0
1744879051412158.0,-10005.1,6054.59,0.737714,2.55663,2.56262,0.00599249,60.0
1744879051444107.0,-10007.2,6055.95,0.742341,2.42445,2.47002,0.0455676,60.0
1744879051478497.0,-10007.2,6055.95,0.742341,2.42445,2.5293,0.104855,60.0
1744879051512017.0,-10009.3,6058.01,0.747616,2.47002,2.60334,0.133318,60.0
1744879051541468.0,-10011.9,6060.06,0.753559,2.5293,2.57651,0.0472015,60.0
1744879051579211.0,-10011.9,6060.06,0.753559,2.5293,2.37258,-0.156719,60.0
1744879051613528.0,-10014.0,6062.11,0.758837,2.57651,2.44774,-0.128767,60.0
1744879051649370.0,-10016.1,6064.16,0.764116,2.37258,2.47256,0.0999751,60.0
1744879051683777.0,-10016.1,6064.16,0.764116,2.37258,2.37309,0.000507234,60.0
1744879051716704.0,-10018.6,6066.22,0.770064,2.47256,2.57439,0.101827,60.0
1744879051776414.0,-10020.7,6068.27,0.775346,2.37309,2.39602,0.0229303,60.0
1744879051807865.0,-10020.7,6068.27,0.775346,2.37309,2.30706,-0.0660312,60.0
1744879051836801.0,-10023.3,6069.64,0.780648,2.39602,2.44217,0.0461455,60.0
1744879051865094.0,-10023.3,6069.64,0.780648,2.39602,2.34769,-0.0483297,60.0
1744879051894157.0,-10025.4,6071.69,0.785933,2.44217,2.54383,0.101665,60.0
1744879051948285.0,-10027.5,6073.74,0.791219,2.34769,2.34906,0.00137072,60.0
1744879051973797.0,-10027.5,6073.74,0.791219,2.34769,2.50078,0.153085,60.0
1744879052000254.0,-10030.0,6075.79,0.797175,2.34906,2.40693,0.0578647,60.0
1744879052031875.0,-10030.0,6075.79,0.797175,2.34906,2.32639,-0.022678,60.0
1744879052062319.0,-10032.2,6077.84,0.802464,2.40693,2.50596,0.0990269,60.0
1744879052096430.0,-10032.2,6077.84,0.802464,2.40693,2.42576,0.0188301,60.0
1744879052139683.0,-10034.3,6079.9,0.807754,2.50596,2.44208,-0.0638775,60.0
1744879052167463.0,-10036.8,6081.95,0.813714,2.42576,2.35131,-0.0744497,60.0
1744879052214586.0,-10038.9,6083.32,0.818357,2.44208,2.47939,0.0373166,60.0
1744879052249081.0,-10038.9,6083.32,0.818357,2.44208,2.50392,0.0618472,60.0
1744879052275808.0,-10041.5,6085.37,0.82432,2.47939,2.5569,0.0775033,60.0
1744879052330018.0,-10043.6,6087.42,0.829616,2.50392,2.4097,-0.0942237,60.0
1744879052383673.0,-10045.7,6089.47,0.834913,2.5569,2.45236,-0.104539,60.0
1744879052427342.0,-10045.7,6089.47,0.834913,2.5569,2.46324,-0.0936528,60.0
1744879052475943.0,-10048.2,6091.53,0.840881,2.45236,2.29088,-0.161481,60.0
1744879052509672.0,-10050.4,6093.58,0.846181,2.46324,2.3935,-0.0697419,60.0
1744879052560780.0,-10052.9,6095.63,0.852152,2.29088,2.38267,0.0917917,60.0
1744879052593191.0,-10052.9,6095.63,0.852152,2.29088,2.42168,0.130802,60.0
1744879052623070.0,-10055.0,6097.0,0.856804,2.38267,2.37458,-0.00808798,60.0
1744879052665029.0,-10057.1,6099.05,0.862108,2.42168,2.41359,-0.00809045,60.0
1744879052697375.0,-10057.1,6099.05,0.862108,2.42168,2.55193,0.130253,60.0
1744879052724081.0,-10059.7,6101.1,0.868083,2.41359,2.39057,-0.0230169,60.0
1744879052762520.0,-10059.7,6101.1,0.868083,2.41359,2.39779,-0.0158018,60.0
1744879052792056.0,-10061.8,6103.16,0.87339,2.39057,2.40541,0.0148335,60.0
1744879052826677.0,-10061.8,6103.16,0.87339,2.39057,2.38922,-0.00135003,60.0
1744879052853327.0,-10063.9,6105.21,0.878698,2.40541,2.44847,0.0430668,60.0
1744879052882099.0,-10063.9,6105.21,0.878698,2.40541,2.49742,0.0920172,60.0
1744879052943949.0,-10066.4,6107.26,0.884679,2.44847,2.55781,0.109339,60.0
1744879052973931.0,-10068.6,6109.31,0.88999,2.49742,2.33958,-0.157845,60.0
1744879053004478.0,-10068.6,6109.31,0.88999,2.49742,2.49351,-0.00391225,60.0
1744879053037820.0,-10071.1,6110.68,0.89532,2.33958,2.31959,-0.019987,60.0
1744879053086672.0,-10073.2,6112.73,0.900634,2.49351,2.33544,-0.158069,60.0
1744879053120726.0,-10073.2,6112.73,0.900634,2.49351,2.4584,-0.0351093,60.0
1744879053148819.0,-10075.3,6114.79,0.905949,2.33544,2.33621,0.000766439,60.0
1744879053197988.0,-10075.3,6114.79,0.905949,2.33544,2.49673,0.161288,60.0
1744879053232401.0,-10077.9,6116.84,0.911937,2.33621,2.34084,0.0046349,60.0
1744879053270801.0,-10080.0,6118.89,0.917255,2.49673,2.58443,0.0876961,60.0
1744879053309752.0,-10082.1,6120.94,0.922574,2.34084,2.43432,0.0934749,60.0
1744879053355339.0,-10082.1,6120.94,0.922574,2.34084,2.39329,0.0524454,60.0
1744879053387129.0,-10084.6,6122.99,0.928567,2.43432,2.55366,0.119337,60.0
1744879053421141.0,-10086.8,6125.05,0.933889,2.39329,2.37317,-0.0201146,60.0
1744879053451889.0,-10086.8,6125.05,0.933889,2.39329,2.39353,0.000237772,60.0
1744879053478038.0,-10088.9,6126.41,0.938558,2.37317,2.44278,0.0696078,60.0
1744879053507099.0,-10088.9,6126.41,0.938558,2.37317,2.37986,0.00669065,60.0
1744879053535036.0,-10091.4,6128.47,0.944555,2.44278,2.36029,-0.0824907,60.0
1744879053567243.0,-10093.5,6130.52,0.949881,2.37986,2.31711,-0.0627509,60.0
1744879053613543.0,-10093.5,6130.52,0.949881,2.37986,2.53057,0.15071,60.0
1744879053646477.0,-10095.7,6132.57,0.955209,2.31711,2.46791,0.150792,60.0
1744879053675644.0,-10097.8,6134.62,0.960538,2.53057,2.43922,-0.0913514,60.0
1744879053712911.0,-10097.8,6134.62,0.960538,2.53057,2.48267,-0.047903,60.0
1744879053757335.0,-10100.3,6136.68,0.966541,2.43922,2.51958,0.0803596,60.0
1744879053781398.0,-10102.4,6138.73,0.971873,2.48267,2.46038,-0.0222906,60.0
1744879053802397.0,-10102.4,6138.73,0.971873,2.48267,2.37542,-0.107248,60.0
1744879053823332.0,-10102.4,6138.73,0.971873,2.48267,2.41137,-0.0713002,60.0
1744879053844143.0,-10104.5,6140.78,0.977206,2.37542,2.43736,0.0619324,60.0
1744879053865033.0,-10104.5,6140.78,0.977206,2.37542,2.32971,-0.045709,60.0
1744879053886253.0,-10107.1,6142.83,0.983214,2.43736,2.39623,-0.0411293,60.0
1744879053907109.0,-10107.1,6142.83,0.983214,2.43736,2.30893,-0.128428,60.0
1744879053928153.0,-10109.2,6144.88,0.98855,2.39623,2.5325,0.136278,60.0
1744879053949169.0,-10109.2,6144.88,0.98855,2.39623,2.27668,-0.119547,60.0
1744879053970196.0,-10109.2,6144.88,0.98855,2.39623,2.31406,-0.0821707,60.0
1744879053990933.0,-10111.3,6146.25,0.993231,2.27668,2.39814,0.12146,60.0
1744879054011870.0,-10111.3,6146.25,0.993231,2.27668,2.30537,0.028688,60.0
1744879054032765.0,-10113.8,6148.31,0.999243,2.39814,2.4747,0.0765574,60.0
1744879054053607.0,-10113.8,6148.31,0.999243,2.39814,2.2742,-0.123942,60.0
1744879054074506.0,-10113.8,6148.31,0.999243,2.39814,2.46284,0.064701,60.0
1744879054095534.0,-10116.0,6150.36,1.00458,2.2742,2.29462,0.0204267,60.0
1744879054116513.0,-10116.0,6150.36,1.00458,2.2742,2.37337,0.0991712,60.0
1744879054137341.0,-10118.1,6152.41,1.00992,2.29462,2.37005,0.0754219,60.0
1744879054159448.0,-10118.1,6152.41,1.00992,2.29462,2.42412,0.129498,60.0
1744879054180683.0,-10120.2,6154.46,1.01527,2.42412,2.46166,0.0375353,60.0
1744879054201713.0,-10120.2,6154.46,1.01527,2.42412,2.39384,-0.0302785,60.0
1744879054222617.0,-10120.2,6154.46,1.01527,2.42412,2.57808,0.15396,60.0
1744879054243863.0,-10122.7,6156.51,1.02129,2.39384,2.25253,-0.141315,60.0
1744879054264849.0,-10122.7,6156.51,1.02129,2.39384,2.43503,0.0411886,60.0
1744879054286034.0,-10124.9,6158.57,1.02663,2.25253,2.37467,0.122136,60.0
1744879054307108.0,-10124.9,6158.57,1.02663,2.25253,2.37981,0.127276,60.0
1744879054328945.0,-10124.9,6158.57,1.02663,2.25253,2.39272,0.140188,60.0
1744879054349818.0,-10127.0,6160.62,1.03198,2.37981,2.26919,-0.11062,60.0
1744879054370723.0,-10127.0,6160.62,1.03198,2.37981,2.43424,0.054435,60.0
1744879054391654.0,-10129.1,6162.67,1.03733,2.26919,2.36467,0.0954801,60.0
1744879054412578.0,-10129.1,6162.67,1.03733,2.26919,2.38206,0.112877,60.0
1744879054433642.0,-10129.1,6162.67,1.03733,2.26919,2.29771,0.0285226,60.0
1744879054454836.0,-10131.2,6164.72,1.04268,2.38206,2.42704,0.0449748,60.0
1744879054476293.0,-10131.2,6164.72,1.04268,2.38206,2.44725,0.0651845,60.0
1744879054498162.0,-10133.7,6166.77,1.0487,2.42704,2.3275,-0.0995341,60.0
1744879054519662.0,-10133.7,6166.77,1.0487,2.42704,2.51794,0.0909058,60.0
1744879054540810.0,-10135.9,6168.83,1.05406,2.3275,2.48794,0.160435,60.0
1744879054562858.0,-10135.9,6168.83,1.05406,2.3275,2.40084,0.0733336,60.0
1744879054589059.0,-10138.0,6170.88,1.05941,2.48794,2.34786,-0.140074,60.0
1744879054617658.0,-10138.0,6170.88,1.05941,2.48794,2.45958,-0.0283609,60.0
1744879054641870.0,-10140.1,6172.93,1.06477,2.34786,2.42322,0.0753529,60.0
1744879054663892.0,-10140.1,6172.93,1.06477,2.34786,2.49004,0.14218,60.0
1744879054697399.0,-10142.2,6174.98,1.07012,2.42322,2.49267,0.0694536,60.0
1744879054725086.0,-10142.2,6174.98,1.07012,2.42322,2.3571,-0.0661114,60.0
1744879054748234.0,-10144.3,6177.03,1.07548,2.49267,2.33688,-0.155788,60.0
1744879054770426.0,-10144.3,6177.03,1.07548,2.49267,2.40287,-0.0897954,60.0
1744879054802603.0,-10146.9,6179.09,1.08152,2.33688,2.45938,0.122494,60.0
1744879054839986.0,-10146.9,6179.09,1.08152,2.33688,2.4635,0.126621,60.0
1744879054864521.0,-10149.0,6181.14,1.08688,2.45938,2.33587,-0.123507,60.0
1744879054896939.0,-10151.1,6183.19,1.09224,2.4635,2.49322,0.0297129,60.0
1744879054933724.0,-10151.1,6183.19,1.09224,2.4635,2.46358,7.78651e-05,60.0
1744879054960471.0,-10153.2,6185.24,1.0976,2.49322,2.50777,0.0145526,60.0
1744879054999885.0,-10153.2,6185.24,1.0976,2.49322,2.49809,0.00487871,60.0
1744879055027613.0,-10155.7,6187.3,1.10364,2.50777,2.34976,-0.158009,60.0
1744879055066596.0,-10157.9,6189.35,1.10901,2.49809,2.41086,-0.0872347,60.0
1744879055093012.0,-10157.9,6189.35,1.10901,2.49809,2.40957,-0.0885253,60.0
1744879055123683.0,-10160.0,6191.4,1.11438,2.41086,2.39247,-0.0183854,60.0
1744879055164233.0,-10160.0,6191.4,1.11438,2.41086,2.39997,-0.0108866,60.0
1744879055207182.0,-10162.1,6193.45,1.11975,2.39247,2.2944,-0.0980761,60.0
1744879055240109.0,-10164.6,6195.5,1.1258,2.39997,2.51549,0.115513,60.0
1744879055292250.0,-10166.8,6197.56,1.13117,2.2944,2.32862,0.0342253,60.0
1744879055325362.0,-10166.8,6197.56,1.13117,2.2944,2.45611,0.16171,60.0
1744879055350637.0,-10168.9,6199.61,1.13654,2.32862,2.23899,-0.0896357,60.0
1744879055378689.0,-10168.9,6199.61,1.13654,2.32862,2.24301,-0.0856124,60.0
1744879055407517.0,-10171.0,6201.66,1.14192,2.23899,2.38022,0.141232,60.0
1744879055433069.0,-10171.0,6201.66,1.14192,2.23899,2.29155,0.0525628,60.0
1744879055459675.0,-10173.5,6203.71,1.14797,2.38022,2.46154,0.0813201,60.0
1744879055498890.0,-10173.5,6203.71,1.14797,2.38022,2.35898,-0.0212446,60.0
1744879055526965.0,-10175.6,6205.77,1.15335,2.46154,2.35425,-0.107291,60.0
1744879055553525.0,-10177.8,6207.82,1.15873,2.35898,2.35676,-0.00221371,60.0
1744879055614292.0,-10179.9,6209.19,0.163446,2.35425,2.32722,-0.0270319,60.0
1744879055641923.0,-10179.9,6209.19,0.163446,2.35425,2.28948,-0.0647708,60.0
1744879055666936.0,-10182.0,6211.24,0.168828,2.32722,2.33506,0.00783971,60.0
1744879055692873.0,-10182.0,6211.24,0.168828,2.32722,2.45338,0.126159,60.0
1744879055730870.0,-10184.5,6213.29,0.174889,2.33506,2.41668,0.0816277,60.0
1744879055779927.0,-10186.6,6215.34,0.180274,2.45338,2.50061,0.0472366,60.0
1744879055813883.0,-10188.8,6217.4,0.18566,2.41668,2.36137,-0.0553184,60.0
1744879055840390.0,-10188.8,6217.4,0.18566,2.41668,2.41651,-0.000176108,60.0
1744879055874200.0,-10190.9,6219.45,0.191047,2.36137,2.29475,-0.0666207,60.0
1744879055900623.0,-10190.9,6219.45,0.191047,2.36137,2.36346,0.00209809,60.0
1744879055945304.0,-10193.0,6221.5,0.196435,2.29474,2.34566,0.0509184,60.0
1744879055984216.0,-10195.1,6223.55,0.201825,2.36346,2.42375,0.0602909,60.0
1744879056014740.0,-10195.1,6223.55,0.201825,2.36346,2.50271,0.139245,60.0
1744879056042196.0,-10197.6,6225.6,0.207896,2.42375,2.55622,0.132461,60.0
1744879056080585.0,-10197.6,6225.6,0.207896,2.42375,2.56795,0.144199,60.0
1744879056108434.0,-10199.8,6227.66,0.213289,2.55622,2.53319,-0.0230299,60.0
1744879056148736.0,-10201.9,6229.71,0.218683,2.56795,2.62909,0.061136,60.0
1744879056179544.0,-10201.9,6229.71,0.218683,2.56795,2.48239,-0.0855647,60.0
1744879056209540.0,-10204.0,6231.76,0.224079,2.62909,2.58488,-0.0442065,60.0
1744879056244324.0,-10204.0,6231.76,0.224079,2.62909,2.48412,-0.144966,60.0
1744879056287499.0,-10206.1,6233.81,0.229476,2.58488,2.47708,-0.107799,60.0
1744879056326423.0,-10208.7,6235.87,0.235554,2.48412,2.47582,-0.00830239,60.0
1744879056359284.0,-10208.7,6235.87,0.235554,2.48412,2.60998,0.125861,60.0
1744879056387617.0,-10210.8,6237.92,0.240954,2.47582,2.55331,0.0774856,60.0
1744879056430512.0,-10213.3,6239.97,0.247035,2.55331,2.42015,-0.133162,60.0
1744879056459953.0,-10213.3,6239.97,0.247035,2.55331,2.61117,0.057863,60.0
1744879056495351.0,-10215.4,6242.02,0.252438,2.42015,2.55826,0.138113,60.0
1744879056525611.0,-10215.4,6242.02,0.252438,2.42015,2.36321,-0.056936,60.0
1744879056566210.0,-10217.5,6244.07,0.257842,2.55826,2.48254,-0.0757141,60.0
1744879056597796.0,-10220.1,6246.13,0.263928,2.36321,2.41522,0.052011,60.0
1744879056631514.0,-10220.1,6246.13,0.263928,2.36321,2.32103,-0.0421768,60.0
1744879056663271.0,-10222.2,6247.5,0.268667,2.41522,2.50043,0.0852052,60.0
1744879056712634.0,-10224.3,6249.55,0.274075,2.32103,2.39878,0.0777516,60.0
1744879056742390.0,-10224.3,6249.55,0.274075,2.32103,2.45142,0.130389,60.0
1744879056770424.0,-10226.8,6251.6,0.280166,2.39878,2.27238,-0.126403,60.0
1744879056799881.0,-10226.8,6251.6,0.280166,2.39878,2.42843,0.0296497,60.0
1744879056827369.0,-10229.0,6253.65,0.285577,2.27238,2.31497,0.0425891,60.0
1744879056857593.0,-10229.0,6253.65,0.285577,2.27238,2.41371,0.141332,60.0
1744879056885163.0,-10231.1,6255.7,0.290989,2.31497,2.32252,0.0075469,60.0
1744879056920358.0,-10231.1,6255.7,0.290989,2.31497,2.41324,0.0982711,60.0
1744879056947160.0,-10233.6,6257.76,0.297084,2.32252,2.39636,0.0738398,60.0
1744879056990806.0,-10235.7,6259.81,0.302499,2.39636,2.48272,0.0863593,60.0
1744879057026493.0,-10235.7,6259.81,0.302499,2.39636,2.29371,-0.102645,60.0
1744879057058662.0,-10237.9,6261.86,0.307916,2.48272,2.49816,0.0154393,60.0
1744879057094783.0,-10237.9,6261.86,0.307916,2.48272,2.54704,0.0643208,60.0
1744879057147736.0,-10240.0,6263.91,0.313334,2.49816,2.51596,0.0178011,60.0
1744879057175253.0,-10242.5,6265.97,0.319435,2.54704,2.46505,-0.0819848,60.0
1744879057228355.0,-10244.6,6267.33,0.324186,2.51596,2.50024,-0.0157214,60.0
1744879057269375.0,-10244.6,6267.33,0.324186,2.51596,2.58475,0.0687921,60.0
1744879057299662.0,-10247.2,6269.39,0.330291,2.50024,2.50047,0.000234063,60.0
1744879057345691.0,-10249.3,6271.44,0.335714,2.50047,2.46461,-0.035862,60.0
1744879057386135.0,-10249.3,6271.44,0.335714,2.50047,2.57704,0.0765754,60.0
1744879057413981.0,-10251.4,6273.49,0.341139,2.46461,2.46273,-0.00187454,60.0
1744879057452788.0,-10251.4,6273.49,0.341139,2.46461,2.37789,-0.0867177,60.0
1744879057481154.0,-10253.9,6275.54,0.347248,2.46273,2.51883,0.0560967,60.0
1744879057508986.0,-10253.9,6275.54,0.347248,2.46273,2.44954,-0.0131895,60.0
1744879057566501.0,-10256.1,6277.6,0.352675,2.51883,2.58644,0.0676071,60.0
1744879057600178.0,-10258.2,6278.96,0.357433,2.44954,2.48008,0.0305345,60.0
1744879057632535.0,-10258.2,6278.96,0.357433,2.44954,2.44334,-0.00620801,60.0
1744879057660074.0,-10260.7,6281.02,0.363547,2.48008,2.46884,-0.0112388,60.0
1744879057699855.0,-10262.8,6283.07,0.368979,2.44333,2.33222,-0.111114,60.0
1744879057727587.0,-10262.8,6283.07,0.368979,2.44333,2.39754,-0.0457921,60.0
1744879057762942.0,-10265.4,6285.12,0.375095,2.33222,2.37227,0.0400523,60.0
1744879057793408.0,-10267.5,6287.17,0.38053,2.39754,2.44779,0.0502474,60.0
1744879057831466.0,-10267.5,6287.17,0.38053,2.39754,2.41012,0.0125799,60.0
1744879057860824.0,-10270.0,6289.23,0.38665,2.44779,2.29574,-0.152052,60.0
1744879057909856.0,-10272.1,6291.28,0.392087,2.29574,2.44393,0.148197,60.0
1744879057944383.0,-10272.1,6291.28,0.392087,2.29574,2.43534,0.139602,60.0
1744879057975951.0,-10274.3,6292.65,0.396853,2.44393,2.34517,-0.0987692,60.0
1744879058007304.0,-10274.3,6292.65,0.396853,2.44393,2.4155,-0.0284329,60.0
1744879058035853.0,-10276.8,6294.7,0.402978,2.34517,2.30739,-0.0377805,60.0
1744879058082932.0,-10276.8,6294.7,0.402978,2.34517,2.47882,0.133653,60.0
1744879058132286.0,-10278.9,6296.75,0.408419,2.30739,2.30829,0.000903508,60.0
1744879058160582.0,-10281.0,6298.8,0.413862,2.47882,2.58881,0.109989,60.0
1744879058198993.0,-10281.0,6298.8,0.413862,2.47882,2.3546,-0.12422,60.0
1744879058225671.0,-10283.6,6300.86,0.419991,2.58881,2.44693,-0.141883,60.0
1744879058284952.0,-10285.7,6302.91,0.425437,2.3546,2.48599,0.131393,60.0
1744879058323707.0,-10285.7,6302.91,0.425437,2.3546,2.49581,0.141208,60.0
1744879058350798.0,-10287.8,6304.96,0.430883,2.48599,2.41158,-0.0744085,60.0
1744879058388948.0,-10287.8,6304.96,0.430883,2.48599,2.4311,-0.05489,60.0
1744879058430085.0,-10290.3,6306.33,0.436343,2.41158,2.52452,0.112931,60.0
1744879058457299.0,-10292.4,6308.38,0.441793,2.4311,2.52169,0.0905916,60.0
1744879058489503.0,-10292.4,6308.38,0.441793,2.4311,2.53813,0.107024,60.0
1744879058520025.0,-10295.0,6310.43,0.44793,2.52169,2.64426,0.122563,60.0
1744879058554072.0,-10295.0,6310.43,0.44793,2.52169,2.42878,-0.0929176,60.0
1744879058589158.0,-10297.1,6312.49,0.453382,2.64426,2.5558,-0.0884532,60.0
1744879058619366.0,-10299.2,6314.54,0.458836,2.42878,2.49773,0.0689579,60.0
1744879058669200.0,-10301.8,6316.59,0.464977,2.5558,2.5367,-0.0191051,60.0
1744879058699552.0,-10301.8,6316.59,0.464977,2.5558,2.51195,-0.0438508,60.0
1744879058726593.0,-10303.9,6317.96,0.469759,2.5367,2.65686,0.120159,60.0
1744879058753842.0,-10303.9,6317.96,0.469759,2.5367,2.52313,-0.0135733,60.0
1744879058780964.0,-10306.4,6320.01,0.475903,2.65686,2.51511,-0.141749,60.0
1744879058825196.0,-10306.4,6320.01,0.475903,2.65686,2.56396,-0.0929004,60.0
1744879058855197.0,-10308.5,6322.06,0.481363,2.51511,2.52558,0.0104682,60.0
1744879058898251.0,-10311.1,6324.12,0.48751,2.56396,2.53874,-0.0252146,60.0
1744879058931388.0,-10313.2,6326.17,0.492972,2.52558,2.55026,0.0246863,60.0
1744879058984497.0,-10313.2,6326.17,0.492972,2.52558,2.54592,0.0203384,60.0
1744879059015542.0,-10315.7,6327.54,0.498447,2.55026,2.58795,0.0376845,60.0
1744879059048514.0,-10317.8,6329.59,0.503912,2.54592,2.48121,-0.0647044,60.0
1744879059080937.0,-10317.8,6329.59,0.503912,2.54592,2.5249,-0.0210139,60.0
1744879059111642.0,-10320.4,6331.64,0.510065,2.48121,2.53225,0.0510392,60.0
1744879059155602.0,-10322.9,6333.01,0.515544,2.5249,2.41131,-0.113589,60.0
1744879059187190.0,-10322.9,6333.01,0.515544,2.5249,2.40418,-0.120721,60.0
1744879059223516.0,-10325.0,6335.06,0.521013,2.41131,2.38065,-0.0306617,60.0
1744879059251178.0,-10327.6,6337.12,0.527171,2.40418,2.37835,-0.0258298,60.0
1744879059284059.0,-10327.6,6337.12,0.527171,2.40418,2.41456,0.0103768,60.0
1744879059315664.0,-10329.7,6338.48,0.531966,2.37835,2.45512,0.0767707,60.0
1744879059352444.0,-10332.2,6340.54,0.538127,2.41456,2.42028,0.00572096,60.0
1744879059401057.0,-10332.2,6340.54,0.538127,2.41456,2.57273,0.158171,60.0
1744879059433424.0,-10334.3,6342.59,0.543601,2.42028,2.39842,-0.0218595,60.0
1744879059470139.0,-10336.9,6344.64,0.549766,2.57273,2.56238,-0.0103522,60.0
1744879059497544.0,-10336.9,6344.64,0.549766,2.57273,2.49568,-0.0770475,60.0
1744879059527845.0,-10339.0,6346.01,0.554565,2.56238,2.49347,-0.0689069,60.0
1744879059557754.0,-10341.5,6348.06,0.560732,2.49568,2.46207,-0.0336094,60.0
1744879059594185.0,-10341.5,6348.06,0.560732,2.49568,2.37934,-0.116343,60.0
1744879059642119.0,-10344.1,6350.12,0.566902,2.46207,2.4133,-0.0487737,60.0
1744879059674416.0,-10346.2,6352.17,0.572383,2.37934,2.44665,0.0673141,60.0
1744879059702145.0,-10346.2,6352.17,0.572383,2.37934,2.2993,-0.0800395,60.0
1744879059728818.0,-10348.7,6353.54,0.577876,2.44665,2.51602,0.069373,60.0
1744879059773454.0,-10348.7,6353.54,0.577876,2.44665,2.41478,-0.0318746,60.0
1744879059804998.0,-10350.9,6355.59,0.583361,2.51602,2.54835,0.0323286,60.0
1744879059841058.0,-10353.4,6357.64,0.589536,2.41478,2.31558,-0.0991962,60.0
1744879059869681.0,-10353.4,6357.64,0.589536,2.41478,2.42026,0.00548769,60.0
1744879059901813.0,-10355.5,6359.01,0.594343,2.31558,2.38915,0.0735742,60.0
1744879059942791.0,-10358.1,6361.06,0.600521,2.42026,2.46121,0.0409426,60.0
1744879059970701.0,-10358.1,6361.06,0.600521,2.42026,2.52485,0.104583,60.0
1744879060004811.0,-10360.2,6363.11,0.606011,2.46121,2.49971,0.0385021,60.0
1744879060047396.0,-10362.7,6365.17,0.612192,2.52485,2.4615,-0.0633466,60.0
1744879060098573.0,-10362.7,6365.17,0.612192,2.52485,2.63518,0.110328,60.0
1744879060125992.0,-10364.8,6367.22,0.617685,2.4615,2.31692,-0.14458,60.0
1744879060182650.0,-10367.4,6368.59,0.623189,2.63518,2.52713,-0.108045,60.0
1744879060216887.0,-10369.5,6370.64,0.628684,2.31692,2.45859,0.141666,60.0
1744879060245601.0,-10369.5,6370.64,0.628684,2.31692,2.36343,0.0465079,60.0
1744879060286285.0,-10372.0,6372.69,0.634872,2.45859,2.46302,0.00443584,60.0
1744879060318835.0,-10374.1,6374.74,0.64037,2.36343,2.49523,0.131805,60.0
1744879060346278.0,-10374.1,6374.74,0.64037,2.36343,2.49057,0.127146,60.0
1744879060383800.0,-10376.7,6376.11,0.645879,2.49523,2.54233,0.0470921,60.0
1744879060406183.0,-10378.8,6378.17,0.65138,2.54233,2.44385,-0.0984748,60.0
1744879060426807.0,-10378.8,6378.17,0.65138,2.54233,2.52601,-0.0163116,60.0
1744879060447799.0,-10378.8,6378.17,0.65138,2.54233,2.57854,0.036209,60.0
1744879060468644.0,-10381.3,6380.22,0.657573,2.52601,2.54176,0.0157428,60.0
1744879060489605.0,-10381.3,6380.22,0.657573,2.52601,2.54236,0.0163506,60.0
1744879060510419.0,-10383.9,6382.27,0.663769,2.54176,2.46153,-0.0802321,60.0
1744879060531283.0,-10383.9,6382.27,0.663769,2.54176,2.41725,-0.124503,60.0
1744879060552168.0,-10383.9,6382.27,0.663769,2.54176,2.60393,0.0621756,60.0
1744879060573067.0,-10386.0,6383.64,0.668592,2.41725,2.39892,-0.0183368,60.0
1744879060593920.0,-10386.0,6383.64,0.668592,2.41725,2.57777,0.160519,60.0
1744879060614839.0,-10388.5,6385.69,0.67479,2.39892,2.33949,-0.0594238,60.0
1744879060635846.0,-10388.5,6385.69,0.67479,2.39892,2.49594,0.0970193,60.0
1744879060656680.0,-10388.5,6385.69,0.67479,2.39892,2.38705,-0.0118659,60.0
1744879060678533.0,-10390.6,6387.74,0.680298,2.49594,2.39061,-0.105323,60.0
1744879060699486.0,-10390.6,6387.74,0.680298,2.49594,2.38452,-0.111413,60.0
1744879060720626.0,-10393.2,6389.8,0.686499,2.39061,2.37766,-0.0129507,60.0
1744879060741534.0,-10393.2,6389.8,0.686499,2.39061,2.51733,0.126719,60.0
1744879060762598.0,-10395.3,6391.17,0.691327,2.51733,2.57475,0.0574187,60.0
1744879060783551.0,-10395.3,6391.17,0.691327,2.51733,2.45421,-0.0631267,60.0
1744879060806049.0,-10395.3,6391.17,0.691327,2.51733,2.40007,-0.117259,60.0
1744879060833829.0,-10397.8,6393.22,0.697531,2.45421,2.48655,0.0323407,60.0
1744879060854733.0,-10397.8,6393.22,0.697531,2.45421,2.3842,-0.0700091,60.0
1744879060879451.0,-10400.0,6395.27,0.703044,2.48655,2.53385,0.0473032,60.0
1744879060910108.0,-10400.0,6395.27,0.703044,2.48655,2.64675,0.160207,60.0
1744879060932565.0,-10402.5,6397.32,0.709252,2.53385,2.40983,-0.124016,60.0
1744879060955290.0,-10402.5,6397.32,0.709252,2.53385,2.52119,-0.0126635,60.0
1744879060976152.0,-10402.5,6397.32,0.709252,2.53385,2.38828,-0.145571,60.0
1744879060999640.0,-10404.6,6398.69,0.714084,2.52119,2.42105,-0.100135,60.0
1744879061025239.0,-10404.6,6398.69,0.714084,2.52119,2.66397,0.142785,60.0
1744879061046392.0,-10407.1,6400.74,0.720295,2.42105,2.47424,0.0531928,60.0
1744879061067584.0,-10407.1,6400.74,0.720295,2.42105,2.37593,-0.045118,60.0
1744879061091062.0,-10409.3,6402.8,0.725814,2.47424,2.62228,0.148032,60.0
1744879061114896.0,-10409.3,6402.8,0.725814,2.47424,2.49804,0.0237951,60.0
1744879061148426.0,-10411.8,6404.17,0.731343,2.62228,2.56562,-0.0566527,60.0
1744879061170163.0,-10411.8,6404.17,0.731343,2.62228,2.50369,-0.118585,60.0
1744879061206735.0,-10414.3,6406.22,0.737558,2.56562,2.41107,-0.154552,60.0
1744879061229812.0,-10414.3,6406.22,0.737558,2.56562,2.58202,0.0163958,60.0
1744879061253543.0,-10416.5,6408.27,0.743081,2.41107,2.54264,0.131571,60.0
1744879061276919.0,-10416.5,6408.27,0.743081,2.41107,2.439,0.027927,60.0
1744879061300159.0,-10419.0,6409.64,0.748614,2.54264,2.45145,-0.0911961,60.0
1744879061324383.0,-10419.0,6409.64,0.748614,2.54264,2.62005,0.0774074,60.0
1744879061383558.0,-10421.1,6411.69,0.75414,2.45145,2.53591,0.0844695,60.0
1744879061408488.0,-10423.7,6413.74,0.760361,2.62005,2.57391,-0.0461424,60.0
1744879061430318.0,-10423.7,6413.74,0.760361,2.62005,2.47995,-0.140102,60.0
1744879061452121.0,-10423.7,6413.74,0.760361,2.62005,2.63001,0.00995917,60.0
1744879061475283.0,-10426.2,6415.8,0.766584,2.47995,2.49514,0.0151906,60.0
1744879061497707.0,-10426.2,6415.8,0.766584,2.47995,2.38752,-0.0924234,60.0
1744879061522187.0,-10428.3,6417.17,0.771428,2.49514,2.48107,-0.0140714,60.0
1744879061549294.0,-10428.3,6417.17,0.771428,2.49514,2.61355,0.118409,60.0
1744879061574034.0,-10430.8,6419.22,0.777654,2.48107,2.52076,0.0396954,60.0
1744879061609117.0,-10433.0,6421.27,0.783187,2.61355,2.5068,-0.106747,60.0
1744879061636510.0,-10433.0,6421.27,0.783187,2.61355,2.44996,-0.163589,60.0
1744879061667786.0,-10435.5,6422.64,0.78873,2.5068,2.47919,-0.0276124,60.0
1744879061698281.0,-10435.5,6422.64,0.78873,2.5068,2.53294,0.0261376,60.0
1744879061727915.0,-10438.0,6424.69,0.79496,2.47919,2.5684,0.0892176,60.0
1744879061764564.0,-10438.0,6424.69,0.79496,2.47919,2.47238,-0.0068056,60.0
1744879061788082.0,-10440.2,6426.06,0.79981,2.56841,2.46934,-0.0990667,60.0
1744879061817488.0,-10440.2,6426.06,0.79981,2.56841,2.4694,-0.099005,60.0
1744879061842854.0,-10442.7,6428.11,0.806044,2.46934,2.40993,-0.0594053,60.0
1744879061880987.0,-10445.2,6430.17,0.812279,2.4694,2.42389,-0.0455132,60.0
1744879061909333.0,-10445.2,6430.17,0.812279,2.4694,2.40962,-0.0597791,60.0
1744879061935088.0,-10447.4,6431.53,0.817132,2.42389,2.54826,0.124369,60.0
1744879061971011.0,-10447.4,6431.53,0.817132,2.42389,2.37308,-0.0508066,60.0
1744879061998897.0,-10449.9,6433.59,0.823371,2.54826,2.60295,0.0546971,60.0
1744879062026869.0,-10449.9,6433.59,0.823371,2.54826,2.39664,-0.151614,60.0
1744879062059806.0,-10452.4,6435.64,0.82961,2.60295,2.61284,0.00988325,60.0
1744879062091522.0,-10454.6,6437.01,0.834468,2.39664,2.4563,0.0596599,60.0
1744879062131087.0,-10457.1,6439.06,0.84071,2.61284,2.67446,0.0616265,60.0
1744879062183054.0,-10457.1,6439.06,0.84071,2.61284,2.47677,-0.136066,60.0
1744879062220069.0,-10459.6,6441.11,0.846955,2.67446,2.56278,-0.111681,60.0
1744879062245694.0,-10461.7,6442.48,0.851816,2.47677,2.48491,0.00814171,60.0
1744879062276188.0,-10461.7,6442.48,0.851816,2.47677,2.34384,-0.132932,60.0
1744879062315888.0,-10464.3,6444.53,0.858063,2.48491,2.62495,0.140036,60.0
1744879062354789.0,-10466.8,6445.9,0.863623,2.34384,2.40236,0.0585175,60.0
1744879062382614.0,-10466.8,6445.9,0.863623,2.34384,2.37202,0.0281861,60.0
1744879062420073.0,-10468.9,6447.96,0.869176,2.40236,2.47062,0.068267,60.0
1744879062453822.0,-10471.5,6450.01,0.875428,2.37202,2.45448,0.082456,60.0
1744879062501640.0,-10474.0,6451.38,0.880993,2.47062,2.54808,0.0774619,60.0
1744879062532814.0,-10474.0,6451.38,0.880993,2.47062,2.3343,-0.136321,60.0
1744879062562715.0,-10476.1,6453.43,0.88655,2.54808,2.60276,0.0546787,60.0
1744879062588374.0,-10476.1,6453.43,0.88655,2.54808,2.5039,-0.0441877,60.0
1744879062616950.0,-10478.7,6455.48,0.892807,2.60276,2.55991,-0.0428547,60.0
1744879062651464.0,-10478.7,6455.48,0.892807,2.60276,2.49861,-0.104151,60.0
1744879062679300.0,-10481.2,6456.85,0.898375,2.55991,2.48407,-0.0758414,60.0
1744879062723631.0,-10483.3,6458.9,0.903936,2.49861,2.37263,-0.125986,60.0
1744879062755651.0,-10483.3,6458.9,0.903936,2.49861,2.37327,-0.125342,60.0
1744879062791649.0,-10485.9,6460.96,0.910198,2.37263,2.51035,0.137723,60.0
1744879062846970.0,-10488.4,6462.32,0.91577,2.37327,2.41875,0.0454762,60.0
1744879062874701.0,-10488.4,6462.32,0.91577,2.37327,2.47309,0.0998241,60.0
1744879062908814.0,-10490.5,6464.38,0.921336,2.41875,2.46007,0.0413252,60.0
1744879062941199.0,-10493.1,6466.43,0.927602,2.47309,2.36294,-0.110159,60.0
1744879062971701.0,-10493.1,6466.43,0.927602,2.47309,2.5404,0.0673053,60.0
1744879063003147.0,-10495.2,6467.8,0.932479,2.36293,2.40014,0.0372022,60.0
1744879063033364.0,-10497.7,6469.85,0.938748,2.5404,2.60779,0.067387,60.0
1744879063067582.0,-10497.7,6469.85,0.938748,2.5404,2.45741,-0.0829875,60.0
1744879063095759.0,-10500.3,6471.9,0.945018,2.60779,2.51379,-0.0939943,60.0
1744879063145774.0,-10502.4,6473.27,0.949899,2.45741,2.43519,-0.0222225,60.0
1744879063179849.0,-10502.4,6473.27,0.949899,2.45741,2.48463,0.0272139,60.0
1744879063208053.0,-10504.9,6475.32,0.956173,2.43519,2.37271,-0.0624772,60.0
1744879063241231.0,-10504.9,6475.32,0.956173,2.43519,2.58786,0.152668,60.0
1744879063269782.0,-10507.0,6477.38,0.961748,2.37271,2.51528,0.142573,60.0
1744879063326308.0,-10509.6,6479.43,0.968025,2.58786,2.58842,0.000564338,60.0
1744879063365152.0,-10509.6,6479.43,0.968025,2.58786,2.46061,-0.127251,60.0
1744879063397206.0,-10512.1,6480.8,0.97361,2.58842,2.60049,0.012066,60.0
1744879063430806.0,-10512.1,6480.8,0.97361,2.58842,2.42428,-0.164136,60.0
1744879063460735.0,-10514.2,6482.85,0.97919,2.60049,2.55876,-0.0417246,60.0
1744879063489743.0,-10516.8,6484.22,0.984778,2.42428,2.47433,0.0500489,60.0
1744879063522054.0,-10516.8,6484.22,0.984778,2.42428,2.39348,-0.0308023,60.0
1744879063556302.0,-10518.9,6486.27,0.99036,2.47433,2.38348,-0.0908518,60.0
1744879063588284.0,-10518.9,6486.27,0.99036,2.47433,2.59141,0.117073,60.0
1744879063626035.0,-10521.4,6488.32,0.996645,2.38348,2.44191,0.0584281,60.0
1744879063653326.0,-10524.0,6490.38,1.00293,2.59141,2.52691,-0.0644947,60.0
1744879063681811.0,-10524.0,6490.38,1.00293,2.59141,2.47886,-0.112542,60.0
1744879063714535.0,-10526.1,6491.75,1.00782,2.52691,2.49217,-0.0347413,60.0
1744879063744446.0,-10526.1,6491.75,1.00782,2.52691,2.50232,-0.0245923,60.0
1744879063780088.0,-10528.6,6493.8,1.01411,2.49217,2.37016,-0.12201,60.0
1744879063814849.0,-10528.6,6493.8,1.01411,2.49217,2.51311,0.0209438,60.0
1744879063847548.0,-10531.2,6495.17,1.01971,2.37016,2.41667,0.0465089,60.0
1744879063874552.0,-10533.3,6497.22,1.0253,2.51311,2.56468,0.0515679,60.0
1744879063912285.0,-10533.3,6497.22,1.0253,2.51311,2.49099,-0.0221279,60.0
1744879063981307.0,-10537.9,6500.64,1.03649,2.56468,2.67047,0.105784,60.0
1744879064025747.0,-10537.9,6500.64,1.03649,2.56468,2.49605,-0.0686322,60.0
1744879064064858.0,-10540.5,6502.69,1.04279,2.67047,2.62966,-0.0408016,60.0
1744879064105741.0,-10543.0,6504.75,1.04909,2.49605,2.49777,0.00171936,60.0
1744879064140262.0,-10545.6,6506.11,1.05469,2.62966,2.6088,-0.0208625,60.0
1744879064169200.0,-10545.6,6506.11,1.05469,2.62966,2.60333,-0.0263365,60.0
1744879064201334.0,-10547.7,6508.17,1.06029,2.6088,2.56241,-0.046393,60.0
1744879064229454.0,-10547.7,6508.17,1.06029,2.6088,2.59373,-0.0150753,60.0
1744879064271541.0,-10550.2,6509.54,1.0659,2.56241,2.39872,-0.163692,60.0
1744879064320581.0,-10552.7,6511.59,1.0722,2.59373,2.74116,0.147428,60.0
1744879064354380.0,-10554.9,6513.64,1.0778,2.39872,2.5132,0.114478,60.0
1744879064381974.0,-10554.9,6513.64,1.0778,2.39872,2.31455,-0.0841629,60.0
1744879064411102.0,-10557.4,6515.01,1.08341,2.5132,2.52959,0.0163911,60.0
1744879064446626.0,-10557.4,6515.01,1.08341,2.5132,2.57009,0.0568929,60.0
1744879064478864.0,-10559.9,6517.06,1.08972,2.52959,2.41765,-0.111939,60.0
1744879064506028.0,-10559.9,6517.06,1.08972,2.52959,2.59732,0.0677354,60.0
1744879064538971.0,-10562.5,6518.43,1.09534,2.41765,2.4292,0.0115502,60.0
1744879064589359.0,-10564.6,6520.48,1.10095,2.59732,2.52678,-0.0705414,60.0
1744879064616885.0,-10564.6,6520.48,1.10095,2.59732,2.48159,-0.11573,60.0
1744879064659279.0,-10567.1,6522.54,1.10726,2.52678,2.42166,-0.105121,60.0
1744879064694135.0,-10569.7,6523.91,1.11288,2.42166,2.4934,0.0717374,60.0
1744879064721349.0,-10569.7,6523.91,1.11288,2.42166,2.44313,0.0214715,60.0
1744879064749005.0,-10572.2,6525.96,1.11919,2.4934,2.49195,-0.00144574,60.0
1744879064780203.0,-10572.2,6525.96,1.11919,2.4934,2.36611,-0.127283,60.0
1744879064811248.0,-10574.3,6527.33,1.12411,2.49195,2.44193,-0.050022,60.0
1744879064845998.0,-10574.3,6527.33,1.12411,2.49195,2.37051,-0.121441,60.0
1744879064892033.0,-10576.9,6529.38,1.13043,2.44193,2.43936,-0.00257319,60.0
1744879064929817.0,-10579.4,6530.75,1.13605,2.37051,2.44339,0.0728795,60.0
1744879064958260.0,-10581.5,6532.8,1.14167,2.43936,2.34725,-0.0921031,60.0
1744879065003638.0,-10584.1,6534.85,1.148,2.44339,2.37829,-0.0650993,60.0
1744879065036600.0,-10584.1,6534.85,1.148,2.44339,2.57141,0.12802,60.0
1744879065063671.0,-10586.6,6536.22,1.15362,2.37829,2.42589,0.0476033,60.0
1744879065116960.0,-10588.7,6538.27,1.15925,2.42589,2.41395,-0.0119474,60.0
1744879065150855.0,-10588.7,6538.27,1.15925,2.42589,2.42614,0.000248346,60.0
1744879065212035.0,-10591.3,6540.33,0.165576,2.41395,2.49748,0.0835377,60.0
1744879065242229.0,-10593.4,6541.7,0.170502,2.42614,2.49239,0.0662502,60.0
1744879065292704.0,-10595.9,6543.75,0.176834,2.49748,2.61881,0.121327,60.0
1744879065324812.0,-10595.9,6543.75,0.176834,2.49748,2.45895,-0.0385326,60.0
1744879065353491.0,-10598.5,6545.8,0.183167,2.61881,2.56747,-0.0513386,60.0
1744879065396463.0,-10600.6,6547.85,0.188796,2.56747,2.53967,-0.0278052,60.0
1744879065432102.0,-10600.6,6547.85,0.188796,2.56747,2.43938,-0.128089,60.0
1744879065458896.0,-10603.1,6549.22,0.194433,2.53967,2.44783,-0.0918337,60.0
1744879065506117.0,-10603.1,6549.22,0.194433,2.53967,2.44632,-0.0933488,60.0
1744879065559796.0,-10607.8,6553.33,0.206404,2.44783,2.49664,0.0488096,60.0
1744879065607671.0,-10607.8,6553.33,0.206404,2.44783,2.49081,0.0429786,60.0
1744879065640220.0,-10610.3,6554.7,0.212045,2.49664,2.5661,0.0694587,60.0
1744879065666106.0,-10612.4,6556.75,0.217681,2.49081,2.45027,-0.0405419,60.0
1744879065705317.0,-10612.4,6556.75,0.217681,2.49081,2.4254,-0.0654129,60.0
1744879065737942.0,-10615.0,6558.8,0.224025,2.45027,2.36862,-0.0816507,60.0
1744879065764540.0,-10617.5,6560.17,0.22967,2.36862,2.41814,0.0495251,60.0
1744879065791077.0,-10617.5,6560.17,0.22967,2.36862,2.45883,0.0902161,60.0
1744879065822591.0,-10619.6,6562.22,0.23531,2.41814,2.55508,0.136936,60.0
1744879065854660.0,-10619.6,6562.22,0.23531,2.41814,2.49454,0.0764009,60.0
1744879065880428.0,-10622.2,6564.28,0.241659,2.55508,2.47912,-0.075956,60.0
1744879065918071.0,-10622.2,6564.28,0.241659,2.55508,2.53664,-0.0184434,60.0
1744879065949806.0,-10624.3,6565.65,0.246601,2.47912,2.49718,0.0180515,60.0
1744879065975121.0,-10624.3,6565.65,0.246601,2.47912,2.44063,-0.0384928,60.0
1744879066004259.0,-10626.8,6567.7,0.252952,2.49718,2.39486,-0.102313,60.0
1744879066038304.0,-10626.8,6567.7,0.252952,2.49718,2.45747,-0.0397104,60.0
1744879066082773.0,-10629.4,6569.75,0.259306,2.39486,2.30423,-0.0906333,60.0
1744879066119479.0,-10631.5,6571.12,0.264251,2.45747,2.35798,-0.0994805,60.0
1744879066150731.0,-10631.5,6571.12,0.264251,2.45747,2.49535,0.0378862,60.0
1744879066181533.0,-10634.0,6573.17,0.270607,2.35798,2.41819,0.0602036,60.0
1744879066210163.0,-10634.0,6573.17,0.270607,2.35798,2.46447,0.106481,60.0
1744879066236026.0,-10636.1,6575.22,0.276257,2.41819,2.457,0.0388119,60.0
1744879066265611.0,-10636.1,6575.22,0.276257,2.41819,2.40991,-0.00827546,60.0
1744879066296693.0,-10638.7,6577.28,0.282617,2.457,2.40083,-0.0561679,60.0
1744879066341084.0,-10640.8,6578.65,0.287566,2.40991,2.38735,-0.0225608,60.0
1744879066371544.0,-10640.8,6578.65,0.287566,2.40991,2.30952,-0.100395,60.0
1744879066399347.0,-10643.3,6580.7,0.293929,2.38735,2.51762,0.13027,60.0
1744879066430253.0,-10643.3,6580.7,0.293929,2.38735,2.5381,0.150749,60.0
1744879066457043.0,-10645.4,6582.75,0.299584,2.51762,2.42794,-0.0896819,60.0
1744879066483232.0,-10645.4,6582.75,0.299584,2.51762,2.39807,-0.119553,60.0
1744879066510736.0,-10648.0,6584.8,0.30595,2.42794,2.35459,-0.0733469,60.0
1744879066542444.0,-10648.0,6584.8,0.30595,2.42794,2.3868,-0.0411413,60.0
1744879066571553.0,-10650.1,6586.17,0.310904,2.35459,2.37538,0.0207889,60.0
1744879066605798.0,-10652.6,6588.22,0.317273,2.3868,2.48381,0.0970057,60.0
1744879066633550.0,-10652.6,6588.22,0.317273,2.3868,2.33034,-0.0564543,60.0
1744879066678058.0,-10654.7,6590.28,0.322934,2.4838,2.58914,0.105338,60.0
1744879066728324.0,-10657.3,6592.33,0.329306,2.33035,2.3356,0.00525563,60.0
1744879066761089.0,-10659.4,6593.7,0.334265,2.58914,2.58135,-0.00779391,60.0
1744879066790738.0,-10659.4,6593.7,0.334265,2.58914,2.48347,-0.105671,60.0
1744879066819929.0,-10661.9,6595.75,0.34064,2.58135,2.42327,-0.158075,60.0
1744879066850968.0,-10661.9,6595.75,0.34064,2.58135,2.52531,-0.0560371,60.0
1744879066885654.0,-10664.1,6597.8,0.346306,2.42327,2.46672,0.0434488,60.0
1744879066927081.0,-10664.1,6597.8,0.346306,2.42327,2.38712,-0.036151,60.0
1744879066954903.0,-10666.6,6599.86,0.352684,2.46672,2.40573,-0.060996,60.0
1744879066980987.0,-10666.6,6599.86,0.352684,2.46672,2.50319,0.0364666,60.0
1744879067008808.0,-10668.7,6601.91,0.358353,2.40573,2.48217,0.076444,60.0
1744879067041609.0,-10668.7,6601.91,0.358353,2.40573,2.40768,0.00195486,60.0
1744879067072342.0,-10671.3,6603.28,0.364029,2.48217,2.39565,-0.0865219,60.0
1744879067116249.0,-10671.3,6603.28,0.364029,2.48217,2.46614,-0.0160275,60.0
1744879067139250.0,-10673.4,6605.33,0.3697,2.39565,2.55354,0.157888,60.0
1744879067160149.0,-10673.4,6605.33,0.3697,2.39565,2.26942,-0.126232,60.0
1744879067181154.0,-10675.9,6607.38,0.376085,2.55354,2.62187,0.0683326,60.0
1744879067207995.0,-10675.9,6607.38,0.376085,2.55354,2.475,-0.07854,60.0
1744879067236300.0,-10678.0,6609.43,0.381759,2.62187,2.51057,-0.111299,60.0
1744879067255759.0,-10678.0,6609.43,0.381759,2.62187,2.49504,-0.126827,60.0
1744879067276569.0,-10680.6,6610.8,0.38744,2.51057,2.39497,-0.115598,60.0
1744879067297551.0,-10680.6,6610.8,0.38744,2.51057,2.52828,0.0177124,60.0
1744879067318270.0,-10680.6,6610.8,0.38744,2.51057,2.64338,0.132813,60.0
1744879067339203.0,-10682.7,6612.86,0.393118,2.52828,2.48324,-0.0450407,60.0
1744879067359965.0,-10682.7,6612.86,0.393118,2.52828,2.49188,-0.0364028,60.0
1744879067380697.0,-10685.2,6614.91,0.399508,2.48324,2.58464,0.101397,60.0
1744879067402136.0,-10685.2,6614.91,0.399508,2.48324,2.35329,-0.129951,60.0
1744879067423120.0,-10685.2,6614.91,0.399508,2.48324,2.41943,-0.0638106,60.0
1744879067444090.0,-10687.8,6616.28,0.405193,2.35329,2.48668,0.133386,60.0
1744879067465100.0,-10687.8,6616.28,0.405193,2.35329,2.3315,-0.0217957,60.0
1744879067485943.0,-10689.9,6618.33,0.410874,2.48668,2.57324,0.0865625,60.0
1744879067506735.0,-10689.9,6618.33,0.410874,2.48668,2.46485,-0.0218257,60.0
1744879067527825.0,-10689.9,6618.33,0.410874,2.48668,2.57521,0.0885325,60.0
1744879067548657.0,-10692.4,6620.38,0.417269,2.46485,2.40889,-0.055964,60.0
1744879067569595.0,-10692.4,6620.38,0.417269,2.46485,2.5774,0.112547,60.0
1744879067590509.0,-10694.5,6622.44,0.422954,2.40889,2.50853,0.0996387,60.0
1744879067611630.0,-10694.5,6622.44,0.422954,2.40889,2.46026,0.0513694,60.0
1744879067632543.0,-10697.1,6623.8,0.428644,2.50853,2.51962,0.0110929,60.0
1744879067653537.0,-10697.1,6623.8,0.428644,2.50853,2.48006,-0.0284613,60.0
1744879067674515.0,-10697.1,6623.8,0.428644,2.50853,2.41316,-0.0953692,60.0
1744879067697135.0,-10699.2,6625.86,0.434331,2.48007,2.40287,-0.0771957,60.0
1744879067720207.0,-10699.2,6625.86,0.434331,2.48007,2.43229,-0.0477791,60.0
1744879067743750.0,-10701.7,6627.91,0.440732,2.40287,2.5038,0.100928,60.0
1744879067764748.0,-10701.7,6627.91,0.440732,2.40287,2.39692,-0.00594951,60.0
1744879067785735.0,-10703.8,6629.96,0.446422,2.5038,2.56061,0.0568161,60.0
1744879067806640.0,-10703.8,6629.96,0.446422,2.5038,2.42,-0.0837949,60.0
1744879067827767.0,-10703.8,6629.96,0.446422,2.5038,2.36879,-0.135008,60.0
1744879067848615.0,-10706.4,6631.33,0.452118,2.42,2.48269,0.062691,60.0
1744879067869638.0,-10706.4,6631.33,0.452118,2.42,2.49616,0.0761565,60.0
1744879067890479.0,-10708.5,6633.38,0.45781,2.48269,2.37972,-0.102976,60.0
1744879067911582.0,-10708.5,6633.38,0.45781,2.48269,2.41141,-0.0712784,60.0
1744879067932451.0,-10708.5,6633.38,0.45781,2.48269,2.34972,-0.132975,60.0
1744879067953341.0,-10711.0,6635.44,0.464217,2.41141,2.34143,-0.0699851,60.0
1744879067974221.0,-10711.0,6635.44,0.464217,2.41141,2.3833,-0.0281168,60.0
1744879067997401.0,-10713.2,6637.49,0.469913,2.34143,2.41832,0.0768898,60.0
1744879068025817.0,-10713.2,6637.49,0.469913,2.34143,2.45073,0.109301,60.0
1744879068049210.0,-10715.7,6638.86,0.475614,2.41832,2.31218,-0.106136,60.0
1744879068071410.0,-10715.7,6638.86,0.475614,2.41832,2.41695,-0.00137287,60.0
1744879068095645.0,-10717.8,6640.91,0.481312,2.31218,2.37801,0.0658228,60.0
1744879068134436.0,-10717.8,6640.91,0.481312,2.31218,2.35785,0.0456658,60.0
1744879068159943.0,-10720.3,6642.96,0.487725,2.37801,2.48665,0.10864,60.0
1744879068185354.0,-10720.3,6642.96,0.487725,2.37801,2.51698,0.138972,60.0
1744879068212095.0,-10722.5,6645.01,0.493426,2.48665,2.54021,0.0535655,60.0
1744879068243545.0,-10725.0,6647.07,0.499842,2.51698,2.63886,0.121879,60.0
1744879068270788.0,-10725.0,6647.07,0.499842,2.51698,2.51435,-0.00262904,60.0
1744879068297732.0,-10727.1,6648.44,0.504836,2.63886,2.54375,-0.0951121,60.0
1744879068322856.0,-10727.1,6648.44,0.504836,2.63886,2.57273,-0.0661285,60.0
1744879068351524.0,-10729.7,6650.49,0.511255,2.54375,2.51292,-0.0308217,60.0
1744879068378188.0,-10729.7,6650.49,0.511255,2.54375,2.41387,-0.129874,60.0
1744879068409471.0,-10729.7,6650.49,0.511255,2.54375,2.44016,-0.103584,60.0
1744879068447404.0,-10731.8,6652.54,0.516962,2.41387,2.47251,0.0586377,60.0
1744879068473613.0,-10734.3,6654.59,0.523384,2.44016,2.42119,-0.0189723,60.0
1744879068496994.0,-10734.3,6654.59,0.523384,2.44016,2.50488,0.0647199,60.0
1744879068520651.0,-10734.3,6654.59,0.523384,2.44016,2.48065,0.0404849,60.0
1744879068547178.0,-10736.4,6655.96,0.528382,2.50488,2.4951,-0.00977961,60.0
1744879068574562.0,-10739.0,6658.02,0.534808,2.4951,2.40989,-0.0852145,60.0
1744879068605932.0,-10739.0,6658.02,0.534808,2.4951,2.5664,0.0712975,60.0
1744879068632216.0,-10741.1,6660.07,0.54052,2.40989,2.45564,0.0457568,60.0
1744879068655325.0,-10741.1,6660.07,0.54052,2.40989,2.48099,0.0711079,60.0
1744879068678774.0,-10743.6,6662.12,0.546949,2.45564,2.34097,-0.114672,60.0
1744879068702971.0,-10743.6,6662.12,0.546949,2.45564,2.43694,-0.0186993,60.0
1744879068728224.0,-10745.7,6663.49,0.551951,2.34097,2.37584,0.0348655,60.0
1744879068754360.0,-10745.7,6663.49,0.551951,2.34097,2.2915,-0.0494736,60.0
1744879068780402.0,-10748.3,6665.54,0.558383,2.37584,2.38164,0.00580501,60.0
1744879068814951.0,-10748.3,6665.54,0.558383,2.37584,2.50321,0.127373,60.0
1744879068873749.0,-10750.4,6667.59,0.564101,2.38164,2.53793,0.156285,60.0
1744879068900682.0,-10752.9,6669.65,0.570536,2.50321,2.41128,-0.0919253,60.0
1744879068937072.0,-10752.9,6669.65,0.570536,2.50321,2.38787,-0.115336,60.0
1744879068964620.0,-10755.1,6671.7,0.576256,2.41128,2.50106,0.089773,60.0
1744879068991892.0,-10755.1,6671.7,0.576256,2.41128,2.5013,0.0900146,60.0
1744879069019374.0,-10757.6,6673.07,0.581981,2.50106,2.34913,-0.151929,60.0
1744879069050759.0,-10757.6,6673.07,0.581981,2.50106,2.37128,-0.129778,60.0
1744879069087846.0,-10759.7,6675.12,0.587704,2.34913,2.28596,-0.0631646,60.0
1744879069145770.0,-10761.8,6677.17,0.593428,2.37128,2.49828,0.127003,60.0
1744879069208035.0,-10764.4,6679.23,0.599871,2.28596,2.31742,0.0314532,60.0
1744879069250005.0,-10766.5,6681.28,0.605598,2.49828,2.44384,-0.0544466,60.0
1744879069290315.0,-10769.0,6683.33,0.612044,2.31742,2.39032,0.0729058,60.0
1744879069318945.0,-10769.0,6683.33,0.612044,2.31742,2.38606,0.0686385,60.0
1744879069370520.0,-10771.1,6685.38,0.617774,2.39032,2.44848,0.0581555,60.0
1744879069396874.0,-10773.3,6686.75,0.622791,2.38606,2.24521,-0.14085,60.0
1744879069439803.0,-10775.8,6688.8,0.629241,2.44848,2.45207,0.003595,60.0
1744879069471897.0,-10775.8,6688.8,0.629241,2.44848,2.54419,0.095716,60.0
1744879069523688.0,-10777.9,6690.86,0.634975,2.45207,2.46652,0.014448,60.0
1744879069550064.0,-10780.0,6692.91,0.64071,2.54419,2.66056,0.116364,60.0
1744879069595177.0,-10782.6,6694.96,0.647165,2.46652,2.61142,0.144902,60.0
1744879069620609.0,-10782.6,6694.96,0.647165,2.46652,2.5614,0.0948756,60.0
1744879069657839.0,-10784.7,6697.01,0.652904,2.61142,2.58663,-0.024791,60.0
1744879069685572.0,-10784.7,6697.01,0.652904,2.61142,2.50319,-0.108235,60.0
1744879069718124.0,-10787.2,6698.38,0.658646,2.58663,2.50796,-0.078677,60.0
1744879069758259.0,-10787.2,6698.38,0.658646,2.58663,2.54053,-0.0461026,60.0
1744879069785868.0,-10789.3,6700.44,0.664387,2.50796,2.49087,-0.0170874,60.0
1744879069815458.0,-10791.9,6702.49,0.670848,2.54053,2.60141,0.0608757,60.0
1744879069874954.0,-10791.9,6702.49,0.670848,2.54053,2.4074,-0.133126,60.0
1744879069911960.0,-10794.0,6704.54,0.676592,2.60141,2.459,-0.14241,60.0
1744879069943166.0,-10796.5,6706.59,0.683056,2.4074,2.3818,-0.0256052,60.0
1744879069992340.0,-10798.6,6707.96,0.688086,2.459,2.52546,0.0664616,60.0
1744879070020578.0,-10798.6,6707.96,0.688086,2.459,2.33188,-0.127115,60.0
1744879070050214.0,-10801.2,6710.02,0.694553,2.52546,2.62326,0.0977996,60.0
1744879070090839.0,-10803.3,6712.07,0.700302,2.33188,2.41424,0.0823556,60.0
1744879070130980.0,-10803.3,6712.07,0.700302,2.33188,2.48662,0.154743,60.0
1744879070177231.0,-10805.8,6714.12,0.706773,2.41424,2.42815,0.0139089,60.0
1744879070215127.0,-10808.0,6715.49,0.711807,2.48662,2.56331,0.0766817,60.0
1744879070247414.0,-10810.5,6717.54,0.718281,2.42815,2.54044,0.112294,60.0
1744879070294263.0,-10812.6,6719.59,0.724036,2.54044,2.43634,-0.104105,60.0
1744879070342171.0,-10812.6,6719.59,0.724036,2.54044,2.46554,-0.0749008,60.0
1744879070386472.0,-10815.2,6721.65,0.730512,2.43634,2.56304,0.126709,60.0
1744879070413926.0,-10817.3,6723.02,0.735551,2.46554,2.41235,-0.0531852,60.0
1744879070444568.0,-10817.3,6723.02,0.735551,2.46554,2.42918,-0.0363637,60.0
1744879070476812.0,-10819.8,6725.07,0.742031,2.41235,2.30146,-0.110897,60.0
1744879070511931.0,-10819.8,6725.07,0.742031,2.41235,2.44072,0.0283667,60.0
1744879070542717.0,-10821.9,6727.12,0.747791,2.30146,2.34556,0.0440992,60.0
1744879070588024.0,-10824.5,6729.17,0.754274,2.44072,2.49266,0.0519407,60.0
1744879070620294.0,-10824.5,6729.17,0.754274,2.44072,2.48088,0.0401587,60.0
1744879070646500.0,-10826.6,6730.54,0.759318,2.49266,2.34855,-0.144113,60.0
1744879070679466.0,-10826.6,6730.54,0.759318,2.49266,2.54224,0.0495735,60.0
1744879070709209.0,-10829.1,6732.6,0.765804,2.34855,2.36344,0.0148892,60.0
1744879070749427.0,-10831.2,6734.65,0.771569,2.54223,2.56187,0.0196302,60.0
1744879070784664.0,-10831.2,6734.65,0.771569,2.54223,2.41731,-0.124925,60.0
1744879070816386.0,-10833.8,6736.7,0.778058,2.56187,2.52899,-0.0328719,60.0
1744879070857553.0,-10835.9,6738.75,0.783827,2.41731,2.53577,0.118463,60.0
1744879070885130.0,-10835.9,6738.75,0.783827,2.41731,2.38496,-0.032351,60.0
1744879070917357.0,-10838.0,6740.12,0.788877,2.53577,2.56241,0.0266352,60.0
1744879070947119.0,-10838.0,6740.12,0.788877,2.53577,2.42441,-0.111358,60.0
1744879070997702.0,-10840.5,6742.17,0.79537,2.56241,2.41789,-0.144515,60.0
1744879071029433.0,-10843.1,6744.23,0.801865,2.42441,2.41465,-0.00976535,60.0
1744879071067704.0,-10843.1,6744.23,0.801865,2.42441,2.50373,0.0793147,60.0
1744879071099566.0,-10845.2,6746.28,0.807639,2.41465,2.42465,0.00999608,60.0
1744879071133488.0,-10845.2,6746.28,0.807639,2.41465,2.55853,0.14388,60.0
1744879071161822.0,-10847.7,6747.65,0.813416,2.42465,2.58614,0.161496,60.0
1744879071191139.0,-10847.7,6747.65,0.813416,2.42465,2.55125,0.1266,60.0
1744879071224858.0,-10849.9,6749.7,0.819193,2.58614,2.6003,0.0141577,60.0
1744879071254497.0,-10849.9,6749.7,0.819193,2.58614,2.49676,-0.0893778,60.0
1744879071280894.0,-10852.4,6751.75,0.825694,2.6003,2.47026,-0.130042,60.0
1744879071310948.0,-10852.4,6751.75,0.825694,2.6003,2.55389,-0.0464049,60.0
1744879071343957.0,-10854.5,6753.81,0.831474,2.47026,2.49937,0.0291092,60.0
1744879071371235.0,-10854.5,6753.81,0.831474,2.47026,2.47648,0.00622309,60.0
1744879071401165.0,-10857.1,6755.18,0.837256,2.49937,2.35374,-0.145622,60.0
1744879071437546.0,-10857.1,6755.18,0.837256,2.49937,2.39036,-0.109003,60.0
1744879071474048.0,-10859.2,6757.23,0.843039,2.35374,2.30697,-0.0467713,60.0
1744879071512308.0,-10861.7,6759.28,0.849546,2.39036,2.44392,0.0535557,60.0
1744879071543319.0,-10861.7,6759.28,0.849546,2.39036,2.34476,-0.0456072,60.0
1744879071571733.0,-10863.8,6761.33,0.855331,2.44392,2.45418,0.0102595,60.0
1744879071620031.0,-10866.4,6762.7,0.861119,2.34476,2.42405,0.079294,60.0
1744879071651595.0,-10866.4,6762.7,0.861119,2.34476,2.27802,-0.0667319,60.0
1744879071680580.0,-10868.5,6764.75,0.866907,2.42405,2.28381,-0.140235,60.0
1744879071708786.0,-10868.5,6764.75,0.866907,2.42405,2.45775,0.0337041,60.0
1744879071737398.0,-10871.0,6766.81,0.87342,2.28381,2.34216,0.0583477,60.0
1744879071781565.0,-10873.1,6768.86,0.879211,2.45775,2.39876,-0.0589952,60.0
1744879071832812.0,-10875.7,6770.91,0.885728,2.34216,2.36141,0.0192468,60.0
1744879071878416.0,-10875.7,6770.91,0.885728,2.34216,2.47414,0.131979,60.0
1744879071912815.0,-10877.8,6772.28,0.890798,2.36141,2.36088,-0.000525046,60.0
1744879071960685.0,-10879.9,6774.33,0.896592,2.47414,2.38375,-0.0903863,60.0
1744879072000648.0,-10882.4,6776.39,0.903113,2.36088,2.46999,0.109102,60.0
1744879072032296.0,-10882.4,6776.39,0.903113,2.36088,2.41872,0.0578347,60.0
1744879072064376.0,-10884.6,6778.44,0.908911,2.46999,2.40806,-0.0619286,60.0
1744879072092444.0,-10884.6,6778.44,0.908911,2.46999,2.45624,-0.0137468,60.0
1744879072138885.0,-10887.1,6780.49,0.915435,2.40806,2.37883,-0.029231,60.0
1744879072170546.0,-10889.2,6782.54,0.921236,2.45624,2.53921,0.0829759,60.0
1744879072221094.0,-10891.3,6783.91,0.926313,2.37883,2.41129,0.032461,60.0
1744879072261095.0,-10891.3,6783.91,0.926313,2.37883,2.48023,0.101406,60.0
1744879072289627.0,-10893.9,6785.97,0.932841,2.41129,2.44119,0.0298983,60.0
1744879072345912.0,-10893.9,6785.97,0.932841,2.41129,2.31603,-0.0952606,60.0
1744879072378542.0,-10896.0,6788.02,0.938646,2.44119,2.4719,0.0307155,60.0
1744879072407185.0,-10898.5,6790.07,0.945178,2.31603,2.4692,0.153172,60.0
1744879072434991.0,-10898.5,6790.07,0.945178,2.31603,2.38619,0.0701629,60.0
1744879072461947.0,-10900.6,6792.12,0.950985,2.4692,2.4792,0.00999758,60.0
1744879072496777.0,-10900.6,6792.12,0.950985,2.4692,2.58857,0.119376,60.0
1744879072523942.0,-10902.8,6794.18,0.956794,2.4792,2.60872,0.129527,60.0
1744879072550179.0,-10902.8,6794.18,0.956794,2.4792,2.57225,0.0930526,60.0
1744879072579038.0,-10905.3,6796.23,0.963331,2.60872,2.51965,-0.0890732,60.0
1744879072627043.0,-10907.4,6797.6,0.968416,2.51965,2.3839,-0.135745,60.0
1744879072655760.0,-10907.4,6797.6,0.968416,2.51965,2.44914,-0.0705101,60.0
1744879072681111.0,-10910.0,6799.65,0.974955,2.3839,2.48774,0.103835,60.0
1744879072709885.0,-10910.0,6799.65,0.974955,2.3839,2.33511,-0.0487928,60.0
1744879072762772.0,-10912.1,6801.7,0.98077,2.48774,2.59975,0.112009,60.0
1744879072795444.0,-10914.2,6803.75,0.986585,2.33511,2.26653,-0.0685797,60.0
1744879072827081.0,-10914.2,6803.75,0.986585,2.33511,2.39614,0.061026,60.0
1744879072855540.0,-10916.7,6805.81,0.993129,2.26653,2.35001,0.0834764,60.0
1744879072902607.0,-10918.8,6807.86,0.998948,2.39614,2.37047,-0.0256709,60.0
1744879072929013.0,-10918.8,6807.86,0.998948,2.39614,2.55249,0.156353,60.0
1744879072957957.0,-10921.0,6809.23,1.00404,2.37047,2.37387,0.00340095,60.0
1744879072984056.0,-10921.0,6809.23,1.00404,2.37047,2.36655,-0.00391731,60.0
1744879073025554.0,-10923.5,6811.28,1.01059,2.37387,2.43738,0.0635089,60.0
1744879073082042.0,-10925.6,6813.33,1.01641,2.36655,2.47705,0.1105,60.0
1744879073114900.0,-10925.6,6813.33,1.01641,2.36655,2.46089,0.0943452,60.0
1744879073170281.0,-10927.7,6815.39,1.02224,2.47705,2.40042,-0.0766279,60.0
1744879073198533.0,-10930.3,6817.44,1.02879,2.46089,2.41575,-0.0451404,60.0
1744879073264889.0,-10932.4,6819.49,1.03462,2.40042,2.51247,0.112051,60.0
1744879073306239.0,-10934.5,6821.54,1.04044,2.41575,2.49027,0.0745139,60.0
1744879073335100.0,-10934.5,6821.54,1.04044,2.41575,2.53091,0.115153,60.0
1744879073364777.0,-10937.0,6823.6,1.047,2.49027,2.45195,-0.0383169,60.0
1744879073396709.0,-10939.2,6825.65,1.05283,2.53091,2.52599,-0.00491884,60.0
1744879073429147.0,-10939.2,6825.65,1.05283,2.53091,2.49495,-0.0359551,60.0
1744879073459700.0,-10941.7,6827.02,1.05866,2.52599,2.54771,0.0217201,60.0
1744879073489991.0,-10941.7,6827.02,1.05866,2.52599,2.43291,-0.0930769,60.0
1744879073523429.0,-10943.8,6829.07,1.0645,2.54771,2.4539,-0.0938095,60.0
1744879073588876.0,-10945.9,6831.12,1.07033,2.43291,2.52549,0.092577,60.0
1744879073645702.0,-10948.5,6833.18,1.0769,2.4539,2.49106,0.0371627,60.0
1744879073704631.0,-10948.5,6833.18,1.0769,2.4539,2.50295,0.0490463,60.0
1744879073735028.0,-10950.6,6835.23,1.08274,2.49106,2.52412,0.033057,60.0
1744879073774253.0,-10953.1,6837.28,1.08931,2.50295,2.35194,-0.151002,60.0
1744879073804677.0,-10953.1,6837.28,1.08931,2.50295,2.54477,0.0418213,60.0
1744879073833729.0,-10955.2,6838.65,1.09441,2.35194,2.25419,-0.0977585,60.0
1744879073874376.0,-10955.2,6838.65,1.09441,2.35194,2.4043,0.0523553,60.0
1744879073918016.0,-10957.8,6840.7,1.10099,2.25419,2.41639,0.162205,60.0
1744879073960775.0,-10959.9,6842.76,1.10683,2.4043,2.54464,0.140339,60.0
1744879073999267.0,-10962.0,6844.81,1.11267,2.41639,2.32115,-0.0952381,60.0
1744879074050108.0,-10962.0,6844.81,1.11267,2.41639,2.48143,0.0650358,60.0
1744879074083722.0,-10964.5,6846.86,1.11925,2.32115,2.40282,0.0816676,60.0
1744879074127699.0,-10966.7,6848.91,1.1251,2.48143,2.54046,0.059039,60.0
1744879074184465.0,-10968.8,6850.28,1.13022,2.40282,2.35438,-0.0484436,60.0
1744879074220667.0,-10971.3,6852.33,1.1368,2.54046,2.49635,-0.0441148,60.0
1744879074250692.0,-10971.3,6852.33,1.1368,2.54046,2.41371,-0.126754,60.0
1744879074279014.0,-10973.4,6854.39,1.14265,2.49635,2.59316,0.0968103,60.0
1744879074304482.0,-10973.4,6854.39,1.14265,2.49635,2.51698,0.0206324,60.0
1744879074325356.0,-10976.0,6856.44,1.14923,2.59316,2.61456,0.0214038,60.0
1744879074346164.0,-10976.0,6856.44,1.14923,2.59316,2.47557,-0.11759,60.0
1744879074367016.0,-10978.1,6858.49,1.15509,2.61456,2.47012,-0.144439,60.0
1744879074388277.0,-10978.1,6858.49,1.15509,2.61456,2.52711,-0.0874498,60.0
1744879074409563.0,-10978.1,6858.49,1.15509,2.61456,2.65382,0.039255,60.0
1744879074432902.0,-10980.6,6860.55,0.161677,2.52711,2.45758,-0.0695348,60.0
1744879074454079.0,-10980.6,6860.55,0.161677,2.52711,2.58445,0.0573328,60.0
1744879074488465.0,-10982.7,6861.92,0.166801,2.45758,2.43295,-0.0246339,60.0
1744879074511424.0,-10982.7,6861.92,0.166801,2.45758,2.58178,0.124197,60.0
1744879074541501.0,-10984.9,6863.97,0.172659,2.43295,2.35452,-0.0784227,60.0
1744879074566719.0,-10987.4,6866.02,0.179251,2.58178,2.42862,-0.153157,60.0
1744879074592951.0,-10987.4,6866.02,0.179251,2.58178,2.47352,-0.108253,60.0
1744879074616374.0,-10989.5,6868.07,0.185112,2.42862,2.28853,-0.140094,60.0
1744879074638953.0,-10989.5,6868.07,0.185112,2.42862,2.42406,-0.00455611,60.0
1744879074660821.0,-10989.5,6868.07,0.185112,2.42862,2.56214,0.13352,60.0
1744879074688295.0,-10992.1,6869.44,0.190973,2.42406,2.3973,-0.0267647,60.0
1744879074709325.0,-10992.1,6869.44,0.190973,2.42406,2.46715,0.0430831,60.0
1744879074730520.0,-10994.2,6871.49,0.196837,2.3973,2.51653,0.119227,60.0
1744879074758267.0,-10994.2,6871.49,0.196837,2.3973,2.42861,0.0313152,60.0
1744879074783121.0,-10996.7,6873.55,0.203435,2.51653,2.59746,0.0809376,60.0
1744879074807109.0,-10996.7,6873.55,0.203435,2.51653,2.51825,0.00172681,60.0
1744879074828393.0,-10998.8,6875.6,0.209302,2.59746,2.61641,0.0189444,60.0
1744879074852802.0,-10998.8,6875.6,0.209302,2.59746,2.5039,-0.0935657,60.0
1744879074874561.0,-11001.4,6876.97,0.215168,2.61641,2.59339,-0.0230163,60.0
1744879074905601.0,-11001.4,6876.97,0.215168,2.61641,2.61189,-0.00452053,60.0
1744879074932097.0,-11003.9,6879.02,0.221771,2.59339,2.64342,0.0500256,60.0
1744879074959093.0,-11003.9,6879.02,0.221771,2.59339,2.44335,-0.150039,60.0
1744879074987055.0,-11006.0,6881.07,0.227642,2.64342,2.53112,-0.112299,60.0
1744879075012012.0,-11006.0,6881.07,0.227642,2.64342,2.65861,0.015192,60.0
1744879075037468.0,-11008.6,6883.13,0.234247,2.53112,2.50393,-0.0271873,60.0
1744879075061748.0,-11008.6,6883.13,0.234247,2.53112,2.38233,-0.148788,60.0
1744879075086630.0,-11010.7,6884.5,0.239385,2.50393,2.46455,-0.0393819,60.0
1744879075111065.0,-11010.7,6884.5,0.239385,2.50393,2.60112,0.0971943,60.0
1744879075134977.0,-11013.2,6886.55,0.245994,2.46455,2.34772,-0.116831,60.0
1744879075158530.0,-11013.2,6886.55,0.245994,2.46455,2.48734,0.0227933,60.0
1744879075194570.0,-11015.8,6888.6,0.252604,2.34772,2.47163,0.12391,60.0
1744879075221980.0,-11015.8,6888.6,0.252604,2.34772,2.3335,-0.0142177,60.0
1744879075263671.0,-11017.9,6889.97,0.257746,2.47163,2.57237,0.100744,60.0
1744879075295271.0,-11020.4,6892.02,0.26436,2.3335,2.47734,0.143844,60.0
1744879075320341.0,-11020.4,6892.02,0.26436,2.3335,2.40325,0.0697524,60.0
1744879075346957.0,-11022.5,6894.08,0.27024,2.47734,2.54171,0.0643693,60.0
1744879075387553.0,-11025.1,6895.45,0.27612,2.40325,2.47793,0.0746816,60.0
1744879075442738.0,-11027.6,6897.5,0.282738,2.54171,2.4914,-0.0503088,60.0
1744879075475093.0,-11027.6,6897.5,0.282738,2.54171,2.65776,0.116044,60.0
1744879075500805.0,-11029.7,6899.55,0.288623,2.4914,2.32971,-0.161698,60.0
1744879075538801.0,-11029.7,6899.55,0.288623,2.4914,2.43552,-0.0558879,60.0
1744879075565914.0,-11032.3,6901.6,0.295244,2.32971,2.40815,0.0784409,60.0
1744879075619848.0,-11032.3,6901.6,0.295244,2.32971,2.32975,4.50996e-05,60.0
1744879075652312.0,-11034.4,6902.97,0.300394,2.40815,2.28445,-0.123696,60.0
1744879075679626.0,-11036.9,6905.02,0.307018,2.32975,2.37723,0.047484,60.0
1744879075711300.0,-11036.9,6905.02,0.307018,2.32975,2.43555,0.105794,60.0
1744879075739038.0,-11039.0,6907.08,0.312908,2.37724,2.47832,0.101084,60.0
1744879075791327.0,-11041.6,6909.13,0.319535,2.43554,2.45522,0.0196776,60.0
1744879075830444.0,-11041.6,6909.13,0.319535,2.43554,2.59057,0.155027,60.0
1744879075857717.0,-11043.7,6910.5,0.32469,2.45522,2.34841,-0.106817,60.0
1744879075884229.0,-11043.7,6910.5,0.32469,2.45522,2.52097,0.06575,60.0
1744879075914519.0,-11046.2,6912.55,0.33132,2.34841,2.34815,-0.000251959,60.0
1744879075967080.0,-11046.2,6912.55,0.33132,2.34841,2.42444,0.0760378,60.0
1744879076004120.0,-11048.3,6914.6,0.337216,2.34815,2.50497,0.156812,60.0
1744879076032152.0,-11050.9,6916.66,0.34385,2.42444,2.33273,-0.0917113,60.0
1744879076064828.0,-11050.9,6916.66,0.34385,2.42444,2.39022,-0.0342195,60.0
1744879076090308.0,-11053.0,6918.71,0.349748,2.33273,2.45285,0.120114,60.0
1744879076116307.0,-11053.0,6918.71,0.349748,2.33273,2.24627,-0.0864667,60.0
1744879076156510.0,-11055.1,6920.08,0.354909,2.45285,2.30468,-0.148163,60.0
1744879076190130.0,-11057.7,6922.13,0.361547,2.24627,2.37386,0.127596,60.0
1744879076251621.0,-11057.7,6922.13,0.361547,2.24627,2.32512,0.0788498,60.0
1744879076306291.0,-11061.9,6926.24,0.373354,2.37386,2.50791,0.134047,60.0
1744879076364958.0,-11064.4,6928.29,0.379996,2.32512,2.33844,0.0133298,60.0
1744879076388929.0,-11064.4,6928.29,0.379996,2.32512,2.47758,0.152468,60.0
1744879076419237.0,-11066.5,6930.34,0.385903,2.33845,2.38822,0.0497777,60.0
1744879076440391.0,-11066.5,6930.34,0.385903,2.33845,2.31663,-0.0218183,60.0
1744879076461118.0,-11066.5,6930.34,0.385903,2.33845,2.39242,0.0539763,60.0
1744879076482107.0,-11068.7,6932.39,0.391812,2.31663,2.25352,-0.0631088,60.0
1744879076502969.0,-11068.7,6932.39,0.391812,2.31663,2.43622,0.11959,60.0
1744879076523786.0,-11071.2,6934.45,0.398459,2.25352,2.33069,0.0771714,60.0
1744879076544792.0,-11071.2,6934.45,0.398459,2.25352,2.22657,-0.0269484,60.0
1744879076565457.0,-11071.2,6934.45,0.398459,2.25352,2.31913,0.0656103,60.0
1744879076586187.0,-11073.3,6936.5,0.40437,2.22657,2.26699,0.0404223,60.0
1744879076606914.0,-11073.3,6936.5,0.40437,2.22657,2.22282,-0.00374806,60.0
1744879076627658.0,-11075.4,6938.55,0.410283,2.26699,2.38445,0.117454,60.0
1744879076648399.0,-11075.4,6938.55,0.410283,2.26699,2.27084,0.0038471,60.0
1744879076669157.0,-11075.4,6938.55,0.410283,2.26699,2.37606,0.109066,60.0
1744879076689877.0,-11077.5,6940.6,0.416197,2.27084,2.37434,0.103499,60.0
1744879076710529.0,-11077.5,6940.6,0.416197,2.27084,2.24423,-0.0266099,60.0
1744879076731436.0,-11079.7,6942.66,0.422112,2.37434,2.43154,0.0571975,60.0
1744879076752176.0,-11079.7,6942.66,0.422112,2.37434,2.45674,0.0823992,60.0
1744879076773044.0,-11079.7,6942.66,0.422112,2.37434,2.50312,0.128779,60.0
1744879076793828.0,-11081.8,6944.71,0.428029,2.45674,2.50324,0.0464996,60.0
1744879076814731.0,-11081.8,6944.71,0.428029,2.45674,2.46933,0.0125924,60.0
1744879076835311.0,-11084.3,6946.76,0.434685,2.50324,2.51003,0.0067902,60.0
1744879076856012.0,-11084.3,6946.76,0.434685,2.50324,2.45665,-0.0465826,60.0
1744879076876721.0,-11086.4,6948.82,0.440605,2.51003,2.38674,-0.123288,60.0
1744879076897365.0,-11086.4,6948.82,0.440605,2.51003,2.46819,-0.0418333,60.0
1744879076918105.0,-11086.4,6948.82,0.440605,2.51003,2.60419,0.0941648,60.0
1744879076938990.0,-11088.5,6950.87,0.446526,2.46819,2.43692,-0.0312709,60.0
1744879076959601.0,-11088.5,6950.87,0.446526,2.46819,2.54197,0.0737797,60.0
1744879076980777.0,-11090.7,6952.92,0.452448,2.43692,2.5905,0.153574,60.0
1744879077001546.0,-11090.7,6952.92,0.452448,2.43692,2.47286,0.035936,60.0
1744879077022059.0,-11090.7,6952.92,0.452448,2.43692,2.4986,0.0616747,60.0
1744879077043346.0,-11092.8,6954.97,0.458372,2.47286,2.34884,-0.12402,60.0
1744879077064019.0,-11092.8,6954.97,0.458372,2.47286,2.31196,-0.160903,60.0
1744879077084900.0,-11095.3,6957.03,0.465036,2.34884,2.50606,0.157218,60.0
1744879077105821.0,-11095.3,6957.03,0.465036,2.34884,2.46288,0.114044,60.0
1744879077126327.0,-11095.3,6957.03,0.465036,2.34884,2.42586,0.0770162,60.0
1744879077147176.0,-11097.4,6958.39,0.470219,2.46288,2.40261,-0.0602684,60.0
1744879077168243.0,-11097.4,6958.39,0.470219,2.46288,2.49575,0.0328668,60.0
1744879077188965.0,-11099.5,6960.45,0.476147,2.40261,2.55027,0.147652,60.0
1744879077209586.0,-11099.5,6960.45,0.476147,2.40261,2.37845,-0.024164,60.0
1744879077230232.0,-11102.1,6962.5,0.482815,2.55027,2.49477,-0.0555001,60.0
1744879077250894.0,-11102.1,6962.5,0.482815,2.55027,2.4584,-0.0918711,60.0
1744879077272155.0,-11102.1,6962.5,0.482815,2.55027,2.4338,-0.116467,60.0
1744879077292962.0,-11104.2,6964.55,0.488746,2.4584,2.33343,-0.124964,60.0
1744879077313810.0,-11104.2,6964.55,0.488746,2.4584,2.43413,-0.024262,60.0
1744879077334561.0,-11106.3,6966.6,0.494678,2.33343,2.30349,-0.029939,60.0
1744879077355173.0,-11106.3,6966.6,0.494678,2.33343,2.4938,0.160365,60.0
1744879077375900.0,-11106.3,6966.6,0.494678,2.33343,2.42113,0.0876968,60.0
1744879077396541.0,-11108.4,6968.66,0.500611,2.4938,2.40932,-0.0844782,60.0
1744879077417298.0,-11108.4,6968.66,0.500611,2.4938,2.59297,0.0991733,60.0
1744879077437987.0,-11111.0,6970.71,0.507286,2.40932,2.56574,0.156421,60.0
1744879077458625.0,-11111.0,6970.71,0.507286,2.40932,2.43657,0.0272501,60.0
1744879077479651.0,-11111.0,6970.71,0.507286,2.40932,2.34388,-0.0654342,60.0
1744879077499849.0,-11113.1,6972.76,0.513222,2.43657,2.51828,0.081709,60.0
1744879077520716.0,-11113.1,6972.76,0.513222,2.43657,2.35872,-0.0778493,60.0
1744879077541331.0,-11115.2,6974.82,0.519159,2.51828,2.45989,-0.0583864,60.0
1744879077561945.0,-11115.2,6974.82,0.519159,2.51828,2.54443,0.0261551,60.0
1744879077582620.0,-11115.2,6974.82,0.519159,2.51828,2.45508,-0.0631958,60.0
1744879077603224.0,-11117.7,6976.87,0.525839,2.54443,2.47114,-0.0732881,60.0
1744879077623965.0,-11117.7,6976.87,0.525839,2.54443,2.38901,-0.15542,60.0
1744879077644655.0,-11119.9,6978.92,0.531779,2.47114,2.62248,0.151337,60.0
1744879077665211.0,-11119.9,6978.92,0.531779,2.47114,2.48528,0.0141394,60.0
1744879077686248.0,-11122.0,6980.29,0.536975,2.62248,2.61869,-0.00379019,60.0
1744879077706789.0,-11122.0,6980.29,0.536975,2.62248,2.61903,-0.00345321,60.0
1744879077727439.0,-11122.0,6980.29,0.536975,2.62248,2.55402,-0.0684595,60.0
1744879077747980.0,-11124.5,6982.34,0.543659,2.61903,2.46584,-0.153189,60.0
1744879077768801.0,-11124.5,6982.34,0.543659,2.61903,2.56695,-0.0520756,60.0
1744879077789675.0,-11126.6,6984.39,0.549603,2.46584,2.33376,-0.132084,60.0
1744879077810246.0,-11126.6,6984.39,0.549603,2.46584,2.47056,0.00471573,60.0
1744879077830976.0,-11126.6,6984.39,0.549603,2.46584,2.45471,-0.0111279,60.0
1744879077851659.0,-11129.2,6986.45,0.55629,2.47056,2.38572,-0.0848323,60.0
1744879077872093.0,-11129.2,6986.45,0.55629,2.47056,2.32417,-0.14639,60.0
1744879077893175.0,-11131.3,6988.5,0.562238,2.38572,2.5176,0.13188,60.0
1744879077913538.0,-11131.3,6988.5,0.562238,2.38572,2.41095,0.0252236,60.0
1744879077934265.0,-11131.3,6988.5,0.562238,2.38572,2.37848,-0.00724614,60.0
1744879077954929.0,-11133.8,6989.87,0.568181,2.41095,2.31676,-0.09419,60.0
1744879077975906.0,-11133.8,6989.87,0.568181,2.41095,2.44756,0.0366097,60.0
1744879077996456.0,-11135.9,6991.92,0.574131,2.31676,2.38186,0.0651013,60.0
1744879078017039.0,-11135.9,6991.92,0.574131,2.31676,2.36774,0.0509825,60.0
1744879078037818.0,-11135.9,6991.92,0.574131,2.31676,2.31286,-0.00389355,60.0
1744879078058480.0,-11138.1,6993.97,0.580082,2.36774,2.3399,-0.027842,60.0
1744879078079153.0,-11138.1,6993.97,0.580082,2.36774,2.42287,0.0551314,60.0
1744879078099896.0,-11140.6,6996.03,0.586777,2.3399,2.44384,0.103941,60.0
1744879078120483.0,-11140.6,6996.03,0.586777,2.3399,2.38134,0.0414476,60.0
1744879078141137.0,-11142.7,6998.08,0.592731,2.44384,2.39053,-0.0533072,60.0
1744879078161779.0,-11142.7,6998.08,0.592731,2.44384,2.49652,0.0526863,60.0
1744879078182417.0,-11142.7,6998.08,0.592731,2.44384,2.53967,0.0958347,60.0
1744879078203253.0,-11145.3,7000.13,0.599429,2.49652,2.51186,0.0153313,60.0
1744879078224299.0,-11145.3,7000.13,0.599429,2.49652,2.55476,0.0582335,60.0
1744879078245261.0,-11147.4,7002.19,0.605386,2.51186,2.5146,0.00274059,60.0
1744879078266273.0,-11147.4,7002.19,0.605386,2.51186,2.48491,-0.0269451,60.0
1744879078287025.0,-11147.4,7002.19,0.605386,2.51186,2.49968,-0.0121745,60.0
1744879078308114.0,-11149.5,7003.55,0.610596,2.48491,2.39408,-0.0908318,60.0
1744879078328623.0,-11149.5,7003.55,0.610596,2.48491,2.56085,0.0759404,60.0
1744879078349274.0,-11152.0,7005.61,0.617298,2.39408,2.36329,-0.0307925,60.0
1744879078370105.0,-11152.0,7005.61,0.617298,2.39408,2.42229,0.0282137,60.0
1744879078390942.0,-11152.0,7005.61,0.617298,2.39408,2.31581,-0.0782728,60.0
1744879078411751.0,-11154.1,7007.66,0.623259,2.42229,2.47553,0.0532377,60.0
1744879078432358.0,-11154.1,7007.66,0.623259,2.42229,2.51598,0.0936877,60.0
1744879078453122.0,-11156.7,7009.71,0.629965,2.47553,2.62917,0.153636,60.0
1744879078473811.0,-11156.7,7009.71,0.629965,2.47553,2.42938,-0.0461515,60.0
1744879078494486.0,-11156.7,7009.71,0.629965,2.47553,2.59083,0.115297,60.0
1744879078515215.0,-11158.8,7011.77,0.635929,2.42938,2.37018,-0.0591953,60.0
1744879078535895.0,-11158.8,7011.77,0.635929,2.42938,2.51619,0.086815,60.0
1744879078556553.0,-11160.9,7013.82,0.641894,2.37018,2.44616,0.0759796,60.0
1744879078577208.0,-11160.9,7013.82,0.641894,2.37018,2.41371,0.0435227,60.0
1744879078598012.0,-11163.5,7015.19,0.647854,2.44616,2.4811,0.0349395,60.0
1744879078618633.0,-11163.5,7015.19,0.647854,2.44616,2.59793,0.151766,60.0
1744879078639152.0,-11163.5,7015.19,0.647854,2.44616,2.37319,-0.0729694,60.0
1744879078659676.0,-11165.6,7017.24,0.653822,2.59793,2.55053,-0.0474037,60.0
1744879078680511.0,-11165.6,7017.24,0.653822,2.59793,2.43517,-0.162758,60.0
1744879078701044.0,-11168.1,7019.29,0.660535,2.55053,2.42665,-0.123876,60.0
1744879078721667.0,-11168.1,7019.29,0.660535,2.55053,2.40593,-0.144596,60.0
1744879078742244.0,-11168.1,7019.29,0.660535,2.55053,2.46357,-0.0869536,60.0
1744879078762866.0,-11170.2,7021.35,0.666506,2.40593,2.55446,0.14853,60.0
1744879078783954.0,-11170.2,7021.35,0.666506,2.40593,2.39167,-0.0142617,60.0
1744879078804551.0,-11172.3,7023.4,0.672478,2.55446,2.47833,-0.0761322,60.0
1744879078825198.0,-11172.3,7023.4,0.672478,2.55446,2.58004,0.0255802,60.0
1744879078845705.0,-11172.3,7023.4,0.672478,2.55446,2.45954,-0.0949191,60.0
1744879078866310.0,-11174.9,7024.77,0.678445,2.58004,2.5173,-0.0627421,60.0
1744879078887200.0,-11174.9,7024.77,0.678445,2.58004,2.42107,-0.158967,60.0
1744879078908002.0,-11177.0,7026.82,0.68442,2.5173,2.4019,-0.115395,60.0
1744879078928825.0,-11177.0,7026.82,0.68442,2.5173,2.43774,-0.079555,60.0
1744879078949730.0,-11177.0,7026.82,0.68442,2.5173,2.36643,-0.150867,60.0
1744879078970623.0,-11179.5,7028.87,0.691141,2.43774,2.52655,0.0888123,60.0
1744879078991561.0,-11179.5,7028.87,0.691141,2.43774,2.31405,-0.123694,60.0
1744879079012123.0,-11181.6,7030.92,0.697119,2.52655,2.51237,-0.0141801,60.0
1744879079032816.0,-11181.6,7030.92,0.697119,2.52655,2.49933,-0.0272209,60.0
1744879079053600.0,-11184.2,7032.98,0.703843,2.51237,2.49104,-0.0213386,60.0
1744879079084329.0,-11184.2,7032.98,0.703843,2.51237,2.57821,0.0658391,60.0
1744879079105204.0,-11186.7,7034.35,0.709817,2.49104,2.65236,0.161323,60.0
1744879079125870.0,-11186.7,7034.35,0.709817,2.49104,2.65388,0.162846,60.0
1744879079146556.0,-11186.7,7034.35,0.709817,2.49104,2.45335,-0.0376868,60.0
1744879079167274.0,-11188.8,7036.4,0.715798,2.65388,2.60958,-0.0442992,60.0
1744879079188006.0,-11188.8,7036.4,0.715798,2.65388,2.67869,0.0248127,60.0
1744879079209063.0,-11191.4,7038.45,0.722527,2.60958,2.58156,-0.0280194,60.0
1744879079229442.0,-11191.4,7038.45,0.722527,2.60958,2.60595,-0.00363177,60.0
1744879079250177.0,-11191.4,7038.45,0.722527,2.60958,2.53537,-0.0742139,60.0
1744879079271153.0,-11193.5,7039.82,0.727759,2.60595,2.47556,-0.130386,60.0
1744879079292030.0,-11193.5,7039.82,0.727759,2.60595,2.46616,-0.139791,60.0
1744879079312686.0,-11196.0,7041.87,0.734491,2.47556,2.42852,-0.0470403,60.0
1744879079333623.0,-11196.0,7041.87,0.734491,2.47556,2.45049,-0.0250708,60.0
1744879079353817.0,-11196.0,7041.87,0.734491,2.47556,2.56509,0.0895218,60.0
1744879079374597.0,-11198.6,7043.93,0.741224,2.45049,2.50974,0.0592439,60.0
1744879079395462.0,-11198.6,7043.93,0.741224,2.45049,2.50981,0.0593205,60.0
1744879079416078.0,-11200.7,7045.3,0.74646,2.50974,2.45468,-0.0550592,60.0
1744879079436729.0,-11200.7,7045.3,0.74646,2.50974,2.46481,-0.0449264,60.0
1744879079457545.0,-11203.2,7047.35,0.753196,2.45468,2.47842,0.0237411,60.0
1744879079478519.0,-11203.2,7047.35,0.753196,2.45468,2.35057,-0.104109,60.0
1744879079499373.0,-11203.2,7047.35,0.753196,2.45468,2.48777,0.033091,60.0
1744879079520390.0,-11205.4,7049.4,0.759188,2.35057,2.37821,0.0276405,60.0
1744879079541278.0,-11205.4,7049.4,0.759188,2.35057,2.46989,0.119323,60.0
1744879079562004.0,-11207.9,7050.77,0.765174,2.37821,2.50385,0.125645,60.0
1744879079582702.0,-11207.9,7050.77,0.765174,2.37821,2.40586,0.0276474,60.0
1744879079603735.0,-11207.9,7050.77,0.765174,2.37821,2.4534,0.0751872,60.0
1744879079624528.0,-11210.4,7052.82,0.771914,2.40586,2.54191,0.136053,60.0
1744879079645256.0,-11210.4,7052.82,0.771914,2.40586,2.49385,0.0879913,60.0
1744879079666045.0,-11212.5,7054.88,0.77791,2.54191,2.46726,-0.0746532,60.0
1744879079686721.0,-11212.5,7054.88,0.77791,2.54191,2.39314,-0.148767,60.0
1744879079707431.0,-11212.5,7054.88,0.77791,2.54191,2.56667,0.0247635,60.0
1744879079728386.0,-11215.1,7056.93,0.784654,2.39314,2.55547,0.162323,60.0
1744879079748868.0,-11215.1,7056.93,0.784654,2.39314,2.36838,-0.0247674,60.0
1744879079770115.0,-11217.2,7058.3,0.789898,2.55547,2.41764,-0.137825,60.0
1744879079791250.0,-11217.2,7058.3,0.789898,2.55547,2.53921,-0.0162596,60.0
1744879079811990.0,-11219.7,7060.35,0.796645,2.53921,2.5465,0.00728893,60.0
1744879079832697.0,-11219.7,7060.35,0.796645,2.53921,2.4873,-0.0519071,60.0
1744879079853367.0,-11219.7,7060.35,0.796645,2.53921,2.48937,-0.0498348,60.0
1744879079874200.0,-11221.9,7062.4,0.802646,2.4873,2.45144,-0.0358586,60.0
1744879079895051.0,-11221.9,7062.4,0.802646,2.4873,2.58383,0.0965303,60.0
1744879079916196.0,-11224.4,7063.77,0.808642,2.45144,2.39202,-0.0594177,60.0
1744879079937264.0,-11224.4,7063.77,0.808642,2.45144,2.45557,0.00412674,60.0
1744879079958013.0,-11224.4,7063.77,0.808642,2.45144,2.3099,-0.141536,60.0
1744879079978301.0,-11226.5,7065.83,0.814646,2.45557,2.37055,-0.0850225,60.0
1744879079999149.0,-11226.5,7065.83,0.814646,2.45557,2.30749,-0.148075,60.0
1744879080019932.0,-11229.1,7067.88,0.821399,2.37055,2.2976,-0.0729444,60.0
1744879080040673.0,-11229.1,7067.88,0.821399,2.37055,2.43786,0.0673138,60.0
1744879080061462.0,-11229.1,7067.88,0.821399,2.37055,2.42197,0.0514235,60.0
1744879080082081.0,-11231.6,7069.93,0.828153,2.43786,2.38712,-0.0507437,60.0
1744879080103066.0,-11231.6,7069.93,0.828153,2.43786,2.51585,0.0779875,60.0
1744879080123761.0,-11233.7,7071.3,0.833406,2.38712,2.50293,0.115812,60.0
1744879080144349.0,-11233.7,7071.3,0.833406,2.38712,2.52453,0.13741,60.0
1744879080165216.0,-11233.7,7071.3,0.833406,2.38712,2.34736,-0.0397535,60.0
1744879080185854.0,-11236.2,7073.35,0.840164,2.52453,2.45353,-0.0709957,60.0
1744879080206464.0,-11236.2,7073.35,0.840164,2.52453,2.59406,0.069537,60.0
1744879080227133.0,-11238.4,7075.41,0.846174,2.45353,2.29617,-0.157364,60.0
1744879080247879.0,-11238.4,7075.41,0.846174,2.45353,2.53858,0.0850514,60.0
1744879080268524.0,-11240.9,7077.46,0.852935,2.29617,2.29631,0.000147454,60.0
1744879080289534.0,-11240.9,7077.46,0.852935,2.29617,2.42975,0.133588,60.0
1744879080310260.0,-11240.9,7077.46,0.852935,2.29617,2.31818,0.0220125,60.0
1744879080330894.0,-11243.0,7078.83,0.858193,2.42975,2.43738,0.00762805,60.0
1744879080351805.0,-11243.0,7078.83,0.858193,2.42975,2.4443,0.0145444,60.0
1744879080372845.0,-11245.6,7080.88,0.864956,2.43738,2.37647,-0.0609148,60.0
1744879080393555.0,-11245.6,7080.88,0.864956,2.43738,2.28703,-0.150352,60.0
1744879080414304.0,-11245.6,7080.88,0.864956,2.43738,2.33145,-0.105927,60.0
1744879080435214.0,-11247.7,7082.93,0.870973,2.28703,2.42767,0.140645,60.0
1744879080455784.0,-11247.7,7082.93,0.870973,2.28703,2.34266,0.0556262,60.0
1744879080476277.0,-11250.2,7084.99,0.87774,2.42767,2.27096,-0.156709,60.0
1744879080496924.0,-11250.2,7084.99,0.87774,2.42767,2.40763,-0.0200404,60.0
1744879080517722.0,-11250.2,7084.99,0.87774,2.42767,2.51505,0.0873786,60.0
1744879080538489.0,-11252.3,7087.04,0.883759,2.40763,2.51425,0.106614,60.0
1744879080559067.0,-11252.3,7087.04,0.883759,2.40763,2.55831,0.150678,60.0
1744879080579800.0,-11254.9,7088.41,0.889772,2.51425,2.58157,0.0673261,60.0
1744879080600428.0,-11254.9,7088.41,0.889772,2.51425,2.43824,-0.0760105,60.0
1744879080621167.0,-11254.9,7088.41,0.889772,2.51425,2.41414,-0.100105,60.0
1744879080641875.0,-11257.0,7090.46,0.895794,2.43824,2.38022,-0.0580217,60.0
1744879080662539.0,-11257.0,7090.46,0.895794,2.43824,2.4488,0.0105586,60.0
1744879080683199.0,-11259.1,7092.51,0.901817,2.38022,2.3793,-0.00091595,60.0
1744879080704026.0,-11259.1,7092.51,0.901817,2.38022,2.52948,0.14926,60.0
1744879080724698.0,-11261.6,7094.57,0.908592,2.3793,2.34446,-0.0348394,60.0
1744879080745489.0,-11261.6,7094.57,0.908592,2.3793,2.442,0.0626992,60.0
1744879080766260.0,-11261.6,7094.57,0.908592,2.3793,2.52897,0.149671,60.0
1744879080787058.0,-11263.8,7096.62,0.914618,2.442,2.41068,-0.0313138,60.0
1744879080808104.0,-11263.8,7096.62,0.914618,2.442,2.34797,-0.0940293,60.0
1744879080828743.0,-11266.3,7097.99,0.920637,2.41068,2.49303,0.0823421,60.0
1744879080849696.0,-11266.3,7097.99,0.920637,2.41068,2.45356,0.0428717,60.0
1744879080870553.0,-11266.3,7097.99,0.920637,2.41068,2.25228,-0.1584,60.0
1744879080891369.0,-11268.4,7100.04,0.926666,2.45356,2.33851,-0.115048,60.0
1744879080913377.0,-11268.4,7100.04,0.926666,2.45356,2.58944,0.135884,60.0
1744879080933908.0,-11270.5,7102.09,0.932696,2.33851,2.31961,-0.0189017,60.0
1744879080954641.0,-11270.5,7102.09,0.932696,2.33851,2.46543,0.126917,60.0
1744879080975161.0,-11270.5,7102.09,0.932696,2.33851,2.41058,0.0720739,60.0
1744879080995808.0,-11273.1,7104.15,0.939478,2.46543,2.5421,0.0766746,60.0
1744879081016529.0,-11273.1,7104.15,0.939478,2.46543,2.39459,-0.0708377,60.0
1744879081037407.0,-11275.2,7106.2,0.945511,2.5421,2.47202,-0.0700815,60.0
1744879081058076.0,-11275.2,7106.2,0.945511,2.5421,2.38902,-0.153085,60.0
1744879081078949.0,-11277.7,7108.25,0.952297,2.47202,2.4867,0.014682,60.0
1744879081099707.0,-11277.7,7108.25,0.952297,2.47202,2.35221,-0.11981,60.0
1744879081120491.0,-11277.7,7108.25,0.952297,2.47202,2.31448,-0.157542,60.0
1744879081141168.0,-11279.8,7109.62,0.957573,2.35221,2.3915,0.0392939,60.0
1744879081162206.0,-11279.8,7109.62,0.957573,2.35221,2.44435,0.092141,60.0
1744879081182902.0,-11282.4,7111.67,0.964361,2.3915,2.46627,0.0747708,60.0
1744879081203722.0,-11282.4,7111.67,0.964361,2.3915,2.53755,0.146049,60.0
1744879081224389.0,-11282.4,7111.67,0.964361,2.3915,2.54054,0.149039,60.0
1744879081245168.0,-11284.5,7113.73,0.9704,2.53755,2.49381,-0.0437443,60.0
1744879081265966.0,-11284.5,7113.73,0.9704,2.53755,2.39364,-0.143907,60.0
1744879081286762.0,-11286.6,7115.78,0.97644,2.49381,2.44279,-0.0510119,60.0
1744879081307595.0,-11286.6,7115.78,0.97644,2.49381,2.57908,0.0852742,60.0
1744879081328301.0,-11286.6,7115.78,0.97644,2.49381,2.60223,0.108422,60.0
1744879081349494.0,-11289.1,7117.83,0.983233,2.57908,2.46744,-0.111643,60.0
1744879081370278.0,-11289.1,7117.83,0.983233,2.57908,2.43433,-0.144755,60.0
1744879081391124.0,-11291.3,7119.2,0.988515,2.46744,2.40338,-0.0640612,60.0
1744879081411939.0,-11291.3,7119.2,0.988515,2.46744,2.58664,0.119207,60.0
1744879081433089.0,-11291.3,7119.2,0.988515,2.46744,2.34807,-0.119369,60.0
1744879081453625.0,-11293.8,7121.25,0.995311,2.58664,2.52894,-0.0577067,60.0
1744879081474421.0,-11293.8,7121.25,0.995311,2.58664,2.57233,-0.014316,60.0
1744879081495029.0,-11295.9,7123.31,1.00136,2.52894,2.52281,-0.00612938,60.0
1744879081516007.0,-11295.9,7123.31,1.00136,2.52894,2.42862,-0.100322,60.0
1744879081536473.0,-11298.5,7125.36,1.00816,2.52281,2.48981,-0.0330014,60.0
1744879081557151.0,-11298.5,7125.36,1.00816,2.52281,2.55284,0.0300323,60.0
1744879081577875.0,-11298.5,7125.36,1.00816,2.52281,2.42348,-0.0993316,60.0
1744879081598581.0,-11300.6,7126.73,1.01344,2.55284,2.48535,-0.0674948,60.0
1744879081619560.0,-11300.6,7126.73,1.01344,2.55284,2.50375,-0.0490921,60.0
1744879081640069.0,-11303.1,7128.78,1.02024,2.48535,2.37002,-0.115326,60.0
1744879081660711.0,-11303.1,7128.78,1.02024,2.48535,2.6017,0.116357,60.0
1744879081681717.0,-11303.1,7128.78,1.02024,2.48535,2.35728,-0.128061,60.0
1744879081702086.0,-11305.2,7130.83,1.0263,2.6017,2.56762,-0.0340796,60.0
1744879081722910.0,-11305.2,7130.83,1.0263,2.6017,2.62328,0.0215728,60.0
1744879081744020.0,-11307.8,7132.89,1.0331,2.56762,2.63647,0.0688472,60.0
1744879081764847.0,-11307.8,7132.89,1.0331,2.56762,2.46056,-0.107067,60.0
1744879081787884.0,-11310.3,7134.26,1.03915,2.63647,2.48655,-0.149919,60.0
1744879081809473.0,-11310.3,7134.26,1.03915,2.63647,2.49918,-0.137286,60.0
1744879081830141.0,-11310.3,7134.26,1.03915,2.63647,2.60797,-0.0284967,60.0
1744879081851522.0,-11312.4,7136.31,1.0452,2.49918,2.54776,0.0485743,60.0
1744879081872428.0,-11312.4,7136.31,1.0452,2.49918,2.52382,0.0246339,60.0
1744879081892875.0,-11315.0,7138.36,1.05201,2.54776,2.40565,-0.142106,60.0
1744879081914131.0,-11315.0,7138.36,1.05201,2.54776,2.48693,-0.0608327,60.0
1744879081935212.0,-11315.0,7138.36,1.05201,2.54776,2.44598,-0.101775,60.0
1744879081955787.0,-11317.5,7139.73,1.05806,2.48693,2.56569,0.0787665,60.0
1744879081976544.0,-11317.5,7139.73,1.05806,2.48693,2.51939,0.0324657,60.0
1744879081997241.0,-11319.6,7141.78,1.06412,2.56569,2.49122,-0.0744745,60.0
1744879082018344.0,-11319.6,7141.78,1.06412,2.56569,2.47562,-0.0900727,60.0
1744879082038914.0,-11319.6,7141.78,1.06412,2.56569,2.56636,0.000671103,60.0
1744879082060210.0,-11322.2,7143.84,1.07093,2.47562,2.49855,0.0229265,60.0
1744879082080726.0,-11322.2,7143.84,1.07093,2.47562,2.34924,-0.126382,60.0
1744879082101637.0,-11324.7,7145.21,1.07699,2.49855,2.52943,0.0308875,60.0
1744879082122238.0,-11324.7,7145.21,1.07699,2.49855,2.39547,-0.103078,60.0
1744879082143075.0,-11326.8,7147.26,1.08305,2.52943,2.62709,0.0976532,60.0
1744879082164667.0,-11326.8,7147.26,1.08305,2.52943,2.65499,0.125558,60.0
1744879082185203.0,-11326.8,7147.26,1.08305,2.52943,2.37834,-0.151095,60.0
1744879082206064.0,-11329.4,7148.63,1.0891,2.65499,2.55991,-0.0950836,60.0
1744879082227659.0,-11329.4,7148.63,1.0891,2.65499,2.61018,-0.0448106,60.0
1744879082248531.0,-11331.9,7150.68,1.09593,2.55991,2.53227,-0.0276335,60.0
1744879082269676.0,-11331.9,7150.68,1.09593,2.55991,2.58114,0.0212354,60.0
1744879082291083.0,-11331.9,7150.68,1.09593,2.55991,2.56218,0.00227222,60.0
1744879082311784.0,-11334.0,7152.73,1.10199,2.58114,2.4868,-0.0943477,60.0
1744879082332871.0,-11334.0,7152.73,1.10199,2.58114,2.49687,-0.0842725,60.0
1744879082353275.0,-11336.5,7154.1,1.10805,2.4868,2.47958,-0.00722093,60.0
1744879082374757.0,-11336.5,7154.1,1.10805,2.4868,2.43202,-0.0547802,60.0
1744879082395406.0,-11339.1,7156.16,1.11488,2.47958,2.53374,0.0541692,60.0
1744879082416069.0,-11339.1,7156.16,1.11488,2.47958,2.32122,-0.15836,60.0
1744879082436776.0,-11339.1,7156.16,1.11488,2.47958,2.45551,-0.0240634,60.0
1744879082457792.0,-11341.2,7157.52,1.12018,2.32122,2.46882,0.147602,60.0
1744879082478632.0,-11341.2,7157.52,1.12018,2.32122,2.44513,0.12391,60.0
1744879082499470.0,-11343.7,7159.58,1.12701,2.46882,2.49654,0.027726,60.0
1744879082520397.0,-11343.7,7159.58,1.12701,2.46882,2.34621,-0.122611,60.0
1744879082541264.0,-11343.7,7159.58,1.12701,2.46882,2.36589,-0.102931,60.0
1744879082561951.0,-11346.3,7161.63,1.13384,2.34621,2.50293,0.156719,60.0
1744879082582529.0,-11346.3,7161.63,1.13384,2.34621,2.50142,0.155216,60.0
1744879082603198.0,-11348.4,7163.0,1.13915,2.50293,2.37841,-0.124512,60.0
1744879082623808.0,-11348.4,7163.0,1.13915,2.50293,2.66358,0.160655,60.0
1744879082645023.0,-11348.4,7163.0,1.13915,2.50293,2.60999,0.107066,60.0
1744879082665805.0,-11350.9,7165.05,1.14599,2.66358,2.5401,-0.123476,60.0
1744879082686706.0,-11350.9,7165.05,1.14599,2.66358,2.69907,0.0354931,60.0
1744879082707558.0,-11353.5,7167.11,1.15282,2.5401,2.61274,0.0726339,60.0
1744879082728131.0,-11353.5,7167.11,1.15282,2.5401,2.43605,-0.104053,60.0
1744879082748763.0,-11355.6,7168.47,1.15813,2.43605,2.56086,0.124806,60.0
1744879082769546.0,-11355.6,7168.47,1.15813,2.43605,2.41229,-0.0237655,60.0
1744879082790629.0,-11355.6,7168.47,1.15813,2.43605,2.56701,0.130957,60.0
1744879082812571.0,-11358.1,7170.53,0.164975,2.41229,2.40608,-0.0062083,60.0
1744879082833468.0,-11358.1,7170.53,0.164975,2.41229,2.47788,0.0655964,60.0
1744879082854129.0,-11360.7,7172.58,0.171814,2.40608,2.44127,0.0351902,60.0
1744879082874905.0,-11360.7,7172.58,0.171814,2.40608,2.5244,0.118326,60.0
1744879082895698.0,-11360.7,7172.58,0.171814,2.40608,2.55111,0.14503,60.0
1744879082916228.0,-11362.8,7173.95,0.177132,2.5244,2.44268,-0.0817264,60.0
1744879082938573.0,-11362.8,7173.95,0.177132,2.5244,2.4314,-0.0930076,60.0
1744879082959338.0,-11365.3,7176.0,0.183974,2.44268,2.57935,0.136675,60.0
1744879082980200.0,-11365.3,7176.0,0.183974,2.44268,2.44157,-0.00110402,60.0
1744879083000479.0,-11365.3,7176.0,0.183974,2.44268,2.40285,-0.0398279,60.0
1744879083021264.0,-11367.9,7178.06,0.190818,2.44157,2.4026,-0.0389771,60.0
1744879083042085.0,-11367.9,7178.06,0.190818,2.44157,2.47295,0.0313802,60.0
1744879083062669.0,-11370.0,7179.43,0.196139,2.4026,2.30805,-0.0945439,60.0
1744879083083601.0,-11370.0,7179.43,0.196139,2.4026,2.39896,-0.00363698,60.0
1744879083104012.0,-11372.5,7181.48,0.202986,2.30805,2.32819,0.0201398,60.0
1744879083125120.0,-11372.5,7181.48,0.202986,2.30805,2.42614,0.118088,60.0
1744879083146069.0,-11372.5,7181.48,0.202986,2.30805,2.41392,0.105863,60.0
1744879083166752.0,-11374.6,7183.53,0.209077,2.42614,2.44324,0.0171035,60.0
1744879083187517.0,-11374.6,7183.53,0.209077,2.42614,2.51836,0.0922183,60.0
1744879083208035.0,-11377.2,7184.9,0.215159,2.44324,2.40458,-0.0386607,60.0
1744879083228909.0,-11377.2,7184.9,0.215159,2.44324,2.4936,0.0503573,60.0
1744879083250040.0,-11377.2,7184.9,0.215159,2.44324,2.4525,0.00925529,60.0
1744879083270739.0,-11379.7,7186.95,0.22201,2.4936,2.45329,-0.0403141,60.0
1744879083291517.0,-11379.7,7186.95,0.22201,2.4936,2.55148,0.0578792,60.0
1744879083312532.0,-11381.8,7189.01,0.228106,2.45329,2.51397,0.060684,60.0
1744879083333408.0,-11381.8,7189.01,0.228106,2.45329,2.30398,-0.14931,60.0
1744879083354081.0,-11381.8,7189.01,0.228106,2.45329,2.57137,0.118087,60.0
1744879083375030.0,-11384.4,7191.06,0.23496,2.30398,2.43044,0.126462,60.0
1744879083395815.0,-11384.4,7191.06,0.23496,2.30398,2.40195,0.0979777,60.0
1744879083416735.0,-11386.5,7192.43,0.24029,2.43044,2.3746,-0.0558361,60.0
1744879083437798.0,-11386.5,7192.43,0.24029,2.43044,2.36084,-0.0696007,60.0
1744879083458290.0,-11386.5,7192.43,0.24029,2.43044,2.46725,0.0368088,60.0
1744879083479559.0,-11389.0,7194.48,0.247147,2.36084,2.41718,0.0563399,60.0
1744879083500026.0,-11389.0,7194.48,0.247147,2.36084,2.31705,-0.0437855,60.0
1744879083520975.0,-11391.1,7196.53,0.253248,2.41718,2.54254,0.125367,60.0
1744879083541738.0,-11391.1,7196.53,0.253248,2.41718,2.34731,-0.0698696,60.0
1744879083562495.0,-11393.7,7198.59,0.260109,2.54254,2.58438,0.0418391,60.0
1744879083583348.0,-11393.7,7198.59,0.260109,2.54254,2.44121,-0.101338,60.0
1744879083603928.0,-11393.7,7198.59,0.260109,2.54254,2.52112,-0.0214221,60.0
1744879083625196.0,-11395.8,7199.96,0.265443,2.44121,2.46022,0.0190124,60.0
1744879083645966.0,-11395.8,7199.96,0.265443,2.44121,2.43167,-0.00953184,60.0
1744879083666816.0,-11398.3,7202.01,0.272307,2.46022,2.44049,-0.0197277,60.0
1744879083687639.0,-11398.3,7202.01,0.272307,2.46022,2.43869,-0.0215272,60.0
1744879083708158.0,-11398.3,7202.01,0.272307,2.46022,2.50365,0.0434297,60.0
1744879083728900.0,-11400.5,7204.06,0.278413,2.43869,2.57284,0.134153,60.0
1744879083750033.0,-11400.5,7204.06,0.278413,2.43869,2.33683,-0.10186,60.0
1744879083770517.0,-11403.0,7206.11,0.28528,2.57284,2.58923,0.0163827,60.0
1744879083791533.0,-11403.0,7206.11,0.28528,2.57284,2.61972,0.0468725,60.0
1744879083812619.0,-11403.0,7206.11,0.28528,2.57284,2.484,-0.0888409,60.0
1744879083832931.0,-11405.1,7207.48,0.290618,2.61972,2.55724,-0.0624808,60.0
1744879083853855.0,-11405.1,7207.48,0.290618,2.61972,2.55928,-0.0604401,60.0
1744879083874575.0,-11407.6,7209.54,0.297488,2.55724,2.41463,-0.142608,60.0
1744879083895345.0,-11407.6,7209.54,0.297488,2.55724,2.58793,0.0306934,60.0
1744879083916126.0,-11409.8,7211.59,0.3036,2.41463,2.30417,-0.110458,60.0
1744879083936831.0,-11409.8,7211.59,0.3036,2.41463,2.49848,0.0838512,60.0
1744879083957685.0,-11409.8,7211.59,0.3036,2.41463,2.43918,0.0245501,60.0
1744879083978335.0,-11412.3,7213.64,0.310473,2.49848,2.56184,0.0633631,60.0
1744879083999386.0,-11412.3,7213.64,0.310473,2.49848,2.37574,-0.122738,60.0
1744879084020448.0,-11414.4,7215.01,0.315817,2.56184,2.66272,0.10088,60.0
1744879084041019.0,-11414.4,7215.01,0.315817,2.56184,2.5754,0.0135633,60.0
1744879084062093.0,-11414.4,7215.01,0.315817,2.56184,2.44226,-0.119585,60.0
1744879084082778.0,-11417.0,7217.06,0.322693,2.5754,2.5229,-0.0525063,60.0
1744879084103643.0,-11417.0,7217.06,0.322693,2.5754,2.53546,-0.0399434,60.0
1744879084124277.0,-11419.5,7219.12,0.32957,2.5229,2.42032,-0.102579,60.0
1744879084145099.0,-11419.5,7219.12,0.32957,2.5229,2.48421,-0.0386898,60.0
1744879084165879.0,-11419.5,7219.12,0.32957,2.5229,2.44386,-0.0790393,60.0
1744879084186321.0,-11421.6,7220.49,0.334917,2.48421,2.39626,-0.0879531,60.0
1744879084207304.0,-11421.6,7220.49,0.334917,2.48421,2.3453,-0.138905,60.0
1744879084228386.0,-11424.2,7222.54,0.341798,2.39626,2.55657,0.160318,60.0
1744879084248912.0,-11424.2,7222.54,0.341798,2.39626,2.28955,-0.106708,60.0
1744879084270346.0,-11426.3,7224.59,0.347919,2.55657,2.49366,-0.0629107,60.0
1744879084291322.0,-11426.3,7224.59,0.347919,2.55657,2.46569,-0.0908842,60.0
1744879084311904.0,-11426.3,7224.59,0.347919,2.55657,2.50951,-0.0470648,60.0
1744879084332552.0,-11428.8,7225.96,0.354031,2.46569,2.34029,-0.125402,60.0
1744879084353364.0,-11428.8,7225.96,0.354031,2.46569,2.41395,-0.051737,60.0
1744879084374551.0,-11431.3,7228.01,0.360917,2.34029,2.38316,0.0428698,60.0
1744879084395932.0,-11431.3,7228.01,0.360917,2.34029,2.50196,0.16167,60.0
1744879084417717.0,-11431.3,7228.01,0.360917,2.34029,2.40912,0.0688378,60.0
1744879084438132.0,-11433.5,7230.07,0.367042,2.50196,2.38645,-0.115504,60.0
1744879084459946.0,-11433.5,7230.07,0.367042,2.50196,2.45888,-0.0430767,60.0
1744879084480653.0,-11436.0,7231.44,0.373158,2.38645,2.46073,0.0742809,60.0
1744879084501424.0,-11436.0,7231.44,0.373158,2.38645,2.35091,-0.0355397,60.0
1744879084522332.0,-11436.0,7231.44,0.373158,2.38645,2.47754,0.0910851,60.0
1744879084544430.0,-11438.1,7233.49,0.379286,2.35091,2.40898,0.0580661,60.0
1744879084564634.0,-11438.1,7233.49,0.379286,2.35091,2.38547,0.034559,60.0
1744879084585074.0,-11440.7,7235.54,0.386177,2.40898,2.46699,0.0580143,60.0
1744879084605757.0,-11440.7,7235.54,0.386177,2.40898,2.46284,0.0538585,60.0
1744879084627024.0,-11442.8,7237.6,0.392308,2.46699,2.46389,-0.00310671,60.0
1744879084647894.0,-11442.8,7237.6,0.392308,2.46699,2.49027,0.0232778,60.0
1744879084668566.0,-11442.8,7237.6,0.392308,2.46699,2.48867,0.0216789,60.0
1744879084689296.0,-11445.3,7238.96,0.398429,2.49027,2.49238,0.0021064,60.0
1744879084710390.0,-11445.3,7238.96,0.398429,2.49027,2.59431,0.104041,60.0
1744879084731111.0,-11447.4,7241.02,0.404563,2.49238,2.52593,0.0335555,60.0
1744879084752371.0,-11447.4,7241.02,0.404563,2.49238,2.44565,-0.0467231,60.0
1744879084772482.0,-11447.4,7241.02,0.404563,2.49238,2.52235,0.029973,60.0
1744879084793644.0,-11450.0,7243.07,0.411461,2.44565,2.3156,-0.130056,60.0
1744879084814945.0,-11450.0,7243.07,0.411461,2.44565,2.44545,-0.000204642,60.0
1744879084835373.0,-11452.1,7245.12,0.417597,2.3156,2.32094,0.00534501,60.0
1744879084856553.0,-11452.1,7245.12,0.417597,2.3156,2.43402,0.118417,60.0
1744879084877025.0,-11452.1,7245.12,0.417597,2.3156,2.31021,-0.00539358,60.0
1744879084897949.0,-11454.6,7246.49,0.423723,2.43402,2.57545,0.141434,60.0
1744879084918574.0,-11454.6,7246.49,0.423723,2.43402,2.59448,0.160462,60.0
1744879084939747.0,-11456.7,7248.54,0.429863,2.57545,2.42785,-0.147599,60.0
1744879084960322.0,-11456.7,7248.54,0.429863,2.57545,2.53378,-0.0416682,60.0
1744879084981208.0,-11459.3,7250.6,0.436766,2.42785,2.51103,0.0831835,60.0
1744879085001854.0,-11459.3,7250.6,0.436766,2.42785,2.40944,-0.0184098,60.0
1744879085022670.0,-11459.3,7250.6,0.436766,2.42785,2.42204,-0.00580989,60.0
1744879085043408.0,-11461.4,7252.65,0.442908,2.40944,2.37797,-0.0314708,60.0
1744879085064771.0,-11461.4,7252.65,0.442908,2.40944,2.51063,0.10119,60.0
1744879085087782.0,-11463.9,7254.7,0.449815,2.37797,2.51196,0.133989,60.0
1744879085108044.0,-11463.9,7254.7,0.449815,2.37797,2.40486,0.0268921,60.0
1744879085129229.0,-11463.9,7254.7,0.449815,2.37797,2.51796,0.139991,60.0
1744879085149787.0,-11466.1,7256.07,0.455185,2.40486,2.3333,-0.0715591,60.0
1744879085170326.0,-11466.1,7256.07,0.455185,2.40486,2.51857,0.113705,60.0
1744879085191117.0,-11468.6,7258.13,0.462095,2.3333,2.40788,0.0745788,60.0
1744879085211960.0,-11468.6,7258.13,0.462095,2.3333,2.49264,0.15934,60.0
1744879085234337.0,-11470.7,7260.18,0.468242,2.40788,2.39655,-0.0113273,60.0
1744879085254940.0,-11470.7,7260.18,0.468242,2.40788,2.36045,-0.0474335,60.0
1744879085275760.0,-11470.7,7260.18,0.468242,2.40788,2.28585,-0.122029,60.0
1744879085296332.0,-11473.2,7262.23,0.475155,2.36045,2.43845,0.0780069,60.0
1744879085317315.0,-11473.2,7262.23,0.475155,2.36045,2.46504,0.104589,60.0
1744879085337572.0,-11475.4,7264.28,0.481306,2.43845,2.308,-0.130459,60.0
1744879085358563.0,-11475.4,7264.28,0.481306,2.43845,2.27489,-0.163569,60.0
1744879085379551.0,-11475.4,7264.28,0.481306,2.43845,2.30747,-0.130984,60.0
1744879085399978.0,-11477.9,7265.65,0.487446,2.27489,2.34695,0.0720661,60.0
1744879085420693.0,-11477.9,7265.65,0.487446,2.27489,2.37299,0.098107,60.0
1744879085441367.0,-11480.0,7267.71,0.493599,2.34695,2.28421,-0.062745,60.0
1744879085462267.0,-11480.0,7267.71,0.493599,2.34695,2.29526,-0.0516956,60.0
1744879085482899.0,-11480.0,7267.71,0.493599,2.34695,2.3239,-0.0230533,60.0
1744879085503517.0,-11482.1,7269.76,0.499753,2.29526,2.25053,-0.0447228,60.0
1744879085524212.0,-11482.1,7269.76,0.499753,2.29526,2.27876,-0.0164967,60.0
1744879085544908.0,-11484.7,7271.81,0.506674,2.25053,2.40416,0.153622,60.0
1744879085565904.0,-11484.7,7271.81,0.506674,2.25053,2.37683,0.126298,60.0
1744879085586684.0,-11486.8,7273.86,0.512831,2.40416,2.53082,0.126662,60.0
1744879085607502.0,-11486.8,7273.86,0.512831,2.40416,2.45367,0.0495118,60.0
1744879085628047.0,-11486.8,7273.86,0.512831,2.40416,2.3732,-0.0309558,60.0
1744879085648899.0,-11488.9,7275.92,0.51899,2.45367,2.34575,-0.107918,60.0
1744879085669421.0,-11488.9,7275.92,0.51899,2.45367,2.4825,0.0288352,60.0
1744879085690305.0,-11491.0,7277.97,0.52515,2.34575,2.30742,-0.038328,60.0
1744879085711017.0,-11491.0,7277.97,0.52515,2.34575,2.44244,0.0966872,60.0
1744879085731944.0,-11491.0,7277.97,0.52515,2.34575,2.49238,0.146632,60.0
1744879085753764.0,-11493.6,7280.02,0.532076,2.44244,2.47018,0.0277474,60.0
1744879085774611.0,-11493.6,7280.02,0.532076,2.44244,2.42837,-0.0140641,60.0
1744879085795667.0,-11495.7,7282.08,0.538239,2.47018,2.48498,0.0147963,60.0
1744879085816626.0,-11495.7,7282.08,0.538239,2.47018,2.37897,-0.0912125,60.0
1744879085837363.0,-11495.7,7282.08,0.538239,2.47018,2.55322,0.0830328,60.0
1744879085858105.0,-11497.8,7284.13,0.544404,2.37897,2.49028,0.111313,60.0
1744879085878790.0,-11497.8,7284.13,0.544404,2.37897,2.5189,0.139925,60.0
1744879085899513.0,-11500.3,7285.5,0.550557,2.49028,2.40112,-0.0891669,60.0
1744879085919983.0,-11500.3,7285.5,0.550557,2.49028,2.35677,-0.133518,60.0
1744879085940822.0,-11500.3,7285.5,0.550557,2.49028,2.39677,-0.0935106,60.0
1744879085961562.0,-11502.4,7287.55,0.556723,2.35677,2.50932,0.152553,60.0
1744879085982182.0,-11502.4,7287.55,0.556723,2.35677,2.48268,0.125915,60.0
1744879086003230.0,-11504.6,7289.6,0.562892,2.50932,2.53655,0.0272271,60.0
1744879086024060.0,-11504.6,7289.6,0.562892,2.50932,2.54991,0.0405907,60.0
1744879086044800.0,-11507.1,7291.66,0.569828,2.53655,2.68036,0.143813,60.0
1744879086065776.0,-11507.1,7291.66,0.569828,2.53655,2.39391,-0.142635,60.0
1744879086086210.0,-11507.1,7291.66,0.569828,2.53655,2.46594,-0.0706047,60.0
1744879086107027.0,-11509.2,7293.71,0.575999,2.39391,2.55617,0.162259,60.0
1744879086127683.0,-11509.2,7293.71,0.575999,2.39391,2.54552,0.15161,60.0
1744879086148881.0,-11511.3,7295.76,0.582171,2.55617,2.40802,-0.148147,60.0
1744879086169625.0,-11511.3,7295.76,0.582171,2.55617,2.40936,-0.146813,60.0
1744879086190467.0,-11511.3,7295.76,0.582171,2.55617,2.47608,-0.080089,60.0
1744879086211071.0,-11513.9,7297.81,0.589112,2.40936,2.43276,0.0234069,60.0
1744879086231953.0,-11513.9,7297.81,0.589112,2.40936,2.40382,-0.00554121,60.0
1744879086252531.0,-11516.0,7299.87,0.595287,2.43276,2.45271,0.019942,60.0
1744879086273357.0,-11516.0,7299.87,0.595287,2.43276,2.34416,-0.088603,60.0
1744879086293809.0,-11516.0,7299.87,0.595287,2.43276,2.36278,-0.0699824,60.0
1744879086315013.0,-11518.1,7301.92,0.601464,2.34416,2.43485,0.0906877,60.0
1744879086335602.0,-11518.1,7301.92,0.601464,2.34416,2.30741,-0.0367509,60.0
1744879086356097.0,-11520.6,7303.29,0.607629,2.43485,2.46327,0.0284169,60.0
1744879086376795.0,-11520.6,7303.29,0.607629,2.43485,2.5305,0.0956519,60.0
1744879086397779.0,-11520.6,7303.29,0.607629,2.43485,2.40274,-0.0321115,60.0
1744879086418409.0,-11522.8,7305.34,0.613808,2.5305,2.38306,-0.147442,60.0
1744879086439335.0,-11522.8,7305.34,0.613808,2.5305,2.53673,0.00622588,60.0
1744879086460069.0,-11524.9,7307.39,0.619989,2.38306,2.27956,-0.103497,60.0
1744879086480649.0,-11524.9,7307.39,0.619989,2.38306,2.45984,0.0767775,60.0
1744879086501327.0,-11527.4,7309.45,0.626939,2.27956,2.42888,0.149316,60.0
1744879086522018.0,-11527.4,7309.45,0.626939,2.27956,2.28511,0.00555249,60.0
1744879086542729.0,-11527.4,7309.45,0.626939,2.27956,2.1279,-0.151665,60.0
1744879086563413.0,-11529.5,7311.5,0.633123,2.28511,2.43547,0.150354,60.0
1744879086583991.0,-11529.5,7311.5,0.633123,2.28511,2.41245,0.127331,60.0
1744879086604334.0,-11531.6,7313.55,0.639307,2.43547,2.36454,-0.070928,60.0
1744879086625143.0,-11531.6,7313.55,0.639307,2.43547,2.47394,0.0384753,60.0
1744879086646124.0,-11531.6,7313.55,0.639307,2.43547,2.47052,0.0350469,60.0
1744879086666815.0,-11534.2,7315.61,0.646262,2.47394,2.54374,0.0697914,60.0
1744879086687863.0,-11534.2,7315.61,0.646262,2.47394,2.40154,-0.0724065,60.0
1744879086708505.0,-11536.3,7317.66,0.65245,2.54374,2.48313,-0.0606057,60.0
1744879086729043.0,-11536.3,7317.66,0.65245,2.54374,2.64634,0.102607,60.0
1744879086749914.0,-11536.3,7317.66,0.65245,2.54374,2.58276,0.0390294,60.0
1744879086770507.0,-11538.4,7319.71,0.658639,2.64634,2.48791,-0.158429,60.0
1744879086791842.0,-11538.4,7319.71,0.658639,2.64634,2.52521,-0.121133,60.0
1744879086812592.0,-11541.0,7321.08,0.664816,2.48791,2.64163,0.153712,60.0
1744879086834444.0,-11541.0,7321.08,0.664816,2.48791,2.47988,-0.00803273,60.0
1744879086855377.0,-11543.1,7323.13,0.671008,2.64163,2.56561,-0.0760212,60.0
1744879086876411.0,-11543.1,7323.13,0.671008,2.64163,2.49114,-0.150482,60.0
1744879086897151.0,-11543.1,7323.13,0.671008,2.64163,2.62662,-0.0150068,60.0
1744879086917743.0,-11545.6,7325.19,0.67797,2.49114,2.46227,-0.0288724,60.0
1744879086939588.0,-11545.6,7325.19,0.67797,2.49114,2.44575,-0.0453942,60.0
1744879086960366.0,-11547.7,7327.24,0.684165,2.46227,2.58046,0.118186,60.0
1744879086981201.0,-11547.7,7327.24,0.684165,2.46227,2.4734,0.011131,60.0
1744879087002225.0,-11547.7,7327.24,0.684165,2.46227,2.47352,0.0112453,60.0
1744879087022967.0,-11549.8,7329.29,0.690361,2.4734,2.45558,-0.0178215,60.0
1744879087043997.0,-11549.8,7329.29,0.690361,2.4734,2.44034,-0.0330662,60.0
1744879087064690.0,-11552.4,7330.66,0.696544,2.45558,2.3002,-0.155383,60.0
1744879087085607.0,-11552.4,7330.66,0.696544,2.45558,2.50901,0.0534261,60.0
1744879087106421.0,-11552.4,7330.66,0.696544,2.45558,2.6046,0.149016,60.0
1744879087129004.0,-11554.5,7332.71,0.702743,2.50901,2.45854,-0.0504713,60.0
1744879087149784.0,-11554.5,7332.71,0.702743,2.50901,2.50956,0.000552472,60.0
1744879087170662.0,-11557.0,7334.77,0.709713,2.45854,2.6099,0.151367,60.0
1744879087191806.0,-11557.0,7334.77,0.709713,2.45854,2.47105,0.012514,60.0
1744879087213003.0,-11559.2,7336.82,0.715914,2.6099,2.48794,-0.12196,60.0
1744879087235891.0,-11559.2,7336.82,0.715914,2.6099,2.45399,-0.155915,60.0
1744879087256899.0,-11559.2,7336.82,0.715914,2.6099,2.56475,-0.0451486,60.0
1744879087277712.0,-11561.7,7338.87,0.722887,2.45399,2.43197,-0.022017,60.0
1744879087298581.0,-11561.7,7338.87,0.722887,2.45399,2.41055,-0.0434418,60.0
1744879087319592.0,-11563.8,7340.24,0.728307,2.43197,2.44508,0.0131106,60.0
1744879087340602.0,-11563.8,7340.24,0.728307,2.43197,2.59029,0.158317,60.0
1744879087361552.0,-11563.8,7340.24,0.728307,2.43197,2.47305,0.0410825,60.0
1744879087382498.0,-11566.3,7342.3,0.735283,2.59029,2.46156,-0.128727,60.0
1744879087403214.0,-11566.3,7342.3,0.735283,2.59029,2.57611,-0.0141791,60.0
1744879087424031.0,-11568.5,7344.35,0.741491,2.46156,2.57209,0.110526,60.0
1744879087444864.0,-11568.5,7344.35,0.741491,2.46156,2.42711,-0.0344495,60.0
1744879087467512.0,-11571.0,7346.4,0.74847,2.57209,2.4228,-0.149285,60.0
1744879087486915.0,-11571.0,7346.4,0.74847,2.57209,2.54547,-0.02662,60.0
1744879087507770.0,-11571.0,7346.4,0.74847,2.57209,2.44851,-0.123581,60.0
1744879087529185.0,-11573.1,7347.77,0.753894,2.54547,2.42666,-0.11881,60.0
1744879087549396.0,-11573.1,7347.77,0.753894,2.54547,2.66605,0.12058,60.0
1744879087570307.0,-11575.7,7349.82,0.760877,2.42666,2.52504,0.0983781,60.0
1744879087590964.0,-11575.7,7349.82,0.760877,2.42666,2.55993,0.133272,60.0
1744879087611754.0,-11575.7,7349.82,0.760877,2.42666,2.49823,0.071575,60.0
1744879087632560.0,-11578.2,7351.88,0.76786,2.55993,2.53032,-0.0296105,60.0
1744879087653457.0,-11578.2,7351.88,0.76786,2.55993,2.62847,0.0685357,60.0
1744879087674610.0,-11580.3,7353.25,0.773289,2.53032,2.67506,0.14474,60.0
1744879087695122.0,-11580.3,7353.25,0.773289,2.53032,2.53905,0.00873113,60.0
1744879087716107.0,-11582.9,7355.3,0.780275,2.67506,2.6381,-0.0369603,60.0
1744879087736885.0,-11582.9,7355.3,0.780275,2.67506,2.62584,-0.0492208,60.0
1744879087757938.0,-11582.9,7355.3,0.780275,2.67506,2.54827,-0.126791,60.0
1744879087779035.0,-11585.0,7357.35,0.786492,2.62584,2.49566,-0.130181,60.0
1744879087800282.0,-11585.0,7357.35,0.786492,2.62584,2.67956,0.0537242,60.0
1744879087822548.0,-11587.5,7358.72,0.792696,2.49566,2.51639,0.0207296,60.0
1744879087843190.0,-11587.5,7358.72,0.792696,2.49566,2.33894,-0.156719,60.0
1744879087864098.0,-11587.5,7358.72,0.792696,2.49566,2.50888,0.0132189,60.0
1744879087885310.0,-11590.0,7360.77,0.799687,2.33894,2.46728,0.128339,60.0
1744879087906308.0,-11590.0,7360.77,0.799687,2.33894,2.32898,-0.00996171,60.0
1744879087927801.0,-11592.2,7362.83,0.805908,2.46728,2.41129,-0.0559862,60.0
1744879087947988.0,-11592.2,7362.83,0.805908,2.46728,2.59917,0.131891,60.0
1744879087968996.0,-11592.2,7362.83,0.805908,2.46728,2.44794,-0.0193428,60.0
1744879087989552.0,-11594.7,7364.2,0.812116,2.59917,2.46644,-0.132731,60.0
1744879088010548.0,-11594.7,7364.2,0.812116,2.59917,2.55611,-0.043057,60.0
1744879088031302.0,-11597.2,7366.25,0.819112,2.46644,2.35131,-0.11513,60.0
1744879088052083.0,-11597.2,7366.25,0.819112,2.46644,2.58281,0.116375,60.0
1744879088072771.0,-11599.4,7368.3,0.825337,2.35131,2.51147,0.160159,60.0
1744879088093689.0,-11599.4,7368.3,0.825337,2.35131,2.33048,-0.0208278,60.0
1744879088114444.0,-11599.4,7368.3,0.825337,2.35131,2.38865,0.037341,60.0
1744879088135476.0,-11601.9,7369.67,0.831548,2.33048,2.37968,0.0491958,60.0
1744879088156007.0,-11601.9,7369.67,0.831548,2.33048,2.36102,0.030538,60.0
1744879088176860.0,-11604.0,7371.72,0.837776,2.37968,2.37251,-0.00716703,60.0
1744879088197566.0,-11604.0,7371.72,0.837776,2.37968,2.35784,-0.0218342,60.0
1744879088218354.0,-11604.0,7371.72,0.837776,2.37968,2.47868,0.0990036,60.0
1744879088239134.0,-11606.6,7373.78,0.844778,2.35784,2.40675,0.0489044,60.0
1744879088260026.0,-11606.6,7373.78,0.844778,2.35784,2.4036,0.045758,60.0
1744879088280582.0,-11608.7,7375.83,0.851009,2.40675,2.27553,-0.131212,60.0
1744879088301286.0,-11608.7,7375.83,0.851009,2.40675,2.41382,0.00707014,60.0
1744879088322051.0,-11608.7,7375.83,0.851009,2.40675,2.36189,-0.0448554,60.0
1744879088342937.0,-11611.2,7377.2,0.857226,2.41382,2.31314,-0.100677,60.0
1744879088364922.0,-11611.2,7377.2,0.857226,2.41382,2.51126,0.0974432,60.0
1744879088384829.0,-11613.3,7379.25,0.863459,2.31314,2.38493,0.071792,60.0
1744879088405456.0,-11613.3,7379.25,0.863459,2.31314,2.24742,-0.0657225,60.0
1744879088426106.0,-11615.9,7381.31,0.870468,2.38493,2.36643,-0.0184974,60.0
1744879088446757.0,-11615.9,7381.31,0.870468,2.38493,2.40679,0.0218629,60.0
1744879088467502.0,-11615.9,7381.31,0.870468,2.38493,2.42227,0.037335,60.0
1744879088488151.0,-11618.0,7383.36,0.876704,2.40679,2.52636,0.119561,60.0
1744879088509330.0,-11618.0,7383.36,0.876704,2.40679,2.31462,-0.0921783,60.0
1744879088529890.0,-11620.5,7385.41,0.883715,2.52636,2.52362,-0.00273855,60.0
1744879088550819.0,-11620.5,7385.41,0.883715,2.52636,2.40639,-0.119964,60.0
1744879088571981.0,-11620.5,7385.41,0.883715,2.52636,2.43534,-0.0910208,60.0
1744879088592750.0,-11622.6,7386.78,0.889165,2.40639,2.37404,-0.0323551,60.0
1744879088613154.0,-11622.6,7386.78,0.889165,2.40639,2.45655,0.0501541,60.0
1744879088634136.0,-11625.2,7388.83,0.896179,2.37404,2.43472,0.0606797,60.0
1744879088655041.0,-11625.2,7388.83,0.896179,2.37404,2.35334,-0.0207002,60.0
1744879088675941.0,-11625.2,7388.83,0.896179,2.37404,2.2241,-0.149939,60.0
1744879088696656.0,-11627.3,7390.89,0.902421,2.35334,2.4664,0.11306,60.0
1744879088717679.0,-11627.3,7390.89,0.902421,2.35334,2.49254,0.139205,60.0
1744879088738649.0,-11629.8,7392.94,0.909438,2.4664,2.38915,-0.0772429,60.0
1744879088759574.0,-11629.8,7392.94,0.909438,2.4664,2.61362,0.14722,60.0
1744879088780576.0,-11631.9,7394.99,0.915683,2.38915,2.41489,0.0257389,60.0
1744879088801621.0,-11631.9,7394.99,0.915683,2.38915,2.47837,0.0892206,60.0
1744879088823026.0,-11631.9,7394.99,0.915683,2.38915,2.22555,-0.163607,60.0
1744879088843871.0,-11634.1,7397.04,0.921929,2.47837,2.56364,0.0852663,60.0
1744879088864875.0,-11634.1,7397.04,0.921929,2.47837,2.48744,0.00906309,60.0
1744879088885904.0,-11636.6,7398.41,0.92816,2.56364,2.53723,-0.026409,60.0
1744879088906726.0,-11636.6,7398.41,0.92816,2.56364,2.43729,-0.12635,60.0
1744879088928426.0,-11636.6,7398.41,0.92816,2.56364,2.63632,0.0726779,60.0
1744879088949402.0,-11638.7,7400.47,0.934409,2.43729,2.59942,0.16213,60.0
1744879088970247.0,-11638.7,7400.47,0.934409,2.43729,2.40033,-0.0369596,60.0
1744879088991411.0,-11641.3,7402.52,0.941434,2.59942,2.68326,0.0838368,60.0
1744879089012462.0,-11641.3,7402.52,0.941434,2.59942,2.48485,-0.114566,60.0
1744879089033358.0,-11643.4,7404.57,0.947686,2.68326,2.59474,-0.0885189,60.0
1744879089054266.0,-11643.4,7404.57,0.947686,2.68326,2.60664,-0.0766219,60.0
1744879089075307.0,-11643.4,7404.57,0.947686,2.68326,2.54597,-0.137292,60.0
1744879089095845.0,-11645.9,7405.94,0.953923,2.60664,2.47869,-0.127948,60.0
1744879089118077.0,-11645.9,7405.94,0.953923,2.60664,2.44955,-0.157088,60.0
1744879089139070.0,-11648.0,7408.0,0.960177,2.47869,2.38967,-0.0890217,60.0
1744879089160055.0,-11648.0,7408.0,0.960177,2.47869,2.44491,-0.0337755,60.0
1744879089181550.0,-11648.0,7408.0,0.960177,2.47869,2.41098,-0.0677087,60.0
1744879089202786.0,-11650.6,7410.05,0.967208,2.44491,2.45889,0.0139817,60.0
1744879089223597.0,-11650.6,7410.05,0.967208,2.44491,2.5,0.0550851,60.0
1744879089244149.0,-11652.7,7412.1,0.973465,2.45889,2.44516,-0.0137323,60.0
1744879089265067.0,-11652.7,7412.1,0.973465,2.45889,2.53099,0.0720936,60.0
1744879089285711.0,-11655.2,7413.47,0.979707,2.44516,2.50369,0.0585291,60.0
1744879089306888.0,-11655.2,7413.47,0.979707,2.44516,2.42543,-0.0197264,60.0
1744879089327503.0,-11655.2,7413.47,0.979707,2.44516,2.5451,0.0999346,60.0
1744879089348364.0,-11657.3,7415.52,0.985967,2.42544,2.40508,-0.02036,60.0
1744879089369293.0,-11657.3,7415.52,0.985967,2.42544,2.42964,0.0042027,60.0
1744879089390049.0,-11659.9,7417.58,0.993004,2.40508,2.50445,0.0993748,60.0
1744879089410715.0,-11659.9,7417.58,0.993004,2.40508,2.37478,-0.0302996,60.0
1744879089431671.0,-11659.9,7417.58,0.993004,2.40508,2.40656,0.0014839,60.0
1744879089452701.0,-11662.0,7419.63,0.999267,2.37478,2.33296,-0.0418148,60.0
1744879089473395.0,-11662.0,7419.63,0.999267,2.37478,2.37214,-0.00263092,60.0
1744879089494353.0,-11664.5,7421.0,1.00551,2.33296,2.45959,0.12663,60.0
1744879089514949.0,-11664.5,7421.0,1.00551,2.33296,2.43386,0.100895,60.0
1744879089536138.0,-11664.5,7421.0,1.00551,2.33296,2.27815,-0.0548135,60.0
1744879089556716.0,-11666.6,7423.05,1.01178,2.43386,2.40265,-0.0312073,60.0
1744879089577492.0,-11666.6,7423.05,1.01178,2.43386,2.33511,-0.0987439,60.0
1744879089598160.0,-11669.2,7425.1,1.01882,2.40265,2.53898,0.136328,60.0
1744879089618790.0,-11669.2,7425.1,1.01882,2.40265,2.44658,0.0439279,60.0
1744879089640000.0,-11671.3,7427.16,1.02509,2.44658,2.51928,0.0727056,60.0
1744879089660728.0,-11671.3,7427.16,1.02509,2.44658,2.49219,0.0456099,60.0
1744879089681431.0,-11671.3,7427.16,1.02509,2.44658,2.51879,0.0722141,60.0
1744879089702310.0,-11673.8,7429.21,1.03214,2.49219,2.36924,-0.122945,60.0
1744879089722999.0,-11673.8,7429.21,1.03214,2.49219,2.59436,0.102178,60.0
1744879089743794.0,-11676.0,7430.58,1.03761,2.36924,2.47648,0.107238,60.0
1744879089764419.0,-11676.0,7430.58,1.03761,2.36924,2.49453,0.125291,60.0
1744879089784963.0,-11676.0,7430.58,1.03761,2.36924,2.46455,0.0953058,60.0
1744879089805467.0,-11678.5,7432.63,1.04466,2.49453,2.40444,-0.0900883,60.0
1744879089826070.0,-11678.5,7432.63,1.04466,2.49453,2.55769,0.0631575,60.0
1744879089846719.0,-11680.6,7434.69,1.05094,2.40444,2.51322,0.108772,60.0
1744879089867438.0,-11680.6,7434.69,1.05094,2.40444,2.49631,0.0918644,60.0
1744879089887905.0,-11680.6,7434.69,1.05094,2.40444,2.42837,0.0239294,60.0
1744879089908450.0,-11683.1,7436.74,1.05799,2.49631,2.46893,-0.0273739,60.0
1744879089929085.0,-11683.1,7436.74,1.05799,2.49631,2.58687,0.0905578,60.0
1744879089950024.0,-11685.3,7438.79,1.06427,2.46893,2.35239,-0.116544,60.0
1744879089970518.0,-11685.3,7438.79,1.06427,2.46893,2.54231,0.0733781,60.0
1744879089991153.0,-11685.3,7438.79,1.06427,2.46893,2.48276,0.0138235,60.0
1744879090011710.0,-11687.4,7440.16,1.06975,2.54231,2.38854,-0.153777,60.0
1744879090032391.0,-11687.4,7440.16,1.06975,2.54231,2.39561,-0.146699,60.0
1744879090053044.0,-11689.9,7442.21,1.07681,2.38854,2.42383,0.0352905,60.0
1744879090073669.0,-11689.9,7442.21,1.07681,2.38854,2.33228,-0.0562572,60.0
1744879090094276.0,-11689.9,7442.21,1.07681,2.38854,2.44626,0.0577236,60.0
1744879090114638.0,-11692.0,7444.27,1.08309,2.33228,2.44233,0.110051,60.0
1744879090135534.0,-11692.0,7444.27,1.08309,2.33228,2.43867,0.10639,60.0
1744879090156117.0,-11694.6,7446.32,1.09015,2.44233,2.55015,0.107821,60.0
1744879090177700.0,-11694.6,7446.32,1.09015,2.44233,2.59925,0.156922,60.0
1744879090198196.0,-11696.7,7448.37,1.09643,2.55015,2.59961,0.0494629,60.0
1744879090219070.0,-11696.7,7448.37,1.09643,2.55015,2.51498,-0.0351721,60.0
1744879090239754.0,-11696.7,7448.37,1.09643,2.55015,2.47416,-0.0759898,60.0
1744879090260424.0,-11699.2,7449.74,1.1027,2.51498,2.51563,0.000648547,60.0
1744879090281719.0,-11699.2,7449.74,1.1027,2.51498,2.61627,0.101292,60.0
1744879090302318.0,-11701.3,7451.79,1.10898,2.51563,2.4932,-0.022431,60.0
1744879090323343.0,-11701.3,7451.79,1.10898,2.51563,2.64645,0.130819,60.0
1744879090344087.0,-11701.3,7451.79,1.10898,2.51563,2.3714,-0.144226,60.0
1744879090364902.0,-11703.9,7453.85,1.11605,2.64645,2.64644,-6.63438e-06,60.0
1744879090385535.0,-11703.9,7453.85,1.11605,2.64645,2.53105,-0.115397,60.0
1744879090406058.0,-11706.0,7455.9,1.12234,2.64644,2.66585,0.0194084,60.0
1744879090426699.0,-11706.0,7455.9,1.12234,2.64644,2.48879,-0.157646,60.0
1744879090447385.0,-11706.0,7455.9,1.12234,2.64644,2.52597,-0.120466,60.0
1744879090468026.0,-11708.5,7457.27,1.12861,2.48879,2.3454,-0.14339,60.0
1744879090488904.0,-11708.5,7457.27,1.12861,2.48879,2.47641,-0.0123798,60.0
1744879090509324.0,-11710.7,7459.32,1.1349,2.3454,2.47438,0.128981,60.0
1744879090530074.0,-11710.7,7459.32,1.1349,2.3454,2.38631,0.040907,60.0
1744879090550849.0,-11710.7,7459.32,1.1349,2.3454,2.4998,0.154398,60.0
1744879090571738.0,-11713.2,7461.38,1.14198,2.38631,2.25712,-0.129189,60.0
1744879090592170.0,-11713.2,7461.38,1.14198,2.38631,2.46201,0.0756997,60.0
1744879090612864.0,-11715.3,7463.43,1.14827,2.25712,2.35145,0.0943267,60.0
1744879090633605.0,-11715.3,7463.43,1.14827,2.25712,2.23926,-0.0178611,60.0
1744879090654289.0,-11717.9,7464.8,1.15455,2.35145,2.339,-0.0124449,60.0
1744879090674929.0,-11717.9,7464.8,1.15455,2.35145,2.42155,0.0701045,60.0
1744879090695764.0,-11717.9,7464.8,1.15455,2.35145,2.3433,-0.00814755,60.0
1744879090716553.0,-11720.0,7466.85,0.160849,2.42155,2.37881,-0.0427401,60.0
1744879090737040.0,-11720.0,7466.85,0.160849,2.42155,2.56757,0.146021,60.0
1744879090758137.0,-11722.5,7468.91,0.167929,2.37881,2.34944,-0.0293751,60.0
1744879090778920.0,-11722.5,7468.91,0.167929,2.37881,2.45729,0.0784779,60.0
1744879090799881.0,-11722.5,7468.91,0.167929,2.37881,2.37855,-0.000265674,60.0
1744879090820868.0,-11724.6,7470.96,0.174228,2.45729,2.33414,-0.12315,60.0
1744879090841487.0,-11724.6,7470.96,0.174228,2.45729,2.4227,-0.0345855,60.0
1744879090862484.0,-11727.2,7473.01,0.181311,2.33414,2.40911,0.074966,60.0
1744879090883262.0,-11727.2,7473.01,0.181311,2.33414,2.40175,0.0676096,60.0
1744879090903815.0,-11727.2,7473.01,0.181311,2.33414,2.47595,0.141813,60.0
1744879090924504.0,-11729.3,7474.38,0.186814,2.40175,2.48816,0.0864112,60.0
1744879090945105.0,-11729.3,7474.38,0.186814,2.40175,2.30155,-0.100198,60.0
1744879090965843.0,-11731.8,7476.43,0.1939,2.48816,2.60543,0.117272,60.0
1744879090986825.0,-11731.8,7476.43,0.1939,2.48816,2.46913,-0.0190297,60.0
1744879091007792.0,-11731.8,7476.43,0.1939,2.48816,2.59821,0.110048,60.0
1744879091028666.0,-11733.9,7478.49,0.200205,2.46913,2.43857,-0.0305663,60.0
1744879091049409.0,-11733.9,7478.49,0.200205,2.46913,2.56773,0.0985948,60.0
1744879091070190.0,-11736.0,7480.54,0.206511,2.43856,2.43274,-0.00582393,60.0
1744879091090924.0,-11736.0,7480.54,0.206511,2.43856,2.41108,-0.0274853,60.0
1744879091111696.0,-11738.6,7482.59,0.213601,2.43274,2.31563,-0.117115,60.0
1744879091132483.0,-11738.6,7482.59,0.213601,2.43274,2.47501,0.0422649,60.0
1744879091153415.0,-11738.6,7482.59,0.213601,2.43274,2.29447,-0.138271,60.0
1744879091174045.0,-11740.7,7484.65,0.219911,2.47501,2.35008,-0.124925,60.0
1744879091194744.0,-11740.7,7484.65,0.219911,2.47501,2.44994,-0.0250655,60.0
1744879091215523.0,-11743.2,7486.01,0.226204,2.35008,2.31986,-0.0302237,60.0
1744879091238317.0,-11743.2,7486.01,0.226204,2.35008,2.45088,0.100801,60.0
1744879091258790.0,-11743.2,7486.01,0.226204,2.35008,2.4728,0.12272,60.0
1744879091279508.0,-11745.4,7488.07,0.232516,2.45088,2.47307,0.0221913,60.0
1744879091300010.0,-11745.4,7488.07,0.232516,2.45088,2.36285,-0.0880362,60.0
1744879091320718.0,-11747.5,7490.12,0.238829,2.47307,2.51559,0.0425191,60.0
1744879091341256.0,-11747.5,7490.12,0.238829,2.47307,2.33912,-0.133956,60.0
1744879091361773.0,-11747.5,7490.12,0.238829,2.47307,2.51254,0.0394628,60.0
1744879091382513.0,-11750.0,7492.17,0.245927,2.33912,2.40933,0.0702139,60.0
1744879091403118.0,-11750.0,7492.17,0.245927,2.33912,2.35855,0.0194314,60.0
1744879091423724.0,-11752.1,7494.23,0.252243,2.40933,2.45763,0.0483001,60.0
1744879091444248.0,-11752.1,7494.23,0.252243,2.40933,2.27768,-0.131649,60.0
1744879091465126.0,-11752.1,7494.23,0.252243,2.40933,2.554,0.144671,60.0
1744879091485802.0,-11754.7,7496.28,0.259344,2.27768,2.22721,-0.050477,60.0
1744879091506469.0,-11754.7,7496.28,0.259344,2.27768,2.36332,0.0856415,60.0
1744879091527387.0,-11756.8,7497.65,0.264862,2.22721,2.35538,0.128178,60.0
1744879091547523.0,-11756.8,7497.65,0.264862,2.22721,2.28272,0.0555136,60.0
1744879091568368.0,-11758.9,7499.7,0.271182,2.35538,2.3743,0.0189145,60.0
1744879091588924.0,-11758.9,7499.7,0.271182,2.35538,2.31538,-0.0400074,60.0
1744879091609618.0,-11758.9,7499.7,0.271182,2.35538,2.34033,-0.0150571,60.0
1744879091630286.0,-11761.4,7501.75,0.278288,2.31538,2.28522,-0.0301571,60.0
1744879091651002.0,-11761.4,7501.75,0.278288,2.31538,2.34514,0.0297664,60.0
1744879091671706.0,-11763.6,7503.81,0.284611,2.28522,2.43943,0.154213,60.0
1744879091692394.0,-11763.6,7503.81,0.284611,2.28522,2.43744,0.152219,60.0
1744879091713212.0,-11763.6,7503.81,0.284611,2.28522,2.30675,0.0215316,60.0
1744879091733833.0,-11765.7,7505.86,0.290935,2.43744,2.55527,0.117828,60.0
1744879091754885.0,-11765.7,7505.86,0.290935,2.43744,2.33792,-0.0995208,60.0
1744879091775700.0,-11767.8,7507.91,0.297261,2.55527,2.69556,0.140294,60.0
1744879091796577.0,-11767.8,7507.91,0.297261,2.55527,2.39876,-0.156508,60.0
1744879091817573.0,-11767.8,7507.91,0.297261,2.55527,2.47273,-0.0825349,60.0
1744879091838291.0,-11770.3,7509.97,0.304373,2.39876,2.47904,0.0802796,60.0
1744879091859071.0,-11770.3,7509.97,0.304373,2.39876,2.5187,0.119942,60.0
1744879091879756.0,-11772.4,7512.02,0.310702,2.47904,2.46922,-0.00981501,60.0
1744879091900766.0,-11772.4,7512.02,0.310702,2.47904,2.37172,-0.107322,60.0
1744879091921121.0,-11772.4,7512.02,0.310702,2.47904,2.53913,0.0600939,60.0
1744879091942067.0,-11774.6,7514.07,0.317032,2.37172,2.43889,0.0671766,60.0
1744879091962610.0,-11774.6,7514.07,0.317032,2.37172,2.45856,0.0868407,60.0
1744879091983161.0,-11777.1,7516.12,0.324148,2.43889,2.38196,-0.0569292,60.0
1744879092003988.0,-11777.1,7516.12,0.324148,2.43889,2.5313,0.0924107,60.0
1744879092024691.0,-11777.1,7516.12,0.324148,2.43889,2.43453,-0.00436252,60.0
1744879092045347.0,-11779.2,7518.18,0.330481,2.5313,2.52015,-0.0111531,60.0
1744879092066150.0,-11779.2,7518.18,0.330481,2.5313,2.54555,0.0142469,60.0
1744879092086777.0,-11781.3,7520.23,0.336815,2.52015,2.49334,-0.0268064,60.0
1744879092107593.0,-11781.3,7520.23,0.336815,2.52015,2.63224,0.112089,60.0
1744879092128163.0,-11781.3,7520.23,0.336815,2.52015,2.42651,-0.0936376,60.0
1744879092148775.0,-11783.9,7521.6,0.343132,2.63224,2.49164,-0.140603,60.0
1744879092169642.0,-11783.9,7521.6,0.343132,2.63224,2.59121,-0.041027,60.0
1744879092190118.0,-11786.0,7523.65,0.349469,2.49164,2.37745,-0.114185,60.0
1744879092210768.0,-11786.0,7523.65,0.349469,2.49164,2.41712,-0.0745124,60.0
1744879092231431.0,-11786.0,7523.65,0.349469,2.49164,2.42915,-0.0624827,60.0
1744879092252122.0,-11788.1,7525.71,0.355808,2.41712,2.42507,0.00794745,60.0
1744879092272807.0,-11788.1,7525.71,0.355808,2.41712,2.49751,0.0803851,60.0
1744879092293830.0,-11790.6,7527.76,0.362933,2.42507,2.4276,0.00252866,60.0
1744879092314664.0,-11790.6,7527.76,0.362933,2.42507,2.43463,0.00955582,60.0
1744879092335574.0,-11792.8,7529.81,0.369274,2.4276,2.30005,-0.127548,60.0
1744879092356568.0,-11792.8,7529.81,0.369274,2.4276,2.44313,0.0155256,60.0
1744879092377403.0,-11792.8,7529.81,0.369274,2.4276,2.53691,0.109314,60.0
1744879092398074.0,-11794.9,7531.86,0.375617,2.44313,2.35012,-0.0930051,60.0
1744879092418985.0,-11794.9,7531.86,0.375617,2.44313,2.38878,-0.054348,60.0
1744879092440068.0,-11797.4,7533.92,0.382747,2.35012,2.43963,0.0895096,60.0
1744879092460974.0,-11797.4,7533.92,0.382747,2.35012,2.50764,0.15752,60.0
1744879092481741.0,-11797.4,7533.92,0.382747,2.35012,2.35407,0.00395086,60.0
1744879092502413.0,-11799.5,7535.29,0.388287,2.50764,2.50964,0.00200019,60.0
1744879092523124.0,-11799.5,7535.29,0.388287,2.50764,2.47398,-0.0336618,60.0
1744879092543858.0,-11802.1,7537.34,0.39542,2.50964,2.66894,0.159299,60.0
1744879092564579.0,-11802.1,7537.34,0.39542,2.50964,2.35011,-0.159528,60.0
1744879092585272.0,-11802.1,7537.34,0.39542,2.50964,2.45674,-0.0529043,60.0
1744879092606016.0,-11804.2,7539.39,0.401768,2.35011,2.47605,0.125932,60.0
1744879092626713.0,-11804.2,7539.39,0.401768,2.35011,2.3746,0.0244823,60.0
1744879092647683.0,-11806.3,7541.45,0.408118,2.47605,2.62843,0.152389,60.0
1744879092668159.0,-11806.3,7541.45,0.408118,2.47605,2.5241,0.0480592,60.0
1744879092688959.0,-11806.3,7541.45,0.408118,2.47605,2.41003,-0.0660184,60.0
1744879092709576.0,-11808.8,7543.5,0.415255,2.5241,2.48163,-0.0424756,60.0
1744879092730170.0,-11808.8,7543.5,0.415255,2.5241,2.54801,0.0239084,60.0
1744879092750878.0,-11810.9,7545.55,0.421608,2.48163,2.53799,0.0563658,60.0
1744879092772009.0,-11810.9,7545.55,0.421608,2.48163,2.41549,-0.0661396,60.0
1744879092792877.0,-11813.5,7546.92,0.427942,2.53799,2.66149,0.123493,60.0
1744879092813631.0,-11813.5,7546.92,0.427942,2.53799,2.51086,-0.0271331,60.0
1744879092834321.0,-11813.5,7546.92,0.427942,2.53799,2.41531,-0.122689,60.0
1744879092855241.0,-11815.6,7548.97,0.434297,2.51086,2.47923,-0.0316273,60.0
1744879092876074.0,-11815.6,7548.97,0.434297,2.51086,2.49292,-0.0179434,60.0
1744879092896728.0,-11818.1,7551.03,0.441441,2.47923,2.53249,0.0532592,60.0
1744879092917379.0,-11818.1,7551.03,0.441441,2.47923,2.59124,0.112008,60.0
1744879092938175.0,-11818.1,7551.03,0.441441,2.47923,2.56473,0.0854908,60.0
1744879092959264.0,-11820.3,7553.08,0.447799,2.59124,2.53776,-0.0534808,60.0
1744879092981083.0,-11820.3,7553.08,0.447799,2.59124,2.42907,-0.162171,60.0
1744879093001560.0,-11822.8,7554.45,0.454138,2.53776,2.58253,0.0447707,60.0
1744879093022773.0,-11822.8,7554.45,0.454138,2.53776,2.45749,-0.0802692,60.0
1744879093043433.0,-11824.9,7556.5,0.460499,2.58253,2.60861,0.026078,60.0
1744879093064093.0,-11824.9,7556.5,0.460499,2.58253,2.53764,-0.0448921,60.0
1744879093085694.0,-11824.9,7556.5,0.460499,2.58253,2.63188,0.0493455,60.0
1744879093106293.0,-11827.5,7558.56,0.467649,2.53764,2.51762,-0.020022,60.0
1744879093127222.0,-11827.5,7558.56,0.467649,2.53764,2.58138,0.0437423,60.0
1744879093148320.0,-11829.6,7560.61,0.474012,2.51762,2.51022,-0.00740167,60.0
1744879093168863.0,-11829.6,7560.61,0.474012,2.51762,2.46264,-0.0549747,60.0
1744879093190037.0,-11829.6,7560.61,0.474012,2.51762,2.42473,-0.0928867,60.0
1744879093210995.0,-11832.1,7561.98,0.480357,2.46264,2.53935,0.0767048,60.0
1744879093231191.0,-11832.1,7561.98,0.480357,2.46264,2.49016,0.0275141,60.0
1744879093251757.0,-11834.2,7564.03,0.486723,2.53935,2.59546,0.0561104,60.0
1744879093272642.0,-11834.2,7564.03,0.486723,2.53935,2.47129,-0.0680541,60.0
1744879093293932.0,-11834.2,7564.03,0.486723,2.53935,2.41184,-0.12751,60.0
1744879093314112.0,-11836.8,7566.08,0.493879,2.47129,2.39844,-0.0728571,60.0
1744879093334747.0,-11836.8,7566.08,0.493879,2.47129,2.3537,-0.117598,60.0
1744879093355475.0,-11839.3,7568.14,0.501037,2.39844,2.48598,0.0875389,60.0
1744879093376268.0,-11839.3,7568.14,0.501037,2.39844,2.43002,0.0315791,60.0
1744879093397329.0,-11841.4,7569.51,0.506598,2.43002,2.55593,0.125909,60.0
1744879093417835.0,-11841.4,7569.51,0.506598,2.43002,2.51789,0.0878718,60.0
1744879093438613.0,-11841.4,7569.51,0.506598,2.43002,2.5626,0.132581,60.0
1744879093459345.0,-11844.0,7571.56,0.513759,2.51789,2.48633,-0.0315589,60.0
1744879093480127.0,-11844.0,7571.56,0.513759,2.51789,2.54295,0.0250668,60.0
1744879093500875.0,-11846.1,7573.61,0.520132,2.48633,2.36653,-0.119803,60.0
1744879093521715.0,-11846.1,7573.61,0.520132,2.48633,2.41878,-0.0675535,60.0
1744879093542522.0,-11846.1,7573.61,0.520132,2.48633,2.41212,-0.0742076,60.0
1744879093563365.0,-11848.6,7574.98,0.526486,2.41878,2.46127,0.0424925,60.0
1744879093583844.0,-11848.6,7574.98,0.526486,2.41878,2.26393,-0.154848,60.0
1744879093604455.0,-11850.7,7577.03,0.532862,2.46127,2.50937,0.0480977,60.0
1744879093625327.0,-11850.7,7577.03,0.532862,2.46127,2.49265,0.0313821,60.0
1744879093646013.0,-11850.7,7577.03,0.532862,2.46127,2.49785,0.036581,60.0
1744879093666684.0,-11853.3,7579.09,0.540028,2.49265,2.47155,-0.0211016,60.0
1744879093687886.0,-11853.3,7579.09,0.540028,2.49265,2.39572,-0.0969306,60.0
1744879093708537.0,-11855.4,7581.14,0.546407,2.47155,2.58996,0.11841,60.0
1744879093729218.0,-11855.4,7581.14,0.546407,2.47155,2.48969,0.0181375,60.0
1744879093749914.0,-11855.4,7581.14,0.546407,2.47155,2.52174,0.0501932,60.0
1744879093770580.0,-11857.9,7582.51,0.552767,2.48969,2.5818,0.0921096,60.0
1744879093791529.0,-11857.9,7582.51,0.552767,2.48969,2.55793,0.0682412,60.0
1744879093811919.0,-11860.5,7584.56,0.559938,2.5818,2.63904,0.0572481,60.0
1744879093833068.0,-11860.5,7584.56,0.559938,2.5818,2.55115,-0.0306499,60.0
1744879093853594.0,-11862.6,7586.62,0.566321,2.63904,2.60072,-0.0383209,60.0
1744879093874366.0,-11862.6,7586.62,0.566321,2.63904,2.515,-0.124045,60.0
1744879093895078.0,-11862.6,7586.62,0.566321,2.63904,2.49993,-0.139112,60.0
1744879093915765.0,-11865.1,7587.99,0.572684,2.515,2.581,0.0660007,60.0
1744879093936305.0,-11865.1,7587.99,0.572684,2.515,2.41296,-0.102034,60.0
1744879093957101.0,-11867.2,7590.04,0.57907,2.581,2.56396,-0.0170435,60.0
1744879093978072.0,-11867.2,7590.04,0.57907,2.581,2.46547,-0.115533,60.0
1744879093998657.0,-11867.2,7590.04,0.57907,2.581,2.5292,-0.051802,60.0
1744879094019152.0,-11869.8,7592.09,0.586247,2.46547,2.38494,-0.0805283,60.0
1744879094040216.0,-11869.8,7592.09,0.586247,2.46547,2.30359,-0.161877,60.0
1744879094061374.0,-11872.3,7593.46,0.592615,2.38494,2.44665,0.0617079,60.0
1744879094082036.0,-11872.3,7593.46,0.592615,2.38494,2.38149,-0.00344656,60.0
1744879094102777.0,-11872.3,7593.46,0.592615,2.38494,2.49388,0.108943,60.0
1744879094123874.0,-11874.4,7595.51,0.599005,2.38149,2.48303,0.101541,60.0
1744879094144609.0,-11874.4,7595.51,0.599005,2.38149,2.48614,0.104647,60.0
1744879094165167.0,-11877.0,7597.57,0.606187,2.48303,2.4358,-0.0472313,60.0
1744879094185901.0,-11877.0,7597.57,0.606187,2.48303,2.36674,-0.116297,60.0
1744879094206617.0,-11877.0,7597.57,0.606187,2.48303,2.45751,-0.0255267,60.0
1744879094227520.0,-11879.5,7598.94,0.612558,2.36674,2.40476,0.0380238,60.0
1744879094248326.0,-11879.5,7598.94,0.612558,2.36674,2.51957,0.152836,60.0
1744879094268842.0,-11881.6,7600.99,0.618952,2.40476,2.44578,0.0410193,60.0
1744879094289984.0,-11881.6,7600.99,0.618952,2.40476,2.26553,-0.139229,60.0
1744879094310733.0,-11884.2,7603.04,0.626139,2.44578,2.58525,0.139474,60.0
1744879094331601.0,-11884.2,7603.04,0.626139,2.44578,2.46691,0.0211296,60.0
1744879094352049.0,-11884.2,7603.04,0.626139,2.44578,2.50138,0.0556006,60.0
1744879094372924.0,-11886.3,7605.1,0.632536,2.46691,2.46725,0.000343974,60.0
1744879094393686.0,-11886.3,7605.1,0.632536,2.46691,2.36096,-0.105947,60.0
1744879094414530.0,-11888.8,7606.47,0.638913,2.46725,2.40468,-0.0625715,60.0
1744879094435031.0,-11888.8,7606.47,0.638913,2.46725,2.60407,0.136815,60.0
1744879094455719.0,-11888.8,7606.47,0.638913,2.46725,2.49356,0.0263065,60.0
1744879094476555.0,-11890.9,7608.52,0.645312,2.60407,2.49774,-0.106331,60.0
1744879094497442.0,-11890.9,7608.52,0.645312,2.60407,2.70474,0.100668,60.0
1744879094518041.0,-11893.5,7610.57,0.652505,2.49774,2.51845,0.0207133,60.0
1744879094538770.0,-11893.5,7610.57,0.652505,2.49774,2.48407,-0.0136618,60.0
1744879094559539.0,-11893.5,7610.57,0.652505,2.49774,2.53372,0.0359796,60.0
1744879094580067.0,-11895.6,7611.94,0.658093,2.48407,2.45881,-0.0252682,60.0
1744879094600777.0,-11895.6,7611.94,0.658093,2.48407,2.47056,-0.0135144,60.0
1744879094621522.0,-11898.1,7613.99,0.665289,2.45881,2.30155,-0.157254,60.0
1744879094642182.0,-11898.1,7613.99,0.665289,2.45881,2.59421,0.135408,60.0
1744879094663055.0,-11900.7,7616.05,0.672487,2.59421,2.55718,-0.037037,60.0
1744879094683855.0,-11900.7,7616.05,0.672487,2.59421,2.5164,-0.0778124,60.0
1744879094704497.0,-11900.7,7616.05,0.672487,2.59421,2.43012,-0.164099,60.0
1744879094725148.0,-11902.8,7617.42,0.678079,2.5164,2.44862,-0.0677806,60.0
1744879094745875.0,-11902.8,7617.42,0.678079,2.5164,2.50673,-0.00967015,60.0
1744879094766483.0,-11905.3,7619.47,0.68528,2.44862,2.39561,-0.0530084,60.0
1744879094787228.0,-11905.3,7619.47,0.68528,2.44862,2.53171,0.083084,60.0
1744879094808129.0,-11905.3,7619.47,0.68528,2.44862,2.50625,0.0576306,60.0
1744879094828859.0,-11907.4,7621.52,0.691689,2.53171,2.48955,-0.0421564,60.0
1744879094849534.0,-11907.4,7621.52,0.691689,2.53171,2.55703,0.0253236,60.0
1744879094870186.0,-11910.0,7623.58,0.698892,2.48955,2.38487,-0.104675,60.0
1744879094891017.0,-11910.0,7623.58,0.698892,2.48955,2.36806,-0.121494,60.0
1744879094911634.0,-11910.0,7623.58,0.698892,2.48955,2.45038,-0.039172,60.0
1744879094932433.0,-11912.5,7624.95,0.705283,2.36806,2.39805,0.0299932,60.0
1744879094953138.0,-11912.5,7624.95,0.705283,2.36806,2.39256,0.0245035,60.0
1744879094973791.0,-11914.6,7627.0,0.711696,2.39805,2.38561,-0.0124341,60.0
1744879094994453.0,-11914.6,7627.0,0.711696,2.39805,2.5028,0.104753,60.0
1744879095015266.0,-11914.6,7627.0,0.711696,2.39805,2.45084,0.0527881,60.0
1744879095035856.0,-11917.2,7629.05,0.718904,2.5028,2.45144,-0.0513582,60.0
1744879095056543.0,-11917.2,7629.05,0.718904,2.5028,2.57898,0.0761813,60.0
1744879095077239.0,-11919.3,7630.42,0.724505,2.45144,2.43549,-0.0159574,60.0
1744879095097940.0,-11919.3,7630.42,0.724505,2.45144,2.51305,0.0616027,60.0
1744879095118595.0,-11921.8,7632.47,0.731716,2.43549,2.39688,-0.0386099,60.0
1744879095139503.0,-11921.8,7632.47,0.731716,2.43549,2.43467,-0.000813165,60.0
1744879095159900.0,-11921.8,7632.47,0.731716,2.43549,2.44584,0.0103528,60.0
1744879095180976.0,-11924.4,7634.53,0.738929,2.43467,2.32326,-0.111413,60.0
1744879095201456.0,-11924.4,7634.53,0.738929,2.43467,2.4623,0.0276276,60.0
1744879095222039.0,-11926.5,7635.9,0.744533,2.32326,2.431,0.107741,60.0
1744879095242876.0,-11926.5,7635.9,0.744533,2.32326,2.43984,0.116578,60.0
1744879095263697.0,-11926.5,7635.9,0.744533,2.32326,2.45689,0.133631,60.0
1744879095284428.0,-11929.0,7637.95,0.751749,2.43984,2.4648,0.0249579,60.0
1744879095305301.0,-11929.0,7637.95,0.751749,2.43984,2.45108,0.0112392,60.0
1744879095326317.0,-11931.1,7640.0,0.758172,2.4648,2.56086,0.0960658,60.0
1744879095347002.0,-11931.1,7640.0,0.758172,2.4648,2.38212,-0.0826783,60.0
1744879095367529.0,-11931.1,7640.0,0.758172,2.4648,2.48393,0.0191294,60.0
1744879095388519.0,-11933.7,7642.06,0.765391,2.38212,2.27793,-0.104187,60.0
1744879095409489.0,-11933.7,7642.06,0.765391,2.38212,2.45862,0.0764985,60.0
1744879095430102.0,-11935.8,7644.11,0.771816,2.27793,2.38356,0.105628,60.0
1744879095451157.0,-11935.8,7644.11,0.771816,2.27793,2.42059,0.142658,60.0
1744879095472410.0,-11938.3,7645.48,0.778221,2.42059,2.41395,-0.00664306,60.0
1744879095492936.0,-11938.3,7645.48,0.778221,2.42059,2.28878,-0.131807,60.0
1744879095513545.0,-11938.3,7645.48,0.778221,2.42059,2.32004,-0.100543,60.0
1744879095534347.0,-11940.4,7647.53,0.78465,2.28878,2.38172,0.0929436,60.0
1744879095555137.0,-11940.4,7647.53,0.78465,2.28878,2.42998,0.141203,60.0
1744879095575647.0,-11942.6,7649.58,0.791079,2.38172,2.4336,0.0518705,60.0
1744879095596489.0,-11942.6,7649.58,0.791079,2.38172,2.48894,0.107214,60.0
1744879095617205.0,-11942.6,7649.58,0.791079,2.38172,2.45628,0.0745554,60.0
1744879095637745.0,-11945.1,7651.64,0.798306,2.48894,2.44855,-0.0403904,60.0
1744879095658481.0,-11945.1,7651.64,0.798306,2.48894,2.47812,-0.0108153,60.0
1744879095679229.0,-11947.2,7653.69,0.804739,2.44855,2.58168,0.133135,60.0
1744879095699673.0,-11947.2,7653.69,0.804739,2.44855,2.5041,0.0555505,60.0
1744879095720417.0,-11947.2,7653.69,0.804739,2.44855,2.52748,0.0789294,60.0
1744879095741332.0,-11949.8,7655.06,0.81115,2.5041,2.5149,0.0107958,60.0
1744879095762040.0,-11949.8,7655.06,0.81115,2.5041,2.54769,0.0435909,60.0
1744879095782934.0,-11951.9,7657.11,0.817586,2.5149,2.40165,-0.11325,60.0
1744879095803615.0,-11951.9,7657.11,0.817586,2.5149,2.35575,-0.159144,60.0
1744879095824536.0,-11951.9,7657.11,0.817586,2.5149,2.43089,-0.0840082,60.0
1744879095845623.0,-11954.4,7659.17,0.824818,2.35575,2.41015,0.0543959,60.0
1744879095866215.0,-11954.4,7659.17,0.824818,2.35575,2.46267,0.106918,60.0
1744879095886709.0,-11956.5,7661.22,0.831256,2.41015,2.35132,-0.0588242,60.0
1744879095907350.0,-11956.5,7661.22,0.831256,2.41015,2.32344,-0.0867024,60.0
1744879095928101.0,-11958.6,7663.27,0.837696,2.32344,2.47327,0.149822,60.0
1744879095948810.0,-11958.6,7663.27,0.837696,2.32344,2.32531,0.00186326,60.0
1744879095969515.0,-11958.6,7663.27,0.837696,2.32344,2.40716,0.083715,60.0
1744879095990164.0,-11961.2,7665.33,0.844933,2.32531,2.41707,0.0917634,60.0
1744879096010884.0,-11961.2,7665.33,0.844933,2.32531,2.39135,0.0660395,60.0
1744879096031829.0,-11963.3,7666.69,0.850556,2.41707,2.37573,-0.04134,60.0
1744879096052510.0,-11963.3,7666.69,0.850556,2.41707,2.43197,0.0149003,60.0
1744879096073006.0,-11963.3,7666.69,0.850556,2.41707,2.40888,-0.00819265,60.0
1744879096093690.0,-11965.8,7668.75,0.857797,2.43197,2.44408,0.0121128,60.0
1744879096114472.0,-11965.8,7668.75,0.857797,2.43197,2.48992,0.0579473,60.0
1744879096135182.0,-11968.0,7670.8,0.864242,2.44408,2.43223,-0.0118542,60.0
1744879096156201.0,-11968.0,7670.8,0.864242,2.44408,2.55219,0.10811,60.0
1744879096177054.0,-11968.0,7670.8,0.864242,2.44408,2.42094,-0.0231494,60.0
1744879096197384.0,-11970.1,7672.85,0.870688,2.55219,2.42532,-0.126872,60.0
1744879096218195.0,-11970.1,7672.85,0.870688,2.55219,2.54528,-0.0069174,60.0
1744879096238840.0,-11972.6,7674.91,0.877933,2.42532,2.43923,0.0139052,60.0
1744879096259579.0,-11972.6,7674.91,0.877933,2.42532,2.46565,0.0403241,60.0
1744879096280187.0,-11972.6,7674.91,0.877933,2.42532,2.28046,-0.144866,60.0
1744879096301412.0,-11974.7,7676.96,0.884382,2.46565,2.50916,0.0435101,60.0
1744879096321891.0,-11974.7,7676.96,0.884382,2.46565,2.37517,-0.0904814,60.0
1744879096342882.0,-11977.3,7679.01,0.891631,2.50916,2.49863,-0.0105244,60.0
1744879096363476.0,-11977.3,7679.01,0.891631,2.50916,2.47749,-0.0316675,60.0
1744879096384222.0,-11979.4,7680.38,0.897262,2.49863,2.43767,-0.0609628,60.0
1744879096405101.0,-11979.4,7680.38,0.897262,2.49863,2.65755,0.158915,60.0
1744879096425400.0,-11979.4,7680.38,0.897262,2.49863,2.43671,-0.061918,60.0
1744879096446381.0,-11981.5,7682.44,0.903715,2.65755,2.61957,-0.0379819,60.0
1744879096466761.0,-11981.5,7682.44,0.903715,2.65755,2.68061,0.0230628,60.0
1744879096487692.0,-11984.0,7684.49,0.910968,2.61957,2.55569,-0.0638762,60.0
1744879096508243.0,-11984.0,7684.49,0.910968,2.61957,2.47844,-0.141125,60.0
1744879096528722.0,-11984.0,7684.49,0.910968,2.61957,2.48612,-0.133448,60.0
1744879096549393.0,-11986.2,7686.54,0.917424,2.47844,2.42271,-0.0557285,60.0
1744879096570170.0,-11986.2,7686.54,0.917424,2.47844,2.41885,-0.0595863,60.0
1744879096590764.0,-11988.7,7687.91,0.923858,2.42271,2.39115,-0.0315655,60.0
1744879096611655.0,-11988.7,7687.91,0.923858,2.42271,2.53954,0.116828,60.0
1744879096632338.0,-11988.7,7687.91,0.923858,2.42271,2.29064,-0.132069,60.0
1744879096652704.0,-11990.8,7689.96,0.930317,2.53954,2.38846,-0.151077,60.0
1744879096673429.0,-11990.8,7689.96,0.930317,2.53954,2.70105,0.161508,60.0
1744879096694067.0,-11993.3,7692.02,0.937576,2.38846,2.49081,0.102343,60.0
1744879096714830.0,-11993.3,7692.02,0.937576,2.38846,2.38558,-0.00288154,60.0
1744879096735567.0,-11993.3,7692.02,0.937576,2.38846,2.39353,0.00506657,60.0
1744879096756258.0,-11995.5,7694.07,0.944038,2.38558,2.3214,-0.0641842,60.0
1744879096776955.0,-11995.5,7694.07,0.944038,2.38558,2.34283,-0.0427526,60.0
1744879096797788.0,-11998.0,7695.44,0.950477,2.3214,2.47342,0.152024,60.0
1744879096818545.0,-11998.0,7695.44,0.950477,2.3214,2.30536,-0.0160388,60.0
1744879096839500.0,-12000.1,7697.49,0.956941,2.47342,2.37796,-0.0954627,60.0
1744879096859897.0,-12000.1,7697.49,0.956941,2.47342,2.39795,-0.0754754,60.0
1744879096880511.0,-12000.1,7697.49,0.956941,2.47342,2.50627,0.0328471,60.0
1744879096901251.0,-12002.7,7699.55,0.964207,2.39795,2.47895,0.0810019,60.0
1744879096922223.0,-12002.7,7699.55,0.964207,2.39795,2.4589,0.0609532,60.0
1744879096942884.0,-12004.8,7701.6,0.970674,2.47895,2.6104,0.131454,60.0
1744879096963474.0,-12004.8,7701.6,0.970674,2.47895,2.31838,-0.160569,60.0
1744879096984086.0,-12004.8,7701.6,0.970674,2.47895,2.40324,-0.0757029,60.0
1744879097004790.0,-12007.3,7703.65,0.977942,2.31838,2.23146,-0.0869203,60.0
1744879097025508.0,-12007.3,7703.65,0.977942,2.31838,2.41778,0.0994002,60.0
1744879097046518.0,-12009.4,7705.71,0.984412,2.23146,2.31275,0.0812963,60.0
1744879097067186.0,-12009.4,7705.71,0.984412,2.23146,2.23087,-0.000591701,60.0
1744879097087901.0,-12009.4,7705.71,0.984412,2.23146,2.3358,0.104342,60.0
1744879097108582.0,-12011.5,7707.07,0.990059,2.23087,2.34881,0.117949,60.0
1744879097129157.0,-12011.5,7707.07,0.990059,2.23087,2.38173,0.150867,60.0
1744879097150027.0,-12014.1,7709.13,0.997332,2.34881,2.41288,0.064061,60.0
1744879097170429.0,-12014.1,7709.13,0.997332,2.34881,2.39022,0.0414014,60.0
1744879097191118.0,-12014.1,7709.13,0.997332,2.34881,2.23926,-0.109554,60.0
1744879097211846.0,-12016.2,7711.18,1.00381,2.39022,2.39497,0.00475682,60.0
1744879097232594.0,-12016.2,7711.18,1.00381,2.39022,2.46961,0.0793934,60.0
1744879097253270.0,-12018.3,7713.23,1.01028,2.39497,2.4291,0.0341276,60.0
1744879097274194.0,-12018.3,7713.23,1.01028,2.39497,2.394,-0.000970518,60.0
1744879097295068.0,-12020.9,7715.29,1.01756,2.4291,2.38174,-0.0473616,60.0
1744879097315784.0,-12020.9,7715.29,1.01756,2.4291,2.45057,0.0214722,60.0
1744879097336441.0,-12020.9,7715.29,1.01756,2.4291,2.53049,0.101392,60.0
1744879097357044.0,-12023.0,7717.34,1.02404,2.45057,2.35668,-0.0938942,60.0
1744879097377993.0,-12023.0,7717.34,1.02404,2.45057,2.58852,0.137946,60.0
1744879097398650.0,-12025.1,7719.39,1.03052,2.35668,2.39732,0.0406376,60.0
1744879097419791.0,-12025.1,7719.39,1.03052,2.35668,2.5099,0.153221,60.0
1744879097440506.0,-12025.1,7719.39,1.03052,2.35668,2.28388,-0.0728028,60.0
1744879097461618.0,-12027.6,7721.45,1.0378,2.5099,2.55707,0.0471694,60.0
1744879097482138.0,-12027.6,7721.45,1.0378,2.5099,2.40116,-0.108742,60.0
1744879097502787.0,-12029.7,7723.5,1.04428,2.55707,2.52356,-0.0335085,60.0
1744879097523572.0,-12029.7,7723.5,1.04428,2.55707,2.41902,-0.138045,60.0
1744879097544535.0,-12029.7,7723.5,1.04428,2.55707,2.4371,-0.119971,60.0
1744879097565345.0,-12031.9,7724.87,1.04994,2.41902,2.53499,0.11597,60.0
1744879097586160.0,-12031.9,7724.87,1.04994,2.41902,2.43482,0.0157952,60.0
1744879097607384.0,-12034.4,7726.92,1.05723,2.53499,2.44508,-0.0899115,60.0
1744879097628040.0,-12034.4,7726.92,1.05723,2.53499,2.46589,-0.0691054,60.0
1744879097648810.0,-12036.5,7728.97,1.06371,2.44508,2.46347,0.0183902,60.0
1744879097669539.0,-12036.5,7728.97,1.06371,2.44508,2.56811,0.123028,60.0
1744879097690143.0,-12036.5,7728.97,1.06371,2.44508,2.4867,0.0416211,60.0
1744879097711001.0,-12039.0,7731.03,1.071,2.56811,2.67685,0.108735,60.0
1744879097731729.0,-12039.0,7731.03,1.071,2.56811,2.56692,-0.00119491,60.0
1744879097752228.0,-12041.2,7733.08,1.07749,2.67685,2.61403,-0.0628195,60.0
1744879097773017.0,-12041.2,7733.08,1.07749,2.67685,2.59704,-0.0798073,60.0
1744879097794049.0,-12041.2,7733.08,1.07749,2.67685,2.51851,-0.158339,60.0
1744879097814951.0,-12043.7,7735.13,1.08478,2.59704,2.67144,0.0743979,60.0
1744879097835986.0,-12043.7,7735.13,1.08478,2.59704,2.50195,-0.0950868,60.0
1744879097856509.0,-12045.8,7736.5,1.09045,2.67144,2.51901,-0.152423,60.0
1744879097877130.0,-12045.8,7736.5,1.09045,2.67144,2.65402,-0.0174192,60.0
1744879097897949.0,-12045.8,7736.5,1.09045,2.67144,2.64622,-0.0252158,60.0
1744879097918429.0,-12048.4,7738.56,1.09775,2.65402,2.53657,-0.117443,60.0
1744879097939401.0,-12048.4,7738.56,1.09775,2.65402,2.50105,-0.152972,60.0
1744879097960026.0,-12050.5,7740.61,1.10424,2.53657,2.52124,-0.015334,60.0
1744879097980612.0,-12050.5,7740.61,1.10424,2.53657,2.4074,-0.129174,60.0
1744879098001370.0,-12050.5,7740.61,1.10424,2.53657,2.60518,0.0686008,60.0
1744879098022195.0,-12053.0,7741.98,1.11071,2.4074,2.49365,0.0862478,60.0
1744879098042760.0,-12053.0,7741.98,1.11071,2.4074,2.35777,-0.0496325,60.0
1744879098063458.0,-12055.1,7744.03,1.11721,2.49365,2.55128,0.0576287,60.0
1744879098084194.0,-12055.1,7744.03,1.11721,2.49365,2.4494,-0.0442534,60.0
1744879098104839.0,-12057.7,7746.09,1.12451,2.55128,2.49011,-0.0611711,60.0
1744879098125556.0,-12057.7,7746.09,1.12451,2.55128,2.47556,-0.0757139,60.0
1744879098146288.0,-12057.7,7746.09,1.12451,2.55128,2.58099,0.0297109,60.0
1744879098167363.0,-12059.8,7748.14,1.13101,2.47556,2.51507,0.0395035,60.0
1744879098188008.0,-12059.8,7748.14,1.13101,2.47556,2.36788,-0.107681,60.0
1744879098208675.0,-12062.3,7749.51,1.13749,2.51507,2.57387,0.0588018,60.0
1744879098229373.0,-12062.3,7749.51,1.13749,2.51507,2.40404,-0.111032,60.0
1744879098250057.0,-12062.3,7749.51,1.13749,2.51507,2.37315,-0.141917,60.0
1744879098270636.0,-12064.9,7751.56,1.1448,2.40404,2.36021,-0.0438206,60.0
1744879098291711.0,-12064.9,7751.56,1.1448,2.40404,2.46264,0.0586007,60.0
1744879098312660.0,-12067.0,7753.61,1.1513,2.36021,2.45411,0.0938917,60.0
1744879098332955.0,-12067.0,7753.61,1.1513,2.36021,2.42081,0.0605932,60.0
1744879098353586.0,-12067.0,7753.61,1.1513,2.36021,2.47166,0.111449,60.0
1744879098374255.0,-12069.5,7754.98,1.15778,2.42081,2.29545,-0.125353,60.0
1744879098395280.0,-12069.5,7754.98,1.15778,2.42081,2.50015,0.0793414,60.0
1744879098415612.0,-12071.6,7757.04,0.164291,2.29545,2.4588,0.163348,60.0
1744879098436251.0,-12071.6,7757.04,0.164291,2.29545,2.22336,-0.072094,60.0
1744879098457264.0,-12071.6,7757.04,0.164291,2.29545,2.3929,0.0974486,60.0
1744879098477663.0,-12074.2,7759.09,0.171604,2.22336,2.36946,0.146099,60.0
1744879098498622.0,-12074.2,7759.09,0.171604,2.22336,2.35493,0.13157,60.0
1744879098519143.0,-12076.3,7761.14,0.178114,2.36946,2.47183,0.102375,60.0
1744879098539750.0,-12076.3,7761.14,0.178114,2.36946,2.44887,0.0794099,60.0
1744879098560289.0,-12078.8,7763.2,0.18543,2.47183,2.32499,-0.146847,60.0
1744879098580953.0,-12078.8,7763.2,0.18543,2.47183,2.43107,-0.0407675,60.0
1744879098601566.0,-12078.8,7763.2,0.18543,2.47183,2.51085,0.0390194,60.0
1744879098622241.0,-12080.9,7764.57,0.191113,2.43107,2.42134,-0.00973222,60.0
1744879098642850.0,-12080.9,7764.57,0.191113,2.43107,2.33639,-0.0946737,60.0
1744879098663480.0,-12083.5,7766.62,0.198432,2.42134,2.45102,0.0296847,60.0
1744879098684200.0,-12083.5,7766.62,0.198432,2.42134,2.53425,0.112917,60.0
1744879098704909.0,-12083.5,7766.62,0.198432,2.42134,2.45001,0.0286765,60.0
1744879098725615.0,-12085.6,7768.67,0.204947,2.53425,2.46729,-0.0669647,60.0
1744879098746285.0,-12085.6,7768.67,0.204947,2.53425,2.45377,-0.0804788,60.0
1744879098767068.0,-12088.1,7770.73,0.212269,2.46729,2.54138,0.0740974,60.0
1744879098787675.0,-12088.1,7770.73,0.212269,2.46729,2.44908,-0.0182062,60.0
1744879098808521.0,-12088.1,7770.73,0.212269,2.46729,2.35233,-0.114958,60.0
1744879098829203.0,-12090.3,7772.78,0.218788,2.44908,2.57503,0.125945,60.0
1744879098850098.0,-12090.3,7772.78,0.218788,2.44908,2.5223,0.0732179,60.0
1744879098870675.0,-12092.4,7774.15,0.224477,2.57503,2.58206,0.00703735,60.0
1744879098891454.0,-12092.4,7774.15,0.224477,2.57503,2.50622,-0.0688081,60.0
1744879098912127.0,-12092.4,7774.15,0.224477,2.57503,2.42866,-0.146361,60.0
1744879098932764.0,-12094.9,7776.2,0.231803,2.50622,2.39269,-0.113525,60.0
1744879098953767.0,-12094.9,7776.2,0.231803,2.50622,2.56964,0.0634205,60.0
1744879098974160.0,-12097.0,7778.25,0.238326,2.39269,2.38405,-0.00864496,60.0
1744879098994891.0,-12097.0,7778.25,0.238326,2.39269,2.2396,-0.15309,60.0
1744879099015754.0,-12099.6,7780.31,0.245655,2.38405,2.46462,0.0805775,60.0
1744879099036211.0,-12099.6,7780.31,0.245655,2.38405,2.46156,0.0775155,60.0
1744879099057117.0,-12099.6,7780.31,0.245655,2.38405,2.34081,-0.0432375,60.0
1744879099087434.0,-12101.7,7781.68,0.251349,2.46156,2.56645,0.104883,60.0
1744879099108245.0,-12101.7,7781.68,0.251349,2.46156,2.41455,-0.047014,60.0
1744879099129238.0,-12104.2,7783.73,0.258682,2.56645,2.42406,-0.142385,60.0
1744879099149824.0,-12104.2,7783.73,0.258682,2.56645,2.59867,0.0322223,60.0
1744879099170572.0,-12106.3,7785.78,0.26521,2.42406,2.53811,0.114047,60.0
1744879099191206.0,-12106.3,7785.78,0.26521,2.42406,2.46062,0.0365601,60.0
1744879099211963.0,-12106.3,7785.78,0.26521,2.42406,2.54468,0.120621,60.0
1744879099233188.0,-12108.9,7787.84,0.272545,2.46062,2.40214,-0.0584855,60.0
1744879099253870.0,-12108.9,7787.84,0.272545,2.46062,2.47988,0.019261,60.0
1744879099277394.0,-12111.0,7789.21,0.278244,2.40214,2.44152,0.0393883,60.0
1744879099295572.0,-12111.0,7789.21,0.278244,2.40214,2.50954,0.107406,60.0
1744879099316103.0,-12111.0,7789.21,0.278244,2.40214,2.54633,0.144199,60.0
1744879099337154.0,-12113.5,7791.26,0.285583,2.50954,2.43186,-0.0776866,60.0
1744879099358054.0,-12113.5,7791.26,0.285583,2.50954,2.56647,0.0569287,60.0
1744879099379125.0,-12115.6,7793.31,0.292116,2.43186,2.33305,-0.0988067,60.0
1744879099400050.0,-12115.6,7793.31,0.292116,2.43186,2.55161,0.119753,60.0
1744879099420683.0,-12118.2,7795.37,0.299458,2.33305,2.30063,-0.0324142,60.0
1744879099441527.0,-12118.2,7795.37,0.299458,2.33305,2.42291,0.089861,60.0
1744879099462702.0,-12118.2,7795.37,0.299458,2.33305,2.48683,0.15378,60.0
1744879099483265.0,-12120.3,7797.42,0.305994,2.42291,2.4107,-0.0122104,60.0
1744879099504084.0,-12120.3,7797.42,0.305994,2.42291,2.46845,0.0455385,60.0
1744879099524922.0,-12122.8,7798.79,0.312506,2.4107,2.48803,0.0773344,60.0
1744879099545979.0,-12122.8,7798.79,0.312506,2.4107,2.37533,-0.0353651,60.0
1744879099566483.0,-12122.8,7798.79,0.312506,2.4107,2.40124,-0.00945944,60.0
1744879099587039.0,-12125.0,7800.84,0.319045,2.37533,2.47897,0.103639,60.0
1744879099608161.0,-12125.0,7800.84,0.319045,2.37533,2.30174,-0.0735919,60.0
1744879099628814.0,-12127.5,7802.89,0.326393,2.47897,2.34153,-0.137439,60.0
1744879099649330.0,-12127.5,7802.89,0.326393,2.47897,2.47436,-0.00460901,60.0
1744879099670065.0,-12127.5,7802.89,0.326393,2.47897,2.41926,-0.0597107,60.0
1744879099690887.0,-12129.6,7804.95,0.332935,2.47436,2.45743,-0.0169333,60.0
1744879099711757.0,-12129.6,7804.95,0.332935,2.47436,2.45159,-0.0227753,60.0
1744879099732683.0,-12131.7,7807.0,0.339478,2.45743,2.44954,-0.0078884,60.0
1744879099753098.0,-12131.7,7807.0,0.339478,2.45743,2.40984,-0.0475936,60.0
1744879099773957.0,-12131.7,7807.0,0.339478,2.45743,2.56076,0.10333,60.0
1744879099794570.0,-12134.3,7808.37,0.345997,2.40984,2.51259,0.102751,60.0
1744879099815658.0,-12134.3,7808.37,0.345997,2.40984,2.38504,-0.0248001,60.0
1744879099836416.0,-12136.4,7810.42,0.352543,2.51259,2.50153,-0.011056,60.0
1744879099856940.0,-12136.4,7810.42,0.352543,2.51259,2.62235,0.109766,60.0
1744879099877723.0,-12138.9,7812.48,0.359898,2.50153,2.43914,-0.0623942,60.0
1744879099898441.0,-12138.9,7812.48,0.359898,2.50153,2.49545,-0.00607848,60.0
1744879099919064.0,-12138.9,7812.48,0.359898,2.50153,2.43333,-0.0682005,60.0
1744879099939647.0,-12141.0,7814.53,0.366447,2.49545,2.595,0.0995446,60.0
1744879099960369.0,-12141.0,7814.53,0.366447,2.49545,2.48403,-0.0114282,60.0
1744879099980793.0,-12143.6,7816.58,0.373806,2.595,2.50197,-0.0930307,60.0
1744879100001728.0,-12143.6,7816.58,0.373806,2.595,2.75053,0.155532,60.0
1744879100022402.0,-12143.6,7816.58,0.373806,2.595,2.52399,-0.0710115,60.0
1744879100042866.0,-12145.7,7817.95,0.379522,2.75053,2.74928,-0.0012469,60.0
1744879100063482.0,-12145.7,7817.95,0.379522,2.75053,2.59044,-0.160087,60.0
1744879100083994.0,-12148.2,7820.01,0.386884,2.74928,2.60865,-0.140634,60.0
1744879100104632.0,-12148.2,7820.01,0.386884,2.74928,2.63316,-0.116128,60.0
1744879100125320.0,-12148.2,7820.01,0.386884,2.74928,2.65732,-0.0919601,60.0
1744879100145835.0,-12150.3,7822.06,0.393438,2.63316,2.70677,0.0736195,60.0
1744879100166328.0,-12150.3,7822.06,0.393438,2.63316,2.55892,-0.0742329,60.0
1744879100187079.0,-12152.9,7823.43,0.399967,2.70677,2.59785,-0.108928,60.0
1744879100207780.0,-12152.9,7823.43,0.399967,2.70677,2.59893,-0.10784,60.0
1744879100228387.0,-12152.9,7823.43,0.399967,2.70677,2.58792,-0.118853,60.0
1744879100249056.0,-12155.4,7825.48,0.407334,2.59893,2.53232,-0.0666177,60.0
1744879100269914.0,-12155.4,7825.48,0.407334,2.59893,2.58661,-0.0123283,60.0
1744879100290331.0,-12157.5,7827.53,0.413892,2.53232,2.46466,-0.0676539,60.0
1744879100311605.0,-12157.5,7827.53,0.413892,2.53232,2.39522,-0.137094,60.0
1744879100332177.0,-12160.1,7828.9,0.420425,2.46466,2.47781,0.0131496,60.0
1744879100352900.0,-12160.1,7828.9,0.420425,2.46466,2.33928,-0.125381,60.0
1744879100373453.0,-12160.1,7828.9,0.420425,2.46466,2.54474,0.0800728,60.0
1744879100394009.0,-12162.6,7830.96,0.427797,2.33928,2.45928,0.119995,60.0
1744879100414925.0,-12162.6,7830.96,0.427797,2.33928,2.41468,0.0754006,60.0
1744879100435510.0,-12164.7,7833.01,0.434359,2.45928,2.40385,-0.0554312,60.0
1744879100456232.0,-12164.7,7833.01,0.434359,2.45928,2.48759,0.0283098,60.0
1744879100476980.0,-12164.7,7833.01,0.434359,2.45928,2.58329,0.124014,60.0
1744879100497795.0,-12167.3,7834.38,0.440896,2.48759,2.60367,0.116085,60.0
1744879100518552.0,-12167.3,7834.38,0.440896,2.48759,2.53698,0.0493947,60.0
1744879100539272.0,-12169.8,7836.43,0.448272,2.60367,2.47917,-0.1245,60.0
1744879100560045.0,-12169.8,7836.43,0.448272,2.60367,2.6417,0.0380271,60.0
1744879100580737.0,-12169.8,7836.43,0.448272,2.60367,2.61953,0.0158565,60.0
1744879100601414.0,-12171.9,7838.49,0.454839,2.6417,2.48707,-0.154625,60.0
1744879100622062.0,-12171.9,7838.49,0.454839,2.6417,2.62503,-0.0166692,60.0
1744879100642800.0,-12174.5,7839.86,0.46138,2.48707,2.45871,-0.0283632,60.0
1744879100663450.0,-12174.5,7839.86,0.46138,2.48707,2.41934,-0.0677383,60.0
1744879100684303.0,-12174.5,7839.86,0.46138,2.48707,2.3383,-0.148774,60.0
1744879100705159.0,-12177.0,7841.91,0.468761,2.41934,2.35177,-0.0675605,60.0
1744879100725878.0,-12177.0,7841.91,0.468761,2.41934,2.45603,0.0366979,60.0
1744879100746495.0,-12179.1,7843.28,0.474493,2.35177,2.41056,0.0587853,60.0
1744879100767255.0,-12179.1,7843.28,0.474493,2.35177,2.48939,0.137617,60.0
1744879100787851.0,-12181.7,7845.33,0.481877,2.41056,2.25688,-0.153679,60.0
1744879100808865.0,-12181.7,7845.33,0.481877,2.41056,2.48067,0.070105,60.0
1744879100829604.0,-12181.7,7845.33,0.481877,2.41056,2.57008,0.159515,60.0
1744879100850396.0,-12184.2,7847.39,0.489262,2.48067,2.39593,-0.0847384,60.0
1744879100871101.0,-12184.2,7847.39,0.489262,2.48067,2.59142,0.110757,60.0
1744879100891791.0,-12186.3,7848.76,0.494998,2.39593,2.36062,-0.0353052,60.0
1744879100912642.0,-12186.3,7848.76,0.494998,2.39593,2.45411,0.0581832,60.0
1744879100933060.0,-12186.3,7848.76,0.494998,2.39593,2.35847,-0.0374588,60.0
1744879100954088.0,-12188.9,7850.81,0.502386,2.45411,2.40644,-0.0476751,60.0
1744879100974769.0,-12188.9,7850.81,0.502386,2.45411,2.53982,0.0857124,60.0
1744879100995502.0,-12191.0,7852.86,0.508964,2.40644,2.54122,0.134786,60.0
1744879101016133.0,-12191.0,7852.86,0.508964,2.40644,2.51191,0.105475,60.0
1744879101036862.0,-12191.0,7852.86,0.508964,2.40644,2.48444,0.0780004,60.0
1744879101057661.0,-12193.5,7854.92,0.516355,2.51191,2.48153,-0.0303836,60.0
1744879101078302.0,-12193.5,7854.92,0.516355,2.51191,2.45705,-0.0548586,60.0
1744879101099017.0,-12196.1,7856.28,0.522908,2.48153,2.53326,0.0517334,60.0
1744879101119848.0,-12196.1,7856.28,0.522908,2.48153,2.60136,0.119831,60.0
1744879101140266.0,-12196.1,7856.28,0.522908,2.48153,2.54055,0.0590217,60.0
1744879101161143.0,-12198.2,7858.34,0.52949,2.60136,2.47922,-0.122133,60.0
1744879101181986.0,-12198.2,7858.34,0.52949,2.60136,2.5865,-0.0148547,60.0
1744879101202570.0,-12200.7,7860.39,0.536886,2.47922,2.58003,0.100802,60.0
1744879101223466.0,-12200.7,7860.39,0.536886,2.47922,2.48739,0.00816995,60.0
1744879101244355.0,-12202.8,7861.76,0.54263,2.58003,2.46902,-0.11101,60.0
1744879101265062.0,-12202.8,7861.76,0.54263,2.58003,2.43311,-0.146914,60.0
1744879101285782.0,-12202.8,7861.76,0.54263,2.58003,2.5726,-0.00742289,60.0
1744879101306771.0,-12205.4,7863.81,0.550029,2.43311,2.43204,-0.00106913,60.0
1744879101327531.0,-12205.4,7863.81,0.550029,2.43311,2.36859,-0.0645174,60.0
1744879101348295.0,-12207.9,7865.87,0.55743,2.43204,2.56114,0.129099,60.0
1744879101368867.0,-12207.9,7865.87,0.55743,2.43204,2.4425,0.0104581,60.0
1744879101389672.0,-12207.9,7865.87,0.55743,2.43204,2.31815,-0.113891,60.0
1744879101410407.0,-12210.0,7867.24,0.563178,2.4425,2.51639,0.0738918,60.0
1744879101431101.0,-12210.0,7867.24,0.563178,2.4425,2.3588,-0.0836997,60.0
1744879101451735.0,-12212.6,7869.29,0.570581,2.51639,2.40142,-0.114978,60.0
1744879101472304.0,-12212.6,7869.29,0.570581,2.51639,2.63775,0.121353,60.0
1744879101492946.0,-12212.6,7869.29,0.570581,2.51639,2.3524,-0.163996,60.0
1744879101513782.0,-12214.7,7871.34,0.577173,2.63775,2.53314,-0.104606,60.0
1744879101534525.0,-12214.7,7871.34,0.577173,2.63775,2.49173,-0.14602,60.0
1744879101555161.0,-12217.2,7872.71,0.583738,2.53314,2.49639,-0.0367448,60.0
1744879101575722.0,-12217.2,7872.71,0.583738,2.53314,2.60741,0.0742709,60.0
1744879101596492.0,-12217.2,7872.71,0.583738,2.53314,2.40306,-0.130082,60.0
1744879101617415.0,-12219.7,7874.77,0.591146,2.60741,2.60008,-0.00732854,60.0
1744879101638287.0,-12219.7,7874.77,0.591146,2.60741,2.4833,-0.124111,60.0
1744879101659064.0,-12221.9,7876.82,0.597742,2.60008,2.55816,-0.0419243,60.0
1744879101679810.0,-12221.9,7876.82,0.597742,2.60008,2.56038,-0.0396984,60.0
1744879101700811.0,-12224.4,7878.19,0.604311,2.55816,2.44672,-0.111443,60.0
1744879101721434.0,-12224.4,7878.19,0.604311,2.55816,2.57983,0.0216733,60.0
1744879101742059.0,-12224.4,7878.19,0.604311,2.55816,2.40062,-0.157543,60.0
1744879101762706.0,-12226.9,7880.24,0.611724,2.57983,2.43221,-0.147618,60.0
1744879101783849.0,-12226.9,7880.24,0.611724,2.57983,2.42976,-0.150073,60.0
1744879101804848.0,-12229.5,7881.61,0.618296,2.43221,2.51964,0.0874295,60.0
1744879101825485.0,-12229.5,7881.61,0.618296,2.43221,2.45006,0.017847,60.0
1744879101846374.0,-12229.5,7881.61,0.618296,2.43221,2.42746,-0.0047487,60.0
1744879101867073.0,-12231.6,7883.66,0.624897,2.45006,2.37573,-0.0743282,60.0
1744879101887570.0,-12231.6,7883.66,0.624897,2.45006,2.46048,0.0104197,60.0
1744879101908226.0,-12234.1,7885.72,0.632315,2.37573,2.27034,-0.10539,60.0
1744879101929104.0,-12234.1,7885.72,0.632315,2.37573,2.48845,0.112713,60.0
1744879101949842.0,-12234.1,7885.72,0.632315,2.37573,2.39132,0.0155886,60.0
1744879101970631.0,-12236.7,7887.09,0.638891,2.48845,2.45828,-0.0301674,60.0
1744879101991163.0,-12236.7,7887.09,0.638891,2.48845,2.42183,-0.0666142,60.0
1744879102011852.0,-12238.8,7889.14,0.645496,2.45828,2.47462,0.0163439,60.0
1744879102032809.0,-12238.8,7889.14,0.645496,2.45828,2.52919,0.0709131,60.0
1744879102053430.0,-12241.3,7891.19,0.652918,2.47462,2.46857,-0.00604879,60.0
1744879102074206.0,-12241.3,7891.19,0.652918,2.47462,2.45489,-0.0197312,60.0
1744879102094969.0,-12241.3,7891.19,0.652918,2.47462,2.46225,-0.0123683,60.0
1744879102115386.0,-12243.9,7892.56,0.659498,2.45489,2.59732,0.142429,60.0
1744879102136132.0,-12243.9,7892.56,0.659498,2.45489,2.3674,-0.0874928,60.0
1744879102156808.0,-12246.0,7894.62,0.666108,2.59732,2.53433,-0.0629845,60.0
1744879102177700.0,-12246.0,7894.62,0.666108,2.59732,2.55092,-0.0464015,60.0
1744879102198538.0,-12246.0,7894.62,0.666108,2.59732,2.59564,-0.00167777,60.0
1744879102218981.0,-12248.5,7895.99,0.67269,2.55092,2.62809,0.0771763,60.0
1744879102239840.0,-12248.5,7895.99,0.67269,2.55092,2.45371,-0.097204,60.0
1744879102260500.0,-12251.1,7898.04,0.680119,2.62809,2.47683,-0.151266,60.0
1744879102281036.0,-12251.1,7898.04,0.680119,2.62809,2.52864,-0.0994589,60.0
1744879102301882.0,-12251.1,7898.04,0.680119,2.62809,2.57659,-0.0515043,60.0
1744879102322884.0,-12253.2,7900.09,0.686732,2.52864,2.56306,0.0344202,60.0
1744879102343633.0,-12253.2,7900.09,0.686732,2.52864,2.41451,-0.114129,60.0
1744879102364292.0,-12255.7,7901.46,0.693319,2.56306,2.47326,-0.0897985,60.0
1744879102384893.0,-12255.7,7901.46,0.693319,2.56306,2.50243,-0.0606225,60.0
1744879102405543.0,-12255.7,7901.46,0.693319,2.56306,2.49417,-0.0688874,60.0
1744879102426644.0,-12258.3,7903.52,0.700752,2.50243,2.58413,0.0816998,60.0
1744879102447062.0,-12258.3,7903.52,0.700752,2.50243,2.56872,0.0662823,60.0
1744879102467829.0,-12260.4,7904.89,0.706525,2.58413,2.42192,-0.162217,60.0
1744879102488611.0,-12260.4,7904.89,0.706525,2.58413,2.61077,0.0266362,60.0
1744879102509554.0,-12262.9,7906.94,0.71396,2.42192,2.31209,-0.109826,60.0
1744879102530217.0,-12262.9,7906.94,0.71396,2.42192,2.46526,0.0433434,60.0
1744879102550854.0,-12262.9,7906.94,0.71396,2.42192,2.54812,0.126206,60.0
1744879102571733.0,-12265.5,7908.99,0.721398,2.46526,2.33868,-0.12658,60.0
1744879102592377.0,-12265.5,7908.99,0.721398,2.46526,2.55263,0.0873725,60.0
1744879102613112.0,-12268.0,7910.36,0.727991,2.33868,2.33728,-0.00139887,60.0
1744879102633656.0,-12268.0,7910.36,0.727991,2.33868,2.40741,0.0687279,60.0
1744879102654228.0,-12268.0,7910.36,0.727991,2.33868,2.46578,0.127104,60.0
1744879102674909.0,-12270.1,7912.42,0.734614,2.40741,2.41012,0.00271638,60.0
1744879102695603.0,-12270.1,7912.42,0.734614,2.40741,2.36447,-0.0429387,60.0
1744879102716199.0,-12272.6,7914.47,0.742056,2.41012,2.46787,0.0577487,60.0
1744879102737030.0,-12272.6,7914.47,0.742056,2.41012,2.3963,-0.0138201,60.0
1744879102758084.0,-12272.6,7914.47,0.742056,2.41012,2.47654,0.0664172,60.0
1744879102778690.0,-12275.2,7915.84,0.748654,2.3963,2.39913,0.0028293,60.0
1744879102799320.0,-12275.2,7915.84,0.748654,2.3963,2.47517,0.0788625,60.0
1744879102820249.0,-12277.3,7917.89,0.755281,2.39913,2.37544,-0.0236924,60.0
1744879102841061.0,-12277.3,7917.89,0.755281,2.39913,2.28235,-0.116781,60.0
1744879102861770.0,-12279.8,7919.94,0.762728,2.37544,2.45571,0.0802654,60.0
1744879102882614.0,-12279.8,7919.94,0.762728,2.37544,2.41939,0.0439475,60.0
1744879102903569.0,-12279.8,7919.94,0.762728,2.37544,2.49199,0.11655,60.0
1744879102923996.0,-12282.0,7921.31,0.768512,2.41939,2.52824,0.108851,60.0
1744879102944793.0,-12282.0,7921.31,0.768512,2.41939,2.57411,0.154726,60.0
1744879102965559.0,-12284.5,7923.37,0.775961,2.52824,2.42653,-0.101711,60.0
1744879102986445.0,-12284.5,7923.37,0.775961,2.52824,2.44026,-0.087976,60.0
1744879103007136.0,-12284.5,7923.37,0.775961,2.52824,2.46987,-0.0583681,60.0
1744879103027881.0,-12286.6,7925.42,0.782594,2.44026,2.56705,0.126786,60.0
1744879103048612.0,-12286.6,7925.42,0.782594,2.44026,2.34286,-0.0974031,60.0
1744879103069448.0,-12289.2,7926.79,0.7892,2.56705,2.50898,-0.0580689,60.0
1744879103089999.0,-12289.2,7926.79,0.7892,2.56705,2.43599,-0.13106,60.0
1744879103110554.0,-12289.2,7926.79,0.7892,2.56705,2.42461,-0.142439,60.0
1744879103131237.0,-12291.7,7928.84,0.796654,2.43599,2.43782,0.00183418,60.0
1744879103152122.0,-12291.7,7928.84,0.796654,2.43599,2.49802,0.0620293,60.0
1744879103172720.0,-12293.8,7930.9,0.803291,2.43782,2.56596,0.128133,60.0
1744879103193415.0,-12293.8,7930.9,0.803291,2.43782,2.4493,0.011478,60.0
1744879103214121.0,-12293.8,7930.9,0.803291,2.43782,2.5885,0.150682,60.0
1744879103234796.0,-12296.3,7932.95,0.810748,2.4493,2.5834,0.1341,60.0
1744879103255494.0,-12296.3,7932.95,0.810748,2.4493,2.40217,-0.0471274,60.0
1744879103276172.0,-12298.5,7934.32,0.81654,2.5834,2.46465,-0.118748,60.0
1744879103296831.0,-12298.5,7934.32,0.81654,2.5834,2.57711,-0.00628682,60.0
1744879103317629.0,-12301.0,7936.37,0.824001,2.46465,2.58297,0.118317,60.0
1744879103338591.0,-12301.0,7936.37,0.824001,2.46465,2.49915,0.0344984,60.0
1744879103358999.0,-12301.0,7936.37,0.824001,2.46465,2.54182,0.0771634,60.0
1744879103380001.0,-12303.1,7938.43,0.830643,2.49915,2.4149,-0.0842489,60.0
1744879103400613.0,-12303.1,7938.43,0.830643,2.49915,2.43648,-0.0626756,60.0
1744879103421247.0,-12305.7,7939.8,0.837258,2.4149,2.44795,0.0330438,60.0
1744879103441830.0,-12305.7,7939.8,0.837258,2.4149,2.5251,0.110201,60.0
1744879103462542.0,-12305.7,7939.8,0.837258,2.4149,2.47451,0.0596021,60.0
1744879103483186.0,-12308.2,7941.85,0.844723,2.5251,2.48533,-0.0397741,60.0
1744879103504071.0,-12308.2,7941.85,0.844723,2.5251,2.41538,-0.109726,60.0
1744879103524810.0,-12310.3,7943.9,0.85137,2.48533,2.56273,0.077398,60.0
1744879103545627.0,-12310.3,7943.9,0.85137,2.48533,2.43643,-0.0489005,60.0
1744879103566366.0,-12310.3,7943.9,0.85137,2.48533,2.42933,-0.0560051,60.0
1744879103587185.0,-12312.9,7945.27,0.857989,2.43643,2.54211,0.105684,60.0
1744879103608262.0,-12312.9,7945.27,0.857989,2.43643,2.47543,0.0389998,60.0
1744879103628806.0,-12315.0,7947.32,0.864638,2.54211,2.51037,-0.0317413,60.0
1744879103649582.0,-12315.0,7947.32,0.864638,2.54211,2.54801,0.00589767,60.0
1744879103670175.0,-12315.0,7947.32,0.864638,2.54211,2.44717,-0.094949,60.0
1744879103691069.0,-12317.5,7949.38,0.872109,2.54801,2.43627,-0.111738,60.0
1744879103711686.0,-12317.5,7949.38,0.872109,2.54801,2.43296,-0.115051,60.0
1744879103732417.0,-12320.0,7951.43,0.879582,2.43627,2.54078,0.104504,60.0
1744879103752973.0,-12320.0,7951.43,0.879582,2.43627,2.44633,0.0100538,60.0
1744879103773808.0,-12322.2,7952.8,0.885386,2.54078,2.5278,-0.0129799,60.0
1744879103794516.0,-12322.2,7952.8,0.885386,2.54078,2.3798,-0.16098,60.0
1744879103815662.0,-12322.2,7952.8,0.885386,2.54078,2.69839,0.157609,60.0
